ENLEM,BOYLAM,PVOUT_kWh_kWp_yil,GHI_kWh_m2_yil,DNI_kWh_m2_yil,GTI_opta_kWh_m2_yil,Optimal_Egim_derece,Ortalama_Sicaklik_C,Rakim_m
38.4479,27.0621,1614.24853515625,1769.0859375,1849.421875,2006.171875,30,17.875,-6
38.4479,27.06497,1614.24853515625,1768.7265625,1848.9375,2005.65625,30,17.875,-7
38.4479,27.067839,1612.7325439453125,1768.1484375,1847.9140625,2004.8125,30,17.8125,-8
38.4479,27.070709,1612.7325439453125,1767.84375,1847.40625,2004.3203125,30,17.8125,-10
38.4479,27.073579,1612.7325439453125,1767.6015625,1846.953125,2003.8125,30,17.8125,-10
38.4479,27.076449,1611.2469482421875,1767.2109375,1846.4375,2003.4140625,30,17.8125,-11
38.4479,27.079318,1611.2469482421875,1766.96875,1845.921875,2002.9609375,30,17.8125,-11
38.4479,27.082188,1611.2469482421875,1766.6328125,1845.4140625,2002.4453125,30,17.8125,-11
38.4479,27.085058,1610.09619140625,1766.1171875,1844.8125,2001.6640625,30,17.8125,-11
38.4479,27.087928,1610.09619140625,1765.96875,1844.6015625,2001.453125,30,17.8125,-10
38.4479,27.090797,1610.09619140625,1765.7265625,1844.453125,2001.1484375,30,17.8125,-8
38.4479,27.093667,1609.0980224609375,1765.578125,1844.2421875,2000.90625,30,17.8125,-7
38.4479,27.096537,1609.0980224609375,1765.3671875,1844.0625,2000.578125,30,17.8125,-6
38.4479,27.099407,1609.0980224609375,1765.21875,1843.7890625,2000.2734375,30,17.8125,-5
38.4479,27.102276,1608.1871337890625,1764.96875,1843.671875,2000,30,17.75,-4
38.4479,27.105146,1608.1871337890625,1764.609375,1843.3125,1999.3671875,30,17.75,-4
38.4479,27.108016,1608.1871337890625,1764.3984375,1843.109375,1999.125,30,17.75,-3
38.4479,27.110886,1607.2188720703125,1764.3125,1842.8046875,1998.859375,30,17.75,-3
38.4479,27.113755,1607.2188720703125,1764.0703125,1842.6015625,1998.5859375,30,17.75,-4
38.4479,27.116625,1607.2188720703125,1763.921875,1842.6328125,1998.28125,30,17.75,-5
38.4479,27.119495,1606.7642822265625,1763.828125,1842.90625,1998.2578125,30,17.75,-6
38.4479,27.122365,1606.7642822265625,1763.7421875,1843.1875,1998.1953125,30,17.75,-8
38.4479,27.125234,1606.8262939453125,1763.6796875,1843.9140625,1998.2578125,30,17.75,-9
38.4479,27.128104,1606.8262939453125,1763.59375,1844.2265625,1998.203125,30,17.75,-11
38.4479,27.130974,1606.8262939453125,1763.53125,1844.5625,1998.171875,30,17.75,-11
38.4479,27.133844,1606.830078125,1763.5,1844.8984375,1998.171875,30,17.6875,-10
38.4479,27.136713,1606.830078125,1763.4140625,1845.265625,1998.171875,30,17.6875,-10
38.4479,27.139583,1606.830078125,1763.3828125,1845.6328125,1998.1796875,30,17.6875,-9
38.4479,27.142453,1603.900146484375,1763.328125,1845.9375,1998.1171875,30,17.6875,-7
38.4479,27.145322,1603.900146484375,1763.265625,1846.609375,1998.2421875,30,17.6875,-5
38.4479,27.148192,1603.900146484375,1763.0859375,1846.7578125,1998.28125,30,17.6875,6
38.4479,27.151062,1601.8203125,1763.2734375,1847.828125,1998.546875,30,17.6875,-3
38.4479,27.153932,1601.8203125,1763.6328125,1849.296875,1999.09375,30,17.6875,-1
38.4479,27.156801,1601.8203125,1764.125,1850.6953125,1999.6640625,30,17.6875,-2
38.4479,27.159671,1609.1744384765625,1764.4609375,1852.21875,2002.828125,30,17.625,-2
38.4479,27.162541,1609.1744384765625,1765.25,1855.1171875,2003.96875,30,17.625,-2
38.4479,27.165411,1609.1744384765625,1765.5859375,1856.578125,2004.578125,30,17.625,-1
38.4479,27.16828,1608.0970458984375,1766.015625,1857.984375,2008.328125,32,17.625,-1
38.4479,27.17115,1608.0970458984375,1766.171875,1858.421875,2007.234375,32,17.625,-1
38.4479,27.17402,1608.0970458984375,1765.9921875,1856.8828125,2005.2265625,32,17.625,8
38.4479,27.17689,1607.5286865234375,1766.4765625,1857.4765625,2011,32,17.5625,5
38.4479,27.179759,1607.5286865234375,1766.875,1857.390625,2011.640625,32,17.5625,2
38.4479,27.182629,1607.5286865234375,1767.6640625,1861.6875,2014.859375,32,17.5625,4
38.4479,27.185499,1608.943359375,1767.9453125,1862.875,2015.4375,32,17.5625,7
38.450146,27.0621,1618.130615234375,1769.96875,1852.046875,2007.59375,30,17.8125,-5
38.450146,27.06497,1618.130615234375,1769.7265625,1851.5625,2007.109375,30,17.8125,-8
38.450146,27.067839,1616.673095703125,1769.15625,1850.5625,2006.234375,30,17.75,-11
38.450146,27.070709,1616.673095703125,1768.7890625,1850.140625,2005.71875,30,17.75,-14
38.450146,27.073579,1616.673095703125,1768.578125,1849.6015625,2005.265625,30,17.75,-16
38.450146,27.076449,1615.3104248046875,1768.2109375,1849.1796875,2004.84375,30,17.75,-18
38.450146,27.079318,1615.3104248046875,1767.9453125,1848.6640625,2004.296875,30,17.75,-20
38.450146,27.082188,1615.3104248046875,1767.671875,1848.2109375,2003.84375,30,17.75,-17
38.450146,27.085058,1613.8555908203125,1767.125,1847.5234375,2003.1484375,30,17.75,-14
38.450146,27.087928,1613.8555908203125,1766.9140625,1847.28125,2002.7265625,30,17.75,-11
38.450146,27.090797,1613.8555908203125,1766.671875,1847.0078125,2002.421875,30,17.75,-8
38.450146,27.093667,1610.5064697265625,1766.4296875,1846.828125,2005.8671875,30,17.75,-5
38.450146,27.096537,1610.5064697265625,1766.21875,1846.6171875,2005.5078125,30,17.75,-2
38.450146,27.099407,1610.5064697265625,1765.9765625,1846.0859375,2005.1484375,30,17.75,-1
38.450146,27.102276,1608.4425048828125,1765.828125,1846.140625,2006.9453125,30,17.75,-1
38.450146,27.105146,1608.4425048828125,1765.1015625,1844.6640625,2004.3984375,30,17.75,-1
38.450146,27.108016,1608.4425048828125,1764.6171875,1842.53125,2003.4375,30,17.75,0
38.450146,27.110886,1606.654541015625,1764.53125,1843.4140625,2003.1953125,30,17.6875,3
38.450146,27.113755,1606.654541015625,1764.5859375,1843.9140625,2003.7734375,30,17.6875,-1
38.450146,27.116625,1606.654541015625,1764.40625,1844.34375,2004.7109375,30,17.6875,-1
38.450146,27.119495,1606.1156005859375,1764.4375,1845.0078125,2000.1171875,30,17.6875,-2
38.450146,27.122365,1606.1156005859375,1764.2890625,1845.2578125,2000.0859375,30,17.6875,-4
38.450146,27.125234,1608.2864990234375,1764.078125,1845.65625,1998.8984375,30,17.6875,-6
38.450146,27.128104,1608.2864990234375,1763.9921875,1845.8671875,1998.8125,30,17.6875,-9
38.450146,27.130974,1608.2864990234375,1763.8359375,1846.1171875,1998.75,30,17.6875,-10
38.450146,27.133844,1607.5606689453125,1763.71875,1846.328125,1998.6953125,30,17.6875,-10
38.450146,27.136713,1607.5606689453125,1763.6953125,1846.6015625,1998.5390625,30,17.6875,-10
38.450146,27.139583,1607.5606689453125,1763.5703125,1846.7578125,1998.484375,30,17.6875,-10
38.450146,27.142453,1606.987548828125,1763.5390625,1847.0390625,1998.3671875,30,17.625,-8
38.450146,27.145322,1606.987548828125,1763.2734375,1847.5234375,1998.21875,30,17.625,-7
38.450146,27.148192,1606.987548828125,1763.1484375,1847.7109375,1998.21875,30,17.625,-6
38.450146,27.151062,1606.9832763671875,1763.3046875,1848.5390625,1998.3359375,30,17.625,-6
38.450146,27.153932,1606.9832763671875,1763.546875,1849.7265625,1998.8203125,30,17.625,-5
38.450146,27.156801,1606.9832763671875,1763.8828125,1851.09375,1999.265625,30,17.625,-4
38.450146,27.159671,1608.12890625,1764.15625,1852.40625,2000.3359375,30,17.625,-4
38.450146,27.162541,1608.12890625,1764.796875,1855.03125,2001.2109375,30,17.625,-4
38.450146,27.165411,1608.12890625,1765.140625,1856.25,2001.78125,30,17.625,-2
38.450146,27.16828,1606.1265869140625,1765.4453125,1857.59375,2010.03125,32,17.625,-1
38.450146,27.17115,1606.1265869140625,1765.109375,1854.8515625,2007.0234375,32,17.625,4
38.450146,27.17402,1606.1265869140625,1765.328125,1855.3046875,2007.203125,32,17.625,9
38.450146,27.17689,1605.879150390625,1765.78125,1856.9453125,2010.3828125,32,17.5625,6
38.450146,27.179759,1605.879150390625,1766.1171875,1858.1953125,2011.5,32,17.5625,3
38.450146,27.182629,1605.879150390625,1766.8203125,1861.2265625,2014.1796875,32,17.5625,6
38.450146,27.185499,1607.3951416015625,1767,1861.484375,2014.3203125,32,17.5,12
38.452392,27.0621,1618.130615234375,1769.96875,1852.046875,2007.59375,30,17.8125,-5
38.452392,27.06497,1618.130615234375,1769.7265625,1851.5625,2007.109375,30,17.8125,-9
38.452392,27.067839,1616.673095703125,1769.15625,1850.5625,2006.234375,30,17.75,-13
38.452392,27.070709,1616.673095703125,1768.7890625,1850.140625,2005.71875,30,17.75,-18
38.452392,27.073579,1616.673095703125,1768.578125,1849.6015625,2005.265625,30,17.75,-21
38.452392,27.076449,1615.3104248046875,1768.2109375,1849.1796875,2004.84375,30,17.75,-25
38.452392,27.079318,1615.3104248046875,1767.9453125,1848.6640625,2004.296875,30,17.75,-28
38.452392,27.082188,1615.3104248046875,1767.671875,1848.2109375,2003.84375,30,17.75,-22
38.452392,27.085058,1613.8555908203125,1767.125,1847.5234375,2003.1484375,30,17.75,-18
38.452392,27.087928,1613.8555908203125,1766.9140625,1847.28125,2002.7265625,30,17.75,-12
38.452392,27.090797,1613.8555908203125,1766.671875,1847.0078125,2002.421875,30,17.75,-8
38.452392,27.093667,1610.5064697265625,1766.4296875,1846.828125,2005.8671875,30,17.75,-4
38.452392,27.096537,1610.5064697265625,1766.21875,1846.6171875,2005.5078125,30,17.75,-1
38.452392,27.099407,1610.5064697265625,1765.9765625,1846.0859375,2005.1484375,30,17.75,2
38.452392,27.102276,1608.4425048828125,1765.828125,1846.140625,2006.9453125,30,17.75,9
38.452392,27.105146,1608.4425048828125,1765.1015625,1844.6640625,2004.3984375,30,17.75,8
38.452392,27.108016,1608.4425048828125,1764.6171875,1842.53125,2003.4375,30,17.75,8
38.452392,27.110886,1606.654541015625,1764.53125,1843.4140625,2003.1953125,30,17.6875,1
38.452392,27.113755,1606.654541015625,1764.5859375,1843.9140625,2003.7734375,30,17.6875,8
38.452392,27.116625,1606.654541015625,1764.40625,1844.34375,2004.7109375,30,17.6875,5
38.452392,27.119495,1606.1156005859375,1764.4375,1845.0078125,2000.1171875,30,17.6875,-1
38.452392,27.122365,1606.1156005859375,1764.2890625,1845.2578125,2000.0859375,30,17.6875,-1
38.452392,27.125234,1608.2864990234375,1764.078125,1845.65625,1998.8984375,30,17.6875,-4
38.452392,27.128104,1608.2864990234375,1763.9921875,1845.8671875,1998.8125,30,17.6875,-8
38.452392,27.130974,1608.2864990234375,1763.8359375,1846.1171875,1998.75,30,17.6875,-9
38.452392,27.133844,1607.5606689453125,1763.71875,1846.328125,1998.6953125,30,17.6875,-10
38.452392,27.136713,1607.5606689453125,1763.6953125,1846.6015625,1998.5390625,30,17.6875,-11
38.452392,27.139583,1607.5606689453125,1763.5703125,1846.7578125,1998.484375,30,17.6875,-11
38.452392,27.142453,1606.987548828125,1763.5390625,1847.0390625,1998.3671875,30,17.625,-10
38.452392,27.145322,1606.987548828125,1763.2734375,1847.5234375,1998.21875,30,17.625,-10
38.452392,27.148192,1606.987548828125,1763.1484375,1847.7109375,1998.21875,30,17.625,-9
38.452392,27.151062,1606.9832763671875,1763.3046875,1848.5390625,1998.3359375,30,17.625,-8
38.452392,27.153932,1606.9832763671875,1763.546875,1849.7265625,1998.8203125,30,17.625,-8
38.452392,27.156801,1606.9832763671875,1763.8828125,1851.09375,1999.265625,30,17.625,-7
38.452392,27.159671,1608.12890625,1764.15625,1852.40625,2000.3359375,30,17.625,-6
38.452392,27.162541,1608.12890625,1764.796875,1855.03125,2001.2109375,30,17.625,-6
38.452392,27.165411,1608.12890625,1765.140625,1856.25,2001.78125,30,17.625,-4
38.452392,27.16828,1606.1265869140625,1765.4453125,1857.59375,2010.03125,32,17.625,-1
38.452392,27.17115,1606.1265869140625,1765.109375,1854.8515625,2007.0234375,32,17.625,3
38.452392,27.17402,1606.1265869140625,1765.328125,1855.3046875,2007.203125,32,17.625,0
38.452392,27.17689,1605.879150390625,1765.78125,1856.9453125,2010.3828125,32,17.5625,1
38.452392,27.179759,1605.879150390625,1766.1171875,1858.1953125,2011.5,32,17.5625,4
38.452392,27.182629,1605.879150390625,1766.8203125,1861.2265625,2014.1796875,32,17.5625,3
38.452392,27.185499,1607.3951416015625,1767,1861.484375,2014.3203125,32,17.5,2
38.454637,27.0621,1618.130615234375,1771.5859375,1856.703125,2009.6875,30,17.8125,-4
38.454637,27.06497,1618.130615234375,1771.3125,1856.1953125,2009.265625,30,17.8125,-8
38.454637,27.067839,1616.673095703125,1770.734375,1855.40625,2008.3828125,30,17.75,-13
38.454637,27.070709,1616.673095703125,1770.4296875,1854.984375,2007.9296875,30,17.75,-19
38.454637,27.073579,1616.673095703125,1770.1328125,1854.625,2007.6015625,30,17.75,-23
38.454637,27.076449,1615.3104248046875,1769.890625,1854.265625,2007.0546875,30,17.75,-28
38.454637,27.079318,1615.3104248046875,1769.5234375,1853.71875,2006.6953125,30,17.75,-32
38.454637,27.082188,1615.3104248046875,1769.28125,1853.390625,2006.203125,30,17.75,-25
38.454637,27.085058,1613.8555908203125,1768.7109375,1852.703125,2005.453125,30,17.75,-19
38.454637,27.087928,1613.8555908203125,1768.46875,1852.4296875,2005.0625,30,17.75,-11
38.454637,27.090797,1613.8555908203125,1768.2578125,1852.09375,2004.6640625,30,17.75,-7
38.454637,27.093667,1610.5064697265625,1767.921875,1851.4375,2007.5078125,30,17.75,3
38.454637,27.096537,1610.5064697265625,1767.6484375,1851.046875,2006.4765625,30,17.75,5
38.454637,27.099407,1610.5064697265625,1766.984375,1849.828125,2004.421875,30,17.75,6
38.454637,27.102276,1608.4425048828125,1766.8046875,1849.53125,2006.6171875,30,17.75,8
38.454637,27.105146,1608.4425048828125,1766.2890625,1848.9296875,2005.859375,30,17.75,7
38.454637,27.108016,1608.4425048828125,1766.015625,1848.3515625,2005.40625,30,17.75,5
38.454637,27.110886,1606.654541015625,1765.8046875,1847.6484375,2005.078125,30,17.6875,9
38.454637,27.113755,1606.654541015625,1765.625,1847.8046875,2004.8984375,30,17.6875,10
38.454637,27.116625,1606.654541015625,1765.328125,1847.171875,2004.3828125,30,17.6875,4
38.454637,27.119495,1606.1156005859375,1765.265625,1847.8515625,1999.7734375,30,17.6875,10
38.454637,27.122365,1606.1156005859375,1765.5078125,1849.5234375,2001.7890625,30,17.6875,-1
38.454637,27.125234,1608.2864990234375,1765.2109375,1849.890625,2000.5078125,30,17.6875,-2
38.454637,27.128104,1608.2864990234375,1765.0234375,1850.015625,2000.359375,30,17.6875,-6
38.454637,27.130974,1608.2864990234375,1764.875,1850.296875,2000.2109375,30,17.6875,-8
38.454637,27.133844,1607.5606689453125,1764.7578125,1850.453125,2000.0234375,30,17.6875,-9
38.454637,27.136713,1607.5606689453125,1764.6015625,1850.6015625,2000.03125,30,17.6875,-10
38.454637,27.139583,1607.5606689453125,1764.546875,1850.7265625,1999.8203125,30,17.6875,-10
38.454637,27.142453,1606.987548828125,1764.3984375,1851.03125,1999.6953125,30,17.625,-10
38.454637,27.145322,1606.987548828125,1764.0703125,1851.375,1999.4609375,30,17.625,-10
38.454637,27.148192,1606.987548828125,1763.9140625,1851.53125,1999.3125,30,17.625,-9
38.454637,27.151062,1606.9832763671875,1764.0078125,1852.234375,1999.4609375,30,17.625,-9
38.454637,27.153932,1606.9832763671875,1764.1953125,1853.296875,1999.734375,30,17.625,-9
38.454637,27.156801,1606.9832763671875,1764.4375,1854.4296875,2000.125,30,17.625,-8
38.454637,27.159671,1608.12890625,1764.6484375,1855.6484375,2001.125,30,17.625,-7
38.454637,27.162541,1608.12890625,1765.234375,1857.9375,2001.8515625,30,17.625,-6
38.454637,27.165411,1608.12890625,1765.4453125,1858.9375,2002.1796875,30,17.625,-3
38.454637,27.16828,1606.1265869140625,1765.65625,1859.6171875,2009.8203125,32,17.625,-3
38.454637,27.17115,1606.1265869140625,1765.265625,1856.5390625,2007.1875,32,17.625,5
38.454637,27.17402,1606.1265869140625,1765.421875,1857.640625,2007.6953125,32,17.625,7
38.454637,27.17689,1605.879150390625,1765.8828125,1858.8671875,2011.390625,32,17.5625,6
38.454637,27.179759,1605.879150390625,1766.0625,1860.4375,2011.71875,32,17.5625,12
38.454637,27.182629,1605.879150390625,1766.6484375,1861.8984375,2014.15625,32,17.5625,6
38.454637,27.185499,1607.3951416015625,1766.734375,1862.484375,2014.515625,32,17.5,10
38.456883,27.0621,1618.130615234375,1773.140625,1861.25,2011.84375,30,17.8125,-3
38.456883,27.06497,1618.130615234375,1772.8671875,1860.9765625,2011.421875,30,17.8125,-6
38.456883,27.067839,1616.673095703125,1772.3203125,1860.2890625,2010.6328125,30,17.75,-10
38.456883,27.070709,1616.673095703125,1772.046875,1859.953125,2010.234375,30,17.75,-14
38.456883,27.073579,1616.673095703125,1771.78125,1859.65625,2009.75,30,17.75,-19
38.456883,27.076449,1615.3104248046875,1771.4765625,1859.296875,2009.328125,30,17.75,-26
38.456883,27.079318,1615.3104248046875,1771.234375,1858.9296875,2009,30,17.75,-31
38.456883,27.082188,1615.3104248046875,1770.8984375,1858.6015625,2008.6015625,30,17.75,-22
38.456883,27.085058,1613.8555908203125,1770.3828125,1857.8515625,2007.7890625,30,17.75,-16
38.456883,27.087928,1613.8555908203125,1770.0546875,1857.578125,2007.3359375,30,17.75,-8
38.456883,27.090797,1613.8555908203125,1769.6875,1856.765625,2005.7578125,30,17.75,3
38.456883,27.093667,1610.5064697265625,1769.0234375,1854.765625,2007.296875,30,17.75,3
38.456883,27.096537,1610.5064697265625,1768.6875,1854.828125,2006.90625,30,17.75,9
38.456883,27.099407,1610.5064697265625,1768.4453125,1854.640625,2006.6640625,30,17.75,6
38.456883,27.102276,1608.4425048828125,1768.265625,1854.34375,2008.6796875,30,17.75,7
38.456883,27.105146,1608.4425048828125,1767.5390625,1853.53125,2007.7109375,30,17.75,9
38.456883,27.108016,1608.4425048828125,1767.296875,1853.0078125,2007.5625,30,17.75,8
38.456883,27.110886,1606.654541015625,1767.0859375,1852.6796875,2007.265625,30,17.6875,9
38.456883,27.113755,1606.654541015625,1766.8203125,1852.2890625,2006.78125,30,17.6875,12
38.456883,27.116625,1606.654541015625,1766.5390625,1850.2109375,2006.3203125,30,17.6875,12
38.456883,27.119495,1606.1156005859375,1766.1484375,1852.203125,2000.5078125,30,17.6875,10
38.456883,27.122365,1606.1156005859375,1766.2734375,1852.515625,2001.0546875,30,17.6875,9
38.456883,27.125234,1608.2864990234375,1766.21875,1854.0703125,2002.1171875,30,17.6875,-1
38.456883,27.128104,1608.2864990234375,1766.0625,1854.2265625,2001.875,30,17.6875,-3
38.456883,27.130974,1608.2864990234375,1765.9140625,1854.375,2001.7265625,30,17.6875,-5
38.456883,27.133844,1607.5606689453125,1765.734375,1854.5078125,2001.515625,30,17.6875,-6
38.456883,27.136713,1607.5606689453125,1765.5546875,1854.625,2001.390625,30,17.6875,-7
38.456883,27.139583,1607.5606689453125,1765.4609375,1854.8125,2001.125,30,17.6875,-7
38.456883,27.142453,1606.987548828125,1765.2578125,1854.90625,2000.9453125,30,17.625,-7
38.456883,27.145322,1606.987548828125,1764.921875,1855.21875,2000.640625,30,17.625,-7
38.456883,27.148192,1606.987548828125,1764.7421875,1855.4375,2000.4609375,30,17.625,-7
38.456883,27.151062,1606.9832763671875,1764.8046875,1855.953125,2000.4609375,30,17.625,-7
38.456883,27.153932,1606.9832763671875,1764.953125,1856.8984375,2000.796875,30,17.625,-6
38.456883,27.156801,1606.9832763671875,1765.078125,1857.875,2001.0078125,30,17.625,-5
38.456883,27.159671,1608.12890625,1765.234375,1858.828125,2001.859375,30,17.625,-5
38.456883,27.162541,1608.12890625,1765.6328125,1860.71875,2002.4296875,30,17.625,-4
38.456883,27.165411,1608.12890625,1765.78125,1861.4140625,2002.6953125,30,17.625,-2
38.456883,27.16828,1606.1265869140625,1765.453125,1859.9375,2008.1796875,32,17.625,2
38.456883,27.17115,1606.1265869140625,1765.484375,1859.984375,2008.0546875,32,17.625,2
38.456883,27.17402,1606.1265869140625,1765.640625,1860.78125,2008.03125,32,17.625,4
38.456883,27.17689,1605.879150390625,1765.9140625,1861.7265625,2011.328125,32,17.5625,4
38.456883,27.179759,1605.879150390625,1766.0703125,1862.609375,2011.8984375,32,17.5625,9
38.456883,27.182629,1605.879150390625,1766.40625,1863.875,2014.03125,32,17.5625,8
38.456883,27.185499,1607.3951416015625,1766.53125,1865.109375,2014.3359375,32,17.5,7
38.459129,27.0621,1618.6103515625,1774.7265625,1865.9453125,2014.171875,30,17.75,-1
38.459129,27.06497,1618.6103515625,1774.484375,1865.40625,2013.78125,30,17.75,-2
38.459129,27.067839,1619.2291259765625,1773.8125,1864.7421875,2012.234375,30,17.75,-3
38.459129,27.070709,1619.2291259765625,1773.6640625,1864.8359375,2012.9375,30,17.75,-8
38.459129,27.073579,1619.2291259765625,1773.390625,1864.5625,2012.515625,30,17.75,-14
38.459129,27.076449,1623.2349853515625,1773.1171875,1864.3515625,2014.3515625,30,17.75,-22
38.459129,27.079318,1623.2349853515625,1772.84375,1864.046875,2013.9921875,30,17.75,-28
38.459129,27.082188,1623.2349853515625,1772.6328125,1863.75,2013.59375,30,17.75,-18
38.459129,27.085058,1619.2200927734375,1771.96875,1863.0859375,2017.5078125,30,17.6875,-11
38.459129,27.087928,1619.2200927734375,1771.546875,1861.578125,2015.8671875,30,17.6875,3
38.459129,27.090797,1619.2200927734375,1771,1860.6328125,2014.53125,30,17.6875,3
38.459129,27.093667,1618.1640625,1770.7578125,1860.1484375,2017.765625,30,17.6875,6
38.459129,27.096537,1618.1640625,1770.390625,1859.4765625,2017.1953125,30,17.6875,9
38.459129,27.099407,1618.1640625,1770.125,1859.2734375,2016.7421875,30,17.6875,6
38.459129,27.102276,1617.3863525390625,1769.7890625,1858.8203125,2017.265625,30,17.6875,4
38.459129,27.105146,1617.3863525390625,1769.1875,1858.375,2016.3671875,30,17.6875,11
38.459129,27.108016,1617.3863525390625,1768.8203125,1857.9453125,2015.578125,30,17.6875,8
38.459129,27.110886,1615.6265869140625,1768.5546875,1857.5234375,2015.125,30,17.625,11
38.459129,27.113755,1615.6265869140625,1768.21875,1857.1328125,2014.7578125,30,17.625,10
38.459129,27.116625,1615.6265869140625,1767.8828125,1856.5625,2013.9453125,30,17.625,13
38.459129,27.119495,1612.0390625,1767.5546875,1856.6875,2011.59375,30,17.625,11
38.459129,27.122365,1612.0390625,1767.375,1856.71875,2011.3515625,30,17.625,8
38.459129,27.125234,1610.248291015625,1767.1640625,1857.1875,2008.9140625,30,17.625,11
38.459129,27.128104,1610.248291015625,1767.1328125,1858.4296875,2010.1640625,30,17.625,-1
38.459129,27.130974,1610.248291015625,1767.046875,1858.46875,2009.890625,30,17.625,-1
38.459129,27.133844,1610.8648681640625,1766.7421875,1858.59375,2005.4375,30,17.625,-1
38.459129,27.136713,1610.8648681640625,1766.5625,1858.6875,2005.140625,30,17.625,-2
38.459129,27.139583,1610.8648681640625,1766.4140625,1858.78125,2004.9609375,30,17.625,-2
38.459129,27.142453,1608.40234375,1766.171875,1858.9375,2004.71875,30,17.625,-3
38.459129,27.145322,1608.40234375,1765.75,1859.0625,2002.5625,30,17.625,-4
38.459129,27.148192,1608.40234375,1765.53125,1859.1875,2002.375,30,17.625,-3
38.459129,27.151062,1609.5667724609375,1765.4765625,1859.5859375,2002.59375,30,17.625,-3
38.459129,27.153932,1609.5667724609375,1765.5703125,1860.3828125,2002.7734375,30,17.625,-2
38.459129,27.156801,1609.5667724609375,1765.6953125,1861.203125,2002.890625,30,17.625,-2
38.459129,27.159671,1607.9146728515625,1765.78125,1861.9375,2006.4921875,30,17.5625,-1
38.459129,27.162541,1607.9146728515625,1766,1863.6171875,2006.9140625,30,17.5625,-1
38.459129,27.165411,1607.9146728515625,1765.3671875,1861.2109375,2003.8984375,30,17.5625,-1
38.459129,27.16828,1606.1629638671875,1765.609375,1861.59375,2010.5703125,32,17.5625,6
38.459129,27.17115,1606.1629638671875,1765.671875,1861.7890625,2010.6875,32,17.5625,6
38.459129,27.17402,1606.1629638671875,1765.796875,1863.4921875,2010.8359375,32,17.5625,4
38.459129,27.17689,1607.986083984375,1766.0078125,1863.8828125,2013.765625,32,17.5625,3
38.459129,27.179759,1607.986083984375,1766.0703125,1864.453125,2013.765625,32,17.5625,8
38.459129,27.182629,1607.986083984375,1766.2578125,1865.25,2014.625,32,17.5625,7
38.459129,27.185499,1607.06640625,1766.2265625,1865.65625,2014.578125,32,17.5,15
38.461375,27.0621,1618.6103515625,1776.2421875,1870.25,2016.328125,30,17.75,-5
38.461375,27.06497,1618.6103515625,1775.609375,1868.7265625,2012.5546875,30,17.75,-4
38.461375,27.067839,1619.2291259765625,1775.03125,1868.3359375,2012.2265625,30,17.75,0
38.461375,27.070709,1619.2291259765625,1774.7890625,1868.0390625,2011.5625,30,17.75,-7
38.461375,27.073579,1619.2291259765625,1774.9765625,1869.203125,2014.1484375,30,17.75,-9
38.461375,27.076449,1623.2349853515625,1774.796875,1869.3515625,2016.625,30,17.75,-18
38.461375,27.079318,1623.2349853515625,1774.4921875,1869.171875,2016.328125,30,17.75,-26
38.461375,27.082188,1623.2349853515625,1774.28125,1868.9296875,2016.0234375,30,17.75,-15
38.461375,27.085058,1619.2200927734375,1773.5546875,1867.234375,2018.90625,30,17.6875,5
38.461375,27.087928,1619.2200927734375,1772.9140625,1866.171875,2017.3515625,30,17.6875,6
38.461375,27.090797,1619.2200927734375,1772.5546875,1865.6328125,2016.84375,30,17.6875,9
38.461375,27.093667,1618.1640625,1772.25,1865.0859375,2019.984375,30,17.6875,6
38.461375,27.096537,1618.1640625,1771.890625,1862.171875,2019.3203125,30,17.6875,1
38.461375,27.099407,1618.1640625,1771.5234375,1864.1171875,2019.046875,30,17.6875,5
38.461375,27.102276,1617.3863525390625,1771.2265625,1863.390625,2019.484375,30,17.6875,6
38.461375,27.105146,1617.3863525390625,1770.5234375,1862.453125,2018.515625,30,17.6875,15
38.461375,27.108016,1617.3863525390625,1770.1640625,1861.875,2017.484375,30,17.6875,8
38.461375,27.110886,1615.6265869140625,1769.8359375,1861.796875,2017.25,30,17.625,10
38.461375,27.113755,1615.6265869140625,1769.46875,1861.28125,2016.734375,30,17.625,13
38.461375,27.116625,1615.6265869140625,1769.1328125,1860.765625,2016.1875,30,17.625,16
38.461375,27.119495,1612.0390625,1768.8046875,1859.3125,2013.296875,30,17.625,12
38.461375,27.122365,1612.0390625,1768.53125,1860.6875,2012.9921875,30,17.625,10
38.461375,27.125234,1610.248291015625,1767.9296875,1860.8125,2009.859375,30,17.625,10
38.461375,27.128104,1610.248291015625,1767.9609375,1860.4609375,2009.9453125,30,17.625,2
38.461375,27.130974,1610.248291015625,1767.53125,1861.1484375,2009.4921875,30,17.625,1
38.461375,27.133844,1610.8648681640625,1767.78125,1862.6171875,2006.8671875,30,17.625,11
38.461375,27.136713,1610.8648681640625,1767.5078125,1862.7109375,2006.59375,30,17.625,-1
38.461375,27.139583,1610.8648681640625,1767.234375,1862.7734375,2006.328125,30,17.625,-1
38.461375,27.142453,1608.40234375,1766.96875,1862.875,2006.0234375,30,17.625,-1
38.461375,27.145322,1608.40234375,1766.5703125,1862.96875,2003.8046875,30,17.625,-1
38.461375,27.148192,1608.40234375,1766.3359375,1863.0390625,2003.59375,30,17.625,-1
38.461375,27.151062,1609.5667724609375,1766.1796875,1863.375,2003.6875,30,17.625,-1
38.461375,27.153932,1609.5667724609375,1766.2734375,1863.953125,2003.75,30,17.625,-1
38.461375,27.156801,1609.5667724609375,1766.2734375,1864.6015625,2003.7734375,30,17.625,-1
38.461375,27.159671,1607.9146728515625,1766.3046875,1865.1796875,2007.2890625,30,17.5625,-1
38.461375,27.162541,1607.9146728515625,1766.375,1866.15625,2007.375,30,17.5625,-1
38.461375,27.165411,1607.9146728515625,1765.3984375,1863.4609375,2003.8359375,30,17.5625,4
38.461375,27.16828,1606.1629638671875,1765.796875,1864.15625,2010.9609375,32,17.5625,4
38.461375,27.17115,1606.1629638671875,1765.796875,1864.46875,2010.9296875,32,17.5625,3
38.461375,27.17402,1606.1629638671875,1765.859375,1864.6796875,2011.078125,32,17.5625,5
38.461375,27.17689,1607.986083984375,1765.921875,1865.7578125,2014.1640625,32,17.5625,5
38.461375,27.179759,1607.986083984375,1765.9921875,1866.09375,2014.1640625,32,17.5625,9
38.461375,27.182629,1607.986083984375,1766.078125,1866.9296875,2014.5859375,32,17.5625,8
38.461375,27.185499,1607.06640625,1765.984375,1867.203125,2014.4609375,32,17.5,10
38.46362,27.0621,1618.6103515625,1777.3125,1873.5703125,2015.2265625,30,17.75,-2
38.46362,27.06497,1618.6103515625,1777.1015625,1873.421875,2015.0703125,30,17.75,-2
38.46362,27.067839,1619.2291259765625,1777.015625,1874.40625,2016.5703125,30,17.75,-3
38.46362,27.070709,1619.2291259765625,1776.8046875,1874.703125,2017.4609375,30,17.75,-1
38.46362,27.073579,1619.2291259765625,1776.59375,1874.5859375,2017.125,30,17.75,-6
38.46362,27.076449,1623.2349853515625,1776.40625,1874.40625,2019.0546875,30,17.75,-15
38.46362,27.079318,1623.2349853515625,1776.1328125,1874.2578125,2018.71875,30,17.75,-22
38.46362,27.082188,1623.2349853515625,1775.984375,1874.171875,2018.421875,30,17.75,-12
38.46362,27.085058,1619.2200927734375,1774.9296875,1871.7734375,2020.359375,30,17.6875,3
38.46362,27.087928,1619.2200927734375,1774.5,1871.265625,2019.71875,30,17.6875,6
38.46362,27.090797,1619.2200927734375,1774.109375,1870.6015625,2018.84375,30,17.6875,7
38.46362,27.093667,1618.1640625,1773.7109375,1869.9921875,2022.109375,30,17.6875,11
38.46362,27.096537,1618.1640625,1773.3515625,1867.8515625,2021.6875,30,17.6875,3
38.46362,27.099407,1618.1640625,1772.984375,1868.71875,2021.203125,30,17.6875,9
38.46362,27.102276,1617.3863525390625,1772.59375,1868.140625,2021.546875,30,17.6875,9
38.46362,27.105146,1617.3863525390625,1771.8046875,1867.0546875,2020.5859375,30,17.6875,12
38.46362,27.108016,1617.3863525390625,1771.4765625,1866.5703125,2019.734375,30,17.6875,11
38.46362,27.110886,1615.6265869140625,1771.109375,1866,2019.25,30,17.625,14
38.46362,27.113755,1615.6265869140625,1770.65625,1865.359375,2018.734375,30,17.625,14
38.46362,27.116625,1615.6265869140625,1770.265625,1864.90625,2018.1640625,30,17.625,15
38.46362,27.119495,1612.0390625,1769.875,1864.578125,2015.328125,30,17.625,14
38.46362,27.122365,1612.0390625,1769.5703125,1864.609375,2014.8125,30,17.625,12
38.46362,27.125234,1610.248291015625,1768.96875,1864.1328125,2011.3984375,30,17.625,8
38.46362,27.128104,1610.248291015625,1768.5390625,1861.640625,2010.703125,30,17.625,3
38.46362,27.130974,1610.248291015625,1768.359375,1864.078125,2010.6796875,30,17.625,1
38.46362,27.133844,1610.8648681640625,1767.90625,1864.4140625,2005.7734375,30,17.625,4
38.46362,27.136713,1610.8648681640625,1768.4296875,1866.3515625,2008.0234375,30,17.625,-1
38.46362,27.139583,1610.8648681640625,1768.1875,1866.8046875,2007.6953125,30,17.625,-1
38.46362,27.142453,1608.40234375,1767.9765625,1866.78125,2007.359375,30,17.625,-1
38.46362,27.145322,1608.40234375,1767.3671875,1866.7890625,2005.015625,30,17.625,-1
38.46362,27.148192,1608.40234375,1767.09375,1866.8203125,2004.65625,30,17.625,-1
38.46362,27.151062,1609.5667724609375,1767.0390625,1867.0390625,2004.78125,30,17.625,-1
38.46362,27.153932,1609.5667724609375,1766.953125,1867.46875,2004.71875,30,17.625,-1
38.46362,27.156801,1609.5667724609375,1766.890625,1867.953125,2004.65625,30,17.625,-1
38.46362,27.159671,1607.9146728515625,1766.828125,1868.3828125,2008.078125,30,17.5625,-1
38.46362,27.162541,1607.9146728515625,1765.7421875,1865.6796875,2005.4609375,30,17.5625,0
38.46362,27.165411,1607.9146728515625,1765.375,1865.421875,2004.484375,30,17.5625,5
38.46362,27.16828,1606.1629638671875,1765.890625,1866.125,2011.390625,32,17.5625,5
38.46362,27.17115,1606.1629638671875,1765.7734375,1865.0625,2011.3046875,32,17.5625,3
38.46362,27.17402,1606.1629638671875,1765.8671875,1866.6484375,2011.453125,32,17.5625,6
38.46362,27.17689,1607.986083984375,1765.9921875,1867.21875,2014.203125,32,17.5625,5
38.46362,27.179759,1607.986083984375,1765.875,1867.8359375,2014.3203125,32,17.5625,5
38.46362,27.182629,1607.986083984375,1765.8125,1868.625,2014.84375,32,17.5625,8
38.46362,27.185499,1607.06640625,1765.6875,1868.1953125,2014.3203125,32,17.5,10
38.465866,27.0621,1618.6103515625,1778.8984375,1877.8671875,2017.0390625,30,17.75,-3
38.465866,27.06497,1618.6103515625,1778.6875,1877.8359375,2017.046875,30,17.75,-5
38.465866,27.067839,1619.2291259765625,1778.203125,1877.96875,2017.0234375,30,17.75,0
38.465866,27.070709,1619.2291259765625,1778.4453125,1879.4921875,2019.734375,30,17.75,-1
38.465866,27.073579,1619.2291259765625,1778.234375,1879.5234375,2019.3984375,30,17.75,-2
38.465866,27.076449,1623.2349853515625,1777.9609375,1879.46875,2021.328125,30,17.75,-8
38.465866,27.079318,1623.2349853515625,1777.78125,1879.4375,2021.0546875,30,17.75,-13
38.465866,27.082188,1623.2349853515625,1777.296875,1878.0546875,2019.234375,30,17.75,3
38.465866,27.085058,1619.2200927734375,1776.4765625,1876.984375,2022.6015625,30,17.6875,3
38.465866,27.087928,1619.2200927734375,1776.0234375,1875.34375,2021.8125,30,17.6875,4
38.465866,27.090797,1619.2200927734375,1775.6328125,1875.4375,2021.390625,30,17.6875,6
38.465866,27.093667,1618.1640625,1775.234375,1874.8671875,2024.8046875,30,17.6875,6
38.465866,27.096537,1618.1640625,1774.84375,1874.0078125,2024.234375,30,17.6875,10
38.465866,27.099407,1618.1640625,1774.421875,1873.375,2023.6015625,30,17.6875,8
38.465866,27.102276,1617.3863525390625,1774.03125,1872.765625,2024.0078125,30,17.6875,10
38.465866,27.105146,1617.3863525390625,1773.1171875,1871.71875,2022.828125,30,17.6875,12
38.465866,27.108016,1617.3863525390625,1772.7265625,1871.109375,2021.640625,30,17.6875,14
38.465866,27.110886,1615.6265869140625,1772.296875,1870.4765625,2021.1328125,30,17.625,15
38.465866,27.113755,1615.6265869140625,1771.875,1869.84375,2020.7109375,30,17.625,17
38.465866,27.116625,1615.6265869140625,1771.484375,1869.234375,2020.078125,30,17.625,15
38.465866,27.119495,1612.0390625,1770.9375,1867.6015625,2017.1171875,30,17.625,12
38.465866,27.122365,1612.0390625,1770.640625,1868,2016.7265625,30,17.625,9
38.465866,27.125234,1610.248291015625,1769.9140625,1867.734375,2013.1640625,30,17.625,10
38.465866,27.128104,1610.248291015625,1769.15625,1865.0625,2012.828125,30,17.625,6
38.465866,27.130974,1610.248291015625,1768.453125,1864.7265625,2012.40625,30,17.625,5
38.465866,27.133844,1610.8648681640625,1767.2421875,1863.7578125,2006.8671875,30,17.625,15
38.465866,27.136713,1610.8648681640625,1766.3671875,1862.078125,2006.5,30,17.625,13
38.465866,27.139583,1610.8648681640625,1764.2578125,1857.9609375,2005.921875,30,17.625,28
38.465866,27.142453,1608.40234375,1764.8515625,1863.359375,2005.78125,30,17.625,23
38.465866,27.145322,1608.40234375,1764.59375,1854.171875,2002.3359375,30,17.625,0
38.465866,27.148192,1608.40234375,1765.4921875,1858.828125,2002.375,30,17.625,0
38.465866,27.151062,1609.5667724609375,1766.1015625,1863.9375,2002.8671875,30,17.625,4
38.465866,27.153932,1609.5667724609375,1767.2265625,1869.7890625,2004.296875,30,17.625,-1
38.465866,27.156801,1609.5667724609375,1767.5,1871.0703125,2005.6328125,30,17.625,-1
38.465866,27.159671,1607.9146728515625,1767.3515625,1871.3203125,2008.9296875,30,17.5625,-1
38.465866,27.162541,1607.9146728515625,1763.40625,1854.7578125,2001.953125,30,17.5625,2
38.465866,27.165411,1607.9146728515625,1765.5,1867.046875,2005.03125,30,17.5625,28
38.465866,27.16828,1606.1629638671875,1764.59375,1855.5078125,2011.15625,32,17.5625,8
38.465866,27.17115,1606.1629638671875,1765.296875,1865.1640625,2011.578125,32,17.5625,6
38.465866,27.17402,1606.1629638671875,1765.5390625,1867.0546875,2011.453125,32,17.5625,7
38.465866,27.17689,1607.986083984375,1765.7265625,1868,2014.359375,32,17.5625,10
38.465866,27.179759,1607.986083984375,1765.7265625,1868.1796875,2014.296875,32,17.5625,10
38.465866,27.182629,1607.986083984375,1765.546875,1868.1171875,2014.78125,32,17.5625,6
38.465866,27.185499,1607.06640625,1765.421875,1867.203125,2014.421875,32,17.5,12
38.468112,27.0621,1626.0885009765625,1780.609375,1882.2578125,2026.6171875,32,17.75,-3
38.468112,27.06497,1626.0885009765625,1780.421875,1881.5625,2025.953125,32,17.75,-3
38.468112,27.067839,1626.2149658203125,1779.9375,1882.0546875,2029.03125,32,17.6875,13
38.468112,27.070709,1626.2149658203125,1779.7265625,1880.9921875,2028.9453125,32,17.6875,5
38.468112,27.073579,1626.2149658203125,1779.453125,1881.90625,2028.796875,32,17.6875,3
38.468112,27.076449,1626.09619140625,1779.3046875,1882.09375,2030.078125,32,17.6875,4
38.468112,27.079318,1626.09619140625,1779.125,1881.546875,2029.8046875,32,17.6875,6
38.468112,27.082188,1626.09619140625,1778.8203125,1882.15625,2029.4765625,32,17.6875,6
38.468112,27.085058,1626.9013671875,1778.15625,1880.8828125,2030.2734375,32,17.6875,3
38.468112,27.087928,1626.9013671875,1777.7265625,1880.890625,2029.671875,32,17.6875,6
38.468112,27.090797,1626.9013671875,1777.2421875,1880.0390625,2029.0078125,32,17.6875,6
38.468112,27.093667,1626.1243896484375,1776.8203125,1879.578125,2029.1328125,32,17.625,6
38.468112,27.096537,1626.1243896484375,1776.3671875,1878.9140625,2028.4375,32,17.625,7
38.468112,27.099407,1626.1243896484375,1775.9453125,1878.1875,2027.8359375,32,17.625,7
38.468112,27.102276,1624.1568603515625,1775.4296875,1877.5234375,2027.40625,32,17.625,8
38.468112,27.105146,1624.1568603515625,1774.4609375,1876.1875,2025.9921875,32,17.625,12
38.468112,27.108016,1624.1568603515625,1774.0078125,1875.4296875,2025.65625,32,17.625,16
38.468112,27.110886,1621.365966796875,1773.609375,1872.3359375,2024.75,32,17.5625,10
38.468112,27.113755,1621.365966796875,1773.125,1873.0703125,2024.2421875,32,17.5625,13
38.468112,27.116625,1621.365966796875,1771.9453125,1865.5625,2022.546875,32,17.5625,17
38.468112,27.119495,1615.132568359375,1771.953125,1869.8125,2022.3125,32,17.5,39
38.468112,27.122365,1615.132568359375,1770.4296875,1860.9921875,2021.671875,32,17.5,9
38.468112,27.125234,1612.673828125,1770.1640625,1864.625,2020.5703125,32,17.5,10
38.468112,27.128104,1612.673828125,1769.7109375,1864.9375,2019.9453125,32,17.5,32
38.468112,27.130974,1612.673828125,1770.2578125,1869.34375,2019.9375,32,17.5,49
38.468112,27.133844,1612.86962890625,1769.984375,1870.9296875,2018.9609375,32,17.3125,62
38.468112,27.136713,1612.86962890625,1769.8046875,1871.3125,2018.421875,32,17.3125,67
38.468112,27.139583,1612.86962890625,1769.5,1870.0234375,2017.8515625,32,17.3125,79
38.468112,27.142453,1603.0028076171875,1769.3203125,1871,2017.3671875,32,17.4375,73
38.468112,27.145322,1603.0028076171875,1761.046875,1827.328125,2011.296875,32,17.4375,24
38.468112,27.148192,1603.0028076171875,1765.7109375,1851.671875,2014.5546875,32,17.4375,2
38.468112,27.151062,1612.94384765625,1765.625,1856.03125,2015.2109375,32,17.25,4
38.468112,27.153932,1612.94384765625,1764.8359375,1859.453125,2015.3046875,32,17.25,8
38.468112,27.156801,1612.94384765625,1764.53125,1856.09375,2014.84375,32,17.25,6
38.468112,27.159671,1613.243408203125,1764.4140625,1854.4765625,2015.9375,32,17.1875,3
38.468112,27.162541,1613.243408203125,1761.2421875,1843.265625,2013.53125,32,17.1875,11
38.468112,27.165411,1613.243408203125,1765.5703125,1863.4140625,2015.75,32,17.1875,45
38.468112,27.16828,1613.7894287109375,1766,1867.4609375,2016.703125,32,17.125,59
38.468112,27.17115,1613.7894287109375,1764.7578125,1861.9453125,2016.4609375,32,17.125,48
38.468112,27.17402,1613.7894287109375,1762.984375,1854.453125,2015.9453125,32,17.125,14
38.468112,27.17689,1606.720458984375,1763.625,1854.1328125,2016.1875,32,17.4375,10
38.468112,27.179759,1606.720458984375,1765.1171875,1862.8515625,2016.1015625,32,17.4375,11
38.468112,27.182629,1606.720458984375,1765.15625,1864.7265625,2015.734375,32,17.4375,6
38.468112,27.185499,1607.884521484375,1765.1875,1868.7421875,2015.4609375,32,17.4375,11
38.470358,27.0621,1626.0885009765625,1782.15625,1886.859375,2028.5625,32,17.75,-2
38.470358,27.06497,1626.0885009765625,1781.859375,1885,2028.046875,32,17.75,-2
38.470358,27.067839,1626.2149658203125,1781.46875,1885.359375,2030.1015625,32,17.6875,9
38.470358,27.070709,1626.2149658203125,1781.28125,1885.484375,2030.6796875,32,17.6875,9
38.470358,27.073579,1626.2149658203125,1781.0703125,1885.5,2030.765625,32,17.6875,12
38.470358,27.076449,1626.09619140625,1780.953125,1884.875,2032.46875,32,17.6875,6
38.470358,27.079318,1626.09619140625,1780.6796875,1885.109375,2031.90625,32,17.6875,4
38.470358,27.082188,1626.09619140625,1780.0703125,1883.0078125,2029.1015625,32,17.6875,26
38.470358,27.085058,1626.9013671875,1779.828125,1884.703125,2032.515625,32,17.6875,5
38.470358,27.087928,1626.9013671875,1779.3125,1885.8203125,2032.0078125,32,17.6875,5
38.470358,27.090797,1626.9013671875,1778.796875,1885.125,2031.5234375,32,17.6875,6
38.470358,27.093667,1626.1243896484375,1778.3125,1884.3046875,2031.5,32,17.625,6
38.470358,27.096537,1626.1243896484375,1777.859375,1883.578125,2030.8046875,32,17.625,8
38.470358,27.099407,1626.1243896484375,1777.375,1882.8515625,2030.140625,32,17.625,11
38.470358,27.102276,1624.1568603515625,1776.859375,1882.0625,2029.4453125,32,17.625,11
38.470358,27.105146,1624.1568603515625,1775.8046875,1880.5546875,2028.296875,32,17.625,11
38.470358,27.108016,1624.1568603515625,1775.3203125,1879.4609375,2027.5703125,32,17.625,16
38.470358,27.110886,1621.365966796875,1774.859375,1877.96875,2026.9375,32,17.5625,12
38.470358,27.113755,1621.365966796875,1774.3515625,1876.6875,2025.9765625,32,17.5625,15
38.470358,27.116625,1621.365966796875,1773.5625,1873.75,2023.6953125,32,17.5625,17
38.470358,27.119495,1615.132568359375,1772.015625,1867.1640625,2017.6640625,32,17.5,46
38.470358,27.122365,1615.132568359375,1772.7734375,1875.0078125,2020.6171875,32,17.5,45
38.470358,27.125234,1612.673828125,1771.9296875,1871.796875,2019.875,32,17.5,49
38.470358,27.128104,1612.673828125,1771.2890625,1870.71875,2017.9921875,32,17.5,53
38.470358,27.130974,1612.673828125,1770.84375,1869.671875,2017.1015625,32,17.5,60
38.470358,27.133844,1612.86962890625,1770.390625,1869.5,2015.6015625,32,17.3125,82
38.470358,27.136713,1612.86962890625,1770.90625,1873.7421875,2019.6015625,32,17.3125,73
38.470358,27.139583,1612.86962890625,1770.390625,1873.1875,2018.4296875,32,17.3125,80
38.470358,27.142453,1603.0028076171875,1770.1796875,1874.890625,2019.25,32,17.4375,84
38.470358,27.145322,1603.0028076171875,1752.859375,1793.953125,2002.6640625,32,17.4375,44
38.470358,27.148192,1603.0028076171875,1758.6015625,1818.6875,2010.25,32,17.4375,11
38.470358,27.151062,1612.94384765625,1763.390625,1850.5703125,2015.7109375,32,17.25,30
38.470358,27.153932,1612.94384765625,1766.328125,1866.2421875,2016.921875,32,17.25,72
38.470358,27.156801,1612.94384765625,1765.5703125,1863.4453125,2016.578125,32,17.25,55
38.470358,27.159671,1613.243408203125,1763.3515625,1853.3515625,2017.375,32,17.1875,33
38.470358,27.162541,1613.243408203125,1765.046875,1860.40625,2016.640625,32,17.1875,59
38.470358,27.165411,1613.243408203125,1766.125,1870.171875,2016.640625,32,17.1875,88
38.470358,27.16828,1613.7894287109375,1766.0625,1868.9375,2017.375,32,17.125,92
38.470358,27.17115,1613.7894287109375,1766.3671875,1870.6015625,2017.0390625,32,17.125,102
38.470358,27.17402,1613.7894287109375,1764.875,1858.0390625,2016.21875,32,17.125,68
38.470358,27.17689,1606.720458984375,1757.8359375,1826.5078125,2011.53125,32,17.4375,21
38.470358,27.179759,1606.720458984375,1761.15625,1841.34375,2013.9765625,32,17.4375,13
38.470358,27.182629,1606.720458984375,1764.640625,1863.0703125,2015.53125,32,17.4375,13
38.470358,27.185499,1607.884521484375,1764.4921875,1865.5234375,2015.2265625,32,17.4375,17
38.472604,27.0621,1626.0885009765625,1783.7109375,1891.1015625,2030.8046875,32,17.75,1
38.472604,27.06497,1626.0885009765625,1783.4453125,1889.5390625,2030.4453125,32,17.75,-2
38.472604,27.067839,1626.2149658203125,1783.140625,1891.9609375,2033.40625,32,17.6875,4
38.472604,27.070709,1626.2149658203125,1782.7734375,1891.2578125,2031.3984375,32,17.6875,1
38.472604,27.073579,1626.2149658203125,1782.625,1891.5859375,2031.21875,32,17.6875,2
38.472604,27.076449,1626.09619140625,1782.5625,1891.765625,2033.9609375,32,17.6875,2
38.472604,27.079318,1626.09619140625,1782.3828125,1891.921875,2034.046875,32,17.6875,2
38.472604,27.082188,1626.09619140625,1782.171875,1892.578125,2033.75,32,17.6875,2
38.472604,27.085058,1626.9013671875,1781.3828125,1891.234375,2034.9453125,32,17.6875,0
38.472604,27.087928,1626.9013671875,1780.9296875,1890.6328125,2034.375,32,17.6875,7
38.472604,27.090797,1626.9013671875,1780.3515625,1890.0625,2033.796875,32,17.6875,10
38.472604,27.093667,1626.1243896484375,1779.8671875,1889.3359375,2033.9609375,32,17.625,8
38.472604,27.096537,1626.1243896484375,1779.3515625,1888.09375,2033.078125,32,17.625,10
38.472604,27.099407,1626.1243896484375,1778.75,1887.3125,2032.359375,32,17.625,14
38.472604,27.102276,1624.1568603515625,1778.203125,1886.4921875,2031.8359375,32,17.625,13
38.472604,27.105146,1624.1568603515625,1777.140625,1884.7265625,2030.1796875,32,17.625,11
38.472604,27.108016,1624.1568603515625,1776.65625,1884.03125,2029.84375,32,17.625,14
38.472604,27.110886,1621.365966796875,1776.1796875,1883.125,2029.09375,32,17.5625,16
38.472604,27.113755,1621.365966796875,1775.5703125,1882.03125,2028.1875,32,17.5625,16
38.472604,27.116625,1621.365966796875,1775.0859375,1880.8984375,2027.0390625,32,17.5625,21
38.472604,27.119495,1615.132568359375,1774.5703125,1881.125,2025.4296875,32,17.5,24
38.472604,27.122365,1615.132568359375,1774,1879.6484375,2024.765625,32,17.5,25
38.472604,27.125234,1612.673828125,1773,1875.765625,2022.15625,32,17.5,23
38.472604,27.128104,1612.673828125,1772.390625,1874.6796875,2020.421875,32,17.5,26
38.472604,27.130974,1612.673828125,1771.7578125,1874.1328125,2019.2421875,32,17.5,31
38.472604,27.133844,1612.86962890625,1770.8203125,1871.15625,2016.359375,32,17.3125,56
38.472604,27.136713,1612.86962890625,1770.6953125,1873.4375,2016.1171875,32,17.3125,64
38.472604,27.139583,1612.86962890625,1769.421875,1865.4765625,2013.4765625,32,17.3125,75
38.472604,27.142453,1603.0028076171875,1770.3671875,1874.2109375,2016.6015625,32,17.4375,89
38.472604,27.145322,1603.0028076171875,1753.5546875,1791.1796875,1994.1796875,32,17.4375,50
38.472604,27.148192,1603.0028076171875,1754.03125,1803.84375,1997.8203125,32,17.4375,37
38.472604,27.151062,1612.94384765625,1761.015625,1835.7578125,2007.7578125,32,17.25,95
38.472604,27.153932,1612.94384765625,1767.34375,1865.1640625,2015.6875,32,17.25,138
38.472604,27.156801,1612.94384765625,1768.703125,1877.8984375,2017.890625,32,17.25,138
38.472604,27.159671,1613.243408203125,1768.1640625,1874.8125,2018.8046875,32,17.1875,120
38.472604,27.162541,1613.243408203125,1765.328125,1863.0703125,2016.828125,32,17.1875,115
38.472604,27.165411,1613.243408203125,1766.6171875,1871.890625,2017.1875,32,17.1875,139
38.472604,27.16828,1613.7894287109375,1766.4375,1870.6796875,2017.8359375,32,17.125,146
38.472604,27.17115,1613.7894287109375,1764.1484375,1853.8984375,2016.40625,32,17.125,136
38.472604,27.17402,1613.7894287109375,1762.0234375,1842.5546875,2012.8359375,32,17.125,91
38.472604,27.17689,1606.720458984375,1761.59375,1840.6953125,2012.0703125,32,17.4375,49
38.472604,27.179759,1606.720458984375,1761.71875,1842.5703125,2012.8125,32,17.4375,20
38.472604,27.182629,1606.720458984375,1764.0625,1860.9609375,2015.2265625,32,17.4375,23
38.472604,27.185499,1607.884521484375,1764.34375,1866.2890625,2014.9609375,32,17.4375,26
38.474849,27.0621,1626.0885009765625,1783.7109375,1891.1015625,2030.8046875,32,17.75,-2
38.474849,27.06497,1626.0885009765625,1783.4453125,1889.5390625,2030.4453125,32,17.75,-1
38.474849,27.067839,1626.2149658203125,1783.140625,1891.9609375,2033.40625,32,17.6875,0
38.474849,27.070709,1626.2149658203125,1782.7734375,1891.2578125,2031.3984375,32,17.6875,3
38.474849,27.073579,1626.2149658203125,1782.625,1891.5859375,2031.21875,32,17.6875,5
38.474849,27.076449,1626.09619140625,1782.5625,1891.765625,2033.9609375,32,17.6875,3
38.474849,27.079318,1626.09619140625,1782.3828125,1891.921875,2034.046875,32,17.6875,0
38.474849,27.082188,1626.09619140625,1782.171875,1892.578125,2033.75,32,17.6875,1
38.474849,27.085058,1626.9013671875,1781.3828125,1891.234375,2034.9453125,32,17.6875,1
38.474849,27.087928,1626.9013671875,1780.9296875,1890.6328125,2034.375,32,17.6875,3
38.474849,27.090797,1626.9013671875,1780.3515625,1890.0625,2033.796875,32,17.6875,5
38.474849,27.093667,1626.1243896484375,1779.8671875,1889.3359375,2033.9609375,32,17.625,6
38.474849,27.096537,1626.1243896484375,1779.3515625,1888.09375,2033.078125,32,17.625,11
38.474849,27.099407,1626.1243896484375,1778.75,1887.3125,2032.359375,32,17.625,12
38.474849,27.102276,1624.1568603515625,1778.203125,1886.4921875,2031.8359375,32,17.625,14
38.474849,27.105146,1624.1568603515625,1777.140625,1884.7265625,2030.1796875,32,17.625,19
38.474849,27.108016,1624.1568603515625,1776.65625,1884.03125,2029.84375,32,17.625,18
38.474849,27.110886,1621.365966796875,1776.1796875,1883.125,2029.09375,32,17.5625,16
38.474849,27.113755,1621.365966796875,1775.5703125,1882.03125,2028.1875,32,17.5625,19
38.474849,27.116625,1621.365966796875,1775.0859375,1880.8984375,2027.0390625,32,17.5625,22
38.474849,27.119495,1615.132568359375,1774.5703125,1881.125,2025.4296875,32,17.5,26
38.474849,27.122365,1615.132568359375,1774,1879.6484375,2024.765625,32,17.5,28
38.474849,27.125234,1612.673828125,1773,1875.765625,2022.15625,32,17.5,28
38.474849,27.128104,1612.673828125,1772.390625,1874.6796875,2020.421875,32,17.5,32
38.474849,27.130974,1612.673828125,1771.7578125,1874.1328125,2019.2421875,32,17.5,36
38.474849,27.133844,1612.86962890625,1770.8203125,1871.15625,2016.359375,32,17.3125,39
38.474849,27.136713,1612.86962890625,1770.6953125,1873.4375,2016.1171875,32,17.3125,46
38.474849,27.139583,1612.86962890625,1769.421875,1865.4765625,2013.4765625,32,17.3125,52
38.474849,27.142453,1603.0028076171875,1770.3671875,1874.2109375,2016.6015625,32,17.4375,69
38.474849,27.145322,1603.0028076171875,1753.5546875,1791.1796875,1994.1796875,32,17.4375,27
38.474849,27.148192,1603.0028076171875,1754.03125,1803.84375,1997.8203125,32,17.4375,46
38.474849,27.151062,1612.94384765625,1761.015625,1835.7578125,2007.7578125,32,17.25,90
38.474849,27.153932,1612.94384765625,1767.34375,1865.1640625,2015.6875,32,17.25,159
38.474849,27.156801,1612.94384765625,1768.703125,1877.8984375,2017.890625,32,17.25,176
38.474849,27.159671,1613.243408203125,1768.1640625,1874.8125,2018.8046875,32,17.1875,170
38.474849,27.162541,1613.243408203125,1765.328125,1863.0703125,2016.828125,32,17.1875,169
38.474849,27.165411,1613.243408203125,1766.6171875,1871.890625,2017.1875,32,17.1875,183
38.474849,27.16828,1613.7894287109375,1766.4375,1870.6796875,2017.8359375,32,17.125,195
38.474849,27.17115,1613.7894287109375,1764.1484375,1853.8984375,2016.40625,32,17.125,169
38.474849,27.17402,1613.7894287109375,1762.0234375,1842.5546875,2012.8359375,32,17.125,113
38.474849,27.17689,1606.720458984375,1761.59375,1840.6953125,2012.0703125,32,17.4375,81
38.474849,27.179759,1606.720458984375,1761.71875,1842.5703125,2012.8125,32,17.4375,49
38.474849,27.182629,1606.720458984375,1764.0625,1860.9609375,2015.2265625,32,17.4375,37
38.474849,27.185499,1607.884521484375,1764.34375,1866.2890625,2014.9609375,32,17.4375,44
38.477095,27.0621,1637.585693359375,1785.421875,1895.5859375,2041.109375,32,17.625,-4
38.477095,27.06497,1637.585693359375,1785.234375,1895.890625,2041.0234375,32,17.625,1
38.477095,27.067839,1637.0390625,1784.84375,1896.4765625,2040.859375,32,17.625,-1
38.477095,27.070709,1637.0390625,1784.6328125,1896.71875,2040.625,32,17.625,2
38.477095,27.073579,1637.0390625,1784.484375,1896.96875,2040.46875,32,17.625,2
38.477095,27.076449,1635.6412353515625,1784.359375,1897.1484375,2040.6953125,32,17.625,2
38.477095,27.079318,1635.6412353515625,1784.1171875,1895.6171875,2040.328125,32,17.625,1
38.477095,27.082188,1635.6412353515625,1783.96875,1897.5546875,2040.1484375,32,17.625,3
38.477095,27.085058,1634.5572509765625,1783.0546875,1896.578125,2039.4296875,32,17.625,2
38.477095,27.087928,1634.5572509765625,1782.578125,1895.671875,2038.578125,32,17.625,4
38.477095,27.090797,1634.5572509765625,1781.9375,1894.8203125,2037.734375,32,17.625,5
38.477095,27.093667,1631.9854736328125,1781.390625,1893.9140625,2037.3671875,32,17.5,8
38.477095,27.096537,1631.9854736328125,1780.7890625,1893.03125,2036.609375,32,17.5,10
38.477095,27.099407,1631.9854736328125,1779.96875,1889.7890625,2035.6171875,32,17.5,17
38.477095,27.102276,1625.9287109375,1779.3046875,1888.9765625,2034.671875,32,17.5,37
38.477095,27.105146,1625.9287109375,1778.3359375,1887.46875,2033.15625,32,17.5,15
38.477095,27.108016,1625.9287109375,1777.8828125,1887.578125,2032.6171875,32,17.5,21
38.477095,27.110886,1627.0732421875,1777.2421875,1885.6796875,2031.6484375,32,17.5,21
38.477095,27.113755,1627.0732421875,1776.7265625,1884.828125,2030.859375,32,17.5,20
38.477095,27.116625,1627.0732421875,1776.1875,1883.578125,2029.953125,32,17.5,23
38.477095,27.119495,1625.263671875,1775.7265625,1883.5625,2029.6015625,32,17.5,25
38.477095,27.122365,1625.263671875,1775.3046875,1882.9375,2029.1171875,32,17.5,29
38.477095,27.125234,1618.57666015625,1774.21875,1880.3203125,2027.9296875,32,17.375,33
38.477095,27.128104,1618.57666015625,1773.5859375,1878.109375,2026.6640625,32,17.375,43
38.477095,27.130974,1618.57666015625,1773.0703125,1878.7109375,2026.265625,32,17.375,61
38.477095,27.133844,1618.61083984375,1772.1640625,1877.890625,2024.8984375,32,17.1875,99
38.477095,27.136713,1618.61083984375,1771.375,1875.21875,2024.078125,32,17.1875,99
38.477095,27.139583,1618.61083984375,1771.2890625,1874.078125,2022.90625,32,17.1875,78
38.477095,27.142453,1611.8717041015625,1770.859375,1872.8515625,2021.7265625,32,17.1875,66
38.477095,27.145322,1611.8717041015625,1764.8125,1836.8203125,2012.546875,32,17.1875,68
38.477095,27.148192,1611.8717041015625,1760.8671875,1832.140625,2007.5,32,17.1875,75
38.477095,27.151062,1613.279052734375,1752.8984375,1808.453125,1995.0234375,32,16.75,91
38.477095,27.153932,1613.279052734375,1758.484375,1827.1953125,2003.1015625,32,16.75,155
38.477095,27.156801,1613.279052734375,1769.171875,1878.765625,2019.9921875,32,16.75,204
38.477095,27.159671,1622.943603515625,1769.078125,1882.1015625,2020.6328125,32,16.625,197
38.477095,27.162541,1622.943603515625,1768.171875,1879.484375,2019.453125,32,16.625,189
38.477095,27.165411,1622.943603515625,1767.8671875,1880.515625,2018.84375,32,16.625,188
38.477095,27.16828,1612.70361328125,1767.59375,1880.6796875,2019.0546875,32,16.8125,183
38.477095,27.17115,1612.70361328125,1766.2890625,1868.2109375,2018.1171875,32,16.8125,182
38.477095,27.17402,1612.70361328125,1757.953125,1827.7421875,2010.8046875,32,16.8125,128
38.477095,27.17689,1607.9835205078125,1761.3671875,1841.6484375,2012.8515625,32,17.125,94
38.477095,27.179759,1607.9835205078125,1761.640625,1844.046875,2013.4609375,32,17.125,69
38.477095,27.182629,1607.9835205078125,1763.53125,1857.2734375,2015.3359375,32,17.125,45
38.477095,27.185499,1604.91162109375,1763.8671875,1864.3515625,2015.1171875,32,17.1875,52
38.479341,27.0621,1637.585693359375,1787.0078125,1898.6875,2043.4140625,32,17.625,5
38.479341,27.06497,1637.585693359375,1786.8203125,1900.46875,2043.4453125,32,17.625,4
38.479341,27.067839,1637.0390625,1786.4609375,1901.171875,2043.046875,32,17.625,1
38.479341,27.070709,1637.0390625,1786.3125,1901.5703125,2043.171875,32,17.625,2
38.479341,27.073579,1637.0390625,1786.125,1901.96875,2043.078125,32,17.625,3
38.479341,27.076449,1635.6412353515625,1785.9140625,1902.2109375,2043.1484375,32,17.625,0
38.479341,27.079318,1635.6412353515625,1785.765625,1901.9609375,2042.84375,32,17.625,1
38.479341,27.082188,1635.6412353515625,1785.5859375,1901.265625,2042.6953125,32,17.625,-1
38.479341,27.085058,1634.5572509765625,1784.671875,1901.359375,2041.9453125,32,17.625,1
38.479341,27.087928,1634.5572509765625,1784.0390625,1899.796875,2040.9453125,32,17.625,2
38.479341,27.090797,1634.5572509765625,1783.4609375,1898.796875,2040.1328125,32,17.625,5
38.479341,27.093667,1631.9854736328125,1782.5546875,1894.453125,2039.703125,32,17.5,10
38.479341,27.096537,1631.9854736328125,1781.25,1890.0546875,2038.6796875,32,17.5,24
38.479341,27.099407,1631.9854736328125,1779.453125,1884.1640625,2037.53125,32,17.5,44
38.479341,27.102276,1625.9287109375,1779.8203125,1886.9453125,2036.6171875,32,17.5,71
38.479341,27.105146,1625.9287109375,1777.2890625,1870.4765625,2034.734375,32,17.5,15
38.479341,27.108016,1625.9287109375,1778.8203125,1884.8984375,2034.375,32,17.5,18
38.479341,27.110886,1627.0732421875,1778.4609375,1887.328125,2033.7109375,32,17.5,23
38.479341,27.113755,1627.0732421875,1777.859375,1887.2265625,2032.7734375,32,17.5,22
38.479341,27.116625,1627.0732421875,1777.21875,1886.28125,2031.9921875,32,17.5,27
38.479341,27.119495,1625.263671875,1776.734375,1885.8359375,2031.6015625,32,17.5,26
38.479341,27.122365,1625.263671875,1776.25,1885.625,2030.96875,32,17.5,33
38.479341,27.125234,1618.57666015625,1775.0703125,1882.375,2029.421875,32,17.375,37
38.479341,27.128104,1618.57666015625,1773.953125,1876.6953125,2026.7890625,32,17.375,47
38.479341,27.130974,1618.57666015625,1770.2734375,1859.6328125,2019.1484375,32,17.375,57
38.479341,27.133844,1618.61083984375,1772.765625,1874.859375,2023.5625,32,17.1875,111
38.479341,27.136713,1618.61083984375,1773.46875,1883.21875,2026.6953125,32,17.1875,110
38.479341,27.139583,1618.61083984375,1772.2265625,1875.625,2026.0234375,32,17.1875,103
38.479341,27.142453,1611.8717041015625,1769.5078125,1858.609375,2024.125,32,17.1875,69
38.479341,27.145322,1611.8717041015625,1766.59375,1854.1953125,2020.1328125,32,17.1875,89
38.479341,27.148192,1611.8717041015625,1763.671875,1847.140625,2015.0859375,32,17.1875,84
38.479341,27.151062,1613.279052734375,1760.265625,1836.5234375,2009.4140625,32,16.75,114
38.479341,27.153932,1613.279052734375,1743.25,1785.5234375,1987.6015625,32,16.75,146
38.479341,27.156801,1613.279052734375,1764.5,1854.2265625,2013.984375,32,16.75,212
38.479341,27.159671,1622.943603515625,1769.453125,1885.28125,2021.609375,32,16.625,212
38.479341,27.162541,1622.943603515625,1768.1484375,1878.7265625,2019.546875,32,16.625,191
38.479341,27.165411,1622.943603515625,1767.6640625,1878.25,2017.15625,32,16.625,172
38.479341,27.16828,1612.70361328125,1767.1796875,1876.5390625,2016.0625,32,16.8125,165
38.479341,27.17115,1612.70361328125,1766.4140625,1872.28125,2014.78125,32,16.8125,159
38.479341,27.17402,1612.70361328125,1763.4375,1851.9609375,2011.59375,32,16.8125,135
38.479341,27.17689,1607.9835205078125,1763.4765625,1853.4375,2013.1171875,32,17.125,114
38.479341,27.179759,1607.9835205078125,1763.421875,1854.859375,2013.7109375,32,17.125,74
38.479341,27.182629,1607.9835205078125,1763.3515625,1858.3671875,2014.953125,32,17.125,55
38.479341,27.185499,1604.91162109375,1763.296875,1862.0546875,2014.7578125,32,17.1875,74
38.481587,27.0621,1637.585693359375,1788.5625,1904.796875,2045.5703125,32,17.625,2
38.481587,27.06497,1637.585693359375,1788.40625,1905.34375,2045.5703125,32,17.625,3
38.481587,27.067839,1637.0390625,1788.015625,1906.140625,2045.65625,32,17.625,1
38.481587,27.070709,1637.0390625,1787.8671875,1906.5078125,2045.78125,32,17.625,4
38.481587,27.073579,1637.0390625,1787.7421875,1906.84375,2045.4453125,32,17.625,2
38.481587,27.076449,1635.6412353515625,1787.5625,1906.6171875,2045.515625,32,17.625,0
38.481587,27.079318,1635.6412353515625,1787.4375,1907.546875,2045.515625,32,17.625,2
38.481587,27.082188,1635.6412353515625,1787.1953125,1906.890625,2045.2421875,32,17.625,1
38.481587,27.085058,1634.5572509765625,1786.3515625,1906.0703125,2044.4296875,32,17.625,2
38.481587,27.087928,1634.5572509765625,1785.59375,1905.0390625,2043.5546875,32,17.625,6
38.481587,27.090797,1634.5572509765625,1784.65625,1900.5703125,2042.3203125,32,17.625,4
38.481587,27.093667,1631.9854736328125,1782.921875,1891.4296875,2040.1171875,32,17.5,22
38.481587,27.096537,1631.9854736328125,1782.859375,1894.296875,2040.3515625,32,17.5,52
38.481587,27.099407,1631.9854736328125,1782.6875,1896.6875,2039.75,32,17.5,71
38.481587,27.102276,1625.9287109375,1782.40625,1898.5,2038.0390625,32,17.5,40
38.481587,27.105146,1625.9287109375,1778.40625,1870.0546875,2032.765625,32,17.5,19
38.481587,27.108016,1625.9287109375,1780.046875,1887.5078125,2035.8359375,32,17.5,16
38.481587,27.110886,1627.0732421875,1779.65625,1891.3671875,2035.71875,32,17.5,25
38.481587,27.113755,1627.0732421875,1779.046875,1890.4609375,2034.8125,32,17.5,23
38.481587,27.116625,1627.0732421875,1778.3828125,1889.4375,2033.84375,32,17.5,26
38.481587,27.119495,1625.263671875,1777.78125,1888.7578125,2033.25,32,17.5,26
38.481587,27.122365,1625.263671875,1777.234375,1889.4921875,2032.796875,32,17.5,32
38.481587,27.125234,1618.57666015625,1776.171875,1886.8203125,2030.7578125,32,17.375,41
38.481587,27.128104,1618.57666015625,1775.0859375,1882.0234375,2028.578125,32,17.375,51
38.481587,27.130974,1618.57666015625,1772.84375,1870.8515625,2023.5546875,32,17.375,56
38.481587,27.133844,1618.61083984375,1767.375,1851.0390625,2010.359375,32,17.1875,79
38.481587,27.136713,1618.61083984375,1773.71875,1881.7265625,2025.65625,32,17.1875,121
38.481587,27.139583,1618.61083984375,1773.78125,1885.7109375,2027.609375,32,17.1875,128
38.481587,27.142453,1611.8717041015625,1768.59375,1852.015625,2025.1015625,32,17.1875,84
38.481587,27.145322,1611.8717041015625,1765.109375,1850.921875,2018.9453125,32,17.1875,89
38.481587,27.148192,1611.8717041015625,1763.1328125,1850.515625,2019.515625,32,17.1875,147
38.481587,27.151062,1613.279052734375,1760.515625,1847.953125,2018.625,32,16.75,184
38.481587,27.153932,1613.279052734375,1753.4765625,1830.4921875,2013.0703125,32,16.75,235
38.481587,27.156801,1613.279052734375,1765.34375,1867.328125,2020.859375,32,16.75,264
38.481587,27.159671,1622.943603515625,1768.7265625,1878.46875,2022.4609375,32,16.625,227
38.481587,27.162541,1622.943603515625,1767.234375,1869.5,2020.25,32,16.625,210
38.481587,27.165411,1622.943603515625,1765.6171875,1864.3515625,2018.3984375,32,16.625,184
38.481587,27.16828,1612.70361328125,1765.71875,1865.9453125,2016.421875,32,16.8125,156
38.481587,27.17115,1612.70361328125,1765.5703125,1868.0390625,2016.2421875,32,16.8125,152
38.481587,27.17402,1612.70361328125,1765.1796875,1867.0625,2015.5703125,32,16.8125,145
38.481587,27.17689,1607.9835205078125,1764.109375,1861.1796875,2013.765625,32,17.125,137
38.481587,27.179759,1607.9835205078125,1764.0234375,1863.296875,2013.9609375,32,17.125,117
38.481587,27.182629,1607.9835205078125,1762.96875,1858.765625,2014.7421875,32,17.125,101
38.481587,27.185499,1604.91162109375,1760.40625,1846.1796875,2011.375,32,17.1875,97
38.483832,27.0621,1643.8115234375,1790.0234375,1908.875,2049.3671875,32,17.5625,4
38.483832,27.06497,1643.8115234375,1789.90625,1908.515625,2049.421875,32,17.5625,5
38.483832,27.067839,1642.870849609375,1789.5390625,1910.2421875,2049.21875,32,17.625,4
38.483832,27.070709,1642.870849609375,1789.421875,1910.703125,2048.859375,32,17.625,-2
38.483832,27.073579,1642.870849609375,1789.171875,1911.1640625,2048.9140625,32,17.625,3
38.483832,27.076449,1641.4791259765625,1789.0234375,1911.34375,2048.6796875,32,17.5625,1
38.483832,27.079318,1641.4791259765625,1788.84375,1911.109375,2048.6484375,32,17.5625,1
38.483832,27.082188,1641.4791259765625,1788.6640625,1911.5390625,2048.6796875,32,17.5625,3
38.483832,27.085058,1640.78759765625,1787.6328125,1909.2421875,2047.6875,32,17.4375,3
38.483832,27.087928,1640.78759765625,1787,1908.1796875,2046.6015625,32,17.4375,7
38.483832,27.090797,1640.78759765625,1785.65625,1901.6171875,2044.4765625,32,17.4375,10
38.483832,27.093667,1638.611572265625,1784.6875,1897.875,2041.84375,32,17.25,24
38.483832,27.096537,1638.611572265625,1783.8984375,1895.546875,2041.328125,32,17.25,52
38.483832,27.099407,1638.611572265625,1784.203125,1902.875,2042.6328125,32,17.25,76
38.483832,27.102276,1623.664794921875,1782.8359375,1889.421875,2040.1640625,32,17.375,36
38.483832,27.105146,1623.664794921875,1781.234375,1885.2265625,2038.0390625,32,17.375,25
38.483832,27.108016,1623.664794921875,1781.109375,1888.171875,2037.515625,32,17.375,19
38.483832,27.110886,1628.066650390625,1780.71875,1892.375,2037.6953125,32,17.4375,23
38.483832,27.113755,1628.066650390625,1780.171875,1893.609375,2036.8828125,32,17.4375,27
38.483832,27.116625,1628.066650390625,1779.359375,1892.53125,2036.1875,32,17.4375,30
38.483832,27.119495,1624.4949951171875,1778.6640625,1891.4296875,2035.3125,32,17.1875,39
38.483832,27.122365,1624.4949951171875,1778.03125,1891.3828125,2034.28125,32,17.1875,47
38.483832,27.125234,1624.277587890625,1776.6015625,1888.8359375,2032.0390625,32,17,47
38.483832,27.128104,1624.277587890625,1776.3359375,1889.4375,2031.5546875,32,17,76
38.483832,27.130974,1624.277587890625,1775.6640625,1886.765625,2029.546875,32,17,79
38.483832,27.133844,1612.894287109375,1773.875,1877.84375,2024.90625,32,17,80
38.483832,27.136713,1612.894287109375,1767.4140625,1852.3046875,2010.859375,32,17,83
38.483832,27.139583,1612.894287109375,1769.8203125,1862.4296875,2018.53125,32,17,128
38.483832,27.142453,1604.9737548828125,1773.0078125,1878.3515625,2027.7109375,32,16.9375,114
38.483832,27.145322,1604.9737548828125,1758.6640625,1820.90625,2008.8125,32,16.9375,93
38.483832,27.148192,1604.9737548828125,1749.4765625,1800.015625,1993.9453125,32,16.9375,140
38.483832,27.151062,1581.8017578125,1748.21875,1798.7890625,1994.8203125,32,16.4375,200
38.483832,27.153932,1581.8017578125,1752.6640625,1816.2265625,2004.9375,32,16.4375,317
38.483832,27.156801,1581.8017578125,1770.5859375,1889.1484375,2023.375,32,16.4375,340
38.483832,27.159671,1624.934814453125,1760.40625,1839.3515625,2017.4453125,32,15.9375,267
38.483832,27.162541,1624.934814453125,1764.5625,1863.3203125,2020.1953125,32,15.9375,250
38.483832,27.165411,1624.934814453125,1763.546875,1863.03125,2019.7421875,32,15.9375,238
38.483832,27.16828,1627.933837890625,1764.8203125,1869.53125,2019.5859375,32,16.0625,232
38.483832,27.17115,1627.933837890625,1765.5546875,1876.5703125,2018.828125,32,16.0625,224
38.483832,27.17402,1627.933837890625,1765.25,1875.625,2017.921875,32,16.0625,198
38.483832,27.17689,1611.567138671875,1764.6640625,1871.296875,2017.8671875,32,16.5625,177
38.483832,27.179759,1611.567138671875,1764.453125,1872.0703125,2016.8671875,32,16.5625,172
38.483832,27.182629,1611.567138671875,1759.9921875,1845.2265625,2011.5390625,32,16.5625,139
38.483832,27.185499,1602.051513671875,1752.46875,1810.8828125,2003.1484375,32,16.875,119
38.486078,27.0621,1643.8115234375,1790.84375,1912.1953125,2050.609375,32,17.5625,1
38.486078,27.06497,1643.8115234375,1790.7265625,1912.6171875,2050.640625,32,17.5625,8
38.486078,27.067839,1642.870849609375,1790.421875,1911.890625,2050.5234375,32,17.625,1
38.486078,27.070709,1642.870849609375,1790.328125,1913.78125,2050.2890625,32,17.625,3
38.486078,27.073579,1642.870849609375,1790.0859375,1914.6953125,2050.2265625,32,17.625,-1
38.486078,27.076449,1641.4791259765625,1789.9375,1914.96875,2050.3203125,32,17.5625,2
38.486078,27.079318,1641.4791259765625,1789.7265625,1914.765625,2050.1953125,32,17.5625,1
38.486078,27.082188,1641.4791259765625,1789.578125,1915.2265625,2050.140625,32,17.5625,2
38.486078,27.085058,1640.78759765625,1788.421875,1911.875,2048.7890625,32,17.4375,6
38.486078,27.087928,1640.78759765625,1787.7578125,1910.2421875,2048.0625,32,17.4375,17
38.486078,27.090797,1640.78759765625,1786.7890625,1906.859375,2046.9375,32,17.4375,32
38.486078,27.093667,1638.611572265625,1786.1171875,1905.859375,2045.9375,32,17.25,48
38.486078,27.096537,1638.611572265625,1785.296875,1903.4609375,2044.8125,32,17.25,73
38.486078,27.099407,1638.611572265625,1785.2421875,1908.078125,2044.5703125,32,17.25,91
38.486078,27.102276,1623.664794921875,1783.234375,1890.6328125,2042.75,32,17.375,49
38.486078,27.105146,1623.664794921875,1780.40625,1877.9765625,2040.0859375,32,17.375,25
38.486078,27.108016,1623.664794921875,1781.875,1893.2890625,2039.703125,32,17.375,24
38.486078,27.110886,1628.066650390625,1781.234375,1892.78125,2038.9140625,32,17.4375,31
38.486078,27.113755,1628.066650390625,1780.0859375,1892.28125,2038.125,32,17.4375,27
38.486078,27.116625,1628.066650390625,1778.7109375,1886.96875,2036.21875,32,17.4375,43
38.486078,27.119495,1624.4949951171875,1778.0234375,1887.9296875,2036.2578125,32,17.1875,44
38.486078,27.122365,1624.4949951171875,1774.0078125,1872.0078125,2032.8984375,32,17.1875,74
38.486078,27.125234,1624.277587890625,1774.0546875,1874.53125,2033.28125,32,17,88
38.486078,27.128104,1624.277587890625,1772.34375,1864.65625,2027.9375,32,17,81
38.486078,27.130974,1624.277587890625,1775.546875,1882.6171875,2031.8984375,32,17,102
38.486078,27.133844,1612.894287109375,1773.359375,1875.21875,2028.2578125,32,17,116
38.486078,27.136713,1612.894287109375,1773.1796875,1871.578125,2026.4296875,32,17,91
38.486078,27.139583,1612.894287109375,1759.8046875,1820.890625,2004.0078125,32,17,108
38.486078,27.142453,1604.9737548828125,1767.859375,1856.8203125,2016.9921875,32,16.9375,151
38.486078,27.145322,1604.9737548828125,1758.0234375,1811.40625,2005.265625,32,16.9375,104
38.486078,27.148192,1604.9737548828125,1750.4921875,1801.140625,1987.453125,32,16.9375,127
38.486078,27.151062,1581.8017578125,1733.4765625,1762.234375,1960.4375,32,16.4375,180
38.486078,27.153932,1581.8017578125,1706.984375,1706.375,1919.1953125,32,16.4375,263
38.486078,27.156801,1581.8017578125,1765.9609375,1863.015625,2007.703125,32,16.4375,324
38.486078,27.159671,1624.934814453125,1768.0078125,1867.9765625,2018.8125,32,15.9375,301
38.486078,27.162541,1624.934814453125,1765.046875,1875.9765625,2021.359375,32,15.9375,304
38.486078,27.165411,1624.934814453125,1766.109375,1880.2421875,2020.5390625,32,15.9375,314
38.486078,27.16828,1627.933837890625,1764.7890625,1871.515625,2020.140625,32,16.0625,294
38.486078,27.17115,1627.933837890625,1765.03125,1874.5390625,2019.4140625,32,16.0625,284
38.486078,27.17402,1627.933837890625,1762.7890625,1865.8984375,2018.3203125,32,16.0625,249
38.486078,27.17689,1611.567138671875,1761.984375,1862.203125,2018.0859375,32,16.5625,223
38.486078,27.179759,1611.567138671875,1762.9609375,1864.4375,2016.6015625,32,16.5625,189
38.486078,27.182629,1611.567138671875,1749.7265625,1806.625,1995.140625,32,16.5625,127
38.486078,27.185499,1602.051513671875,1758.0859375,1836.7734375,2006.421875,32,16.875,107
38.488324,27.0621,1643.8115234375,1791.7265625,1915.2421875,2052.28125,32,17.5625,4
38.488324,27.06497,1643.8115234375,1791.578125,1915.8515625,2051.9765625,32,17.5625,4
38.488324,27.067839,1642.870849609375,1791.125,1915.5859375,2051.8359375,32,17.625,1
38.488324,27.070709,1642.870849609375,1791,1916.25,2051.8046875,32,17.625,1
38.488324,27.073579,1642.870849609375,1790.9453125,1917.3359375,2051.7421875,32,17.625,2
38.488324,27.076449,1641.4791259765625,1790.703125,1916.609375,2051.65625,32,17.5625,2
38.488324,27.079318,1641.4791259765625,1789.9140625,1911.5703125,2050.90625,32,17.5625,15
38.488324,27.082188,1641.4791259765625,1790.15625,1916.359375,2051.5390625,32,17.5625,32
38.488324,27.085058,1640.78759765625,1789.15625,1913.640625,2050.6015625,32,17.4375,34
38.488324,27.087928,1640.78759765625,1787.9453125,1907.703125,2048.328125,32,17.4375,30
38.488324,27.090797,1640.78759765625,1787.703125,1910.359375,2047.7578125,32,17.4375,55
38.488324,27.093667,1638.611572265625,1787.3125,1912.0546875,2047.515625,32,17.25,67
38.488324,27.096537,1638.611572265625,1786.2734375,1907.671875,2045.609375,32,17.25,86
38.488324,27.099407,1638.611572265625,1786.1015625,1911.890625,2045.640625,32,17.25,104
38.488324,27.102276,1623.664794921875,1784.484375,1897.6328125,2039.921875,32,17.375,71
38.488324,27.105146,1623.664794921875,1780.4375,1876.125,2036.796875,32,17.375,27
38.488324,27.108016,1623.664794921875,1782.2421875,1891.203125,2040.1328125,32,17.375,28
38.488324,27.110886,1628.066650390625,1781.9140625,1897.3359375,2039.8046875,32,17.4375,38
38.488324,27.113755,1628.066650390625,1779.875,1889.6796875,2038.3515625,32,17.4375,33
38.488324,27.116625,1628.066650390625,1774.53125,1866.234375,2030.6640625,32,17.4375,42
38.488324,27.119495,1624.4949951171875,1773.3828125,1866.3203125,2030.5,32,17.1875,94
38.488324,27.122365,1624.4949951171875,1768.5,1849.53125,2028.953125,32,17.1875,94
38.488324,27.125234,1624.277587890625,1777.5859375,1891.5078125,2034.8359375,32,17,178
38.488324,27.128104,1624.277587890625,1758.8671875,1814.15625,2022.3359375,32,17,120
38.488324,27.130974,1624.277587890625,1774,1870.75,2031.3984375,32,17,136
38.488324,27.133844,1612.894287109375,1768.0078125,1846.453125,2024.2734375,32,17,140
38.488324,27.136713,1612.894287109375,1774.1640625,1877.953125,2029.765625,32,17,134
38.488324,27.139583,1612.894287109375,1765.0390625,1833.21875,2020,32,17,102
38.488324,27.142453,1604.9737548828125,1748.0546875,1788.5625,1990.828125,32,16.9375,174
38.488324,27.145322,1604.9737548828125,1754.0390625,1797.4609375,2006.0703125,32,16.9375,144
38.488324,27.148192,1604.9737548828125,1752.453125,1797.9453125,1994.203125,32,16.9375,122
38.488324,27.151062,1581.8017578125,1746.3203125,1792.6015625,1979.6796875,32,16.4375,146
38.488324,27.153932,1581.8017578125,1730.46875,1757.4765625,1953.7890625,32,16.4375,203
38.488324,27.156801,1581.8017578125,1732.9453125,1763.0859375,1962.9765625,32,16.4375,277
38.488324,27.159671,1624.934814453125,1750.8984375,1812.8046875,1999.375,32,15.9375,366
38.488324,27.162541,1624.934814453125,1769.5078125,1893.875,2021.7890625,32,15.9375,416
38.488324,27.165411,1624.934814453125,1766.796875,1874.65625,2020.6328125,32,15.9375,400
38.488324,27.16828,1627.933837890625,1767.5625,1881.4140625,2020.546875,32,16.0625,370
38.488324,27.17115,1627.933837890625,1767.015625,1881.03125,2019.640625,32,16.0625,351
38.488324,27.17402,1627.933837890625,1764.4921875,1866.828125,2017.1171875,32,16.0625,301
38.488324,27.17689,1611.567138671875,1752.171875,1818.578125,2004.28125,32,16.5625,236
38.488324,27.179759,1611.567138671875,1747.9609375,1806.6484375,1996.625,32,16.5625,182
38.488324,27.182629,1611.567138671875,1755.8125,1835.2890625,2009.8828125,32,16.5625,155
38.488324,27.185499,1602.051513671875,1756.7265625,1836.703125,2010.5625,32,16.875,130
38.49057,27.0621,1643.8115234375,1792.609375,1918.34375,2053.703125,32,17.5625,7
38.49057,27.06497,1643.8115234375,1792.34375,1917.7421875,2053.5859375,32,17.5625,8
38.49057,27.067839,1642.870849609375,1791.828125,1917.796875,2053.3203125,32,17.625,13
38.49057,27.070709,1642.870849609375,1791.46875,1914.421875,2053.140625,32,17.625,6
38.49057,27.073579,1642.870849609375,1791.40625,1915.734375,2053.0859375,32,17.625,6
38.49057,27.076449,1641.4791259765625,1791.1328125,1915.8046875,2052.484375,32,17.5625,8
38.49057,27.079318,1641.4791259765625,1789,1902.390625,2047.7109375,32,17.5625,31
38.49057,27.082188,1641.4791259765625,1790.28125,1911.6796875,2050.375,32,17.5625,64
38.49057,27.085058,1640.78759765625,1790.40625,1921.046875,2052.0625,32,17.4375,71
38.49057,27.087928,1640.78759765625,1789.6484375,1919.0234375,2051.1875,32,17.4375,74
38.49057,27.090797,1640.78759765625,1788.6796875,1913.9296875,2049.984375,32,17.4375,70
38.49057,27.093667,1638.611572265625,1788.1640625,1915.546875,2048.7421875,32,17.25,76
38.49057,27.096537,1638.611572265625,1787.5546875,1915.46875,2047.9453125,32,17.25,93
38.49057,27.099407,1638.611572265625,1786.765625,1911.8203125,2046.5234375,32,17.25,84
38.49057,27.102276,1623.664794921875,1778.015625,1863.4296875,2032.8828125,32,17.375,48
38.49057,27.105146,1623.664794921875,1782.7578125,1889.4140625,2040.5625,32,17.375,34
38.49057,27.108016,1623.664794921875,1783.0703125,1896.171875,2041.078125,32,17.375,36
38.49057,27.110886,1628.066650390625,1781.8671875,1895.2421875,2039.921875,32,17.4375,38
38.49057,27.113755,1628.066650390625,1779.8125,1886.765625,2038.03125,32,17.4375,45
38.49057,27.116625,1628.066650390625,1769.4921875,1847.9375,2024.765625,32,17.4375,50
38.49057,27.119495,1624.4949951171875,1740.3828125,1769.8046875,1986.6171875,32,17.1875,118
38.49057,27.122365,1624.4949951171875,1776.2734375,1879.265625,2031.25,32,17.1875,164
38.49057,27.125234,1624.277587890625,1779.015625,1897.2578125,2033.125,32,17,196
38.49057,27.128104,1624.277587890625,1767.984375,1837.453125,2017.671875,32,17,154
38.49057,27.130974,1624.277587890625,1766.1484375,1839.484375,2021.8515625,32,17,149
38.49057,27.133844,1612.894287109375,1776.4140625,1895.6640625,2032.2109375,32,17,191
38.49057,27.136713,1612.894287109375,1775.046875,1883.1015625,2030.484375,32,17,180
38.49057,27.139583,1612.894287109375,1759.8203125,1813.25,2014.046875,32,17,125
38.49057,27.142453,1604.9737548828125,1753.6640625,1795.140625,2002.1484375,32,16.9375,159
38.49057,27.145322,1604.9737548828125,1765.65625,1846.7421875,2021.1484375,32,16.9375,213
38.49057,27.148192,1604.9737548828125,1754.4921875,1802.75,2006.0234375,32,16.9375,148
38.49057,27.151062,1581.8017578125,1753.3359375,1804.4453125,1996.0234375,32,16.4375,133
38.49057,27.153932,1581.8017578125,1744.671875,1788.234375,1981.65625,32,16.4375,176
38.49057,27.156801,1581.8017578125,1718.375,1731.296875,1948.2890625,32,16.4375,231
38.49057,27.159671,1624.934814453125,1727.0859375,1750.65625,1958.0234375,32,15.9375,349
38.49057,27.162541,1624.934814453125,1754.2265625,1828.1640625,1987.2890625,32,15.9375,372
38.49057,27.165411,1624.934814453125,1769.390625,1892.109375,2021.1015625,32,15.9375,428
38.49057,27.16828,1627.933837890625,1767.078125,1881.9140625,2020.546875,32,16.0625,397
38.49057,27.17115,1627.933837890625,1765.46875,1874.3828125,2019.1875,32,16.0625,369
38.49057,27.17402,1627.933837890625,1764.7109375,1872.09375,2018.34375,32,16.0625,331
38.49057,27.17689,1611.567138671875,1763.1640625,1867.578125,2018.171875,32,16.5625,307
38.49057,27.179759,1611.567138671875,1763.0859375,1871.0078125,2018.015625,32,16.5625,288
38.49057,27.182629,1611.567138671875,1731.2734375,1771.0078125,1991.234375,32,16.5625,238
38.49057,27.185499,1602.051513671875,1743.1171875,1793.546875,2003.5703125,32,16.875,155
38.492816,27.0621,1644.894775390625,1793.1953125,1918.78125,2055.2265625,32,17.5,10
38.492816,27.06497,1644.894775390625,1792.796875,1916.65625,2054.7734375,32,17.5,11
38.492816,27.067839,1640.9810791015625,1792.7109375,1920.3984375,2054.875,32,17.3125,39
38.492816,27.070709,1640.9810791015625,1791.765625,1912.78125,2055.0234375,32,17.3125,24
38.492816,27.073579,1640.9810791015625,1791.5625,1911.8515625,2054.8203125,32,17.3125,15
38.492816,27.076449,1642.055908203125,1792.046875,1917.109375,2054.765625,32,17.25,18
38.492816,27.079318,1642.055908203125,1791.3828125,1914.5,2052.4375,32,17.25,24
38.492816,27.082188,1642.055908203125,1790.5390625,1910.7109375,2050.6796875,32,17.25,65
38.492816,27.085058,1650.5953369140625,1790.953125,1920.2890625,2053.625,32,16.9375,86
38.492816,27.087928,1650.5953369140625,1790.6875,1924.4140625,2053.2265625,32,16.9375,96
38.492816,27.090797,1650.5953369140625,1789.6875,1919.5,2052.2578125,32,16.9375,89
38.492816,27.093667,1644.6383056640625,1788.71875,1917.4453125,2050.8046875,32,16.9375,89
38.492816,27.096537,1644.6383056640625,1788.0546875,1916.015625,2049.59375,32,16.9375,97
38.492816,27.099407,1644.6383056640625,1787.5625,1917.6640625,2048.71875,32,16.9375,106
38.492816,27.102276,1632.249755859375,1786.59375,1910.40625,2045.8046875,32,17.125,102
38.492816,27.105146,1632.249755859375,1782.4375,1885.171875,2041.0234375,32,17.125,47
38.492816,27.108016,1632.249755859375,1783.5078125,1898.671875,2041.640625,32,17.125,44
38.492816,27.110886,1629.80908203125,1783.0859375,1902.125,2040.8203125,32,17.25,45
38.492816,27.113755,1629.80908203125,1780.359375,1887.75,2035.7265625,32,17.25,49
38.492816,27.116625,1629.80908203125,1772.6796875,1859.6171875,2021.7109375,32,17.25,47
38.492816,27.119495,1606.7457275390625,1748.7578125,1791.265625,1983.8203125,32,17.125,86
38.492816,27.122365,1606.7457275390625,1730.8203125,1750.5859375,1961.9609375,32,17.125,196
38.492816,27.125234,1604.082763671875,1779.171875,1893.8046875,2033.6640625,32,16.9375,173
38.492816,27.128104,1604.082763671875,1773.3828125,1860.03125,2024.7890625,32,16.9375,146
38.492816,27.130974,1604.082763671875,1756.9921875,1815.5,2002.6015625,32,16.9375,163
38.492816,27.133844,1609.1903076171875,1770.296875,1864.765625,2022,32,16.6875,226
38.492816,27.136713,1609.1903076171875,1769.359375,1856.640625,2027.4453125,32,16.6875,176
38.492816,27.139583,1609.1903076171875,1758.40625,1814.53125,2014.6171875,32,16.6875,131
38.492816,27.142453,1605.4993896484375,1754.40625,1794.7421875,2003.078125,32,16.625,157
38.492816,27.145322,1605.4993896484375,1770.6328125,1874.34375,2022.453125,32,16.625,234
38.492816,27.148192,1605.4993896484375,1753.1953125,1800.0234375,2008.234375,32,16.625,180
38.492816,27.151062,1595.935791015625,1753.8359375,1799.59375,2000.75,32,16.625,147
38.492816,27.153932,1595.935791015625,1754.578125,1815.0234375,1995.421875,32,16.625,178
38.492816,27.156801,1595.935791015625,1744.328125,1792.96875,1981.0859375,32,16.625,233
38.492816,27.159671,1573.840087890625,1745.8125,1801.046875,1979.46875,32,16,293
38.492816,27.162541,1573.840087890625,1700.7265625,1700.9296875,1928.0625,32,16,332
38.492816,27.165411,1573.840087890625,1759.4453125,1846.921875,2006.3515625,32,16,418
38.492816,27.16828,1633.68115234375,1769.1875,1893.875,2020.59375,32,15.375,446
38.492816,27.17115,1633.68115234375,1763.9375,1864.7578125,2016.5625,32,15.375,409
38.492816,27.17402,1633.68115234375,1766.4609375,1882.7734375,2018.8984375,32,15.375,372
38.492816,27.17689,1625.2244873046875,1766.7734375,1889.859375,2018.90625,32,15.6875,364
38.492816,27.179759,1625.2244873046875,1765.3359375,1881.5078125,2017.3828125,32,15.6875,353
38.492816,27.182629,1625.2244873046875,1710.671875,1718.203125,1960.2265625,32,15.6875,270
38.492816,27.185499,1606.067626953125,1732.46875,1756.7734375,1990.6015625,32,16.125,175
38.495061,27.0621,1644.894775390625,1793.984375,1921.3671875,2056.421875,32,17.5,10
38.495061,27.06497,1644.894775390625,1793.109375,1914.8828125,2054.328125,32,17.5,10
38.495061,27.067839,1640.9810791015625,1785.7890625,1881.734375,2039.875,32,17.3125,37
38.495061,27.070709,1640.9810791015625,1793.65625,1924.1796875,2056.0625,32,17.3125,72
38.495061,27.073579,1640.9810791015625,1792.9921875,1919.828125,2056.421875,32,17.3125,51
38.495061,27.076449,1642.055908203125,1789.671875,1897.4609375,2054.734375,32,17.25,41
38.495061,27.079318,1642.055908203125,1790.7734375,1908.7109375,2054.0625,32,17.25,56
38.495061,27.082188,1642.055908203125,1792.296875,1923.015625,2055.953125,32,17.25,72
38.495061,27.085058,1650.5953369140625,1791.71875,1922.7109375,2055.0546875,32,16.9375,101
38.495061,27.087928,1650.5953369140625,1791.4453125,1925.203125,2054.53125,32,16.9375,130
38.495061,27.090797,1650.5953369140625,1790.75,1925.078125,2053.65625,32,16.9375,137
38.495061,27.093667,1644.6383056640625,1789.96875,1923.03125,2052.265625,32,16.9375,132
38.495061,27.096537,1644.6383056640625,1786.765625,1902.9453125,2050.71875,32,16.9375,109
38.495061,27.099407,1644.6383056640625,1786.9609375,1904.5,2049.1796875,32,16.9375,107
38.495061,27.102276,1632.249755859375,1778.9765625,1865.828125,2034.9765625,32,17.125,71
38.495061,27.105146,1632.249755859375,1784.5625,1900.6328125,2046,32,17.125,51
38.495061,27.108016,1632.249755859375,1783.6328125,1899.4375,2042.8203125,32,17.125,53
38.495061,27.110886,1629.80908203125,1783.421875,1902.3203125,2041.515625,32,17.25,67
38.495061,27.113755,1629.80908203125,1782.5078125,1900.53125,2038.828125,32,17.25,65
38.495061,27.116625,1629.80908203125,1779.9375,1889.203125,2032.703125,32,17.25,58
38.495061,27.119495,1606.7457275390625,1771.984375,1860.6875,2015.6875,32,17.125,62
38.495061,27.122365,1606.7457275390625,1756.1328125,1816.90625,1986.4921875,32,17.125,136
38.495061,27.125234,1604.082763671875,1775.0546875,1877.25,2017.6875,32,16.9375,160
38.495061,27.128104,1604.082763671875,1771.1796875,1855.578125,2013.4765625,32,16.9375,140
38.495061,27.130974,1604.082763671875,1755.6796875,1811.0078125,1992.578125,32,16.9375,130
38.495061,27.133844,1609.1903076171875,1740.1171875,1778.765625,1969.7109375,32,16.6875,234
38.495061,27.136713,1609.1903076171875,1775.96875,1891.6640625,2026.796875,32,16.6875,231
38.495061,27.139583,1609.1903076171875,1752.7734375,1797.8828125,2005.21875,32,16.6875,154
38.495061,27.142453,1605.4993896484375,1757.6484375,1805.125,2006.015625,32,16.625,163
38.495061,27.145322,1605.4993896484375,1765.359375,1855.984375,2008.0078125,32,16.625,205
38.495061,27.148192,1605.4993896484375,1764.6796875,1838.6875,2009.3359375,32,16.625,209
38.495061,27.151062,1595.935791015625,1760.265625,1823.4140625,2005.046875,32,16.625,171
38.495061,27.153932,1595.935791015625,1758.8828125,1831.71875,2003.2421875,32,16.625,189
38.495061,27.156801,1595.935791015625,1755.390625,1826.34375,1998.171875,32,16.625,221
38.495061,27.159671,1573.840087890625,1747.71875,1807.40625,1988.515625,32,16,262
38.495061,27.162541,1573.840087890625,1713.359375,1725.9921875,1944.390625,32,16,322
38.495061,27.165411,1573.840087890625,1753.1953125,1827.1875,1991.03125,32,16,431
38.495061,27.16828,1633.68115234375,1769.59375,1901.65625,2020.359375,32,15.375,457
38.495061,27.17115,1633.68115234375,1767.9296875,1891.3359375,2019.7578125,32,15.375,432
38.495061,27.17402,1633.68115234375,1766.8359375,1887.125,2019.453125,32,15.375,417
38.495061,27.17689,1625.2244873046875,1766.109375,1886.8046875,2018.3984375,32,15.6875,394
38.495061,27.179759,1625.2244873046875,1762.375,1868.15625,2013.09375,32,15.6875,342
38.495061,27.182629,1625.2244873046875,1748.28125,1815.421875,2003.125,32,15.6875,280
38.495061,27.185499,1606.067626953125,1755.890625,1846.875,2012.4453125,32,16.125,258
38.497307,27.0621,1644.894775390625,1793.984375,1921.3671875,2056.421875,32,17.5,13
38.497307,27.06497,1644.894775390625,1793.109375,1914.8828125,2054.328125,32,17.5,14
38.497307,27.067839,1640.9810791015625,1785.7890625,1881.734375,2039.875,32,17.3125,17
38.497307,27.070709,1640.9810791015625,1793.65625,1924.1796875,2056.0625,32,17.3125,72
38.497307,27.073579,1640.9810791015625,1792.9921875,1919.828125,2056.421875,32,17.3125,99
38.497307,27.076449,1642.055908203125,1789.671875,1897.4609375,2054.734375,32,17.25,58
38.497307,27.079318,1642.055908203125,1790.7734375,1908.7109375,2054.0625,32,17.25,83
38.497307,27.082188,1642.055908203125,1792.296875,1923.015625,2055.953125,32,17.25,129
38.497307,27.085058,1650.5953369140625,1791.71875,1922.7109375,2055.0546875,32,16.9375,130
38.497307,27.087928,1650.5953369140625,1791.4453125,1925.203125,2054.53125,32,16.9375,148
38.497307,27.090797,1650.5953369140625,1790.75,1925.078125,2053.65625,32,16.9375,171
38.497307,27.093667,1644.6383056640625,1789.96875,1923.03125,2052.265625,32,16.9375,180
38.497307,27.096537,1644.6383056640625,1786.765625,1902.9453125,2050.71875,32,16.9375,131
38.497307,27.099407,1644.6383056640625,1786.9609375,1904.5,2049.1796875,32,16.9375,93
38.497307,27.102276,1632.249755859375,1778.9765625,1865.828125,2034.9765625,32,17.125,91
38.497307,27.105146,1632.249755859375,1784.5625,1900.6328125,2046,32,17.125,127
38.497307,27.108016,1632.249755859375,1783.6328125,1899.4375,2042.8203125,32,17.125,88
38.497307,27.110886,1629.80908203125,1783.421875,1902.3203125,2041.515625,32,17.25,74
38.497307,27.113755,1629.80908203125,1782.5078125,1900.53125,2038.828125,32,17.25,84
38.497307,27.116625,1629.80908203125,1779.9375,1889.203125,2032.703125,32,17.25,77
38.497307,27.119495,1606.7457275390625,1771.984375,1860.6875,2015.6875,32,17.125,62
38.497307,27.122365,1606.7457275390625,1756.1328125,1816.90625,1986.4921875,32,17.125,74
38.497307,27.125234,1604.082763671875,1775.0546875,1877.25,2017.6875,32,16.9375,86
38.497307,27.128104,1604.082763671875,1771.1796875,1855.578125,2013.4765625,32,16.9375,94
38.497307,27.130974,1604.082763671875,1755.6796875,1811.0078125,1992.578125,32,16.9375,122
38.497307,27.133844,1609.1903076171875,1740.1171875,1778.765625,1969.7109375,32,16.6875,168
38.497307,27.136713,1609.1903076171875,1775.96875,1891.6640625,2026.796875,32,16.6875,209
38.497307,27.139583,1609.1903076171875,1752.7734375,1797.8828125,2005.21875,32,16.6875,185
38.497307,27.142453,1605.4993896484375,1757.6484375,1805.125,2006.015625,32,16.625,158
38.497307,27.145322,1605.4993896484375,1765.359375,1855.984375,2008.0078125,32,16.625,182
38.497307,27.148192,1605.4993896484375,1764.6796875,1838.6875,2009.3359375,32,16.625,204
38.497307,27.151062,1595.935791015625,1760.265625,1823.4140625,2005.046875,32,16.625,191
38.497307,27.153932,1595.935791015625,1758.8828125,1831.71875,2003.2421875,32,16.625,199
38.497307,27.156801,1595.935791015625,1755.390625,1826.34375,1998.171875,32,16.625,220
38.497307,27.159671,1573.840087890625,1747.71875,1807.40625,1988.515625,32,16,255
38.497307,27.162541,1573.840087890625,1713.359375,1725.9921875,1944.390625,32,16,296
38.497307,27.165411,1573.840087890625,1753.1953125,1827.1875,1991.03125,32,16,371
38.497307,27.16828,1633.68115234375,1769.59375,1901.65625,2020.359375,32,15.375,480
38.497307,27.17115,1633.68115234375,1767.9296875,1891.3359375,2019.7578125,32,15.375,475
38.497307,27.17402,1633.68115234375,1766.8359375,1887.125,2019.453125,32,15.375,446
38.497307,27.17689,1625.2244873046875,1766.109375,1886.8046875,2018.3984375,32,15.6875,427
38.497307,27.179759,1625.2244873046875,1762.375,1868.15625,2013.09375,32,15.6875,401
38.497307,27.182629,1625.2244873046875,1748.28125,1815.421875,2003.125,32,15.6875,364
38.497307,27.185499,1606.067626953125,1755.890625,1846.875,2012.4453125,32,16.125,377
38.499553,27.0621,1644.894775390625,1794.5390625,1921.4609375,2057.7265625,32,17.5,33
38.499553,27.06497,1644.894775390625,1793.6640625,1914.9296875,2056.359375,32,17.5,19
38.499553,27.067839,1640.9810791015625,1786.5859375,1883.265625,2042.5078125,32,17.3125,19
38.499553,27.070709,1640.9810791015625,1784.375,1877.703125,2038.8046875,32,17.3125,54
38.499553,27.073579,1640.9810791015625,1793.9609375,1924.2109375,2056.5546875,32,17.3125,114
38.499553,27.076449,1642.055908203125,1791.5546875,1906.5625,2057.375,32,17.25,107
38.499553,27.079318,1642.055908203125,1774.40625,1829.09375,2033.53125,32,17.25,65
38.499553,27.082188,1642.055908203125,1789.984375,1905.4453125,2050.8828125,32,17.25,149
38.499553,27.085058,1650.5953369140625,1792.7265625,1928.1484375,2056.8203125,32,16.9375,152
38.499553,27.087928,1650.5953369140625,1791.015625,1921.1953125,2055.484375,32,16.9375,164
38.499553,27.090797,1650.5953369140625,1791.21875,1925.1875,2054.8515625,32,16.9375,192
38.499553,27.093667,1644.6383056640625,1790.515625,1921.421875,2053.0234375,32,16.9375,187
38.499553,27.096537,1644.6383056640625,1782.4765625,1878.515625,2042.9140625,32,16.9375,141
38.499553,27.099407,1644.6383056640625,1783.65625,1888.25,2046.453125,32,16.9375,127
38.499553,27.102276,1632.249755859375,1785.0859375,1900.8125,2049.3046875,32,17.125,142
38.499553,27.105146,1632.249755859375,1784.203125,1901.5859375,2048.2109375,32,17.125,169
38.499553,27.108016,1632.249755859375,1780.578125,1890.6328125,2045.1484375,32,17.125,135
38.499553,27.110886,1629.80908203125,1782.59375,1897.53125,2043.9296875,32,17.25,112
38.499553,27.113755,1629.80908203125,1783.5703125,1905.890625,2042.78125,32,17.25,98
38.499553,27.116625,1629.80908203125,1782.359375,1901.7421875,2040.4140625,32,17.25,85
38.499553,27.119495,1606.7457275390625,1780.296875,1890.71875,2035.453125,32,17.125,68
38.499553,27.122365,1606.7457275390625,1779.390625,1892.2734375,2033.453125,32,17.125,88
38.499553,27.125234,1604.082763671875,1776.1328125,1886.21875,2025.65625,32,16.9375,93
38.499553,27.128104,1604.082763671875,1772.84375,1872.6484375,2019.8515625,32,16.9375,115
38.499553,27.130974,1604.082763671875,1770.4609375,1867.0234375,2013.40625,32,16.9375,111
38.499553,27.133844,1609.1903076171875,1763.3125,1843.109375,2001.5390625,32,16.6875,142
38.499553,27.136713,1609.1903076171875,1766.8203125,1856.03125,2011.6875,32,16.6875,205
38.499553,27.139583,1609.1903076171875,1773.75,1876.6015625,2025.6171875,32,16.6875,181
38.499553,27.142453,1605.4993896484375,1759.3125,1813.8359375,2008.1640625,32,16.625,158
38.499553,27.145322,1605.4993896484375,1770.46875,1877.3125,2020.5703125,32,16.625,179
38.499553,27.148192,1605.4993896484375,1768.5703125,1871.625,2018.8828125,32,16.625,196
38.499553,27.151062,1595.935791015625,1766.046875,1860.5703125,2015.5390625,32,16.625,209
38.499553,27.153932,1595.935791015625,1762.09375,1847.484375,2009.7265625,32,16.625,200
38.499553,27.156801,1595.935791015625,1756.3203125,1831.8671875,2000.7890625,32,16.625,228
38.499553,27.159671,1573.840087890625,1752.3125,1821.859375,1995.96875,32,16,260
38.499553,27.162541,1573.840087890625,1718.828125,1740.2578125,1948.9453125,32,16,292
38.499553,27.165411,1573.840087890625,1697.4921875,1696.5234375,1919.140625,32,16,346
38.499553,27.16828,1633.68115234375,1758.7734375,1849.734375,2006.25,32,15.375,463
38.499553,27.17115,1633.68115234375,1768.2734375,1902.1015625,2021.28125,32,15.375,525
38.499553,27.17402,1633.68115234375,1765.1015625,1886.6875,2020.5546875,32,15.375,512
38.499553,27.17689,1625.2244873046875,1764.3515625,1886.5078125,2019.796875,32,15.6875,490
38.499553,27.179759,1625.2244873046875,1763.9921875,1886.609375,2019.1328125,32,15.6875,472
38.499553,27.182629,1625.2244873046875,1759.171875,1862.90625,2016.7109375,32,15.6875,423
38.499553,27.185499,1606.067626953125,1757.8359375,1856.53125,2014.3125,32,16.125,382
38.501799,27.0621,1652.559814453125,1795.5703125,1926.9765625,2059.4453125,33,17.0625,90
38.501799,27.06497,1652.559814453125,1792.921875,1905.859375,2058.7265625,33,17.0625,49
38.501799,27.067839,1636.8333740234375,1791.1796875,1898.9296875,2050.15625,32,17.125,29
38.501799,27.070709,1636.8333740234375,1788.390625,1892.0703125,2042.171875,32,17.125,45
38.501799,27.073579,1636.8333740234375,1786.96875,1891.015625,2037.5,32,17.125,65
38.501799,27.076449,1644.32373046875,1794.390625,1926.96875,2054.734375,32,16.875,103
38.501799,27.079318,1644.32373046875,1791.8359375,1901.2265625,2052.5703125,32,16.875,98
38.501799,27.082188,1644.32373046875,1780.2890625,1866.2265625,2029.9765625,32,16.875,106
38.501799,27.085058,1647.1087646484375,1791.6953125,1918.984375,2054.09375,32,16.5625,148
38.501799,27.087928,1647.1087646484375,1788.8515625,1909.8359375,2053.390625,32,16.5625,196
38.501799,27.090797,1647.1087646484375,1791.484375,1925.8671875,2054.9375,32,16.5625,240
38.501799,27.093667,1654.9912109375,1790.34375,1921.9375,2053.5078125,32,16.1875,239
38.501799,27.096537,1654.9912109375,1787.75,1914.6796875,2052.5390625,32,16.1875,238
38.501799,27.099407,1654.9912109375,1786.578125,1918.4296875,2051.4765625,32,16.1875,259
38.501799,27.102276,1651.474853515625,1781.8828125,1900.65625,2049.625,32,16.125,237
38.501799,27.105146,1651.474853515625,1785.609375,1916.2265625,2047.6328125,32,16.125,245
38.501799,27.108016,1651.474853515625,1783.6875,1904.4453125,2044.8984375,32,16.125,207
38.501799,27.110886,1630.4993896484375,1770.4609375,1850.0859375,2031.7578125,32,16.75,138
38.501799,27.113755,1630.4993896484375,1779.2578125,1885.140625,2041.203125,32,16.75,114
38.501799,27.116625,1630.4993896484375,1780.0234375,1889.0078125,2040.390625,32,16.75,111
38.501799,27.119495,1615.48095703125,1777.9921875,1882.0625,2036.34375,32,16.9375,86
38.501799,27.122365,1615.48095703125,1774.4453125,1873.1640625,2032.359375,32,16.9375,106
38.501799,27.125234,1623.88134765625,1768.9765625,1866.328125,2029.71875,32,16.5,153
38.501799,27.128104,1623.88134765625,1776.8203125,1896.6953125,2032.7734375,32,16.5,209
38.501799,27.130974,1623.88134765625,1770.0625,1866.4453125,2027.203125,32,16.5,168
38.501799,27.133844,1622.74462890625,1767.4921875,1852.2109375,2016.40625,32,16.5,134
38.501799,27.136713,1622.74462890625,1762.515625,1842.5,2006.6015625,32,16.5,189
38.501799,27.139583,1622.74462890625,1774.9453125,1890.171875,2025.953125,32,16.5,183
38.501799,27.142453,1618.5535888671875,1771.375,1871.328125,2021.7421875,32,16.5625,175
38.501799,27.145322,1618.5535888671875,1769.390625,1872.46875,2018.625,32,16.5625,182
38.501799,27.148192,1618.5535888671875,1767.7421875,1869.6484375,2017.59375,32,16.5625,193
38.501799,27.151062,1610.71533203125,1765.46875,1862.390625,2015.5625,32,16.375,205
38.501799,27.153932,1610.71533203125,1762.09375,1851.296875,2010.0546875,32,16.375,227
38.501799,27.156801,1610.71533203125,1757.5,1838.3359375,2003.859375,32,16.375,233
38.501799,27.159671,1606.4783935546875,1753.78125,1829.3671875,1998.78125,32,15.8125,281
38.501799,27.162541,1606.4783935546875,1742.8671875,1801.390625,1985,32,15.8125,332
38.501799,27.165411,1606.4783935546875,1714.0703125,1735.4375,1946.90625,32,15.8125,371
38.501799,27.16828,1615.8565673828125,1687.296875,1681.609375,1911.671875,32,14.9375,433
38.501799,27.17115,1615.8565673828125,1761.734375,1865.03125,2008.6875,32,14.9375,533
38.501799,27.17402,1615.8565673828125,1768.828125,1905.3125,2020.3515625,32,14.9375,570
38.501799,27.17689,1637.6217041015625,1767.6484375,1900.90625,2020.1171875,32,14.8125,553
38.501799,27.179759,1637.6217041015625,1765.1484375,1887.0546875,2018.84375,32,14.8125,501
38.501799,27.182629,1637.6217041015625,1760.078125,1865.640625,2015.1953125,32,14.8125,456
38.501799,27.185499,1640.90185546875,1761.875,1883.296875,2016.421875,32,14.6875,486
38.504044,27.0621,1652.559814453125,1795.453125,1920.9453125,2058.546875,33,17.0625,128
38.504044,27.06497,1652.559814453125,1795.8203125,1922.7890625,2060.7265625,33,17.0625,109
38.504044,27.067839,1636.8333740234375,1785.53125,1867.4921875,2051.8203125,32,17.125,55
38.504044,27.070709,1636.8333740234375,1794.3828125,1919.671875,2058.5,32,17.125,94
38.504044,27.073579,1636.8333740234375,1794.5546875,1924.84375,2058.140625,32,17.125,107
38.504044,27.076449,1644.32373046875,1793.453125,1920.140625,2056.140625,32,16.875,105
38.504044,27.079318,1644.32373046875,1793.3671875,1921.8359375,2056.875,32,16.875,133
38.504044,27.082188,1644.32373046875,1791.5625,1903.484375,2054.7109375,32,16.875,126
38.504044,27.085058,1647.1087646484375,1777,1862.75,2033.5,32,16.5625,142
38.504044,27.087928,1647.1087646484375,1789.1171875,1907.5703125,2049.1484375,32,16.5625,207
38.504044,27.090797,1647.1087646484375,1791.8203125,1924.4375,2053.890625,32,16.5625,238
38.504044,27.093667,1654.9912109375,1791.421875,1927.0703125,2053.6640625,32,16.1875,267
38.504044,27.096537,1654.9912109375,1790.265625,1926.2265625,2053.6015625,32,16.1875,307
38.504044,27.099407,1654.9912109375,1789.2734375,1924.9140625,2052.515625,32,16.1875,339
38.504044,27.102276,1651.474853515625,1789.375,1929.5703125,2051.1484375,32,16.125,345
38.504044,27.105146,1651.474853515625,1777.9921875,1881.34375,2044.515625,32,16.125,325
38.504044,27.108016,1651.474853515625,1769.1328125,1847.8359375,2030.4765625,32,16.125,226
38.504044,27.110886,1630.4993896484375,1772.8828125,1858.09375,2033.359375,32,16.75,184
38.504044,27.113755,1630.4993896484375,1773.671875,1860.53125,2035.7734375,32,16.75,145
38.504044,27.116625,1630.4993896484375,1779.09375,1885.8203125,2041.3046875,32,16.75,142
38.504044,27.119495,1615.48095703125,1776.5546875,1875.640625,2037.40625,32,16.9375,119
38.504044,27.122365,1615.48095703125,1760.3046875,1820.3359375,2018.6171875,32,16.9375,125
38.504044,27.125234,1623.88134765625,1776.046875,1892.03125,2035.234375,32,16.5,225
38.504044,27.128104,1623.88134765625,1778.984375,1906.4921875,2035.984375,32,16.5,259
38.504044,27.130974,1623.88134765625,1766.109375,1850.9375,2026.2890625,32,16.5,214
38.504044,27.133844,1622.74462890625,1769.8203125,1867.6796875,2028.25,32,16.5,180
38.504044,27.136713,1622.74462890625,1770.0546875,1869.734375,2023.296875,32,16.5,187
38.504044,27.139583,1622.74462890625,1772.2109375,1884.265625,2025.1953125,32,16.5,195
38.504044,27.142453,1618.5535888671875,1772.890625,1890.171875,2026.5078125,32,16.5625,206
38.504044,27.145322,1618.5535888671875,1769.34375,1876.171875,2020.3125,32,16.5625,194
38.504044,27.148192,1618.5535888671875,1768.03125,1872.1953125,2018.0859375,32,16.5625,202
38.504044,27.151062,1610.71533203125,1766.09375,1867.234375,2016.921875,32,16.375,220
38.504044,27.153932,1610.71533203125,1760.9140625,1849.1171875,2011.046875,32,16.375,241
38.504044,27.156801,1610.71533203125,1760.21875,1849.8984375,2010.4375,32,16.375,307
38.504044,27.159671,1606.4783935546875,1759.1953125,1852.0703125,2009.6640625,32,15.8125,337
38.504044,27.162541,1606.4783935546875,1752.09375,1828.609375,1998.75,32,15.8125,367
38.504044,27.165411,1606.4783935546875,1748.8828125,1821.515625,1995.484375,32,15.8125,414
38.504044,27.16828,1615.8565673828125,1743.2734375,1808.4765625,1988.828125,32,14.9375,494
38.504044,27.17115,1615.8565673828125,1715.703125,1743.15625,1953.671875,32,14.9375,525
38.504044,27.17402,1615.8565673828125,1769.046875,1907.6171875,2020.640625,32,14.9375,621
38.504044,27.17689,1637.6217041015625,1765.96875,1890.3671875,2020.3984375,32,14.8125,589
38.504044,27.179759,1637.6217041015625,1757.9296875,1852.3515625,2012.765625,32,14.8125,515
38.504044,27.182629,1637.6217041015625,1754.1796875,1851.84375,2014.6171875,32,14.8125,533
38.504044,27.185499,1640.90185546875,1760.8828125,1885.4375,2016.640625,32,14.6875,583
38.50629,27.0621,1652.559814453125,1796.3046875,1923.9921875,2059.671875,33,17.0625,140
38.50629,27.06497,1652.559814453125,1797.4296875,1934.2890625,2062.2109375,33,17.0625,140
38.50629,27.067839,1636.8333740234375,1776.9296875,1830.9296875,2041.375,32,17.125,89
38.50629,27.070709,1636.8333740234375,1779.5078125,1856.9921875,2037.90625,32,17.125,91
38.50629,27.073579,1636.8333740234375,1794.609375,1923.296875,2059,32,17.125,160
38.50629,27.076449,1644.32373046875,1794.640625,1923.3828125,2060.9296875,32,16.875,162
38.50629,27.079318,1644.32373046875,1788.9609375,1904.9296875,2057.6875,32,16.875,200
38.50629,27.082188,1644.32373046875,1790.71875,1900.15625,2057.921875,32,16.875,154
38.50629,27.085058,1647.1087646484375,1788.96875,1907.265625,2052.921875,32,16.5625,208
38.50629,27.087928,1647.1087646484375,1788.140625,1906.9453125,2049.7890625,32,16.5625,223
38.50629,27.090797,1647.1087646484375,1786.6328125,1902.234375,2046.8984375,32,16.5625,257
38.50629,27.093667,1654.9912109375,1784.0234375,1892.640625,2041.9296875,32,16.1875,267
38.50629,27.096537,1654.9912109375,1787.5625,1907.9921875,2047.4765625,32,16.1875,325
38.50629,27.099407,1654.9912109375,1791.34375,1931.078125,2052.890625,32,16.1875,355
38.50629,27.102276,1651.474853515625,1791.1953125,1936.09375,2052.4296875,32,16.125,380
38.50629,27.105146,1651.474853515625,1745.703125,1784.796875,1998.84375,32,16.125,330
38.50629,27.108016,1651.474853515625,1755.375,1808.0625,2008.796875,32,16.125,237
38.50629,27.110886,1630.4993896484375,1768.9609375,1845.3125,2026.59375,32,16.75,185
38.50629,27.113755,1630.4993896484375,1776.234375,1871,2037.1015625,32,16.75,180
38.50629,27.116625,1630.4993896484375,1781.625,1896.6875,2042.8515625,32,16.75,200
38.50629,27.119495,1615.48095703125,1778.9375,1887.5390625,2038.59375,32,16.9375,168
38.50629,27.122365,1615.48095703125,1767.8671875,1845.3984375,2024.625,32,16.9375,121
38.50629,27.125234,1623.88134765625,1728.921875,1754.984375,1966.1953125,32,16.5,192
38.50629,27.128104,1623.88134765625,1780.5078125,1911.1875,2035.6484375,32,16.5,313
38.50629,27.130974,1623.88134765625,1771.953125,1874.21875,2032.375,32,16.5,291
38.50629,27.133844,1622.74462890625,1770.7265625,1877.5546875,2033.046875,32,16.5,272
38.50629,27.136713,1622.74462890625,1770.53125,1886.1640625,2031.828125,32,16.5,283
38.50629,27.139583,1622.74462890625,1771.7734375,1893.2265625,2029.8828125,32,16.5,279
38.50629,27.142453,1618.5535888671875,1771.5703125,1889.703125,2027.515625,32,16.5625,248
38.50629,27.145322,1618.5535888671875,1767.6953125,1868.9296875,2022.390625,32,16.5625,218
38.50629,27.148192,1618.5535888671875,1765.4140625,1859.0625,2017.609375,32,16.5625,219
38.50629,27.151062,1610.71533203125,1765.2421875,1861.71875,2015.46875,32,16.375,218
38.50629,27.153932,1610.71533203125,1761.25,1848.03125,2010.0703125,32,16.375,256
38.50629,27.156801,1610.71533203125,1751.25,1821.953125,1995.90625,32,16.375,309
38.50629,27.159671,1606.4783935546875,1762.6328125,1861.140625,2011.375,32,15.8125,363
38.50629,27.162541,1606.4783935546875,1751.625,1827.8984375,1997.5078125,32,15.8125,376
38.50629,27.165411,1606.4783935546875,1739.109375,1795.2265625,1980.0859375,32,15.8125,395
38.50629,27.16828,1615.8565673828125,1735.0859375,1788.5,1979.7578125,32,14.9375,498
38.50629,27.17115,1615.8565673828125,1735.796875,1792.578125,1981.3515625,32,14.9375,573
38.50629,27.17402,1615.8565673828125,1758.8828125,1861.3203125,2009.203125,32,14.9375,665
38.50629,27.17689,1637.6217041015625,1765.6796875,1886.3203125,2020.078125,32,14.8125,637
38.50629,27.179759,1637.6217041015625,1751.703125,1832.3984375,2010.6953125,32,14.8125,585
38.50629,27.182629,1637.6217041015625,1756.859375,1867.6875,2014.1796875,32,14.8125,621
38.50629,27.185499,1640.90185546875,1762.546875,1895.96875,2017.1640625,32,14.6875,684
38.508536,27.0621,1661.587890625,1794.0703125,1911.078125,2057.546875,33,16.5625,154
38.508536,27.06497,1661.587890625,1797.796875,1933.8125,2062.859375,33,16.5625,160
38.508536,27.067839,1635.2957763671875,1777.171875,1836.5390625,2043.15625,32,16.8125,121
38.508536,27.070709,1635.2957763671875,1769.6796875,1820.0234375,2027.5546875,32,16.8125,93
38.508536,27.073579,1635.2957763671875,1782.078125,1873.078125,2041.859375,32,16.8125,163
38.508536,27.076449,1653.558837890625,1793.53125,1922.484375,2059.609375,32,16.1875,199
38.508536,27.079318,1653.558837890625,1793.5,1923.8828125,2059.578125,32,16.1875,241
38.508536,27.082188,1653.558837890625,1771.484375,1829.3046875,2037.7578125,32,16.1875,173
38.508536,27.085058,1643.81640625,1794.9140625,1936.796875,2058.8203125,32,16.0625,257
38.508536,27.087928,1643.81640625,1792.765625,1930.9609375,2057.578125,32,16.0625,275
38.508536,27.090797,1643.81640625,1793.28125,1935.140625,2056.7265625,32,16.0625,303
38.508536,27.093667,1662.987548828125,1792.90625,1935.9765625,2054.5390625,32,15.5,320
38.508536,27.096537,1662.987548828125,1788.1015625,1912.609375,2047.1015625,32,15.5,321
38.508536,27.099407,1662.987548828125,1789.5234375,1922.3125,2049.140625,32,15.5,366
38.508536,27.102276,1650.0364990234375,1791.4765625,1936.8046875,2051.3671875,32,15.625,396
38.508536,27.105146,1650.0364990234375,1744.65625,1785.2109375,1995.8046875,32,15.625,327
38.508536,27.108016,1650.0364990234375,1755.6328125,1813.0546875,2008.2890625,32,15.625,224
38.508536,27.110886,1639.5552978515625,1773.0625,1861.640625,2028.4765625,32,16.1875,202
38.508536,27.113755,1639.5552978515625,1776.4296875,1871.515625,2036.296875,32,16.1875,199
38.508536,27.116625,1639.5552978515625,1780.8828125,1892.140625,2040.2421875,32,16.1875,231
38.508536,27.119495,1638.2880859375,1782.1640625,1908.1015625,2040.46875,32,16.125,215
38.508536,27.122365,1638.2880859375,1779.203125,1892.9375,2035.03125,32,16.125,178
38.508536,27.125234,1586.9302978515625,1684.0234375,1668.1328125,1873.078125,32,16.5625,133
38.508536,27.128104,1586.9302978515625,1703.1953125,1720.34375,1891.0546875,32,16.5625,226
38.508536,27.130974,1586.9302978515625,1771.2734375,1871.0234375,2010.5234375,32,16.5625,271
38.508536,27.133844,1591.6068115234375,1771.5234375,1877.453125,2021.0078125,32,16.1875,348
38.508536,27.136713,1591.6068115234375,1775.2578125,1900.1875,2028.5703125,32,16.1875,374
38.508536,27.139583,1591.6068115234375,1775.359375,1907.703125,2029.4296875,32,16.1875,376
38.508536,27.142453,1621.888916015625,1764.03125,1859.5859375,2023.4375,32,15.875,292
38.508536,27.145322,1621.888916015625,1761.5390625,1847.7109375,2019.453125,32,15.875,237
38.508536,27.148192,1621.888916015625,1766.2265625,1869.359375,2019.0234375,32,15.875,253
38.508536,27.151062,1612.0731201171875,1763.53125,1856.0390625,2014.84375,32,16.0625,245
38.508536,27.153932,1612.0731201171875,1762.859375,1857.8828125,2008.7265625,32,16.0625,257
38.508536,27.156801,1612.0731201171875,1758.1953125,1843.7734375,1998.84375,32,16.0625,300
38.508536,27.159671,1603.9107666015625,1760.140625,1852.96875,2000.703125,32,15.8125,345
38.508536,27.162541,1603.9107666015625,1751.6328125,1831.546875,1993.75,32,15.8125,368
38.508536,27.165411,1603.9107666015625,1735.625,1788.4453125,1972.484375,32,15.8125,403
38.508536,27.16828,1579.1434326171875,1723.109375,1760.984375,1954.921875,32,15.0625,479
38.508536,27.17115,1579.1434326171875,1726.59375,1770.65625,1959.140625,32,15.0625,553
38.508536,27.17402,1579.1434326171875,1751.34375,1837.328125,1991.765625,32,15.0625,673
38.508536,27.17689,1610.3966064453125,1768.828125,1908.84375,2019.1015625,32,14.1875,666
38.508536,27.179759,1610.3966064453125,1761.078125,1876.7734375,2017.40625,32,14.1875,644
38.508536,27.182629,1610.3966064453125,1757.5859375,1879.6875,2013.140625,32,14.1875,680
38.508536,27.185499,1641.41796875,1766.53125,1914.734375,2015.84375,32,13.875,735
38.510782,27.0621,1661.587890625,1797.0703125,1927.171875,2062.8125,33,16.5625,177
38.510782,27.06497,1661.587890625,1798.3203125,1935.78125,2064.34375,33,16.5625,187
38.510782,27.067839,1635.2957763671875,1767,1802.09375,2027.953125,32,16.8125,139
38.510782,27.070709,1635.2957763671875,1775.84375,1836.2734375,2036.5859375,32,16.8125,117
38.510782,27.073579,1635.2957763671875,1782.8515625,1875.1328125,2045.7890625,32,16.8125,175
38.510782,27.076449,1653.558837890625,1792.03125,1913.265625,2056.8125,32,16.1875,237
38.510782,27.079318,1653.558837890625,1793.984375,1923.7890625,2059.359375,32,16.1875,285
38.510782,27.082188,1653.558837890625,1785.65625,1886.1875,2057.1015625,32,16.1875,217
38.510782,27.085058,1643.81640625,1772.21875,1846.0703125,2020.9140625,32,16.0625,225
38.510782,27.087928,1643.81640625,1790.0546875,1912.265625,2049.453125,32,16.0625,316
38.510782,27.090797,1643.81640625,1792.8359375,1928.7734375,2056.0234375,32,16.0625,344
38.510782,27.093667,1662.987548828125,1793.4375,1938.015625,2056.734375,32,15.5,370
38.510782,27.096537,1662.987548828125,1792.171875,1938.546875,2056.09375,32,15.5,382
38.510782,27.099407,1662.987548828125,1789.71875,1930.8203125,2054.4609375,32,15.5,388
38.510782,27.102276,1650.0364990234375,1791.6953125,1940.296875,2053.1875,32,15.625,397
38.510782,27.105146,1650.0364990234375,1751.1484375,1803.296875,2002.640625,32,15.625,300
38.510782,27.108016,1650.0364990234375,1770.546875,1856.5859375,2028.0703125,32,15.625,254
38.510782,27.110886,1639.5552978515625,1778.078125,1882.609375,2037.90625,32,16.1875,245
38.510782,27.113755,1639.5552978515625,1778.015625,1883.3046875,2040.0390625,32,16.1875,234
38.510782,27.116625,1639.5552978515625,1779.03125,1889.3203125,2041.6796875,32,16.1875,261
38.510782,27.119495,1638.2880859375,1784.3203125,1917.9375,2042.671875,32,16.125,285
38.510782,27.122365,1638.2880859375,1779.1875,1894.828125,2037.375,32,16.125,235
38.510782,27.125234,1586.9302978515625,1765.3125,1847.6796875,2014.265625,32,16.5625,191
38.510782,27.128104,1586.9302978515625,1746.0703125,1790.515625,1970.4921875,32,16.5625,172
38.510782,27.130974,1586.9302978515625,1719.671875,1742.890625,1922.890625,32,16.5625,171
38.510782,27.133844,1591.6068115234375,1719.7421875,1752.421875,1917.75,32,16.1875,241
38.510782,27.136713,1591.6068115234375,1720.9375,1755.2109375,1922.6484375,32,16.1875,308
38.510782,27.139583,1591.6068115234375,1764.4296875,1860.5234375,1996.109375,32,16.1875,368
38.510782,27.142453,1621.888916015625,1775.234375,1896.546875,2025.9765625,32,15.875,343
38.510782,27.145322,1621.888916015625,1764.6953125,1862.1640625,2021.3203125,32,15.875,314
38.510782,27.148192,1621.888916015625,1769.0390625,1881.46875,2020.8671875,32,15.875,334
38.510782,27.151062,1612.0731201171875,1757.5078125,1833.1328125,2012.5234375,32,16.0625,290
38.510782,27.153932,1612.0731201171875,1762.15625,1853.5234375,2012.5078125,32,16.0625,278
38.510782,27.156801,1612.0731201171875,1759.8046875,1844.6015625,2007.859375,32,16.0625,293
38.510782,27.159671,1603.9107666015625,1760.6171875,1856.7421875,2005.8671875,32,15.8125,334
38.510782,27.162541,1603.9107666015625,1751.3125,1832.6171875,1990.5390625,32,15.8125,356
38.510782,27.165411,1603.9107666015625,1742.3984375,1809.1484375,1975.15625,32,15.8125,385
38.510782,27.16828,1579.1434326171875,1725.84375,1770.359375,1951.1953125,32,15.0625,444
38.510782,27.17115,1579.1434326171875,1717.0078125,1754.015625,1932.2734375,32,15.0625,512
38.510782,27.17402,1579.1434326171875,1690.3046875,1700.0859375,1894.75,32,15.0625,578
38.510782,27.17689,1610.3966064453125,1709.3203125,1739.2421875,1931.8828125,32,14.1875,698
38.510782,27.179759,1610.3966064453125,1763.7421875,1892.96875,2015.1875,32,14.1875,738
38.510782,27.182629,1610.3966064453125,1766.5859375,1914.2265625,2017.8515625,32,14.1875,767
38.510782,27.185499,1641.41796875,1767.75,1922.3984375,2016.3359375,32,13.875,786
38.513028,27.0621,1661.587890625,1797.9296875,1930.1875,2064.6640625,33,16.5625,227
38.513028,27.06497,1661.587890625,1799.8359375,1944.28125,2066.1953125,33,16.5625,232
38.513028,27.067839,1635.2957763671875,1777.4765625,1842.4296875,2045.9609375,32,16.8125,164
38.513028,27.070709,1635.2957763671875,1766.5078125,1800.7421875,2027.1484375,32,16.8125,109
38.513028,27.073579,1635.2957763671875,1772.4296875,1838.46875,2026.078125,32,16.8125,175
38.513028,27.076449,1653.558837890625,1781.5,1874.4375,2038.8515625,32,16.1875,265
38.513028,27.079318,1653.558837890625,1786.9921875,1894.5546875,2048.3515625,32,16.1875,325
38.513028,27.082188,1653.558837890625,1798.75,1943,2063.7578125,32,16.1875,306
38.513028,27.085058,1643.81640625,1780.578125,1865.8203125,2043.1875,32,16.0625,248
38.513028,27.087928,1643.81640625,1764.2734375,1824.6015625,2011.71875,32,16.0625,261
38.513028,27.090797,1643.81640625,1775.359375,1864.7421875,2028.6875,32,16.0625,339
38.513028,27.093667,1662.987548828125,1782.4609375,1889.3359375,2042.65625,32,15.5,403
38.513028,27.096537,1662.987548828125,1794.0859375,1941.8203125,2056.953125,32,15.5,466
38.513028,27.099407,1662.987548828125,1794.1015625,1947.3125,2056.5234375,32,15.5,473
38.513028,27.102276,1650.0364990234375,1793.0390625,1946,2054.984375,32,15.625,452
38.513028,27.105146,1650.0364990234375,1764.3359375,1847.8515625,2033.53125,32,15.625,384
38.513028,27.108016,1650.0364990234375,1770.015625,1862.96875,2037.140625,32,15.625,308
38.513028,27.110886,1639.5552978515625,1776.65625,1883.640625,2042.296875,32,16.1875,304
38.513028,27.113755,1639.5552978515625,1773.6171875,1868.28125,2040.359375,32,16.1875,264
38.513028,27.116625,1639.5552978515625,1772.234375,1864.171875,2037.0625,32,16.1875,304
38.513028,27.119495,1638.2880859375,1783.28125,1917.09375,2044.3203125,32,16.125,320
38.513028,27.122365,1638.2880859375,1782.8359375,1917.7890625,2042.5546875,32,16.125,332
38.513028,27.125234,1586.9302978515625,1751.7734375,1806.859375,2000.8515625,32,16.5625,244
38.513028,27.128104,1586.9302978515625,1763.2890625,1839.828125,2010.953125,32,16.5625,193
38.513028,27.130974,1586.9302978515625,1759.8046875,1830.1328125,1997.2890625,32,16.5625,181
38.513028,27.133844,1591.6068115234375,1739.8359375,1779.96875,1963.140625,32,16.1875,183
38.513028,27.136713,1591.6068115234375,1743.5390625,1798.984375,1963.7265625,32,16.1875,235
38.513028,27.139583,1591.6068115234375,1735.109375,1786.3046875,1943.2421875,32,16.1875,288
38.513028,27.142453,1621.888916015625,1756.171875,1839.71875,1980.2890625,32,15.875,349
38.513028,27.145322,1621.888916015625,1771.5,1883.65625,2023.3125,32,15.875,392
38.513028,27.148192,1621.888916015625,1770.90625,1889.3515625,2021.4296875,32,15.875,386
38.513028,27.151062,1612.0731201171875,1762.5,1852.5625,2016.765625,32,16.0625,350
38.513028,27.153932,1612.0731201171875,1764.0390625,1854.6015625,2013.1484375,32,16.0625,340
38.513028,27.156801,1612.0731201171875,1747.453125,1793.96875,1995.1484375,32,16.0625,304
38.513028,27.159671,1603.9107666015625,1762.7421875,1863.7578125,2007.25,32,15.8125,342
38.513028,27.162541,1603.9107666015625,1755.8515625,1845.8828125,1996.609375,32,15.8125,359
38.513028,27.165411,1603.9107666015625,1749.0703125,1829.53125,1985.1484375,32,15.8125,400
38.513028,27.16828,1579.1434326171875,1745.0234375,1820.921875,1977.796875,32,15.0625,445
38.513028,27.17115,1579.1434326171875,1731.9140625,1790.9765625,1957.4375,32,15.0625,467
38.513028,27.17402,1579.1434326171875,1709.25,1741.53125,1923.5625,32,15.0625,546
38.513028,27.17689,1610.3966064453125,1686.6015625,1697.1640625,1894.453125,32,14.1875,639
38.513028,27.179759,1610.3966064453125,1698.9140625,1726.671875,1899.7890625,32,14.1875,727
38.513028,27.182629,1610.3966064453125,1764.6640625,1899.4453125,2003.1796875,32,14.1875,781
38.513028,27.185499,1641.41796875,1768.2734375,1920.6484375,2015.6484375,32,13.875,805
38.515273,27.0621,1661.587890625,1794.09375,1908.21875,2056.0234375,33,16.5625,255
38.515273,27.06497,1661.587890625,1800.875,1946.4765625,2066.78125,33,16.5625,260
38.515273,27.067839,1635.2957763671875,1782.7421875,1859.4921875,2052.0078125,32,16.8125,216
38.515273,27.070709,1635.2957763671875,1745.875,1743.734375,2011.2890625,32,16.8125,120
38.515273,27.073579,1635.2957763671875,1768.7265625,1836.5546875,2032.984375,32,16.8125,192
38.515273,27.076449,1653.558837890625,1786.9296875,1897.8828125,2050,32,16.1875,233
38.515273,27.079318,1653.558837890625,1770.5546875,1846.796875,2025.0859375,32,16.1875,305
38.515273,27.082188,1653.558837890625,1796.4453125,1934.71875,2060.96875,32,16.1875,331
38.515273,27.085058,1643.81640625,1794.03125,1927.3828125,2060.2265625,32,16.0625,307
38.515273,27.087928,1643.81640625,1780.1171875,1866.4765625,2046.765625,32,16.0625,292
38.515273,27.090797,1643.81640625,1772.9453125,1852.796875,2026.1953125,32,16.0625,329
38.515273,27.093667,1662.987548828125,1778.578125,1877.515625,2026.7421875,32,15.5,396
38.515273,27.096537,1662.987548828125,1775.6015625,1869.15625,2026.03125,32,15.5,464
38.515273,27.099407,1662.987548828125,1793.125,1936.2265625,2054.515625,32,15.5,497
38.515273,27.102276,1650.0364990234375,1793.453125,1943.640625,2055.5703125,32,15.625,528
38.515273,27.105146,1650.0364990234375,1752.3515625,1818.7578125,2020.546875,32,15.625,431
38.515273,27.108016,1650.0364990234375,1766.453125,1856.3125,2035.84375,32,15.625,346
38.515273,27.110886,1639.5552978515625,1768.5390625,1856.125,2038.046875,32,16.1875,328
38.515273,27.113755,1639.5552978515625,1765.5390625,1847.5,2038.078125,32,16.1875,301
38.515273,27.116625,1639.5552978515625,1768.453125,1864.625,2038.625,32,16.1875,338
38.515273,27.119495,1638.2880859375,1783.109375,1923.2734375,2045.7734375,32,16.125,375
38.515273,27.122365,1638.2880859375,1775.1875,1891.890625,2039.84375,32,16.125,317
38.515273,27.125234,1586.9302978515625,1768.578125,1859.5703125,2026.3125,32,16.5625,256
38.515273,27.128104,1586.9302978515625,1767.3203125,1852.8984375,2020.328125,32,16.5625,244
38.515273,27.130974,1586.9302978515625,1765.59375,1845.65625,2014.7109375,32,16.5625,197
38.515273,27.133844,1591.6068115234375,1761.7734375,1835.53125,2001.4765625,32,16.1875,169
38.515273,27.136713,1591.6068115234375,1754.8671875,1820.8671875,1988.8046875,32,16.1875,210
38.515273,27.139583,1591.6068115234375,1749.4921875,1812.7265625,1974.8203125,32,16.1875,264
38.515273,27.142453,1621.888916015625,1752.25,1825.203125,1977.59375,32,15.875,338
38.515273,27.145322,1621.888916015625,1762.9609375,1859.1796875,2001.984375,32,15.875,382
38.515273,27.148192,1621.888916015625,1766.734375,1874.2578125,2015.578125,32,15.875,397
38.515273,27.151062,1612.0731201171875,1769.59375,1882.1875,2020.921875,32,16.0625,398
38.515273,27.153932,1612.0731201171875,1741.640625,1780.390625,1983.390625,32,16.0625,318
38.515273,27.156801,1612.0731201171875,1755.5234375,1822.3828125,1999.6171875,32,16.0625,328
38.515273,27.159671,1603.9107666015625,1762.0859375,1862.921875,2008.34375,32,15.8125,345
38.515273,27.162541,1603.9107666015625,1750.671875,1832.078125,1992.4609375,32,15.8125,343
38.515273,27.165411,1603.9107666015625,1745.578125,1821.3984375,1982.671875,32,15.8125,395
38.515273,27.16828,1579.1434326171875,1751.5859375,1841.0703125,1992.296875,32,15.0625,467
38.515273,27.17115,1579.1434326171875,1753.703125,1850.0390625,1992.4375,32,15.0625,517
38.515273,27.17402,1579.1434326171875,1747.2890625,1833.8359375,1979.6953125,32,15.0625,534
38.515273,27.17689,1610.3966064453125,1729.578125,1791.0390625,1950.03125,32,14.1875,577
38.515273,27.179759,1610.3966064453125,1718.0859375,1765.265625,1937.3671875,32,14.1875,674
38.515273,27.182629,1610.3966064453125,1752.6796875,1857.40625,1990.75,32,14.1875,728
38.515273,27.185499,1641.41796875,1766.0078125,1909.1640625,2007.2265625,32,13.875,796
38.517519,27.0621,1644.2095947265625,1787.171875,1884.859375,2050.09375,33,16.375,258
38.517519,27.06497,1644.2095947265625,1800.390625,1944.3515625,2066.4140625,33,16.375,275
38.517519,27.067839,1627.572021484375,1771.1484375,1817.328125,2023.515625,32,16.4375,232
38.517519,27.070709,1627.572021484375,1757.1953125,1771.8828125,2012.4453125,32,16.4375,170
38.517519,27.073579,1627.572021484375,1674.953125,1640.6875,1905.0859375,32,16.4375,209
38.517519,27.076449,1640.398193359375,1769.2265625,1842,2021.5546875,32,15.875,340
38.517519,27.079318,1640.398193359375,1798.03125,1945.3359375,2064.109375,32,15.875,337
38.517519,27.082188,1640.398193359375,1798.2421875,1947.390625,2064.171875,32,15.875,375
38.517519,27.085058,1644.4754638671875,1797.5390625,1947.6484375,2061.953125,32,15.625,370
38.517519,27.087928,1644.4754638671875,1794.359375,1930.0546875,2058.484375,32,15.625,376
38.517519,27.090797,1644.4754638671875,1789.8828125,1913.359375,2052.7265625,32,15.625,361
38.517519,27.093667,1657.9307861328125,1784.3515625,1896.375,2042.703125,32,15.125,383
38.517519,27.096537,1657.9307861328125,1777.359375,1877.5546875,2030.1484375,32,15.125,448
38.517519,27.099407,1657.9307861328125,1775.515625,1873.421875,2029.9296875,32,15.125,509
38.517519,27.102276,1671.979248046875,1789.7890625,1925.6953125,2050.53125,32,14.75,558
38.517519,27.105146,1671.979248046875,1775.4140625,1882.6484375,2044.296875,32,14.75,507
38.517519,27.108016,1671.979248046875,1737.984375,1790.046875,2005.765625,32,14.75,418
38.517519,27.110886,1663.440185546875,1763.4609375,1848.703125,2036.7578125,32,15,362
38.517519,27.113755,1663.440185546875,1767.578125,1859.84375,2039.2265625,32,15,359
38.517519,27.116625,1663.440185546875,1742.6640625,1798.859375,2005.109375,32,15,440
38.517519,27.119495,1629.503173828125,1787.015625,1933.4765625,2046.0234375,32,15.375,467
38.517519,27.122365,1629.503173828125,1764.90625,1849.703125,2020.515625,32,15.375,377
38.517519,27.125234,1609.5621337890625,1756.78125,1826.90625,2012.25,32,16.25,307
38.517519,27.128104,1609.5621337890625,1766.5703125,1856.015625,2023.2421875,32,16.25,248
38.517519,27.130974,1609.5621337890625,1758.90625,1831.1796875,2012.609375,32,16.25,223
38.517519,27.133844,1606.2183837890625,1762.109375,1836.96875,2013.1640625,32,16.3125,190
38.517519,27.136713,1606.2183837890625,1761.1015625,1838.84375,2008.3125,32,16.3125,206
38.517519,27.139583,1606.2183837890625,1763.2578125,1851.1484375,2006.6171875,32,16.3125,197
38.517519,27.142453,1585.05859375,1749.359375,1810.3984375,1984.046875,32,16.0625,266
38.517519,27.145322,1585.05859375,1722.6796875,1751.6484375,1952.859375,32,16.0625,283
38.517519,27.148192,1585.05859375,1764.28125,1866.125,2007.7265625,32,16.0625,402
38.517519,27.151062,1612.1038818359375,1766.3203125,1865.8671875,2008.5390625,32,15.5625,411
38.517519,27.153932,1612.1038818359375,1763.1640625,1856.4921875,2007.546875,32,15.5625,354
38.517519,27.156801,1612.1038818359375,1758.625,1844.1484375,2007.5859375,32,15.5625,330
38.517519,27.159671,1607.205810546875,1744.4921875,1807.375,1986.2578125,32,15.4375,393
38.517519,27.162541,1607.205810546875,1759.1171875,1859.15625,2003.96875,32,15.4375,383
38.517519,27.165411,1607.205810546875,1748.9296875,1832.859375,1990.9921875,32,15.4375,393
38.517519,27.16828,1615.651123046875,1747.5703125,1831.015625,1986.6484375,32,15,486
38.517519,27.17115,1615.651123046875,1758.7578125,1869.5,1998.046875,32,15,524
38.517519,27.17402,1615.651123046875,1753.5546875,1854.421875,1989.3984375,32,15,555
38.517519,27.17689,1599.603759765625,1750.59375,1848.5546875,1985.1171875,32,14.4375,577
38.517519,27.179759,1599.603759765625,1724.9765625,1783.171875,1953.328125,32,14.4375,642
38.517519,27.182629,1599.603759765625,1753.171875,1859.953125,1990.5546875,32,14.4375,736
38.517519,27.185499,1633.5059814453125,1752.1640625,1854.390625,1988.9921875,32,13.8125,763
38.519765,27.0621,1644.2095947265625,1787.171875,1884.859375,2050.09375,33,16.375,277
38.519765,27.06497,1644.2095947265625,1800.390625,1944.3515625,2066.4140625,33,16.375,303
38.519765,27.067839,1627.572021484375,1771.1484375,1817.328125,2023.515625,32,16.4375,232
38.519765,27.070709,1627.572021484375,1757.1953125,1771.8828125,2012.4453125,32,16.4375,175
38.519765,27.073579,1627.572021484375,1674.953125,1640.6875,1905.0859375,32,16.4375,182
38.519765,27.076449,1640.398193359375,1769.2265625,1842,2021.5546875,32,15.875,306
38.519765,27.079318,1640.398193359375,1798.03125,1945.3359375,2064.109375,32,15.875,411
38.519765,27.082188,1640.398193359375,1798.2421875,1947.390625,2064.171875,32,15.875,423
38.519765,27.085058,1644.4754638671875,1797.5390625,1947.6484375,2061.953125,32,15.625,410
38.519765,27.087928,1644.4754638671875,1794.359375,1930.0546875,2058.484375,32,15.625,445
38.519765,27.090797,1644.4754638671875,1789.8828125,1913.359375,2052.7265625,32,15.625,435
38.519765,27.093667,1657.9307861328125,1784.3515625,1896.375,2042.703125,32,15.125,422
38.519765,27.096537,1657.9307861328125,1777.359375,1877.5546875,2030.1484375,32,15.125,469
38.519765,27.099407,1657.9307861328125,1775.515625,1873.421875,2029.9296875,32,15.125,527
38.519765,27.102276,1671.979248046875,1789.7890625,1925.6953125,2050.53125,32,14.75,589
38.519765,27.105146,1671.979248046875,1775.4140625,1882.6484375,2044.296875,32,14.75,583
38.519765,27.108016,1671.979248046875,1737.984375,1790.046875,2005.765625,32,14.75,485
38.519765,27.110886,1663.440185546875,1763.4609375,1848.703125,2036.7578125,32,15,466
38.519765,27.113755,1663.440185546875,1767.578125,1859.84375,2039.2265625,32,15,476
38.519765,27.116625,1663.440185546875,1742.6640625,1798.859375,2005.109375,32,15,508
38.519765,27.119495,1629.503173828125,1787.015625,1933.4765625,2046.0234375,32,15.375,470
38.519765,27.122365,1629.503173828125,1764.90625,1849.703125,2020.515625,32,15.375,363
38.519765,27.125234,1609.5621337890625,1756.78125,1826.90625,2012.25,32,16.25,306
38.519765,27.128104,1609.5621337890625,1766.5703125,1856.015625,2023.2421875,32,16.25,296
38.519765,27.130974,1609.5621337890625,1758.90625,1831.1796875,2012.609375,32,16.25,228
38.519765,27.133844,1606.2183837890625,1762.109375,1836.96875,2013.1640625,32,16.3125,244
38.519765,27.136713,1606.2183837890625,1761.1015625,1838.84375,2008.3125,32,16.3125,218
38.519765,27.139583,1606.2183837890625,1763.2578125,1851.1484375,2006.6171875,32,16.3125,270
38.519765,27.142453,1585.05859375,1749.359375,1810.3984375,1984.046875,32,16.0625,225
38.519765,27.145322,1585.05859375,1722.6796875,1751.6484375,1952.859375,32,16.0625,297
38.519765,27.148192,1585.05859375,1764.28125,1866.125,2007.7265625,32,16.0625,367
38.519765,27.151062,1612.1038818359375,1766.3203125,1865.8671875,2008.5390625,32,15.5625,400
38.519765,27.153932,1612.1038818359375,1763.1640625,1856.4921875,2007.546875,32,15.5625,404
38.519765,27.156801,1612.1038818359375,1758.625,1844.1484375,2007.5859375,32,15.5625,403
38.519765,27.159671,1607.205810546875,1744.4921875,1807.375,1986.2578125,32,15.4375,403
38.519765,27.162541,1607.205810546875,1759.1171875,1859.15625,2003.96875,32,15.4375,440
38.519765,27.165411,1607.205810546875,1748.9296875,1832.859375,1990.9921875,32,15.4375,441
38.519765,27.16828,1615.651123046875,1747.5703125,1831.015625,1986.6484375,32,15,465
38.519765,27.17115,1615.651123046875,1758.7578125,1869.5,1998.046875,32,15,517
38.519765,27.17402,1615.651123046875,1753.5546875,1854.421875,1989.3984375,32,15,561
38.519765,27.17689,1599.603759765625,1750.59375,1848.5546875,1985.1171875,32,14.4375,569
38.519765,27.179759,1599.603759765625,1724.9765625,1783.171875,1953.328125,32,14.4375,621
38.519765,27.182629,1599.603759765625,1753.171875,1859.953125,1990.5546875,32,14.4375,704
38.519765,27.185499,1633.5059814453125,1752.1640625,1854.390625,1988.9921875,32,13.8125,743
38.522011,27.0621,1644.2095947265625,1791.1484375,1899.78125,2043.28125,33,16.375,225
38.522011,27.06497,1644.2095947265625,1792.375,1907.078125,2044.1796875,33,16.375,268
38.522011,27.067839,1627.572021484375,1777.59375,1843.6484375,2042.109375,32,16.4375,271
38.522011,27.070709,1627.572021484375,1774.8359375,1828.703125,2028.0234375,32,16.4375,214
38.522011,27.073579,1627.572021484375,1728.765625,1721.109375,1963.734375,32,16.4375,171
38.522011,27.076449,1640.398193359375,1706.2578125,1707.984375,1922.4140625,32,15.875,265
38.522011,27.079318,1640.398193359375,1757.0546875,1816.2421875,1986.6171875,32,15.875,353
38.522011,27.082188,1640.398193359375,1798.3359375,1942.515625,2053.453125,32,15.875,336
38.522011,27.085058,1644.4754638671875,1781.40625,1881.65625,2019.546875,32,15.625,341
38.522011,27.087928,1644.4754638671875,1795.0078125,1934.21875,2049.5546875,32,15.625,407
38.522011,27.090797,1644.4754638671875,1795.3046875,1937.9140625,2056.8515625,32,15.625,448
38.522011,27.093667,1657.9307861328125,1788.0390625,1912.4296875,2049.8359375,32,15.125,455
38.522011,27.096537,1657.9307861328125,1782.265625,1898.25,2044.6640625,32,15.125,504
38.522011,27.099407,1657.9307861328125,1781.28125,1896.375,2044.609375,32,15.125,563
38.522011,27.102276,1671.979248046875,1794.0390625,1947.1796875,2054.984375,32,14.75,586
38.522011,27.105146,1671.979248046875,1790.703125,1927.4296875,2048.21875,32,14.75,574
38.522011,27.108016,1671.979248046875,1781.71875,1899.5546875,2044.953125,32,14.75,566
38.522011,27.110886,1663.440185546875,1776.1640625,1892.421875,2048.671875,32,15,560
38.522011,27.113755,1663.440185546875,1781.6484375,1921.6953125,2049.5,32,15,595
38.522011,27.116625,1663.440185546875,1780.296875,1915.3515625,2048.296875,32,15,577
38.522011,27.119495,1629.503173828125,1745.9921875,1806.4296875,1999.625,32,15.375,453
38.522011,27.122365,1629.503173828125,1713.953125,1735.6484375,1948.0390625,32,15.375,363
38.522011,27.125234,1609.5621337890625,1756.7109375,1827.984375,2009.578125,32,16.25,316
38.522011,27.128104,1609.5621337890625,1758.4609375,1830.578125,2008.0234375,32,16.25,261
38.522011,27.130974,1609.5621337890625,1753.1640625,1809.4609375,1999.125,32,16.25,241
38.522011,27.133844,1606.2183837890625,1763.953125,1847.0625,2020.703125,32,16.3125,262
38.522011,27.136713,1606.2183837890625,1766.453125,1861.28125,2021.4296875,32,16.3125,267
38.522011,27.139583,1606.2183837890625,1752.078125,1812.6484375,1994.953125,32,16.3125,233
38.522011,27.142453,1585.05859375,1762.3359375,1848.1640625,2011.6640625,32,16.0625,284
38.522011,27.145322,1585.05859375,1743.65625,1799.9609375,1974.3515625,32,16.0625,259
38.522011,27.148192,1585.05859375,1733.5625,1780.84375,1963.234375,32,16.0625,329
38.522011,27.151062,1612.1038818359375,1763.2578125,1867.78125,2012.5390625,32,15.5625,429
38.522011,27.153932,1612.1038818359375,1766.375,1886.0546875,2020.0390625,32,15.5625,453
38.522011,27.156801,1612.1038818359375,1763.5390625,1861.9296875,2013.6328125,32,15.5625,399
38.522011,27.159671,1607.205810546875,1726.21875,1735.1640625,1966.7109375,32,15.4375,397
38.522011,27.162541,1607.205810546875,1762.828125,1870.4296875,2010.7421875,32,15.4375,476
38.522011,27.165411,1607.205810546875,1757.125,1858.03125,2001.84375,32,15.4375,459
38.522011,27.16828,1615.651123046875,1750.203125,1840.1640625,1989.6484375,32,15,491
38.522011,27.17115,1615.651123046875,1750.265625,1843.6796875,1988.4453125,32,15,501
38.522011,27.17402,1615.651123046875,1754.8515625,1861.8203125,1997.890625,32,15,549
38.522011,27.17689,1599.603759765625,1748.1875,1843.578125,1987.9453125,32,14.4375,574
38.522011,27.179759,1599.603759765625,1727.84375,1793.515625,1965.1796875,32,14.4375,667
38.522011,27.182629,1599.603759765625,1742.859375,1834.90625,1978.9296875,32,14.4375,691
38.522011,27.185499,1633.5059814453125,1766.2890625,1924.59375,2014.5390625,32,13.8125,787
38.524256,27.0621,1644.2095947265625,1786.953125,1886.578125,2033.3359375,33,16.375,189
38.524256,27.06497,1644.2095947265625,1792.671875,1909.1015625,2044.109375,33,16.375,207
38.524256,27.067839,1627.572021484375,1798.1015625,1932.8046875,2058.1015625,32,16.4375,254
38.524256,27.070709,1627.572021484375,1794.9296875,1911.828125,2053.921875,32,16.4375,278
38.524256,27.073579,1627.572021484375,1773.078125,1831.234375,2024.5546875,32,16.4375,245
38.524256,27.076449,1640.398193359375,1744.484375,1767.1171875,1975.46875,32,15.875,216
38.524256,27.079318,1640.398193359375,1773.328125,1860.4375,2006.6640625,32,15.875,282
38.524256,27.082188,1640.398193359375,1791.7890625,1914.75,2037.1015625,32,15.875,293
38.524256,27.085058,1644.4754638671875,1776.140625,1862.9921875,2008.34375,32,15.625,311
38.524256,27.087928,1644.4754638671875,1772.4765625,1858.203125,2009.0234375,32,15.625,355
38.524256,27.090797,1644.4754638671875,1771.46875,1856.21875,2017.53125,32,15.625,412
38.524256,27.093667,1657.9307861328125,1790.3828125,1919.359375,2048.6953125,32,15.125,484
38.524256,27.096537,1657.9307861328125,1793.375,1934.3984375,2050.6640625,32,15.125,525
38.524256,27.099407,1657.9307861328125,1792.28125,1932.3046875,2047.09375,32,15.125,553
38.524256,27.102276,1671.979248046875,1795.2890625,1956.8046875,2052.7109375,32,14.75,573
38.524256,27.105146,1671.979248046875,1793.953125,1956.046875,2053.5625,32,14.75,580
38.524256,27.108016,1671.979248046875,1793.2578125,1955.8671875,2052.6484375,32,14.75,602
38.524256,27.110886,1663.440185546875,1792.109375,1950.90625,2051.5390625,32,15,610
38.524256,27.113755,1663.440185546875,1791.3828125,1948.8125,2050.203125,32,15,629
38.524256,27.116625,1663.440185546875,1789.984375,1939.375,2048.4375,32,15,628
38.524256,27.119495,1629.503173828125,1736.390625,1795.3515625,1999.2578125,32,15.375,555
38.524256,27.122365,1629.503173828125,1726.0078125,1770.703125,1985.75,32,15.375,427
38.524256,27.125234,1609.5621337890625,1751.875,1820.109375,2009.9296875,32,16.25,359
38.524256,27.128104,1609.5621337890625,1759.9453125,1836.046875,2015.5390625,32,16.25,318
38.524256,27.130974,1609.5621337890625,1743.875,1774.8671875,1996.09375,32,16.25,253
38.524256,27.133844,1606.2183837890625,1765.8984375,1854.84375,2025.640625,32,16.3125,325
38.524256,27.136713,1606.2183837890625,1769.8984375,1875.1015625,2027.75,32,16.3125,351
38.524256,27.139583,1606.2183837890625,1757.2890625,1841.234375,2016.78125,32,16.3125,294
38.524256,27.142453,1585.05859375,1731.7734375,1759.6328125,1971.75,32,16.0625,301
38.524256,27.145322,1585.05859375,1726.9609375,1745.0390625,1970.125,32,16.0625,299
38.524256,27.148192,1585.05859375,1709.734375,1724.7421875,1939.9296875,32,16.0625,310
38.524256,27.151062,1612.1038818359375,1712.640625,1736.3515625,1943.21875,32,15.5625,405
38.524256,27.153932,1612.1038818359375,1769.8203125,1890.6953125,2017.0078125,32,15.5625,443
38.524256,27.156801,1612.1038818359375,1748.578125,1805.359375,1988.25,32,15.5625,411
38.524256,27.159671,1607.205810546875,1749.9296875,1812.0078125,1992.390625,32,15.4375,393
38.524256,27.162541,1607.205810546875,1759.7734375,1867.6328125,2006.1328125,32,15.4375,449
38.524256,27.165411,1607.205810546875,1760.40625,1873.0859375,2007.8671875,32,15.4375,493
38.524256,27.16828,1615.651123046875,1759.3046875,1872.8203125,2007.75,32,15,527
38.524256,27.17115,1615.651123046875,1756.046875,1867.0234375,2005.4453125,32,15,572
38.524256,27.17402,1615.651123046875,1750.8046875,1853.8984375,2002.4140625,32,15,596
38.524256,27.17689,1599.603759765625,1740.1796875,1826.859375,1989.5703125,32,14.4375,612
38.524256,27.179759,1599.603759765625,1730.890625,1808.21875,1980.4453125,32,14.4375,711
38.524256,27.182629,1599.603759765625,1754.65625,1883.453125,2010.8046875,32,14.4375,815
38.524256,27.185499,1633.5059814453125,1765.4609375,1923.15625,2016.3046875,32,13.8125,853
38.526502,27.0621,1639.8721923828125,1787.6015625,1886.0859375,2041.8828125,33,16.6875,171
38.526502,27.06497,1639.8721923828125,1790.1171875,1896.71875,2048.546875,33,16.6875,214
38.526502,27.067839,1650.5384521484375,1790.0234375,1898.8203125,2050.6484375,32,16.125,252
38.526502,27.070709,1650.5384521484375,1797.8125,1926.796875,2060.9765625,32,16.125,306
38.526502,27.073579,1650.5384521484375,1791.9609375,1897.1875,2054.2265625,32,16.125,254
38.526502,27.076449,1645.7698974609375,1780.09375,1849.3828125,2033.375,32,16.125,214
38.526502,27.079318,1645.7698974609375,1791.078125,1907.53125,2043.046875,32,16.125,239
38.526502,27.082188,1645.7698974609375,1791.6484375,1910.2265625,2043.25,32,16.125,256
38.526502,27.085058,1633.580322265625,1787.890625,1906.8125,2034.6015625,32,15.9375,278
38.526502,27.087928,1633.580322265625,1782.640625,1890.7734375,2023.9375,32,15.9375,314
38.526502,27.090797,1633.580322265625,1770.40625,1860.1953125,2000.7265625,32,15.9375,338
38.526502,27.093667,1618.1424560546875,1760.453125,1840.375,1978.765625,32,15.5625,378
38.526502,27.096537,1618.1424560546875,1762.1484375,1843.7734375,1980.546875,32,15.5625,430
38.526502,27.099407,1618.1424560546875,1761.8515625,1841.828125,1987.34375,32,15.5625,480
38.526502,27.102276,1648.1470947265625,1787.875,1919.3359375,2034.890625,32,14.8125,566
38.526502,27.105146,1648.1470947265625,1793.4375,1951.9140625,2052.5625,32,14.8125,598
38.526502,27.108016,1648.1470947265625,1793.46875,1957.1015625,2052.171875,32,14.8125,618
38.526502,27.110886,1673.0782470703125,1792.75,1956.4296875,2051.140625,32,14.375,617
38.526502,27.113755,1673.0782470703125,1791.4765625,1949.7109375,2048.59375,32,14.375,627
38.526502,27.116625,1673.0782470703125,1790.78125,1949.4453125,2047.78125,32,14.375,652
38.526502,27.119495,1637.783203125,1781.9140625,1910.4609375,2041.125,32,14.6875,634
38.526502,27.122365,1637.783203125,1716.34375,1760.671875,1979.5625,32,14.6875,477
38.526502,27.125234,1616.752685546875,1740.6484375,1798.0859375,1999.640625,32,15.75,384
38.526502,27.128104,1616.752685546875,1752,1819.703125,2008.671875,32,15.75,318
38.526502,27.130974,1616.752685546875,1743.7265625,1779.59375,1995.375,32,15.75,281
38.526502,27.133844,1611.2064208984375,1747.1796875,1788.984375,1994.9375,32,15.875,337
38.526502,27.136713,1611.2064208984375,1774.5703125,1891.1015625,2025.3828125,32,15.875,382
38.526502,27.139583,1611.2064208984375,1765.890625,1859.6796875,2015.6328125,32,15.875,327
38.526502,27.142453,1614.401123046875,1734.1484375,1761.8359375,1977.828125,32,15.6875,284
38.526502,27.145322,1614.401123046875,1753.4921875,1820.265625,1995.03125,32,15.6875,332
38.526502,27.148192,1614.401123046875,1728.921875,1769.75,1958.3828125,32,15.6875,298
38.526502,27.151062,1608.2266845703125,1755.296875,1846.3984375,1984.53125,32,15.5,366
38.526502,27.153932,1608.2266845703125,1757.3671875,1854.53125,1992.421875,32,15.5,431
38.526502,27.156801,1608.2266845703125,1764.984375,1883.5234375,2012.234375,32,15.5,469
38.526502,27.159671,1610.90966796875,1762.1015625,1866.109375,2012.984375,32,15.25,429
38.526502,27.162541,1610.90966796875,1748.1640625,1834.6015625,1981.484375,32,15.25,422
38.526502,27.165411,1610.90966796875,1747.1875,1835.0859375,1984.75,32,15.25,463
38.526502,27.16828,1595.9287109375,1736.65625,1812.6875,1976.1875,32,14.5625,511
38.526502,27.17115,1595.9287109375,1726.5,1791.6953125,1966.7421875,32,14.5625,586
38.526502,27.17402,1595.9287109375,1753.75,1870.546875,2004.40625,32,14.5625,658
38.526502,27.17689,1616.137451171875,1748.8515625,1855.5234375,1999.984375,32,13.625,693
38.526502,27.179759,1616.137451171875,1707.0859375,1753.8671875,1948.4453125,32,13.625,756
38.526502,27.182629,1616.137451171875,1755.2890625,1876.0703125,2003.0390625,32,13.625,831
38.526502,27.185499,1654.419677734375,1765.7734375,1926.78125,2014.5,32,12.625,919
38.528748,27.0621,1639.8721923828125,1794.9765625,1916.234375,2057.375,33,16.6875,182
38.528748,27.06497,1639.8721923828125,1795.4375,1919.0625,2056.671875,33,16.6875,202
38.528748,27.067839,1650.5384521484375,1782.671875,1873.8125,2035.390625,32,16.125,235
38.528748,27.070709,1650.5384521484375,1796.3359375,1927.9765625,2057.328125,32,16.125,311
38.528748,27.073579,1650.5384521484375,1795.8359375,1920.1640625,2060.9921875,32,16.125,295
38.528748,27.076449,1645.7698974609375,1793.390625,1909.5390625,2056.0859375,32,16.125,255
38.528748,27.079318,1645.7698974609375,1791.40625,1902.3828125,2050.390625,32,16.125,231
38.528748,27.082188,1645.7698974609375,1791.28125,1907.1171875,2048.2265625,32,16.125,250
38.528748,27.085058,1633.580322265625,1784.5703125,1895.6875,2031.6953125,32,15.9375,268
38.528748,27.087928,1633.580322265625,1778.6953125,1878.8203125,2020.6640625,32,15.9375,274
38.528748,27.090797,1633.580322265625,1774.3671875,1869.015625,2011.9921875,32,15.9375,304
38.528748,27.093667,1618.1424560546875,1775.8359375,1874.7578125,2014.4453125,32,15.5625,351
38.528748,27.096537,1618.1424560546875,1777.3359375,1881.75,2016.0625,32,15.5625,411
38.528748,27.099407,1618.1424560546875,1769.1796875,1860.5078125,2003.09375,32,15.5625,460
38.528748,27.102276,1648.1470947265625,1753.125,1822.6953125,1977.84375,32,14.8125,540
38.528748,27.105146,1648.1470947265625,1789.7578125,1932.40625,2039.125,32,14.8125,584
38.528748,27.108016,1648.1470947265625,1792.625,1950.4453125,2049.1640625,32,14.8125,611
38.528748,27.110886,1673.0782470703125,1792.4140625,1953.1796875,2051.0859375,32,14.375,622
38.528748,27.113755,1673.0782470703125,1789.734375,1942.53125,2048.5546875,32,14.375,630
38.528748,27.116625,1673.0782470703125,1788.46875,1938.9140625,2046.6953125,32,14.375,663
38.528748,27.119495,1637.783203125,1790.9296875,1955.875,2046.6875,32,14.6875,685
38.528748,27.122365,1637.783203125,1703.578125,1727.375,1954.234375,32,14.6875,513
38.528748,27.125234,1616.752685546875,1727.6875,1773.1484375,1986.2578125,32,15.75,433
38.528748,27.128104,1616.752685546875,1745.1875,1806.4765625,2000.796875,32,15.75,333
38.528748,27.130974,1616.752685546875,1756.453125,1829.390625,2012.1953125,32,15.75,319
38.528748,27.133844,1611.2064208984375,1753.609375,1815.921875,1994.8515625,32,15.875,298
38.528748,27.136713,1611.2064208984375,1764.78125,1853.9609375,2007.59375,32,15.875,335
38.528748,27.139583,1611.2064208984375,1758.8984375,1834.96875,1999.25,32,15.875,297
38.528748,27.142453,1614.401123046875,1758.796875,1834.4765625,2004.421875,32,15.6875,320
38.528748,27.145322,1614.401123046875,1767.3203125,1887.3046875,2019.5,32,15.6875,353
38.528748,27.148192,1614.401123046875,1748.359375,1828.8984375,2002.9296875,32,15.6875,319
38.528748,27.151062,1608.2266845703125,1747.4765625,1820.6640625,1987.1953125,32,15.5,329
38.528748,27.153932,1608.2266845703125,1756.5390625,1853.4375,1993.234375,32,15.5,409
38.528748,27.156801,1608.2266845703125,1757.3203125,1856.796875,1995.4296875,32,15.5,474
38.528748,27.159671,1610.90966796875,1765.2578125,1884.5234375,2013.5859375,32,15.25,459
38.528748,27.162541,1610.90966796875,1753.921875,1855.1328125,2000.640625,32,15.25,448
38.528748,27.165411,1610.90966796875,1739.921875,1819.125,1985,32,15.25,453
38.528748,27.16828,1595.9287109375,1722.203125,1778.0234375,1958.2890625,32,14.5625,527
38.528748,27.17115,1595.9287109375,1713.3203125,1761.9140625,1950.0390625,32,14.5625,611
38.528748,27.17402,1595.9287109375,1749.8984375,1854.046875,1996.4375,32,14.5625,731
38.528748,27.17689,1616.137451171875,1753.0234375,1869.5859375,2005.328125,32,13.625,747
38.528748,27.179759,1616.137451171875,1741.265625,1841.6796875,1995.2421875,32,13.625,780
38.528748,27.182629,1616.137451171875,1696.9375,1737.96875,1934.78125,32,13.625,832
38.528748,27.185499,1654.419677734375,1761.953125,1907.875,2011.8828125,32,12.625,961
38.530994,27.0621,1639.8721923828125,1796,1921.359375,2056.4453125,33,16.6875,178
38.530994,27.06497,1639.8721923828125,1791.0078125,1893.171875,2046.359375,33,16.6875,192
38.530994,27.067839,1650.5384521484375,1781.6796875,1870.8046875,2036.5078125,32,16.125,216
38.530994,27.070709,1650.5384521484375,1787.5703125,1891.7734375,2044.625,32,16.125,292
38.530994,27.073579,1650.5384521484375,1797.96875,1940.2109375,2061.203125,32,16.125,324
38.530994,27.076449,1645.7698974609375,1796.8828125,1933.640625,2059.46875,32,16.125,306
38.530994,27.079318,1645.7698974609375,1795.265625,1927.5,2057.21875,32,16.125,290
38.530994,27.082188,1645.7698974609375,1790.0703125,1908.1796875,2053.828125,32,16.125,297
38.530994,27.085058,1633.580322265625,1792.4453125,1925.875,2049.34375,32,15.9375,330
38.530994,27.087928,1633.580322265625,1787.890625,1894.5546875,2043.3203125,32,15.9375,333
38.530994,27.090797,1633.580322265625,1778.0703125,1861.5,2028.4921875,32,15.9375,298
38.530994,27.093667,1618.1424560546875,1778.03125,1878.1015625,2025.046875,32,15.5625,319
38.530994,27.096537,1618.1424560546875,1772.3203125,1867.3515625,2018.1796875,32,15.5625,364
38.530994,27.099407,1618.1424560546875,1769.3828125,1862.9765625,2012.40625,32,15.5625,405
38.530994,27.102276,1648.1470947265625,1762.0703125,1846.265625,2002.03125,32,14.8125,470
38.530994,27.105146,1648.1470947265625,1771.5390625,1874.03125,2017.1796875,32,14.8125,519
38.530994,27.108016,1648.1470947265625,1785.59375,1917.9609375,2036.359375,32,14.8125,594
38.530994,27.110886,1673.0782470703125,1788.59375,1932.53125,2044.328125,32,14.375,630
38.530994,27.113755,1673.0782470703125,1787.71875,1932.7421875,2047.109375,32,14.375,679
38.530994,27.116625,1673.0782470703125,1791.90625,1956.703125,2050.234375,32,14.375,672
38.530994,27.119495,1637.783203125,1776.6328125,1888.765625,2025.65625,32,14.6875,630
38.530994,27.122365,1637.783203125,1764.828125,1853.203125,2009.984375,32,14.6875,542
38.530994,27.125234,1616.752685546875,1734.4375,1781.125,1981.4765625,32,15.75,439
38.530994,27.128104,1616.752685546875,1760.3984375,1843.5078125,2013.8359375,32,15.75,393
38.530994,27.130974,1616.752685546875,1767.9453125,1866.9453125,2021.6328125,32,15.75,369
38.530994,27.133844,1611.2064208984375,1767.84375,1865.265625,2021.6015625,32,15.875,337
38.530994,27.136713,1611.2064208984375,1768.625,1869.8671875,2021.65625,32,15.875,331
38.530994,27.139583,1611.2064208984375,1766.4296875,1866.296875,2020.9609375,32,15.875,327
38.530994,27.142453,1614.401123046875,1764.46875,1864.4375,2019.1640625,32,15.6875,359
38.530994,27.145322,1614.401123046875,1758.515625,1855.6015625,2009.453125,32,15.6875,413
38.530994,27.148192,1614.401123046875,1759.5078125,1864.0234375,2017.9921875,32,15.6875,433
38.530994,27.151062,1608.2266845703125,1753.6015625,1844.8515625,2010.8046875,32,15.5,397
38.530994,27.153932,1608.2266845703125,1753.578125,1837.4921875,1996.5390625,32,15.5,385
38.530994,27.156801,1608.2266845703125,1758.4453125,1862.796875,1996.9375,32,15.5,423
38.530994,27.159671,1610.90966796875,1761.578125,1877.8046875,2004.1875,32,15.25,457
38.530994,27.162541,1610.90966796875,1749.03125,1842.5078125,1996.515625,32,15.25,463
38.530994,27.165411,1610.90966796875,1746.140625,1840.0390625,1993.3046875,32,15.25,515
38.530994,27.16828,1595.9287109375,1730.59375,1801.2421875,1970.984375,32,14.5625,550
38.530994,27.17115,1595.9287109375,1691.890625,1718.09375,1912.171875,32,14.5625,566
38.530994,27.17402,1595.9287109375,1678.7890625,1696.890625,1890.8515625,32,14.5625,668
38.530994,27.17689,1616.137451171875,1687.2421875,1710.890625,1913.5703125,32,13.625,799
38.530994,27.179759,1616.137451171875,1752.9453125,1863.3671875,1997.515625,32,13.625,888
38.530994,27.182629,1616.137451171875,1711.359375,1773.1796875,1958.5078125,32,13.625,869
38.530994,27.185499,1654.419677734375,1744.796875,1849.9375,1993.265625,32,12.625,1000
38.53324,27.0621,1639.8721923828125,1789.921875,1890,2042.8046875,33,16.6875,121
38.53324,27.06497,1639.8721923828125,1774.5390625,1844,2026.515625,33,16.6875,180
38.53324,27.067839,1650.5384521484375,1790.953125,1904.09375,2049.03125,32,16.125,238
38.53324,27.070709,1650.5384521484375,1788.359375,1895.4609375,2046.265625,32,16.125,273
38.53324,27.073579,1650.5384521484375,1795.8671875,1928.828125,2056.7890625,32,16.125,329
38.53324,27.076449,1645.7698974609375,1797.609375,1942.1953125,2059.1171875,32,16.125,345
38.53324,27.079318,1645.7698974609375,1796.90625,1938.4921875,2058.2890625,32,16.125,360
38.53324,27.082188,1645.7698974609375,1797.3984375,1943.1015625,2059.125,32,16.125,360
38.53324,27.085058,1633.580322265625,1795.734375,1942.15625,2055.8671875,32,15.9375,373
38.53324,27.087928,1633.580322265625,1781.0625,1868.8203125,2040.296875,32,15.9375,352
38.53324,27.090797,1633.580322265625,1776.8828125,1851.5703125,2032.1796875,32,15.9375,305
38.53324,27.093667,1618.1424560546875,1779.203125,1878.453125,2031.3515625,32,15.5625,357
38.53324,27.096537,1618.1424560546875,1767.3828125,1852.7109375,2019.609375,32,15.5625,410
38.53324,27.099407,1618.1424560546875,1780.546875,1892.203125,2035.484375,32,15.5625,489
38.53324,27.102276,1648.1470947265625,1783.8125,1905.625,2038.4921875,32,14.8125,497
38.53324,27.105146,1648.1470947265625,1773.96875,1877.1640625,2025.4140625,32,14.8125,558
38.53324,27.108016,1648.1470947265625,1791.171875,1945.734375,2049.6015625,32,14.8125,625
38.53324,27.110886,1673.0782470703125,1783.0703125,1914.765625,2039.484375,32,14.375,625
38.53324,27.113755,1673.0782470703125,1781.7421875,1908.6015625,2033.96875,32,14.375,683
38.53324,27.116625,1673.0782470703125,1792.546875,1959.9140625,2048.90625,32,14.375,702
38.53324,27.119495,1637.783203125,1768.015625,1862.40625,2018.7421875,32,14.6875,635
38.53324,27.122365,1637.783203125,1759.2265625,1837.8359375,2004.1015625,32,14.6875,534
38.53324,27.125234,1616.752685546875,1768.59375,1865.2890625,2016.8671875,32,15.75,484
38.53324,27.128104,1616.752685546875,1768.1328125,1864.53125,2018.5390625,32,15.75,421
38.53324,27.130974,1616.752685546875,1768.359375,1865.8984375,2018.015625,32,15.75,386
38.53324,27.133844,1611.2064208984375,1762.625,1845.546875,2013.6796875,32,15.875,337
38.53324,27.136713,1611.2064208984375,1763.515625,1850.8359375,2018.03125,32,15.875,395
38.53324,27.139583,1611.2064208984375,1756.5234375,1832.6796875,2015.0703125,32,15.875,366
38.53324,27.142453,1614.401123046875,1762.3515625,1857.5546875,2017.0703125,32,15.6875,434
38.53324,27.145322,1614.401123046875,1760.484375,1863.1171875,2010.0234375,32,15.6875,471
38.53324,27.148192,1614.401123046875,1772.875,1908.21875,2023.96875,32,15.6875,526
38.53324,27.151062,1608.2266845703125,1748.1953125,1823.5234375,2002.609375,32,15.5,459
38.53324,27.153932,1608.2266845703125,1747.3671875,1819.0625,1999.921875,32,15.5,415
38.53324,27.156801,1608.2266845703125,1760.8984375,1869.453125,2010.1484375,32,15.5,432
38.53324,27.159671,1610.90966796875,1758.7265625,1868.125,2003.65625,32,15.25,484
38.53324,27.162541,1610.90966796875,1752.71875,1853.796875,1996.5703125,32,15.25,521
38.53324,27.165411,1610.90966796875,1730.359375,1797.8828125,1961.5546875,32,15.25,526
38.53324,27.16828,1595.9287109375,1748.34375,1846.609375,1982.15625,32,14.5625,627
38.53324,27.17115,1595.9287109375,1733.0078125,1808.34375,1968.3359375,32,14.5625,638
38.53324,27.17402,1595.9287109375,1724.46875,1788.25,1956.171875,32,14.5625,722
38.53324,27.17689,1616.137451171875,1724.9296875,1791.4453125,1949.390625,32,13.625,774
38.53324,27.179759,1616.137451171875,1707.0625,1754.0390625,1921.859375,32,13.625,861
38.53324,27.182629,1616.137451171875,1733.96875,1817.8203125,1971.5234375,32,13.625,963
38.53324,27.185499,1654.419677734375,1762.2421875,1905.3515625,2004.0078125,32,12.625,1061
38.535485,27.0621,1633.5269775390625,1772.453125,1842.09375,2031.8359375,33,16.875,133
38.535485,27.06497,1633.5269775390625,1783.203125,1874.6484375,2043.4453125,33,16.875,184
38.535485,27.067839,1639.7144775390625,1788.8828125,1896.8359375,2043.625,32,16.3125,217
38.535485,27.070709,1639.7144775390625,1792.09375,1912.15625,2048.3984375,32,16.3125,285
38.535485,27.073579,1639.7144775390625,1794.359375,1924.9609375,2050.6796875,32,16.3125,298
38.535485,27.076449,1636.2342529296875,1796.0859375,1935.375,2053.34375,32,16,334
38.535485,27.079318,1636.2342529296875,1786.6015625,1883,2033.046875,32,16,312
38.535485,27.082188,1636.2342529296875,1771.296875,1847.8671875,2016.8046875,32,16,390
38.535485,27.085058,1641.34814453125,1795.8828125,1941.1953125,2056.640625,32,15.625,430
38.535485,27.087928,1641.34814453125,1762.4609375,1818.9921875,2021.90625,32,15.625,378
38.535485,27.090797,1641.34814453125,1771.390625,1835.40625,2028.28125,32,15.625,326
38.535485,27.093667,1635.6053466796875,1784.1015625,1889.0546875,2034.4921875,32,15.5625,360
38.535485,27.096537,1635.6053466796875,1778.7890625,1882.234375,2026.0546875,32,15.5625,410
38.535485,27.099407,1635.6053466796875,1780.1484375,1889.9140625,2027.28125,32,15.5625,468
38.535485,27.102276,1641.22265625,1782.546875,1899.890625,2034.6796875,32,14.875,510
38.535485,27.105146,1641.22265625,1749.859375,1814.421875,1991.3046875,32,14.875,553
38.535485,27.108016,1641.22265625,1783.9296875,1911.1875,2035.78125,32,14.875,660
38.535485,27.110886,1661.64111328125,1790.859375,1945.8046875,2049.734375,32,14.1875,695
38.535485,27.113755,1661.64111328125,1792.6953125,1961.703125,2051.75,32,14.1875,716
38.535485,27.116625,1661.64111328125,1781.265625,1903.9453125,2037.5078125,32,14.1875,662
38.535485,27.119495,1635.85888671875,1735.453125,1786.4609375,1974.328125,32,14.625,584
38.535485,27.122365,1635.85888671875,1757.9140625,1836.546875,2003.4453125,32,14.625,530
38.535485,27.125234,1640.81201171875,1771.109375,1872.9375,2022.59375,32,15.1875,495
38.535485,27.128104,1640.81201171875,1770.109375,1872.1015625,2022.015625,32,15.1875,445
38.535485,27.130974,1640.81201171875,1773.6015625,1885.65625,2025.7265625,32,15.1875,431
38.535485,27.133844,1630.495361328125,1767.2109375,1863.640625,2023.234375,31,15.3125,382
38.535485,27.136713,1630.495361328125,1759.9609375,1843.8671875,2011.1328125,31,15.3125,443
38.535485,27.139583,1630.495361328125,1770.421875,1883,2026.2578125,31,15.3125,412
38.535485,27.142453,1631.271728515625,1750.4765625,1822.34375,1995.1171875,31,14.9375,435
38.535485,27.145322,1631.271728515625,1756.390625,1857.859375,2007.0859375,31,14.9375,502
38.535485,27.148192,1631.271728515625,1772.4765625,1905.6640625,2023.5859375,31,14.9375,574
38.535485,27.151062,1632.249267578125,1748.8828125,1828.640625,2004.2421875,31,14.9375,505
38.535485,27.153932,1632.249267578125,1742.640625,1807.46875,1999.296875,31,14.9375,453
38.535485,27.156801,1632.249267578125,1758.71875,1868.4921875,2012.109375,31,14.9375,503
38.535485,27.159671,1627.15625,1752.3046875,1846.8984375,2006.5859375,31,14.6875,485
38.535485,27.162541,1627.15625,1754.6796875,1865.84375,2000.3046875,31,14.6875,521
38.535485,27.165411,1627.15625,1748.1640625,1850.671875,1991.203125,31,14.6875,542
38.535485,27.16828,1617.6397705078125,1740.796875,1836.9609375,1981.9921875,31,14.125,595
38.535485,27.17115,1617.6397705078125,1727.8671875,1799.2578125,1962.0390625,31,14.125,612
38.535485,27.17402,1617.6397705078125,1704.3515625,1749.296875,1933.625,31,14.125,719
38.535485,27.17689,1596.7227783203125,1740.53125,1828.6875,1971.5078125,31,13.5,807
38.535485,27.179759,1596.7227783203125,1729.8125,1802.3359375,1957.921875,31,13.5,858
38.535485,27.182629,1596.7227783203125,1729.5234375,1803.859375,1953.1171875,31,13.5,957
38.535485,27.185499,1604.56298828125,1761.25,1908.1875,1988.1796875,31,12.8125,1047
38.537731,27.0621,1633.5269775390625,1769.6484375,1832.359375,2024.984375,33,16.875,157
38.537731,27.06497,1633.5269775390625,1791.8359375,1906.9609375,2047.5703125,33,16.875,195
38.537731,27.067839,1639.7144775390625,1788.1171875,1896.6484375,2038.25,32,16.3125,203
38.537731,27.070709,1639.7144775390625,1777.484375,1862.703125,2022.0625,32,16.3125,249
38.537731,27.073579,1639.7144775390625,1795.4453125,1929.9453125,2053.0703125,32,16.3125,295
38.537731,27.076449,1636.2342529296875,1791.578125,1910.2421875,2041.28125,32,16,291
38.537731,27.079318,1636.2342529296875,1773.4296875,1838.90625,2012.484375,32,16,273
38.537731,27.082188,1636.2342529296875,1755.8984375,1809.46875,1999.015625,32,16,364
38.537731,27.085058,1641.34814453125,1792.0546875,1926.3515625,2039.5546875,32,15.625,414
38.537731,27.087928,1641.34814453125,1787.5859375,1899.1640625,2031.8984375,32,15.625,398
38.537731,27.090797,1641.34814453125,1792.109375,1918.5703125,2046.71875,32,15.625,368
38.537731,27.093667,1635.6053466796875,1783.765625,1888.90625,2037.671875,32,15.5625,340
38.537731,27.096537,1635.6053466796875,1777,1868.609375,2022.2578125,32,15.5625,392
38.537731,27.099407,1635.6053466796875,1777.078125,1881.6796875,2021.9609375,32,15.5625,436
38.537731,27.102276,1641.22265625,1768.015625,1857.484375,2011.546875,32,14.875,515
38.537731,27.105146,1641.22265625,1781.140625,1900.90625,2026.734375,32,14.875,567
38.537731,27.108016,1641.22265625,1776.9609375,1890.609375,2016.8984375,32,14.875,626
38.537731,27.110886,1661.64111328125,1786.65625,1930.125,2030.109375,32,14.1875,690
38.537731,27.113755,1661.64111328125,1787.609375,1937.0390625,2028.59375,32,14.1875,720
38.537731,27.116625,1661.64111328125,1790.3203125,1940.5390625,2040.9921875,32,14.1875,676
38.537731,27.119495,1635.85888671875,1737.703125,1795.7578125,1989.0390625,32,14.625,577
38.537731,27.122365,1635.85888671875,1765.71875,1859.6015625,2017.9296875,32,14.625,536
38.537731,27.125234,1640.81201171875,1778.296875,1904.34375,2033.1484375,32,15.1875,520
38.537731,27.128104,1640.81201171875,1774.9296875,1894.671875,2031.515625,32,15.1875,475
38.537731,27.130974,1640.81201171875,1775.515625,1895.7890625,2033.015625,32,15.1875,455
38.537731,27.133844,1630.495361328125,1766.2421875,1861.515625,2022.3046875,31,15.3125,403
38.537731,27.136713,1630.495361328125,1751.59375,1822.296875,2005.0234375,31,15.3125,453
38.537731,27.139583,1630.495361328125,1776.015625,1912.28125,2031.7265625,31,15.3125,447
38.537731,27.142453,1631.271728515625,1767.8515625,1883.4296875,2023.5,31,14.9375,470
38.537731,27.145322,1631.271728515625,1754.140625,1849.84375,1997.640625,31,14.9375,508
38.537731,27.148192,1631.271728515625,1773.53125,1918.3125,2022.8671875,31,14.9375,581
38.537731,27.151062,1632.249267578125,1759.34375,1868.046875,2018.015625,31,14.9375,538
38.537731,27.153932,1632.249267578125,1753.234375,1853.6484375,2015.890625,31,14.9375,505
38.537731,27.156801,1632.249267578125,1754.0078125,1859.375,2007.6484375,31,14.9375,549
38.537731,27.159671,1627.15625,1759.5703125,1872.78125,2013.65625,31,14.6875,551
38.537731,27.162541,1627.15625,1755.4140625,1873.4375,2006.0234375,31,14.6875,562
38.537731,27.165411,1627.15625,1749.734375,1861.9609375,2001.2109375,31,14.6875,587
38.537731,27.16828,1617.6397705078125,1746.9921875,1855.3359375,1998.109375,31,14.125,655
38.537731,27.17115,1617.6397705078125,1759.1953125,1894.34375,2003.015625,31,14.125,690
38.537731,27.17402,1617.6397705078125,1745.1953125,1846.6640625,1985.5390625,31,14.125,709
38.537731,27.17689,1596.7227783203125,1747.8984375,1851.9375,1975.2890625,31,13.5,785
38.537731,27.179759,1596.7227783203125,1746.3359375,1854.6640625,1964.609375,31,13.5,834
38.537731,27.182629,1596.7227783203125,1727.0546875,1823.4375,1919.890625,31,13.5,896
38.537731,27.185499,1604.56298828125,1629.4453125,1622.3828125,1734.5546875,31,12.8125,939
38.539977,27.0621,1633.5269775390625,1769.6484375,1832.359375,2024.984375,33,16.875,135
38.539977,27.06497,1633.5269775390625,1791.8359375,1906.9609375,2047.5703125,33,16.875,174
38.539977,27.067839,1639.7144775390625,1788.1171875,1896.6484375,2038.25,32,16.3125,181
38.539977,27.070709,1639.7144775390625,1777.484375,1862.703125,2022.0625,32,16.3125,210
38.539977,27.073579,1639.7144775390625,1795.4453125,1929.9453125,2053.0703125,32,16.3125,239
38.539977,27.076449,1636.2342529296875,1791.578125,1910.2421875,2041.28125,32,16,227
38.539977,27.079318,1636.2342529296875,1773.4296875,1838.90625,2012.484375,32,16,248
38.539977,27.082188,1636.2342529296875,1755.8984375,1809.46875,1999.015625,32,16,340
38.539977,27.085058,1641.34814453125,1792.0546875,1926.3515625,2039.5546875,32,15.625,360
38.539977,27.087928,1641.34814453125,1787.5859375,1899.1640625,2031.8984375,32,15.625,347
38.539977,27.090797,1641.34814453125,1792.109375,1918.5703125,2046.71875,32,15.625,384
38.539977,27.093667,1635.6053466796875,1783.765625,1888.90625,2037.671875,32,15.5625,406
38.539977,27.096537,1635.6053466796875,1777,1868.609375,2022.2578125,32,15.5625,363
38.539977,27.099407,1635.6053466796875,1777.078125,1881.6796875,2021.9609375,32,15.5625,422
38.539977,27.102276,1641.22265625,1768.015625,1857.484375,2011.546875,32,14.875,494
38.539977,27.105146,1641.22265625,1781.140625,1900.90625,2026.734375,32,14.875,544
38.539977,27.108016,1641.22265625,1776.9609375,1890.609375,2016.8984375,32,14.875,592
38.539977,27.110886,1661.64111328125,1786.65625,1930.125,2030.109375,32,14.1875,637
38.539977,27.113755,1661.64111328125,1787.609375,1937.0390625,2028.59375,32,14.1875,652
38.539977,27.116625,1661.64111328125,1790.3203125,1940.5390625,2040.9921875,32,14.1875,673
38.539977,27.119495,1635.85888671875,1737.703125,1795.7578125,1989.0390625,32,14.625,620
38.539977,27.122365,1635.85888671875,1765.71875,1859.6015625,2017.9296875,32,14.625,604
38.539977,27.125234,1640.81201171875,1778.296875,1904.34375,2033.1484375,32,15.1875,582
38.539977,27.128104,1640.81201171875,1774.9296875,1894.671875,2031.515625,32,15.1875,540
38.539977,27.130974,1640.81201171875,1775.515625,1895.7890625,2033.015625,32,15.1875,487
38.539977,27.133844,1630.495361328125,1766.2421875,1861.515625,2022.3046875,31,15.3125,436
38.539977,27.136713,1630.495361328125,1751.59375,1822.296875,2005.0234375,31,15.3125,507
38.539977,27.139583,1630.495361328125,1776.015625,1912.28125,2031.7265625,31,15.3125,527
38.539977,27.142453,1631.271728515625,1767.8515625,1883.4296875,2023.5,31,14.9375,510
38.539977,27.145322,1631.271728515625,1754.140625,1849.84375,1997.640625,31,14.9375,546
38.539977,27.148192,1631.271728515625,1773.53125,1918.3125,2022.8671875,31,14.9375,597
38.539977,27.151062,1632.249267578125,1759.34375,1868.046875,2018.015625,31,14.9375,625
38.539977,27.153932,1632.249267578125,1753.234375,1853.6484375,2015.890625,31,14.9375,594
38.539977,27.156801,1632.249267578125,1754.0078125,1859.375,2007.6484375,31,14.9375,604
38.539977,27.159671,1627.15625,1759.5703125,1872.78125,2013.65625,31,14.6875,591
38.539977,27.162541,1627.15625,1755.4140625,1873.4375,2006.0234375,31,14.6875,630
38.539977,27.165411,1627.15625,1749.734375,1861.9609375,2001.2109375,31,14.6875,685
38.539977,27.16828,1617.6397705078125,1746.9921875,1855.3359375,1998.109375,31,14.125,733
38.539977,27.17115,1617.6397705078125,1759.1953125,1894.34375,2003.015625,31,14.125,802
38.539977,27.17402,1617.6397705078125,1745.1953125,1846.6640625,1985.5390625,31,14.125,780
38.539977,27.17689,1596.7227783203125,1747.8984375,1851.9375,1975.2890625,31,13.5,781
38.539977,27.179759,1596.7227783203125,1746.3359375,1854.6640625,1964.609375,31,13.5,777
38.539977,27.182629,1596.7227783203125,1727.0546875,1823.4375,1919.890625,31,13.5,833
38.539977,27.185499,1604.56298828125,1629.4453125,1622.3828125,1734.5546875,31,12.8125,821
38.542223,27.0621,1636.4010009765625,1788.2109375,1890.625,2043.6171875,33,17.0625,117
38.542223,27.06497,1636.4010009765625,1793.6875,1916.5625,2050.8125,33,17.0625,132
38.542223,27.067839,1633.129150390625,1787.1796875,1886.4609375,2033.4921875,32,16.8125,131
38.542223,27.070709,1633.129150390625,1788.71875,1901.40625,2038.4140625,32,16.8125,160
38.542223,27.073579,1633.129150390625,1791.4296875,1908.765625,2042.3984375,32,16.8125,188
38.542223,27.076449,1628.7694091796875,1784.6015625,1880.546875,2028.8359375,32,16.5,200
38.542223,27.079318,1628.7694091796875,1780.515625,1873.015625,2028.609375,32,16.5,250
38.542223,27.082188,1628.7694091796875,1770,1845.4609375,2016.9609375,32,16.5,310
38.542223,27.085058,1620.9384765625,1767.8203125,1830.7265625,1992.3359375,32,16.25,298
38.542223,27.087928,1620.9384765625,1779.109375,1872.5703125,2011.296875,32,16.25,286
38.542223,27.090797,1620.9384765625,1773.828125,1865.9453125,2007.8984375,32,16.25,302
38.542223,27.093667,1639.0338134765625,1791.2734375,1926.734375,2040.8046875,32,15.5625,370
38.542223,27.096537,1639.0338134765625,1780.84375,1878.0859375,2029.203125,32,15.5625,382
38.542223,27.099407,1639.0338134765625,1781.78125,1897.0546875,2027.8046875,32,15.5625,387
38.542223,27.102276,1644.2877197265625,1780.1015625,1895.1015625,2022.2578125,32,15.1875,448
38.542223,27.105146,1644.2877197265625,1776.3984375,1892.1640625,2010.4453125,32,15.1875,492
38.542223,27.108016,1644.2877197265625,1773.453125,1883.3359375,2007.3203125,32,15.1875,539
38.542223,27.110886,1641.6552734375,1780.515625,1906.4609375,2020.484375,32,14.875,594
38.542223,27.113755,1641.6552734375,1790.3671875,1949.5390625,2037.0625,32,14.875,617
38.542223,27.116625,1641.6552734375,1791.9140625,1958.59375,2042.8359375,32,14.875,632
38.542223,27.119495,1649.5755615234375,1789.7421875,1943.6953125,2044.71875,32,14.5625,666
38.542223,27.122365,1649.5755615234375,1787.5703125,1942.328125,2043.140625,32,14.5625,666
38.542223,27.125234,1647.306396484375,1781.0859375,1913.796875,2038.5625,32,14.75,603
38.542223,27.128104,1647.306396484375,1777.0234375,1897.890625,2032.4140625,32,14.75,532
38.542223,27.130974,1647.306396484375,1763.484375,1853.546875,2016.140625,32,14.75,479
38.542223,27.133844,1651.5260009765625,1758.859375,1835.203125,2012.7734375,31,14.5625,489
38.542223,27.136713,1651.5260009765625,1761.953125,1858.390625,2016.40625,31,14.5625,539
38.542223,27.139583,1651.5260009765625,1778.203125,1921.546875,2033.1015625,31,14.5625,575
38.542223,27.142453,1654.590087890625,1775.2265625,1913.2109375,2030.859375,31,14.1875,582
38.542223,27.145322,1654.590087890625,1764.359375,1886.6484375,2017.5078125,31,14.1875,580
38.542223,27.148192,1654.590087890625,1758.390625,1869.4140625,2010.1953125,31,14.1875,641
38.542223,27.151062,1657.1444091796875,1774.1015625,1927.6171875,2025.71875,31,13.625,683
38.542223,27.153932,1657.1444091796875,1762.203125,1883.765625,2021.1171875,31,13.625,689
38.542223,27.156801,1657.1444091796875,1765.484375,1907.96875,2020.9140625,31,13.625,709
38.542223,27.159671,1639.66259765625,1763.515625,1898.140625,2017.7578125,31,13.75,676
38.542223,27.162541,1639.66259765625,1755.484375,1871.0546875,2005.6953125,31,13.75,646
38.542223,27.165411,1639.66259765625,1754.546875,1871.171875,2004.9765625,31,13.75,692
38.542223,27.16828,1619.7119140625,1738.8515625,1832.65625,1987.8984375,31,13.625,762
38.542223,27.17115,1619.7119140625,1762.2421875,1895.84375,2006.7578125,31,13.625,837
38.542223,27.17402,1619.7119140625,1765.234375,1904.3203125,2005.9296875,31,13.625,792
38.542223,27.17689,1569.5159912109375,1762.2109375,1893.765625,1996.8515625,31,14.25,772
38.542223,27.179759,1569.5159912109375,1734.390625,1792.890625,1945.1171875,31,14.25,697
38.542223,27.182629,1569.5159912109375,1755.3984375,1893.1875,1973.203125,31,14.25,755
38.542223,27.185499,1558.60986328125,1742.2421875,1839.859375,1944.765625,31,14.25,773
38.544468,27.0621,1636.4010009765625,1794.5078125,1921.828125,2052.109375,33,17.0625,93
38.544468,27.06497,1636.4010009765625,1793.625,1917.8359375,2049.015625,33,17.0625,101
38.544468,27.067839,1633.129150390625,1792.1328125,1913.1328125,2046.265625,32,16.8125,119
38.544468,27.070709,1633.129150390625,1791.5234375,1912.3515625,2044.4609375,32,16.8125,139
38.544468,27.073579,1633.129150390625,1790.09375,1908.0078125,2041.96875,32,16.8125,163
38.544468,27.076449,1628.7694091796875,1783.3359375,1880.5078125,2032.5078125,32,16.5,204
38.544468,27.079318,1628.7694091796875,1783.859375,1888.09375,2031.0703125,32,16.5,235
38.544468,27.082188,1628.7694091796875,1787.8515625,1906.4765625,2034.0703125,32,16.5,256
38.544468,27.085058,1620.9384765625,1766.84375,1820.4375,1995.0859375,32,16.25,247
38.544468,27.087928,1620.9384765625,1766.375,1827.9140625,1995.078125,32,16.25,235
38.544468,27.090797,1620.9384765625,1758.015625,1818.234375,1989.5,32,16.25,281
38.544468,27.093667,1639.0338134765625,1781.578125,1893.1875,2027.484375,32,15.5625,339
38.544468,27.096537,1639.0338134765625,1788.6875,1920.6953125,2040.0546875,32,15.5625,406
38.544468,27.099407,1639.0338134765625,1784.1875,1906.390625,2035.015625,32,15.5625,428
38.544468,27.102276,1644.2877197265625,1781.5234375,1901.53125,2025.1640625,32,15.1875,417
38.544468,27.105146,1644.2877197265625,1782.40625,1909.4140625,2024.171875,32,15.1875,467
38.544468,27.108016,1644.2877197265625,1780.3046875,1902.578125,2022.1875,32,15.1875,528
38.544468,27.110886,1641.6552734375,1786.0390625,1930.359375,2027.7265625,32,14.875,554
38.544468,27.113755,1641.6552734375,1789.6953125,1944.84375,2035,32,14.875,577
38.544468,27.116625,1641.6552734375,1784.875,1929.0859375,2025.1875,32,14.875,599
38.544468,27.119495,1649.5755615234375,1787.25,1941.875,2029.9921875,32,14.5625,620
38.544468,27.122365,1649.5755615234375,1790.9453125,1963.25,2042.015625,32,14.5625,634
38.544468,27.125234,1647.306396484375,1773.703125,1883.2578125,2025.3359375,32,14.75,598
38.544468,27.128104,1647.306396484375,1769.921875,1872.9375,2022,32,14.75,538
38.544468,27.130974,1647.306396484375,1766.15625,1860.0703125,2020.2265625,32,14.75,502
38.544468,27.133844,1651.5260009765625,1770.8359375,1882.6796875,2025.6328125,31,14.5625,534
38.544468,27.136713,1651.5260009765625,1765.7421875,1878.1640625,2019.2265625,31,14.5625,565
38.544468,27.139583,1651.5260009765625,1777.4609375,1926.5625,2032.7890625,31,14.5625,618
38.544468,27.142453,1654.590087890625,1775.578125,1922.828125,2032.0390625,31,14.1875,620
38.544468,27.145322,1654.590087890625,1766.328125,1893.4609375,2020.7734375,31,14.1875,614
38.544468,27.148192,1654.590087890625,1765.484375,1896.640625,2017.3046875,31,14.1875,658
38.544468,27.151062,1657.1444091796875,1766.2578125,1904.703125,2019.859375,31,13.625,694
38.544468,27.153932,1657.1444091796875,1766.1953125,1909.90625,2022.2578125,31,13.625,753
38.544468,27.156801,1657.1444091796875,1767.03125,1921.3671875,2022.8125,31,13.625,793
38.544468,27.159671,1639.66259765625,1764.2421875,1901.71875,2020.3828125,31,13.75,715
38.544468,27.162541,1639.66259765625,1737.5546875,1820.9609375,1996.53125,31,13.75,684
38.544468,27.165411,1639.66259765625,1741.2421875,1839.9921875,1995.6953125,31,13.75,753
38.544468,27.16828,1619.7119140625,1730.1953125,1817.8125,1982.6640625,31,13.625,833
38.544468,27.17115,1619.7119140625,1765.3359375,1900.3671875,2006.4921875,31,13.625,861
38.544468,27.17402,1619.7119140625,1722.4609375,1773.75,1937.78125,31,13.625,757
38.544468,27.17689,1569.5159912109375,1751.1484375,1852.2421875,1969.2734375,31,14.25,736
38.544468,27.179759,1569.5159912109375,1719.65625,1761.359375,1920.25,31,14.25,646
38.544468,27.182629,1569.5159912109375,1752.796875,1873.5859375,1970.921875,31,14.25,710
38.544468,27.185499,1558.60986328125,1754.171875,1874,1973.84375,31,14.25,763
38.546714,27.0621,1636.4010009765625,1794.515625,1919.8125,2051.296875,33,17.0625,63
38.546714,27.06497,1636.4010009765625,1792.2578125,1910.0234375,2047.7734375,33,17.0625,101
38.546714,27.067839,1633.129150390625,1792.4140625,1911.90625,2047.0625,32,16.8125,111
38.546714,27.070709,1633.129150390625,1786.5078125,1890.984375,2041.796875,32,16.8125,111
38.546714,27.073579,1633.129150390625,1785.125,1889.1171875,2040.3125,32,16.8125,162
38.546714,27.076449,1628.7694091796875,1789.4140625,1906.5625,2043.578125,32,16.5,197
38.546714,27.079318,1628.7694091796875,1792.1640625,1917.7421875,2042.78125,32,16.5,176
38.546714,27.082188,1628.7694091796875,1784.7734375,1885.0390625,2026.6484375,32,16.5,167
38.546714,27.085058,1620.9384765625,1773.2421875,1853.3984375,2014.1953125,32,16.25,177
38.546714,27.087928,1620.9384765625,1759.2578125,1821.59375,2001.6484375,32,16.25,227
38.546714,27.090797,1620.9384765625,1781.40625,1889.578125,2031.375,32,16.25,290
38.546714,27.093667,1639.0338134765625,1774.7109375,1869.828125,2023.8515625,32,15.5625,311
38.546714,27.096537,1639.0338134765625,1776.3828125,1878.703125,2030.03125,32,15.5625,412
38.546714,27.099407,1639.0338134765625,1789.3515625,1925.6484375,2044.96875,32,15.5625,460
38.546714,27.102276,1644.2877197265625,1792.265625,1943.4296875,2044.8984375,32,15.1875,458
38.546714,27.105146,1644.2877197265625,1783.1640625,1912.265625,2025.1328125,32,15.1875,440
38.546714,27.108016,1644.2877197265625,1785.0546875,1927.3671875,2024.8359375,32,15.1875,466
38.546714,27.110886,1641.6552734375,1786.6953125,1934.2109375,2027.3984375,32,14.875,488
38.546714,27.113755,1641.6552734375,1784.03125,1924.6171875,2021.8984375,32,14.875,507
38.546714,27.116625,1641.6552734375,1785.59375,1932.4609375,2025.609375,32,14.875,530
38.546714,27.119495,1649.5755615234375,1780.8984375,1918.2578125,2013.015625,32,14.5625,547
38.546714,27.122365,1649.5755615234375,1783.6640625,1932.7265625,2020.9375,32,14.5625,568
38.546714,27.125234,1647.306396484375,1785.71875,1935.203125,2035.15625,32,14.75,585
38.546714,27.128104,1647.306396484375,1780.609375,1914.1328125,2032.859375,32,14.75,559
38.546714,27.130974,1647.306396484375,1773.4296875,1888.484375,2030.3125,32,14.75,536
38.546714,27.133844,1651.5260009765625,1764.890625,1868.078125,2016.5703125,31,14.5625,558
38.546714,27.136713,1651.5260009765625,1775.7890625,1916.703125,2029.7265625,31,14.5625,605
38.546714,27.139583,1651.5260009765625,1774.4765625,1915.8671875,2029.6015625,31,14.5625,651
38.546714,27.142453,1654.590087890625,1777.5546875,1935.390625,2033.828125,31,14.1875,669
38.546714,27.145322,1654.590087890625,1769.3984375,1907.40625,2025.4140625,31,14.1875,690
38.546714,27.148192,1654.590087890625,1768.2421875,1907.140625,2023.6953125,31,14.1875,726
38.546714,27.151062,1657.1444091796875,1769.046875,1912.8046875,2023.890625,31,13.625,763
38.546714,27.153932,1657.1444091796875,1760.765625,1886.9375,2013.7890625,31,13.625,798
38.546714,27.156801,1657.1444091796875,1770.546875,1921.921875,2020.9765625,31,13.625,853
38.546714,27.159671,1639.66259765625,1747.0390625,1841.3515625,1998.3046875,31,13.75,753
38.546714,27.162541,1639.66259765625,1738.109375,1823.84375,1995.890625,31,13.75,759
38.546714,27.165411,1639.66259765625,1760.8359375,1891.84375,2011.0625,31,13.75,839
38.546714,27.16828,1619.7119140625,1766.7265625,1911.8203125,2011.1171875,31,13.625,870
38.546714,27.17115,1619.7119140625,1740.03125,1822.578125,1968.1484375,31,13.625,824
38.546714,27.17402,1619.7119140625,1710.7734375,1752.2578125,1930.5625,31,13.625,718
38.546714,27.17689,1569.5159912109375,1744.2578125,1832.1015625,1967.3828125,31,14.25,692
38.546714,27.179759,1569.5159912109375,1701.46875,1717.796875,1902.6328125,31,14.25,603
38.546714,27.182629,1569.5159912109375,1756.0234375,1880.84375,1975.8359375,31,14.25,697
38.546714,27.185499,1558.60986328125,1750.5,1866.296875,1962.34375,31,14.25,684
38.54896,27.0621,1636.4010009765625,1793.4453125,1916.21875,2050.0546875,33,17.0625,58
38.54896,27.06497,1636.4010009765625,1793.015625,1916.359375,2050.0546875,33,17.0625,69
38.54896,27.067839,1633.129150390625,1786.109375,1888.6796875,2042.625,32,16.8125,76
38.54896,27.070709,1633.129150390625,1786.5390625,1893.0078125,2045.109375,32,16.8125,143
38.54896,27.073579,1633.129150390625,1792.578125,1918.5546875,2049.8984375,32,16.8125,143
38.54896,27.076449,1628.7694091796875,1781.6796875,1867.0859375,2025.484375,32,16.5,129
38.54896,27.079318,1628.7694091796875,1781.8046875,1875.359375,2032.6015625,32,16.5,188
38.54896,27.082188,1628.7694091796875,1781.859375,1888.609375,2040.65625,32,16.5,240
38.54896,27.085058,1620.9384765625,1783.7734375,1902.265625,2043.8046875,32,16.25,268
38.54896,27.087928,1620.9384765625,1785.609375,1906.6953125,2042.90625,32,16.25,309
38.54896,27.090797,1620.9384765625,1775.78125,1873.609375,2029.65625,32,16.25,315
38.54896,27.093667,1639.0338134765625,1759.0546875,1833.2421875,2012.4765625,32,15.5625,331
38.54896,27.096537,1639.0338134765625,1771.3671875,1865.4765625,2027.515625,32,15.5625,423
38.54896,27.099407,1639.0338134765625,1791.0703125,1933.640625,2048.5859375,32,15.5625,474
38.54896,27.102276,1644.2877197265625,1793.75,1949.8359375,2049.40625,32,15.1875,463
38.54896,27.105146,1644.2877197265625,1791.421875,1944.46875,2043.3515625,32,15.1875,459
38.54896,27.108016,1644.2877197265625,1790.109375,1943.828125,2038.7734375,32,15.1875,454
38.54896,27.110886,1641.6552734375,1788.9765625,1942.1015625,2035.34375,32,14.875,460
38.54896,27.113755,1641.6552734375,1787.8828125,1939.3203125,2034.234375,32,14.875,488
38.54896,27.116625,1641.6552734375,1786.9765625,1937.078125,2035.0859375,32,14.875,512
38.54896,27.119495,1649.5755615234375,1779.4375,1912.3203125,2028.7109375,32,14.5625,550
38.54896,27.122365,1649.5755615234375,1788.546875,1951.53125,2041.921875,32,14.5625,589
38.54896,27.125234,1647.306396484375,1787.703125,1956.4296875,2043.953125,32,14.75,605
38.54896,27.128104,1647.306396484375,1783.28125,1936.359375,2042.53125,32,14.75,613
38.54896,27.130974,1647.306396484375,1772.3203125,1889.7265625,2033.75,32,14.75,579
38.54896,27.133844,1651.5260009765625,1771.5625,1896.015625,2028.296875,31,14.5625,589
38.54896,27.136713,1651.5260009765625,1770.5703125,1901.515625,2026.015625,31,14.5625,647
38.54896,27.139583,1651.5260009765625,1772.09375,1912.640625,2030.3359375,31,14.5625,697
38.54896,27.142453,1654.590087890625,1772.7421875,1923.5703125,2032.40625,31,14.1875,764
38.54896,27.145322,1654.590087890625,1770.7890625,1908.4296875,2027.6015625,31,14.1875,750
38.54896,27.148192,1654.590087890625,1765.2890625,1892.796875,2017.5078125,31,14.1875,739
38.54896,27.151062,1657.1444091796875,1761.6484375,1887.296875,2015.265625,31,13.625,793
38.54896,27.153932,1657.1444091796875,1748.5,1854.640625,2002.7421875,31,13.625,858
38.54896,27.156801,1657.1444091796875,1765.6171875,1906.125,2019.171875,31,13.625,936
38.54896,27.159671,1639.66259765625,1756.6171875,1888.78125,2017.03125,31,13.75,862
38.54896,27.162541,1639.66259765625,1745.125,1831.6953125,1999.4609375,31,13.75,825
38.54896,27.165411,1639.66259765625,1771.1484375,1928.25,2017.7421875,31,13.75,866
38.54896,27.16828,1619.7119140625,1767.1484375,1911.7734375,2002.765625,31,13.625,832
38.54896,27.17115,1619.7119140625,1694.3046875,1724.5,1909.5390625,31,13.625,782
38.54896,27.17402,1619.7119140625,1709.625,1753.8359375,1927.2109375,31,13.625,665
38.54896,27.17689,1569.5159912109375,1729.125,1794.3203125,1944.4140625,31,14.25,633
38.54896,27.179759,1569.5159912109375,1729.2578125,1787.984375,1939.1796875,31,14.25,575
38.54896,27.182629,1569.5159912109375,1746.90625,1848.703125,1957.484375,31,14.25,598
38.54896,27.185499,1558.60986328125,1738.6015625,1822.765625,1942.921875,31,14.25,618
38.551206,27.0621,1641.574951171875,1794.109375,1921.15625,2053.2265625,33,17.0625,57
38.551206,27.06497,1641.574951171875,1794.078125,1923.6640625,2053.265625,33,17.0625,80
38.551206,27.067839,1632.13818359375,1792.109375,1915.3046875,2049,32,17,94
38.551206,27.070709,1632.13818359375,1791.15625,1907.8828125,2047.4453125,32,17,112
38.551206,27.073579,1632.13818359375,1785.6796875,1885.1953125,2038.375,32,17,112
38.551206,27.076449,1630.2752685546875,1783.390625,1886.6328125,2041.6875,32,16.5625,142
38.551206,27.079318,1630.2752685546875,1779.9296875,1876.359375,2037.09375,32,16.5625,198
38.551206,27.082188,1630.2752685546875,1782.9453125,1888.390625,2043.8046875,32,16.5625,277
38.551206,27.085058,1634.05224609375,1791.015625,1921.4453125,2050.125,32,16.125,303
38.551206,27.087928,1634.05224609375,1792.9921875,1933.609375,2051.3046875,32,16.125,350
38.551206,27.090797,1634.05224609375,1791.0390625,1921.5859375,2047.4453125,32,16.125,353
38.551206,27.093667,1634.0821533203125,1780.6171875,1886.9375,2032.8203125,32,15.6875,354
38.551206,27.096537,1634.0821533203125,1772.3203125,1864.9140625,2025.359375,32,15.6875,426
38.551206,27.099407,1634.0821533203125,1791.40625,1934.828125,2048.421875,32,15.6875,485
38.551206,27.102276,1648.7265625,1794.2578125,1955.125,2052.8359375,32,15.1875,471
38.551206,27.105146,1648.7265625,1793.3828125,1956.5546875,2051.1953125,32,15.1875,471
38.551206,27.108016,1648.7265625,1792.0859375,1952.046875,2046.2890625,32,15.1875,464
38.551206,27.110886,1651.669921875,1790.9375,1950.484375,2044.9609375,32,15,466
38.551206,27.113755,1651.669921875,1789.8671875,1947.1171875,2042.9296875,32,15,484
38.551206,27.116625,1651.669921875,1788.3203125,1942.546875,2040.953125,32,15,509
38.551206,27.119495,1640.4989013671875,1782.203125,1919.8828125,2028.9765625,32,14.8125,552
38.551206,27.122365,1640.4989013671875,1788.4296875,1946.84375,2039.0625,32,14.8125,595
38.551206,27.125234,1643.075439453125,1785,1941.515625,2038.640625,32,14.4375,609
38.551206,27.128104,1643.075439453125,1785.859375,1948.7578125,2041.25,32,14.4375,656
38.551206,27.130974,1643.075439453125,1776.3984375,1909.34375,2037.6640625,32,14.4375,631
38.551206,27.133844,1651.4703369140625,1772.078125,1899.6171875,2031.0390625,31,13.9375,627
38.551206,27.136713,1651.4703369140625,1764.9375,1886.46875,2017.1796875,31,13.9375,638
38.551206,27.139583,1651.4703369140625,1755.8671875,1860.4140625,2004.046875,31,13.9375,717
38.551206,27.142453,1661.575927734375,1773.0625,1910.4765625,2022.6328125,31,13.375,791
38.551206,27.145322,1661.575927734375,1771.75,1905.890625,2024.7734375,31,13.375,767
38.551206,27.148192,1661.575927734375,1767.484375,1901.640625,2019.3125,31,13.375,791
38.551206,27.151062,1641.7073974609375,1757.7890625,1877.15625,2008.4375,31,13,808
38.551206,27.153932,1641.7073974609375,1743.6015625,1839.5859375,1991.3203125,31,13,876
38.551206,27.156801,1641.7073974609375,1758.1484375,1877.515625,2006.0859375,31,13,953
38.551206,27.159671,1628.2816162109375,1775.90625,1947.6328125,2024.0546875,31,13.25,935
38.551206,27.162541,1628.2816162109375,1765.2421875,1902.0546875,2015.2109375,31,13.25,884
38.551206,27.165411,1628.2816162109375,1758.734375,1877.6171875,1995.15625,31,13.25,863
38.551206,27.16828,1589.721435546875,1724.1328125,1791.8046875,1930.828125,31,14.125,780
38.551206,27.17115,1589.721435546875,1739.2421875,1821.1875,1954.953125,31,14.125,761
38.551206,27.17402,1589.721435546875,1734.453125,1808.3515625,1957.4375,31,14.125,689
38.551206,27.17689,1571.7342529296875,1739.78125,1821.9921875,1966.8671875,31,14.8125,632
38.551206,27.179759,1571.7342529296875,1729.8203125,1795.421875,1954.375,31,14.8125,550
38.551206,27.182629,1571.7342529296875,1669.40625,1657.3515625,1825.9140625,31,14.8125,517
38.551206,27.185499,1529.71435546875,1683.2890625,1675.625,1859.0078125,31,15.125,530
38.553452,27.0621,1641.574951171875,1793.6484375,1918.0625,2053.984375,33,17.0625,66
38.553452,27.06497,1641.574951171875,1793.53125,1921.7265625,2053.046875,33,17.0625,70
38.553452,27.067839,1632.13818359375,1791.8671875,1914.6015625,2048.8671875,32,17,72
38.553452,27.070709,1632.13818359375,1789.609375,1904.7265625,2046.3046875,32,17,91
38.553452,27.073579,1632.13818359375,1785.515625,1890.890625,2038.5625,32,17,111
38.553452,27.076449,1630.2752685546875,1783.6953125,1885.8125,2035.6796875,32,16.5625,162
38.553452,27.079318,1630.2752685546875,1776.4140625,1862.1171875,2029.9375,32,16.5625,211
38.553452,27.082188,1630.2752685546875,1788.4453125,1906.84375,2041.46875,32,16.5625,283
38.553452,27.085058,1634.05224609375,1791.0859375,1923.3984375,2043.1484375,32,16.125,317
38.553452,27.087928,1634.05224609375,1790.8203125,1920.96875,2040.5625,32,16.125,329
38.553452,27.090797,1634.05224609375,1778.4609375,1866.9453125,2014.1484375,32,16.125,302
38.553452,27.093667,1634.0821533203125,1773.625,1860.9375,2011.828125,32,15.6875,307
38.553452,27.096537,1634.0821533203125,1770,1861.8359375,2006,32,15.6875,375
38.553452,27.099407,1634.0821533203125,1778.859375,1893.328125,2017.09375,32,15.6875,417
38.553452,27.102276,1648.7265625,1785.109375,1914.1875,2028.3125,32,15.1875,454
38.553452,27.105146,1648.7265625,1793.375,1957.546875,2052.4140625,32,15.1875,494
38.553452,27.108016,1648.7265625,1792.7421875,1957.5234375,2049.2265625,32,15.1875,492
38.553452,27.110886,1651.669921875,1791.8359375,1953.1171875,2047.8671875,32,15,502
38.553452,27.113755,1651.669921875,1790.5078125,1948.765625,2047.2421875,32,15,522
38.553452,27.116625,1651.669921875,1789.6171875,1946.453125,2046.1015625,32,15,559
38.553452,27.119495,1640.4989013671875,1789.4140625,1948.0546875,2042.3125,32,14.8125,549
38.553452,27.122365,1640.4989013671875,1786.3828125,1935.3671875,2033.5078125,32,14.8125,575
38.553452,27.125234,1643.075439453125,1784.3515625,1936.2421875,2027.8125,32,14.4375,620
38.553452,27.128104,1643.075439453125,1783.0859375,1934.578125,2024.9921875,32,14.4375,647
38.553452,27.130974,1643.075439453125,1784.2109375,1939.765625,2035.5859375,32,14.4375,666
38.553452,27.133844,1651.4703369140625,1778.5234375,1921.5703125,2031.8671875,31,13.9375,679
38.553452,27.136713,1651.4703369140625,1778.2109375,1923.1484375,2028.953125,31,13.9375,731
38.553452,27.139583,1651.4703369140625,1774.75,1913.703125,2025.2578125,31,13.9375,745
38.553452,27.142453,1661.575927734375,1776.8046875,1922.625,2024.84375,31,13.375,799
38.553452,27.145322,1661.575927734375,1772.40625,1913.6015625,2024.046875,31,13.375,790
38.553452,27.148192,1661.575927734375,1768.6640625,1905.5625,2020.296875,31,13.375,822
38.553452,27.151062,1641.7073974609375,1770.640625,1911.5546875,2016.8125,31,13,862
38.553452,27.153932,1641.7073974609375,1765.6953125,1893.3984375,2003.8671875,31,13,915
38.553452,27.156801,1641.7073974609375,1766.7109375,1899.484375,2002.46875,31,13,972
38.553452,27.159671,1628.2816162109375,1770.6875,1914.9453125,2008.84375,31,13.25,908
38.553452,27.162541,1628.2816162109375,1729.4375,1800.7265625,1945.3359375,31,13.25,834
38.553452,27.165411,1628.2816162109375,1729.3671875,1801.28125,1941.2421875,31,13.25,787
38.553452,27.16828,1589.721435546875,1741.4921875,1828.140625,1961.1328125,31,14.125,726
38.553452,27.17115,1589.721435546875,1745.5234375,1838.296875,1965.2421875,31,14.125,678
38.553452,27.17402,1589.721435546875,1746.71875,1841.2578125,1966.5703125,31,14.125,651
38.553452,27.17689,1571.7342529296875,1748.6640625,1849.4453125,1965.984375,31,14.8125,640
38.553452,27.179759,1571.7342529296875,1743.5703125,1826.984375,1967.1796875,31,14.8125,559
38.553452,27.182629,1571.7342529296875,1691.1484375,1683.390625,1899.484375,31,14.8125,477
38.553452,27.185499,1529.71435546875,1688.2421875,1682.84375,1898.5234375,31,15.125,469
38.555697,27.0621,1641.574951171875,1792.2421875,1905.0234375,2052.921875,33,17.0625,98
38.555697,27.06497,1641.574951171875,1793.1328125,1918.2890625,2053.1796875,33,17.0625,90
38.555697,27.067839,1632.13818359375,1791.78125,1910.9921875,2048.59375,32,17,81
38.555697,27.070709,1632.13818359375,1790.8359375,1912.8828125,2045.921875,32,17,103
38.555697,27.073579,1632.13818359375,1787.890625,1900.4765625,2039.828125,32,17,127
38.555697,27.076449,1630.2752685546875,1788.140625,1903.3984375,2040.3828125,32,16.5625,170
38.555697,27.079318,1630.2752685546875,1786.4140625,1896.8828125,2035.2578125,32,16.5625,187
38.555697,27.082188,1630.2752685546875,1768.5,1839.1015625,2007,32,16.5625,237
38.555697,27.085058,1634.05224609375,1782.9921875,1885.5390625,2020.3125,32,16.125,248
38.555697,27.087928,1634.05224609375,1782.5703125,1882.296875,2021.6015625,32,16.125,249
38.555697,27.090797,1634.05224609375,1774.1171875,1854.828125,2015.7109375,32,16.125,250
38.555697,27.093667,1634.0821533203125,1783.2890625,1895.65625,2032.5234375,32,15.6875,311
38.555697,27.096537,1634.0821533203125,1785.375,1906.84375,2037.640625,32,15.6875,363
38.555697,27.099407,1634.0821533203125,1787.3671875,1918.8828125,2038.1328125,32,15.6875,374
38.555697,27.102276,1648.7265625,1775.9375,1880.0625,2021.734375,32,15.1875,404
38.555697,27.105146,1648.7265625,1789.7734375,1934.921875,2045.03125,32,15.1875,473
38.555697,27.108016,1648.7265625,1792.1953125,1953.6328125,2046.8828125,32,15.1875,509
38.555697,27.110886,1651.669921875,1790.859375,1946.15625,2041.9609375,32,15,498
38.555697,27.113755,1651.669921875,1789.3828125,1942.578125,2039.03125,32,15,513
38.555697,27.116625,1651.669921875,1782.59375,1914.6484375,2029.609375,32,15,546
38.555697,27.119495,1640.4989013671875,1789.3125,1940.5859375,2038.1796875,32,14.8125,538
38.555697,27.122365,1640.4989013671875,1750.5859375,1797.0546875,1969.9765625,32,14.8125,500
38.555697,27.125234,1643.075439453125,1773.71875,1897.6953125,2006.6484375,32,14.4375,564
38.555697,27.128104,1643.075439453125,1776.203125,1907.421875,2013.390625,32,14.4375,605
38.555697,27.130974,1643.075439453125,1771.09375,1892.609375,2005.5703125,32,14.4375,625
38.555697,27.133844,1651.4703369140625,1772.0234375,1896.703125,2012.3125,31,13.9375,666
38.555697,27.136713,1651.4703369140625,1752.25,1842.609375,1990.1484375,31,13.9375,720
38.555697,27.139583,1651.4703369140625,1779.234375,1929.015625,2029.6640625,31,13.9375,757
38.555697,27.142453,1661.575927734375,1772.8125,1907.1640625,2020.6328125,31,13.375,793
38.555697,27.145322,1661.575927734375,1768.6484375,1901.6328125,2022.3046875,31,13.375,815
38.555697,27.148192,1661.575927734375,1775.2890625,1925.5703125,2023.90625,31,13.375,874
38.555697,27.151062,1641.7073974609375,1775.015625,1920.6875,2011.796875,31,13,876
38.555697,27.153932,1641.7073974609375,1767.6015625,1898.6875,1993.3203125,31,13,861
38.555697,27.156801,1641.7073974609375,1758.734375,1886.03125,1974.703125,31,13,891
38.555697,27.159671,1628.2816162109375,1773.3203125,1937.75,2007.515625,31,13.25,890
38.555697,27.162541,1628.2816162109375,1743,1829.140625,1974.96875,31,13.25,820
38.555697,27.165411,1628.2816162109375,1747.1484375,1841.90625,1977.4375,31,13.25,769
38.555697,27.16828,1589.721435546875,1750.484375,1850.171875,1981.171875,31,14.125,707
38.555697,27.17115,1589.721435546875,1748.4609375,1844.8515625,1976.640625,31,14.125,671
38.555697,27.17402,1589.721435546875,1733.21875,1800.859375,1953.1875,31,14.125,572
38.555697,27.17689,1571.7342529296875,1731.4765625,1797.0390625,1945.078125,31,14.8125,548
38.555697,27.179759,1571.7342529296875,1745.5625,1834.7578125,1964.3515625,31,14.8125,556
38.555697,27.182629,1571.7342529296875,1700.59375,1715.71875,1921.4453125,31,14.8125,494
38.555697,27.185499,1529.71435546875,1691.359375,1677.90625,1894.1328125,31,15.125,435
38.557943,27.0621,1641.574951171875,1791.7265625,1909.609375,2044.2890625,33,17.0625,81
38.557943,27.06497,1641.574951171875,1786.0859375,1883.5859375,2033.1015625,33,17.0625,109
38.557943,27.067839,1632.13818359375,1789.0078125,1890.859375,2043.109375,32,17,83
38.557943,27.070709,1632.13818359375,1788.1796875,1891.4453125,2042.03125,32,17,65
38.557943,27.073579,1632.13818359375,1787.984375,1902.0859375,2039.5859375,32,17,107
38.557943,27.076449,1630.2752685546875,1786.2265625,1893.9375,2029.921875,32,16.5625,119
38.557943,27.079318,1630.2752685546875,1774.65625,1848.015625,2006.8515625,32,16.5625,115
38.557943,27.082188,1630.2752685546875,1781.84375,1883.6015625,2025.15625,32,16.5625,160
38.557943,27.085058,1634.05224609375,1782.0078125,1884.40625,2025.2578125,32,16.125,169
38.557943,27.087928,1634.05224609375,1781.90625,1887.8984375,2028.5078125,32,16.125,202
38.557943,27.090797,1634.05224609375,1782.3984375,1892.8515625,2030.9765625,32,16.125,236
38.557943,27.093667,1634.0821533203125,1773.4765625,1865.890625,2018.2109375,32,15.6875,283
38.557943,27.096537,1634.0821533203125,1788.4140625,1920.8828125,2037.125,32,15.6875,338
38.557943,27.099407,1634.0821533203125,1780.6953125,1887.421875,2021.5859375,32,15.6875,328
38.557943,27.102276,1648.7265625,1770.28125,1863.59375,2016.1796875,32,15.1875,411
38.557943,27.105146,1648.7265625,1789.75,1942.34375,2036.6015625,32,15.1875,442
38.557943,27.108016,1648.7265625,1775.2265625,1882.1875,1998.6640625,32,15.1875,431
38.557943,27.110886,1651.669921875,1780.46875,1899.28125,2014.515625,32,15,440
38.557943,27.113755,1651.669921875,1786.7578125,1929.828125,2031.75,32,15,489
38.557943,27.116625,1651.669921875,1788.1953125,1940.6328125,2034.8515625,32,15,511
38.557943,27.119495,1640.4989013671875,1778.875,1899.390625,2009.1015625,32,14.8125,486
38.557943,27.122365,1640.4989013671875,1751.6328125,1799.765625,1967.0078125,32,14.8125,466
38.557943,27.125234,1643.075439453125,1747.2578125,1808.5234375,1949.484375,32,14.4375,473
38.557943,27.128104,1643.075439453125,1736.3671875,1793.9921875,1947.3984375,32,14.4375,500
38.557943,27.130974,1643.075439453125,1746.1328125,1825.265625,1967.2421875,32,14.4375,580
38.557943,27.133844,1651.4703369140625,1756.125,1849.5859375,1988.875,31,13.9375,647
38.557943,27.136713,1651.4703369140625,1741.765625,1814.1171875,1975.6171875,31,13.9375,714
38.557943,27.139583,1651.4703369140625,1778.15625,1923.796875,2019.90625,31,13.9375,777
38.557943,27.142453,1661.575927734375,1774.375,1910.9921875,2008.2265625,31,13.375,790
38.557943,27.145322,1661.575927734375,1767.4375,1895.375,1994.3828125,31,13.375,808
38.557943,27.148192,1661.575927734375,1773.046875,1918.7734375,2000.765625,31,13.375,843
38.557943,27.151062,1641.7073974609375,1761.6796875,1876.28125,1976.96875,31,13,817
38.557943,27.153932,1641.7073974609375,1771.8828125,1915.015625,1999.8359375,31,13,827
38.557943,27.156801,1641.7073974609375,1770.2109375,1917.1875,1996.421875,31,13,831
38.557943,27.159671,1628.2816162109375,1767.8046875,1910.0859375,1991.5703125,31,13.25,845
38.557943,27.162541,1628.2816162109375,1767.3203125,1903.2421875,2008.5390625,31,13.25,858
38.557943,27.165411,1628.2816162109375,1732.484375,1808.2578125,1974.828125,31,13.25,797
38.557943,27.16828,1589.721435546875,1737.6171875,1817.359375,1975.7890625,31,14.125,697
38.557943,27.17115,1589.721435546875,1746.9921875,1839.6640625,1983.375,31,14.125,678
38.557943,27.17402,1589.721435546875,1733.765625,1804.4296875,1966.8671875,31,14.125,572
38.557943,27.17689,1571.7342529296875,1733.375,1801.9921875,1963.796875,31,14.8125,507
38.557943,27.179759,1571.7342529296875,1728.703125,1784.328125,1949.4296875,31,14.8125,474
38.557943,27.182629,1571.7342529296875,1738.9140625,1806.8828125,1963.4609375,31,14.8125,495
38.557943,27.185499,1529.71435546875,1690.5703125,1687.2734375,1907.9140625,31,15.125,389
