ADR_BINA_ID,Y_KOORDINAT,X_KOORDINAT,ENERJI_TABLO_KAYIT_KODU,IL_KODU,ILCE_ADI,MAHALLE,ORT_BAG_GUCU,2023_Tuketim,AYDINLATMA_count,MESKEN_count,SANAYI_count,TARIMSALSULAMA_count,TICARETHANE_count,URETICI_count,AYDINLATMA_tuketim,MESKEN_tuketim,SANAYI_tuketim,TARIMSALSULAMA_tuketim,TICARETHANE_tuketim,URETICI_tuketim,MESKEN_SANAYI_TICARETHANE_SAYISI,BINA_TIPI
7461382,38.45647639,27.11898235,35-04-K03844,35,KARSIYAKA,TUNA,62.34666666666667,256610.56,0,0,0,0,3,0,0.0,0.0,0.0,0.0,256610.56,0.0,3,ORTA_TICARETHANE
7461987,38.45701,27.1196367,35-04-K01990,35,KARSIYAKA,TUNA,5.0,1177.064,0,0,0,0,1,0,0.0,0.0,0.0,0.0,1177.064,0.0,1,KUCUK_TICARETHANE
7464885,38.45520929,27.11595217,35-04-K00018,35,KARSIYAKA,DONANMACI,40.545,51919.583999999995,0,0,0,0,2,0,0.0,0.0,0.0,0.0,51919.583999999995,0.0,2,ORTA_TICARETHANE
7465081,38.53216677,27.05246654,35-09-M00210,35,CIGLI,HARMANDALI GAZI MUSTAFA KEMAL ATATURK,5.0,10165.902,0,1,0,0,1,0,0.0,5848.969,0.0,0.0,4316.933,0.0,2,KUCUK_TICARETHANE
7465580,38.45612108,27.11693697,35-04-K02433,35,KARSIYAKA,DONANMACI,5.0,82320.53600000001,0,0,0,0,7,0,0.0,0.0,0.0,0.0,82320.53600000001,0.0,7,ORTA_TICARETHANE
7469080,38.47544987,27.11099502,35-04-M01755,35,KARSIYAKA,IMBATLI,8.575,7904.6410000000005,0,1,0,0,1,0,0.0,2549.117,0.0,0.0,5355.524,0.0,2,KUCUK_TICARETHANE
7474134,38.46531644,27.09101617,35-04-K00885,35,KARSIYAKA,ATAKENT,5.81923076923077,40918.555,0,9,0,0,4,0,0.0,21127.588,0.0,0.0,19790.967,0.0,13,ORTA_TICARETHANE
7475792,38.47592724,27.10415268,35-04-M02647,35,KARSIYAKA,IMBATLI,5.0,2995.945,0,0,0,0,3,0,0.0,0.0,0.0,0.0,2995.945,0.0,3,KUCUK_TICARETHANE
7479533,38.45447818,27.11092967,35-04-K00282,35,KARSIYAKA,AKSOY,5.519230769230769,27449.625,0,9,0,0,4,0,0.0,18963.711,0.0,0.0,8485.914,0.0,13,KUCUK_TICARETHANE
7484149,38.51999201,27.04034694,35-09-M00625,35,CIGLI,AHMET EFENDI,5.0,6936.213,0,0,0,0,1,0,0.0,0.0,0.0,0.0,6936.213,0.0,1,KUCUK_TICARETHANE
7484168,38.5343092,27.05024445,35-09-M00208,35,CIGLI,HARMANDALI GAZI MUSTAFA KEMAL ATATURK,7.07,16377.364000000001,0,2,0,0,2,0,0.0,4781.032,0.0,0.0,11596.332,0.0,4,ORTA_TICARETHANE
7488343,38.53280998,27.05514907,35-09-M00210,35,CIGLI,HARMANDALI GAZI MUSTAFA KEMAL ATATURK,5.0,8369.544,0,0,0,0,1,0,0.0,0.0,0.0,0.0,8369.544,0.0,1,KUCUK_TICARETHANE
7489542,38.53367782,27.05111714,35-09-M00209,35,CIGLI,HARMANDALI GAZI MUSTAFA KEMAL ATATURK,12.85,5085.994,0,1,0,0,1,0,0.0,2555.662,0.0,0.0,2530.332,0.0,2,KUCUK_TICARETHANE
7490875,38.52912855,27.04767499,35-09-M00212,35,CIGLI,INONU,8.35,5585.938,0,0,0,0,1,0,0.0,0.0,0.0,0.0,5585.938,0.0,1,KUCUK_TICARETHANE
7517967,38.53588212,27.05030352,35-09-M00207,35,CIGLI,HARMANDALI GAZI MUSTAFA KEMAL ATATURK,6.095555555555555,45284.876000000004,0,0,0,0,9,0,0.0,0.0,0.0,0.0,45284.876000000004,0.0,9,ORTA_TICARETHANE
7521527,38.53357654,27.05141997,35-09-M00209,35,CIGLI,HARMANDALI GAZI MUSTAFA KEMAL ATATURK,27.44,9711.407,0,0,0,0,1,0,0.0,0.0,0.0,0.0,9711.407,0.0,1,ORTA_TICARETHANE
7530893,38.53254978,27.05239809,35-09-M00210,35,CIGLI,HARMANDALI GAZI MUSTAFA KEMAL ATATURK,7.36,10729.087,0,1,0,0,1,0,0.0,3305.638,0.0,0.0,7423.449,0.0,2,KUCUK_TICARETHANE
7533538,38.53146609,27.05224797,35-09-M00214,35,CIGLI,HARMANDALI GAZI MUSTAFA KEMAL ATATURK,5.0,124.568,0,0,0,0,1,0,0.0,0.0,0.0,0.0,124.568,0.0,1,KUCUK_TICARETHANE
7537291,38.51995096,27.04034329,35-09-M00625,35,CIGLI,AHMET EFENDI,7.048,5001.859,0,2,0,0,3,0,0.0,2846.323,0.0,0.0,2155.536,0.0,5,KUCUK_TICARETHANE
7539557,38.5377831,27.05206329,35-09-M00207,35,CIGLI,CUMHURIYET,6.553333333333334,15291.573,0,0,0,0,3,0,0.0,0.0,0.0,0.0,15291.573,0.0,3,ORTA_TICARETHANE
7542790,38.52133193,27.0399633,35-09-M01308,35,CIGLI,AHMET EFENDI,7.5,1947.822,0,2,0,0,1,0,0.0,1877.039,0.0,0.0,70.783,0.0,3,KUCUK_TICARETHANE
7545650,38.53384212,27.05162198,35-09-M00209,35,CIGLI,HARMANDALI GAZI MUSTAFA KEMAL ATATURK,5.02,1524.565,0,0,0,0,1,0,0.0,0.0,0.0,0.0,1524.565,0.0,1,KUCUK_TICARETHANE
7554048,38.52677908,27.04701121,35-09-M00211,35,CIGLI,INONU,9.675,10863.518,0,1,0,0,1,0,0.0,3291.715,0.0,0.0,7571.803,0.0,2,KUCUK_TICARETHANE
7565487,38.53149077,27.05248648,35-09-M00214,35,CIGLI,HARMANDALI GAZI MUSTAFA KEMAL ATATURK,5.0,2943.496,0,0,0,0,1,0,0.0,0.0,0.0,0.0,2943.496,0.0,1,KUCUK_TICARETHANE
7570025,38.52884515,27.04778945,35-09-M00212,35,CIGLI,INONU,5.2,2988.189,0,0,0,0,1,0,0.0,0.0,0.0,0.0,2988.189,0.0,1,KUCUK_TICARETHANE
7577336,38.49221295,27.06416456,35-09-M03520,35,CIGLI,ATASEHIR,5.821428571428571,42763.991,0,0,0,0,7,0,0.0,0.0,0.0,0.0,42763.991,0.0,7,ORTA_TICARETHANE
7586102,38.49081755,27.06840639,35-09-M02552,35,CIGLI,SIRINTEPE,8.35,14750.95,0,0,0,0,1,0,0.0,0.0,0.0,0.0,14750.95,0.0,1,ORTA_TICARETHANE
7589140,38.53218281,27.04913344,35-09-M00219,35,CIGLI,HARMANDALI GAZI MUSTAFA KEMAL ATATURK,9.885142857142856,47648.170000000006,0,4,0,0,3,0,0.0,10672.022,0.0,0.0,36976.148,0.0,7,ORTA_TICARETHANE
7590931,38.53009638,27.04815836,35-09-M00212,35,CIGLI,INONU,50.0,7115.674,0,0,0,0,1,0,0.0,0.0,0.0,0.0,7115.674,0.0,1,ORTA_TICARETHANE
7598263,38.53285748,27.0530043,35-09-M00206,35,CIGLI,HARMANDALI GAZI MUSTAFA KEMAL ATATURK,5.0,613.356,0,0,0,0,1,0,0.0,0.0,0.0,0.0,613.356,0.0,1,KUCUK_TICARETHANE
7601845,38.52929165,27.04796532,35-09-M00212,35,CIGLI,INONU,11.68,792.898,0,0,0,0,2,0,0.0,0.0,0.0,0.0,792.898,0.0,2,KUCUK_TICARETHANE
7605442,38.50236458,27.04588606,35-09-M02549,35,CIGLI,KUCUK CIGLI,5.786666666666666,27178.904000000002,0,0,0,0,3,0,0.0,0.0,0.0,0.0,27178.904000000002,0.0,3,ORTA_TICARETHANE
7607183,38.48592809,27.0670254,35-09-K02899,35,CIGLI,ATASEHIR,9.690000000000001,4858.566,0,1,0,0,1,0,0.0,4767.184,0.0,0.0,91.382,0.0,2,KUCUK_TICARETHANE
7608526,38.49643844,27.06075223,,35,CIGLI,KOYICI,5.0,17697.775999999998,0,2,0,0,4,0,0.0,3137.8070000000002,0.0,0.0,14559.969000000001,0.0,6,ORTA_TICARETHANE
7608645,38.49936767,26.94285711,35-09-M00361,35,CIGLI,SASALLI MERKEZ,62.4,27923.07,0,0,0,0,1,0,0.0,0.0,0.0,0.0,27923.07,0.0,1,ORTA_TICARETHANE
7609468,38.49726223,27.05848549,35-09-K01864,35,CIGLI,YENI MAHALLE,8.88,5578.429,0,0,0,0,1,0,0.0,0.0,0.0,0.0,5578.429,0.0,1,KUCUK_TICARETHANE
7610364,38.51007302,27.04622401,35-09-K03266,35,CIGLI,BALATCIK,117.7,206826.6,0,0,0,0,1,0,0.0,0.0,0.0,0.0,206826.6,0.0,1,ORTA_TICARETHANE
7610397,38.49651452,27.06565937,35-09-K01870,35,CIGLI,KOYICI,6.824000000000001,8433.701000000001,0,3,0,0,2,0,0.0,7010.075,0.0,0.0,1423.6260000000002,0.0,5,KUCUK_TICARETHANE
7610808,38.49617526,27.06107075,35-09-K01876,35,CIGLI,KOYICI,8.35,4464.0,0,0,0,0,1,0,0.0,0.0,0.0,0.0,4464.0,0.0,1,KUCUK_TICARETHANE
7613352,38.50772633,27.04528377,35-09-M02390,35,CIGLI,BALATCIK,5.0,2158.7,0,0,0,0,1,0,0.0,0.0,0.0,0.0,2158.7,0.0,1,KUCUK_TICARETHANE
7613363,38.49400109,27.06160338,35-09-M03520,35,CIGLI,ATASEHIR,8.35,26471.78,0,0,0,0,2,0,0.0,0.0,0.0,0.0,26471.78,0.0,2,ORTA_TICARETHANE
7613955,38.49817604,27.0522019,35-09-M03090,35,CIGLI,YENI MAHALLE,6.116666666666667,5323.332,0,2,0,0,1,0,0.0,2537.6530000000002,0.0,0.0,2785.679,0.0,3,KUCUK_TICARETHANE
7614962,38.49316501,27.05310112,35-09-K03314,35,CIGLI,ATASEHIR,6.031428571428571,14071.141,0,2,0,0,5,0,0.0,1798.212,0.0,0.0,12272.929,0.0,7,ORTA_TICARETHANE
7615016,38.49771948,27.06233264,,35,CIGLI,KOYICI,8.411666666666667,85036.11899999999,0,4,0,0,2,0,0.0,13218.24,0.0,0.0,71817.87899999999,0.0,6,ORTA_TICARETHANE
7616552,38.49470396,26.9518715,35-09-M00257,35,CIGLI,SASALLI MERKEZ,5.6,4508.087,0,0,0,0,1,0,0.0,0.0,0.0,0.0,4508.087,0.0,1,KUCUK_TICARETHANE
7617774,38.50118002,27.05603286,35-09-K01866,35,CIGLI,KUCUK CIGLI,8.783333333333333,8861.32,0,2,0,0,1,0,0.0,7352.673000000001,0.0,0.0,1508.647,0.0,3,KUCUK_TICARETHANE
7619917,38.48974686,27.0753238,35-09-M01950,35,CIGLI,MALTEPE,9.43,6697.57,0,1,0,0,1,0,0.0,1613.168,0.0,0.0,5084.402,0.0,2,KUCUK_TICARETHANE
7620521,38.51067268,27.03634662,35-09-M00396,35,CIGLI,BALATCIK,8.35,19903.82,0,0,0,0,1,0,0.0,0.0,0.0,0.0,19903.82,0.0,1,ORTA_TICARETHANE
7621181,38.49234175,27.05039082,35-09-K01862,35,CIGLI,ATASEHIR,15.210769230769232,85096.907,0,0,0,0,13,0,0.0,0.0,0.0,0.0,85096.907,0.0,13,ORTA_TICARETHANE
7621268,38.48925188,27.07943094,35-09-K02499,35,CIGLI,AYDINLIKEVLER,5.0,12632.26,0,0,0,0,1,0,0.0,0.0,0.0,0.0,12632.26,0.0,1,ORTA_TICARETHANE
7622838,38.49630834,26.94386758,35-09-M00540,35,CIGLI,SASALLI MERKEZ,8.35,4253.59,0,0,0,0,1,0,0.0,0.0,0.0,0.0,4253.59,0.0,1,KUCUK_TICARETHANE
7624243,38.49516981,27.06976046,35-09-K04122,35,CIGLI,SIRINTEPE,5.0,5.838,0,0,0,0,1,0,0.0,0.0,0.0,0.0,5.838,0.0,1,KUCUK_TICARETHANE
7624395,38.50658073,26.98549932,35-09-M00255,35,CIGLI,KAKLIC,5.0,1353.75,0,0,0,0,1,0,0.0,0.0,0.0,0.0,1353.75,0.0,1,KUCUK_TICARETHANE
7626894,38.50001818,27.07418588,35-09-K03323,35,CIGLI,GUZELTEPE,5.0,129.271,0,0,0,0,1,0,0.0,0.0,0.0,0.0,129.271,0.0,1,KUCUK_TICARETHANE
7626927,38.49822192,27.05011679,35-09-M02464,35,CIGLI,YENI MAHALLE,5.0,3244.998,0,1,0,0,1,0,0.0,1870.853,0.0,0.0,1374.145,0.0,2,KUCUK_TICARETHANE
7627165,38.52030214,27.03891215,35-09-M00625,35,CIGLI,AHMET EFENDI,8.4,4170.629,0,2,0,0,1,0,0.0,3423.1490000000003,0.0,0.0,747.48,0.0,3,KUCUK_TICARETHANE
7629033,38.49108576,26.94835873,35-09-M00347,35,CIGLI,SASALLI MERKEZ,8.648,33512.75,0,0,0,0,1,0,0.0,0.0,0.0,0.0,33512.75,0.0,1,ORTA_TICARETHANE
7629044,38.49231885,26.94901008,35-09-M00347,35,CIGLI,SASALLI MERKEZ,8.08,55966.4,0,0,0,0,1,0,0.0,0.0,0.0,0.0,55966.4,0.0,1,ORTA_TICARETHANE
7630543,38.51001546,27.04589253,35-09-K03266,35,CIGLI,BALATCIK,57.38,13013.4,0,0,0,0,1,0,0.0,0.0,0.0,0.0,13013.4,0.0,1,ORTA_TICARETHANE
7630825,38.48963839,27.07574106,35-09-M01608,35,CIGLI,MALTEPE,5.0,3487.236,0,1,0,0,1,0,0.0,3257.478,0.0,0.0,229.758,0.0,2,KUCUK_TICARETHANE
7633294,38.48914666,27.07954542,35-09-K02499,35,CIGLI,AYDINLIKEVLER,19.46,29421.46,0,0,0,0,1,0,0.0,0.0,0.0,0.0,29421.46,0.0,1,ORTA_TICARETHANE
7634448,38.49097112,27.07213607,35-09-K04681,35,CIGLI,MALTEPE,7.206666666666666,6988.102999999999,0,1,0,0,2,0,0.0,2980.225,0.0,0.0,4007.8779999999997,0.0,3,KUCUK_TICARETHANE
7635107,38.53343559,27.05454675,35-09-M00206,35,CIGLI,HARMANDALI GAZI MUSTAFA KEMAL ATATURK,8.35,10214.04,0,0,0,0,1,0,0.0,0.0,0.0,0.0,10214.04,0.0,1,ORTA_TICARETHANE
7635398,38.50307889,27.079858,35-09-M01975,35,CIGLI,GUZELTEPE,8.35,42.929,0,0,0,0,1,0,0.0,0.0,0.0,0.0,42.929,0.0,1,KUCUK_TICARETHANE
7636801,38.4952425,27.0638279,35-09-K01870,35,CIGLI,KOYICI,7.153333333333333,15373.69,0,2,0,0,1,0,0.0,9146.404,0.0,0.0,6227.286,0.0,3,KUCUK_TICARETHANE
7638911,38.50035755,27.04769678,35-09-K01859,35,CIGLI,KUCUK CIGLI,6.506428571428572,47655.82,0,0,0,0,14,0,0.0,0.0,0.0,0.0,47655.82,0.0,14,ORTA_TICARETHANE
7639268,38.50525461,27.05030807,35-09-M02439,35,CIGLI,KUCUK CIGLI,8.35,623.253,0,0,0,0,1,0,0.0,0.0,0.0,0.0,623.253,0.0,1,KUCUK_TICARETHANE
7639311,38.50141908,27.04824268,35-09-K01859,35,CIGLI,KUCUK CIGLI,33.11577777777778,125519.783,0,0,0,0,9,0,0.0,0.0,0.0,0.0,125519.783,0.0,9,ORTA_TICARETHANE
7639667,38.50235709,27.04334595,35-09-M02549,35,CIGLI,KUCUK CIGLI,8.2,3781.768,0,0,0,0,1,0,0.0,0.0,0.0,0.0,3781.768,0.0,1,KUCUK_TICARETHANE
7640845,38.50413759,27.05902378,35-09-K04046,35,CIGLI,CAGDAS,5.0,3099.523,0,0,0,0,1,0,0.0,0.0,0.0,0.0,3099.523,0.0,1,KUCUK_TICARETHANE
7644092,38.52669303,27.0463695,35-09-M00211,35,CIGLI,INONU,15.01,1049.932,0,0,0,0,1,0,0.0,0.0,0.0,0.0,1049.932,0.0,1,ORTA_TICARETHANE
7644157,38.48712615,27.06804539,35-09-K04009,35,CIGLI,ATASEHIR,5.0,3648.1,0,0,0,0,2,0,0.0,0.0,0.0,0.0,3648.1,0.0,2,KUCUK_TICARETHANE
7644838,38.49161179,27.06547309,35-09-K04221,35,CIGLI,SIRINTEPE,7.358333333333333,18198.11,0,2,0,0,4,0,0.0,2575.81,0.0,0.0,15622.3,0.0,6,ORTA_TICARETHANE
7646378,38.49501917,26.95204409,35-09-M00257,35,CIGLI,SASALLI MERKEZ,5.175,5908.733,0,1,0,0,3,0,0.0,702.615,0.0,0.0,5206.1179999999995,0.0,4,KUCUK_TICARETHANE
7646389,38.49322668,26.9509183,35-09-M00257,35,CIGLI,SASALLI MERKEZ,5.005,16142.252,0,5,0,0,3,0,0.0,15131.342,0.0,0.0,1010.91,0.0,8,KUCUK_TICARETHANE
7646919,38.50244285,27.04603543,35-09-M02549,35,CIGLI,KUCUK CIGLI,6.279999999999999,3221.327,0,0,0,0,2,0,0.0,0.0,0.0,0.0,3221.327,0.0,2,KUCUK_TICARETHANE
7649369,38.49491434,27.06336501,35-09-M02551,35,CIGLI,KOYICI,15.01,650.093,0,0,0,0,1,0,0.0,0.0,0.0,0.0,650.093,0.0,1,ORTA_TICARETHANE
7649618,38.50284153,27.04865418,35-09-M02465,35,CIGLI,KUCUK CIGLI,12.193333333333333,290587.565,0,0,0,0,3,0,0.0,0.0,0.0,0.0,290587.565,0.0,3,ORTA_TICARETHANE
7649661,38.49673122,27.06195023,35-09-K01870,35,CIGLI,KOYICI,9.346666666666666,7989.117,0,2,0,0,1,0,0.0,7905.929,0.0,0.0,83.188,0.0,3,KUCUK_TICARETHANE
7649726,38.50193334,27.08787266,35-09-K01953,35,CIGLI,EVKA - 2,5.0,1734.124,0,0,0,0,1,0,0.0,0.0,0.0,0.0,1734.124,0.0,1,KUCUK_TICARETHANE
7650082,38.49748463,27.07293686,35-09-K01873,35,CIGLI,SIRINTEPE,7.15,5790.4349999999995,0,1,0,0,1,0,0.0,3050.272,0.0,0.0,2740.163,0.0,2,KUCUK_TICARETHANE
7650147,38.4996659,27.04679529,35-09-M02547,35,CIGLI,KUCUK CIGLI,5.06,20358.53,0,0,0,0,1,0,0.0,0.0,0.0,0.0,20358.53,0.0,1,ORTA_TICARETHANE
7650180,38.4945907,27.07462042,35-09-M01981,35,CIGLI,SIRINTEPE,6.266666666666667,2239.6549999999997,0,1,0,0,2,0,0.0,2212.941,0.0,0.0,26.714,0.0,3,KUCUK_TICARETHANE
7650845,38.50416102,27.04897331,35-09-K04597,35,CIGLI,KUCUK CIGLI,16.87,2375.477,0,0,0,0,1,0,0.0,0.0,0.0,0.0,2375.477,0.0,1,ORTA_TICARETHANE
7650889,38.49749599,27.06153398,,35,CIGLI,KUCUK CIGLI,15.74,37422.895,0,4,0,0,2,0,0.0,13319.011,0.0,0.0,24103.884,0.0,6,ORTA_TICARETHANE
7650922,38.49676362,27.06630202,35-09-K01870,35,CIGLI,KOYICI,5.0,9687.832,0,2,0,0,1,0,0.0,5322.923000000001,0.0,0.0,4364.909,0.0,3,KUCUK_TICARETHANE
7651249,38.50626346,27.06078274,35-09-K04046,35,CIGLI,EGEKENT,8.35,0.0,0,0,0,0,1,0,0.0,0.0,0.0,0.0,0.0,0.0,1,KUCUK_TICARETHANE
7651358,38.4956455,27.06060514,35-09-K01876,35,CIGLI,KOYICI,5.0,2963.786,0,0,0,0,2,0,0.0,0.0,0.0,0.0,2963.786,0.0,2,KUCUK_TICARETHANE
7651761,38.49024307,27.074511,35-09-K03705,35,CIGLI,MALTEPE,26.1,14856.05,0,0,0,0,1,0,0.0,0.0,0.0,0.0,14856.05,0.0,1,ORTA_TICARETHANE
7652448,38.52343831,27.04757334,35-09-M01732,35,CIGLI,UGUR MUMCU,5.0,5672.299,0,2,0,0,2,0,0.0,1818.9109999999998,0.0,0.0,3853.388,0.0,4,KUCUK_TICARETHANE
7653199,38.49403163,26.95126022,35-09-M00257,35,CIGLI,SASALLI MERKEZ,5.59,924.764,0,0,0,0,2,0,0.0,0.0,0.0,0.0,924.764,0.0,2,KUCUK_TICARETHANE
7653602,38.4923461,27.06405524,35-09-M03520,35,CIGLI,ATASEHIR,12.0,13670.73,0,0,0,0,1,0,0.0,0.0,0.0,0.0,13670.73,0.0,1,ORTA_TICARETHANE
7653689,38.49123369,27.06814246,35-09-M02552,35,CIGLI,SIRINTEPE,11.68,3639.7039999999997,0,2,0,0,1,0,0.0,2654.8129999999996,0.0,0.0,984.891,0.0,3,KUCUK_TICARETHANE
7653906,38.49629955,26.95015168,35-09-M00447,35,CIGLI,SASALLI MERKEZ,7.223333333333334,9079.09,0,2,0,0,1,0,0.0,8790.560000000001,0.0,0.0,288.53,0.0,3,KUCUK_TICARETHANE
7653983,38.49276341,27.06529369,35-09-K01875,35,CIGLI,KOYICI,5.0,4122.958,0,0,0,0,1,0,0.0,0.0,0.0,0.0,4122.958,0.0,1,KUCUK_TICARETHANE
7654179,38.49939748,27.04506889,35-09-M02547,35,CIGLI,KUCUK CIGLI,8.82,40568.05,0,0,0,0,1,0,0.0,0.0,0.0,0.0,40568.05,0.0,1,ORTA_TICARETHANE
7654190,38.4991033,27.044945,35-09-M02547,35,CIGLI,KUCUK CIGLI,46.06,33842.95,0,0,0,0,1,0,0.0,0.0,0.0,0.0,33842.95,0.0,1,ORTA_TICARETHANE
7654375,38.49500162,27.06365148,35-09-M02551,35,CIGLI,KOYICI,18.44,65348.99,0,0,0,0,1,0,0.0,0.0,0.0,0.0,65348.99,0.0,1,ORTA_TICARETHANE
7654538,38.49157036,27.07292346,35-09-K04681,35,CIGLI,MALTEPE,9.51,4198.177,0,1,0,0,1,0,0.0,3380.393,0.0,0.0,817.784,0.0,2,KUCUK_TICARETHANE
7654952,38.49941017,27.05405462,35-09-K04314,35,CIGLI,KUCUK CIGLI,8.776666666666666,4145.721,0,2,0,0,1,0,0.0,3603.023,0.0,0.0,542.698,0.0,3,KUCUK_TICARETHANE
7655149,38.48974796,27.07532295,35-09-M01950,35,CIGLI,MALTEPE,7.253333333333334,4800.877,0,2,0,0,1,0,0.0,3252.2129999999997,0.0,0.0,1548.664,0.0,3,KUCUK_TICARETHANE
7656130,38.50012834,27.04468975,35-09-M02548,35,CIGLI,KUCUK CIGLI,11.225000000000001,46243.054,0,0,0,0,2,0,0.0,0.0,0.0,0.0,46243.054,0.0,2,ORTA_TICARETHANE
7657026,38.51342097,27.04189517,35-09-K03266,35,CIGLI,BALATCIK,193.87,19314.79,0,0,0,0,1,0,0.0,0.0,0.0,0.0,19314.79,0.0,1,ORTA_TICARETHANE
7657124,38.49291073,27.06011223,35-09-K02730,35,CIGLI,ATASEHIR,8.768333333333333,66240.59,0,4,0,0,2,0,0.0,15876.423,0.0,0.0,50364.167,0.0,6,ORTA_TICARETHANE
7657637,38.50680679,26.98819215,35-09-M00255,35,CIGLI,KAKLIC,6.675,8106.9220000000005,0,1,0,0,1,0,0.0,3720.988,0.0,0.0,4385.934,0.0,2,KUCUK_TICARETHANE
7657692,38.49644249,27.06534128,35-09-K01870,35,CIGLI,KOYICI,5.0,9903.625,0,0,0,0,1,0,0.0,0.0,0.0,0.0,9903.625,0.0,1,KUCUK_TICARETHANE
7657746,38.48994874,27.07892986,35-09-K03320,35,CIGLI,AYDINLIKEVLER,38.68,8522.593,0,0,0,0,1,0,0.0,0.0,0.0,0.0,8522.593,0.0,1,ORTA_TICARETHANE
7657801,38.51619035,27.04311945,35-09-M02165,35,CIGLI,BALATCIK,11.0,26746.98,0,0,0,0,1,0,0.0,0.0,0.0,0.0,26746.98,0.0,1,ORTA_TICARETHANE
7659219,38.49837411,27.04796391,35-09-M02547,35,CIGLI,KUCUK CIGLI,6.7108823529411765,201902.19,0,0,0,0,34,0,0.0,0.0,0.0,0.0,201902.19,0.0,34,ORTA_TICARETHANE
7659361,38.50859303,26.9876231,35-09-M00256,35,CIGLI,KAKLIC,5.0,13841.717,0,0,0,0,2,0,0.0,0.0,0.0,0.0,13841.717,0.0,2,ORTA_TICARETHANE
7659677,38.49614696,27.06520499,35-09-K01870,35,CIGLI,KOYICI,5.0,909.192,0,0,0,0,1,0,0.0,0.0,0.0,0.0,909.192,0.0,1,KUCUK_TICARETHANE
7659887,38.49640583,27.07365686,,35,CIGLI,SIRINTEPE,6.675,4332.564,0,1,0,0,1,0,0.0,2884.682,0.0,0.0,1447.882,0.0,2,KUCUK_TICARETHANE
7660127,38.50073499,27.04398783,35-09-M02548,35,CIGLI,KUCUK CIGLI,52.355,77351.92,0,0,0,0,2,0,0.0,0.0,0.0,0.0,77351.92,0.0,2,ORTA_TICARETHANE
7660457,38.48821856,27.06421441,35-09-K04389,35,CIGLI,ATASEHIR,8.231666666666667,15878.876,0,4,0,0,2,0,0.0,6389.5960000000005,0.0,0.0,9489.28,0.0,6,KUCUK_TICARETHANE
7661107,38.50543199,27.04865194,35-09-K01869,35,CIGLI,KUCUK CIGLI,7.013333333333333,6379.022000000001,0,2,0,0,1,0,0.0,4988.594,0.0,0.0,1390.428,0.0,3,KUCUK_TICARETHANE
7661827,38.51146243,26.98805457,35-09-M00256,35,CIGLI,KAKLIC,48.432,52479.85,0,0,0,0,1,0,0.0,0.0,0.0,0.0,52479.85,0.0,1,ORTA_TICARETHANE
7661977,38.50164993,27.0472591,35-09-K01858,35,CIGLI,KUCUK CIGLI,7.279916666666667,159359.981,0,1,0,0,35,0,0.0,2901.449,0.0,0.0,156458.532,0.0,36,ORTA_TICARETHANE
7661987,38.5012192,27.07404425,35-09-K01874,35,CIGLI,GUZELTEPE,5.0,30.665,0,0,0,0,1,0,0.0,0.0,0.0,0.0,30.665,0.0,1,KUCUK_TICARETHANE
7662037,38.49110209,27.08443208,35-09-K04124,35,CIGLI,AYDINLIKEVLER,6.665,23747.966,0,1,0,0,7,0,0.0,1612.163,0.0,0.0,22135.803,0.0,8,ORTA_TICARETHANE
7662197,38.49316895,27.06886333,35-09-K04123,35,CIGLI,SIRINTEPE,5.0,2418.292,0,1,0,0,1,0,0.0,1013.938,0.0,0.0,1404.354,0.0,2,KUCUK_TICARETHANE
7662407,38.49241339,27.06453394,35-09-K04221,35,CIGLI,KOYICI,103.75500000000001,232708.15,0,0,0,0,2,0,0.0,0.0,0.0,0.0,232708.15,0.0,2,ORTA_TICARETHANE
7662707,38.49531325,27.06179797,35-09-K01876,35,CIGLI,KOYICI,5.5633333333333335,21923.115999999998,0,6,0,0,3,0,0.0,12823.572,0.0,0.0,9099.544,0.0,9,KUCUK_TICARETHANE
7662787,38.49021433,27.07927798,35-09-K03320,35,CIGLI,AYDINLIKEVLER,18.5,16241.61,0,0,0,0,1,0,0.0,0.0,0.0,0.0,16241.61,0.0,1,ORTA_TICARETHANE
7663844,38.49236936,27.06328005,35-09-M03520,35,CIGLI,ATASEHIR,6.675,22215.141,0,1,0,0,3,0,0.0,67.599,0.0,0.0,22147.542,0.0,4,ORTA_TICARETHANE
7663854,38.49677966,27.06625459,35-09-K01870,35,CIGLI,KOYICI,6.25,6092.645999999999,0,2,0,0,2,0,0.0,5938.581,0.0,0.0,154.065,0.0,4,KUCUK_TICARETHANE
7664184,38.4937618,27.05841548,35-09-K04020,35,CIGLI,YENI MAHALLE,6.426666666666667,4960.747,0,2,0,0,1,0,0.0,4841.405000000001,0.0,0.0,119.342,0.0,3,KUCUK_TICARETHANE
7664344,38.4994883,27.05403012,35-09-K04314,35,CIGLI,KUCUK CIGLI,5.82,9121.59,0,3,0,0,2,0,0.0,8742.966,0.0,0.0,378.62399999999997,0.0,5,KUCUK_TICARETHANE
7664444,38.49226526,27.06472916,35-09-M03520,35,CIGLI,ATASEHIR,6.829979166666667,776673.052,0,1,0,0,95,0,0.0,1694.164,0.0,0.0,774978.888,0.0,96,ORTA_TICARETHANE
7664564,38.49128352,27.06656568,35-09-K04221,35,CIGLI,ATASEHIR,5.328181818181818,101154.619,0,0,0,0,11,0,0.0,0.0,0.0,0.0,101154.619,0.0,11,ORTA_TICARETHANE
7664584,38.49325739,27.06237895,35-09-M03520,35,CIGLI,ATASEHIR,5.0,2422.063,0,0,0,0,2,0,0.0,0.0,0.0,0.0,2422.063,0.0,2,KUCUK_TICARETHANE
7664594,38.49349358,27.05738364,35-09-K04020,35,CIGLI,YENI MAHALLE,5.0,8782.66,0,2,0,0,1,0,0.0,5202.208,0.0,0.0,3580.452,0.0,3,KUCUK_TICARETHANE
7664944,38.49911237,27.04756581,35-09-K01860,35,CIGLI,KUCUK CIGLI,44.178000000000004,102893.749,0,0,0,0,5,0,0.0,0.0,0.0,0.0,102893.749,0.0,5,ORTA_TICARETHANE
7665124,38.51103602,27.03668462,35-09-M00999,35,CIGLI,BALATCIK,13.866666666666665,26080.591,0,1,0,0,2,0,0.0,2108.52,0.0,0.0,23972.071,0.0,3,ORTA_TICARETHANE
7666335,38.49227648,27.06342541,35-09-M03520,35,CIGLI,ATASEHIR,6.243333333333333,8620.883,0,0,0,0,3,0,0.0,0.0,0.0,0.0,8620.883,0.0,3,KUCUK_TICARETHANE
7666365,38.4937061,27.06297927,35-09-M02551,35,CIGLI,KOYICI,5.0,5664.18,0,1,0,0,2,0,0.0,442.99,0.0,0.0,5221.1900000000005,0.0,3,KUCUK_TICARETHANE
7666655,38.49442985,26.95178152,35-09-M00257,35,CIGLI,SASALLI MERKEZ,5.0,15378.09,0,0,0,0,1,0,0.0,0.0,0.0,0.0,15378.09,0.0,1,ORTA_TICARETHANE
7666725,38.49584285,27.07076762,35-09-K01873,35,CIGLI,SIRINTEPE,6.675,5360.075000000001,0,1,0,0,1,0,0.0,2628.945,0.0,0.0,2731.13,0.0,2,KUCUK_TICARETHANE
7666735,38.49488626,27.07268021,35-09-K04123,35,CIGLI,SIRINTEPE,6.426666666666667,4732.109,0,2,0,0,1,0,0.0,3162.0589999999997,0.0,0.0,1570.05,0.0,3,KUCUK_TICARETHANE
7666775,38.4986041,27.05288712,35-09-M03090,35,CIGLI,YENI MAHALLE,6.30875,30904.236,0,5,0,0,3,0,0.0,9277.970000000001,0.0,0.0,21626.266,0.0,8,ORTA_TICARETHANE
7667175,38.50991874,27.0456213,35-09-K03266,35,CIGLI,BALATCIK,8.65,5562.398,0,0,0,0,1,0,0.0,0.0,0.0,0.0,5562.398,0.0,1,KUCUK_TICARETHANE
7667405,38.50343968,27.04812345,35-09-M02465,35,CIGLI,KUCUK CIGLI,8.35,2063.695,0,0,0,0,1,0,0.0,0.0,0.0,0.0,2063.695,0.0,1,KUCUK_TICARETHANE
7667545,38.50089258,27.04771885,35-09-K01859,35,CIGLI,KUCUK CIGLI,6.184848484848485,76671.879,0,0,0,0,33,0,0.0,0.0,0.0,0.0,76671.879,0.0,33,ORTA_TICARETHANE
7667585,38.50034589,27.04413155,35-09-M02548,35,CIGLI,KUCUK CIGLI,8.35,31219.35,0,0,0,0,2,0,0.0,0.0,0.0,0.0,31219.35,0.0,2,ORTA_TICARETHANE
7668125,38.49444871,26.95154378,35-09-M00257,35,CIGLI,SASALLI MERKEZ,8.120000000000001,17775.188000000002,0,0,0,0,2,0,0.0,0.0,0.0,0.0,17775.188000000002,0.0,2,ORTA_TICARETHANE
7668516,38.51708668,27.04071468,35-09-M00103,35,CIGLI,BALATCIK,5.0,7828.601000000001,0,1,0,0,2,0,0.0,1776.372,0.0,0.0,6052.228999999999,0.0,3,KUCUK_TICARETHANE
7668956,38.50427616,27.0459319,35-09-K01869,35,CIGLI,BALATCIK,54.66,23932.46,0,0,0,0,1,0,0.0,0.0,0.0,0.0,23932.46,0.0,1,ORTA_TICARETHANE
7669526,38.49935996,27.05082204,35-09-M03090,35,CIGLI,YENI MAHALLE,7.16,206.123,0,0,0,0,1,0,0.0,0.0,0.0,0.0,206.123,0.0,1,KUCUK_TICARETHANE
7669946,38.49092694,27.06659875,35-09-K04221,35,CIGLI,ATASEHIR,45.95,29390.66,0,0,0,0,1,0,0.0,0.0,0.0,0.0,29390.66,0.0,1,ORTA_TICARETHANE
7670156,38.50263901,27.07715204,35-09-K01874,35,CIGLI,YAKAKENT,27.116,18666.5,0,0,0,0,1,0,0.0,0.0,0.0,0.0,18666.5,0.0,1,ORTA_TICARETHANE
7670166,38.50539946,27.05050257,35-09-K04776,35,CIGLI,KUCUK CIGLI,5.0,22765.05,0,0,0,0,1,0,0.0,0.0,0.0,0.0,22765.05,0.0,1,ORTA_TICARETHANE
7670186,38.49363742,27.0531104,35-09-K03313,35,CIGLI,YENI MAHALLE,5.1,38472.05,0,0,0,0,1,0,0.0,0.0,0.0,0.0,38472.05,0.0,1,ORTA_TICARETHANE
7670226,38.49475407,27.05473414,35-09-K01879,35,CIGLI,YENI MAHALLE,6.675,1828.455,0,1,0,0,1,0,0.0,1502.106,0.0,0.0,326.349,0.0,2,KUCUK_TICARETHANE
7670456,38.48799826,27.07464822,35-09-M01950,35,CIGLI,MALTEPE,15.01,1691.053,0,0,0,0,1,0,0.0,0.0,0.0,0.0,1691.053,0.0,1,ORTA_TICARETHANE
7670496,38.49269499,27.06396896,35-09-M02551,35,CIGLI,KOYICI,21.283333333333335,44483.69,0,0,0,0,3,0,0.0,0.0,0.0,0.0,44483.69,0.0,3,ORTA_TICARETHANE
7671086,38.49529777,27.06094068,35-09-K01876,35,CIGLI,KOYICI,6.506666666666667,4927.4039999999995,0,1,0,0,2,0,0.0,581.207,0.0,0.0,4346.197,0.0,3,KUCUK_TICARETHANE
7671136,38.50202824,27.04780488,35-09-K01858,35,CIGLI,KUCUK CIGLI,9.614374999999999,396558.72400000005,0,0,2,0,30,0,0.0,0.0,170110.07,0.0,226448.654,0.0,32,ORTA_SANAYI
7671176,38.49096005,27.06855543,35-09-M02552,35,CIGLI,MALTEPE,12.942769230769231,291440.424,0,0,0,0,13,0,0.0,0.0,0.0,0.0,291440.424,0.0,13,ORTA_TICARETHANE
7671626,38.49701779,27.05865182,35-09-K01864,35,CIGLI,YENI MAHALLE,28.5,42568.81,0,0,0,0,1,0,0.0,0.0,0.0,0.0,42568.81,0.0,1,ORTA_TICARETHANE
7671786,38.49492786,26.949787,35-09-M00447,35,CIGLI,SASALLI MERKEZ,11.855,13238.925,0,1,0,0,1,0,0.0,7922.097,0.0,0.0,5316.828,0.0,2,KUCUK_TICARETHANE
7671946,38.51040667,27.03913435,35-09-M00999,35,CIGLI,BALATCIK,8.013333333333334,5566.394,0,2,0,0,1,0,0.0,5215.472,0.0,0.0,350.922,0.0,3,KUCUK_TICARETHANE
7672186,38.49255709,27.06393201,35-09-M02551,35,CIGLI,KOYICI,5.478571428571429,25803.006,0,1,0,0,6,0,0.0,1595.24,0.0,0.0,24207.766,0.0,7,ORTA_TICARETHANE
7673136,38.49660852,27.06977329,35-09-K01873,35,CIGLI,SIRINTEPE,6.766666666666667,11082.923999999999,0,2,0,0,1,0,0.0,3963.648,0.0,0.0,7119.276,0.0,3,KUCUK_TICARETHANE
7673146,38.49639321,27.06296546,35-09-K01870,35,CIGLI,KOYICI,7.17,38424.405,0,1,0,0,4,0,0.0,4957.933,0.0,0.0,33466.472,0.0,5,ORTA_TICARETHANE
7674896,38.52223741,27.04530232,35-09-M00626,35,CIGLI,UGUR MUMCU,7.43,3446.674,0,1,0,0,1,0,0.0,2316.035,0.0,0.0,1130.639,0.0,2,KUCUK_TICARETHANE
7675256,38.49296624,27.06534899,35-09-K01875,35,CIGLI,SIRINTEPE,8.35,6112.33,0,0,0,0,1,0,0.0,0.0,0.0,0.0,6112.33,0.0,1,KUCUK_TICARETHANE
7675356,38.48787203,27.07352524,35-09-K01887,35,CIGLI,ATASEHIR,5.0,6158.013,0,0,0,0,1,0,0.0,0.0,0.0,0.0,6158.013,0.0,1,KUCUK_TICARETHANE
7675626,38.49489257,27.07236912,35-09-K04123,35,CIGLI,SIRINTEPE,5.0,14109.048999999999,0,3,0,0,2,0,0.0,10211.474,0.0,0.0,3897.5750000000003,0.0,5,KUCUK_TICARETHANE
7676266,38.49735813,27.05384725,35-09-K01863,35,CIGLI,YENI MAHALLE,5.0,6818.466,0,2,0,0,1,0,0.0,6816.8099999999995,0.0,0.0,1.656,0.0,3,KUCUK_TICARETHANE
7676785,38.49226905,27.06526512,35-09-K04221,35,CIGLI,KOYICI,156.177,135133.3,0,0,0,0,1,0,0.0,0.0,0.0,0.0,135133.3,0.0,1,ORTA_TICARETHANE
7676845,38.49925356,27.04618319,35-09-M02547,35,CIGLI,KUCUK CIGLI,7.506,69387.91399999999,0,0,0,0,5,0,0.0,0.0,0.0,0.0,69387.91399999999,0.0,5,ORTA_TICARETHANE
7677544,38.51518669,27.06591942,35-09-K04478,35,CIGLI,IZKENT,13.015,44148.486999999994,0,1,0,0,1,0,0.0,1151.037,0.0,0.0,42997.45,0.0,2,ORTA_TICARETHANE
7677574,38.49127389,27.0658605,35-09-K04221,35,CIGLI,ATASEHIR,51.68,151536.9,0,0,0,0,1,0,0.0,0.0,0.0,0.0,151536.9,0.0,1,ORTA_TICARETHANE
7677664,38.49604963,27.05589938,35-09-K01879,35,CIGLI,YENI MAHALLE,5.0,9254.385,0,2,0,0,1,0,0.0,4044.178,0.0,0.0,5210.207,0.0,3,KUCUK_TICARETHANE
7678418,38.49874441,27.06877956,35-09-K01871,35,CIGLI,KOYICI,5.0,9529.339,0,2,0,0,2,0,0.0,6667.464,0.0,0.0,2861.875,0.0,4,KUCUK_TICARETHANE
7678649,38.50437232,27.05898571,35-09-K01936,35,CIGLI,CAGDAS,17.84,34513.76,0,0,0,0,1,0,0.0,0.0,0.0,0.0,34513.76,0.0,1,ORTA_TICARETHANE
7679210,38.49871223,27.0718773,35-09-K01873,35,CIGLI,GUZELTEPE,6.12,4475.273,0,2,0,0,1,0,0.0,4403.156,0.0,0.0,72.117,0.0,3,KUCUK_TICARETHANE
7680805,38.49549339,27.06097877,35-09-K01876,35,CIGLI,KOYICI,6.426666666666667,3081.4410000000003,0,2,0,0,1,0,0.0,2180.3810000000003,0.0,0.0,901.06,0.0,3,KUCUK_TICARETHANE
7681025,38.49268315,27.06409704,35-09-M03520,35,CIGLI,ATASEHIR,8.756666666666666,114525.294,0,0,0,0,3,0,0.0,0.0,0.0,0.0,114525.294,0.0,3,ORTA_TICARETHANE
7681146,38.48823432,27.07552099,35-09-M01950,35,CIGLI,MALTEPE,8.629999999999999,7173.9439999999995,0,1,0,0,1,0,0.0,672.252,0.0,0.0,6501.692,0.0,2,KUCUK_TICARETHANE
7681443,38.50068498,27.05460413,35-09-K01866,35,CIGLI,KUCUK CIGLI,5.0,10156.738,0,0,0,0,2,0,0.0,0.0,0.0,0.0,10156.738,0.0,2,ORTA_TICARETHANE
7681454,38.49133666,27.06728786,35-09-M02552,35,CIGLI,SIRINTEPE,9.48375,31474.447,0,5,0,0,3,0,0.0,11860.843,0.0,0.0,19613.604,0.0,8,ORTA_TICARETHANE
7681927,38.49135202,27.06932639,35-09-M02552,35,CIGLI,SIRINTEPE,9.305,4426.063,0,1,0,0,1,0,0.0,1324.791,0.0,0.0,3101.272,0.0,2,KUCUK_TICARETHANE
7682070,38.49343351,27.06284471,35-09-M03520,35,CIGLI,ATASEHIR,5.0,22919.86,0,0,0,0,1,0,0.0,0.0,0.0,0.0,22919.86,0.0,1,ORTA_TICARETHANE
7682191,38.49384296,27.06266723,35-09-M02551,35,CIGLI,KOYICI,8.35,11846.03,0,0,0,0,1,0,0.0,0.0,0.0,0.0,11846.03,0.0,1,ORTA_TICARETHANE
7683170,38.49766951,27.0584982,35-09-K04282,35,CIGLI,KUCUK CIGLI,12.925,30450.71,0,0,0,0,2,0,0.0,0.0,0.0,0.0,30450.71,0.0,2,ORTA_TICARETHANE
7683478,38.52515946,27.04979857,35-09-M00646,35,CIGLI,UGUR MUMCU,8.56,5902.535,0,2,0,0,1,0,0.0,4519.076,0.0,0.0,1383.459,0.0,3,KUCUK_TICARETHANE
7684985,38.51916498,27.05632249,35-09-K02764,35,CIGLI,EVKA-5,11.18,2225.793,0,0,0,0,1,0,0.0,0.0,0.0,0.0,2225.793,0.0,1,KUCUK_TICARETHANE
7685106,38.49453948,26.95145763,35-09-M00257,35,CIGLI,SASALLI MERKEZ,5.0,3981.424,0,0,0,0,1,0,0.0,0.0,0.0,0.0,3981.424,0.0,1,KUCUK_TICARETHANE
7685425,38.48875449,27.07035779,35-09-K01887,35,CIGLI,ATASEHIR,11.090909090909092,44273.83,0,7,0,0,4,0,0.0,16208.822,0.0,0.0,28065.008,0.0,11,ORTA_TICARETHANE
7685721,38.49145679,27.07716004,35-09-K03317,35,CIGLI,MALTEPE,5.0,5217.788,0,0,0,0,1,0,0.0,0.0,0.0,0.0,5217.788,0.0,1,KUCUK_TICARETHANE
7685908,38.49457824,26.95233616,35-09-M00257,35,CIGLI,SASALLI MERKEZ,8.61,28880.19,0,0,0,0,1,0,0.0,0.0,0.0,0.0,28880.19,0.0,1,ORTA_TICARETHANE
7686117,38.50040043,27.04522922,35-09-M02548,35,CIGLI,KUCUK CIGLI,25.364,624730.638,0,0,1,0,15,0,0.0,0.0,530810.1,0.0,93920.538,0.0,16,ORTA_SANAYI
7687118,38.52311733,27.04491547,35-09-M00845,35,CIGLI,UGUR MUMCU,6.793333333333334,18517.711,0,3,0,0,3,0,0.0,6706.695,0.0,0.0,11811.016,0.0,6,ORTA_TICARETHANE
7687151,38.51157422,27.0484351,35-09-K02771,35,CIGLI,BALATCIK,5.833333333333333,10203.152,0,2,0,0,1,0,0.0,9123.0,0.0,0.0,1080.152,0.0,3,KUCUK_TICARETHANE
7687173,38.51177304,27.04800096,35-09-K03266,35,CIGLI,BALATCIK,6.9799999999999995,16840.39,0,2,0,0,1,0,0.0,10420.59,0.0,0.0,6419.8,0.0,3,KUCUK_TICARETHANE
7688042,38.50715644,27.04741307,35-09-K03315,35,CIGLI,KUCUK CIGLI,5.0,12161.252,0,1,0,0,1,0,0.0,2020.362,0.0,0.0,10140.89,0.0,2,ORTA_TICARETHANE
7688143,38.49524391,27.06114334,35-09-K01876,35,CIGLI,KOYICI,12.78,8565.677,0,1,0,0,1,0,0.0,2679.083,0.0,0.0,5886.594,0.0,2,KUCUK_TICARETHANE
7689243,38.50874167,26.9877539,35-09-M00256,35,CIGLI,KAKLIC,5.0,15067.19,0,0,0,0,1,0,0.0,0.0,0.0,0.0,15067.19,0.0,1,ORTA_TICARETHANE
7689540,38.50223047,26.98978417,35-09-M00386Ã–,35,CIGLI,KAKLIC,250.0,34819.52,0,0,1,0,0,0,0.0,0.0,34819.52,0.0,0.0,0.0,1,ORTA_SANAYI
7689716,38.49425069,27.06270503,35-09-M02551,35,CIGLI,KOYICI,5.0,4456.082,0,0,0,0,2,0,0.0,0.0,0.0,0.0,4456.082,0.0,2,KUCUK_TICARETHANE
7689782,38.49733474,27.05323208,35-09-K01863,35,CIGLI,YENI MAHALLE,5.0,199.557,0,0,0,0,1,0,0.0,0.0,0.0,0.0,199.557,0.0,1,KUCUK_TICARETHANE
7690211,38.48989684,27.07394838,35-09-M01950,35,CIGLI,MALTEPE,33.0,87362.27,0,0,0,0,1,0,0.0,0.0,0.0,0.0,87362.27,0.0,1,ORTA_TICARETHANE
7690365,38.51873894,27.0396167,35-09-M00400,35,CIGLI,BALATCIK,11.68,131389.66999999998,0,0,0,0,2,0,0.0,0.0,0.0,0.0,131389.66999999998,0.0,2,ORTA_TICARETHANE
7690662,38.49906338,27.05656905,35-09-K04282,35,CIGLI,KUCUK CIGLI,15.450000000000001,60944.54,0,0,0,0,2,0,0.0,0.0,0.0,0.0,60944.54,0.0,2,ORTA_TICARETHANE
7691463,38.48841634,27.07423041,35-09-M01950,35,CIGLI,MALTEPE,6.861666666666667,10519.439,0,4,0,0,2,0,0.0,6550.610000000001,0.0,0.0,3968.829,0.0,6,KUCUK_TICARETHANE
7691628,38.49271987,27.06701886,35-09-K01875,35,CIGLI,SIRINTEPE,5.0,3837.754,0,1,0,0,1,0,0.0,2248.198,0.0,0.0,1589.556,0.0,2,KUCUK_TICARETHANE
7691672,38.51108085,26.98474248,35-09-M00256,35,CIGLI,KAKLIC,8.16,13519.01,0,0,0,0,1,0,0.0,0.0,0.0,0.0,13519.01,0.0,1,ORTA_TICARETHANE
7691815,38.50991392,26.98773655,35-09-M00256,35,CIGLI,KAKLIC,9.22,796.224,0,0,0,0,1,0,0.0,0.0,0.0,0.0,796.224,0.0,1,KUCUK_TICARETHANE
7692002,38.49983164,27.05526255,35-09-K01866,35,CIGLI,KUCUK CIGLI,5.995,388.598,0,2,0,0,2,0,0.0,30.86,0.0,0.0,357.738,0.0,4,KUCUK_TICARETHANE
7692101,38.49349208,27.06346635,35-09-M02551,35,CIGLI,KOYICI,9.4575,71588.537,0,5,0,0,3,0,0.0,7903.592000000001,0.0,0.0,63684.945,0.0,8,ORTA_TICARETHANE
7692365,38.49132448,27.06948296,35-09-M02552,35,CIGLI,SIRINTEPE,5.054,6308.456,0,0,0,0,2,0,0.0,0.0,0.0,0.0,6308.456,0.0,2,KUCUK_TICARETHANE
7692387,38.49983533,27.07424775,35-09-K03323,35,CIGLI,GUZELTEPE,6.486666666666667,3470.5299999999997,0,2,0,0,1,0,0.0,3105.9429999999998,0.0,0.0,364.587,0.0,3,KUCUK_TICARETHANE
7692442,38.50080166,27.07203309,35-09-K01480,35,CIGLI,YAKAKENT,5.0,4100.302,0,0,0,0,1,0,0.0,0.0,0.0,0.0,4100.302,0.0,1,KUCUK_TICARETHANE
7692596,38.50014815,27.04464846,35-09-M02548,35,CIGLI,KUCUK CIGLI,8.780000000000001,53332.291999999994,0,0,0,0,2,0,0.0,0.0,0.0,0.0,53332.291999999994,0.0,2,ORTA_TICARETHANE
7692772,38.50758513,27.04543029,35-09-M02390,35,CIGLI,BALATCIK,8.343333333333334,3499.926,0,2,0,0,1,0,0.0,3220.5860000000002,0.0,0.0,279.34,0.0,3,KUCUK_TICARETHANE
7692849,38.50792827,26.98606493,35-09-M00255,35,CIGLI,KAKLIC,9.175,2140.2439999999997,0,1,0,0,1,0,0.0,1097.251,0.0,0.0,1042.993,0.0,2,KUCUK_TICARETHANE
7692959,38.5036771,26.9934841,35-09-M01145,35,CIGLI,KAKLIC,5.24,5666.598,0,0,0,0,1,0,0.0,0.0,0.0,0.0,5666.598,0.0,1,KUCUK_TICARETHANE
7693299,38.49561335,27.06423059,35-09-K01870,35,CIGLI,KOYICI,5.0,6738.6050000000005,0,1,0,0,1,0,0.0,1815.287,0.0,0.0,4923.318,0.0,2,KUCUK_TICARETHANE
7693354,38.506325,27.0500117,35-09-K03315,35,CIGLI,KUCUK CIGLI,46.0,104883.8,0,0,0,0,1,0,0.0,0.0,0.0,0.0,104883.8,0.0,1,ORTA_TICARETHANE
7693376,38.50378384,26.98917316,35-09-M00254,35,CIGLI,KAKLIC,26.0,64724.41,0,0,0,0,1,0,0.0,0.0,0.0,0.0,64724.41,0.0,1,ORTA_TICARETHANE
7693848,38.5234725,27.04247596,35-09-M00627,35,CIGLI,UGUR MUMCU,10.075,5044.553,0,1,0,0,1,0,0.0,2486.169,0.0,0.0,2558.384,0.0,2,KUCUK_TICARETHANE
7694321,38.49172051,27.07082414,35-09-M01951,35,CIGLI,MALTEPE,5.0,1518.927,0,0,0,0,1,0,0.0,0.0,0.0,0.0,1518.927,0.0,1,KUCUK_TICARETHANE
7694420,38.49511541,27.06364174,35-09-M02551,35,CIGLI,KOYICI,6.390000000000001,21937.478,0,0,0,0,2,0,0.0,0.0,0.0,0.0,21937.478,0.0,2,ORTA_TICARETHANE
7694464,38.50214784,27.07656184,35-09-K01874,35,CIGLI,GUZELTEPE,5.0,1986.82,0,0,0,0,1,0,0.0,0.0,0.0,0.0,1986.82,0.0,1,KUCUK_TICARETHANE
7694508,38.49356916,27.06200793,35-09-M03520,35,CIGLI,ATASEHIR,10.633333333333335,21060.531,0,0,0,0,6,0,0.0,0.0,0.0,0.0,21060.531,0.0,6,ORTA_TICARETHANE
7695168,38.49901697,27.05670627,35-09-K04282,35,CIGLI,KUCUK CIGLI,63.172,40870.57,0,0,0,0,1,0,0.0,0.0,0.0,0.0,40870.57,0.0,1,ORTA_TICARETHANE
7695212,38.4986803,27.07374469,35-09-K03323,35,CIGLI,GUZELTEPE,6.66,5843.73,0,2,0,0,1,0,0.0,4631.771,0.0,0.0,1211.959,0.0,3,KUCUK_TICARETHANE
7695398,38.49464739,27.0545608,35-09-K03313,35,CIGLI,YENI MAHALLE,6.675,3503.455,0,1,0,0,1,0,0.0,2105.824,0.0,0.0,1397.631,0.0,2,KUCUK_TICARETHANE
7695475,38.4911155,27.06660711,35-09-K04221,35,CIGLI,ATASEHIR,9.09142857142857,78685.784,0,0,0,0,7,0,0.0,0.0,0.0,0.0,78685.784,0.0,7,ORTA_TICARETHANE
7695519,38.49195372,27.06540506,35-09-K01875,35,CIGLI,SIRINTEPE,9.955,34379.389,0,1,0,0,3,0,0.0,2112.135,0.0,0.0,32267.254,0.0,4,ORTA_TICARETHANE
7695574,38.50045278,27.04820607,35-09-K01859,35,CIGLI,KUCUK CIGLI,8.120714285714286,46383.81,0,0,0,0,14,0,0.0,0.0,0.0,0.0,46383.81,0.0,14,ORTA_TICARETHANE
7695717,38.49613495,27.06099475,35-09-K01876,35,CIGLI,KOYICI,5.0,12873.903,0,2,0,0,2,0,0.0,8067.207,0.0,0.0,4806.696,0.0,4,KUCUK_TICARETHANE
7695761,38.49456058,27.06514097,35-09-K01870,35,CIGLI,KOYICI,12.5,1797.702,0,0,0,0,1,0,0.0,0.0,0.0,0.0,1797.702,0.0,1,KUCUK_TICARETHANE
7695904,38.50829411,27.03911683,35-09-M00396,35,CIGLI,BALATCIK,7.716666666666666,7095.95,0,2,0,0,1,0,0.0,5866.172,0.0,0.0,1229.778,0.0,3,KUCUK_TICARETHANE
7696762,38.49384883,27.05765022,35-09-K04020,35,CIGLI,YENI MAHALLE,5.0,2665.325,0,0,0,0,1,0,0.0,0.0,0.0,0.0,2665.325,0.0,1,KUCUK_TICARETHANE
7697213,38.49455772,26.95161599,35-09-M00257,35,CIGLI,SASALLI MERKEZ,5.0,5173.286,0,0,0,0,1,0,0.0,0.0,0.0,0.0,5173.286,0.0,1,KUCUK_TICARETHANE
7697422,38.49656775,27.06287469,35-09-K01870,35,CIGLI,KOYICI,5.366666666666667,8928.064,0,1,0,0,2,0,0.0,3885.834,0.0,0.0,5042.23,0.0,3,KUCUK_TICARETHANE
7697884,38.50813022,26.98616677,35-09-M00256,35,CIGLI,KAKLIC,8.58,3516.7,0,2,0,0,1,0,0.0,2674.3360000000002,0.0,0.0,842.364,0.0,3,KUCUK_TICARETHANE
7698060,38.48891996,27.06993296,35-09-K01887,35,CIGLI,ATASEHIR,11.961333333333334,11559.462,0,2,0,0,4,0,0.0,5133.34,0.0,0.0,6426.122,0.0,6,KUCUK_TICARETHANE
7698336,38.49685439,27.05453858,35-09-K01863,35,CIGLI,YENI MAHALLE,5.0,7516.701,0,2,0,0,1,0,0.0,7060.845,0.0,0.0,455.856,0.0,3,KUCUK_TICARETHANE
7698490,38.48772684,27.07308578,35-09-K01887,35,CIGLI,ATASEHIR,5.58,2552.154,0,0,0,0,1,0,0.0,0.0,0.0,0.0,2552.154,0.0,1,KUCUK_TICARETHANE
7698600,38.49450621,27.06323966,35-09-M02551,35,CIGLI,KOYICI,9.879999999999999,40644.146,0,0,0,0,5,0,0.0,0.0,0.0,0.0,40644.146,0.0,5,ORTA_TICARETHANE
7699424,38.50718815,27.05009613,35-09-M01992,35,CIGLI,ESENTEPE,9.700000000000001,4291.957,0,2,0,0,1,0,0.0,4202.321,0.0,0.0,89.636,0.0,3,KUCUK_TICARETHANE
7699567,38.4983023,27.05460791,35-09-K04314,35,CIGLI,KUCUK CIGLI,5.0,4850.263,0,2,0,0,2,0,0.0,2232.7580000000003,0.0,0.0,2617.505,0.0,4,KUCUK_TICARETHANE
7699677,38.52247991,27.04502466,35-09-M00626,35,CIGLI,UGUR MUMCU,5.0,7777.521,0,0,0,0,1,0,0.0,0.0,0.0,0.0,7777.521,0.0,1,KUCUK_TICARETHANE
7699743,38.50089092,27.07785619,35-09-K03216,35,CIGLI,GUZELTEPE,5.0,5701.196,0,1,0,0,1,0,0.0,2941.513,0.0,0.0,2759.683,0.0,2,KUCUK_TICARETHANE
7699776,38.49653572,27.05508464,35-09-K01879,35,CIGLI,YENI MAHALLE,5.0,20325.964,0,2,0,0,1,0,0.0,5236.814,0.0,0.0,15089.15,0.0,3,ORTA_TICARETHANE
7700062,38.48907434,27.07600963,35-09-M01608,35,CIGLI,MALTEPE,7.93,11077.72,0,1,0,0,1,0,0.0,5970.668,0.0,0.0,5107.052,0.0,2,KUCUK_TICARETHANE
7700172,38.50186216,27.04699773,35-09-K01858,35,CIGLI,KUCUK CIGLI,10.71923076923077,103251.724,0,0,0,0,26,0,0.0,0.0,0.0,0.0,103251.724,0.0,26,ORTA_TICARETHANE
7700315,38.49233836,27.07146109,35-09-M01951,35,CIGLI,SIRINTEPE,6.675,3459.1929999999998,0,1,0,0,1,0,0.0,3146.553,0.0,0.0,312.64,0.0,2,KUCUK_TICARETHANE
7701162,38.49717635,27.05995337,35-09-K01865,35,CIGLI,KUCUK CIGLI,6.855555555555556,17526.162,0,5,0,0,4,0,0.0,5593.684,0.0,0.0,11932.478,0.0,9,ORTA_TICARETHANE
7701184,38.49837466,27.04515379,35-09-M02547,35,CIGLI,KUCUK CIGLI,13.64125,52187.402,0,0,0,0,8,0,0.0,0.0,0.0,0.0,52187.402,0.0,8,ORTA_TICARETHANE
7701261,38.49890305,27.04507729,35-09-M02547,35,CIGLI,KUCUK CIGLI,54.274,162415.24,0,0,1,0,1,0,0.0,0.0,137821.3,0.0,24593.94,0.0,2,ORTA_SANAYI
7701415,38.49148065,27.06285137,35-09-K01882,35,CIGLI,ATASEHIR,5.477777777777778,85444.721,0,12,0,0,6,0,0.0,26433.076999999997,0.0,0.0,59011.64400000001,0.0,18,ORTA_TICARETHANE
7701624,38.50870152,26.9878839,35-09-M00256,35,CIGLI,KAKLIC,5.0,10207.2,0,0,0,0,1,0,0.0,0.0,0.0,0.0,10207.2,0.0,1,ORTA_TICARETHANE
7701778,38.49260013,27.06390165,35-09-M02551,35,CIGLI,KOYICI,5.0,11788.541,0,0,0,0,4,0,0.0,0.0,0.0,0.0,11788.541,0.0,4,ORTA_TICARETHANE
7702052,38.49238769,26.95079188,35-09-M00258,35,CIGLI,SASALLI MERKEZ,5.35,44711.3,0,1,0,0,1,0,0.0,16375.16,0.0,0.0,28336.14,0.0,2,ORTA_TICARETHANE
7702151,38.5104731,26.9868314,35-09-M00256,35,CIGLI,KAKLIC,5.0,15088.23,0,0,0,0,1,0,0.0,0.0,0.0,0.0,15088.23,0.0,1,ORTA_TICARETHANE
7702206,38.49106264,27.07462699,35-09-K03705,35,CIGLI,MALTEPE,6.286666666666666,15340.75,0,2,0,0,1,0,0.0,6406.878,0.0,0.0,8933.872,0.0,3,KUCUK_TICARETHANE
7702382,38.49016069,27.0747515,35-09-M01950,35,CIGLI,MALTEPE,5.0,24.124,0,0,0,0,1,0,0.0,0.0,0.0,0.0,24.124,0.0,1,KUCUK_TICARETHANE
7702778,38.50016559,27.07024978,35-09-K01480,35,CIGLI,YAKAKENT,8.35,2615.061,0,0,0,0,1,0,0.0,0.0,0.0,0.0,2615.061,0.0,1,KUCUK_TICARETHANE
7702833,38.4966167,27.06612794,35-09-K01870,35,CIGLI,KOYICI,5.275,7195.156,0,2,0,0,2,0,0.0,5471.605,0.0,0.0,1723.551,0.0,4,KUCUK_TICARETHANE
7703065,38.50849276,27.04006632,35-09-M00396,35,CIGLI,BALATCIK,8.790000000000001,8234.836,0,3,0,0,2,0,0.0,6520.822,0.0,0.0,1714.014,0.0,5,KUCUK_TICARETHANE
7703230,38.49370575,27.06314973,35-09-M02551,35,CIGLI,KOYICI,5.0,1376.527,0,0,0,0,1,0,0.0,0.0,0.0,0.0,1376.527,0.0,1,KUCUK_TICARETHANE
7703681,38.48905037,27.07964369,35-09-K02499,35,CIGLI,AYDINLIKEVLER,5.0,15728.34,0,0,0,0,1,0,0.0,0.0,0.0,0.0,15728.34,0.0,1,ORTA_TICARETHANE
7703791,38.49938496,27.087875,35-09-M01985,35,CIGLI,EVKA - 2,5.0,15528.95,0,0,0,0,1,0,0.0,0.0,0.0,0.0,15528.95,0.0,1,ORTA_TICARETHANE
7703824,38.49800017,27.04909917,35-09-M02464,35,CIGLI,YENI MAHALLE,5.0,7929.146000000001,0,2,0,0,1,0,0.0,6212.204,0.0,0.0,1716.942,0.0,3,KUCUK_TICARETHANE
7703923,38.50534034,27.04870463,35-09-K01869,35,CIGLI,KUCUK CIGLI,8.446666666666667,4485.219,0,2,0,0,1,0,0.0,3883.478,0.0,0.0,601.741,0.0,3,KUCUK_TICARETHANE
7704033,38.48687159,27.06776609,35-09-K02733,35,CIGLI,ATASEHIR,8.35,2485.574,0,0,0,0,1,0,0.0,0.0,0.0,0.0,2485.574,0.0,1,KUCUK_TICARETHANE
7704253,38.49341467,27.06221684,35-09-M03520,35,CIGLI,ATASEHIR,8.953333333333333,139706.8,0,0,0,0,3,0,0.0,0.0,0.0,0.0,139706.8,0.0,3,ORTA_TICARETHANE
7704264,38.49341919,27.05500727,35-09-K01878,35,CIGLI,YENI MAHALLE,10.366666666666667,11800.292,0,4,0,0,2,0,0.0,5592.856,0.0,0.0,6207.436,0.0,6,KUCUK_TICARETHANE
7704429,38.48652343,27.07021647,35-09-K02778,35,CIGLI,ATASEHIR,7.14,4462.041,0,1,0,0,1,0,0.0,3607.426,0.0,0.0,854.615,0.0,2,KUCUK_TICARETHANE
7704517,38.51102397,26.98778445,35-09-M00256,35,CIGLI,KAKLIC,39.46,29051.39,0,0,0,1,0,0,0.0,0.0,0.0,29051.39,0.0,0.0,0,TARIMSAL_SULAMA
7705023,38.489555,27.0701333,35-09-K01887,35,CIGLI,MALTEPE,55.12,82155.23,0,0,0,0,1,0,0.0,0.0,0.0,0.0,82155.23,0.0,1,ORTA_TICARETHANE
7705210,38.4995669,27.07719431,35-09-K03216,35,CIGLI,GUZELTEPE,8.28,2729.016,0,1,0,0,1,0,0.0,1990.01,0.0,0.0,739.006,0.0,2,KUCUK_TICARETHANE
7705221,38.52432502,27.04490304,35-09-M00845,35,CIGLI,UGUR MUMCU,5.0,670.439,0,0,0,0,1,0,0.0,0.0,0.0,0.0,670.439,0.0,1,KUCUK_TICARETHANE
7705331,38.49970183,27.0459138,35-09-M02547,35,CIGLI,KUCUK CIGLI,14.814285714285715,62439.097,0,0,0,0,7,0,0.0,0.0,0.0,0.0,62439.097,0.0,7,ORTA_TICARETHANE
7705342,38.50608826,27.05698981,35-09-M01989,35,CIGLI,CAGDAS,18.05,53630.14,0,0,0,0,1,0,0.0,0.0,0.0,0.0,53630.14,0.0,1,ORTA_TICARETHANE
7705518,38.48927197,27.07879783,35-09-K02499,35,CIGLI,AYDINLIKEVLER,10.2,22832.06,0,0,0,0,1,0,0.0,0.0,0.0,0.0,22832.06,0.0,1,ORTA_TICARETHANE
7705881,38.49069975,27.05827498,35-09-K01880,35,CIGLI,ATASEHIR,5.0,3381.229,0,0,0,0,1,0,0.0,0.0,0.0,0.0,3381.229,0.0,1,KUCUK_TICARETHANE
7705892,38.49048522,27.07252384,35-09-K04681,35,CIGLI,MALTEPE,5.0,3028.925,0,0,0,0,1,0,0.0,0.0,0.0,0.0,3028.925,0.0,1,KUCUK_TICARETHANE
7705936,38.49605745,27.06253886,35-09-K01870,35,CIGLI,KOYICI,7.17,33171.784,0,1,0,0,1,0,0.0,6035.784,0.0,0.0,27136.0,0.0,2,ORTA_TICARETHANE
7706200,38.48791231,27.08284147,35-09-K01006,35,CIGLI,AYDINLIKEVLER,7.517333333333333,6648.289,0,2,0,0,1,0,0.0,3494.852,0.0,0.0,3153.437,0.0,3,KUCUK_TICARETHANE
7706233,38.48599618,27.06566938,35-09-K02899,35,CIGLI,ATASEHIR,5.0,16381.908,0,3,0,0,2,0,0.0,14353.826000000001,0.0,0.0,2028.082,0.0,5,KUCUK_TICARETHANE
7706277,38.50658725,27.06260766,35-09-M03053,35,CIGLI,EGEKENT,9.905666666666667,13932.705,0,2,0,0,4,0,0.0,8815.208999999999,0.0,0.0,5117.495999999999,0.0,6,KUCUK_TICARETHANE
7706750,38.5027481,27.05108007,35-09-K04597,35,CIGLI,KUCUK CIGLI,5.0,6270.936,0,2,0,0,1,0,0.0,6097.952,0.0,0.0,172.984,0.0,3,KUCUK_TICARETHANE
7706761,38.50274787,27.04451958,35-09-M02549,35,CIGLI,KUCUK CIGLI,8.173333333333334,5508.491,0,2,0,0,1,0,0.0,4899.888,0.0,0.0,608.603,0.0,3,KUCUK_TICARETHANE
7706860,38.50816865,27.03950853,35-09-M00396,35,CIGLI,BALATCIK,7.4,5319.403,0,1,0,0,1,0,0.0,4274.281,0.0,0.0,1045.122,0.0,2,KUCUK_TICARETHANE
7706871,38.50505847,26.98884008,35-09-M00254,35,CIGLI,KAKLIC,6.16,2827.746,0,0,0,0,1,0,0.0,0.0,0.0,0.0,2827.746,0.0,1,KUCUK_TICARETHANE
7706926,38.49543248,27.06191496,35-09-K01876,35,CIGLI,KOYICI,6.116666666666667,5394.003,0,2,0,0,1,0,0.0,4637.1900000000005,0.0,0.0,756.813,0.0,3,KUCUK_TICARETHANE
7707773,38.49425404,26.95144654,35-09-M00257,35,CIGLI,SASALLI MERKEZ,8.35,12923.42,0,0,0,0,1,0,0.0,0.0,0.0,0.0,12923.42,0.0,1,ORTA_TICARETHANE
7707993,38.49372988,27.06180943,35-09-M03520,35,CIGLI,ATASEHIR,8.243846153846153,63618.172,0,0,0,0,13,0,0.0,0.0,0.0,0.0,63618.172,0.0,13,ORTA_TICARETHANE
7708532,38.50305957,27.05310152,35-09-K01867,35,CIGLI,KUCUK CIGLI,19.183,62329.229999999996,0,1,0,0,1,0,0.0,27561.6,0.0,0.0,34767.63,0.0,2,ORTA_TICARETHANE
7708598,38.51004441,27.04075817,35-09-M00999,35,CIGLI,BALATCIK,8.518333333333333,14124.067000000001,0,4,0,0,2,0,0.0,4225.886,0.0,0.0,9898.181,0.0,6,KUCUK_TICARETHANE
7708686,38.4944608,27.05432027,35-09-K03313,35,CIGLI,YENI MAHALLE,7.06,8707.871000000001,0,6,0,0,3,0,0.0,7405.693,0.0,0.0,1302.1779999999999,0.0,9,KUCUK_TICARETHANE
7708697,38.50171843,27.05338144,35-09-K01866,35,CIGLI,KUCUK CIGLI,5.0,15665.553,0,4,0,0,4,0,0.0,9151.835,0.0,0.0,6513.718,0.0,8,KUCUK_TICARETHANE
7708940,38.49594097,27.06478806,35-09-K01870,35,CIGLI,KOYICI,5.0,2252.1549999999997,0,0,0,0,3,0,0.0,0.0,0.0,0.0,2252.1549999999997,0.0,3,KUCUK_TICARETHANE
7708951,38.50516919,26.99056638,35-09-M00254,35,CIGLI,KAKLIC,15.155,49766.83,0,0,0,0,2,0,0.0,0.0,0.0,0.0,49766.83,0.0,2,ORTA_TICARETHANE
7709050,38.49326878,27.07138459,35-09-M02552,35,CIGLI,SIRINTEPE,5.0,3030.358,0,1,0,0,1,0,0.0,1620.111,0.0,0.0,1410.247,0.0,2,KUCUK_TICARETHANE
7709072,38.50531401,27.04820135,35-09-K01869,35,CIGLI,KUCUK CIGLI,5.195,8987.884,0,2,0,0,2,0,0.0,2414.327,0.0,0.0,6573.557,0.0,4,KUCUK_TICARETHANE
7709083,38.50555162,27.04346114,35-09-K01869,35,CIGLI,BALATCIK,6.833333333333333,23902.472,0,2,0,0,1,0,0.0,5546.832,0.0,0.0,18355.64,0.0,3,ORTA_TICARETHANE
7709578,38.51604338,27.056649,35-09-M01996,35,CIGLI,ESENTEPE,170.75,101577.31999999999,0,0,0,0,2,0,0.0,0.0,0.0,0.0,101577.31999999999,0.0,2,ORTA_TICARETHANE
7709897,38.4916218,27.07016272,35-09-M02552,35,CIGLI,SIRINTEPE,5.0,1153.491,0,0,0,0,1,0,0.0,0.0,0.0,0.0,1153.491,0.0,1,KUCUK_TICARETHANE
7710106,38.49654784,27.07224012,35-09-K01873,35,CIGLI,SIRINTEPE,8.77,6253.04,0,2,0,0,1,0,0.0,5210.4980000000005,0.0,0.0,1042.542,0.0,3,KUCUK_TICARETHANE
7710414,38.52329848,27.0448776,35-09-M00845,35,CIGLI,UGUR MUMCU,6.162,18606.119,0,2,0,0,3,0,0.0,5822.632,0.0,0.0,12783.487,0.0,5,ORTA_TICARETHANE
7710667,38.50270708,27.04356001,35-09-M02549,35,CIGLI,KUCUK CIGLI,6.84,3370.842,0,1,0,0,1,0,0.0,2538.059,0.0,0.0,832.783,0.0,2,KUCUK_TICARETHANE
7710799,38.49958177,27.05434269,35-09-K04314,35,CIGLI,KUCUK CIGLI,7.58,8044.192999999999,0,1,0,0,1,0,0.0,5068.365,0.0,0.0,2975.828,0.0,2,KUCUK_TICARETHANE
7710865,38.50346826,26.99377212,35-09-M01145,35,CIGLI,KAKLIC,5.0,2424.963,0,0,0,0,1,0,0.0,0.0,0.0,0.0,2424.963,0.0,1,KUCUK_TICARETHANE
7710876,38.49363575,27.06096688,35-09-M03520,35,CIGLI,ATASEHIR,5.0,16140.346,0,1,0,0,2,0,0.0,3320.554,0.0,0.0,12819.792,0.0,3,ORTA_TICARETHANE
7710898,38.49840563,27.05868615,35-09-K01464,35,CIGLI,KUCUK CIGLI,5.0,8414.847,0,2,0,0,1,0,0.0,8413.922,0.0,0.0,0.925,0.0,3,KUCUK_TICARETHANE
7710931,38.49274331,27.06270925,35-09-M03520,35,CIGLI,ATASEHIR,5.008571428571429,27801.279,0,0,0,0,7,0,0.0,0.0,0.0,0.0,27801.279,0.0,7,ORTA_TICARETHANE
7711074,38.48799699,27.07941953,35-09-K02499,35,CIGLI,AYDINLIKEVLER,5.0,5926.834,0,0,0,0,1,0,0.0,0.0,0.0,0.0,5926.834,0.0,1,KUCUK_TICARETHANE
7711558,38.51283438,27.04677817,35-09-K04165,35,CIGLI,BALATCIK,5.26,1663.463,0,0,0,0,1,0,0.0,0.0,0.0,0.0,1663.463,0.0,1,KUCUK_TICARETHANE
7711778,38.49727412,27.0619059,,35,CIGLI,KOYICI,6.156,65523.263999999996,0,0,0,0,3,0,0.0,0.0,0.0,0.0,65523.263999999996,0.0,3,ORTA_TICARETHANE
7712020,38.49393815,27.06261367,35-09-M02551,35,CIGLI,KOYICI,5.0,1016.137,0,0,0,0,1,0,0.0,0.0,0.0,0.0,1016.137,0.0,1,KUCUK_TICARETHANE
7712119,38.48933164,27.05768711,35-09-M01860,35,CIGLI,ATASEHIR,15.01,13793.84,0,0,0,0,1,0,0.0,0.0,0.0,0.0,13793.84,0.0,1,ORTA_TICARETHANE
7712405,38.49413048,26.95146235,35-09-M00257,35,CIGLI,SASALLI MERKEZ,7.75,28752.955,0,0,0,0,3,0,0.0,0.0,0.0,0.0,28752.955,0.0,3,ORTA_TICARETHANE
7712416,38.49470195,26.95260872,35-09-M00257,35,CIGLI,SASALLI MERKEZ,5.0,509.674,0,0,0,0,1,0,0.0,0.0,0.0,0.0,509.674,0.0,1,KUCUK_TICARETHANE
7712680,38.49214345,27.08258751,35-09-K01958,35,CIGLI,AYDINLIKEVLER,8.35,24617.18,0,0,0,0,1,0,0.0,0.0,0.0,0.0,24617.18,0.0,1,ORTA_TICARETHANE
7712768,38.49073466,27.07619073,35-09-K03705,35,CIGLI,MALTEPE,5.16,4064.048,0,1,0,0,1,0,0.0,2500.063,0.0,0.0,1563.985,0.0,2,KUCUK_TICARETHANE
7713186,38.49613622,27.0556607,35-09-K01879,35,CIGLI,YENI MAHALLE,65.56,17122.93,0,0,0,0,1,0,0.0,0.0,0.0,0.0,17122.93,0.0,1,ORTA_TICARETHANE
7713438,38.49204885,27.07548472,35-09-K03317,35,CIGLI,MALTEPE,8.765,8170.5830000000005,0,0,0,0,4,0,0.0,0.0,0.0,0.0,8170.5830000000005,0.0,4,KUCUK_TICARETHANE
7713614,38.50505972,26.99164465,35-09-M01145,35,CIGLI,KAKLIC,17.3,1706.957,0,0,0,0,1,0,0.0,0.0,0.0,0.0,1706.957,0.0,1,ORTA_TICARETHANE
7713647,38.49155148,27.07834923,35-09-K03320,35,CIGLI,AYDINLIKEVLER,15.98,3932.534,0,0,0,0,1,0,0.0,0.0,0.0,0.0,3932.534,0.0,1,ORTA_TICARETHANE
7713779,38.49979673,27.08655927,35-09-M01985,35,CIGLI,EVKA - 2,5.0,2233.653,0,0,0,0,1,0,0.0,0.0,0.0,0.0,2233.653,0.0,1,KUCUK_TICARETHANE
7713834,38.50111356,27.07688452,35-09-K01874,35,CIGLI,GUZELTEPE,5.18,4702.277,0,1,0,0,1,0,0.0,4004.31,0.0,0.0,697.967,0.0,2,KUCUK_TICARETHANE
7713900,38.49310041,27.05975345,35-09-K04020,35,CIGLI,ATASEHIR,8.41,13238.968,0,4,0,0,2,0,0.0,7445.3099999999995,0.0,0.0,5793.657999999999,0.0,6,KUCUK_TICARETHANE
7714142,38.50383219,27.05816981,35-09-K01936,35,CIGLI,CAGDAS,16.78,27512.35,0,0,0,0,1,0,0.0,0.0,0.0,0.0,27512.35,0.0,1,ORTA_TICARETHANE
7714483,38.49270192,27.05852644,35-09-K01878,35,CIGLI,ATASEHIR,30.606666666666666,66908.549,0,0,0,0,3,0,0.0,0.0,0.0,0.0,66908.549,0.0,3,ORTA_TICARETHANE
7714494,38.49362767,27.06357038,35-09-M02551,35,CIGLI,KOYICI,6.675,16446.105,0,4,0,0,2,0,0.0,12310.389,0.0,0.0,4135.716,0.0,6,KUCUK_TICARETHANE
7714945,38.5047367,26.9916433,35-09-M01145,35,CIGLI,KAKLIC,14.9,1511.205,0,0,0,0,1,0,0.0,0.0,0.0,0.0,1511.205,0.0,1,KUCUK_TICARETHANE
7715022,38.52345131,27.0453143,35-09-M00845,35,CIGLI,UGUR MUMCU,62.7,10409.05,0,0,0,0,1,0,0.0,0.0,0.0,0.0,10409.05,0.0,1,ORTA_TICARETHANE
7715044,38.49636368,27.06576024,35-09-K01870,35,CIGLI,KOYICI,5.0,5911.967000000001,0,2,0,0,1,0,0.0,4033.956,0.0,0.0,1878.011,0.0,3,KUCUK_TICARETHANE
7715352,38.49634104,27.06636205,35-09-K01870,35,CIGLI,KOYICI,8.35,4732.901,0,0,0,0,1,0,0.0,0.0,0.0,0.0,4732.901,0.0,1,KUCUK_TICARETHANE
7715385,38.49636633,27.06250575,35-09-K01870,35,CIGLI,KOYICI,5.0,12256.51,0,2,0,0,4,0,0.0,4856.709,0.0,0.0,7399.8009999999995,0.0,6,KUCUK_TICARETHANE
7715561,38.49286336,27.06408299,35-09-M03520,35,CIGLI,ATASEHIR,10.908125,80055.15,0,0,0,0,16,0,0.0,0.0,0.0,0.0,80055.15,0.0,16,ORTA_TICARETHANE
7716100,38.49826177,27.06481714,35-09-K01870,35,CIGLI,KOYICI,5.0,7387.76,0,2,0,0,1,0,0.0,3622.971,0.0,0.0,3764.789,0.0,3,KUCUK_TICARETHANE
7716254,38.49861217,27.04666443,35-09-K01860,35,CIGLI,KUCUK CIGLI,10.09,91273.112,0,0,0,0,17,0,0.0,0.0,0.0,0.0,91273.112,0.0,17,ORTA_TICARETHANE
7716331,38.50002369,27.05118897,35-09-M03090,35,CIGLI,YENI MAHALLE,9.645,16914.34,0,4,0,0,2,0,0.0,6927.1720000000005,0.0,0.0,9987.168,0.0,6,KUCUK_TICARETHANE
7716496,38.49590907,27.06267217,35-09-K01870,35,CIGLI,KOYICI,6.163333333333334,12576.082,0,4,0,0,2,0,0.0,12300.86,0.0,0.0,275.222,0.0,6,KUCUK_TICARETHANE
7716595,38.4887505,27.0560692,35-09-M01860,35,CIGLI,ATASEHIR,5.0,9691.698,0,2,0,0,1,0,0.0,7365.55,0.0,0.0,2326.148,0.0,3,KUCUK_TICARETHANE
7716892,38.50236045,27.07853958,35-09-K01874,35,CIGLI,GUZELTEPE,5.0,3253.908,0,0,0,0,1,0,0.0,0.0,0.0,0.0,3253.908,0.0,1,KUCUK_TICARETHANE
7717189,38.49336923,27.06157625,35-09-M03520,35,CIGLI,ATASEHIR,6.7169,214173.981,0,4,0,0,56,0,0.0,5019.25,0.0,0.0,209154.731,0.0,60,ORTA_TICARETHANE
7717321,38.50127793,27.07714045,35-09-K01874,35,CIGLI,GUZELTEPE,9.38,52807.563,0,1,0,0,1,0,0.0,4336.203,0.0,0.0,48471.36,0.0,2,ORTA_TICARETHANE
7717541,38.51690743,27.04138337,35-09-M00103,35,CIGLI,BALATCIK,5.0,2369.821,0,0,0,0,1,0,0.0,0.0,0.0,0.0,2369.821,0.0,1,KUCUK_TICARETHANE
7717706,38.49308856,27.05545875,35-09-K01878,35,CIGLI,ATASEHIR,96.124,133309.4,0,0,0,0,1,0,0.0,0.0,0.0,0.0,133309.4,0.0,1,ORTA_TICARETHANE
7717761,38.51571203,27.04528865,35-09-M00403,35,CIGLI,BALATCIK,5.0,12697.32,0,0,0,0,1,0,0.0,0.0,0.0,0.0,12697.32,0.0,1,ORTA_TICARETHANE
7717816,38.52017934,27.05649217,35-09-M03064,35,CIGLI,EVKA-5,5.43,14341.421,0,0,0,0,4,0,0.0,0.0,0.0,0.0,14341.421,0.0,4,ORTA_TICARETHANE
7717948,38.50054631,27.07673759,35-09-K01874,35,CIGLI,GUZELTEPE,8.201,30506.15,0,0,0,0,1,0,0.0,0.0,0.0,0.0,30506.15,0.0,1,ORTA_TICARETHANE
7718003,38.49385253,27.06139304,35-09-M03520,35,CIGLI,ATASEHIR,6.116666666666667,8146.317,0,0,0,0,3,0,0.0,0.0,0.0,0.0,8146.317,0.0,3,KUCUK_TICARETHANE
7718058,38.52200159,27.04393181,35-09-M00626,35,CIGLI,UGUR MUMCU,7.715999999999999,17292.66,0,3,0,0,2,0,0.0,12947.896,0.0,0.0,4344.764,0.0,5,KUCUK_TICARETHANE
7718344,38.49651718,27.07124155,35-09-K01873,35,CIGLI,SIRINTEPE,7.1499999999999995,3247.6220000000003,0,2,0,0,1,0,0.0,2490.742,0.0,0.0,756.88,0.0,3,KUCUK_TICARETHANE
7718366,38.51180067,27.05108384,35-09-K02771,35,CIGLI,ESENTEPE,17.76,20692.25,0,0,0,0,1,0,0.0,0.0,0.0,0.0,20692.25,0.0,1,ORTA_TICARETHANE
7718421,38.50133245,27.04498967,35-09-M02549,35,CIGLI,KUCUK CIGLI,17.622375,434529.213,0,0,0,0,16,0,0.0,0.0,0.0,0.0,434529.213,0.0,16,ORTA_TICARETHANE
7718520,38.49108245,27.0787513,35-09-K03320,35,CIGLI,AYDINLIKEVLER,20.95,29184.81,0,0,0,0,1,0,0.0,0.0,0.0,0.0,29184.81,0.0,1,ORTA_TICARETHANE
7718938,38.49788136,27.06806055,35-09-K01871,35,CIGLI,KOYICI,61.42,39563.72,0,0,0,0,1,0,0.0,0.0,0.0,0.0,39563.72,0.0,1,ORTA_TICARETHANE
7719026,38.49293313,27.0623165,35-09-M03520,35,CIGLI,ATASEHIR,6.192857142857143,29012.622,0,0,0,0,7,0,0.0,0.0,0.0,0.0,29012.622,0.0,7,ORTA_TICARETHANE
7719070,38.50033627,27.07640858,35-09-K03323,35,CIGLI,GUZELTEPE,8.246666666666668,6563.363,0,2,0,0,1,0,0.0,3973.8720000000003,0.0,0.0,2589.491,0.0,3,KUCUK_TICARETHANE
7719356,38.49212541,27.06962475,35-09-M02552,35,CIGLI,SIRINTEPE,8.35,1904.652,0,0,0,0,1,0,0.0,0.0,0.0,0.0,1904.652,0.0,1,KUCUK_TICARETHANE
7719609,38.49365744,27.06421346,35-09-M02551,35,CIGLI,KOYICI,6.985714285714286,11496.539,0,3,0,0,4,0,0.0,3235.273,0.0,0.0,8261.266,0.0,7,KUCUK_TICARETHANE
7720049,38.49350137,27.06294028,35-09-M03520,35,CIGLI,ATASEHIR,5.0,10893.86,0,0,0,0,1,0,0.0,0.0,0.0,0.0,10893.86,0.0,1,ORTA_TICARETHANE
7720071,38.49514711,27.05041322,35-09-K03313,35,CIGLI,YENI MAHALLE,9.867914285714287,130101.552,0,18,0,0,17,0,0.0,47110.004,0.0,0.0,82991.548,0.0,35,ORTA_TICARETHANE
7720401,38.52438802,27.04523727,35-09-M00845,35,CIGLI,UGUR MUMCU,7.563,26538.932,0,1,0,0,3,0,0.0,3290.584,0.0,0.0,23248.347999999998,0.0,4,ORTA_TICARETHANE
7720676,38.48867313,27.07361864,35-09-M01950,35,CIGLI,MALTEPE,26.0,30174.32,0,0,0,0,1,0,0.0,0.0,0.0,0.0,30174.32,0.0,1,ORTA_TICARETHANE
7720775,38.49232827,27.05171403,35-09-K03314,35,CIGLI,ATASEHIR,37.02,35138.42,0,0,0,0,1,0,0.0,0.0,0.0,0.0,35138.42,0.0,1,ORTA_TICARETHANE
7720819,38.5089118,27.04092501,35-09-M00396,35,CIGLI,BALATCIK,5.25,2501.364,0,1,0,0,1,0,0.0,2500.884,0.0,0.0,0.48,0.0,2,KUCUK_TICARETHANE
7721270,38.49679598,27.06625529,35-09-K01870,35,CIGLI,KOYICI,5.0,677.648,0,0,0,0,1,0,0.0,0.0,0.0,0.0,677.648,0.0,1,KUCUK_TICARETHANE
7721611,38.49726299,27.05896834,35-09-K01864,35,CIGLI,KUCUK CIGLI,49.46,12904.18,0,0,0,0,1,0,0.0,0.0,0.0,0.0,12904.18,0.0,1,ORTA_TICARETHANE
7721665,38.50772613,27.04041679,35-09-M00396,35,CIGLI,BALATCIK,7.359999999999999,20541.429,0,2,0,0,1,0,0.0,9263.569,0.0,0.0,11277.86,0.0,3,ORTA_TICARETHANE
7721676,38.49872709,27.06875835,35-09-K01871,35,CIGLI,KOYICI,5.0,2268.666,0,0,0,0,1,0,0.0,0.0,0.0,0.0,2268.666,0.0,1,KUCUK_TICARETHANE
7721731,38.49769582,27.04894481,35-09-M02464,35,CIGLI,YENI MAHALLE,7.94,13044.197,0,1,0,0,1,0,0.0,2982.917,0.0,0.0,10061.28,0.0,2,ORTA_TICARETHANE
7721742,38.49177074,27.07048781,35-09-M01951,35,CIGLI,SIRINTEPE,6.675,8241.47,0,1,0,0,1,0,0.0,5569.942,0.0,0.0,2671.528,0.0,2,KUCUK_TICARETHANE
7721797,38.49757867,27.04598794,35-09-M02547,35,CIGLI,KUCUK CIGLI,7.865806451612904,75679.77799999999,0,0,0,0,31,0,0.0,0.0,0.0,0.0,75679.77799999999,0.0,31,ORTA_TICARETHANE
7721940,38.49911715,27.05620836,35-09-K03706,35,CIGLI,KUCUK CIGLI,9.549999999999999,53706.64,0,0,0,0,9,0,0.0,0.0,0.0,0.0,53706.64,0.0,9,ORTA_TICARETHANE
7722394,38.48941879,27.06495637,35-09-M02083,35,CIGLI,ATASEHIR,9.254999999999999,6690.7,0,1,0,0,1,0,0.0,6588.271,0.0,0.0,102.429,0.0,2,KUCUK_TICARETHANE
7722416,38.49788776,27.06837797,35-09-K01871,35,CIGLI,SIRINTEPE,5.0,4481.43,0,1,0,0,2,0,0.0,2683.726,0.0,0.0,1797.704,0.0,3,KUCUK_TICARETHANE
7722471,38.50400203,27.05325794,35-09-K01867,35,CIGLI,KUCUK CIGLI,6.573333333333333,7939.596,0,1,0,0,2,0,0.0,5026.621,0.0,0.0,2912.975,0.0,3,KUCUK_TICARETHANE
7722548,38.49279889,27.06269351,35-09-M03520,35,CIGLI,ATASEHIR,13.38,63372.21,0,0,0,0,1,0,0.0,0.0,0.0,0.0,63372.21,0.0,1,ORTA_TICARETHANE
7722658,38.49542053,27.06420461,35-09-K01870,35,CIGLI,KOYICI,5.0,8121.151,0,2,0,0,1,0,0.0,6395.199,0.0,0.0,1725.952,0.0,3,KUCUK_TICARETHANE
7722691,38.4952301,27.06641342,35-09-K01875,35,CIGLI,SIRINTEPE,5.0,13098.975,0,2,0,0,1,0,0.0,6186.018,0.0,0.0,6912.957,0.0,3,KUCUK_TICARETHANE
7723065,38.49696993,27.04957344,35-09-M02464,35,CIGLI,YENI MAHALLE,12.035,11368.261,0,2,0,0,8,0,0.0,2418.8230000000003,0.0,0.0,8949.438,0.0,10,KUCUK_TICARETHANE
7723263,38.49840464,27.06319507,,35,CIGLI,KOYICI,5.0,1188.397,0,0,0,0,1,0,0.0,0.0,0.0,0.0,1188.397,0.0,1,KUCUK_TICARETHANE
7723527,38.51247973,27.04557061,35-09-M00403,35,CIGLI,BALATCIK,5.0,856.058,0,0,0,0,1,0,0.0,0.0,0.0,0.0,856.058,0.0,1,KUCUK_TICARETHANE
7723681,38.49958218,27.06932215,35-09-K01871,35,CIGLI,YAKAKENT,5.0,5839.319,0,0,0,0,1,0,0.0,0.0,0.0,0.0,5839.319,0.0,1,KUCUK_TICARETHANE
7723912,38.50519435,26.98930991,35-09-M00254,35,CIGLI,KAKLIC,44.75,32513.4,0,0,0,0,1,0,0.0,0.0,0.0,0.0,32513.4,0.0,1,ORTA_TICARETHANE
7724022,38.50249513,27.05255972,35-09-K01867,35,CIGLI,KUCUK CIGLI,20.005,25885.440000000002,0,0,0,0,2,0,0.0,0.0,0.0,0.0,25885.440000000002,0.0,2,ORTA_TICARETHANE
7724385,38.49344876,27.06202338,35-09-M03520,35,CIGLI,ATASEHIR,28.02,26647.34,0,0,0,0,1,0,0.0,0.0,0.0,0.0,26647.34,0.0,1,ORTA_TICARETHANE
7724605,38.4887335,27.07532423,35-09-M01950,35,CIGLI,MALTEPE,8.69,32256.424,0,1,0,0,2,0,0.0,5758.564,0.0,0.0,26497.86,0.0,3,ORTA_TICARETHANE
7725012,38.50477889,26.9925496,35-09-M01145,35,CIGLI,KAKLIC,7.4495000000000005,29929.347999999998,0,0,0,0,4,0,0.0,0.0,0.0,0.0,29929.347999999998,0.0,4,ORTA_TICARETHANE
7725089,38.4979356,27.05745377,35-09-K04282,35,CIGLI,KUCUK CIGLI,5.01,40407.74,0,0,0,0,2,0,0.0,0.0,0.0,0.0,40407.74,0.0,2,ORTA_TICARETHANE
7725452,38.49206892,27.06307321,35-09-M03520,35,CIGLI,ATASEHIR,5.0,8108.782,0,0,0,0,1,0,0.0,0.0,0.0,0.0,8108.782,0.0,1,KUCUK_TICARETHANE
7725595,38.49264244,27.08775518,35-09-K01321,35,CIGLI,AYDINLIKEVLER,5.0,1349.535,0,0,0,0,1,0,0.0,0.0,0.0,0.0,1349.535,0.0,1,KUCUK_TICARETHANE
7725749,38.48469472,27.06517653,35-09-K02899,35,CIGLI,ATASEHIR,7.56,9284.757,0,1,0,0,1,0,0.0,3899.064,0.0,0.0,5385.693,0.0,2,KUCUK_TICARETHANE
7725958,38.50584454,27.0609049,35-09-K01938,35,CIGLI,EGEKENT,8.18,10268.83,0,0,0,0,1,0,0.0,0.0,0.0,0.0,10268.83,0.0,1,ORTA_TICARETHANE
7726090,38.50733455,26.98670809,35-09-M00255,35,CIGLI,KAKLIC,9.1,6256.831,0,0,0,0,1,0,0.0,0.0,0.0,0.0,6256.831,0.0,1,KUCUK_TICARETHANE
7726266,38.4939841,27.0745907,35-09-M01981,35,CIGLI,MALTEPE,8.753333333333332,2585.491,0,2,0,0,1,0,0.0,2016.02,0.0,0.0,569.471,0.0,3,KUCUK_TICARETHANE
7726387,38.49908945,27.0774022,35-09-K03216,35,CIGLI,GUZELTEPE,7.5,3715.237,0,1,0,0,1,0,0.0,1361.541,0.0,0.0,2353.696,0.0,2,KUCUK_TICARETHANE
7726508,38.49613353,27.05571153,35-09-K01879,35,CIGLI,YENI MAHALLE,10.513333333333334,10384.41,0,2,0,0,1,0,0.0,4708.575,0.0,0.0,5675.835,0.0,3,KUCUK_TICARETHANE
7726926,38.49596965,27.07119492,35-09-K01873,35,CIGLI,SIRINTEPE,6.933333333333334,4018.891,0,2,0,0,1,0,0.0,1530.8799999999999,0.0,0.0,2488.011,0.0,3,KUCUK_TICARETHANE
7727025,38.5169226,27.04125771,35-09-M00103,35,CIGLI,BALATCIK,5.0,6398.428,0,0,0,0,1,0,0.0,0.0,0.0,0.0,6398.428,0.0,1,KUCUK_TICARETHANE
7727102,38.51119525,27.03975011,35-09-M00999,35,CIGLI,BALATCIK,6.466666666666666,5547.499,0,2,0,0,1,0,0.0,5105.951,0.0,0.0,441.548,0.0,3,KUCUK_TICARETHANE
7727135,38.49599112,27.06492808,35-09-K01870,35,CIGLI,KOYICI,5.0,5023.997,0,2,0,0,1,0,0.0,4718.304,0.0,0.0,305.693,0.0,3,KUCUK_TICARETHANE
7727641,38.50535824,26.98868487,35-09-M00254,35,CIGLI,KAKLIC,11.04,31470.807,0,0,0,0,3,0,0.0,0.0,0.0,0.0,31470.807,0.0,3,ORTA_TICARETHANE
7728245,38.51959972,27.03723089,35-09-M01091,35,CIGLI,AHMET EFENDI,11.565,72829.83099999999,0,0,0,0,2,0,0.0,0.0,0.0,0.0,72829.83099999999,0.0,2,ORTA_TICARETHANE
7728278,38.50372445,27.05083144,35-09-K04597,35,CIGLI,KUCUK CIGLI,6.8,12.852,0,0,0,0,1,0,0.0,0.0,0.0,0.0,12.852,0.0,1,KUCUK_TICARETHANE
7728806,38.4969464,27.05946264,35-09-K01864,35,CIGLI,KUCUK CIGLI,11.451666666666668,27244.515,0,1,0,0,5,0,0.0,9426.429,0.0,0.0,17818.086,0.0,6,ORTA_TICARETHANE
7729819,38.49288278,27.06271505,35-09-M03520,35,CIGLI,ATASEHIR,5.0,31071.048,0,0,0,0,5,0,0.0,0.0,0.0,0.0,31071.048,0.0,5,ORTA_TICARETHANE
7729863,38.48982644,27.07601621,35-09-M01608,35,CIGLI,MALTEPE,5.0,7542.209,0,2,0,0,1,0,0.0,6176.044,0.0,0.0,1366.165,0.0,3,KUCUK_TICARETHANE
7729918,38.50003571,27.05508105,35-09-K01866,35,CIGLI,KUCUK CIGLI,5.558333333333334,10883.667,0,3,0,0,3,0,0.0,3050.5029999999997,0.0,0.0,7833.164,0.0,6,KUCUK_TICARETHANE
7730138,38.50027349,27.07603454,35-09-K03323,35,CIGLI,GUZELTEPE,6.67,6204.686,0,1,0,0,1,0,0.0,4460.787,0.0,0.0,1743.899,0.0,2,KUCUK_TICARETHANE
7730215,38.51730353,27.04080073,35-09-M00103,35,CIGLI,BALATCIK,15.01,8478.491,0,0,0,0,1,0,0.0,0.0,0.0,0.0,8478.491,0.0,1,ORTA_TICARETHANE
7730555,38.52403904,27.04549698,35-09-M00845,35,CIGLI,UGUR MUMCU,7.75,31759.115,0,5,0,0,3,0,0.0,5372.27,0.0,0.0,26386.845,0.0,8,ORTA_TICARETHANE
7730984,38.52226504,27.04565497,35-09-M00626,35,CIGLI,UGUR MUMCU,8.266666666666667,5269.94,0,2,0,0,1,0,0.0,3793.2079999999996,0.0,0.0,1476.732,0.0,3,KUCUK_TICARETHANE
7731336,38.49741374,27.05780659,35-09-K01864,35,CIGLI,YENI MAHALLE,37.116,50304.73,0,0,0,0,1,0,0.0,0.0,0.0,0.0,50304.73,0.0,1,ORTA_TICARETHANE
7731644,38.49285211,27.07236418,35-09-M01951,35,CIGLI,SIRINTEPE,8.165,9939.894,0,1,0,0,1,0,0.0,6004.393,0.0,0.0,3935.501,0.0,2,KUCUK_TICARETHANE
7731809,38.49717971,27.08854143,35-09-M01985,35,CIGLI,AHMET TANER KISLALI,8.35,17494.41,0,0,0,0,1,0,0.0,0.0,0.0,0.0,17494.41,0.0,1,ORTA_TICARETHANE
7731974,38.49788448,27.06232854,,35,CIGLI,KOYICI,7.12,62478.43,0,0,0,0,1,0,0.0,0.0,0.0,0.0,62478.43,0.0,1,ORTA_TICARETHANE
7731985,38.4983714,27.06271835,,35,CIGLI,KOYICI,21.293333333333333,103913.85,0,0,0,0,3,0,0.0,0.0,0.0,0.0,103913.85,0.0,3,ORTA_TICARETHANE
7732029,38.51641117,27.04138344,35-09-M00103,35,CIGLI,BALATCIK,18.65,666.596,0,0,0,0,1,0,0.0,0.0,0.0,0.0,666.596,0.0,1,ORTA_TICARETHANE
7732095,38.50202528,27.04832584,35-09-K01858,35,CIGLI,KUCUK CIGLI,7.1080000000000005,104238.268,0,0,0,0,30,0,0.0,0.0,0.0,0.0,104238.268,0.0,30,ORTA_TICARETHANE
7732392,38.49766844,27.06446229,35-09-K04307,35,CIGLI,KOYICI,7.11,2672.07,0,1,0,0,1,0,0.0,2630.302,0.0,0.0,41.768,0.0,2,KUCUK_TICARETHANE
7732557,38.51509142,27.03905112,35-09-M02091,35,CIGLI,BALATCIK,5.0,8298.663,0,0,0,0,1,0,0.0,0.0,0.0,0.0,8298.663,0.0,1,KUCUK_TICARETHANE
7732579,38.49967313,27.05553497,35-09-K01866,35,CIGLI,KUCUK CIGLI,7.504166666666666,46871.647,0,8,0,0,4,0,0.0,24602.306,0.0,0.0,22269.341,0.0,12,ORTA_TICARETHANE
7732623,38.49723895,27.04914669,35-09-M02464,35,CIGLI,YENI MAHALLE,5.1,18249.1,0,0,0,0,1,0,0.0,0.0,0.0,0.0,18249.1,0.0,1,ORTA_TICARETHANE
7732645,38.49697029,27.06153351,,35,CIGLI,KOYICI,27.83,3892.278,0,0,0,0,1,0,0.0,0.0,0.0,0.0,3892.278,0.0,1,ORTA_TICARETHANE
7732733,38.49206827,27.07188822,35-09-M01951,35,CIGLI,MALTEPE,5.0,12177.274,0,2,0,0,3,0,0.0,2282.377,0.0,0.0,9894.896999999999,0.0,5,KUCUK_TICARETHANE
7733173,38.50042721,27.05428265,35-09-K04501,35,CIGLI,KUCUK CIGLI,98.406,101419.4,0,0,0,0,1,0,0.0,0.0,0.0,0.0,101419.4,0.0,1,ORTA_TICARETHANE
7733679,38.49402772,26.95133603,35-09-M00257,35,CIGLI,SASALLI MERKEZ,5.0,2850.849,0,0,0,0,1,0,0.0,0.0,0.0,0.0,2850.849,0.0,1,KUCUK_TICARETHANE
7733789,38.4957809,27.07024416,35-09-K04122,35,CIGLI,SIRINTEPE,6.116666666666667,8265.612,0,1,0,0,2,0,0.0,5469.49,0.0,0.0,2796.122,0.0,3,KUCUK_TICARETHANE
7733888,38.50311274,27.04345261,35-09-M02549,35,CIGLI,KUCUK CIGLI,7.16,1802.13,0,1,0,0,1,0,0.0,1413.077,0.0,0.0,389.053,0.0,2,KUCUK_TICARETHANE
7734064,38.50220301,27.04309002,35-09-M02549,35,CIGLI,KUCUK CIGLI,10.5,4261.914,0,0,0,0,1,0,0.0,0.0,0.0,0.0,4261.914,0.0,1,KUCUK_TICARETHANE
7734141,38.49999058,27.05485781,35-09-K04314,35,CIGLI,KUCUK CIGLI,13.745000000000001,181401.032,0,0,0,0,4,0,0.0,0.0,0.0,0.0,181401.032,0.0,4,ORTA_TICARETHANE
7734185,38.49393204,26.95130183,35-09-M00257,35,CIGLI,SASALLI MERKEZ,5.0,1665.455,0,1,0,0,1,0,0.0,853.751,0.0,0.0,811.704,0.0,2,KUCUK_TICARETHANE
7734570,38.48945546,27.07331095,35-09-M01950,35,CIGLI,MALTEPE,57.276,43476.55,0,0,0,0,1,0,0.0,0.0,0.0,0.0,43476.55,0.0,1,ORTA_TICARETHANE
7734603,38.49505924,27.0613992,35-09-K01876,35,CIGLI,KOYICI,5.67,15501.573,0,3,0,0,2,0,0.0,8713.141,0.0,0.0,6788.432,0.0,5,KUCUK_TICARETHANE
7734647,38.49223224,27.06383535,35-09-M03520,35,CIGLI,ATASEHIR,7.233333333333333,13539.032,0,0,0,0,3,0,0.0,0.0,0.0,0.0,13539.032,0.0,3,ORTA_TICARETHANE
7734735,38.50572619,27.04876651,35-09-K01869,35,CIGLI,KUCUK CIGLI,6.3066666666666675,7443.072,0,2,0,0,1,0,0.0,4672.154,0.0,0.0,2770.918,0.0,3,KUCUK_TICARETHANE
7735010,38.52070264,27.04645131,35-09-M00626,35,CIGLI,UGUR MUMCU,132.1,60429.76,0,0,0,0,1,0,0.0,0.0,0.0,0.0,60429.76,0.0,1,ORTA_TICARETHANE
7735032,38.49280477,27.06279531,35-09-M03520,35,CIGLI,ATASEHIR,5.0,10938.94,0,0,0,0,1,0,0.0,0.0,0.0,0.0,10938.94,0.0,1,ORTA_TICARETHANE
7735087,38.49302973,27.05678742,35-09-K04020,35,CIGLI,YENI MAHALLE,7.88,32899.72,0,3,0,0,2,0,0.0,6247.228,0.0,0.0,26652.492000000002,0.0,5,ORTA_TICARETHANE
7735978,38.4941774,26.95283016,35-09-M00257,35,CIGLI,SASALLI MERKEZ,5.0,15340.903,0,2,0,0,1,0,0.0,14615.607,0.0,0.0,725.296,0.0,3,KUCUK_TICARETHANE
7736154,38.50400799,27.04490797,35-09-K01869,35,CIGLI,BALATCIK,10.158999999999999,8679.056,0,1,0,0,3,0,0.0,2663.149,0.0,0.0,6015.906999999999,0.0,4,KUCUK_TICARETHANE
7736198,38.51676477,27.04299909,35-09-M00103,35,CIGLI,BALATCIK,15.42,4104.301,0,0,0,0,1,0,0.0,0.0,0.0,0.0,4104.301,0.0,1,ORTA_TICARETHANE
7736297,38.49212462,27.07104071,35-09-M01951,35,CIGLI,SIRINTEPE,5.0,752.116,0,1,0,0,1,0,0.0,552.704,0.0,0.0,199.412,0.0,2,KUCUK_TICARETHANE
7736308,38.49739605,27.05832477,35-09-K04282,35,CIGLI,KUCUK CIGLI,5.68,35939.18,0,0,0,0,1,0,0.0,0.0,0.0,0.0,35939.18,0.0,1,ORTA_TICARETHANE
7736319,38.51943675,27.0372205,35-09-M01091,35,CIGLI,AHMET EFENDI,25.2275,91379.81,0,0,0,0,4,0,0.0,0.0,0.0,0.0,91379.81,0.0,4,ORTA_TICARETHANE
7736528,38.51468092,27.03940394,35-09-M02091,35,CIGLI,BALATCIK,5.0,20448.46,0,0,0,0,1,0,0.0,0.0,0.0,0.0,20448.46,0.0,1,ORTA_TICARETHANE
7736550,38.51145048,27.05061168,35-09-K02771,35,CIGLI,ESENTEPE,12.24,11066.71,0,0,0,0,1,0,0.0,0.0,0.0,0.0,11066.71,0.0,1,ORTA_TICARETHANE
7736649,38.48668999,27.06337881,35-09-K02733,35,CIGLI,ATASEHIR,17.425,18990.38,0,0,0,0,2,0,0.0,0.0,0.0,0.0,18990.38,0.0,2,ORTA_TICARETHANE
7737243,38.49151514,27.07352259,35-09-K04681,35,CIGLI,MALTEPE,8.806666666666667,5003.213000000001,0,2,0,0,1,0,0.0,3485.2560000000003,0.0,0.0,1517.957,0.0,3,KUCUK_TICARETHANE
7737375,38.49379323,27.06260871,35-09-M02551,35,CIGLI,KOYICI,5.0,7228.461,0,0,0,0,2,0,0.0,0.0,0.0,0.0,7228.461,0.0,2,KUCUK_TICARETHANE
7737430,38.48725804,27.06525987,35-09-K02733,35,CIGLI,ATASEHIR,7.75090909090909,25320.727,0,7,0,0,4,0,0.0,15760.717,0.0,0.0,9560.009999999998,0.0,11,KUCUK_TICARETHANE
7737441,38.49385884,26.95288587,35-09-M00257,35,CIGLI,SASALLI MERKEZ,5.0,4501.896,0,0,0,0,1,0,0.0,0.0,0.0,0.0,4501.896,0.0,1,KUCUK_TICARETHANE
7738343,38.49465142,26.95270935,35-09-M00257,35,CIGLI,SASALLI MERKEZ,6.675,17111.206,0,0,0,0,2,0,0.0,0.0,0.0,0.0,17111.206,0.0,2,ORTA_TICARETHANE
7738563,38.49558471,27.07028607,35-09-K01873,35,CIGLI,SIRINTEPE,12.036666666666667,46589.648,0,4,0,0,2,0,0.0,5194.45,0.0,0.0,41395.198000000004,0.0,6,ORTA_TICARETHANE
7738739,38.4935559,27.06423145,35-09-M02551,35,CIGLI,KOYICI,5.0,9787.716,0,0,0,0,5,0,0.0,0.0,0.0,0.0,9787.716,0.0,5,KUCUK_TICARETHANE
7738794,38.49104952,27.07373808,35-09-K04681,35,CIGLI,MALTEPE,9.26,7268.864,0,2,0,0,1,0,0.0,5965.593,0.0,0.0,1303.271,0.0,3,KUCUK_TICARETHANE
7738903,38.5010632,27.07135112,35-09-K01480,35,CIGLI,YAKAKENT,5.0,3241.309,0,0,0,0,1,0,0.0,0.0,0.0,0.0,3241.309,0.0,1,KUCUK_TICARETHANE
7739156,38.50373888,27.05022925,35-09-K04597,35,CIGLI,KUCUK CIGLI,6.346666666666667,6308.675,0,2,0,0,1,0,0.0,4978.239,0.0,0.0,1330.436,0.0,3,KUCUK_TICARETHANE
7739244,38.49857394,27.0506221,35-09-M03090,35,CIGLI,YENI MAHALLE,9.126666666666667,5325.401,0,2,0,0,1,0,0.0,4073.083,0.0,0.0,1252.318,0.0,3,KUCUK_TICARETHANE
7739255,38.49873178,27.08125629,35-09-M01974,35,CIGLI,EVKA - 2,5.0,5938.747,0,0,0,0,1,0,0.0,0.0,0.0,0.0,5938.747,0.0,1,KUCUK_TICARETHANE
7739376,38.49719845,27.06794913,35-09-K01871,35,CIGLI,SIRINTEPE,6.266666666666667,5017.899,0,2,0,0,1,0,0.0,3844.98,0.0,0.0,1172.919,0.0,3,KUCUK_TICARETHANE
7739519,38.49617391,27.0619708,35-09-K01870,35,CIGLI,KOYICI,5.0,7837.879,0,1,0,0,1,0,0.0,7143.648,0.0,0.0,694.231,0.0,2,KUCUK_TICARETHANE
7740235,38.49705854,27.05404375,35-09-K01863,35,CIGLI,YENI MAHALLE,5.0,9154.094000000001,0,2,0,0,1,0,0.0,7707.370000000001,0.0,0.0,1446.724,0.0,3,KUCUK_TICARETHANE
7740642,38.50138164,27.0736128,35-09-K01874,35,CIGLI,YAKAKENT,5.0,2990.345,0,1,0,0,1,0,0.0,2754.924,0.0,0.0,235.421,0.0,2,KUCUK_TICARETHANE
7740785,38.49032224,27.07334641,35-09-M01950,35,CIGLI,MALTEPE,6.553999999999999,7441.3589999999995,0,2,0,0,3,0,0.0,1625.3739999999998,0.0,0.0,5815.985,0.0,5,KUCUK_TICARETHANE
7740884,38.49715827,27.08853196,35-09-M01985,35,CIGLI,AHMET TANER KISLALI,8.38,18375.62,0,0,0,0,1,0,0.0,0.0,0.0,0.0,18375.62,0.0,1,ORTA_TICARETHANE
7741214,38.50857594,26.98761753,35-09-M00256,35,CIGLI,KAKLIC,12.48,51811.081,0,0,0,0,2,0,0.0,0.0,0.0,0.0,51811.081,0.0,2,ORTA_TICARETHANE
7741225,38.49459262,27.06305311,35-09-M02551,35,CIGLI,KOYICI,5.0,5224.686,0,0,0,0,1,0,0.0,0.0,0.0,0.0,5224.686,0.0,1,KUCUK_TICARETHANE
7741522,38.49550594,27.06663194,35-09-K01870,35,CIGLI,KOYICI,5.891666666666667,34641.419,0,4,0,0,2,0,0.0,7571.099,0.0,0.0,27070.32,0.0,6,ORTA_TICARETHANE
7742269,38.49315001,27.06256763,35-09-M03520,35,CIGLI,ATASEHIR,5.064285714285715,15372.644,0,0,0,0,7,0,0.0,0.0,0.0,0.0,15372.644,0.0,7,ORTA_TICARETHANE
7742445,38.49669287,27.06353965,35-09-K01870,35,CIGLI,KOYICI,6.675,6298.623,0,1,0,0,1,0,0.0,5041.879,0.0,0.0,1256.744,0.0,2,KUCUK_TICARETHANE
7742456,38.49920767,27.07055867,35-09-K01480,35,CIGLI,GUZELTEPE,7.5,2303.572,0,1,0,0,1,0,0.0,1936.352,0.0,0.0,367.22,0.0,2,KUCUK_TICARETHANE
7742808,38.49346052,27.06369623,35-09-M02551,35,CIGLI,KOYICI,5.0,1380.576,0,0,0,0,1,0,0.0,0.0,0.0,0.0,1380.576,0.0,1,KUCUK_TICARETHANE
7742973,38.49357147,26.95108873,35-09-M00257,35,CIGLI,SASALLI MERKEZ,5.67,3347.593,0,1,0,0,1,0,0.0,3345.997,0.0,0.0,1.596,0.0,2,KUCUK_TICARETHANE
7743006,38.50029577,27.07563698,35-09-K03323,35,CIGLI,GUZELTEPE,7.883333333333333,4255.231,0,2,0,0,1,0,0.0,4253.724999999999,0.0,0.0,1.506,0.0,3,KUCUK_TICARETHANE
7743303,38.49704245,27.06195984,35-09-K01870,35,CIGLI,KOYICI,10.935,42364.182,0,0,0,0,2,0,0.0,0.0,0.0,0.0,42364.182,0.0,2,ORTA_TICARETHANE
7743358,38.49056141,27.07934528,35-09-K03320,35,CIGLI,AYDINLIKEVLER,5.0,10170.01,0,0,0,0,1,0,0.0,0.0,0.0,0.0,10170.01,0.0,1,ORTA_TICARETHANE
7743424,38.49855147,27.05229426,35-09-M03090,35,CIGLI,YENI MAHALLE,10.037777777777778,60453.643,0,6,0,0,3,0,0.0,22828.07,0.0,0.0,37625.573,0.0,9,ORTA_TICARETHANE
7743556,38.50068936,27.07323516,35-09-K01480,35,CIGLI,GUZELTEPE,6.666666666666667,5954.286,0,2,0,0,1,0,0.0,5916.621999999999,0.0,0.0,37.664,0.0,3,KUCUK_TICARETHANE
7743864,38.49436419,27.0568841,35-09-K01879,35,CIGLI,YENI MAHALLE,5.0,4093.834,0,1,0,0,1,0,0.0,2692.02,0.0,0.0,1401.814,0.0,2,KUCUK_TICARETHANE
7744084,38.50190618,27.07815176,35-09-K01874,35,CIGLI,GUZELTEPE,7.14,3476.4610000000002,0,1,0,0,1,0,0.0,1384.372,0.0,0.0,2092.089,0.0,2,KUCUK_TICARETHANE
7744139,38.49842345,26.94849218,35-09-M00360Ã–,35,CIGLI,SASALLI MERKEZ,400.0,83181.6,0,0,1,0,0,0,0.0,0.0,83181.6,0.0,0.0,0.0,1,ORTA_SANAYI
7744381,38.49360338,27.0641134,35-09-M02551,35,CIGLI,KOYICI,5.0,14555.749,0,2,0,0,4,0,0.0,9117.946,0.0,0.0,5437.803,0.0,6,KUCUK_TICARETHANE
7744414,38.49246498,27.06307549,35-09-M03520,35,CIGLI,ATASEHIR,6.07,21527.82,0,0,0,0,1,0,0.0,0.0,0.0,0.0,21527.82,0.0,1,ORTA_TICARETHANE
7744557,38.50144322,27.05451803,35-09-K01866,35,CIGLI,KUCUK CIGLI,5.0,9113.223,0,3,0,0,2,0,0.0,2716.361,0.0,0.0,6396.862,0.0,5,KUCUK_TICARETHANE
7744733,38.49477699,27.06920633,35-09-K04122,35,CIGLI,SIRINTEPE,10.433333333333332,4801.218,0,2,0,0,1,0,0.0,4475.208,0.0,0.0,326.01,0.0,3,KUCUK_TICARETHANE
7744865,38.51696736,27.04077945,35-09-M00103,35,CIGLI,BALATCIK,5.3100000000000005,1511.326,0,1,0,0,1,0,0.0,1384.884,0.0,0.0,126.442,0.0,2,KUCUK_TICARETHANE
7744953,38.50183373,27.07745307,35-09-K01874,35,CIGLI,GUZELTEPE,6.116666666666667,10160.34,0,2,0,0,1,0,0.0,5684.437,0.0,0.0,4475.903,0.0,3,KUCUK_TICARETHANE
7745283,38.49314319,27.06347672,35-09-M02551,35,CIGLI,KOYICI,5.3133333333333335,39578.301999999996,0,0,0,0,3,0,0.0,0.0,0.0,0.0,39578.301999999996,0.0,3,ORTA_TICARETHANE
7745855,38.49159231,27.06841152,35-09-M02552,35,CIGLI,SIRINTEPE,5.4,17525.4,0,0,0,0,1,0,0.0,0.0,0.0,0.0,17525.4,0.0,1,ORTA_TICARETHANE
7746009,38.50577807,27.04342159,35-09-K01869,35,CIGLI,BALATCIK,5.0,4649.562,0,1,0,0,1,0,0.0,2363.19,0.0,0.0,2286.372,0.0,2,KUCUK_TICARETHANE
7746042,38.502407,27.04607479,35-09-M02549,35,CIGLI,KUCUK CIGLI,9.1952,120733.02,0,0,0,0,25,0,0.0,0.0,0.0,0.0,120733.02,0.0,25,ORTA_TICARETHANE
7746064,38.52528253,27.04522605,35-09-M00845,35,CIGLI,UGUR MUMCU,8.392,108509.774,0,3,0,0,2,0,0.0,14291.394,0.0,0.0,94218.38,0.0,5,ORTA_TICARETHANE
7746328,38.49454857,26.95174086,35-09-M00257,35,CIGLI,SASALLI MERKEZ,5.0,17696.5,0,0,0,0,1,0,0.0,0.0,0.0,0.0,17696.5,0.0,1,ORTA_TICARETHANE
7746801,38.49241218,27.06550499,35-09-K01875,35,CIGLI,KOYICI,5.14,48850.297000000006,0,2,0,0,1,0,0.0,47153.192,0.0,0.0,1697.105,0.0,3,KUCUK_TICARETHANE
7746867,38.49313306,27.06224214,35-09-M03520,35,CIGLI,ATASEHIR,6.272666666666667,21932.695,0,0,0,0,15,0,0.0,0.0,0.0,0.0,21932.695,0.0,15,ORTA_TICARETHANE
7747087,38.49309982,27.06425214,35-09-M02551,35,CIGLI,KOYICI,5.0,5767.389999999999,0,2,0,0,3,0,0.0,2033.607,0.0,0.0,3733.783,0.0,5,KUCUK_TICARETHANE
7747197,38.49068589,27.06704555,35-09-M02552,35,CIGLI,SIRINTEPE,8.532,17525.606,0,3,0,0,2,0,0.0,4405.103,0.0,0.0,13120.502999999999,0.0,5,ORTA_TICARETHANE
7747252,38.49876351,27.06097267,35-09-K01865,35,CIGLI,KUCUK CIGLI,8.35,1142.13,0,0,0,0,1,0,0.0,0.0,0.0,0.0,1142.13,0.0,1,KUCUK_TICARETHANE
7747318,38.49119117,27.07384693,35-09-K04681,35,CIGLI,MALTEPE,6.44,6815.726000000001,0,2,0,0,1,0,0.0,6684.573,0.0,0.0,131.153,0.0,3,KUCUK_TICARETHANE
7747461,38.50313214,27.05185163,35-09-K01867,35,CIGLI,KUCUK CIGLI,7.656000000000001,29202.693,0,2,0,0,3,0,0.0,3710.226,0.0,0.0,25492.466999999997,0.0,5,ORTA_TICARETHANE
7747670,38.51129193,27.03913759,35-09-M00999,35,CIGLI,BALATCIK,7.720000000000001,58960.334,0,2,0,0,2,0,0.0,3836.764,0.0,0.0,55123.57,0.0,4,ORTA_TICARETHANE
7747758,38.49268065,27.04989163,35-09-K01862,35,CIGLI,ATASEHIR,5.13,3585.471,0,0,0,0,1,0,0.0,0.0,0.0,0.0,3585.471,0.0,1,KUCUK_TICARETHANE
7747824,38.50203224,27.07578299,35-09-K01874,35,CIGLI,YAKAKENT,5.0,8958.173,0,0,0,0,1,0,0.0,0.0,0.0,0.0,8958.173,0.0,1,KUCUK_TICARETHANE
7748000,38.49085189,27.0557564,35-09-K01880,35,CIGLI,ATASEHIR,10.253333333333332,8940.347,0,2,0,0,1,0,0.0,7873.643,0.0,0.0,1066.704,0.0,3,KUCUK_TICARETHANE
7748484,38.51075963,27.04091226,35-09-M00396,35,CIGLI,BALATCIK,7.5,2315.573,0,1,0,0,1,0,0.0,1345.559,0.0,0.0,970.014,0.0,2,KUCUK_TICARETHANE
7748517,38.50257953,27.07780466,35-09-K01874,35,CIGLI,GUZELTEPE,6.573333333333333,6472.411,0,2,0,0,1,0,0.0,5462.216,0.0,0.0,1010.195,0.0,3,KUCUK_TICARETHANE
7748572,38.49390422,27.06302005,35-09-M02551,35,CIGLI,KOYICI,5.7225,80809.751,0,1,0,0,3,0,0.0,16628.25,0.0,0.0,64181.501000000004,0.0,4,ORTA_TICARETHANE
7749386,38.50044463,27.04672475,35-09-M02547,35,CIGLI,KUCUK CIGLI,8.29125,51219.441,0,0,0,0,8,0,0.0,0.0,0.0,0.0,51219.441,0.0,8,ORTA_TICARETHANE
7749496,38.50016356,27.05519882,35-09-K01866,35,CIGLI,KUCUK CIGLI,5.0,44793.882999999994,0,1,0,0,6,0,0.0,2459.872,0.0,0.0,42334.011,0.0,7,ORTA_TICARETHANE
7749947,38.50543988,27.05040057,35-09-K04776,35,CIGLI,KUCUK CIGLI,9.61,6044.221,0,0,0,0,1,0,0.0,0.0,0.0,0.0,6044.221,0.0,1,KUCUK_TICARETHANE
7750090,38.50233896,27.04343888,35-09-M02549,35,CIGLI,KUCUK CIGLI,8.2,1294.958,0,0,0,0,1,0,0.0,0.0,0.0,0.0,1294.958,0.0,1,KUCUK_TICARETHANE
7750211,38.50900049,27.03970661,35-09-M00396,35,CIGLI,BALATCIK,8.493333333333332,6301.157999999999,0,2,0,0,1,0,0.0,4147.266,0.0,0.0,2153.892,0.0,3,KUCUK_TICARETHANE
7750453,38.49066077,27.06786259,35-09-M02552,35,CIGLI,SIRINTEPE,8.35,48811.34,0,0,0,0,1,0,0.0,0.0,0.0,0.0,48811.34,0.0,1,ORTA_TICARETHANE
7750740,38.49463961,27.06304436,35-09-M02551,35,CIGLI,KOYICI,7.233333333333333,12257.112,0,2,0,0,1,0,0.0,9245.858,0.0,0.0,3011.254,0.0,3,KUCUK_TICARETHANE
7751191,38.49155138,27.07819884,35-09-K03320,35,CIGLI,AYDINLIKEVLER,6.55,8809.554,0,0,0,0,2,0,0.0,0.0,0.0,0.0,8809.554,0.0,2,KUCUK_TICARETHANE
7751235,38.50476904,27.04978254,35-09-K04597,35,CIGLI,KUCUK CIGLI,5.0,7507.275,0,2,0,0,1,0,0.0,4422.764,0.0,0.0,3084.511,0.0,3,KUCUK_TICARETHANE
7751466,38.49474018,27.06342607,35-09-M02551,35,CIGLI,KOYICI,8.35,2893.632,0,0,0,0,1,0,0.0,0.0,0.0,0.0,2893.632,0.0,1,KUCUK_TICARETHANE
7751653,38.49337929,27.06307607,35-09-M03520,35,CIGLI,ATASEHIR,6.25,18533.143,0,0,0,0,2,0,0.0,0.0,0.0,0.0,18533.143,0.0,2,ORTA_TICARETHANE
7751939,38.50201662,27.05456321,35-09-K01866,35,CIGLI,KUCUK CIGLI,5.0,676.845,0,0,0,0,1,0,0.0,0.0,0.0,0.0,676.845,0.0,1,KUCUK_TICARETHANE
7752467,38.50852343,26.98794624,35-09-M00255,35,CIGLI,KAKLIC,37.965,42587.887,0,1,0,0,1,0,0.0,1163.087,0.0,0.0,41424.8,0.0,2,ORTA_TICARETHANE
7752632,38.51220168,27.04485766,35-09-K03266,35,CIGLI,BALATCIK,12.3875,27189.899999999998,0,0,0,0,4,0,0.0,0.0,0.0,0.0,27189.899999999998,0.0,4,ORTA_TICARETHANE
7752764,38.49342326,27.07268626,35-09-M02552,35,CIGLI,SIRINTEPE,7.766666666666666,7149.427,0,2,0,0,1,0,0.0,3442.782,0.0,0.0,3706.645,0.0,3,KUCUK_TICARETHANE
7752929,38.50742342,27.04133678,35-09-M02088,35,CIGLI,BALATCIK,5.0,9752.744999999999,0,2,0,0,1,0,0.0,5380.02,0.0,0.0,4372.725,0.0,3,KUCUK_TICARETHANE
7753350,38.49792288,27.05147073,35-09-M03090,35,CIGLI,YENI MAHALLE,5.13,4828.317999999999,0,1,0,0,1,0,0.0,1091.906,0.0,0.0,3736.412,0.0,2,KUCUK_TICARETHANE
7753518,38.49663559,27.05076082,35-09-K03322,35,CIGLI,YENI MAHALLE,5.41,24664.08,0,0,0,0,1,0,0.0,0.0,0.0,0.0,24664.08,0.0,1,ORTA_TICARETHANE
7753698,38.51220067,27.04371202,35-09-K03266,35,CIGLI,BALATCIK,130.0,286760.5,0,0,1,0,0,0,0.0,0.0,286760.5,0.0,0.0,0.0,1,ORTA_SANAYI
7753962,38.4890496,27.07090426,35-09-K01887,35,CIGLI,ATASEHIR,10.41,40456.327,0,4,0,0,10,0,0.0,6696.657999999999,0.0,0.0,33759.669,0.0,14,ORTA_TICARETHANE
7754178,38.51155389,27.06435701,35-09-M03035,35,CIGLI,IZKENT,5.0,2054.944,0,0,0,0,1,0,0.0,0.0,0.0,0.0,2054.944,0.0,1,KUCUK_TICARETHANE
7754202,38.49130711,27.06715131,35-09-M02552,35,CIGLI,SIRINTEPE,17.588,20212.63,0,0,0,0,1,0,0.0,0.0,0.0,0.0,20212.63,0.0,1,ORTA_TICARETHANE
7754262,38.50124129,27.07500958,35-09-K01874,35,CIGLI,GUZELTEPE,5.0,1301.693,0,0,0,0,1,0,0.0,0.0,0.0,0.0,1301.693,0.0,1,KUCUK_TICARETHANE
7754322,38.49017696,27.08074134,35-09-K01320,35,CIGLI,AYDINLIKEVLER,8.35,1444.123,0,0,0,0,1,0,0.0,0.0,0.0,0.0,1444.123,0.0,1,KUCUK_TICARETHANE
7754574,38.49263361,27.06314388,35-09-M03520,35,CIGLI,ATASEHIR,20.4,5894.875,0,0,0,0,1,0,0.0,0.0,0.0,0.0,5894.875,0.0,1,ORTA_TICARETHANE
7754610,38.49706456,27.06699684,35-09-K01870,35,CIGLI,KOYICI,5.678333333333334,30725.781,0,3,0,0,3,0,0.0,1368.975,0.0,0.0,29356.805999999997,0.0,6,ORTA_TICARETHANE
7754658,38.49489412,27.07030541,35-09-K01873,35,CIGLI,SIRINTEPE,5.46,3912.766,0,3,0,0,2,0,0.0,3635.745,0.0,0.0,277.021,0.0,5,KUCUK_TICARETHANE
7754670,38.49321635,27.07315656,35-09-M01981,35,CIGLI,SIRINTEPE,6.205,8932.384,0,2,0,0,2,0,0.0,6556.084,0.0,0.0,2376.3,0.0,4,KUCUK_TICARETHANE
7754934,38.49737232,27.08586931,35-09-M01985,35,CIGLI,EVKA - 2,5.0,3931.685,0,0,0,0,1,0,0.0,0.0,0.0,0.0,3931.685,0.0,1,KUCUK_TICARETHANE
7755270,38.49173694,27.07049278,35-09-M01951,35,CIGLI,SIRINTEPE,6.675,5902.384,0,1,0,0,1,0,0.0,2030.207,0.0,0.0,3872.177,0.0,2,KUCUK_TICARETHANE
7755282,38.49803616,27.06539351,35-09-K04307,35,CIGLI,KOYICI,6.75,7066.9400000000005,0,2,0,0,2,0,0.0,2698.7490000000003,0.0,0.0,4368.191,0.0,4,KUCUK_TICARETHANE
7755486,38.49623817,27.07182341,35-09-K01873,35,CIGLI,SIRINTEPE,6.446666666666666,4026.666,0,2,0,0,1,0,0.0,2984.364,0.0,0.0,1042.302,0.0,3,KUCUK_TICARETHANE
7755534,38.49632222,27.06539729,35-09-K01870,35,CIGLI,KOYICI,5.0,3762.352,0,0,0,0,1,0,0.0,0.0,0.0,0.0,3762.352,0.0,1,KUCUK_TICARETHANE
7755630,38.48816015,27.07190775,35-09-K01887,35,CIGLI,ATASEHIR,5.0,9931.880000000001,0,2,0,0,1,0,0.0,4372.554,0.0,0.0,5559.326,0.0,3,KUCUK_TICARETHANE
7755726,38.50354232,27.04994865,35-09-K04597,35,CIGLI,KUCUK CIGLI,8.34,3429.735,0,2,0,0,1,0,0.0,3428.867,0.0,0.0,0.868,0.0,3,KUCUK_TICARETHANE
7755786,38.48880843,27.07571107,35-09-M01950,35,CIGLI,MALTEPE,6.55,17570.0,0,0,0,0,1,0,0.0,0.0,0.0,0.0,17570.0,0.0,1,ORTA_TICARETHANE
7756374,38.49453038,27.05682247,35-09-K01879,35,CIGLI,YENI MAHALLE,9.285,36561.188,0,1,0,0,1,0,0.0,447.978,0.0,0.0,36113.21,0.0,2,ORTA_TICARETHANE
7756398,38.49091311,27.07547342,35-09-K03705,35,CIGLI,MALTEPE,5.0,9317.752,0,2,0,0,1,0,0.0,4960.8279999999995,0.0,0.0,4356.924,0.0,3,KUCUK_TICARETHANE
7756542,38.50258999,27.07758645,35-09-K01874,35,CIGLI,GUZELTEPE,5.1,4933.36,0,2,0,0,2,0,0.0,3615.496,0.0,0.0,1317.864,0.0,4,KUCUK_TICARETHANE
7756722,38.52621692,27.04798772,35-09-M00646,35,CIGLI,UGUR MUMCU,6.533333333333334,4700.2880000000005,0,2,0,0,1,0,0.0,3176.107,0.0,0.0,1524.181,0.0,3,KUCUK_TICARETHANE
7756890,38.49534531,27.07061327,35-09-K01873,35,CIGLI,SIRINTEPE,5.0,5806.794,0,0,0,0,1,0,0.0,0.0,0.0,0.0,5806.794,0.0,1,KUCUK_TICARETHANE
7757274,38.49549298,27.060775,35-09-K01876,35,CIGLI,KOYICI,5.0,1361.768,0,0,0,0,1,0,0.0,0.0,0.0,0.0,1361.768,0.0,1,KUCUK_TICARETHANE
7757681,38.49814737,27.0573235,35-09-K04282,35,CIGLI,KUCUK CIGLI,15.59,42379.865,0,0,0,0,2,0,0.0,0.0,0.0,0.0,42379.865,0.0,2,ORTA_TICARETHANE
7757729,38.49097516,27.07434602,35-09-K03705,35,CIGLI,MALTEPE,8.72,7383.876,0,3,0,0,2,0,0.0,3818.5389999999998,0.0,0.0,3565.3370000000004,0.0,5,KUCUK_TICARETHANE
7757861,38.49423582,26.95192106,35-09-M00257,35,CIGLI,SASALLI MERKEZ,6.908,18426.794,0,1,0,0,1,0,0.0,3906.384,0.0,0.0,14520.41,0.0,2,ORTA_TICARETHANE
7758317,38.48109991,27.05474023,35-09-K02537,35,CIGLI,ATASEHIR,5.43,9786.421,0,0,0,0,2,0,0.0,0.0,0.0,0.0,9786.421,0.0,2,KUCUK_TICARETHANE
7758413,38.49561917,27.05352034,35-09-K01879,35,CIGLI,YENI MAHALLE,5.0,5190.608,0,1,0,0,2,0,0.0,1270.978,0.0,0.0,3919.63,0.0,3,KUCUK_TICARETHANE
7758953,38.50415574,27.05834226,35-09-K01936,35,CIGLI,CAGDAS,8.35,1383.203,0,0,0,0,1,0,0.0,0.0,0.0,0.0,1383.203,0.0,1,KUCUK_TICARETHANE
7759265,38.49446281,27.07283771,35-09-K04123,35,CIGLI,SIRINTEPE,5.0,12629.69,0,0,0,0,1,0,0.0,0.0,0.0,0.0,12629.69,0.0,1,ORTA_TICARETHANE
7759422,38.50833904,27.06482574,35-09-M03034,35,CIGLI,IZKENT,23.09,5652.755,0,0,0,0,1,0,0.0,0.0,0.0,0.0,5652.755,0.0,1,ORTA_TICARETHANE
7759458,38.48811058,27.07173458,35-09-K01887,35,CIGLI,ATASEHIR,11.0,11055.718,0,3,0,0,2,0,0.0,4730.2,0.0,0.0,6325.518,0.0,5,KUCUK_TICARETHANE
7759601,38.50372922,27.07934591,35-09-M01975,35,CIGLI,GUZELTEPE,5.0,16818.2,0,0,0,0,1,0,0.0,0.0,0.0,0.0,16818.2,0.0,1,ORTA_TICARETHANE
7760105,38.49056637,27.06786406,35-09-M02552,35,CIGLI,SIRINTEPE,7.751428571428571,27852.619,0,3,0,0,4,0,0.0,3392.261,0.0,0.0,24460.358,0.0,7,ORTA_TICARETHANE
7760237,38.4964701,27.06066536,35-09-K01876,35,CIGLI,KOYICI,5.25,25387.18,0,0,0,0,1,0,0.0,0.0,0.0,0.0,25387.18,0.0,1,ORTA_TICARETHANE
7760513,38.4914164,27.07261444,35-09-K04681,35,CIGLI,MALTEPE,6.766666666666667,6581.767,0,2,0,0,1,0,0.0,5349.592,0.0,0.0,1232.175,0.0,3,KUCUK_TICARETHANE
7760525,38.49296056,27.06485796,35-09-K01875,35,CIGLI,KOYICI,8.81,10912.439,0,1,0,0,2,0,0.0,6473.712,0.0,0.0,4438.727,0.0,3,KUCUK_TICARETHANE
7760909,38.49326994,27.06514078,35-09-K01875,35,CIGLI,KOYICI,5.833333333333333,27822.395099999998,0,4,0,0,2,0,0.0,7011.2531,0.0,0.0,20811.142,0.0,6,ORTA_TICARETHANE
7761329,38.50133295,27.04667376,35-09-K01859,35,CIGLI,KUCUK CIGLI,7.191428571428571,95083.795,0,0,0,0,35,0,0.0,0.0,0.0,0.0,95083.795,0.0,35,ORTA_TICARETHANE
7761425,38.52412928,27.04323209,35-09-M00627,35,CIGLI,UGUR MUMCU,6.425,6269.359,0,4,0,0,2,0,0.0,6028.728999999999,0.0,0.0,240.63,0.0,6,KUCUK_TICARETHANE
7761701,38.50417472,27.05092625,35-09-K04597,35,CIGLI,KUCUK CIGLI,5.166666666666667,6310.983,0,2,0,0,1,0,0.0,5700.932000000001,0.0,0.0,610.051,0.0,3,KUCUK_TICARETHANE
7762097,38.49845189,27.05595277,35-09-K03706,35,CIGLI,KUCUK CIGLI,5.1,938.692,0,0,0,0,1,0,0.0,0.0,0.0,0.0,938.692,0.0,1,KUCUK_TICARETHANE
7762289,38.49353088,27.0678185,35-09-K04122,35,CIGLI,SIRINTEPE,5.0,1013.049,0,0,0,0,1,0,0.0,0.0,0.0,0.0,1013.049,0.0,1,KUCUK_TICARETHANE
7762613,38.49811341,27.05063764,35-09-K03322,35,CIGLI,YENI MAHALLE,8.813333333333333,10777.507,0,1,0,0,2,0,0.0,1818.379,0.0,0.0,8959.128,0.0,3,KUCUK_TICARETHANE
7762853,38.49329544,27.06375102,35-09-M02551,35,CIGLI,KOYICI,5.0,1597.086,0,2,0,0,1,0,0.0,1518.338,0.0,0.0,78.748,0.0,3,KUCUK_TICARETHANE
7762949,38.49969301,26.94386462,35-09-M00361,35,CIGLI,SASALLI MERKEZ,382.44866666666667,929211.2,0,0,1,0,2,0,0.0,0.0,176710.1,0.0,752501.1,0.0,3,ORTA_SANAYI
7762973,38.49801083,26.94832653,35-09-M00894Ã–,35,CIGLI,SASALLI MERKEZ,160.0,56013.3,0,0,0,0,1,0,0.0,0.0,0.0,0.0,56013.3,0.0,1,ORTA_TICARETHANE
7763285,38.50262663,27.0766758,35-09-K01874,35,CIGLI,YAKAKENT,11.64,3176.513,0,0,0,0,1,0,0.0,0.0,0.0,0.0,3176.513,0.0,1,KUCUK_TICARETHANE
7763585,38.49620806,27.07113251,35-09-K01873,35,CIGLI,SIRINTEPE,5.0,913.566,0,0,0,0,1,0,0.0,0.0,0.0,0.0,913.566,0.0,1,KUCUK_TICARETHANE
7763861,38.49426315,27.07248678,35-09-K04123,35,CIGLI,SIRINTEPE,6.7379999999999995,59317.21800000001,0,3,0,0,2,0,0.0,9789.148000000001,0.0,0.0,49528.07000000001,0.0,5,ORTA_TICARETHANE
7764053,38.49557197,27.06992874,35-09-K04122,35,CIGLI,SIRINTEPE,5.0,12690.199999999999,0,2,0,0,1,0,0.0,5034.58,0.0,0.0,7655.62,0.0,3,KUCUK_TICARETHANE
7764113,38.49358433,27.06255052,35-09-M03520,35,CIGLI,ATASEHIR,8.35,13218.73,0,0,0,0,1,0,0.0,0.0,0.0,0.0,13218.73,0.0,1,ORTA_TICARETHANE
7764269,38.49312492,27.06049289,35-09-K04438,35,CIGLI,ATASEHIR,75.0,412148.91,0,0,0,0,2,0,0.0,0.0,0.0,0.0,412148.91,0.0,2,ORTA_TICARETHANE
7764437,38.51771625,27.04038505,35-09-M00103,35,CIGLI,BALATCIK,5.0,9281.153,0,0,0,0,1,0,0.0,0.0,0.0,0.0,9281.153,0.0,1,KUCUK_TICARETHANE
7764509,38.49585232,27.06457489,35-09-K01870,35,CIGLI,KOYICI,5.0,1326.1960000000001,0,1,0,0,1,0,0.0,1319.862,0.0,0.0,6.334,0.0,2,KUCUK_TICARETHANE
7764725,38.49081108,27.07980005,35-09-K03320,35,CIGLI,AYDINLIKEVLER,5.0,9408.705,0,1,0,0,1,0,0.0,3074.161,0.0,0.0,6334.544,0.0,2,KUCUK_TICARETHANE
7764773,38.49169603,27.06648362,35-09-K04221,35,CIGLI,SIRINTEPE,20.438,98590.419,0,1,0,0,4,0,0.0,741.95,0.0,0.0,97848.469,0.0,5,ORTA_TICARETHANE
7764881,38.49631524,26.94356191,35-09-M00540,35,CIGLI,SASALLI MERKEZ,8.35,71.087,0,0,0,0,1,0,0.0,0.0,0.0,0.0,71.087,0.0,1,KUCUK_TICARETHANE
7765385,38.50846039,26.98763305,35-09-M00255,35,CIGLI,KAKLIC,5.0,13510.8,0,0,0,0,1,0,0.0,0.0,0.0,0.0,13510.8,0.0,1,ORTA_TICARETHANE
7765397,38.49401397,27.0581451,35-09-K04020,35,CIGLI,YENI MAHALLE,5.0,5730.008,0,2,0,0,1,0,0.0,5646.423,0.0,0.0,83.585,0.0,3,KUCUK_TICARETHANE
7765409,38.49339326,27.06979499,35-09-K04123,35,CIGLI,SIRINTEPE,8.293333333333333,5857.557,0,1,0,0,2,0,0.0,4151.76,0.0,0.0,1705.797,0.0,3,KUCUK_TICARETHANE
7765601,38.50300824,27.04824172,35-09-M02465,35,CIGLI,KUCUK CIGLI,12.2285,142324.575,0,0,0,0,20,0,0.0,0.0,0.0,0.0,142324.575,0.0,20,ORTA_TICARETHANE
7765661,38.50880147,27.04435387,35-09-M02390,35,CIGLI,BALATCIK,5.0,6774.887,0,0,0,0,1,0,0.0,0.0,0.0,0.0,6774.887,0.0,1,KUCUK_TICARETHANE
7765721,38.49316203,27.05792057,35-09-K01878,35,CIGLI,YENI MAHALLE,111.5,3469.68,0,0,0,0,1,0,0.0,0.0,0.0,0.0,3469.68,0.0,1,ORTA_TICARETHANE
7766117,38.50212707,27.07579981,35-09-K01874,35,CIGLI,GUZELTEPE,8.863333333333333,27674.23,0,4,0,0,2,0,0.0,9907.217,0.0,0.0,17767.013,0.0,6,ORTA_TICARETHANE
7766165,38.49694651,27.04993106,35-09-K03322,35,CIGLI,YENI MAHALLE,7.039999999999999,14093.939,0,2,0,0,1,0,0.0,13478.961,0.0,0.0,614.978,0.0,3,KUCUK_TICARETHANE
7766237,38.49800021,27.06845053,35-09-K01871,35,CIGLI,GUZELTEPE,5.0,2118.735,0,0,0,0,1,0,0.0,0.0,0.0,0.0,2118.735,0.0,1,KUCUK_TICARETHANE
7766417,38.52422543,27.04817871,35-09-M00646,35,CIGLI,UGUR MUMCU,6.720000000000001,13949.792,0,3,0,0,2,0,0.0,4781.32,0.0,0.0,9168.472,0.0,5,KUCUK_TICARETHANE
7766513,38.49696656,27.07137056,35-09-K01873,35,CIGLI,SIRINTEPE,5.0,1214.022,0,0,0,0,1,0,0.0,0.0,0.0,0.0,1214.022,0.0,1,KUCUK_TICARETHANE
7766897,38.49692099,27.06655813,35-09-K01870,35,CIGLI,KOYICI,5.0,15103.842,0,0,0,0,2,0,0.0,0.0,0.0,0.0,15103.842,0.0,2,ORTA_TICARETHANE
7767245,38.49290287,26.95275302,35-09-M00258,35,CIGLI,SASALLI MERKEZ,9.74,6522.952,0,2,0,0,1,0,0.0,5936.851000000001,0.0,0.0,586.101,0.0,3,KUCUK_TICARETHANE
7768157,38.49950487,27.08679868,35-09-M01985,35,CIGLI,EVKA - 2,9.115,95620.295,0,2,0,0,2,0,0.0,13585.725,0.0,0.0,82034.57,0.0,4,ORTA_TICARETHANE
7768241,38.50803442,26.98755291,35-09-M00255,35,CIGLI,KAKLIC,5.0,6948.541,0,0,0,0,1,0,0.0,0.0,0.0,0.0,6948.541,0.0,1,KUCUK_TICARETHANE
7768265,38.48596065,27.0655474,35-09-K02899,35,CIGLI,ATASEHIR,6.116666666666667,18806.457,0,2,0,0,1,0,0.0,7497.157,0.0,0.0,11309.3,0.0,3,ORTA_TICARETHANE
7768409,38.50380567,27.05027487,35-09-K04597,35,CIGLI,KUCUK CIGLI,9.716666666666667,4891.15,0,2,0,0,1,0,0.0,4249.979,0.0,0.0,641.171,0.0,3,KUCUK_TICARETHANE
7768457,38.49307619,27.05685964,35-09-K01878,35,CIGLI,ATASEHIR,8.35,4088.438,0,0,0,0,2,0,0.0,0.0,0.0,0.0,4088.438,0.0,2,KUCUK_TICARETHANE
7768481,38.50715936,27.05012065,35-09-M01992,35,CIGLI,ESENTEPE,10.806666666666667,4380.572,0,2,0,0,1,0,0.0,4063.451,0.0,0.0,317.121,0.0,3,KUCUK_TICARETHANE
7768625,38.49379045,27.05973557,35-09-K04020,35,CIGLI,YENI MAHALLE,8.35,1291.037,0,0,0,0,1,0,0.0,0.0,0.0,0.0,1291.037,0.0,1,KUCUK_TICARETHANE
7768949,38.49524586,27.06144811,35-09-K01876,35,CIGLI,KOYICI,7.002,9722.274,0,2,0,0,3,0,0.0,6131.726000000001,0.0,0.0,3590.5480000000002,0.0,5,KUCUK_TICARETHANE
7769165,38.50413802,27.06902186,35-09-K01480,35,CIGLI,YAKAKENT,8.7625,34440.34,0,1,0,0,3,0,0.0,129.854,0.0,0.0,34310.486000000004,0.0,4,ORTA_TICARETHANE
7769537,38.50199078,27.04349034,35-09-M02549,35,CIGLI,KUCUK CIGLI,11.952000000000002,27816.921000000002,0,0,0,0,5,0,0.0,0.0,0.0,0.0,27816.921000000002,0.0,5,ORTA_TICARETHANE
7769657,38.49119478,27.06114402,35-09-K02730,35,CIGLI,ATASEHIR,6.366666666666667,11179.528,0,1,0,0,2,0,0.0,2246.483,0.0,0.0,8933.045,0.0,3,KUCUK_TICARETHANE
7769909,38.48811006,27.07351041,35-09-K01887,35,CIGLI,ATASEHIR,6.116666666666667,109834.296,0,0,0,0,3,0,0.0,0.0,0.0,0.0,109834.296,0.0,3,ORTA_TICARETHANE
7771061,38.49461431,27.07296787,35-09-K04123,35,CIGLI,SIRINTEPE,5.28,5952.137,0,0,0,0,1,0,0.0,0.0,0.0,0.0,5952.137,0.0,1,KUCUK_TICARETHANE
7771109,38.49299258,27.07268278,35-09-M01981,35,CIGLI,MALTEPE,5.954166666666667,37509.651,0,7,0,0,5,0,0.0,17779.631999999998,0.0,0.0,19730.019,0.0,12,ORTA_TICARETHANE
7771205,38.49342164,27.06228971,35-09-M03520,35,CIGLI,ATASEHIR,6.675,16249.522,0,0,0,0,2,0,0.0,0.0,0.0,0.0,16249.522,0.0,2,ORTA_TICARETHANE
7771289,38.50781386,26.9876318,35-09-M00255,35,CIGLI,KAKLIC,5.0,13538.71,0,0,0,0,1,0,0.0,0.0,0.0,0.0,13538.71,0.0,1,ORTA_TICARETHANE
7771589,38.50156202,27.05392158,35-09-K01866,35,CIGLI,KUCUK CIGLI,7.05,1679.251,0,1,0,0,1,0,0.0,1676.75,0.0,0.0,2.501,0.0,2,KUCUK_TICARETHANE
7771601,38.50157707,27.07650906,35-09-K01874,35,CIGLI,GUZELTEPE,8.35,2296.647,0,0,0,0,1,0,0.0,0.0,0.0,0.0,2296.647,0.0,1,KUCUK_TICARETHANE
7771853,38.50475871,27.0589838,35-09-K04046,35,CIGLI,CAGDAS,22.84,35846.2,0,0,0,0,1,0,0.0,0.0,0.0,0.0,35846.2,0.0,1,ORTA_TICARETHANE
7771865,38.50501104,27.04723463,35-09-K01869,35,CIGLI,BALATCIK,5.27,10124.42,0,1,0,0,2,0,0.0,3276.739,0.0,0.0,6847.6810000000005,0.0,3,KUCUK_TICARETHANE
7771937,38.49888236,27.05683563,35-09-K04282,35,CIGLI,KUCUK CIGLI,5.406666666666666,23012.2,0,2,0,0,1,0,0.0,3156.24,0.0,0.0,19855.96,0.0,3,ORTA_TICARETHANE
7771985,38.48908756,27.07583629,35-09-M01608,35,CIGLI,MALTEPE,5.0,4419.497,0,1,0,0,1,0,0.0,1950.559,0.0,0.0,2468.938,0.0,2,KUCUK_TICARETHANE
7772033,38.4929254,27.06306826,35-09-M03520,35,CIGLI,ATASEHIR,11.666666666666666,44737.463,0,0,0,0,3,0,0.0,0.0,0.0,0.0,44737.463,0.0,3,ORTA_TICARETHANE
7772945,38.49810064,27.04959245,35-09-M02464,35,CIGLI,YENI MAHALLE,6.958333333333333,41981.026,0,4,0,0,2,0,0.0,32787.187,0.0,0.0,9193.839,0.0,6,KUCUK_TICARETHANE
7773041,38.49258391,27.06296725,35-09-M03520,35,CIGLI,ATASEHIR,5.0,16931.255,0,0,0,0,3,0,0.0,0.0,0.0,0.0,16931.255,0.0,3,ORTA_TICARETHANE
7773089,38.49345692,27.06015816,35-09-K04020,35,CIGLI,YENI MAHALLE,6.672142857142857,44284.049,0,9,0,0,5,0,0.0,20964.175,0.0,0.0,23319.874,0.0,14,ORTA_TICARETHANE
7773125,38.50232305,27.07711494,35-09-K01874,35,CIGLI,GUZELTEPE,6.673333333333333,18994.441,0,2,0,0,1,0,0.0,3406.861,0.0,0.0,15587.58,0.0,3,ORTA_TICARETHANE
7773257,38.50311665,27.05126105,35-09-K04597,35,CIGLI,KUCUK CIGLI,5.0,9612.030999999999,0,2,0,0,1,0,0.0,6474.896,0.0,0.0,3137.135,0.0,3,KUCUK_TICARETHANE
7773401,38.52359123,27.04702865,35-09-M01732,35,CIGLI,UGUR MUMCU,6.675,4148.8060000000005,0,1,0,0,1,0,0.0,951.424,0.0,0.0,3197.382,0.0,2,KUCUK_TICARETHANE
7774674,38.49236092,27.07158349,35-09-M01951,35,CIGLI,SIRINTEPE,5.0,10638.422,0,1,0,0,2,0,0.0,3385.638,0.0,0.0,7252.784000000001,0.0,3,KUCUK_TICARETHANE
7775298,38.49224849,27.06052273,35-09-K02730,35,CIGLI,ATASEHIR,5.0,1811.679,0,0,0,0,1,0,0.0,0.0,0.0,0.0,1811.679,0.0,1,KUCUK_TICARETHANE
7775670,38.51345386,27.04724268,35-09-K04165,35,CIGLI,BALATCIK,11.213333333333333,7727.842,0,2,0,0,1,0,0.0,5871.731,0.0,0.0,1856.111,0.0,3,KUCUK_TICARETHANE
7775910,38.49123719,27.06658263,35-09-M02552,35,CIGLI,SIRINTEPE,10.200909090909091,65589.575,0,1,0,0,10,0,0.0,2662.077,0.0,0.0,62927.49800000001,0.0,11,ORTA_TICARETHANE
7776066,38.50358369,27.05166248,35-09-K01867,35,CIGLI,KUCUK CIGLI,5.403555555555555,17105.064,0,0,0,0,9,0,0.0,0.0,0.0,0.0,17105.064,0.0,9,ORTA_TICARETHANE
7776570,38.49448687,26.95470186,35-09-M00257,35,CIGLI,SASALLI MERKEZ,13.86,1791.745,0,0,0,0,1,0,0.0,0.0,0.0,0.0,1791.745,0.0,1,KUCUK_TICARETHANE
7776942,38.49363843,27.06075584,35-09-M03520,35,CIGLI,ATASEHIR,7.233333333333333,45225.043,0,1,0,0,2,0,0.0,6422.626,0.0,0.0,38802.417,0.0,3,ORTA_TICARETHANE
7777050,38.49876757,27.0538345,35-09-K04314,35,CIGLI,KUCUK CIGLI,18.4,5851.886,0,0,0,0,1,0,0.0,0.0,0.0,0.0,5851.886,0.0,1,ORTA_TICARETHANE
7777098,38.51039286,27.04600099,35-09-K03266,35,CIGLI,BALATCIK,7.551428571428572,15081.661,0,4,0,0,3,0,0.0,9455.257,0.0,0.0,5626.4039999999995,0.0,7,KUCUK_TICARETHANE
7777530,38.49328,27.0507339,35-09-K01862,35,CIGLI,ATASEHIR,8.35,1626.904,0,0,0,0,1,0,0.0,0.0,0.0,0.0,1626.904,0.0,1,KUCUK_TICARETHANE
7777782,38.4935069,27.06183057,35-09-M03520,35,CIGLI,ATASEHIR,6.322142857142857,31608.865,0,1,0,0,13,0,0.0,2628.188,0.0,0.0,28980.677,0.0,14,ORTA_TICARETHANE
7777950,38.4955287,27.05440335,35-09-K01879,35,CIGLI,YENI MAHALLE,5.0,3990.4880000000003,0,2,0,0,1,0,0.0,3327.342,0.0,0.0,663.146,0.0,3,KUCUK_TICARETHANE
7778274,38.49868456,27.07588431,35-09-K03323,35,CIGLI,GUZELTEPE,8.21,2836.7000000000003,0,1,0,0,1,0,0.0,2073.503,0.0,0.0,763.197,0.0,2,KUCUK_TICARETHANE
7779714,38.51844862,27.04007154,35-09-M00103,35,CIGLI,BALATCIK,8.35,3563.463,0,0,0,0,1,0,0.0,0.0,0.0,0.0,3563.463,0.0,1,KUCUK_TICARETHANE
7779726,38.51844421,27.03911499,35-09-M00400,35,CIGLI,BALATCIK,9.879999999999999,44201.34,0,4,0,0,4,0,0.0,7710.433999999999,0.0,0.0,36490.906,0.0,8,ORTA_TICARETHANE
7779834,38.49769328,27.0754794,35-09-K03319,35,CIGLI,GUZELTEPE,6.226666666666667,14421.837,0,2,0,0,1,0,0.0,13829.027,0.0,0.0,592.81,0.0,3,KUCUK_TICARETHANE
7780255,38.49850369,27.05010876,35-09-M02464,35,CIGLI,YENI MAHALLE,9.77,26637.084,0,4,0,0,3,0,0.0,10205.259,0.0,0.0,16431.825,0.0,7,ORTA_TICARETHANE
7780687,38.49309272,27.05763465,35-09-K01878,35,CIGLI,YENI MAHALLE,8.35,2690.151,0,0,0,0,1,0,0.0,0.0,0.0,0.0,2690.151,0.0,1,KUCUK_TICARETHANE
7780735,38.49942692,27.0449097,35-09-M02547,35,CIGLI,KUCUK CIGLI,122.31,27927.88,0,0,0,0,1,0,0.0,0.0,0.0,0.0,27927.88,0.0,1,ORTA_TICARETHANE
7781515,38.4935663,26.95155185,35-09-M00257,35,CIGLI,SASALLI MERKEZ,10.323333333333332,6479.057,0,2,0,0,1,0,0.0,4571.438,0.0,0.0,1907.619,0.0,3,KUCUK_TICARETHANE
7782127,38.5096594,27.03807094,35-09-M00396,35,CIGLI,BALATCIK,9.355,16210.528,0,5,0,0,3,0,0.0,6252.718000000001,0.0,0.0,9957.81,0.0,8,KUCUK_TICARETHANE
7782354,38.51556594,27.06538188,35-09-K04478,35,CIGLI,IZKENT,6.33,8363.992,0,0,0,0,1,0,0.0,0.0,0.0,0.0,8363.992,0.0,1,KUCUK_TICARETHANE
7782726,38.50136713,27.07378002,35-09-K01874,35,CIGLI,GUZELTEPE,8.23,11335.356,0,2,0,0,2,0,0.0,5059.311,0.0,0.0,6276.045,0.0,4,KUCUK_TICARETHANE
7783002,38.50388493,27.05070881,35-09-K04597,35,CIGLI,KUCUK CIGLI,5.0,1388.723,0,0,0,0,1,0,0.0,0.0,0.0,0.0,1388.723,0.0,1,KUCUK_TICARETHANE
7783242,38.4948562,27.06345783,35-09-M02551,35,CIGLI,KOYICI,5.0,3361.402,0,1,0,0,1,0,0.0,1842.806,0.0,0.0,1518.596,0.0,2,KUCUK_TICARETHANE
7783446,38.50167233,27.04372863,35-09-M02549,35,CIGLI,KUCUK CIGLI,41.5475,356140.259,0,0,1,0,3,0,0.0,0.0,340681.0,0.0,15459.259,0.0,4,ORTA_SANAYI
7784512,38.4920286,27.080096,35-09-K03320,35,CIGLI,AYDINLIKEVLER,27.37,3872.106,0,0,0,0,1,0,0.0,0.0,0.0,0.0,3872.106,0.0,1,ORTA_TICARETHANE
7784524,38.49106239,27.07869519,35-09-K03320,35,CIGLI,AYDINLIKEVLER,20.07,25038.91,0,0,0,0,1,0,0.0,0.0,0.0,0.0,25038.91,0.0,1,ORTA_TICARETHANE
7784656,38.4920771,27.0714107,35-09-M01951,35,CIGLI,MALTEPE,5.0,15263.315,0,3,0,0,4,0,0.0,7613.632,0.0,0.0,7649.683000000001,0.0,7,KUCUK_TICARETHANE
7784716,38.50229612,27.0771812,35-09-K01874,35,CIGLI,GUZELTEPE,6.0,38230.024000000005,0,5,0,0,3,0,0.0,12767.912,0.0,0.0,25462.112,0.0,8,ORTA_TICARETHANE
7785316,38.4936505,27.06817494,35-09-K04122,35,CIGLI,SIRINTEPE,8.6,2775.37,0,2,0,0,1,0,0.0,2597.6690000000003,0.0,0.0,177.701,0.0,3,KUCUK_TICARETHANE
7785724,38.4873557,27.05116045,35-09-K02817,35,CIGLI,ATASEHIR,37.0,33358.52,0,0,0,0,1,0,0.0,0.0,0.0,0.0,33358.52,0.0,1,ORTA_TICARETHANE
7785880,38.48812463,27.07531592,35-09-M01950,35,CIGLI,MALTEPE,5.0,3350.49,0,0,0,0,1,0,0.0,0.0,0.0,0.0,3350.49,0.0,1,KUCUK_TICARETHANE
7786192,38.49251502,27.06303232,35-09-M03520,35,CIGLI,ATASEHIR,5.0,8051.465,0,0,0,0,3,0,0.0,0.0,0.0,0.0,8051.465,0.0,3,KUCUK_TICARETHANE
7786240,38.49463016,26.95145806,35-09-M00257,35,CIGLI,SASALLI MERKEZ,5.0,12305.279999999999,0,2,0,0,1,0,0.0,6952.616,0.0,0.0,5352.664,0.0,3,KUCUK_TICARETHANE
7786252,38.49472596,26.95195125,35-09-M00257,35,CIGLI,SASALLI MERKEZ,6.7299999999999995,12686.661,0,2,0,0,3,0,0.0,9271.126,0.0,0.0,3415.535,0.0,5,KUCUK_TICARETHANE
7786504,38.49074996,27.07925846,35-09-K03320,35,CIGLI,AYDINLIKEVLER,10.293333333333335,6906.121,0,0,0,0,3,0,0.0,0.0,0.0,0.0,6906.121,0.0,3,KUCUK_TICARETHANE
7786528,38.5003261,27.07531649,35-09-K03323,35,CIGLI,GUZELTEPE,9.16,3182.7200000000003,0,1,0,0,1,0,0.0,2601.219,0.0,0.0,581.501,0.0,2,KUCUK_TICARETHANE
7786660,38.49751494,27.06765943,35-09-K01871,35,CIGLI,KOYICI,5.0,948.36,0,0,0,0,1,0,0.0,0.0,0.0,0.0,948.36,0.0,1,KUCUK_TICARETHANE
7787176,38.47614746,27.08536204,35-04-M01585,35,KARSIYAKA,YALI,99.497,82844.45,0,0,0,0,2,0,0.0,0.0,0.0,0.0,82844.45,0.0,2,ORTA_TICARETHANE
7787428,38.496848,27.08567173,35-09-M01984,35,CIGLI,AHMET TANER KISLALI,5.0,549.982,0,0,0,0,1,0,0.0,0.0,0.0,0.0,549.982,0.0,1,KUCUK_TICARETHANE
7787536,38.49700988,27.0609934,,35,CIGLI,KUCUK CIGLI,5.13,31631.946,0,3,0,0,2,0,0.0,7095.756,0.0,0.0,24536.19,0.0,5,ORTA_TICARETHANE
7787644,38.49149132,27.05622404,35-09-K01880,35,CIGLI,ATASEHIR,5.0,6066.87,0,1,0,0,1,0,0.0,4015.124,0.0,0.0,2051.746,0.0,2,KUCUK_TICARETHANE
7787824,38.48954729,27.06519502,35-09-M02083,35,CIGLI,ATASEHIR,11.49,13031.126,0,4,0,0,2,0,0.0,4946.356,0.0,0.0,8084.77,0.0,6,KUCUK_TICARETHANE
7788376,38.52420563,27.04496288,35-09-M00845,35,CIGLI,UGUR MUMCU,8.35,1447.975,0,0,0,0,1,0,0.0,0.0,0.0,0.0,1447.975,0.0,1,KUCUK_TICARETHANE
7788388,38.4913437,27.07014556,35-09-M01951,35,CIGLI,MALTEPE,8.35,1034.733,0,0,0,0,1,0,0.0,0.0,0.0,0.0,1034.733,0.0,1,KUCUK_TICARETHANE
7788472,38.49818591,27.06228988,,35,CIGLI,KUCUK CIGLI,5.04,7331.631,0,0,0,0,2,0,0.0,0.0,0.0,0.0,7331.631,0.0,2,KUCUK_TICARETHANE
7788868,38.50409999,26.98902792,35-09-M00254,35,CIGLI,KAKLIC,6.9,9804.623,0,0,0,0,1,0,0.0,0.0,0.0,0.0,9804.623,0.0,1,KUCUK_TICARETHANE
7788940,38.5175918,27.05574903,35-09-K02764,35,CIGLI,EVKA-5,9.796472727272729,686871.206,0,0,0,0,55,0,0.0,0.0,0.0,0.0,686871.206,0.0,55,ORTA_TICARETHANE
7788988,38.49866625,27.07279873,35-09-K03319,35,CIGLI,GUZELTEPE,5.0,4739.025,0,1,0,0,1,0,0.0,1362.252,0.0,0.0,3376.773,0.0,2,KUCUK_TICARETHANE
7789240,38.49774031,27.06202198,,35,CIGLI,KOYICI,28.51,5304.134,0,0,0,0,1,0,0.0,0.0,0.0,0.0,5304.134,0.0,1,ORTA_TICARETHANE
7789252,38.49777064,27.05747765,35-09-K04282,35,CIGLI,KUCUK CIGLI,7.286666666666666,32411.801,0,1,0,0,2,0,0.0,15693.58,0.0,0.0,16718.220999999998,0.0,3,ORTA_TICARETHANE
7790620,38.49573491,27.06448966,35-09-K01870,35,CIGLI,KOYICI,5.0,6785.567,0,1,0,0,1,0,0.0,4256.295,0.0,0.0,2529.272,0.0,2,KUCUK_TICARETHANE
7790656,38.49435082,27.06568103,35-09-K01875,35,CIGLI,SIRINTEPE,15.28,57728.38599999999,0,2,0,0,1,0,0.0,10959.146,0.0,0.0,46769.24,0.0,3,ORTA_TICARETHANE
7790872,38.49162397,27.07967393,35-09-K03320,35,CIGLI,AYDINLIKEVLER,8.653333333333334,280.08,0,0,0,0,3,0,0.0,0.0,0.0,0.0,280.08,0.0,3,KUCUK_TICARETHANE
7791568,38.49679342,27.06042877,,35,CIGLI,KUCUK CIGLI,12.431666666666667,124229.04299999999,0,0,0,0,6,0,0.0,0.0,0.0,0.0,124229.04299999999,0.0,6,ORTA_TICARETHANE
7791616,38.49353681,27.06448132,35-09-M02551,35,CIGLI,KOYICI,5.0,2285.639,0,2,0,0,2,0,0.0,2234.915,0.0,0.0,50.724,0.0,4,KUCUK_TICARETHANE
7791736,38.50291993,27.04450786,35-09-M02549,35,CIGLI,KUCUK CIGLI,7.126666666666666,2530.3320000000003,0,2,0,0,1,0,0.0,2068.702,0.0,0.0,461.63,0.0,3,KUCUK_TICARETHANE
7791892,38.49724648,26.95103188,35-09-M00447,35,CIGLI,SASALLI MERKEZ,5.0,1246.595,0,0,0,0,1,0,0.0,0.0,0.0,0.0,1246.595,0.0,1,KUCUK_TICARETHANE
7792024,38.49877959,27.04596476,35-09-M02547,35,CIGLI,KUCUK CIGLI,8.406363636363636,67911.262,0,0,0,0,11,0,0.0,0.0,0.0,0.0,67911.262,0.0,11,ORTA_TICARETHANE
7792276,38.49082001,27.06835304,35-09-M02552,35,CIGLI,SIRINTEPE,6.366666666666667,29443.192,0,0,0,0,3,0,0.0,0.0,0.0,0.0,29443.192,0.0,3,ORTA_TICARETHANE
7793269,38.4932762,27.06390851,35-09-M02551,35,CIGLI,KOYICI,5.0,13123.27,0,0,0,0,4,0,0.0,0.0,0.0,0.0,13123.27,0.0,4,ORTA_TICARETHANE
7793581,38.51786773,27.04031146,35-09-M00103,35,CIGLI,BALATCIK,6.0,4184.086,0,1,0,0,1,0,0.0,2802.167,0.0,0.0,1381.919,0.0,2,KUCUK_TICARETHANE
7793665,38.49638746,27.05111234,35-09-K03322,35,CIGLI,YENI MAHALLE,5.0,7298.951999999999,0,1,0,0,1,0,0.0,3445.999,0.0,0.0,3852.953,0.0,2,KUCUK_TICARETHANE
7795069,38.4997983,27.0447233,35-09-M02548,35,CIGLI,KUCUK CIGLI,16.805,90840.97600000001,0,0,0,0,2,0,0.0,0.0,0.0,0.0,90840.97600000001,0.0,2,ORTA_TICARETHANE
7795186,38.49769504,27.07539502,35-09-K03216,35,CIGLI,GUZELTEPE,6.613333333333333,4268.931,0,1,0,0,2,0,0.0,125.38,0.0,0.0,4143.5509999999995,0.0,3,KUCUK_TICARETHANE
7795277,38.50569464,26.98835209,35-09-M00254,35,CIGLI,KAKLIC,5.0,4093.495,0,0,0,0,1,0,0.0,0.0,0.0,0.0,4093.495,0.0,1,KUCUK_TICARETHANE
7795615,38.50255089,27.04317336,35-09-M02549,35,CIGLI,KUCUK CIGLI,5.0,7405.556,0,2,0,0,1,0,0.0,4735.632,0.0,0.0,2669.924,0.0,3,KUCUK_TICARETHANE
7795771,38.49586806,27.06230067,35-09-K01870,35,CIGLI,KOYICI,5.0,10350.233,0,2,0,0,1,0,0.0,8124.5380000000005,0.0,0.0,2225.695,0.0,3,KUCUK_TICARETHANE
7796877,38.49367135,27.06067814,35-09-M03520,35,CIGLI,YENI MAHALLE,6.366666666666667,485.19100000000003,0,0,0,0,3,0,0.0,0.0,0.0,0.0,485.19100000000003,0.0,3,KUCUK_TICARETHANE
7796994,38.51234013,27.04386335,35-09-K03266,35,CIGLI,BALATCIK,298.16,48991.2,0,0,0,0,1,0,0.0,0.0,0.0,0.0,48991.2,0.0,1,ORTA_TICARETHANE
7797007,38.51735165,27.0407862,35-09-M00103,35,CIGLI,BALATCIK,5.0,1281.351,0,0,0,0,1,0,0.0,0.0,0.0,0.0,1281.351,0.0,1,KUCUK_TICARETHANE
7797176,38.49757572,27.06185322,,35,CIGLI,KUCUK CIGLI,6.808,88578.29800000001,0,3,0,0,2,0,0.0,15582.259,0.0,0.0,72996.039,0.0,5,ORTA_TICARETHANE
7797254,38.50249493,27.07889445,35-09-K01874,35,CIGLI,GUZELTEPE,6.675,16010.798999999999,0,1,0,0,1,0,0.0,2444.959,0.0,0.0,13565.84,0.0,2,ORTA_TICARETHANE
7797280,38.49632369,27.08365584,35-09-M01984,35,CIGLI,AHMET TANER KISLALI,8.35,1928.031,0,0,0,0,1,0,0.0,0.0,0.0,0.0,1928.031,0.0,1,KUCUK_TICARETHANE
7797332,38.498764,27.05273736,35-09-M03090,35,CIGLI,YENI MAHALLE,6.116,16703.933,0,0,0,0,2,0,0.0,0.0,0.0,0.0,16703.933,0.0,2,ORTA_TICARETHANE
7797436,38.49387758,27.05358763,35-09-K03313,35,CIGLI,YENI MAHALLE,5.558333333333334,15701.797999999999,0,3,0,0,3,0,0.0,12929.418,0.0,0.0,2772.38,0.0,6,KUCUK_TICARETHANE
7797657,38.49974647,27.04491264,35-09-M02547,35,CIGLI,KUCUK CIGLI,65.17,206361.184,0,0,1,0,1,0,0.0,0.0,198839.6,0.0,7521.584,0.0,2,ORTA_SANAYI
7798214,38.50147721,27.07427648,35-09-K01874,35,CIGLI,GUZELTEPE,8.16,7197.148,0,2,0,0,2,0,0.0,4615.244000000001,0.0,0.0,2581.9040000000005,0.0,4,KUCUK_TICARETHANE
7798292,38.51654342,27.04223571,35-09-M00103,35,CIGLI,BALATCIK,5.5,1976.824,0,0,0,0,1,0,0.0,0.0,0.0,0.0,1976.824,0.0,1,KUCUK_TICARETHANE
7798409,38.48922268,27.07992614,35-09-K02499,35,CIGLI,AYDINLIKEVLER,5.0,12119.41,0,0,0,0,1,0,0.0,0.0,0.0,0.0,12119.41,0.0,1,ORTA_TICARETHANE
7798604,38.50144921,27.0707548,35-09-K01480,35,CIGLI,YAKAKENT,10.440000000000001,2047.3090000000002,0,1,0,0,1,0,0.0,1395.287,0.0,0.0,652.022,0.0,2,KUCUK_TICARETHANE
7798890,38.501279,27.05330394,35-09-K04501,35,CIGLI,KUCUK CIGLI,10.016666666666667,0.0,0,2,0,0,1,0,0.0,0.0,0.0,0.0,0.0,0.0,3,KUCUK_TICARETHANE
7799124,38.50071661,27.07895283,35-09-K03216,35,CIGLI,GUZELTEPE,5.0,1509.337,0,0,0,0,1,0,0.0,0.0,0.0,0.0,1509.337,0.0,1,KUCUK_TICARETHANE
7799176,38.49632077,27.063406,35-09-K01870,35,CIGLI,KOYICI,5.0,19886.409,0,4,0,0,4,0,0.0,16416.584,0.0,0.0,3469.825,0.0,8,KUCUK_TICARETHANE
7800229,38.49693093,27.06657306,35-09-K01870,35,CIGLI,KOYICI,5.0,3245.059,0,1,0,0,1,0,0.0,1696.389,0.0,0.0,1548.67,0.0,2,KUCUK_TICARETHANE
7800255,38.50434894,26.98972571,35-09-M00254,35,CIGLI,KAKLIC,6.446666666666666,12256.371,0,2,0,0,1,0,0.0,6229.3550000000005,0.0,0.0,6027.016,0.0,3,KUCUK_TICARETHANE
7800398,38.49694851,27.06645886,35-09-K01870,35,CIGLI,KOYICI,7.023333333333333,8001.929,0,4,0,0,2,0,0.0,7298.983,0.0,0.0,702.9459999999999,0.0,6,KUCUK_TICARETHANE
7800814,38.49205852,27.06618706,35-09-K01875,35,CIGLI,SIRINTEPE,9.275,13512.803,0,2,0,0,2,0,0.0,1713.857,0.0,0.0,11798.946,0.0,4,ORTA_TICARETHANE
7801009,38.49901891,27.04546877,35-09-M02547,35,CIGLI,KUCUK CIGLI,39.236000000000004,55729.06,0,0,0,0,2,0,0.0,0.0,0.0,0.0,55729.06,0.0,2,ORTA_TICARETHANE
7802986,38.49503067,27.06136029,35-09-K01876,35,CIGLI,KOYICI,5.651999999999999,34528.497,0,3,0,0,2,0,0.0,10563.303,0.0,0.0,23965.194,0.0,5,ORTA_TICARETHANE
7803038,38.5037733,26.9947367,35-09-M01145,35,CIGLI,KAKLIC,43.72,18188.2,0,0,0,0,1,0,0.0,0.0,0.0,0.0,18188.2,0.0,1,ORTA_TICARETHANE
7803389,38.48799298,27.07286999,35-09-K01887,35,CIGLI,ATASEHIR,8.35,4037.69,0,0,0,0,1,0,0.0,0.0,0.0,0.0,4037.69,0.0,1,KUCUK_TICARETHANE
7803519,38.5168467,27.03971598,35-09-M00103,35,CIGLI,BALATCIK,7.18,4129.9439999999995,0,1,0,0,1,0,0.0,3042.527,0.0,0.0,1087.417,0.0,2,KUCUK_TICARETHANE
7803701,38.48539243,27.06545097,35-09-K02899,35,CIGLI,ATASEHIR,9.033333333333333,4718.1900000000005,0,2,0,0,1,0,0.0,4717.8060000000005,0.0,0.0,0.384,0.0,3,KUCUK_TICARETHANE
7803727,38.49424198,27.07420651,35-09-M01981,35,CIGLI,SIRINTEPE,6.675,5653.943,0,1,0,0,1,0,0.0,2275.918,0.0,0.0,3378.025,0.0,2,KUCUK_TICARETHANE
7803792,38.49693807,27.0663923,35-09-K01870,35,CIGLI,KOYICI,5.0,11248.735,0,2,0,0,1,0,0.0,3946.941,0.0,0.0,7301.794,0.0,3,KUCUK_TICARETHANE
7804680,38.51719437,27.04205534,35-09-M00103,35,CIGLI,BALATCIK,6.4,21672.69,0,0,0,0,1,0,0.0,0.0,0.0,0.0,21672.69,0.0,1,ORTA_TICARETHANE
7805415,38.51930689,27.05604517,35-09-K02764,35,CIGLI,EVKA-5,9.754,12350.589,0,1,0,0,4,0,0.0,4213.804,0.0,0.0,8136.785000000001,0.0,5,KUCUK_TICARETHANE
7805441,38.49358755,27.0620432,35-09-M03520,35,CIGLI,ATASEHIR,6.116666666666667,7685.116,0,0,0,0,3,0,0.0,0.0,0.0,0.0,7685.116,0.0,3,KUCUK_TICARETHANE
7805480,38.49385363,27.06114083,35-09-M03520,35,CIGLI,ATASEHIR,5.558333333333334,11309.846,0,4,0,0,2,0,0.0,6261.4259999999995,0.0,0.0,5048.42,0.0,6,KUCUK_TICARETHANE
7805493,38.49402509,27.06279134,35-09-M02551,35,CIGLI,KOYICI,5.0,27895.141000000003,0,0,0,0,2,0,0.0,0.0,0.0,0.0,27895.141000000003,0.0,2,ORTA_TICARETHANE
7805727,38.49320413,27.07283726,35-09-M01981,35,CIGLI,SIRINTEPE,7.543333333333333,8725.721,0,2,0,0,1,0,0.0,6938.531,0.0,0.0,1787.19,0.0,3,KUCUK_TICARETHANE
7805818,38.49689059,27.0632916,35-09-K01870,35,CIGLI,KOYICI,7.386666666666667,12052.808,0,2,0,0,1,0,0.0,4491.128000000001,0.0,0.0,7561.68,0.0,3,KUCUK_TICARETHANE
7805935,38.49370261,27.06374992,35-09-M02551,35,CIGLI,KOYICI,35.41,14362.44,0,0,0,0,1,0,0.0,0.0,0.0,0.0,14362.44,0.0,1,ORTA_TICARETHANE
7806156,38.49754321,27.051704,35-09-K03322,35,CIGLI,YENI MAHALLE,11.495000000000001,20294.246,0,0,0,0,2,0,0.0,0.0,0.0,0.0,20294.246,0.0,2,ORTA_TICARETHANE
7806182,38.48711939,27.06778792,35-09-K02733,35,CIGLI,ATASEHIR,5.0,23938.54,0,0,0,0,2,0,0.0,0.0,0.0,0.0,23938.54,0.0,2,ORTA_TICARETHANE
7806221,38.48922218,27.07876562,35-09-K02499,35,CIGLI,AYDINLIKEVLER,10.2,14468.95,0,0,0,0,1,0,0.0,0.0,0.0,0.0,14468.95,0.0,1,ORTA_TICARETHANE
7806325,38.50740604,26.95263409,35-09-M01401,35,CIGLI,SASALLI MERKEZ,33.18,22959.7,0,0,0,0,1,0,0.0,0.0,0.0,0.0,22959.7,0.0,1,ORTA_TICARETHANE
7806546,38.49190722,27.07063325,35-09-M01951,35,CIGLI,SIRINTEPE,5.0,6108.422,0,1,0,0,3,0,0.0,4008.109,0.0,0.0,2100.313,0.0,4,KUCUK_TICARETHANE
7806702,38.50151823,27.07101782,35-09-K01480,35,CIGLI,YAKAKENT,5.0,4012.052,0,2,0,0,1,0,0.0,3848.764,0.0,0.0,163.288,0.0,3,KUCUK_TICARETHANE
7807131,38.50040623,27.07555437,35-09-K03323,35,CIGLI,GUZELTEPE,5.0,145.823,0,0,0,0,1,0,0.0,0.0,0.0,0.0,145.823,0.0,1,KUCUK_TICARETHANE
7807417,38.49324017,27.07132836,35-09-M02552,35,CIGLI,SIRINTEPE,6.75,9709.77,0,4,0,0,2,0,0.0,9608.834,0.0,0.0,100.936,0.0,6,KUCUK_TICARETHANE
7807664,38.50082797,27.04575591,35-09-M02548,35,CIGLI,KUCUK CIGLI,7.41,88900.936,0,0,0,0,27,0,0.0,0.0,0.0,0.0,88900.936,0.0,27,ORTA_TICARETHANE
7807833,38.49715944,27.0611228,,35,CIGLI,KUCUK CIGLI,10.575714285714286,93567.582,0,2,0,0,5,0,0.0,3388.414,0.0,0.0,90179.168,0.0,7,ORTA_TICARETHANE
7808028,38.50496474,27.04942715,35-09-M02439,35,CIGLI,KUCUK CIGLI,5.8375,7474.543000000001,0,2,0,0,2,0,0.0,4277.328,0.0,0.0,3197.215,0.0,4,KUCUK_TICARETHANE
7808041,38.50089586,27.04444919,35-09-M02548,35,CIGLI,KUCUK CIGLI,48.120000000000005,14732.632,0,0,0,0,2,0,0.0,0.0,0.0,0.0,14732.632,0.0,2,ORTA_TICARETHANE
7808184,38.49328017,27.06220737,35-09-M03520,35,CIGLI,ATASEHIR,5.0,10916.36,0,0,0,0,1,0,0.0,0.0,0.0,0.0,10916.36,0.0,1,ORTA_TICARETHANE
7808210,38.4998595,27.04486489,35-09-M02548,35,CIGLI,KUCUK CIGLI,84.844,364618.33999999997,0,0,0,0,2,0,0.0,0.0,0.0,0.0,364618.33999999997,0.0,2,ORTA_TICARETHANE
7808223,38.50319953,27.04844577,35-09-M02465,35,CIGLI,KUCUK CIGLI,8.84,2179.677,0,0,0,0,1,0,0.0,0.0,0.0,0.0,2179.677,0.0,1,KUCUK_TICARETHANE
7808574,38.49188399,26.94463303,35-09-M00257,35,CIGLI,SASALLI MERKEZ,11.98,18714.008,0,1,0,0,1,0,0.0,1306.738,0.0,0.0,17407.27,0.0,2,ORTA_TICARETHANE
7808691,38.50135502,27.07711876,35-09-K01874,35,CIGLI,GUZELTEPE,5.8,28646.264000000003,0,2,0,0,2,0,0.0,7542.231,0.0,0.0,21104.033,0.0,4,ORTA_TICARETHANE
7808938,38.4913733,27.07563616,35-09-K03705,35,CIGLI,MALTEPE,6.116666666666667,9612.408,0,1,0,0,2,0,0.0,5298.75,0.0,0.0,4313.658,0.0,3,KUCUK_TICARETHANE
7808977,38.49502718,27.06604467,35-09-K01870,35,CIGLI,KOYICI,6.675,2615.83,0,0,0,0,2,0,0.0,0.0,0.0,0.0,2615.83,0.0,2,KUCUK_TICARETHANE
7809445,38.49721341,27.06820016,35-09-K01871,35,CIGLI,SIRINTEPE,5.0,483.852,0,0,0,0,1,0,0.0,0.0,0.0,0.0,483.852,0.0,1,KUCUK_TICARETHANE
7809926,38.49936251,27.08738074,35-09-M01985,35,CIGLI,EVKA - 2,8.35,2584.891,0,0,0,0,1,0,0.0,0.0,0.0,0.0,2584.891,0.0,1,KUCUK_TICARETHANE
7810056,38.49159324,27.07021288,35-09-M02552,35,CIGLI,SIRINTEPE,9.6,15247.84,0,1,0,0,1,0,0.0,4283.31,0.0,0.0,10964.53,0.0,2,ORTA_TICARETHANE
7810251,38.5037564,27.07997915,35-09-M01975,35,CIGLI,GUZELTEPE,5.0,5201.279,0,1,0,0,1,0,0.0,4087.509,0.0,0.0,1113.77,0.0,2,KUCUK_TICARETHANE
7810810,38.50853553,27.06487398,35-09-M03034,35,CIGLI,IZKENT,8.96,8778.224,0,0,0,0,1,0,0.0,0.0,0.0,0.0,8778.224,0.0,1,KUCUK_TICARETHANE
7811044,38.49562451,27.06418391,35-09-K01870,35,CIGLI,KOYICI,5.0,14139.291,0,2,0,0,9,0,0.0,8041.208999999999,0.0,0.0,6098.082,0.0,11,KUCUK_TICARETHANE
7811421,38.48857992,27.07750979,35-09-M01608,35,CIGLI,AYDINLIKEVLER,150.0,125906.0,0,0,0,0,1,0,0.0,0.0,0.0,0.0,125906.0,0.0,1,ORTA_TICARETHANE
7811485,38.4945867,27.06273,35-09-M02551,35,CIGLI,KOYICI,48.23,111646.6,0,0,0,0,1,0,0.0,0.0,0.0,0.0,111646.6,0.0,1,ORTA_TICARETHANE
7811615,38.49721671,27.05857734,35-09-K01864,35,CIGLI,KUCUK CIGLI,12.13,9680.63,0,0,0,0,1,0,0.0,0.0,0.0,0.0,9680.63,0.0,1,KUCUK_TICARETHANE
7812005,38.51820966,27.05664311,35-09-K02764,35,CIGLI,EVKA-5,25.6,15857.08,0,0,0,0,1,0,0.0,0.0,0.0,0.0,15857.08,0.0,1,ORTA_TICARETHANE
7812070,38.49968189,27.05451564,35-09-K04314,35,CIGLI,KUCUK CIGLI,5.0,9996.734,0,3,0,0,2,0,0.0,6145.54,0.0,0.0,3851.194,0.0,5,KUCUK_TICARETHANE
7812330,38.49312767,27.06341231,35-09-M02551,35,CIGLI,KOYICI,5.0,23123.157,0,0,0,0,5,0,0.0,0.0,0.0,0.0,23123.157,0.0,5,ORTA_TICARETHANE
7812512,38.49174328,27.072383,35-09-K04681,35,CIGLI,MALTEPE,5.633333333333333,11249.224,0,4,0,0,2,0,0.0,5276.5960000000005,0.0,0.0,5972.628,0.0,6,KUCUK_TICARETHANE
7812616,38.49296729,27.06540658,35-09-K01875,35,CIGLI,SIRINTEPE,9.3,34292.322,0,2,0,0,2,0,0.0,7566.536,0.0,0.0,26725.786,0.0,4,ORTA_TICARETHANE
7813187,38.50027897,27.04406924,35-09-M02548,35,CIGLI,KUCUK CIGLI,14.245000000000001,19111.764,0,0,0,0,2,0,0.0,0.0,0.0,0.0,19111.764,0.0,2,ORTA_TICARETHANE
7813538,38.49929899,27.05613378,35-09-K01464,35,CIGLI,KUCUK CIGLI,45.42,30930.12,0,0,0,0,1,0,0.0,0.0,0.0,0.0,30930.12,0.0,1,ORTA_TICARETHANE
7814045,38.50018047,26.94226804,35-09-M00451Ã–,35,CIGLI,SASALLI MERKEZ,34.262,42316.4,0,0,0,0,1,0,0.0,0.0,0.0,0.0,42316.4,0.0,1,ORTA_TICARETHANE
7814487,38.4980427,26.9520222,35-09-M00447,35,CIGLI,SASALLI MERKEZ,5.0,1110.621,0,0,0,0,1,0,0.0,0.0,0.0,0.0,1110.621,0.0,1,KUCUK_TICARETHANE
7814708,38.4917733,27.07275353,35-09-K04681,35,CIGLI,MALTEPE,5.0,17937.54,0,0,0,0,1,0,0.0,0.0,0.0,0.0,17937.54,0.0,1,ORTA_TICARETHANE
7814799,38.49533006,27.08477579,35-09-K01954,35,CIGLI,AHMET TANER KISLALI,11.035,21105.566,0,1,0,0,1,0,0.0,2124.516,0.0,0.0,18981.05,0.0,2,ORTA_TICARETHANE
7815033,38.49992049,27.07751784,35-09-K03216,35,CIGLI,GUZELTEPE,6.546666666666667,3326.6090000000004,0,2,0,0,1,0,0.0,3235.1000000000004,0.0,0.0,91.509,0.0,3,KUCUK_TICARETHANE
7815046,38.49704269,27.06196581,,35,CIGLI,KOYICI,5.7444444444444445,28359.269999999997,0,5,0,0,4,0,0.0,12334.533,0.0,0.0,16024.737,0.0,9,ORTA_TICARETHANE
7815072,38.49127196,27.07368039,35-09-K04681,35,CIGLI,MALTEPE,5.0,12403.29,0,0,0,0,1,0,0.0,0.0,0.0,0.0,12403.29,0.0,1,ORTA_TICARETHANE
7815449,38.49695331,27.0511074,35-09-K03322,35,CIGLI,YENI MAHALLE,9.76,5508.563,0,2,0,0,1,0,0.0,5497.853,0.0,0.0,10.71,0.0,3,KUCUK_TICARETHANE
7815787,38.49824274,27.05710588,35-09-K04282,35,CIGLI,KUCUK CIGLI,6.32,18637.351,0,1,0,0,1,0,0.0,14043.13,0.0,0.0,4594.221,0.0,2,KUCUK_TICARETHANE
7816541,38.5046612,27.05156257,35-09-K01867,35,CIGLI,KUCUK CIGLI,49.6,6029.187,0,0,0,0,1,0,0.0,0.0,0.0,0.0,6029.187,0.0,1,ORTA_TICARETHANE
7817971,38.49377401,27.06268413,35-09-M02551,35,CIGLI,KOYICI,5.0,12338.332,0,0,0,0,3,0,0.0,0.0,0.0,0.0,12338.332,0.0,3,ORTA_TICARETHANE
7818075,38.50649164,26.98809629,35-09-M00255,35,CIGLI,KAKLIC,7.654999999999999,38735.564,0,2,0,0,2,0,0.0,9693.847,0.0,0.0,29041.717,0.0,4,ORTA_TICARETHANE
7818231,38.49501608,27.0533295,35-09-K03313,35,CIGLI,YENI MAHALLE,5.0,5335.416,0,2,0,0,1,0,0.0,5225.9400000000005,0.0,0.0,109.476,0.0,3,KUCUK_TICARETHANE
7818426,38.50224311,27.07666315,35-09-K01874,35,CIGLI,GUZELTEPE,5.34,695.829,0,0,0,0,1,0,0.0,0.0,0.0,0.0,695.829,0.0,1,KUCUK_TICARETHANE
7818764,38.49972767,27.0760496,35-09-K03323,35,CIGLI,GUZELTEPE,7.8133333333333335,6972.875,0,2,0,0,1,0,0.0,3994.5950000000003,0.0,0.0,2978.28,0.0,3,KUCUK_TICARETHANE
7818816,38.50358967,27.06195465,35-09-K01938,35,CIGLI,EGEKENT,7.933999999999999,477113.97799000004,0,1,0,0,29,0,0.0,8554.066,0.0,0.0,468559.91199000005,0.0,30,ORTA_TICARETHANE
7819349,38.49429811,27.06275386,35-09-M02551,35,CIGLI,KOYICI,5.67,32323.050000000003,0,0,0,0,2,0,0.0,0.0,0.0,0.0,32323.050000000003,0.0,2,ORTA_TICARETHANE
7819505,38.49989118,27.06923297,35-09-K01480,35,CIGLI,KOYICI,10.004999999999999,25530.71,0,1,0,0,1,0,0.0,3385.59,0.0,0.0,22145.12,0.0,2,ORTA_TICARETHANE
7819570,38.49371553,27.06087404,35-09-M03520,35,CIGLI,ATASEHIR,8.58,57923.94,0,0,0,0,1,0,0.0,0.0,0.0,0.0,57923.94,0.0,1,ORTA_TICARETHANE
7820376,38.50233463,27.0454283,35-09-M02549,35,CIGLI,KUCUK CIGLI,5.1875,6724.312,0,0,0,0,4,0,0.0,0.0,0.0,0.0,6724.312,0.0,4,KUCUK_TICARETHANE
7820584,38.50191291,27.0563024,35-09-K03321,35,CIGLI,KUCUK CIGLI,5.0,7252.589,0,2,0,0,1,0,0.0,6124.773,0.0,0.0,1127.816,0.0,3,KUCUK_TICARETHANE
7820610,38.48793029,27.07882457,35-09-M01608,35,CIGLI,AYDINLIKEVLER,5.0,1295.303,0,0,0,0,1,0,0.0,0.0,0.0,0.0,1295.303,0.0,1,KUCUK_TICARETHANE
7820805,38.49914425,27.05289223,35-09-M03090,35,CIGLI,YENI MAHALLE,7.743333333333333,99404.52900000001,0,2,0,0,1,0,0.0,8519.729,0.0,0.0,90884.8,0.0,3,ORTA_TICARETHANE
7820922,38.49966963,27.04658211,35-09-M02547,35,CIGLI,KUCUK CIGLI,6.7749999999999995,28790.61,0,0,0,0,6,0,0.0,0.0,0.0,0.0,28790.61,0.0,6,ORTA_TICARETHANE
7821195,38.48723792,27.06858023,35-09-K04009,35,CIGLI,ATASEHIR,6.203333333333333,12095.994999999999,0,4,0,0,2,0,0.0,9800.183,0.0,0.0,2295.812,0.0,6,KUCUK_TICARETHANE
7821598,38.49616473,27.0893819,35-09-M01985,35,CIGLI,AHMET TANER KISLALI,18.02,28469.178,0,0,0,0,2,0,0.0,0.0,0.0,0.0,28469.178,0.0,2,ORTA_TICARETHANE
7821663,38.49922757,27.05368037,35-09-K04314,35,CIGLI,KUCUK CIGLI,10.004999999999999,3258.376,0,1,0,0,1,0,0.0,2902.98,0.0,0.0,355.396,0.0,2,KUCUK_TICARETHANE
7821703,38.4928136,26.94682139,35-09-M00347,35,CIGLI,SASALLI MERKEZ,7.8,7302.5,0,2,0,0,3,0,0.0,3460.973,0.0,0.0,3841.527,0.0,5,KUCUK_TICARETHANE
7821872,38.50103217,27.07290884,35-09-K01480,35,CIGLI,GUZELTEPE,6.533333333333334,4804.969,0,2,0,0,1,0,0.0,4802.6810000000005,0.0,0.0,2.288,0.0,3,KUCUK_TICARETHANE
7822744,38.50456128,26.98864513,35-09-M00254,35,CIGLI,KAKLIC,13.933333333333332,55230.179,0,0,0,0,3,0,0.0,0.0,0.0,0.0,55230.179,0.0,3,ORTA_TICARETHANE
7822978,38.5033437,27.04813697,35-09-M02465,35,CIGLI,KUCUK CIGLI,6.438571428571429,10713.694,0,0,0,0,7,0,0.0,0.0,0.0,0.0,10713.694,0.0,7,ORTA_TICARETHANE
7824031,38.49962892,27.07376728,35-09-K03323,35,CIGLI,GUZELTEPE,6.675,3585.4770000000003,0,1,0,0,1,0,0.0,1150.226,0.0,0.0,2435.251,0.0,2,KUCUK_TICARETHANE
7824122,38.49691467,27.06738193,35-09-K01871,35,CIGLI,SIRINTEPE,8.596666666666666,16394.988999999998,0,3,0,0,3,0,0.0,9454.449,0.0,0.0,6940.539999999999,0.0,6,KUCUK_TICARETHANE
7825980,38.49911432,27.08749305,35-09-M01985,35,CIGLI,EVKA - 2,5.0,7865.612,0,0,0,0,1,0,0.0,0.0,0.0,0.0,7865.612,0.0,1,KUCUK_TICARETHANE
7825993,38.4972705,27.05859157,35-09-K01864,35,CIGLI,YENI MAHALLE,22.556,75661.34,0,0,0,0,3,0,0.0,0.0,0.0,0.0,75661.34,0.0,3,ORTA_TICARETHANE
7826305,38.49332831,27.05675552,35-09-K01878,35,CIGLI,YENI MAHALLE,5.0,8229.849,0,2,0,0,2,0,0.0,5013.445,0.0,0.0,3216.404,0.0,4,KUCUK_TICARETHANE
7827110,38.49986827,27.05463854,35-09-K04314,35,CIGLI,KUCUK CIGLI,5.67,24422.988,0,3,0,0,2,0,0.0,9187.566,0.0,0.0,15235.421999999999,0.0,5,ORTA_TICARETHANE
7827331,38.51848555,27.03847498,35-09-M00400,35,CIGLI,BALATCIK,9.295384615384616,46616.961,0,8,0,0,5,0,0.0,31817.097999999998,0.0,0.0,14799.863,0.0,13,ORTA_TICARETHANE
7827409,38.51342828,27.04465226,35-09-M00888,35,CIGLI,BALATCIK,10.24,1300.734,0,0,0,0,1,0,0.0,0.0,0.0,0.0,1300.734,0.0,1,KUCUK_TICARETHANE
7827695,38.49568265,27.06393631,35-09-K01870,35,CIGLI,KOYICI,8.429142857142859,39391.532,0,1,0,0,6,0,0.0,3416.687,0.0,0.0,35974.845,0.0,7,ORTA_TICARETHANE
7827955,38.5089279,27.06435482,35-09-M03034,35,CIGLI,IZKENT,23.795714285714286,387552.87200000003,0,0,0,0,14,0,0.0,0.0,0.0,0.0,387552.87200000003,0.0,14,ORTA_TICARETHANE
7828267,38.4988116,27.05047492,35-09-M03090,35,CIGLI,YENI MAHALLE,9.336923076923076,101392.148,0,9,0,0,4,0,0.0,15110.919,0.0,0.0,86281.22899999999,0.0,13,ORTA_TICARETHANE
7828449,38.49626718,26.94415443,35-09-M00540,35,CIGLI,SASALLI MERKEZ,8.35,3041.726,0,0,0,0,1,0,0.0,0.0,0.0,0.0,3041.726,0.0,1,KUCUK_TICARETHANE
7829710,38.50327707,27.0518533,35-09-K04597,35,CIGLI,KUCUK CIGLI,5.0,20246.327999999998,0,1,0,0,3,0,0.0,5363.643,0.0,0.0,14882.684999999998,0.0,4,ORTA_TICARETHANE
7830477,38.49660833,27.06731234,35-09-K01871,35,CIGLI,KOYICI,6.91,4010.2110000000002,0,1,0,0,1,0,0.0,3673.329,0.0,0.0,336.882,0.0,2,KUCUK_TICARETHANE
7830711,38.50739935,26.9870885,35-09-M00255,35,CIGLI,KAKLIC,39.898,51442.28,0,0,0,0,2,0,0.0,0.0,0.0,0.0,51442.28,0.0,2,ORTA_TICARETHANE
7831438,38.50339423,27.04812707,35-09-M02465,35,CIGLI,KUCUK CIGLI,8.92,4353.208,0,0,0,0,1,0,0.0,0.0,0.0,0.0,4353.208,0.0,1,KUCUK_TICARETHANE
7831555,38.48538504,27.06432905,35-09-K02899,35,CIGLI,ATASEHIR,7.5,1316.374,0,1,0,0,1,0,0.0,1296.054,0.0,0.0,20.32,0.0,2,KUCUK_TICARETHANE
7831633,38.50952057,27.03817876,35-09-M00396,35,CIGLI,BALATCIK,6.566666666666666,37636.989,0,2,0,0,1,0,0.0,4102.019,0.0,0.0,33534.97,0.0,3,ORTA_TICARETHANE
7832829,38.51320129,27.04377806,35-09-M00888,35,CIGLI,BALATCIK,29.87,112403.2,0,0,0,0,1,0,0.0,0.0,0.0,0.0,112403.2,0.0,1,ORTA_TICARETHANE
7833895,38.49103642,27.05284022,35-09-K03314,35,CIGLI,ATASEHIR,41.91,55407.55100000001,0,0,0,0,2,0,0.0,0.0,0.0,0.0,55407.55100000001,0.0,2,ORTA_TICARETHANE
7833921,38.51035692,27.04041586,35-09-M00999,35,CIGLI,BALATCIK,5.0,2001.438,0,0,0,0,1,0,0.0,0.0,0.0,0.0,2001.438,0.0,1,KUCUK_TICARETHANE
7834012,38.491413,27.06629572,35-09-K04221,35,CIGLI,ATASEHIR,6.780666666666666,63317.16,0,1,0,0,5,0,0.0,35.551,0.0,0.0,63281.609000000004,0.0,6,ORTA_TICARETHANE
7834545,38.49896644,26.94797123,35-09-M00437Ã–,35,CIGLI,SASALLI MERKEZ,250.0,34091.28,0,0,0,0,1,0,0.0,0.0,0.0,0.0,34091.28,0.0,1,ORTA_TICARETHANE
7834922,38.49498462,27.06346011,,35,CIGLI,KOYICI,5.0,6466.519,0,0,0,0,1,0,0.0,0.0,0.0,0.0,6466.519,0.0,1,KUCUK_TICARETHANE
7835845,38.5235524,27.04602817,35-09-M00845,35,CIGLI,UGUR MUMCU,6.36,2858.355,0,0,0,0,1,0,0.0,0.0,0.0,0.0,2858.355,0.0,1,KUCUK_TICARETHANE
7836872,38.51833201,27.03779612,35-09-M00400,35,CIGLI,BALATCIK,7.706666666666667,3012.465,0,2,0,0,1,0,0.0,3012.3720000000003,0.0,0.0,0.093,0.0,3,KUCUK_TICARETHANE
7836911,38.51840126,27.03776404,35-09-M00400,35,CIGLI,BALATCIK,11.4,10663.857,0,2,0,0,1,0,0.0,3510.964,0.0,0.0,7152.893,0.0,3,KUCUK_TICARETHANE
7837015,38.5034581,27.05421093,35-09-K01866,35,CIGLI,KUCUK CIGLI,6.116666666666667,7641.169,0,2,0,0,1,0,0.0,7610.999,0.0,0.0,30.17,0.0,3,KUCUK_TICARETHANE
7837236,38.49547528,26.9505516,35-09-M00447,35,CIGLI,SASALLI MERKEZ,7.84,3791.9310000000005,0,2,0,0,1,0,0.0,3235.8720000000003,0.0,0.0,556.059,0.0,3,KUCUK_TICARETHANE
7837912,38.48996146,27.07899973,35-09-K03320,35,CIGLI,AYDINLIKEVLER,17.91,3749.614,0,0,0,0,1,0,0.0,0.0,0.0,0.0,3749.614,0.0,1,ORTA_TICARETHANE
7838198,38.49768867,27.06828589,35-09-K01871,35,CIGLI,SIRINTEPE,5.0,2740.429,0,0,0,0,1,0,0.0,0.0,0.0,0.0,2740.429,0.0,1,KUCUK_TICARETHANE
7838757,38.48941794,27.06489281,35-09-M02083,35,CIGLI,ATASEHIR,6.1113333333333335,13887.557,0,2,0,0,1,0,0.0,7742.4130000000005,0.0,0.0,6145.144,0.0,3,KUCUK_TICARETHANE
7841071,38.49238043,27.06516979,35-09-K04221,35,CIGLI,KOYICI,41.92,74192.41,0,0,0,0,1,0,0.0,0.0,0.0,0.0,74192.41,0.0,1,ORTA_TICARETHANE
7841097,38.50177978,27.07475997,35-09-K01874,35,CIGLI,YAKAKENT,5.0,335.377,0,0,0,0,1,0,0.0,0.0,0.0,0.0,335.377,0.0,1,KUCUK_TICARETHANE
7841162,38.49341216,26.95324255,35-09-M00911,35,CIGLI,SASALLI MERKEZ,6.593999999999999,10019.907,0,3,0,0,2,0,0.0,9559.721,0.0,0.0,460.18600000000004,0.0,5,KUCUK_TICARETHANE
7841383,38.50081935,27.05384447,35-09-K01866,35,CIGLI,KUCUK CIGLI,5.0,6879.465,0,1,0,0,1,0,0.0,3097.741,0.0,0.0,3781.724,0.0,2,KUCUK_TICARETHANE
7842123,38.50290312,27.04471048,35-09-M02549,35,CIGLI,KUCUK CIGLI,10.068,18123.95,0,2,0,0,1,0,0.0,6492.09,0.0,0.0,11631.86,0.0,3,ORTA_TICARETHANE
7842214,38.4927572,27.06315832,35-09-M03520,35,CIGLI,ATASEHIR,5.0,11049.73,0,0,0,0,1,0,0.0,0.0,0.0,0.0,11049.73,0.0,1,ORTA_TICARETHANE
7842539,38.48803472,27.07498511,35-09-M01950,35,CIGLI,MALTEPE,6.116666666666667,2086.458,0,2,0,0,1,0,0.0,1305.5990000000002,0.0,0.0,780.859,0.0,3,KUCUK_TICARETHANE
7842565,38.49352392,27.07716015,35-09-M01981,35,CIGLI,MALTEPE,1000.0,197104.0,0,0,0,0,1,0,0.0,0.0,0.0,0.0,197104.0,0.0,1,ORTA_TICARETHANE
7843566,38.49344609,27.05350448,35-09-K03313,35,CIGLI,YENI MAHALLE,7.01,35323.482,0,2,0,0,3,0,0.0,10988.11,0.0,0.0,24335.372,0.0,5,ORTA_TICARETHANE
7844203,38.50724438,26.98781712,35-09-M00255,35,CIGLI,KAKLIC,10.004999999999999,4875.709,0,1,0,0,1,0,0.0,2739.598,0.0,0.0,2136.111,0.0,2,KUCUK_TICARETHANE
7844307,38.49979264,27.08229847,35-09-M01974,35,CIGLI,EVKA - 2,8.334,29062.74,0,0,0,0,1,0,0.0,0.0,0.0,0.0,29062.74,0.0,1,ORTA_TICARETHANE
7844827,38.51557739,27.04686679,35-09-M00403,35,CIGLI,BALATCIK,5.0,3500.809,0,0,0,0,1,0,0.0,0.0,0.0,0.0,3500.809,0.0,1,KUCUK_TICARETHANE
7844867,38.49055034,26.94493965,35-09-M00347,35,CIGLI,SASALLI MERKEZ,8.35,12697.65,0,0,0,0,1,0,0.0,0.0,0.0,0.0,12697.65,0.0,1,ORTA_TICARETHANE
7844880,38.49169306,26.94488422,35-09-M00347,35,CIGLI,SASALLI MERKEZ,16.0,9397.043,0,0,0,0,1,0,0.0,0.0,0.0,0.0,9397.043,0.0,1,ORTA_TICARETHANE
7845205,38.52572142,27.0459233,35-09-M02781,35,CIGLI,UGUR MUMCU,5.0,9762.21,0,3,0,0,2,0,0.0,4137.765,0.0,0.0,5624.445,0.0,5,KUCUK_TICARETHANE
7845556,38.4913206,26.9447728,35-09-M00347,35,CIGLI,SASALLI MERKEZ,12.08,3133.876,0,0,0,0,1,0,0.0,0.0,0.0,0.0,3133.876,0.0,1,KUCUK_TICARETHANE
7846570,38.48913126,27.06547854,35-09-M02083,35,CIGLI,ATASEHIR,6.675,5547.509,0,0,0,0,2,0,0.0,0.0,0.0,0.0,5547.509,0.0,2,KUCUK_TICARETHANE
7846713,38.49383646,26.95239483,35-09-M00257,35,CIGLI,SASALLI MERKEZ,10.32,398.44399999999996,0,1,0,0,1,0,0.0,186.444,0.0,0.0,212.0,0.0,2,KUCUK_TICARETHANE
7847637,38.49527749,27.06379289,35-09-M02551,35,CIGLI,KOYICI,5.0,4125.2080000000005,0,0,0,0,2,0,0.0,0.0,0.0,0.0,4125.2080000000005,0.0,2,KUCUK_TICARETHANE
7848456,38.49953988,27.05433744,35-09-K04314,35,CIGLI,KUCUK CIGLI,5.0,4538.647000000001,0,1,0,0,1,0,0.0,2061.82,0.0,0.0,2476.827,0.0,2,KUCUK_TICARETHANE
7848482,38.49109114,27.07028628,35-09-M01951,35,CIGLI,MALTEPE,34.58,16682.9,0,0,0,0,1,0,0.0,0.0,0.0,0.0,16682.9,0.0,1,ORTA_TICARETHANE
7848859,38.51253133,27.04561384,35-09-M00403,35,CIGLI,BALATCIK,5.0,43.968,0,0,0,0,1,0,0.0,0.0,0.0,0.0,43.968,0.0,1,KUCUK_TICARETHANE
7849496,38.4950733,26.95178549,35-09-M00257,35,CIGLI,SASALLI MERKEZ,5.558333333333334,16021.987,0,3,0,0,3,0,0.0,7868.558,0.0,0.0,8153.429,0.0,6,KUCUK_TICARETHANE
7849730,38.50049063,27.05505113,35-09-K01866,35,CIGLI,KUCUK CIGLI,6.403999999999999,33098.068,0,5,0,0,5,0,0.0,9468.563,0.0,0.0,23629.505,0.0,10,ORTA_TICARETHANE
7849821,38.49418485,26.95126773,35-09-M00257,35,CIGLI,SASALLI MERKEZ,8.35,3929.052,0,0,0,0,1,0,0.0,0.0,0.0,0.0,3929.052,0.0,1,KUCUK_TICARETHANE
7849860,38.49357568,27.06300246,35-09-M02551,35,CIGLI,KOYICI,7.7,49653.659,0,0,0,0,3,0,0.0,0.0,0.0,0.0,49653.659,0.0,3,ORTA_TICARETHANE
7850016,38.49197063,27.07470529,35-09-K03317,35,CIGLI,MALTEPE,5.0,677.03,0,0,0,0,1,0,0.0,0.0,0.0,0.0,677.03,0.0,1,KUCUK_TICARETHANE
7850081,38.49194181,27.08066417,35-09-K04124,35,CIGLI,AYDINLIKEVLER,7.523333333333333,12346.099,0,2,0,0,1,0,0.0,4542.823,0.0,0.0,7803.276,0.0,3,KUCUK_TICARETHANE
7850224,38.51010491,27.04047299,35-09-M00999,35,CIGLI,BALATCIK,5.0,4843.996,0,1,0,0,1,0,0.0,10.515,0.0,0.0,4833.481,0.0,2,KUCUK_TICARETHANE
7850588,38.50017012,27.04807556,35-09-K01859,35,CIGLI,KUCUK CIGLI,6.01,117806.681,0,1,0,0,25,0,0.0,1241.341,0.0,0.0,116565.34,0.0,26,ORTA_TICARETHANE
7850627,38.50452581,26.98972016,35-09-M00254,35,CIGLI,KAKLIC,5.0,39.894,0,0,0,0,1,0,0.0,0.0,0.0,0.0,39.894,0.0,1,KUCUK_TICARETHANE
7850991,38.49475701,27.07145118,35-09-K04123,35,CIGLI,SIRINTEPE,5.0,2093.065,0,0,0,0,1,0,0.0,0.0,0.0,0.0,2093.065,0.0,1,KUCUK_TICARETHANE
7851784,38.49583172,27.06458382,35-09-K01870,35,CIGLI,KOYICI,5.0,604.466,0,0,0,0,2,0,0.0,0.0,0.0,0.0,604.466,0.0,2,KUCUK_TICARETHANE
7852044,38.49876252,27.06341324,35-09-K04307,35,CIGLI,KOYICI,6.1825,44580.226,0,5,0,0,3,0,0.0,8498.512999999999,0.0,0.0,36081.713,0.0,8,ORTA_TICARETHANE
7852850,38.49407605,26.95189324,35-09-M00257,35,CIGLI,SASALLI MERKEZ,5.0,13552.083,0,1,0,0,1,0,0.0,1273.063,0.0,0.0,12279.02,0.0,2,ORTA_TICARETHANE
7853019,38.50213043,27.07457347,35-09-K01874,35,CIGLI,YAKAKENT,5.416666666666667,7722.551,0,2,0,0,1,0,0.0,6311.0160000000005,0.0,0.0,1411.535,0.0,3,KUCUK_TICARETHANE
7853058,38.48885665,27.07349014,35-09-M01950,35,CIGLI,MALTEPE,35.0,16049.81,0,0,0,0,1,0,0.0,0.0,0.0,0.0,16049.81,0.0,1,ORTA_TICARETHANE
7853110,38.49813893,27.06527372,35-09-K04307,35,CIGLI,KOYICI,5.0,215.169,0,0,0,0,1,0,0.0,0.0,0.0,0.0,215.169,0.0,1,KUCUK_TICARETHANE
7853617,38.50989185,27.04121382,35-09-M01932,35,CIGLI,BALATCIK,5.0,3648.339,0,2,0,0,1,0,0.0,3646.3469999999998,0.0,0.0,1.992,0.0,3,KUCUK_TICARETHANE
7853760,38.50050836,27.0709117,35-09-K01480,35,CIGLI,YAKAKENT,5.0,1928.112,0,0,0,0,1,0,0.0,0.0,0.0,0.0,1928.112,0.0,1,KUCUK_TICARETHANE
7853916,38.49545811,26.98707916,35-09-M02673Ã–,35,CIGLI,KAKLIC,15.0,1639.289,0,0,0,0,2,0,0.0,0.0,0.0,0.0,1639.289,0.0,2,KUCUK_TICARETHANE
7854371,38.49604238,27.0652266,35-09-K01870,35,CIGLI,KOYICI,5.0,2914.9880000000003,0,1,0,0,1,0,0.0,1790.066,0.0,0.0,1124.922,0.0,2,KUCUK_TICARETHANE
7854696,38.50159476,27.05406766,35-09-K01866,35,CIGLI,KUCUK CIGLI,5.62,1635.279,0,0,0,0,1,0,0.0,0.0,0.0,0.0,1635.279,0.0,1,KUCUK_TICARETHANE
7855281,38.50432548,27.05199276,35-09-K01867,35,CIGLI,KUCUK CIGLI,12.278,194933.374,0,1,0,0,4,0,0.0,3160.216,0.0,0.0,191773.15800000002,0.0,5,ORTA_TICARETHANE
7855567,38.50721,27.06528384,35-09-M03036,35,CIGLI,IZKENT,28.295,59231.261,0,0,0,0,2,0,0.0,0.0,0.0,0.0,59231.261,0.0,2,ORTA_TICARETHANE
7855826,38.5058063,27.04942378,35-09-K01869,35,CIGLI,KUCUK CIGLI,48.73,9093.76,0,0,0,0,1,0,0.0,0.0,0.0,0.0,9093.76,0.0,1,ORTA_TICARETHANE
7856801,38.49324173,27.06335993,35-09-M02551,35,CIGLI,KOYICI,8.76,47888.72,0,0,0,0,1,0,0.0,0.0,0.0,0.0,47888.72,0.0,1,ORTA_TICARETHANE
7856892,38.50540691,26.99077615,35-09-M00254,35,CIGLI,KAKLIC,17.6,64621.18,0,0,0,0,1,0,0.0,0.0,0.0,0.0,64621.18,0.0,1,ORTA_TICARETHANE
7858140,38.50157354,27.07037988,35-09-K01480,35,CIGLI,YAKAKENT,5.0,2914.854,0,1,0,0,1,0,0.0,1420.783,0.0,0.0,1494.071,0.0,2,KUCUK_TICARETHANE
7859401,38.5044817,26.9920017,35-09-M01145,35,CIGLI,KAKLIC,52.025,76606.56000000001,0,0,1,0,1,0,0.0,0.0,76382.82,0.0,223.74,0.0,2,ORTA_SANAYI
7860363,38.50117298,27.07394653,35-09-K01480,35,CIGLI,GUZELTEPE,5.0,8173.518999999999,0,1,0,0,1,0,0.0,7931.257,0.0,0.0,242.262,0.0,2,KUCUK_TICARETHANE
7860467,38.52394707,27.04905762,35-09-M00646,35,CIGLI,UGUR MUMCU,5.67,7036.465999999999,0,1,0,0,1,0,0.0,2115.709,0.0,0.0,4920.757,0.0,2,KUCUK_TICARETHANE
7860493,38.49310013,27.05708647,35-09-K01878,35,CIGLI,YENI MAHALLE,6.675,6719.053,0,1,0,0,1,0,0.0,2333.346,0.0,0.0,4385.707,0.0,2,KUCUK_TICARETHANE
7861286,38.5077033,27.0474767,35-09-K03315,35,CIGLI,BALATCIK,99.0,162098.1,0,0,0,0,1,0,0.0,0.0,0.0,0.0,162098.1,0.0,1,ORTA_TICARETHANE
7862378,38.49329174,27.06398819,35-09-M02551,35,CIGLI,KOYICI,8.326666666666666,41581.904,0,2,0,0,1,0,0.0,12335.074,0.0,0.0,29246.83,0.0,3,ORTA_TICARETHANE
7863015,38.49375821,27.05966568,35-09-K04020,35,CIGLI,YENI MAHALLE,8.35,3010.019,0,0,0,0,1,0,0.0,0.0,0.0,0.0,3010.019,0.0,1,KUCUK_TICARETHANE
7863262,38.49382427,27.06175295,35-09-M03520,35,CIGLI,ATASEHIR,6.56,41455.08,0,0,0,0,1,0,0.0,0.0,0.0,0.0,41455.08,0.0,1,ORTA_TICARETHANE
7863392,38.49332711,27.06292573,35-09-M03520,35,CIGLI,ATASEHIR,5.0,19571.447,0,0,0,0,4,0,0.0,0.0,0.0,0.0,19571.447,0.0,4,ORTA_TICARETHANE
7864042,38.50076037,27.07240907,35-09-K01480,35,CIGLI,GUZELTEPE,5.0,2376.384,0,0,0,0,1,0,0.0,0.0,0.0,0.0,2376.384,0.0,1,KUCUK_TICARETHANE
7865199,38.48744986,27.08236767,35-09-K01006,35,CIGLI,AYDINLIKEVLER,5.0,8187.567999999999,0,3,0,0,2,0,0.0,4078.2110000000002,0.0,0.0,4109.357,0.0,5,KUCUK_TICARETHANE
7865212,38.49805382,27.05718886,35-09-K04282,35,CIGLI,KUCUK CIGLI,29.4,1915.027,0,0,0,0,1,0,0.0,0.0,0.0,0.0,1915.027,0.0,1,ORTA_TICARETHANE
7865654,38.49186231,27.06011427,35-09-K02730,35,CIGLI,ATASEHIR,8.56,7411.106,0,2,0,0,1,0,0.0,7409.263,0.0,0.0,1.843,0.0,3,KUCUK_TICARETHANE
7865771,38.49454528,27.06588014,35-09-K01875,35,CIGLI,SIRINTEPE,12.4,143.8,0,0,0,0,1,0,0.0,0.0,0.0,0.0,143.8,0.0,1,KUCUK_TICARETHANE
7865784,38.49055277,26.94488981,35-09-M00347,35,CIGLI,SASALLI MERKEZ,5.44,68919.21,0,0,0,0,1,0,0.0,0.0,0.0,0.0,68919.21,0.0,1,ORTA_TICARETHANE
7865966,38.49533041,27.05490521,35-09-K01879,35,CIGLI,YENI MAHALLE,7.066666666666666,6058.253,0,2,0,0,1,0,0.0,5271.607,0.0,0.0,786.646,0.0,3,KUCUK_TICARETHANE
7867670,38.50897343,27.04184331,35-09-M01932,35,CIGLI,BALATCIK,8.52,6208.0779999999995,0,2,0,0,1,0,0.0,3969.7019999999998,0.0,0.0,2238.376,0.0,3,KUCUK_TICARETHANE
7868489,38.50382185,26.99339148,35-09-M01145,35,CIGLI,KAKLIC,7.28,10959.195,0,0,0,0,2,0,0.0,0.0,0.0,0.0,10959.195,0.0,2,ORTA_TICARETHANE
7869411,38.49708673,27.06769158,35-09-K01871,35,CIGLI,SIRINTEPE,7.9,6162.473,0,0,0,0,1,0,0.0,0.0,0.0,0.0,6162.473,0.0,1,KUCUK_TICARETHANE
7870334,38.5055867,27.0501792,35-09-K04776,35,CIGLI,KUCUK CIGLI,5.0,1823.141,0,0,0,0,1,0,0.0,0.0,0.0,0.0,1823.141,0.0,1,KUCUK_TICARETHANE
7872491,38.496255,27.06043999,35-09-K01876,35,CIGLI,KOYICI,14.262833333333333,298847.596,0,1,0,0,17,0,0.0,369.353,0.0,0.0,298478.243,0.0,18,ORTA_TICARETHANE
7872543,38.49878744,27.06903274,35-09-K01871,35,CIGLI,KOYICI,6.0,6352.959000000001,0,3,0,0,2,0,0.0,1997.8269999999998,0.0,0.0,4355.1320000000005,0.0,5,KUCUK_TICARETHANE
7877015,38.49315499,27.06279848,35-09-M03520,35,CIGLI,ATASEHIR,5.608333333333333,40551.71,0,1,0,0,5,0,0.0,6441.997,0.0,0.0,34109.713,0.0,6,ORTA_TICARETHANE
7880317,38.4920398,27.06553789,35-09-K01875,35,CIGLI,SIRINTEPE,5.0,12078.562,0,2,0,0,3,0,0.0,5728.0560000000005,0.0,0.0,6350.505999999999,0.0,5,KUCUK_TICARETHANE
7883151,38.49181448,27.07186614,35-09-M01951,35,CIGLI,MALTEPE,5.3,27193.240999999998,0,1,0,0,1,0,0.0,3411.391,0.0,0.0,23781.85,0.0,2,ORTA_TICARETHANE
7895971,38.52399967,27.04522161,35-09-M00845,35,CIGLI,UGUR MUMCU,5.0,45678.397000000004,0,0,0,0,2,0,0.0,0.0,0.0,0.0,45678.397000000004,0.0,2,ORTA_TICARETHANE
7896777,38.48725163,27.05659381,35-09-K03481,35,CIGLI,ATASEHIR,13.73,3048.785,0,0,0,0,1,0,0.0,0.0,0.0,0.0,3048.785,0.0,1,KUCUK_TICARETHANE
7896790,38.5135636,27.04453159,35-09-M00888,35,CIGLI,BALATCIK,7.2,20198.18,0,0,0,0,1,0,0.0,0.0,0.0,0.0,20198.18,0.0,1,ORTA_TICARETHANE
7898882,38.49493836,27.06603302,35-09-K01875,35,CIGLI,KOYICI,7.92076923076923,29430.194,0,8,0,0,5,0,0.0,22002.554,0.0,0.0,7427.640000000001,0.0,13,KUCUK_TICARETHANE
7898934,38.50179328,27.05237222,35-09-K04501,35,CIGLI,KUCUK CIGLI,8.533333333333333,5712.825,0,2,0,0,1,0,0.0,3453.6270000000004,0.0,0.0,2259.198,0.0,3,KUCUK_TICARETHANE
7906123,38.50184329,26.99266175,35-09-M02348,35,CIGLI,KAKLIC,267.194,48645.76,0,0,0,0,1,0,0.0,0.0,0.0,0.0,48645.76,0.0,1,ORTA_TICARETHANE
7906461,38.5044288,27.04936791,35-09-K04597,35,CIGLI,KUCUK CIGLI,5.029999999999999,1535.304,0,1,0,0,1,0,0.0,1535.304,0.0,0.0,0.0,0.0,2,KUCUK_TICARETHANE
7907514,38.4974755,27.06612659,35-09-K04307,35,CIGLI,KOYICI,7.233333333333333,2978.175,0,1,0,0,2,0,0.0,2059.539,0.0,0.0,918.636,0.0,3,KUCUK_TICARETHANE
7909919,38.49821263,27.05718708,35-09-K04282,35,CIGLI,KUCUK CIGLI,5.0,11571.693,0,5,0,0,5,0,0.0,11179.765,0.0,0.0,391.928,0.0,10,KUCUK_TICARETHANE
7911844,38.49973935,27.05153904,35-09-M03090,35,CIGLI,YENI MAHALLE,5.0,17822.34,0,1,0,0,3,0,0.0,8709.728,0.0,0.0,9112.612000000001,0.0,4,KUCUK_TICARETHANE
7912065,38.5242826,27.04500508,35-09-M00845,35,CIGLI,UGUR MUMCU,8.35,10633.67,0,0,0,0,1,0,0.0,0.0,0.0,0.0,10633.67,0.0,1,ORTA_TICARETHANE
7915302,38.4925398,27.05993577,35-09-K02730,35,CIGLI,ATASEHIR,10.8925,16895.903,0,4,0,0,4,0,0.0,11885.837,0.0,0.0,5010.066,0.0,8,KUCUK_TICARETHANE
7923023,38.49436476,26.95001685,35-09-M00257,35,CIGLI,SASALLI MERKEZ,5.0,5141.809,0,1,0,0,1,0,0.0,1914.172,0.0,0.0,3227.637,0.0,2,KUCUK_TICARETHANE
7947655,38.45704713,27.09911458,35-04-K00111,35,KARSIYAKA,BOSTANLI,5.625888888888889,20066.887,0,5,0,0,4,0,0.0,16908.296,0.0,0.0,3158.5910000000003,0.0,9,KUCUK_TICARETHANE
7973549,38.45574015,27.10702269,35-04-M03251,35,KARSIYAKA,BOSTANLI,15.25,15625.649,0,0,0,0,2,0,0.0,0.0,0.0,0.0,15625.649,0.0,2,ORTA_TICARETHANE
7996129,38.45688707,27.09722193,35-04-K04689,35,KARSIYAKA,BOSTANLI,12.674999999999999,55510.101,0,4,0,0,2,0,0.0,3693.5899999999997,0.0,0.0,51816.511,0.0,6,ORTA_TICARETHANE
8010727,38.45702137,27.11541851,35-04-K01746,35,KARSIYAKA,DONANMACI,9.695,41310.844000000005,0,5,0,0,5,0,0.0,6900.358,0.0,0.0,34410.486000000004,0.0,10,ORTA_TICARETHANE
8025013,38.45614714,27.11598473,35-04-K01746,35,KARSIYAKA,DONANMACI,5.0,27609.786,0,8,0,0,5,0,0.0,12413.168,0.0,0.0,15196.618,0.0,13,ORTA_TICARETHANE
8028601,38.46165577,27.12069864,35-04-K02900,35,KARSIYAKA,BAHARIYE,5.386666666666667,12934.844000000001,0,4,0,0,2,0,0.0,7947.268,0.0,0.0,4987.576,0.0,6,KUCUK_TICARETHANE
8061541,38.45893596,27.11615107,35-04-K00692,35,KARSIYAKA,BAHARIYE,5.336,19445.751,0,4,0,0,6,0,0.0,9169.226,0.0,0.0,10276.525,0.0,10,ORTA_TICARETHANE
8099692,38.53032393,27.04682726,35-09-M00212,35,CIGLI,INONU,10.1,7859.6849999999995,0,2,0,0,1,0,0.0,6783.614,0.0,0.0,1076.071,0.0,3,KUCUK_TICARETHANE
8115462,38.45602981,27.09764761,35-04-K00587,35,KARSIYAKA,BOSTANLI,5.0,10013.37,0,0,0,0,1,0,0.0,0.0,0.0,0.0,10013.37,0.0,1,ORTA_TICARETHANE
8144463,38.51966387,27.03985796,35-09-M00625,35,CIGLI,AHMET EFENDI,7.99125,22425.521,0,5,0,0,3,0,0.0,4061.995,0.0,0.0,18363.525999999998,0.0,8,ORTA_TICARETHANE
8165224,38.51955945,27.0396624,35-09-M00625,35,CIGLI,AHMET EFENDI,16.05,2207.798,0,0,0,0,2,0,0.0,0.0,0.0,0.0,2207.798,0.0,2,ORTA_TICARETHANE
8167539,38.53355722,27.05217199,35-09-M00209,35,CIGLI,HARMANDALI GAZI MUSTAFA KEMAL ATATURK,6.853333333333334,11811.487,0,2,0,0,1,0,0.0,8571.940999999999,0.0,0.0,3239.546,0.0,3,KUCUK_TICARETHANE
8172243,38.53437486,27.04933214,35-09-M00208,35,CIGLI,HARMANDALI GAZI MUSTAFA KEMAL ATATURK,5.0,10183.531,0,2,0,0,1,0,0.0,8291.81,0.0,0.0,1891.721,0.0,3,KUCUK_TICARETHANE
8175316,38.53413544,27.051131,35-09-M00209,35,CIGLI,HARMANDALI GAZI MUSTAFA KEMAL ATATURK,5.0,45387.652,0,0,0,0,2,0,0.0,0.0,0.0,0.0,45387.652,0.0,2,ORTA_TICARETHANE
8198918,38.4562363,27.12177921,35-04-K00893,35,KARSIYAKA,TUNA,5.723333333333334,30038.999,0,2,0,0,4,0,0.0,4443.223,0.0,0.0,25595.775999999998,0.0,6,ORTA_TICARETHANE
8214323,38.46589668,27.10653722,35-04-K01433,35,KARSIYAKA,GONCALAR,10.108461538461539,41279.987,0,9,0,0,4,0,0.0,24713.975,0.0,0.0,16566.012,0.0,13,ORTA_TICARETHANE
8214443,38.45250099,27.114699,35-04-K03185,35,KARSIYAKA,DONANMACI,5.0,10692.938,0,5,0,0,4,0,0.0,9550.573,0.0,0.0,1142.365,0.0,9,KUCUK_TICARETHANE
8238107,38.45594015,27.12070809,35-04-K04454,35,KARSIYAKA,TUNA,29.38,28231.38,0,0,0,0,1,0,0.0,0.0,0.0,0.0,28231.38,0.0,1,ORTA_TICARETHANE
8238131,38.45592869,27.12087937,35-04-K04454,35,KARSIYAKA,TUNA,6.478947368421053,131874.614,0,11,0,0,8,0,0.0,18310.277000000002,0.0,0.0,113564.337,0.0,19,ORTA_TICARETHANE
8238143,38.45599,27.1205933,35-04-K04454,35,KARSIYAKA,TUNA,15.01,67362.77,0,0,0,0,1,0,0.0,0.0,0.0,0.0,67362.77,0.0,1,ORTA_TICARETHANE
8247911,38.45614165,27.12296214,35-04-K00363,35,KARSIYAKA,TUNA,6.441818181818181,39720.38,0,6,0,0,5,0,0.0,11778.98,0.0,0.0,27941.4,0.0,11,ORTA_TICARETHANE
8252975,38.46823039,27.08821966,35-04-K01450,35,KARSIYAKA,YALI,5.478571428571429,44336.263,0,4,0,0,3,0,0.0,10196.26,0.0,0.0,34140.003,0.0,7,ORTA_TICARETHANE
8281279,38.45633172,27.11546114,35-04-K01746,35,KARSIYAKA,DONANMACI,6.706666666666667,28682.414,0,5,0,0,4,0,0.0,12178.405999999999,0.0,0.0,16504.008,0.0,9,ORTA_TICARETHANE
8289017,38.47250585,27.09126011,35-04-K04099,35,KARSIYAKA,YALI,11.994125,13750.947,0,5,0,0,3,0,0.0,11698.85,0.0,0.0,2052.097,0.0,8,KUCUK_TICARETHANE
8303248,38.4598339,27.11620042,35-04-K01360,35,KARSIYAKA,BAHARIYE,8.35,15069.29,0,0,0,0,1,0,0.0,0.0,0.0,0.0,15069.29,0.0,1,ORTA_TICARETHANE
8313194,38.489211,27.07226809,35-09-M01950,35,CIGLI,MALTEPE,7.72,11053.26,0,0,0,0,1,0,0.0,0.0,0.0,0.0,11053.26,0.0,1,ORTA_TICARETHANE
8323635,38.4886343,27.07253939,35-09-M01950,35,CIGLI,MALTEPE,35.36,35459.7,0,0,0,0,1,0,0.0,0.0,0.0,0.0,35459.7,0.0,1,ORTA_TICARETHANE
8341000,38.47327961,27.09971146,35-04-K03083,35,KARSIYAKA,FIKRI ALTAY,5.0,4328.774,0,0,0,0,1,0,0.0,0.0,0.0,0.0,4328.774,0.0,1,KUCUK_TICARETHANE
8471653,38.49755638,26.95328099,35-09-M00447,35,CIGLI,SASALLI MERKEZ,5.0,2600.196,0,0,0,0,1,0,0.0,0.0,0.0,0.0,2600.196,0.0,1,KUCUK_TICARETHANE
8493733,38.51878357,27.05633056,35-09-K02764,35,CIGLI,EVKA-5,11.8,9682.56,0,0,0,0,1,0,0.0,0.0,0.0,0.0,9682.56,0.0,1,KUCUK_TICARETHANE
8512238,38.51063209,27.04069508,35-09-M00999,35,CIGLI,BALATCIK,9.881333333333332,21951.777,0,3,0,0,3,0,0.0,4394.648999999999,0.0,0.0,17557.128,0.0,6,ORTA_TICARETHANE
8526960,38.45720762,27.11938591,35-04-K03844,35,KARSIYAKA,TUNA,23.4,61125.53,0,0,0,0,2,0,0.0,0.0,0.0,0.0,61125.53,0.0,2,ORTA_TICARETHANE
8529661,38.45983151,27.09573246,35-04-M02777,35,KARSIYAKA,BOSTANLI,5.528052631578947,49035.392,0,13,0,0,6,0,0.0,25796.673,0.0,0.0,23238.719,0.0,19,ORTA_TICARETHANE
8544298,38.46439494,27.11233655,35-04-M02959,35,KARSIYAKA,BAHCELIEVLER,6.526000000000001,47669.94,0,9,0,0,5,0,0.0,17366.569,0.0,0.0,30303.371000000003,0.0,14,ORTA_TICARETHANE
8562236,38.4994262,27.0841715,35-09-M01974,35,CIGLI,EVKA - 2,33.88933333333333,86376.962,0,0,0,0,3,0,0.0,0.0,0.0,0.0,86376.962,0.0,3,ORTA_TICARETHANE
8571885,38.51071101,27.04071104,35-09-M00396,35,CIGLI,BALATCIK,9.426666666666668,12858.545,0,4,0,0,2,0,0.0,4799.37,0.0,0.0,8059.174999999999,0.0,6,KUCUK_TICARETHANE
8575292,38.45770625,27.09763196,35-04-M02777,35,KARSIYAKA,BOSTANLI,5.45875,93647.19200000001,0,9,0,0,7,0,0.0,12686.474,0.0,0.0,80960.71800000001,0.0,16,ORTA_TICARETHANE
8578616,38.45733825,27.09682487,35-04-K04689,35,KARSIYAKA,BOSTANLI,5.256384615384615,30525.331000000002,0,9,0,0,4,0,0.0,18999.644,0.0,0.0,11525.687,0.0,13,ORTA_TICARETHANE
8587016,38.47814092,27.10969618,35-04-K00358,35,KARSIYAKA,ORNEKKOY,16.47,18699.73,0,0,0,0,1,0,0.0,0.0,0.0,0.0,18699.73,0.0,1,ORTA_TICARETHANE
8587556,38.45670909,27.116867,35-04-K02433,35,KARSIYAKA,TUNA,5.24,39004.048,0,1,0,0,7,0,0.0,4455.723,0.0,0.0,34548.325000000004,0.0,8,ORTA_TICARETHANE
8596856,38.51059385,27.04054122,35-09-M00999,35,CIGLI,BALATCIK,7.960000000000001,11506.839,0,2,0,0,1,0,0.0,6206.827,0.0,0.0,5300.012,0.0,3,KUCUK_TICARETHANE
8597204,38.45508096,27.10731236,35-04-K00277,35,KARSIYAKA,AKSOY,5.0,956.176,0,0,0,0,1,0,0.0,0.0,0.0,0.0,956.176,0.0,1,KUCUK_TICARETHANE
8623319,38.46011835,27.11304085,35-04-K03676,35,KARSIYAKA,BAHRIYE UCOK,164.6,641906.01,0,0,0,0,4,0,0.0,0.0,0.0,0.0,641906.01,0.0,4,ORTA_TICARETHANE
8623332,38.45660648,27.11983498,35-04-K01990,35,KARSIYAKA,TUNA,5.0,9406.067,0,2,0,0,2,0,0.0,4243.477,0.0,0.0,5162.59,0.0,4,KUCUK_TICARETHANE
8658182,38.4894775,27.06367523,35-09-M01897,35,CIGLI,ATASEHIR,85.49,83346.037,0,0,0,0,2,0,0.0,0.0,0.0,0.0,83346.037,0.0,2,ORTA_TICARETHANE
8676389,38.45973748,27.1147502,35-04-K01360,35,KARSIYAKA,BAHARIYE,5.0,5116.844,0,0,0,0,1,0,0.0,0.0,0.0,0.0,5116.844,0.0,1,KUCUK_TICARETHANE
8682274,38.45859091,27.12543678,35-04-K01670,35,KARSIYAKA,ALAYBEY,95.8,50688.6,0,0,0,0,1,0,0.0,0.0,0.0,0.0,50688.6,0.0,1,ORTA_TICARETHANE
8689258,38.4666117,27.116855,35-04-M01033,35,KARSIYAKA,BAHCELIEVLER,7.46,22191.65,0,0,0,0,1,0,0.0,0.0,0.0,0.0,22191.65,0.0,1,ORTA_TICARETHANE
8695596,38.47272434,27.09084866,35-04-M01743,35,KARSIYAKA,YALI,9.164444444444445,44456.888,0,6,0,0,3,0,0.0,13311.55,0.0,0.0,31145.337999999996,0.0,9,ORTA_TICARETHANE
8695662,38.47352523,27.0954563,35-04-K01482,35,KARSIYAKA,SEMIKLER,14.02,223.66,0,0,0,0,1,0,0.0,0.0,0.0,0.0,223.66,0.0,1,KUCUK_TICARETHANE
8708376,38.53001876,27.04810558,35-09-M00212,35,CIGLI,INONU,8.35,1004.473,0,0,0,0,1,0,0.0,0.0,0.0,0.0,1004.473,0.0,1,KUCUK_TICARETHANE
8713404,38.49391427,27.06106465,35-09-M03520,35,CIGLI,YENI MAHALLE,11.262,25407.692,0,1,0,0,4,0,0.0,1593.262,0.0,0.0,23814.429999999997,0.0,5,ORTA_TICARETHANE
8714713,38.46008214,27.11435174,35-04-K03676,35,KARSIYAKA,BAHRIYE UCOK,6.4783333333333335,62907.69,0,6,0,0,9,0,0.0,7070.802,0.0,0.0,55836.888,0.0,15,ORTA_TICARETHANE
8714955,38.4931633,27.0523467,35-09-K03314,35,CIGLI,ATASEHIR,100.75,131820.4,0,0,0,0,1,0,0.0,0.0,0.0,0.0,131820.4,0.0,1,ORTA_TICARETHANE
8724689,38.45656332,27.11306394,35-04-K03204,35,KARSIYAKA,DONANMACI,27.385,33986.752,0,0,0,0,2,0,0.0,0.0,0.0,0.0,33986.752,0.0,2,ORTA_TICARETHANE
8724788,38.45649138,27.11530531,35-04-K01746,35,KARSIYAKA,DONANMACI,14.88,710.032,0,0,0,0,1,0,0.0,0.0,0.0,0.0,710.032,0.0,1,KUCUK_TICARETHANE
8726603,38.49344935,27.06313524,35-09-M02551,35,CIGLI,KOYICI,26.9,56279.39,0,0,0,0,1,0,0.0,0.0,0.0,0.0,56279.39,0.0,1,ORTA_TICARETHANE
8728946,38.47404673,27.10216334,35-04-M01184,35,KARSIYAKA,FIKRI ALTAY,5.0,2968.306,0,0,0,0,1,0,0.0,0.0,0.0,0.0,2968.306,0.0,1,KUCUK_TICARETHANE
8735746,38.46473175,27.12601904,35-04-K04059,35,KARSIYAKA,BAHCELIEVLER,30.81,21687.27,0,0,0,0,1,0,0.0,0.0,0.0,0.0,21687.27,0.0,1,ORTA_TICARETHANE
8743907,38.46534777,27.0897887,35-04-K00885,35,KARSIYAKA,ATAKENT,6.431538461538461,57296.386,0,9,0,0,4,0,0.0,18134.424,0.0,0.0,39161.962,0.0,13,ORTA_TICARETHANE
8746062,38.48248231,27.09618439,35-04-K00243,35,KARSIYAKA,CUMHURIYET,11.68,6628.364,0,0,0,0,2,0,0.0,0.0,0.0,0.0,6628.364,0.0,2,KUCUK_TICARETHANE
8746205,38.47378711,27.10511168,35-04-K03214,35,KARSIYAKA,DEDEBASI,6.239999999999999,20641.424,0,2,0,0,1,0,0.0,4162.9439999999995,0.0,0.0,16478.48,0.0,3,ORTA_TICARETHANE
8749627,38.45927896,27.11758116,35-04-K01064,35,KARSIYAKA,BAHARIYE,5.0,30951.567,0,9,0,0,4,0,0.0,26654.947,0.0,0.0,4296.62,0.0,13,KUCUK_TICARETHANE
8760262,38.45676006,27.11912898,35-04-K03844,35,KARSIYAKA,TUNA,6.594375,24060.055,0,1,0,0,15,0,0.0,3391.026,0.0,0.0,20669.029,0.0,16,ORTA_TICARETHANE
8776301,38.4584567,27.1213133,35-04-K00928,35,KARSIYAKA,TUNA,5.0,21019.539,0,0,0,0,6,0,0.0,0.0,0.0,0.0,21019.539,0.0,6,ORTA_TICARETHANE
8776884,38.47788897,27.11478595,35-04-K03969,35,KARSIYAKA,ORNEKKOY,11.51,27310.610999999997,0,3,0,0,3,0,0.0,2718.984,0.0,0.0,24591.627,0.0,6,ORTA_TICARETHANE
8779689,38.45910928,27.12105154,35-04-K00166,35,KARSIYAKA,ALAYBEY,8.935,7368.358,0,0,0,0,1,0,0.0,0.0,0.0,0.0,7368.358,0.0,1,KUCUK_TICARETHANE
8782582,38.46706978,27.09795824,35-04-M01643,35,KARSIYAKA,DEMIRKOPRU,5.053333333333334,7243.74,0,2,0,0,1,0,0.0,6919.483,0.0,0.0,324.257,0.0,3,KUCUK_TICARETHANE
8784519,38.47246092,27.10804106,35-04-M02100,35,KARSIYAKA,IMBATLI,5.0,11867.241,0,2,0,0,1,0,0.0,6880.746,0.0,0.0,4986.495,0.0,3,KUCUK_TICARETHANE
8785129,38.46422836,27.10817711,35-04-M01040,35,KARSIYAKA,GONCALAR,8.517777777777777,21141.863,0,6,0,0,3,0,0.0,16279.286,0.0,0.0,4862.577,0.0,9,KUCUK_TICARETHANE
8785149,38.45870093,27.11993167,35-04-K00017,35,KARSIYAKA,ALAYBEY,5.0,28416.744,0,9,0,0,5,0,0.0,14045.07,0.0,0.0,14371.673999999999,0.0,14,ORTA_TICARETHANE
8785669,38.45637476,27.11796518,35-04-K01681,35,KARSIYAKA,TUNA,6.975,24268.85,0,0,0,0,2,0,0.0,0.0,0.0,0.0,24268.85,0.0,2,ORTA_TICARETHANE
8787119,38.46694114,27.18000795,35-04-K00111,35,KARSIYAKA,BOSTANLI,5.0,22427.355,0,1,0,0,1,0,0.0,2789.875,0.0,0.0,19637.48,0.0,2,ORTA_TICARETHANE
8788261,38.45785899,27.11684497,35-04-K00692,35,KARSIYAKA,TUNA,11.85,75047.693,0,0,0,0,14,0,0.0,0.0,0.0,0.0,75047.693,0.0,14,ORTA_TICARETHANE
8792612,38.47542496,27.10588581,35-04-K00427,35,KARSIYAKA,IMBATLI,11.795,37860.631,0,0,0,0,2,0,0.0,0.0,0.0,0.0,37860.631,0.0,2,ORTA_TICARETHANE
8792700,38.45680337,27.12006351,35-04-K01990,35,KARSIYAKA,TUNA,8.82,34481.25,0,0,0,0,1,0,0.0,0.0,0.0,0.0,34481.25,0.0,1,ORTA_TICARETHANE
8794756,38.47270792,27.08752576,35-04-M01178,35,KARSIYAKA,YALI,14.558461538461538,55777.767,0,9,0,0,4,0,0.0,21211.618000000002,0.0,0.0,34566.149,0.0,13,ORTA_TICARETHANE
8797495,38.48494542,27.09653555,35-04-K03773,35,KARSIYAKA,CUMHURIYET,5.0,14332.23,0,0,0,0,1,0,0.0,0.0,0.0,0.0,14332.23,0.0,1,ORTA_TICARETHANE
8804655,38.4596783,27.1149817,35-04-K01360,35,KARSIYAKA,BAHARIYE,5.0,301994.9,0,0,0,0,1,0,0.0,0.0,0.0,0.0,301994.9,0.0,1,ORTA_TICARETHANE
8811335,38.53369916,27.05359965,35-09-M00206,35,CIGLI,HARMANDALI GAZI MUSTAFA KEMAL ATATURK,9.52,10296.081,0,1,0,0,1,0,0.0,6859.295,0.0,0.0,3436.786,0.0,2,KUCUK_TICARETHANE
8811445,38.49427058,27.0745352,35-09-M01981,35,CIGLI,MALTEPE,8.35,8265.739,0,0,0,0,1,0,0.0,0.0,0.0,0.0,8265.739,0.0,1,KUCUK_TICARETHANE
8812424,38.48723431,27.07469431,35-09-K01887,35,CIGLI,ATASEHIR,8.35,21643.83,0,0,0,0,1,0,0.0,0.0,0.0,0.0,21643.83,0.0,1,ORTA_TICARETHANE
8812952,38.45444782,27.11457173,35-04-K00018,35,KARSIYAKA,DONANMACI,12.825454545454544,27191.695,0,7,0,0,4,0,0.0,10278.173,0.0,0.0,16913.521999999997,0.0,11,ORTA_TICARETHANE
8819751,38.46468102,27.10860435,35-04-K02316,35,KARSIYAKA,GONCALAR,5.0,11587.132,0,4,0,0,2,0,0.0,7909.722,0.0,0.0,3677.41,0.0,6,KUCUK_TICARETHANE
8830916,38.45827985,27.10523171,35-04-M03251,35,KARSIYAKA,BOSTANLI,15.01,25700.24,0,0,0,0,1,0,0.0,0.0,0.0,0.0,25700.24,0.0,1,ORTA_TICARETHANE
8841498,38.45624502,27.11809584,35-04-K01109,35,KARSIYAKA,DONANMACI,116.4,181588.7,0,0,0,0,1,0,0.0,0.0,0.0,0.0,181588.7,0.0,1,ORTA_TICARETHANE
8845031,38.45575393,27.11830529,35-04-K01555,35,KARSIYAKA,DONANMACI,5.0,2375.263,0,0,0,0,1,0,0.0,0.0,0.0,0.0,2375.263,0.0,1,KUCUK_TICARETHANE
8849530,38.46506223,27.0943071,35-04-M01186,35,KARSIYAKA,YALI,27.55,32273.9,0,0,0,0,2,0,0.0,0.0,0.0,0.0,32273.9,0.0,2,ORTA_TICARETHANE
8863798,38.474171,27.07443,35-04-M02237Ã–,35,KARSIYAKA,MAVISEHIR,5200.0,16678844.1,0,0,0,0,2,0,0.0,0.0,0.0,0.0,16678844.1,0.0,2,BUYUK_TICARETHANE
8865074,38.47380906,27.10206435,35-04-M01184,35,KARSIYAKA,FIKRI ALTAY,11.673333333333332,32474.339,0,0,0,0,3,0,0.0,0.0,0.0,0.0,32474.339,0.0,3,ORTA_TICARETHANE
8868208,38.51187954,27.04645647,35-09-K04165,35,CIGLI,BALATCIK,9.046666666666667,6089.017,0,2,0,0,1,0,0.0,4305.912,0.0,0.0,1783.105,0.0,3,KUCUK_TICARETHANE
8870024,38.49306635,27.06404511,35-09-M02551,35,CIGLI,KOYICI,8.58,53833.1,0,0,0,0,1,0,0.0,0.0,0.0,0.0,53833.1,0.0,1,ORTA_TICARETHANE
8872587,38.51324183,27.03839843,35-09-M00999,35,CIGLI,BALATCIK,241.81999999999996,178704.13999999998,0,0,0,0,3,0,0.0,0.0,0.0,0.0,178704.13999999998,0.0,3,ORTA_TICARETHANE
8874127,38.4581117,27.11357325,35-04-K00489,35,KARSIYAKA,BAHRIYE UCOK,10.278428571428572,13994.187,0,1,0,0,6,0,0.0,1195.388,0.0,0.0,12798.799,0.0,7,ORTA_TICARETHANE
8874809,38.47142141,27.09530037,35-04-K00197,35,KARSIYAKA,SEMIKLER,5.0,11698.49,0,3,0,0,2,0,0.0,9110.612000000001,0.0,0.0,2587.8779999999997,0.0,5,KUCUK_TICARETHANE
8896447,38.53107583,27.04816567,35-09-M00219,35,CIGLI,INONU,8.35,1595.897,0,0,0,0,1,0,0.0,0.0,0.0,0.0,1595.897,0.0,1,KUCUK_TICARETHANE
8897008,38.45857777,27.1203097,35-04-K00017,35,KARSIYAKA,TUNA,5.0,36063.328,0,0,0,0,6,0,0.0,0.0,0.0,0.0,36063.328,0.0,6,ORTA_TICARETHANE
8898823,38.46010932,27.09709979,35-04-K00849,35,KARSIYAKA,BOSTANLI,7.5,3828.646,0,0,0,0,1,0,0.0,0.0,0.0,0.0,3828.646,0.0,1,KUCUK_TICARETHANE
8901398,38.47419014,27.10415335,35-04-K03214,35,KARSIYAKA,DEDEBASI,15.01,4697.598,0,0,0,0,1,0,0.0,0.0,0.0,0.0,4697.598,0.0,1,ORTA_TICARETHANE
8902817,38.47925744,27.08828617,35-04-M01676,35,KARSIYAKA,SEMIKLER,5.0,8597.088,0,1,0,0,1,0,0.0,4757.091,0.0,0.0,3839.997,0.0,2,KUCUK_TICARETHANE
8904082,38.45649957,27.09991887,35-04-K00111,35,KARSIYAKA,BOSTANLI,5.0,14717.741,0,5,0,0,3,0,0.0,10027.834,0.0,0.0,4689.907,0.0,8,KUCUK_TICARETHANE
8905985,38.47267084,27.1085813,35-04-M02100,35,KARSIYAKA,IMBATLI,5.0,4624.745,0,1,0,0,1,0,0.0,2260.0,0.0,0.0,2364.745,0.0,2,KUCUK_TICARETHANE
8906007,38.45697761,27.11980205,35-04-K01990,35,KARSIYAKA,TUNA,8.35,60636.9,0,0,0,0,1,0,0.0,0.0,0.0,0.0,60636.9,0.0,1,ORTA_TICARETHANE
8906480,38.45769769,27.12166599,35-04-K00928,35,KARSIYAKA,TUNA,5.257692307692308,28081.16,0,9,0,0,4,0,0.0,24654.18,0.0,0.0,3426.98,0.0,13,KUCUK_TICARETHANE
8907756,38.4578184,27.09506608,35-04-K04689,35,KARSIYAKA,BOSTANLI,10.1455,10223.776,0,4,0,0,2,0,0.0,9628.461,0.0,0.0,595.315,0.0,6,KUCUK_TICARETHANE
8907987,38.45669935,27.1162689,35-04-K01746,35,KARSIYAKA,DONANMACI,6.283333333333333,41799.106,0,0,0,0,18,0,0.0,0.0,0.0,0.0,41799.106,0.0,18,ORTA_TICARETHANE
8911407,38.45792496,27.11965348,35-04-K00928,35,KARSIYAKA,TUNA,5.671333333333333,24878.623,0,9,0,0,6,0,0.0,17822.882999999998,0.0,0.0,7055.74,0.0,15,KUCUK_TICARETHANE
8912694,38.45784307,27.09679055,35-04-K04689,35,KARSIYAKA,BOSTANLI,5.9433,99406.777,0,5,0,0,5,0,0.0,10436.2,0.0,0.0,88970.577,0.0,10,ORTA_TICARETHANE
8912705,38.45788042,27.12002457,35-04-K00928,35,KARSIYAKA,TUNA,5.239285714285714,30610.882,0,7,0,0,7,0,0.0,16052.982,0.0,0.0,14557.9,0.0,14,ORTA_TICARETHANE
8913244,38.52759851,27.04827799,35-09-M00216,35,CIGLI,INONU,5.0,892.876,0,0,0,0,1,0,0.0,0.0,0.0,0.0,892.876,0.0,1,KUCUK_TICARETHANE
8914795,38.46521172,27.10217096,35-04-K01411,35,KARSIYAKA,GONCALAR,5.0,5748.3589999999995,0,2,0,0,1,0,0.0,5603.878,0.0,0.0,144.481,0.0,3,KUCUK_TICARETHANE
8915081,38.46079648,27.1237488,35-04-K03102,35,KARSIYAKA,TERSANE,5.0,32859.684,0,9,0,0,4,0,0.0,30084.57,0.0,0.0,2775.114,0.0,13,KUCUK_TICARETHANE
8919956,38.4588782,27.09698327,35-04-K00849,35,KARSIYAKA,BOSTANLI,5.4176874999999995,20181.714,0,11,0,0,5,0,0.0,15890.315,0.0,0.0,4291.398999999999,0.0,16,KUCUK_TICARETHANE
8922574,38.45948514,27.11552632,35-04-K01360,35,KARSIYAKA,BAHARIYE,5.5905555555555555,40033.7621,0,12,0,0,6,0,0.0,28394.63,0.0,0.0,11639.1321,0.0,18,ORTA_TICARETHANE
8925984,38.46560305,27.09289731,35-04-M01035,35,KARSIYAKA,YALI,5.8375,11419.247,0,5,0,0,3,0,0.0,9856.595,0.0,0.0,1562.6519999999998,0.0,8,KUCUK_TICARETHANE
8925995,38.46531182,27.10243187,35-04-K01411,35,KARSIYAKA,DEDEBASI,5.0,7495.593,0,2,0,0,2,0,0.0,7495.263999999999,0.0,0.0,0.329,0.0,4,KUCUK_TICARETHANE
8926567,38.53405279,27.0505229,35-09-M00208,35,CIGLI,HARMANDALI GAZI MUSTAFA KEMAL ATATURK,5.0,12851.824,0,2,0,0,2,0,0.0,3027.2929999999997,0.0,0.0,9824.531,0.0,4,KUCUK_TICARETHANE
8932254,38.46633563,27.10643471,35-04-K01433,35,KARSIYAKA,GONCALAR,7.392,18643.6,0,3,0,0,2,0,0.0,13582.197,0.0,0.0,5061.403,0.0,5,KUCUK_TICARETHANE
8937424,38.4603669,27.10511082,35-04-K00930,35,KARSIYAKA,NERGIZ,5.528947368421052,36106.394,0,13,0,0,6,0,0.0,24666.947,0.0,0.0,11439.447,0.0,19,ORTA_TICARETHANE
8938767,38.45715447,27.1200034,35-04-K00928,35,KARSIYAKA,TUNA,38.43,19819.81,0,0,0,0,1,0,0.0,0.0,0.0,0.0,19819.81,0.0,1,ORTA_TICARETHANE
8939636,38.53552,27.050085,35-09-M00208,35,CIGLI,HARMANDALI GAZI MUSTAFA KEMAL ATATURK,15.01,43556.01,0,0,0,0,1,0,0.0,0.0,0.0,0.0,43556.01,0.0,1,ORTA_TICARETHANE
8939856,38.4590491,27.09613121,35-04-K00849,35,KARSIYAKA,BOSTANLI,5.555499999999999,8882.274,0,4,0,0,2,0,0.0,4692.169,0.0,0.0,4190.105,0.0,6,KUCUK_TICARETHANE
8940824,38.46380582,27.10575521,35-04-K04246,35,KARSIYAKA,GONCALAR,5.446666666666667,44635.943999999996,0,9,0,0,6,0,0.0,10338.945,0.0,0.0,34296.999,0.0,15,ORTA_TICARETHANE
8940989,38.49383085,27.06962227,35-09-K04122,35,CIGLI,SIRINTEPE,7.766666666666667,1010.0409999999999,0,1,0,0,2,0,0.0,386.893,0.0,0.0,623.148,0.0,3,KUCUK_TICARETHANE
8942232,38.45607695,27.11851028,35-04-K01109,35,KARSIYAKA,TUNA,5.0,35579.991,0,1,0,0,4,0,0.0,2672.74,0.0,0.0,32907.251000000004,0.0,5,ORTA_TICARETHANE
8943322,38.46577299,27.10168529,35-04-M01607,35,KARSIYAKA,DEDEBASI,7.933333333333334,521.06701,0,2,0,0,1,0,0.0,449.355,0.0,0.0,71.71201,0.0,3,KUCUK_TICARETHANE
8944213,38.45522618,27.11371437,35-04-K00833,35,KARSIYAKA,DONANMACI,5.0,23749.319,0,8,0,0,6,0,0.0,16640.165,0.0,0.0,7109.1539999999995,0.0,14,KUCUK_TICARETHANE
8944774,38.45776562,27.11582964,35-04-K00692,35,KARSIYAKA,TUNA,5.503,70915.883,0,0,0,0,20,0,0.0,0.0,0.0,0.0,70915.883,0.0,20,ORTA_TICARETHANE
8946446,38.46069469,27.11493036,35-04-K01360,35,KARSIYAKA,BAHARIYE,7.721666666666668,75340.32400000001,0,8,0,0,10,0,0.0,10943.296,0.0,0.0,64397.028000000006,0.0,18,ORTA_TICARETHANE
8947810,38.45631422,27.11799437,35-04-K01109,35,KARSIYAKA,TUNA,6.458260869565217,104537.27699,0,0,0,0,23,0,0.0,0.0,0.0,0.0,104537.27699,0.0,23,ORTA_TICARETHANE
8948129,38.48122756,27.08888902,35-04-K00308,35,KARSIYAKA,SEMIKLER,5.0,7447.885,0,2,0,0,1,0,0.0,1546.595,0.0,0.0,5901.29,0.0,3,KUCUK_TICARETHANE
8949064,38.45797743,27.12215059,35-04-K00893,35,KARSIYAKA,TUNA,5.0,11412.307,0,5,0,0,3,0,0.0,7212.072,0.0,0.0,4200.235000000001,0.0,8,KUCUK_TICARETHANE
8949856,38.45624466,27.12081004,35-04-K00928,35,KARSIYAKA,TUNA,20.0,21850.82,0,0,0,0,1,0,0.0,0.0,0.0,0.0,21850.82,0.0,1,ORTA_TICARETHANE
8950901,38.46479538,27.10581567,35-04-K00115,35,KARSIYAKA,GONCALAR,5.0,2662.871,0,0,0,0,1,0,0.0,0.0,0.0,0.0,2662.871,0.0,1,KUCUK_TICARETHANE
8951132,38.46379843,27.10597788,35-04-K04246,35,KARSIYAKA,GONCALAR,7.398571428571429,26171.716,0,4,0,0,3,0,0.0,6635.573,0.0,0.0,19536.143,0.0,7,ORTA_TICARETHANE
8954090,38.47310313,27.10848676,35-04-M02100,35,KARSIYAKA,IMBATLI,8.35,4932.887,0,0,0,0,1,0,0.0,0.0,0.0,0.0,4932.887,0.0,1,KUCUK_TICARETHANE
8954893,38.4604767,27.1205467,35-04-K00166,35,KARSIYAKA,BAHARIYE,15.01,166273.2,0,0,0,0,1,0,0.0,0.0,0.0,0.0,166273.2,0.0,1,ORTA_TICARETHANE
8958270,38.457223,27.10163363,35-04-K04641,35,KARSIYAKA,BOSTANLI,5.0,10308.322,0,4,0,0,2,0,0.0,5950.3009999999995,0.0,0.0,4358.021000000001,0.0,6,KUCUK_TICARETHANE
8958687,38.52751648,27.04698986,35-09-M00211,35,CIGLI,INONU,6.116666666666666,22573.941,0,6,0,0,3,0,0.0,9687.662,0.0,0.0,12886.279,0.0,9,ORTA_TICARETHANE
8961657,38.45749102,27.12343002,35-04-K03109,35,KARSIYAKA,TUNA,8.36,15577.55,0,0,0,0,1,0,0.0,0.0,0.0,0.0,15577.55,0.0,1,ORTA_TICARETHANE
8963131,38.45863118,27.11428463,35-04-K00590,35,KARSIYAKA,BAHRIYE UCOK,5.9375,204675.3689,0,7,0,0,13,0,0.0,23221.4619,0.0,0.0,181453.907,0.0,20,ORTA_TICARETHANE
8964077,38.45757392,27.11636621,35-04-K00692,35,KARSIYAKA,TUNA,5.0,30518.8219,0,0,0,0,17,0,0.0,0.0,0.0,0.0,30518.8219,0.0,17,ORTA_TICARETHANE
8965254,38.5305069,27.05046687,35-09-M00219,35,CIGLI,INONU,7.276666666666666,1700.896,0,0,0,0,3,0,0.0,0.0,0.0,0.0,1700.896,0.0,3,KUCUK_TICARETHANE
8967323,38.45676943,27.11837483,35-04-K01109,35,KARSIYAKA,TUNA,5.591764705882353,38316.374899999995,0,0,0,0,17,0,0.0,0.0,0.0,0.0,38316.374899999995,0.0,17,ORTA_TICARETHANE
8969829,38.4675156,27.1195959,35-04-K01285,35,KARSIYAKA,BAHCELIEVLER,250.0,528040.3,0,0,0,0,1,0,0.0,0.0,0.0,0.0,528040.3,0.0,1,ORTA_TICARETHANE
8970599,38.46524292,27.10620779,35-04-K02316,35,KARSIYAKA,GONCALAR,11.575384615384614,76638.712,0,9,0,0,4,0,0.0,20907.328,0.0,0.0,55731.384,0.0,13,ORTA_TICARETHANE
8972084,38.45602472,27.11750741,35-04-K01316,35,KARSIYAKA,DONANMACI,5.0,1799.709,0,1,0,0,2,0,0.0,767.152,0.0,0.0,1032.557,0.0,3,KUCUK_TICARETHANE
8972656,38.45867123,27.11819674,35-04-K00692,35,KARSIYAKA,BAHARIYE,5.732727272727273,17490.487,0,7,0,0,4,0,0.0,10224.270999999999,0.0,0.0,7266.216,0.0,11,KUCUK_TICARETHANE
8973195,38.47488796,27.09434137,35-04-K04708,35,KARSIYAKA,SEMIKLER,7.039999999999999,6185.563,0,2,0,0,1,0,0.0,5720.537,0.0,0.0,465.026,0.0,3,KUCUK_TICARETHANE
8973283,38.45759599,27.10942667,35-04-K00872,35,KARSIYAKA,AKSOY,5.223333333333333,26942.916,0,10,0,0,5,0,0.0,14138.201000000001,0.0,0.0,12804.715,0.0,15,ORTA_TICARETHANE
8973382,38.45789805,27.12186709,35-04-K00893,35,KARSIYAKA,TUNA,5.41875,15782.236,0,5,0,0,3,0,0.0,12900.914,0.0,0.0,2881.322,0.0,8,KUCUK_TICARETHANE
8973393,38.4577969,27.09687134,35-04-M02777,35,KARSIYAKA,BOSTANLI,10.7925,159110.12,0,4,0,0,4,0,0.0,5112.591,0.0,0.0,153997.52899999998,0.0,8,ORTA_TICARETHANE
8973404,38.45932015,27.10738814,35-04-K00930,35,KARSIYAKA,NERGIZ,5.0,1744.328,0,0,0,0,1,0,0.0,0.0,0.0,0.0,1744.328,0.0,1,KUCUK_TICARETHANE
8980070,38.45737469,27.11705674,35-04-K00692,35,KARSIYAKA,TUNA,5.957142857142857,8508.176,0,2,0,0,12,0,0.0,1049.301,0.0,0.0,7458.875,0.0,14,KUCUK_TICARETHANE
8981621,38.4777345,27.09905311,35-04-M01834,35,KARSIYAKA,CUMHURIYET,5.0,822.929,0,0,0,0,1,0,0.0,0.0,0.0,0.0,822.929,0.0,1,KUCUK_TICARETHANE
8981896,38.45800632,27.11259185,35-04-K00489,35,KARSIYAKA,BAHRIYE UCOK,29.048333333333332,43712.873,0,1,0,0,2,0,0.0,893.433,0.0,0.0,42819.44,0.0,3,ORTA_TICARETHANE
8983425,38.46945519,27.0912504,35-04-K01449,35,KARSIYAKA,YALI,5.478571428571429,24961.925,0,9,0,0,5,0,0.0,17056.869,0.0,0.0,7905.056,0.0,14,KUCUK_TICARETHANE
8986153,38.4732403,27.09875196,35-04-K04375,35,KARSIYAKA,SEMIKLER,6.37,43370.856,0,5,0,0,3,0,0.0,11024.018,0.0,0.0,32346.838,0.0,8,ORTA_TICARETHANE
8989146,38.46093522,27.12066998,35-04-K00166,35,KARSIYAKA,BAHARIYE,7.333333333333333,28622.396,0,2,0,0,1,0,0.0,4649.066,0.0,0.0,23973.33,0.0,3,ORTA_TICARETHANE
8992578,38.46399036,27.09321921,35-04-M01036,35,KARSIYAKA,BOSTANLI,494.6,836646.0,0,0,0,0,1,0,0.0,0.0,0.0,0.0,836646.0,0.0,1,BUYUK_TICARETHANE
8995076,38.46636882,27.10558745,35-04-K01433,35,KARSIYAKA,DEDEBASI,5.0,7069.928,0,2,0,0,1,0,0.0,1631.145,0.0,0.0,5438.783,0.0,3,KUCUK_TICARETHANE
8995395,38.47044394,27.09345123,35-04-K04521,35,KARSIYAKA,YALI,5.125714285714286,25551.569000000003,0,0,0,0,7,0,0.0,0.0,0.0,0.0,25551.569000000003,0.0,7,ORTA_TICARETHANE
8995417,38.4579823,27.09627147,35-04-M02777,35,KARSIYAKA,BOSTANLI,5.1000000000000005,30393.722999999998,0,3,0,0,4,0,0.0,5246.069,0.0,0.0,25147.654,0.0,7,ORTA_TICARETHANE
8997166,38.45606531,27.1194453,35-04-K01990,35,KARSIYAKA,TUNA,8.203,32958.390999999996,0,2,0,0,2,0,0.0,4742.5289999999995,0.0,0.0,28215.862,0.0,4,ORTA_TICARETHANE
9000796,38.47422,27.0905217,35-04-K03022,35,KARSIYAKA,YALI,177.38,147874.3,0,0,0,0,1,0,0.0,0.0,0.0,0.0,147874.3,0.0,1,ORTA_TICARETHANE
9002534,38.49251443,27.06379123,35-09-M03520,35,CIGLI,ATASEHIR,32.11,49323.87,0,0,0,0,1,0,0.0,0.0,0.0,0.0,49323.87,0.0,1,ORTA_TICARETHANE
9002545,38.48443135,27.08777956,35-04-K04918,35,KARSIYAKA,CUMHURIYET,12.0,10309.48,0,0,0,0,1,0,0.0,0.0,0.0,0.0,10309.48,0.0,1,ORTA_TICARETHANE
9003194,38.45796379,27.11763488,35-04-K01681,35,KARSIYAKA,TUNA,5.587777777777777,20255.386,0,0,0,0,18,0,0.0,0.0,0.0,0.0,20255.386,0.0,18,ORTA_TICARETHANE
9005041,38.45822274,27.12015534,35-04-K00928,35,KARSIYAKA,TUNA,5.0,4597.78,0,2,0,0,1,0,0.0,2695.435,0.0,0.0,1902.345,0.0,3,KUCUK_TICARETHANE
9005118,38.46542321,27.11714863,35-04-K00907,35,KARSIYAKA,BAHCELIEVLER,5.0,5962.639,0,0,0,0,1,0,0.0,0.0,0.0,0.0,5962.639,0.0,1,KUCUK_TICARETHANE
9006768,38.46623431,27.08993156,35-04-K00885,35,KARSIYAKA,YALI,5.0,63937.272,0,6,0,0,6,0,0.0,12258.758,0.0,0.0,51678.514,0.0,12,ORTA_TICARETHANE
9007648,38.45684275,27.11389519,35-04-K00833,35,KARSIYAKA,DONANMACI,5.257692307692308,26971.717,0,8,0,0,5,0,0.0,13818.254,0.0,0.0,13153.463,0.0,13,ORTA_TICARETHANE
9008165,38.46200608,27.12190934,35-04-K00166,35,KARSIYAKA,BAHARIYE,5.239285714285714,29996.475000000002,0,8,0,0,6,0,0.0,16996.851000000002,0.0,0.0,12999.624,0.0,14,ORTA_TICARETHANE
9010221,38.48041828,27.10904339,35-04-K00358,35,KARSIYAKA,ORNEKKOY,5.0,369.447,0,0,0,0,1,0,0.0,0.0,0.0,0.0,369.447,0.0,1,KUCUK_TICARETHANE
9010441,38.45546259,27.11777663,35-04-K03224,35,KARSIYAKA,DONANMACI,6.409090909090909,30933.529000000002,0,7,0,0,4,0,0.0,12115.437,0.0,0.0,18818.092,0.0,11,ORTA_TICARETHANE
9011189,38.45715767,27.09988032,35-04-K03719,35,KARSIYAKA,BOSTANLI,5.0,9407.461,0,1,0,0,1,0,0.0,5621.0,0.0,0.0,3786.461,0.0,2,KUCUK_TICARETHANE
9012267,38.45674494,27.11728146,35-04-K02433,35,KARSIYAKA,DONANMACI,128.63,46641.68,0,0,0,0,1,0,0.0,0.0,0.0,0.0,46641.68,0.0,1,ORTA_TICARETHANE
9012575,38.45456593,27.11166418,35-04-K00282,35,KARSIYAKA,AKSOY,5.09,33242.238,0,5,0,0,4,0,0.0,8581.534,0.0,0.0,24660.704,0.0,9,ORTA_TICARETHANE
9013622,38.45572152,27.12001668,35-04-K04454,35,KARSIYAKA,TUNA,97.774,69970.5,0,0,0,0,1,0,0.0,0.0,0.0,0.0,69970.5,0.0,1,ORTA_TICARETHANE
9014150,38.47991108,27.1102908,35-04-K00358,35,KARSIYAKA,ORNEKKOY,5.0,3782.952,0,0,0,0,2,0,0.0,0.0,0.0,0.0,3782.952,0.0,2,KUCUK_TICARETHANE
9014601,38.4601531,27.11745557,35-04-K01064,35,KARSIYAKA,BAHARIYE,5.0,11783.123,0,8,0,0,4,0,0.0,10986.505000000001,0.0,0.0,796.618,0.0,12,KUCUK_TICARETHANE
9021289,38.46047802,27.12618767,35-04-K01670,35,KARSIYAKA,TERSANE,5.33375,16466.536,0,5,0,0,3,0,0.0,7613.095,0.0,0.0,8853.441,0.0,8,KUCUK_TICARETHANE
9021740,38.45753667,27.11314576,35-04-K03204,35,KARSIYAKA,DONANMACI,10.5,35817.17,0,0,0,0,1,0,0.0,0.0,0.0,0.0,35817.17,0.0,1,ORTA_TICARETHANE
9021828,38.4696161,27.08719854,35-04-M01268,35,KARSIYAKA,YALI,5.279166666666667,19644.963,0,8,0,0,4,0,0.0,13290.982,0.0,0.0,6353.981,0.0,12,KUCUK_TICARETHANE
9024908,38.456598,27.119138,35-04-K03844,35,KARSIYAKA,TUNA,26.18,74117.45,0,0,0,0,1,0,0.0,0.0,0.0,0.0,74117.45,0.0,1,ORTA_TICARETHANE
9024919,38.4569366,27.11396795,35-04-K00833,35,KARSIYAKA,DONANMACI,6.395833333333333,18967.096,0,8,0,0,4,0,0.0,10327.621,0.0,0.0,8639.475,0.0,12,KUCUK_TICARETHANE
9026656,38.45795622,27.12115329,35-04-K00928,35,KARSIYAKA,TUNA,5.372222222222223,12274.104,0,5,0,0,4,0,0.0,5418.777,0.0,0.0,6855.327,0.0,9,KUCUK_TICARETHANE
9029098,38.47296581,27.10921725,,35,KARSIYAKA,IMBATLI,5.0,4117.451,0,0,0,0,1,0,0.0,0.0,0.0,0.0,4117.451,0.0,1,KUCUK_TICARETHANE
9029417,38.4707317,27.098935,35-04-K04709,35,KARSIYAKA,DEMIRKOPRU,106.05,324970.9,0,0,0,0,1,0,0.0,0.0,0.0,0.0,324970.9,0.0,1,ORTA_TICARETHANE
9033652,38.45730028,27.11599955,35-04-K01746,35,KARSIYAKA,DONANMACI,6.668333333333333,28443.612,0,4,0,0,2,0,0.0,14312.873,0.0,0.0,14130.739000000001,0.0,6,ORTA_TICARETHANE
9034422,38.4833082,27.09546244,35-04-K00243,35,KARSIYAKA,CUMHURIYET,5.0,831.2429999999999,0,1,0,0,1,0,0.0,827.708,0.0,0.0,3.535,0.0,2,KUCUK_TICARETHANE
9034763,38.45806088,27.09761398,35-04-M02777,35,KARSIYAKA,BOSTANLI,5.3308333333333335,71124.489,0,5,0,0,7,0,0.0,8740.043,0.0,0.0,62384.445999999996,0.0,12,ORTA_TICARETHANE
9035874,38.46071728,27.12741098,35-04-K01670,35,KARSIYAKA,TERSANE,5.941818181818181,45566.671,0,6,0,0,5,0,0.0,14036.43,0.0,0.0,31530.241,0.0,11,ORTA_TICARETHANE
9036359,38.4758199,27.1097501,35-04-M02326,35,KARSIYAKA,IMBATLI,5.0,38.339,0,0,0,0,1,0,0.0,0.0,0.0,0.0,38.339,0.0,1,KUCUK_TICARETHANE
9037426,38.45861274,27.09747481,35-04-M02777,35,KARSIYAKA,BOSTANLI,8.686714285714286,103688.387,0,8,0,0,6,0,0.0,17896.266,0.0,0.0,85792.121,0.0,14,ORTA_TICARETHANE
9037679,38.4696682,27.09430286,35-04-K03975,35,KARSIYAKA,YALI,5.88375,18968.328,0,4,0,0,4,0,0.0,7903.9580000000005,0.0,0.0,11064.37,0.0,8,ORTA_TICARETHANE
9039208,38.46078652,27.10378806,35-04-K02815,35,KARSIYAKA,NERGIZ,5.848888888888889,27981.194,0,6,0,0,3,0,0.0,17756.722,0.0,0.0,10224.472,0.0,9,ORTA_TICARETHANE
9039846,38.480933,27.09105588,35-04-K04013,35,KARSIYAKA,CUMHURIYET,6.19,59031.05,0,0,0,0,1,0,0.0,0.0,0.0,0.0,59031.05,0.0,1,ORTA_TICARETHANE
9039934,38.45703263,27.11608313,35-04-K01746,35,KARSIYAKA,DONANMACI,6.585263157894737,57949.512,0,2,0,0,17,0,0.0,2964.714,0.0,0.0,54984.797999999995,0.0,19,ORTA_TICARETHANE
9040638,38.46752962,27.08575024,35-04-K01542,35,KARSIYAKA,ATAKENT,51.12833333333333,324426.32,0,0,0,0,3,0,0.0,0.0,0.0,0.0,324426.32,0.0,3,ORTA_TICARETHANE
9040725,38.47047172,27.07694118,35-04-K02423,35,KARSIYAKA,MAVISEHIR,6.675,8579.939999999999,0,1,0,0,1,0,0.0,7785.922,0.0,0.0,794.018,0.0,2,KUCUK_TICARETHANE
9041077,38.53324942,27.05180748,35-09-M00210,35,CIGLI,HARMANDALI GAZI MUSTAFA KEMAL ATATURK,5.0,1820.9920000000002,0,1,0,0,1,0,0.0,774.891,0.0,0.0,1046.101,0.0,2,KUCUK_TICARETHANE
9042353,38.4520394,27.111993,35-04-K01088,35,KARSIYAKA,AKSOY,15.01,18388.85,0,0,0,0,1,0,0.0,0.0,0.0,0.0,18388.85,0.0,1,ORTA_TICARETHANE
9043662,38.455472,27.11815297,35-04-K01555,35,KARSIYAKA,DONANMACI,41.78,7395.356,0,0,0,0,1,0,0.0,0.0,0.0,0.0,7395.356,0.0,1,ORTA_TICARETHANE
9043871,38.4659234,27.09266186,35-04-M01035,35,KARSIYAKA,YALI,5.903499999999999,14020.504,0,5,0,0,3,0,0.0,10096.91,0.0,0.0,3923.594,0.0,8,KUCUK_TICARETHANE
9044168,38.45752972,27.10114406,35-04-K04641,35,KARSIYAKA,BOSTANLI,8.35,827.089,0,0,0,0,1,0,0.0,0.0,0.0,0.0,827.089,0.0,1,KUCUK_TICARETHANE
9046115,38.48318257,27.08716906,35-04-K01141,35,KARSIYAKA,CUMHURIYET,8.35,2928.254,0,0,0,0,1,0,0.0,0.0,0.0,0.0,2928.254,0.0,1,KUCUK_TICARETHANE
9046665,38.46385605,27.1183387,35-04-K00627,35,KARSIYAKA,BAHCELIEVLER,5.1763157894736835,34881.871,0,13,0,0,6,0,0.0,26526.674,0.0,0.0,8355.197,0.0,19,KUCUK_TICARETHANE
9047006,38.45761288,27.09895485,35-04-M02777,35,KARSIYAKA,BOSTANLI,5.962875,68031.572,0,4,0,0,4,0,0.0,4887.732,0.0,0.0,63143.84,0.0,8,ORTA_TICARETHANE
9047061,38.46389077,27.12050994,35-04-K00627,35,KARSIYAKA,BAHCELIEVLER,14.78,9472.666,0,0,0,0,1,0,0.0,0.0,0.0,0.0,9472.666,0.0,1,KUCUK_TICARETHANE
9047984,38.45584063,27.11867773,35-04-K01760,35,KARSIYAKA,DONANMACI,20.5,66253.86,0,0,0,0,1,0,0.0,0.0,0.0,0.0,66253.86,0.0,1,ORTA_TICARETHANE
9048644,38.45778135,27.1166894,35-04-K00692,35,KARSIYAKA,TUNA,10.004999999999999,67456.427,0,0,0,0,2,0,0.0,0.0,0.0,0.0,67456.427,0.0,2,ORTA_TICARETHANE
9049116,38.45748224,27.11630964,35-04-K00289,35,KARSIYAKA,DONANMACI,11.247499999999999,34776.979,0,2,0,0,2,0,0.0,2857.707,0.0,0.0,31919.272,0.0,4,ORTA_TICARETHANE
9050525,38.4811948,27.09594374,35-04-M01027,35,KARSIYAKA,CUMHURIYET,5.0,1354.128,0,0,0,0,1,0,0.0,0.0,0.0,0.0,1354.128,0.0,1,KUCUK_TICARETHANE
9053573,38.47671255,27.10029926,35-04-M02425,35,KARSIYAKA,SEMIKLER,5.0,76.236,0,0,0,0,1,0,0.0,0.0,0.0,0.0,76.236,0.0,1,KUCUK_TICARETHANE
9054343,38.46313369,27.1238574,35-04-K00766,35,KARSIYAKA,BAHCELIEVLER,11.893749999999999,30015.287,0,11,0,0,5,0,0.0,25562.264,0.0,0.0,4453.023,0.0,16,KUCUK_TICARETHANE
9054376,38.45789336,27.12094294,35-04-K00928,35,KARSIYAKA,TUNA,5.0,20729.962,0,4,0,0,2,0,0.0,9841.398,0.0,0.0,10888.564,0.0,6,ORTA_TICARETHANE
9055256,38.45874516,27.11618023,35-04-K00692,35,KARSIYAKA,BAHARIYE,5.0,9451.534,0,4,0,0,3,0,0.0,7354.768999999999,0.0,0.0,2096.765,0.0,7,KUCUK_TICARETHANE
9055795,38.4607067,27.1146917,35-04-K03676,35,KARSIYAKA,BAHRIYE UCOK,8.776250000000001,50836.494999999995,0,9,0,0,7,0,0.0,12258.88,0.0,0.0,38577.615,0.0,16,ORTA_TICARETHANE
9056818,38.46693841,27.11888396,35-04-K03043,35,KARSIYAKA,BAHCELIEVLER,211.953,524561.1,0,0,0,0,1,0,0.0,0.0,0.0,0.0,524561.1,0.0,1,ORTA_TICARETHANE
9057829,38.4595305,27.12342946,35-04-K00288,35,KARSIYAKA,ALAYBEY,6.31875,18034.456,0,5,0,0,3,0,0.0,12067.669,0.0,0.0,5966.786999999999,0.0,8,KUCUK_TICARETHANE
9057840,38.45940451,27.09744113,35-04-M02777,35,KARSIYAKA,BOSTANLI,5.0,17863.329999999998,0,0,0,0,2,0,0.0,0.0,0.0,0.0,17863.329999999998,0.0,2,ORTA_TICARETHANE
9058214,38.4555443,27.11911914,35-04-K00133,35,KARSIYAKA,DONANMACI,10.978333333333333,191024.686,0,0,0,0,12,0,0.0,0.0,0.0,0.0,191024.686,0.0,12,ORTA_TICARETHANE
9059930,38.46363336,27.10587118,35-04-K04246,35,KARSIYAKA,NERGIZ,5.0,631.183,0,0,0,0,1,0,0.0,0.0,0.0,0.0,631.183,0.0,1,KUCUK_TICARETHANE
9059974,38.45483332,27.11825253,35-04-K03224,35,KARSIYAKA,DONANMACI,6.25,29017.394999999997,0,4,0,0,2,0,0.0,5633.709000000001,0.0,0.0,23383.686,0.0,6,ORTA_TICARETHANE
9062350,38.47147003,27.08574304,35-04-K03390,35,KARSIYAKA,YALI,21.697,107539.03,0,3,0,0,7,0,0.0,10427.364,0.0,0.0,97111.666,0.0,10,ORTA_TICARETHANE
9062383,38.46690009,27.08344278,35-04-K01542,35,KARSIYAKA,ATAKENT,5.0,8926.462,0,1,0,0,1,0,0.0,6856.681,0.0,0.0,2069.781,0.0,2,KUCUK_TICARETHANE
9062900,38.45871754,27.11549516,35-04-K00590,35,KARSIYAKA,BAHARIYE,67.368,24188.95,0,0,0,0,1,0,0.0,0.0,0.0,0.0,24188.95,0.0,1,ORTA_TICARETHANE
9063241,38.45995663,27.12406224,35-04-K00288,35,KARSIYAKA,ALAYBEY,5.257692307692308,24238.695,0,9,0,0,4,0,0.0,18513.751,0.0,0.0,5724.9439999999995,0.0,13,KUCUK_TICARETHANE
9065694,38.45625404,27.11770745,35-04-K01316,35,KARSIYAKA,DONANMACI,8.38,7175.828,0,0,0,0,1,0,0.0,0.0,0.0,0.0,7175.828,0.0,1,KUCUK_TICARETHANE
9065837,38.45592674,27.11684051,35-04-K01746,35,KARSIYAKA,DONANMACI,5.0,18323.315,0,2,0,0,4,0,0.0,206.177,0.0,0.0,18117.138,0.0,6,ORTA_TICARETHANE
9069017,38.4562167,27.1160717,35-04-K01746,35,KARSIYAKA,DONANMACI,44.175000000000004,312647.64,0,0,0,0,2,0,0.0,0.0,0.0,0.0,312647.64,0.0,2,ORTA_TICARETHANE
9073020,38.46110931,27.12379937,35-04-K03102,35,KARSIYAKA,TERSANE,5.0,22409.8679,0,9,0,0,4,0,0.0,21346.527000000002,0.0,0.0,1063.3409,0.0,13,KUCUK_TICARETHANE
9073779,38.47193077,27.09556543,35-04-K04133,35,KARSIYAKA,SEMIKLER,5.0,8032.463,0,0,0,0,2,0,0.0,0.0,0.0,0.0,8032.463,0.0,2,KUCUK_TICARETHANE
9074483,38.45575214,27.11438572,35-04-K00833,35,KARSIYAKA,DONANMACI,5.372222222222223,12575.873,0,5,0,0,4,0,0.0,7029.561,0.0,0.0,5546.312,0.0,9,KUCUK_TICARETHANE
9074824,38.46317184,27.11876064,35-04-K03203,35,KARSIYAKA,BAHARIYE,5.7178571428571425,25077.925,0,9,0,0,5,0,0.0,21440.564,0.0,0.0,3637.361,0.0,14,KUCUK_TICARETHANE
9075242,38.45631185,27.11590332,35-04-K01746,35,KARSIYAKA,DONANMACI,6.116666666666667,11693.035,0,4,0,0,2,0,0.0,4564.721,0.0,0.0,7128.314,0.0,6,KUCUK_TICARETHANE
9075847,38.46796902,27.09166118,35-04-K03847,35,KARSIYAKA,YALI,6.675,28.438,0,1,0,0,1,0,0.0,0.0,0.0,0.0,28.438,0.0,2,KUCUK_TICARETHANE
9076067,38.4591717,27.09341,35-04-K00476,35,KARSIYAKA,BOSTANLI,12.916666666666666,201684.974,0,4,0,0,2,0,0.0,10375.067,0.0,0.0,191309.907,0.0,6,ORTA_TICARETHANE
9077079,38.45885665,27.11817121,35-04-K00692,35,KARSIYAKA,BAHARIYE,5.746,115462.09,0,1,0,0,4,0,0.0,25678.7,0.0,0.0,89783.39,0.0,5,ORTA_TICARETHANE
9077156,38.45437085,27.10721113,35-04-K00277,35,KARSIYAKA,AKSOY,5.265384615384615,105487.67899999999,0,9,0,0,4,0,0.0,18833.409,0.0,0.0,86654.26999999999,0.0,13,ORTA_TICARETHANE
9078069,38.45665737,27.11667854,35-04-K00289,35,KARSIYAKA,DONANMACI,7.42,38658.765,0,1,0,0,9,0,0.0,671.237,0.0,0.0,37987.528,0.0,10,ORTA_TICARETHANE
9078091,38.45966833,27.09852745,35-04-M02777,35,KARSIYAKA,BOSTANLI,5.3332999999999995,14159.918,0,6,0,0,4,0,0.0,11838.796,0.0,0.0,2321.1220000000003,0.0,10,KUCUK_TICARETHANE
9078168,38.46934756,27.10542279,35-04-M01181,35,KARSIYAKA,DEDEBASI,8.9825,22235.335,0,5,0,0,3,0,0.0,11684.698,0.0,0.0,10550.637,0.0,8,ORTA_TICARETHANE
9078575,38.457479,27.09730446,35-04-K00587,35,KARSIYAKA,BOSTANLI,5.0,12310.35,0,0,0,0,1,0,0.0,0.0,0.0,0.0,12310.35,0.0,1,ORTA_TICARETHANE
9079289,38.46246301,27.11604185,35-04-K01591,35,KARSIYAKA,BAHARIYE,5.0,87.341,0,0,0,0,1,0,0.0,0.0,0.0,0.0,87.341,0.0,1,KUCUK_TICARETHANE
9079399,38.45555457,27.1194378,35-04-K00133,35,KARSIYAKA,DONANMACI,5.519,67341.687,0,0,0,0,20,0,0.0,0.0,0.0,0.0,67341.687,0.0,20,ORTA_TICARETHANE
9079992,38.4726683,27.09953,35-04-K03083,35,KARSIYAKA,FIKRI ALTAY,13.045,10903.179,0,1,0,0,1,0,0.0,8917.573,0.0,0.0,1985.606,0.0,2,KUCUK_TICARETHANE
9080201,38.45670837,27.10596872,35-04-M03251,35,KARSIYAKA,BOSTANLI,5.0,4094.584,0,0,0,0,1,0,0.0,0.0,0.0,0.0,4094.584,0.0,1,KUCUK_TICARETHANE
9080652,38.45619596,27.11958292,35-04-K01990,35,KARSIYAKA,TUNA,18.18,37009.92,0,0,0,0,1,0,0.0,0.0,0.0,0.0,37009.92,0.0,1,ORTA_TICARETHANE
9082940,38.52688036,27.04809729,35-09-M00211,35,CIGLI,INONU,7.39,2703.3450000000003,0,1,0,0,1,0,0.0,1437.449,0.0,0.0,1265.896,0.0,2,KUCUK_TICARETHANE
9083479,38.46659477,27.08408528,35-04-K01542,35,KARSIYAKA,ATAKENT,15.9,113752.807,0,1,0,0,1,0,0.0,2700.907,0.0,0.0,111051.9,0.0,2,ORTA_TICARETHANE
9083897,38.47724402,27.09672913,35-04-K02940,35,KARSIYAKA,SEMIKLER,96.6,129610.0,0,0,0,0,1,0,0.0,0.0,0.0,0.0,129610.0,0.0,1,ORTA_TICARETHANE
9084601,38.4751835,27.09479881,35-04-K04708,35,KARSIYAKA,SEMIKLER,5.0,1733.099,0,0,0,0,1,0,0.0,0.0,0.0,0.0,1733.099,0.0,1,KUCUK_TICARETHANE
9085811,38.45499707,27.10592632,35-04-K00053,35,KARSIYAKA,BOSTANLI,5.0,345.546,0,0,0,0,1,0,0.0,0.0,0.0,0.0,345.546,0.0,1,KUCUK_TICARETHANE
9086020,38.48184354,27.08954383,35-04-K04013,35,KARSIYAKA,CUMHURIYET,5.78,13156.07,0,0,0,0,3,0,0.0,0.0,0.0,0.0,13156.07,0.0,3,ORTA_TICARETHANE
9087285,38.45681478,27.11943755,35-04-K03844,35,KARSIYAKA,TUNA,6.0600000000000005,41569.822,0,4,0,0,3,0,0.0,14050.998,0.0,0.0,27518.824,0.0,7,ORTA_TICARETHANE
9088199,38.45714933,27.11993969,35-04-K00928,35,KARSIYAKA,TUNA,6.116666666666667,14364.503999999999,0,2,0,0,1,0,0.0,5476.951999999999,0.0,0.0,8887.552,0.0,3,KUCUK_TICARETHANE
9088320,38.4567913,27.11684571,35-04-K00289,35,KARSIYAKA,DONANMACI,5.120833333333334,54307.03,0,4,0,0,8,0,0.0,7681.336,0.0,0.0,46625.694,0.0,12,ORTA_TICARETHANE
9089453,38.45673879,27.11998929,35-04-K01990,35,KARSIYAKA,TUNA,5.938,29136.3861,0,0,0,0,25,0,0.0,0.0,0.0,0.0,29136.3861,0.0,25,ORTA_TICARETHANE
9090706,38.4664457,27.0895232,35-04-K00885,35,KARSIYAKA,YALI,5.5683333333333325,34387.956,0,8,0,0,4,0,0.0,21474.756,0.0,0.0,12913.2,0.0,12,ORTA_TICARETHANE
9091179,38.45674669,27.11789783,35-04-K01109,35,KARSIYAKA,TUNA,5.943448275862069,78584.36099999999,0,0,0,0,29,0,0.0,0.0,0.0,0.0,78584.36099999999,0.0,29,ORTA_TICARETHANE
9091245,38.45660589,27.11762135,35-04-K01109,35,KARSIYAKA,DONANMACI,35.16,57498.89,0,0,0,0,1,0,0.0,0.0,0.0,0.0,57498.89,0.0,1,ORTA_TICARETHANE
9092136,38.46514063,27.12251824,35-04-K00294,35,KARSIYAKA,BAHCELIEVLER,5.239285714285714,25945.822,0,8,0,0,6,0,0.0,12148.070000000002,0.0,0.0,13797.752,0.0,14,ORTA_TICARETHANE
9093115,38.46109236,27.1053312,35-04-K01692,35,KARSIYAKA,NERGIZ,6.313333333333333,26523.915,0,0,0,0,3,0,0.0,0.0,0.0,0.0,26523.915,0.0,3,ORTA_TICARETHANE
9094094,38.45629475,27.11648369,35-04-K01746,35,KARSIYAKA,DONANMACI,5.276,17179.907,0,3,0,0,2,0,0.0,6158.067999999999,0.0,0.0,11021.839,0.0,5,ORTA_TICARETHANE
9095051,38.45918944,27.11686885,35-04-K00692,35,KARSIYAKA,BAHARIYE,5.239285714285714,24523.490999999998,0,9,0,0,5,0,0.0,16738.541,0.0,0.0,7784.95,0.0,14,KUCUK_TICARETHANE
9096273,38.45727543,27.11323122,35-04-K00833,35,KARSIYAKA,DONANMACI,5.522916666666667,34271.665,0,16,0,0,8,0,0.0,28608.11,0.0,0.0,5663.555,0.0,24,KUCUK_TICARETHANE
9097307,38.45785016,27.11500582,35-04-K00833,35,KARSIYAKA,DONANMACI,5.0,75444.17,0,4,0,0,7,0,0.0,6136.978,0.0,0.0,69307.19200000001,0.0,11,ORTA_TICARETHANE
9097692,38.45927921,27.09310383,35-04-K00476,35,KARSIYAKA,BOSTANLI,8.664285714285715,50788.689999999995,0,4,0,0,3,0,0.0,11882.675,0.0,0.0,38906.015,0.0,7,ORTA_TICARETHANE
9097945,38.47223436,27.10823127,35-04-M02100,35,KARSIYAKA,IMBATLI,8.5,24747.75,0,0,0,0,1,0,0.0,0.0,0.0,0.0,24747.75,0.0,1,ORTA_TICARETHANE
9098033,38.45554815,27.1180152,35-04-K03224,35,KARSIYAKA,DONANMACI,6.281818181818181,30685.121000000003,0,6,0,0,5,0,0.0,8633.786,0.0,0.0,22051.335,0.0,11,ORTA_TICARETHANE
9098077,38.47586669,27.08956838,35-04-K04619,35,KARSIYAKA,SEMIKLER,6.602857142857142,11763.7,0,4,0,0,3,0,0.0,10490.778,0.0,0.0,1272.922,0.0,7,KUCUK_TICARETHANE
9098154,38.46221859,27.09228279,35-04-K00191,35,KARSIYAKA,BOSTANLI,5.930000000000001,38603.795,0,7,0,0,4,0,0.0,15127.521999999999,0.0,0.0,23476.273,0.0,11,ORTA_TICARETHANE
9099969,38.45563176,27.11660535,35-04-K01746,35,KARSIYAKA,DONANMACI,5.0,35724.596999999994,0,5,0,0,4,0,0.0,19776.283,0.0,0.0,15948.314,0.0,9,ORTA_TICARETHANE
9100167,38.48006054,27.1103965,35-04-K00358,35,KARSIYAKA,ORNEKKOY,5.1000000000000005,19093.951,0,1,0,0,2,0,0.0,1672.117,0.0,0.0,17421.834000000003,0.0,3,ORTA_TICARETHANE
9100431,38.45730569,27.09899193,35-04-K00111,35,KARSIYAKA,BOSTANLI,5.528052631578947,49404.523,0,12,0,0,7,0,0.0,19136.432,0.0,0.0,30268.091,0.0,19,ORTA_TICARETHANE
9102763,38.4658283,27.1114583,35-04-M02957,35,KARSIYAKA,BAHCELIEVLER,6.196428571428571,27109.714,0,9,0,0,5,0,0.0,18982.242000000002,0.0,0.0,8127.472,0.0,14,KUCUK_TICARETHANE
9103676,38.45024867,27.11141066,35-04-K01191,35,KARSIYAKA,AKSOY,5.0,10037.15,0,0,0,0,1,0,0.0,0.0,0.0,0.0,10037.15,0.0,1,ORTA_TICARETHANE
9103808,38.47264167,27.10862162,35-04-M02100,35,KARSIYAKA,IMBATLI,5.0,249.243,0,0,0,0,1,0,0.0,0.0,0.0,0.0,249.243,0.0,1,KUCUK_TICARETHANE
9104303,38.47657664,27.1011966,35-04-M01180,35,KARSIYAKA,CUMHURIYET,6.675,4077.9159999999997,0,0,0,0,2,0,0.0,0.0,0.0,0.0,4077.9159999999997,0.0,2,KUCUK_TICARETHANE
9104435,38.45563785,27.11845909,35-04-K01555,35,KARSIYAKA,DONANMACI,6.65,21120.733,0,0,0,0,9,0,0.0,0.0,0.0,0.0,21120.733,0.0,9,ORTA_TICARETHANE
9104710,38.47535753,27.08934218,35-04-K03022,35,KARSIYAKA,YALI,5.533333333333334,9418.001,0,1,0,0,2,0,0.0,5891.162,0.0,0.0,3526.839,0.0,3,KUCUK_TICARETHANE
9105645,38.45814713,27.12131577,35-04-K00017,35,KARSIYAKA,TUNA,5.416666666666667,21636.302,0,4,0,0,2,0,0.0,14268.777,0.0,0.0,7367.525,0.0,6,KUCUK_TICARETHANE
9106692,38.51952837,27.04031637,35-09-M00625,35,CIGLI,AHMET EFENDI,7.233333333333333,28616.345,0,1,0,0,2,0,0.0,211.892,0.0,0.0,28404.453,0.0,3,ORTA_TICARETHANE
9107242,38.45880846,27.09350888,35-04-K00476,35,KARSIYAKA,BOSTANLI,46.49,55437.77,0,0,0,0,1,0,0.0,0.0,0.0,0.0,55437.77,0.0,1,ORTA_TICARETHANE
9107935,38.45643248,27.10726026,35-04-M03251,35,KARSIYAKA,AKSOY,5.529473684210527,39028.468,0,13,0,0,6,0,0.0,24153.286,0.0,0.0,14875.182,0.0,19,ORTA_TICARETHANE
9111411,38.47197153,27.09598693,35-04-K01482,35,KARSIYAKA,SEMIKLER,5.26,20720.749,0,3,0,0,2,0,0.0,4351.803999999999,0.0,0.0,16368.945,0.0,5,ORTA_TICARETHANE
9111488,38.460905,27.1218117,35-04-K04000,35,KARSIYAKA,ALAYBEY,5.56,12549.48201,0,4,0,0,2,0,0.0,4363.97601,0.0,0.0,8185.505999999999,0.0,6,KUCUK_TICARETHANE
9112467,38.45723612,27.11763781,35-04-K01681,35,KARSIYAKA,TUNA,5.0,2377.86,0,0,0,0,1,0,0.0,0.0,0.0,0.0,2377.86,0.0,1,KUCUK_TICARETHANE
9112522,38.45766017,27.09694193,35-04-M02777,35,KARSIYAKA,BOSTANLI,6.791,69800.444,0,0,0,0,9,0,0.0,0.0,0.0,0.0,69800.444,0.0,9,ORTA_TICARETHANE
9113941,38.46925013,27.09312738,35-04-K03975,35,KARSIYAKA,YALI,8.450000000000001,11432.577000000001,0,4,0,0,2,0,0.0,7089.433,0.0,0.0,4343.144,0.0,6,KUCUK_TICARETHANE
9114667,38.46637598,27.10599204,35-04-K01433,35,KARSIYAKA,DEDEBASI,5.673333333333333,15543.206,0,4,0,0,2,0,0.0,14251.088,0.0,0.0,1292.118,0.0,6,KUCUK_TICARETHANE
9114711,38.46274371,27.0925373,35-04-K00191,35,KARSIYAKA,ATAKENT,11.351636363636363,77919.359,0,7,0,0,4,0,0.0,12334.690999999999,0.0,0.0,65584.668,0.0,11,ORTA_TICARETHANE
9115437,38.46734998,27.08900322,35-04-K03010,35,KARSIYAKA,YALI,5.558333333333334,9984.293,0,4,0,0,2,0,0.0,7958.286,0.0,0.0,2026.007,0.0,6,KUCUK_TICARETHANE
9115987,38.46179114,27.0996383,35-04-M01037,35,KARSIYAKA,BOSTANLI,5.67,27965.409,0,9,0,0,6,0,0.0,20747.314,0.0,0.0,7218.095,0.0,15,KUCUK_TICARETHANE
9116141,38.46059822,27.12350191,35-04-K04000,35,KARSIYAKA,ALAYBEY,5.0,19215.254999999997,0,2,0,0,3,0,0.0,2873.9610000000002,0.0,0.0,16341.294,0.0,5,ORTA_TICARETHANE
9117384,38.5324972,27.0532813,35-09-M00210,35,CIGLI,HARMANDALI GAZI MUSTAFA KEMAL ATATURK,8.0,27.133,0,0,0,0,1,0,0.0,0.0,0.0,0.0,27.133,0.0,1,KUCUK_TICARETHANE
9118012,38.45551656,27.11801262,35-04-K01555,35,KARSIYAKA,DONANMACI,8.893846153846154,26757.533,0,9,0,0,4,0,0.0,10755.335,0.0,0.0,16002.198,0.0,13,ORTA_TICARETHANE
9118254,38.45135999,27.11429262,35-04-K00665,35,KARSIYAKA,DONANMACI,5.0,7104.448,0,0,0,0,1,0,0.0,0.0,0.0,0.0,7104.448,0.0,1,KUCUK_TICARETHANE
9118551,38.45767119,27.09786529,35-04-M02777,35,KARSIYAKA,BOSTANLI,5.63315,75206.832,0,11,0,0,9,0,0.0,35311.047,0.0,0.0,39895.784999999996,0.0,20,ORTA_TICARETHANE
9120168,38.46287355,27.09410581,35-04-K01483,35,KARSIYAKA,BOSTANLI,5.0,9708.351,0,0,0,0,1,0,0.0,0.0,0.0,0.0,9708.351,0.0,1,KUCUK_TICARETHANE
9121114,38.45603388,27.11720313,35-04-K02433,35,KARSIYAKA,DONANMACI,5.0,17427.222,0,1,0,0,18,0,0.0,1995.383,0.0,0.0,15431.839,0.0,19,ORTA_TICARETHANE
9121455,38.46192218,27.1012783,35-04-M01037,35,KARSIYAKA,BOSTANLI,5.898692307692307,72508.174,0,9,0,0,4,0,0.0,18109.482,0.0,0.0,54398.691999999995,0.0,13,ORTA_TICARETHANE
9122511,38.45751264,27.09388634,35-04-K00476,35,KARSIYAKA,BOSTANLI,143.016,124590.6,0,0,0,0,1,0,0.0,0.0,0.0,0.0,124590.6,0.0,1,ORTA_TICARETHANE
9123896,38.45682064,27.11785045,35-04-K01681,35,KARSIYAKA,TUNA,5.279583333333333,45399.387,0,0,0,0,24,0,0.0,0.0,0.0,0.0,45399.387,0.0,24,ORTA_TICARETHANE
9127208,38.51633586,27.03573936,35-09-M01357,35,CIGLI,BALATCIK,8.7,4054.681,0,0,0,0,1,0,0.0,0.0,0.0,0.0,4054.681,0.0,1,KUCUK_TICARETHANE
9127307,38.45838559,27.09325441,35-04-K00476,35,KARSIYAKA,BOSTANLI,7.233333333333333,40391.157999999996,0,0,0,0,3,0,0.0,0.0,0.0,0.0,40391.157999999996,0.0,3,ORTA_TICARETHANE
9129782,38.45511815,27.11786385,35-04-K03224,35,KARSIYAKA,DONANMACI,5.56,40864.119,0,4,0,0,2,0,0.0,7857.459000000001,0.0,0.0,33006.659999999996,0.0,6,ORTA_TICARETHANE
9130794,38.47271848,27.0870769,35-04-M01892,35,KARSIYAKA,YALI,6.865888888888889,17860.644,0,6,0,0,3,0,0.0,5373.085,0.0,0.0,12487.559000000001,0.0,9,ORTA_TICARETHANE
9131025,38.45603175,27.11896616,35-04-K01760,35,KARSIYAKA,DONANMACI,8.964333333333334,63215.259,0,0,0,0,6,0,0.0,0.0,0.0,0.0,63215.259,0.0,6,ORTA_TICARETHANE
9131410,38.45749044,27.09934089,35-04-K03719,35,KARSIYAKA,BOSTANLI,5.957142857142857,21209.27,0,4,0,0,3,0,0.0,9749.962,0.0,0.0,11459.308,0.0,7,ORTA_TICARETHANE
9132961,38.45750869,27.09917221,35-04-K03719,35,KARSIYAKA,BOSTANLI,5.625,16201.124,0,5,0,0,3,0,0.0,9713.197,0.0,0.0,6487.927,0.0,8,KUCUK_TICARETHANE
9132983,38.45827714,27.12133325,35-04-K00017,35,KARSIYAKA,TUNA,5.802222222222222,17348.456,0,5,0,0,4,0,0.0,9358.812,0.0,0.0,7989.644,0.0,9,KUCUK_TICARETHANE
9133016,38.45842206,27.11546215,35-04-K00590,35,KARSIYAKA,BAHARIYE,11.175,121334.08,0,0,0,0,2,0,0.0,0.0,0.0,0.0,121334.08,0.0,2,ORTA_TICARETHANE
9133610,38.45613086,27.11705596,35-04-K02433,35,KARSIYAKA,DONANMACI,43.38,33939.77,0,0,0,0,1,0,0.0,0.0,0.0,0.0,33939.77,0.0,1,ORTA_TICARETHANE
9133786,38.46000303,27.11448092,35-04-K01360,35,KARSIYAKA,BAHARIYE,6.453749999999999,95261.053,0,6,0,0,10,0,0.0,8211.196,0.0,0.0,87049.857,0.0,16,ORTA_TICARETHANE
9134369,38.47363615,27.10101439,35-04-M01184,35,KARSIYAKA,FIKRI ALTAY,8.386666666666667,9384.751,0,2,0,0,1,0,0.0,7778.786,0.0,0.0,1605.965,0.0,3,KUCUK_TICARETHANE
9136063,38.48029196,27.09288512,35-04-K04013,35,KARSIYAKA,CUMHURIYET,5.0,25.333,0,0,0,0,1,0,0.0,0.0,0.0,0.0,25.333,0.0,1,KUCUK_TICARETHANE
9136118,38.46997493,27.0976368,35-04-K04709,35,KARSIYAKA,SEMIKLER,5.84,7741.104,0,5,0,0,3,0,0.0,4673.329,0.0,0.0,3067.775,0.0,8,KUCUK_TICARETHANE
9136426,38.4603471,27.11356075,35-04-K00254,35,KARSIYAKA,BAHRIYE UCOK,11.82,7878.313,0,0,0,0,1,0,0.0,0.0,0.0,0.0,7878.313,0.0,1,KUCUK_TICARETHANE
9136788,38.45536606,27.11729677,35-04-K01316,35,KARSIYAKA,DONANMACI,5.0,22441.154000000002,0,0,0,0,3,0,0.0,0.0,0.0,0.0,22441.154000000002,0.0,3,ORTA_TICARETHANE
9136865,38.45810341,27.12001551,35-04-K00928,35,KARSIYAKA,TUNA,5.335,33017.705,0,0,0,0,10,0,0.0,0.0,0.0,0.0,33017.705,0.0,10,ORTA_TICARETHANE
9137173,38.4663345,27.10627633,35-04-K01433,35,KARSIYAKA,GONCALAR,5.0,10440.35,0,1,0,0,1,0,0.0,5722.692,0.0,0.0,4717.658,0.0,2,KUCUK_TICARETHANE
9137294,38.47669876,27.10002607,35-04-M02425,35,KARSIYAKA,SEMIKLER,5.0,3589.906,0,1,0,0,1,0,0.0,2334.051,0.0,0.0,1255.855,0.0,2,KUCUK_TICARETHANE
9141242,38.4677982,27.08574314,35-04-K01542,35,KARSIYAKA,ATAKENT,42.888,46439.16,0,0,0,0,1,0,0.0,0.0,0.0,0.0,46439.16,0.0,1,ORTA_TICARETHANE
9141891,38.47025904,27.0993619,35-04-K01034,35,KARSIYAKA,DEMIRKOPRU,8.35,4702.57,0,0,0,0,1,0,0.0,0.0,0.0,0.0,4702.57,0.0,1,KUCUK_TICARETHANE
9142045,38.45753495,27.11597732,35-04-K00692,35,KARSIYAKA,TUNA,5.516,36338.59,0,0,0,0,1,0,0.0,0.0,0.0,0.0,36338.59,0.0,1,ORTA_TICARETHANE
9142749,38.53162136,27.05255976,35-09-M00210,35,CIGLI,HARMANDALI GAZI MUSTAFA KEMAL ATATURK,7.925,19112.303,0,2,0,0,2,0,0.0,11159.89,0.0,0.0,7952.413,0.0,4,KUCUK_TICARETHANE
9144642,38.45781352,27.11955375,35-04-K00928,35,KARSIYAKA,TUNA,6.4,13364.755,0,3,0,0,2,0,0.0,7950.424999999999,0.0,0.0,5414.33,0.0,5,KUCUK_TICARETHANE
9145016,38.48001507,27.10059754,35-04-K02323,35,KARSIYAKA,CUMHURIYET,5.0,14773.884,0,2,0,0,2,0,0.0,2406.933,0.0,0.0,12366.951000000001,0.0,4,ORTA_TICARETHANE
9145313,38.53183259,27.05254134,35-09-M00210,35,CIGLI,HARMANDALI GAZI MUSTAFA KEMAL ATATURK,10.004999999999999,7224.281,0,1,0,0,1,0,0.0,4803.097,0.0,0.0,2421.184,0.0,2,KUCUK_TICARETHANE
9145665,38.4546531,27.1019156,35-04-K01249,35,KARSIYAKA,BOSTANLI,9.325333333333333,79915.482,0,7,0,0,8,0,0.0,14952.517,0.0,0.0,64962.965,0.0,15,ORTA_TICARETHANE
9147293,38.4707383,27.0945234,35-04-K04628,35,KARSIYAKA,SEMIKLER,5.84,9237.615000000002,0,2,0,0,2,0,0.0,8202.59,0.0,0.0,1035.025,0.0,4,KUCUK_TICARETHANE
9147909,38.4796501,27.11037048,35-04-M01741,35,KARSIYAKA,ORNEKKOY,5.3,9727.17,0,0,0,0,2,0,0.0,0.0,0.0,0.0,9727.17,0.0,2,KUCUK_TICARETHANE
9148448,38.46118229,27.10373737,35-04-K02815,35,KARSIYAKA,NERGIZ,5.0,25205.772,0,8,0,0,4,0,0.0,12976.710000000001,0.0,0.0,12229.062000000002,0.0,12,ORTA_TICARETHANE
9148547,38.467489,27.10880288,35-04-K03850,35,KARSIYAKA,GONCALAR,10.19,42669.869,0,9,0,0,6,0,0.0,29349.414,0.0,0.0,13320.455,0.0,15,ORTA_TICARETHANE
9150031,38.47282167,27.09930743,35-04-K04375,35,KARSIYAKA,SEMIKLER,5.966666666666667,49259.418999999994,0,10,0,0,5,0,0.0,26486.928,0.0,0.0,22772.490999999998,0.0,15,ORTA_TICARETHANE
9151064,38.48092982,27.10016693,35-04-K02323,35,KARSIYAKA,CUMHURIYET,5.0,11054.404,0,1,0,0,1,0,0.0,4446.645,0.0,0.0,6607.759,0.0,2,KUCUK_TICARETHANE
9153044,38.45624744,27.11454317,35-04-K00833,35,KARSIYAKA,DONANMACI,5.7444444444444445,17464.022,0,5,0,0,4,0,0.0,9353.407,0.0,0.0,8110.615,0.0,9,KUCUK_TICARETHANE
9155904,38.46913041,27.08780971,35-04-M01268,35,KARSIYAKA,YALI,5.715,25795.593,0,5,0,0,3,0,0.0,13519.976999999999,0.0,0.0,12275.616,0.0,8,ORTA_TICARETHANE
9156927,38.45820481,27.11965758,35-04-K00928,35,KARSIYAKA,TUNA,5.0,17403.718,0,6,0,0,3,0,0.0,14644.689999999999,0.0,0.0,2759.0280000000002,0.0,9,KUCUK_TICARETHANE
9157081,38.45445919,27.10097655,35-04-K00488,35,KARSIYAKA,BOSTANLI,5.0,0.0,0,0,0,0,1,0,0.0,0.0,0.0,0.0,0.0,0.0,1,KUCUK_TICARETHANE
9159028,38.45718186,27.11680257,35-04-K00289,35,KARSIYAKA,TUNA,13.25,29499.84,0,0,0,0,1,0,0.0,0.0,0.0,0.0,29499.84,0.0,1,ORTA_TICARETHANE
9159820,38.46862841,27.0925555,35-04-K03975,35,KARSIYAKA,YALI,9.41,32131.226,0,5,0,0,3,0,0.0,12825.248,0.0,0.0,19305.978,0.0,8,ORTA_TICARETHANE
9160689,38.45767986,27.11701084,35-04-K00692,35,KARSIYAKA,TUNA,5.67,7809.8910000000005,0,3,0,0,2,0,0.0,796.2909999999999,0.0,0.0,7013.6,0.0,5,KUCUK_TICARETHANE
9162053,38.46614214,27.10693507,35-04-K02316,35,KARSIYAKA,GONCALAR,5.0,10827.944,0,2,0,0,3,0,0.0,3822.1499999999996,0.0,0.0,7005.794,0.0,5,KUCUK_TICARETHANE
9162594,38.46133722,27.12314966,35-04-K03102,35,KARSIYAKA,TERSANE,5.0,22810.597,0,10,0,0,5,0,0.0,19785.915,0.0,0.0,3024.682,0.0,15,KUCUK_TICARETHANE
9163804,38.49309204,27.1095652,35-04-K02472,35,KARSIYAKA,ZUBEYDE HANIM,5.5,116.042,0,0,0,0,1,0,0.0,0.0,0.0,0.0,116.042,0.0,1,KUCUK_TICARETHANE
9164310,38.4938517,27.1154917,35-04-K04477,35,KARSIYAKA,ZUBEYDE HANIM,689.65,276066.5,0,0,0,0,1,0,0.0,0.0,0.0,0.0,276066.5,0.0,1,BUYUK_TICARETHANE
9165003,38.47509788,27.10081012,35-04-M02425,35,KARSIYAKA,SEMIKLER,5.0,3316.076,0,1,0,0,2,0,0.0,1537.842,0.0,0.0,1778.234,0.0,3,KUCUK_TICARETHANE
9165454,38.47399567,27.10492244,35-04-K03214,35,KARSIYAKA,DEDEBASI,5.36,15941.627,0,3,0,0,2,0,0.0,9340.714,0.0,0.0,6600.9130000000005,0.0,5,KUCUK_TICARETHANE
9166279,38.47388793,27.11573896,35-04-K03464,35,KARSIYAKA,IMBATLI,121.95,152094.2,0,0,0,0,1,0,0.0,0.0,0.0,0.0,152094.2,0.0,1,ORTA_TICARETHANE
9166752,38.53421046,27.05146007,35-09-M00209,35,CIGLI,HARMANDALI GAZI MUSTAFA KEMAL ATATURK,5.0,3389.079,0,1,0,0,1,0,0.0,2746.3,0.0,0.0,642.779,0.0,2,KUCUK_TICARETHANE
9167082,38.53249148,27.05255462,35-09-M00210,35,CIGLI,HARMANDALI GAZI MUSTAFA KEMAL ATATURK,5.0,4472.644,0,0,0,0,1,0,0.0,0.0,0.0,0.0,4472.644,0.0,1,KUCUK_TICARETHANE
9167258,38.47940437,27.11029976,35-04-K00358,35,KARSIYAKA,ORNEKKOY,5.0,1463.936,0,0,0,0,1,0,0.0,0.0,0.0,0.0,1463.936,0.0,1,KUCUK_TICARETHANE
9167401,38.47728591,27.10161204,35-04-M02404,35,KARSIYAKA,CUMHURIYET,5.0,5505.884,0,2,0,0,1,0,0.0,4319.955,0.0,0.0,1185.929,0.0,3,KUCUK_TICARETHANE
9167489,38.48207042,27.0973424,35-04-K00243,35,KARSIYAKA,CUMHURIYET,5.0,9714.012999999999,0,1,0,0,3,0,0.0,1919.743,0.0,0.0,7794.27,0.0,4,KUCUK_TICARETHANE
9168347,38.46276038,27.119531,35-04-K03203,35,KARSIYAKA,BAHARIYE,44.17666666666667,38725.812,0,0,0,0,3,0,0.0,0.0,0.0,0.0,38725.812,0.0,3,ORTA_TICARETHANE
9168919,38.47949162,27.09318688,35-04-K01608,35,KARSIYAKA,CUMHURIYET,5.326666666666667,9163.169,0,2,0,0,1,0,0.0,7060.280000000001,0.0,0.0,2102.889,0.0,3,KUCUK_TICARETHANE
9169051,38.45586131,27.11390124,35-04-K00833,35,KARSIYAKA,DONANMACI,5.0,8694.861,0,5,0,0,4,0,0.0,6599.842,0.0,0.0,2095.0190000000002,0.0,9,KUCUK_TICARETHANE
9169457,38.45554019,27.1178628,35-04-K03224,35,KARSIYAKA,DONANMACI,5.3740000000000006,42045.239,0,0,0,0,10,0,0.0,0.0,0.0,0.0,42045.239,0.0,10,ORTA_TICARETHANE
9169930,38.46799724,27.06936089,35-04-K03388,35,KARSIYAKA,MAVISEHIR,16.57,10311.54,0,0,0,0,1,0,0.0,0.0,0.0,0.0,10311.54,0.0,1,ORTA_TICARETHANE
9170480,38.45685888,27.11700159,35-04-K00289,35,KARSIYAKA,DONANMACI,41.25,32777.13,0,0,0,0,1,0,0.0,0.0,0.0,0.0,32777.13,0.0,1,ORTA_TICARETHANE
9170645,38.45532043,27.11762353,35-04-K01316,35,KARSIYAKA,DONANMACI,8.844,77339.132,0,0,0,0,5,0,0.0,0.0,0.0,0.0,77339.132,0.0,5,ORTA_TICARETHANE
9172504,38.48088151,27.08871134,35-04-K00308,35,KARSIYAKA,SEMIKLER,5.59,2352.623,0,0,0,0,2,0,0.0,0.0,0.0,0.0,2352.623,0.0,2,KUCUK_TICARETHANE
9172790,38.47707793,27.11075272,35-04-M02326,35,KARSIYAKA,ORNEKKOY,6.406666666666666,19447.575,0,2,0,0,1,0,0.0,5003.495,0.0,0.0,14444.08,0.0,3,ORTA_TICARETHANE
9173307,38.46406646,27.10760841,35-04-K00115,35,KARSIYAKA,GONCALAR,8.85,9478.304,0,2,0,0,1,0,0.0,7971.822,0.0,0.0,1506.482,0.0,3,KUCUK_TICARETHANE
9173384,38.48107459,27.09600419,35-04-M01027,35,KARSIYAKA,CUMHURIYET,5.0,14670.769,0,0,0,0,3,0,0.0,0.0,0.0,0.0,14670.769,0.0,3,ORTA_TICARETHANE
9173450,38.47596165,27.10954882,35-04-M02326,35,KARSIYAKA,IMBATLI,5.0,7197.325000000001,0,2,0,0,1,0,0.0,3542.5159999999996,0.0,0.0,3654.809,0.0,3,KUCUK_TICARETHANE
9173505,38.45747567,27.11750176,35-04-K01681,35,KARSIYAKA,TUNA,6.04125,54170.66,0,8,0,0,8,0,0.0,18076.682,0.0,0.0,36093.978,0.0,16,ORTA_TICARETHANE
9173582,38.46885201,27.10748801,35-04-K02486,35,KARSIYAKA,DEDEBASI,224.707,74495.64,0,0,0,0,1,0,0.0,0.0,0.0,0.0,74495.64,0.0,1,ORTA_TICARETHANE
9173615,38.45669156,27.11989872,35-04-K01990,35,KARSIYAKA,TUNA,78.826,52791.93,0,0,0,0,1,0,0.0,0.0,0.0,0.0,52791.93,0.0,1,ORTA_TICARETHANE
9173779,38.45639604,27.11712316,35-04-K02433,35,KARSIYAKA,DONANMACI,6.73,25135.600000000002,0,3,0,0,3,0,0.0,5086.149,0.0,0.0,20049.451,0.0,6,ORTA_TICARETHANE
9175461,38.45600944,27.10031354,35-04-K00111,35,KARSIYAKA,BOSTANLI,30.816666666666663,53791.17800000001,0,0,0,0,3,0,0.0,0.0,0.0,0.0,53791.17800000001,0.0,3,ORTA_TICARETHANE
9175637,38.46358415,27.10576723,35-04-K01692,35,KARSIYAKA,GONCALAR,5.0,10271.13,0,2,0,0,2,0,0.0,4064.553,0.0,0.0,6206.576999999999,0.0,4,KUCUK_TICARETHANE
9177430,38.45759984,27.11589413,35-04-K00692,35,KARSIYAKA,TUNA,7.070909090909091,66866.629,0,3,0,0,8,0,0.0,5392.046,0.0,0.0,61474.583,0.0,11,ORTA_TICARETHANE
9177969,38.46663481,27.09784587,35-04-M01182,35,KARSIYAKA,DEMIRKOPRU,5.0,3367.766,0,1,0,0,1,0,0.0,70.783,0.0,0.0,3296.983,0.0,2,KUCUK_TICARETHANE
9178310,38.46186737,27.12741539,35-04-K00037,35,KARSIYAKA,TERSANE,5.0,4352.772,0,0,0,0,1,0,0.0,0.0,0.0,0.0,4352.772,0.0,1,KUCUK_TICARETHANE
9178673,38.45505264,27.11779652,35-04-K03224,35,KARSIYAKA,DONANMACI,6.076666666666667,28892.772,0,4,0,0,2,0,0.0,9121.345000000001,0.0,0.0,19771.427,0.0,6,ORTA_TICARETHANE
9179003,38.4817528,27.09504512,35-04-M01360,35,KARSIYAKA,CUMHURIYET,5.0,7012.958,0,0,0,0,1,0,0.0,0.0,0.0,0.0,7012.958,0.0,1,KUCUK_TICARETHANE
9180312,38.45686042,27.09809388,35-04-K00587,35,KARSIYAKA,BOSTANLI,7.1557272727272725,83781.037,0,7,0,0,4,0,0.0,18320.494,0.0,0.0,65460.543000000005,0.0,11,ORTA_TICARETHANE
9180675,38.46946184,27.10926279,35-04-K03036,35,KARSIYAKA,DEDEBASI,5.744285714285714,26098.829999999998,0,9,0,0,5,0,0.0,21891.508,0.0,0.0,4207.322,0.0,14,KUCUK_TICARETHANE
9181082,38.45720667,27.0993474,35-04-K00111,35,KARSIYAKA,BOSTANLI,5.4799999999999995,52339.622,0,9,0,0,5,0,0.0,27215.587,0.0,0.0,25124.035,0.0,14,ORTA_TICARETHANE
9181249,38.48431701,27.10646056,35-04-M02875,35,KARSIYAKA,ORNEKKOY,8.82,12937.625,0,1,0,0,1,0,0.0,1604.855,0.0,0.0,11332.77,0.0,2,ORTA_TICARETHANE
9181876,38.45667006,27.11848938,35-04-K01681,35,KARSIYAKA,TUNA,12.022499999999999,115561.455,0,2,0,0,2,0,0.0,384.51800000000003,0.0,0.0,115176.937,0.0,4,ORTA_TICARETHANE
9182624,38.47562585,27.10967013,35-04-M02326,35,KARSIYAKA,IMBATLI,5.0,291.88,0,0,0,0,1,0,0.0,0.0,0.0,0.0,291.88,0.0,1,KUCUK_TICARETHANE
9183219,38.45905997,27.09359802,35-04-K00476,35,KARSIYAKA,BOSTANLI,25.5,45480.04,0,0,0,0,1,0,0.0,0.0,0.0,0.0,45480.04,0.0,1,ORTA_TICARETHANE
9183538,38.45935192,27.12035696,35-04-K00166,35,KARSIYAKA,ALAYBEY,5.8952307692307695,25799.961,0,9,0,0,4,0,0.0,16474.15,0.0,0.0,9325.811,0.0,13,KUCUK_TICARETHANE
9183901,38.48490385,27.10596269,35-04-K04012,35,KARSIYAKA,ORNEKKOY,7.5,9894.535,0,2,0,0,2,0,0.0,8166.276,0.0,0.0,1728.259,0.0,4,KUCUK_TICARETHANE
9184660,38.46795123,27.08843406,35-04-K01450,35,KARSIYAKA,YALI,6.116666666666667,17875.161,0,4,0,0,2,0,0.0,10302.619999999999,0.0,0.0,7572.541,0.0,6,KUCUK_TICARETHANE
9185463,38.45630763,27.09954472,35-04-K02313,35,KARSIYAKA,BOSTANLI,5.516153846153846,46211.576,0,9,0,0,4,0,0.0,19320.458000000002,0.0,0.0,26891.118,0.0,13,ORTA_TICARETHANE
9186629,38.457085,27.1167917,35-04-K00289,35,KARSIYAKA,TUNA,49.85,78881.04,0,0,0,0,1,0,0.0,0.0,0.0,0.0,78881.04,0.0,1,ORTA_TICARETHANE
9187168,38.46767811,27.06883585,35-04-K03388,35,KARSIYAKA,MAVISEHIR,8.879999999999999,38745.850000000006,0,1,0,0,1,0,0.0,24233.99,0.0,0.0,14511.86,0.0,2,ORTA_TICARETHANE
9189192,38.47293481,27.10845565,35-04-M02100,35,KARSIYAKA,IMBATLI,5.0,3601.706,0,2,0,0,1,0,0.0,2563.768,0.0,0.0,1037.938,0.0,3,KUCUK_TICARETHANE
9190105,38.4557643,27.11737194,35-04-K01316,35,KARSIYAKA,DONANMACI,5.558333333333334,9456.445,0,2,0,0,4,0,0.0,447.442,0.0,0.0,9009.003,0.0,6,KUCUK_TICARETHANE
9191040,38.45845502,27.11591221,35-04-K04188,35,KARSIYAKA,TUNA,6.638461538461538,174033.9,0,7,0,0,6,0,0.0,16926.357,0.0,0.0,157107.543,0.0,13,ORTA_TICARETHANE
9191150,38.45653343,27.11207591,35-04-K00872,35,KARSIYAKA,AKSOY,5.0,4718.494,0,4,0,0,2,0,0.0,3347.549,0.0,0.0,1370.9450000000002,0.0,6,KUCUK_TICARETHANE
9191733,38.47402996,27.10515787,35-04-K00427,35,KARSIYAKA,IMBATLI,5.0,12693.231,0,0,0,0,2,0,0.0,0.0,0.0,0.0,12693.231,0.0,2,ORTA_TICARETHANE
9193086,38.46597433,27.11038813,35-04-M02957,35,KARSIYAKA,BAHCELIEVLER,5.0,25172.796,0,8,0,0,4,0,0.0,20866.343999999997,0.0,0.0,4306.452,0.0,12,KUCUK_TICARETHANE
9193888,38.45835447,27.12001673,35-04-K00928,35,KARSIYAKA,TUNA,6.75,611.197,0,1,0,0,1,0,0.0,46.878,0.0,0.0,564.319,0.0,2,KUCUK_TICARETHANE
9193932,38.47115993,27.07833375,35-04-K02422,35,KARSIYAKA,MAVISEHIR,6.675,5960.235,0,1,0,0,1,0,0.0,5194.513,0.0,0.0,765.722,0.0,2,KUCUK_TICARETHANE
9196231,38.45700479,27.11617725,35-04-K01746,35,KARSIYAKA,DONANMACI,5.0,5334.733,0,0,0,0,1,0,0.0,0.0,0.0,0.0,5334.733,0.0,1,KUCUK_TICARETHANE
9196242,38.45638555,27.11756246,35-04-K02433,35,KARSIYAKA,DONANMACI,6.867058823529412,43310.3551,0,8,0,0,9,0,0.0,11868.56,0.0,0.0,31441.7951,0.0,17,ORTA_TICARETHANE
9196704,38.45584583,27.11895373,35-04-K01990,35,KARSIYAKA,TUNA,12.1725,86834.34700000001,0,0,0,0,4,0,0.0,0.0,0.0,0.0,86834.34700000001,0.0,4,ORTA_TICARETHANE
9197045,38.45975473,27.11415511,35-04-K01360,35,KARSIYAKA,BAHARIYE,5.239285714285714,62861.279,0,9,0,0,5,0,0.0,15897.922999999999,0.0,0.0,46963.356,0.0,14,ORTA_TICARETHANE
9197221,38.4558114,27.11678233,35-04-K01746,35,KARSIYAKA,DONANMACI,5.0,5528.103,0,0,0,0,1,0,0.0,0.0,0.0,0.0,5528.103,0.0,1,KUCUK_TICARETHANE
9197331,38.47621275,27.0972146,35-04-K02940,35,KARSIYAKA,SEMIKLER,6.675,4848.312,0,1,0,0,1,0,0.0,4733.755,0.0,0.0,114.557,0.0,2,KUCUK_TICARETHANE
9197672,38.46714117,27.09751427,35-04-M01182,35,KARSIYAKA,DEMIRKOPRU,5.0,502.643,0,1,0,0,2,0,0.0,480.342,0.0,0.0,22.301,0.0,3,KUCUK_TICARETHANE
9198916,38.4600463,27.11456629,35-04-K03676,35,KARSIYAKA,BAHRIYE UCOK,5.403333333333333,17853.5,0,5,0,0,4,0,0.0,9781.183,0.0,0.0,8072.317,0.0,9,KUCUK_TICARETHANE
9199411,38.46401336,27.10803338,35-04-M01040,35,KARSIYAKA,GONCALAR,10.331428571428571,41991.85,0,9,0,0,5,0,0.0,24778.308,0.0,0.0,17213.542,0.0,14,ORTA_TICARETHANE
9199554,38.48625515,27.10023115,35-04-K01144,35,KARSIYAKA,INONU,5.0,310.81,0,0,0,0,1,0,0.0,0.0,0.0,0.0,310.81,0.0,1,KUCUK_TICARETHANE
9200566,38.45936777,27.11646155,35-04-K00692,35,KARSIYAKA,BAHARIYE,5.59375,12992.24,0,5,0,0,3,0,0.0,10679.619999999999,0.0,0.0,2312.62,0.0,8,KUCUK_TICARETHANE
9200720,38.47310931,27.10924729,,35,KARSIYAKA,IMBATLI,5.0,24298.221999999998,0,0,0,0,3,0,0.0,0.0,0.0,0.0,24298.221999999998,0.0,3,ORTA_TICARETHANE
9201182,38.45755776,27.12074185,35-04-K00928,35,KARSIYAKA,TUNA,5.373333333333333,19205.719,0,5,0,0,4,0,0.0,10164.848,0.0,0.0,9040.871,0.0,9,KUCUK_TICARETHANE
9202381,38.47304737,27.09880426,35-04-K04375,35,KARSIYAKA,SEMIKLER,8.134,7977.886,0,3,0,0,2,0,0.0,7759.661,0.0,0.0,218.225,0.0,5,KUCUK_TICARETHANE
9202590,38.46774155,27.09707586,35-04-K01422,35,KARSIYAKA,DEMIRKOPRU,8.191857142857144,19382.311,0,4,0,0,3,0,0.0,8206.332,0.0,0.0,11175.979000000001,0.0,7,ORTA_TICARETHANE
9202920,38.48175521,27.09924949,35-04-M01026,35,KARSIYAKA,CUMHURIYET,5.0,9403.463,0,2,0,0,2,0,0.0,6787.442,0.0,0.0,2616.0209999999997,0.0,4,KUCUK_TICARETHANE
9204042,38.45973386,27.09152778,35-04-K03303,35,KARSIYAKA,BOSTANLI,6.706083333333333,29016.342,0,8,0,0,4,0,0.0,19872.199,0.0,0.0,9144.143,0.0,12,KUCUK_TICARETHANE
9204285,38.45534902,27.11596183,35-04-K00018,35,KARSIYAKA,DONANMACI,5.0,154.266,0,1,0,0,1,0,0.0,154.266,0.0,0.0,0.0,0.0,2,KUCUK_TICARETHANE
9206023,38.45884998,27.11990007,35-04-K00017,35,KARSIYAKA,TUNA,5.0,17032.532,0,4,0,0,4,0,0.0,7578.287,0.0,0.0,9454.245,0.0,8,KUCUK_TICARETHANE
9206980,38.47478516,27.10200365,35-04-M01374,35,KARSIYAKA,FIKRI ALTAY,5.0,6810.222,0,1,0,0,1,0,0.0,5448.844,0.0,0.0,1361.378,0.0,2,KUCUK_TICARETHANE
9206991,38.45892304,27.09324683,35-04-K00476,35,KARSIYAKA,BOSTANLI,5.8375,38991.058000000005,0,0,0,0,4,0,0.0,0.0,0.0,0.0,38991.058000000005,0.0,4,ORTA_TICARETHANE
9207145,38.53244898,27.04963009,35-09-M00215,35,CIGLI,HARMANDALI GAZI MUSTAFA KEMAL ATATURK,6.116666666666667,6885.016,0,2,0,0,1,0,0.0,4760.325000000001,0.0,0.0,2124.691,0.0,3,KUCUK_TICARETHANE
9207244,38.46522618,27.10883623,35-04-K02316,35,KARSIYAKA,GONCALAR,5.633333333333333,4344.065,0,2,0,0,1,0,0.0,1975.608,0.0,0.0,2368.457,0.0,3,KUCUK_TICARETHANE
9207343,38.45861549,27.09397384,35-04-K00476,35,KARSIYAKA,BOSTANLI,8.3825,15262.507,0,2,0,0,2,0,0.0,5203.509,0.0,0.0,10058.998,0.0,4,ORTA_TICARETHANE
9207651,38.47438316,27.09978494,35-04-M02425,35,KARSIYAKA,FIKRI ALTAY,5.0,16531.459,0,2,0,0,2,0,0.0,9025.871,0.0,0.0,7505.588,0.0,4,KUCUK_TICARETHANE
9207717,38.45571676,27.11820503,35-04-K01555,35,KARSIYAKA,DONANMACI,9.7125,31939.96,0,1,0,0,3,0,0.0,3.359,0.0,0.0,31936.601,0.0,4,ORTA_TICARETHANE
9208587,38.4803405,27.09623318,35-04-M01027,35,KARSIYAKA,CUMHURIYET,5.0,6790.094,0,2,0,0,1,0,0.0,4858.635,0.0,0.0,1931.459,0.0,3,KUCUK_TICARETHANE
9209027,38.47121915,27.09513036,35-04-K00197,35,KARSIYAKA,SEMIKLER,5.0,18582.855,0,2,0,0,1,0,0.0,17481.529000000002,0.0,0.0,1101.326,0.0,3,KUCUK_TICARETHANE
9209434,38.45698683,27.11894713,35-04-K03844,35,KARSIYAKA,TUNA,6.551666666666667,26594.679,0,3,0,0,3,0,0.0,8085.424,0.0,0.0,18509.255,0.0,6,ORTA_TICARETHANE
9209852,38.4643037,27.10565934,35-04-K00115,35,KARSIYAKA,GONCALAR,5.0,1752.175,0,0,0,0,1,0,0.0,0.0,0.0,0.0,1752.175,0.0,1,KUCUK_TICARETHANE
9210952,38.45909572,27.1173717,35-04-K00692,35,KARSIYAKA,BAHARIYE,5.456666666666666,23281.782,0,9,0,0,6,0,0.0,13785.986,0.0,0.0,9495.796,0.0,15,KUCUK_TICARETHANE
9212107,38.45921665,27.11558996,35-04-K00590,35,KARSIYAKA,BAHARIYE,5.0,12669.111,0,4,0,0,2,0,0.0,5332.182,0.0,0.0,7336.929,0.0,6,KUCUK_TICARETHANE
9212987,38.45652795,27.11913004,35-04-K03844,35,KARSIYAKA,TUNA,5.48,34409.62,0,0,0,0,1,0,0.0,0.0,0.0,0.0,34409.62,0.0,1,ORTA_TICARETHANE
9213570,38.45525741,27.11759075,35-04-K01316,35,KARSIYAKA,DONANMACI,5.41875,31484.657,0,4,0,0,4,0,0.0,16498.584,0.0,0.0,14986.073,0.0,8,ORTA_TICARETHANE
9213933,38.45612634,27.10019632,35-04-K02313,35,KARSIYAKA,BOSTANLI,9.066666666666666,8901.785,0,4,0,0,2,0,0.0,3642.023,0.0,0.0,5259.762000000001,0.0,6,KUCUK_TICARETHANE
9214219,38.48297116,27.09767747,35-04-K00243,35,KARSIYAKA,CUMHURIYET,5.0,2193.762,0,0,0,0,1,0,0.0,0.0,0.0,0.0,2193.762,0.0,1,KUCUK_TICARETHANE
9215506,38.46220036,27.11922884,35-04-K03203,35,KARSIYAKA,BAHARIYE,5.029230769230769,74918.507,0,8,0,0,5,0,0.0,17978.966,0.0,0.0,56939.541,0.0,13,ORTA_TICARETHANE
9216133,38.46162649,27.10402814,35-04-K04128,35,KARSIYAKA,NERGIZ,5.477692307692307,39135.584,0,9,0,0,4,0,0.0,19359.698,0.0,0.0,19775.886,0.0,13,ORTA_TICARETHANE
9216660,38.45732456,27.11725582,35-04-K01681,35,KARSIYAKA,TUNA,7.9350000000000005,38646.571,0,5,0,0,3,0,0.0,8730.858,0.0,0.0,29915.713,0.0,8,ORTA_TICARETHANE
9216825,38.53033798,27.04705874,35-09-M00212,35,CIGLI,INONU,5.859999999999999,4431.421,0,1,0,0,1,0,0.0,2014.889,0.0,0.0,2416.532,0.0,2,KUCUK_TICARETHANE
9217440,38.45921401,27.1087985,35-04-K04058,35,KARSIYAKA,BAHRIYE UCOK,5.257692307692308,17135.215,0,9,0,0,4,0,0.0,15221.011,0.0,0.0,1914.204,0.0,13,KUCUK_TICARETHANE
9218530,38.48232074,27.08888479,35-04-K04013,35,KARSIYAKA,CUMHURIYET,82.95333333333333,67095.06,0,0,0,0,3,0,0.0,0.0,0.0,0.0,67095.06,0.0,3,ORTA_TICARETHANE
9218981,38.45683396,27.1171979,35-04-K01746,35,KARSIYAKA,DONANMACI,6.9071428571428575,30396.912,0,3,0,0,4,0,0.0,2701.235,0.0,0.0,27695.677,0.0,7,ORTA_TICARETHANE
9219091,38.53447537,27.051593,35-09-M00209,35,CIGLI,HARMANDALI GAZI MUSTAFA KEMAL ATATURK,7.6499999999999995,5393.693,0,2,0,0,2,0,0.0,1505.967,0.0,0.0,3887.726,0.0,4,KUCUK_TICARETHANE
9219850,38.47299417,27.10873819,35-04-M02100,35,KARSIYAKA,IMBATLI,5.0,1518.1399999999999,0,1,0,0,1,0,0.0,1449.068,0.0,0.0,69.072,0.0,2,KUCUK_TICARETHANE
9220378,38.53025365,27.04831778,35-09-M00212,35,CIGLI,INONU,5.0,295.734,0,0,0,0,1,0,0.0,0.0,0.0,0.0,295.734,0.0,1,KUCUK_TICARETHANE
9220543,38.45734104,27.09916746,35-04-K00111,35,KARSIYAKA,BOSTANLI,5.6693,12585.946,0,5,0,0,5,0,0.0,6600.455,0.0,0.0,5985.491,0.0,10,KUCUK_TICARETHANE
9221830,38.46820424,27.09067381,35-04-K03847,35,KARSIYAKA,YALI,7.358461538461539,64723.717000000004,0,9,0,0,4,0,0.0,17476.351,0.0,0.0,47247.366,0.0,13,ORTA_TICARETHANE
9222105,38.49011898,27.1038127,35-04-K04610,35,KARSIYAKA,ZUBEYDE HANIM,8.35,10433.12,0,0,0,0,1,0,0.0,0.0,0.0,0.0,10433.12,0.0,1,ORTA_TICARETHANE
9222237,38.46957084,27.08708235,35-04-M01268,35,KARSIYAKA,YALI,6.011666666666667,68362.185,0,8,0,0,4,0,0.0,13608.374,0.0,0.0,54753.811,0.0,12,ORTA_TICARETHANE
9222930,38.47684973,27.09761919,35-04-K02940,35,KARSIYAKA,SEMIKLER,15.01,819.793,0,0,1,0,0,0,0.0,0.0,819.793,0.0,0.0,0.0,1,KUCUK_SANAYI
9222941,38.47584915,27.11181366,35-04-K03766,35,KARSIYAKA,ORNEKKOY,5.0,4485.388,0,1,0,0,1,0,0.0,1792.238,0.0,0.0,2693.15,0.0,2,KUCUK_TICARETHANE
9223623,38.458104,27.11804644,35-04-K04188,35,KARSIYAKA,TUNA,5.0,17195.503,0,4,0,0,2,0,0.0,5021.071,0.0,0.0,12174.431999999999,0.0,6,ORTA_TICARETHANE
9224745,38.46097055,27.10517806,35-04-K04128,35,KARSIYAKA,NERGIZ,5.571090909090909,47306.263,0,5,0,0,6,0,0.0,11664.118,0.0,0.0,35642.145000000004,0.0,11,ORTA_TICARETHANE
9224767,38.45755595,27.09971531,35-04-K03719,35,KARSIYAKA,BOSTANLI,8.895333333333333,36255.342,0,10,0,0,5,0,0.0,16130.037,0.0,0.0,20125.305,0.0,15,ORTA_TICARETHANE
9225604,38.46880371,27.08755351,35-04-M01268,35,KARSIYAKA,YALI,6.133076923076923,42579.914,0,9,0,0,4,0,0.0,15369.641,0.0,0.0,27210.273,0.0,13,ORTA_TICARETHANE
9226462,38.47974329,27.10933691,35-04-K00358,35,KARSIYAKA,ORNEKKOY,5.0,1317.538,0,0,0,0,1,0,0.0,0.0,0.0,0.0,1317.538,0.0,1,KUCUK_TICARETHANE
9227419,38.45851429,27.11599902,35-04-K00590,35,KARSIYAKA,BAHARIYE,10.481666666666667,19307.639,0,2,0,0,4,0,0.0,11441.916,0.0,0.0,7865.723,0.0,6,KUCUK_TICARETHANE
9228079,38.46396235,27.09185484,35-04-M01036,35,KARSIYAKA,ATAKENT,6.675,3187.991,0,1,0,0,1,0,0.0,2821.971,0.0,0.0,366.02,0.0,2,KUCUK_TICARETHANE
9228222,38.5266419,27.04755922,35-09-M00211,35,CIGLI,INONU,5.0,9688.447,0,2,0,0,1,0,0.0,3650.888,0.0,0.0,6037.559,0.0,3,KUCUK_TICARETHANE
9228541,38.46905289,27.10802396,35-04-K02486,35,KARSIYAKA,DEDEBASI,8.555454545454545,27773.194,0,7,0,0,4,0,0.0,14817.824,0.0,0.0,12955.37,0.0,11,ORTA_TICARETHANE
9228695,38.45830573,27.10043036,35-04-K03719,35,KARSIYAKA,BOSTANLI,5.866153846153846,133497.334,0,9,0,0,4,0,0.0,19407.052,0.0,0.0,114090.282,0.0,13,ORTA_TICARETHANE
9230102,38.45593012,27.11301632,35-04-K03204,35,KARSIYAKA,DONANMACI,5.0,2911.5679999999998,0,1,0,0,2,0,0.0,403.908,0.0,0.0,2507.66,0.0,3,KUCUK_TICARETHANE
9230696,38.47576597,27.10434522,35-04-M01180,35,KARSIYAKA,IMBATLI,5.0,1099.714,0,0,0,0,1,0,0.0,0.0,0.0,0.0,1099.714,0.0,1,KUCUK_TICARETHANE
9230960,38.45875776,27.11499407,35-04-K00590,35,KARSIYAKA,BAHARIYE,212.75,117113.6,0,0,0,0,1,0,0.0,0.0,0.0,0.0,117113.6,0.0,1,ORTA_TICARETHANE
9231433,38.45936751,27.09790016,35-04-M02777,35,KARSIYAKA,BOSTANLI,5.7444444444444445,35495.55,0,6,0,0,3,0,0.0,19835.428,0.0,0.0,15660.122,0.0,9,ORTA_TICARETHANE
9232181,38.4593451,27.11673505,35-04-K00692,35,KARSIYAKA,BAHARIYE,5.356923076923077,39068.472,0,9,0,0,4,0,0.0,16885.265,0.0,0.0,22183.207000000002,0.0,13,ORTA_TICARETHANE
9233193,38.4579217,27.09676331,35-04-K04689,35,KARSIYAKA,BOSTANLI,5.8501875,93441.494,0,7,0,0,9,0,0.0,12520.784,0.0,0.0,80920.70999999999,0.0,16,ORTA_TICARETHANE
9234150,38.45744501,27.118674,35-04-K01109,35,KARSIYAKA,TUNA,12.015666666666668,32827.593,0,6,0,0,3,0,0.0,9491.837,0.0,0.0,23335.756,0.0,9,ORTA_TICARETHANE
9234359,38.47474887,27.10015588,35-04-M02425,35,KARSIYAKA,FIKRI ALTAY,6.648000000000001,17641.94,0,3,0,0,2,0,0.0,12220.027999999998,0.0,0.0,5421.912,0.0,5,KUCUK_TICARETHANE
9235162,38.4579333,27.0963866,35-04-M02777,35,KARSIYAKA,BOSTANLI,6.5173000000000005,38564.076,0,6,0,0,4,0,0.0,9855.864,0.0,0.0,28708.212,0.0,10,ORTA_TICARETHANE
9235426,38.45563056,27.1167819,35-04-K01746,35,KARSIYAKA,DONANMACI,6.398333333333333,19735.231,0,3,0,0,3,0,0.0,2880.7599999999998,0.0,0.0,16854.470999999998,0.0,6,ORTA_TICARETHANE
9235723,38.4770406,27.11426935,35-04-M01305,35,KARSIYAKA,ORNEKKOY,5.0,7572.188,0,2,0,0,1,0,0.0,7569.48,0.0,0.0,2.708,0.0,3,KUCUK_TICARETHANE
9236152,38.4571097,27.11221619,35-04-K03204,35,KARSIYAKA,DONANMACI,5.0,36379.792,0,9,0,0,5,0,0.0,13527.382,0.0,0.0,22852.41,0.0,14,ORTA_TICARETHANE
9236581,38.4569437,27.11828509,35-04-K01681,35,KARSIYAKA,TUNA,5.5075,38092.385,0,2,0,0,6,0,0.0,4480.923000000001,0.0,0.0,33611.462,0.0,8,ORTA_TICARETHANE
9238243,38.47393005,27.10070442,35-04-M02425,35,KARSIYAKA,FIKRI ALTAY,5.0,12312.751,0,3,0,0,2,0,0.0,7603.116,0.0,0.0,4709.635,0.0,5,KUCUK_TICARETHANE
9238320,38.46039226,27.12063233,35-04-K00166,35,KARSIYAKA,BAHARIYE,5.0,3714.134,0,0,0,0,1,0,0.0,0.0,0.0,0.0,3714.134,0.0,1,KUCUK_TICARETHANE
9238408,38.45584044,27.11849776,35-04-K01760,35,KARSIYAKA,DONANMACI,9.7,23564.254,0,0,0,0,2,0,0.0,0.0,0.0,0.0,23564.254,0.0,2,ORTA_TICARETHANE
9239167,38.4590517,27.1153283,35-04-K00590,35,KARSIYAKA,BAHARIYE,15.0,211737.2,0,0,0,0,1,0,0.0,0.0,0.0,0.0,211737.2,0.0,1,ORTA_TICARETHANE
9239233,38.46630311,27.10686034,35-04-K02316,35,KARSIYAKA,GONCALAR,5.0,3984.736,0,2,0,0,1,0,0.0,2716.042,0.0,0.0,1268.694,0.0,3,KUCUK_TICARETHANE
9239629,38.46474317,27.09120673,35-04-M01035,35,KARSIYAKA,ATAKENT,5.0649999999999995,19825.008,0,5,0,0,3,0,0.0,8130.532999999999,0.0,0.0,11694.475,0.0,8,ORTA_TICARETHANE
9240025,38.47532023,27.10074666,35-04-M02425,35,KARSIYAKA,SEMIKLER,5.0,4820.489,0,2,0,0,1,0,0.0,2324.747,0.0,0.0,2495.742,0.0,3,KUCUK_TICARETHANE
9241499,38.47877423,27.11024526,35-04-K00358,35,KARSIYAKA,ORNEKKOY,5.0,4400.995,0,1,0,0,1,0,0.0,4016.118,0.0,0.0,384.877,0.0,2,KUCUK_TICARETHANE
9242301,38.45697147,27.11411924,35-04-K00833,35,KARSIYAKA,DONANMACI,5.83875,15653.071,0,5,0,0,3,0,0.0,8953.976999999999,0.0,0.0,6699.093999999999,0.0,8,KUCUK_TICARETHANE
9244622,38.45765123,27.12465248,35-04-K00363,35,KARSIYAKA,TUNA,5.0,4992.085,0,0,0,0,1,0,0.0,0.0,0.0,0.0,4992.085,0.0,1,KUCUK_TICARETHANE
9244655,38.45629004,27.11792479,35-04-K01316,35,KARSIYAKA,DONANMACI,9.39,41384.581,0,0,0,0,2,0,0.0,0.0,0.0,0.0,41384.581,0.0,2,ORTA_TICARETHANE
9245876,38.45521433,27.11925006,35-04-K01555,35,KARSIYAKA,DONANMACI,7.7224545454545455,102119.08499999999,0,1,0,0,21,0,0.0,5395.467,0.0,0.0,96723.618,0.0,22,ORTA_TICARETHANE
9246019,38.45908412,27.09078091,35-04-K00476,35,KARSIYAKA,BOSTANLI,28.15,76201.95,0,0,0,0,1,0,0.0,0.0,0.0,0.0,76201.95,0.0,1,ORTA_TICARETHANE
9246636,38.45436133,27.11090466,35-04-K00282,35,KARSIYAKA,AKSOY,25.02,6065.725,0,0,0,0,1,0,0.0,0.0,0.0,0.0,6065.725,0.0,1,ORTA_TICARETHANE
9246944,38.45473797,27.10958293,35-04-K00282,35,KARSIYAKA,AKSOY,7.138571428571429,33215.375,0,4,0,0,3,0,0.0,6074.019,0.0,0.0,27141.356,0.0,7,ORTA_TICARETHANE
9247131,38.45764168,27.11713498,35-04-K00692,35,KARSIYAKA,TUNA,6.288692307692307,8259.548999999999,0,0,0,0,13,0,0.0,0.0,0.0,0.0,8259.548999999999,0.0,13,KUCUK_TICARETHANE
9247758,38.45757421,27.12041626,35-04-K00928,35,KARSIYAKA,TUNA,13.225000000000001,33304.759000000005,0,4,0,0,2,0,0.0,1594.468,0.0,0.0,31710.291,0.0,6,ORTA_TICARETHANE
9249275,38.45860705,27.11323058,35-04-K00489,35,KARSIYAKA,BAHRIYE UCOK,5.0,12209.529999999999,0,0,0,0,2,0,0.0,0.0,0.0,0.0,12209.529999999999,0.0,2,ORTA_TICARETHANE
9249583,38.45836979,27.11574419,35-04-K00590,35,KARSIYAKA,BAHARIYE,6.492857142857143,33442.621,0,4,0,0,3,0,0.0,6470.635,0.0,0.0,26971.986,0.0,7,ORTA_TICARETHANE
9251079,38.47280892,27.08480758,35-04-K03390,35,KARSIYAKA,YALI,33.3775,120944.16900000001,0,5,0,0,3,0,0.0,25754.502999999997,0.0,0.0,95189.66600000001,0.0,8,ORTA_TICARETHANE
9251178,38.45898068,27.09836254,35-04-M02777,35,KARSIYAKA,BOSTANLI,10.242875,21634.181,0,5,0,0,3,0,0.0,12313.568000000001,0.0,0.0,9320.613,0.0,8,KUCUK_TICARETHANE
9251420,38.47609523,27.109235,35-04-M01755,35,KARSIYAKA,IMBATLI,15.01,361.834,0,0,0,0,1,0,0.0,0.0,0.0,0.0,361.834,0.0,1,ORTA_TICARETHANE
9252179,38.48042233,27.09563562,35-04-M01027,35,KARSIYAKA,CUMHURIYET,5.0,628.794,0,0,0,0,1,0,0.0,0.0,0.0,0.0,628.794,0.0,1,KUCUK_TICARETHANE
9252806,38.45692014,27.09953532,35-04-K00111,35,KARSIYAKA,BOSTANLI,6.0966249999999995,42330.471,0,4,0,0,4,0,0.0,7838.625,0.0,0.0,34491.846,0.0,8,ORTA_TICARETHANE
9253070,38.45691875,27.1171354,35-04-K02433,35,KARSIYAKA,TUNA,5.0,7614.616,0,0,0,0,1,0,0.0,0.0,0.0,0.0,7614.616,0.0,1,KUCUK_TICARETHANE
9253950,38.48048076,27.09619788,35-04-M01027,35,KARSIYAKA,CUMHURIYET,5.0,17825.024,0,2,0,0,1,0,0.0,12916.969000000001,0.0,0.0,4908.055,0.0,3,KUCUK_TICARETHANE
9254929,38.46616641,27.09643314,35-04-M01186,35,KARSIYAKA,YALI,5.8375,26460.747,0,5,0,0,3,0,0.0,9854.155999999999,0.0,0.0,16606.591,0.0,8,ORTA_TICARETHANE
9255082,38.48223992,27.0908959,35-04-M01873,35,KARSIYAKA,CUMHURIYET,8.35,0.0,0,0,0,0,1,0,0.0,0.0,0.0,0.0,0.0,0.0,1,KUCUK_TICARETHANE
9255137,38.4561839,27.1119885,35-04-K03204,35,KARSIYAKA,DONANMACI,5.372777777777777,28624.341,0,12,0,0,6,0,0.0,19322.939000000002,0.0,0.0,9301.402,0.0,18,KUCUK_TICARETHANE
9255159,38.45829628,27.09741288,35-04-M02777,35,KARSIYAKA,BOSTANLI,5.7005357142857145,64880.125,0,19,0,0,9,0,0.0,34290.559,0.0,0.0,30589.566,0.0,28,ORTA_TICARETHANE
9255746,38.48005466,27.10894103,35-04-K00358,35,KARSIYAKA,ORNEKKOY,5.0,7006.862999999999,0,1,0,0,1,0,0.0,3778.017,0.0,0.0,3228.846,0.0,2,KUCUK_TICARETHANE
9255768,38.45909741,27.09107359,35-04-K00476,35,KARSIYAKA,BOSTANLI,5.0,3375.073,0,1,0,0,1,0,0.0,1825.629,0.0,0.0,1549.444,0.0,2,KUCUK_TICARETHANE
9256538,38.53699562,27.0523411,35-09-M00207,35,CIGLI,CUMHURIYET,10.93,135.471,0,0,0,0,1,0,0.0,0.0,0.0,0.0,135.471,0.0,1,KUCUK_TICARETHANE
9257363,38.46950486,27.09278719,35-04-K03975,35,KARSIYAKA,YALI,5.266666666666667,11368.716,0,4,0,0,2,0,0.0,7673.454,0.0,0.0,3695.2619999999997,0.0,6,KUCUK_TICARETHANE
9257770,38.47012175,27.10887004,35-04-K01735,35,KARSIYAKA,DEDEBASI,6.390666666666666,33291.693,0,9,0,0,6,0,0.0,26163.968,0.0,0.0,7127.725,0.0,15,KUCUK_TICARETHANE
9257781,38.45605317,27.11436102,35-04-K00833,35,KARSIYAKA,DONANMACI,5.1763157894736835,31615.892,0,13,0,0,6,0,0.0,26277.565,0.0,0.0,5338.326999999999,0.0,19,KUCUK_TICARETHANE
9258144,38.45563796,27.1179242,35-04-K01555,35,KARSIYAKA,DONANMACI,45.515,48521.86,0,0,0,0,1,0,0.0,0.0,0.0,0.0,48521.86,0.0,1,ORTA_TICARETHANE
9258617,38.46171527,27.09301689,35-04-K00191,35,KARSIYAKA,BOSTANLI,6.578181818181818,24004.545,0,7,0,0,4,0,0.0,13000.884,0.0,0.0,11003.661,0.0,11,ORTA_TICARETHANE
9258661,38.45789022,27.11772261,35-04-K04188,35,KARSIYAKA,TUNA,5.424285714285714,64178.833,0,8,0,0,20,0,0.0,20714.677,0.0,0.0,43464.156,0.0,28,ORTA_TICARETHANE
9259288,38.46143302,27.10527663,35-04-K01692,35,KARSIYAKA,NERGIZ,5.566666666666666,12735.953,0,3,0,0,3,0,0.0,3592.4030000000002,0.0,0.0,9143.55,0.0,6,KUCUK_TICARETHANE
9260047,38.45582961,27.11749397,35-04-K01316,35,KARSIYAKA,DONANMACI,5.73125,30241.542999999998,0,5,0,0,3,0,0.0,10589.817,0.0,0.0,19651.726,0.0,8,ORTA_TICARETHANE
9260168,38.45578744,27.11943046,35-04-K01990,35,KARSIYAKA,TUNA,8.246666666666666,326360.349,0,1,0,0,14,0,0.0,217.872,0.0,0.0,326142.47699999996,0.0,15,ORTA_TICARETHANE
9260234,38.47036674,27.10449504,35-04-K03058,35,KARSIYAKA,DEDEBASI,10.7045,28931.075,0,9,0,0,5,0,0.0,19365.006999999998,0.0,0.0,9566.068,0.0,14,KUCUK_TICARETHANE
9260256,38.45861136,27.09426118,35-04-K00476,35,KARSIYAKA,BOSTANLI,6.32,14388.669999999998,0,3,0,0,2,0,0.0,8099.744,0.0,0.0,6288.9259999999995,0.0,5,KUCUK_TICARETHANE
9261191,38.45817916,27.11869644,35-04-K04188,35,KARSIYAKA,TUNA,8.35,6104.2570000000005,0,2,0,0,1,0,0.0,5094.030000000001,0.0,0.0,1010.227,0.0,3,KUCUK_TICARETHANE
9262533,38.47863119,27.09285795,35-04-K00215,35,KARSIYAKA,SEMIKLER,5.0,1589.681,0,0,0,0,2,0,0.0,0.0,0.0,0.0,1589.681,0.0,2,KUCUK_TICARETHANE
9263984,38.46788856,27.10548762,35-04-K01433,35,KARSIYAKA,DEDEBASI,5.0,6406.0000001,0,2,0,0,1,0,0.0,6405.093,0.0,0.0,0.9070001,0.0,3,KUCUK_TICARETHANE
9264633,38.46439475,27.10039143,35-04-K01411,35,KARSIYAKA,GONCALAR,5.991666666666667,39310.076,0,3,0,0,3,0,0.0,5518.158,0.0,0.0,33791.918000000005,0.0,6,ORTA_TICARETHANE
9264688,38.45660715,27.11422688,35-04-K00833,35,KARSIYAKA,DONANMACI,6.116666666666667,5989.459000000001,0,4,0,0,2,0,0.0,5164.934,0.0,0.0,824.525,0.0,6,KUCUK_TICARETHANE
9264798,38.46287924,27.10564546,35-04-K01692,35,KARSIYAKA,NERGIZ,5.871428571428572,48887.873,0,9,0,0,5,0,0.0,17304.011,0.0,0.0,31583.862,0.0,14,ORTA_TICARETHANE
9266129,38.53372681,27.05149649,35-09-M00209,35,CIGLI,HARMANDALI GAZI MUSTAFA KEMAL ATATURK,5.0,11105.449999999999,0,1,0,0,2,0,0.0,7082.142,0.0,0.0,4023.308,0.0,3,KUCUK_TICARETHANE
9266327,38.4679717,27.113345,35-04-M01033,35,KARSIYAKA,BAHCELIEVLER,79.154,107614.7,0,0,0,0,1,0,0.0,0.0,0.0,0.0,107614.7,0.0,1,ORTA_TICARETHANE
9266393,38.4547377,27.11140629,35-04-K00282,35,KARSIYAKA,AKSOY,5.0,36869.834,0,9,0,0,4,0,0.0,14077.602,0.0,0.0,22792.232,0.0,13,ORTA_TICARETHANE
9266470,38.45891536,27.09399186,35-04-K00476,35,KARSIYAKA,BOSTANLI,7.898333333333333,63816.771,0,2,0,0,4,0,0.0,3893.1090000000004,0.0,0.0,59923.662,0.0,6,ORTA_TICARETHANE
9267473,38.46015224,27.11839204,35-04-K01064,35,KARSIYAKA,BAHARIYE,5.279166666666667,23765.056,0,7,0,0,5,0,0.0,11814.190999999999,0.0,0.0,11950.865,0.0,12,ORTA_TICARETHANE
9267748,38.4768022,27.09780927,35-04-K02940,35,KARSIYAKA,SEMIKLER,5.0,4078.22,0,0,0,0,1,0,0.0,0.0,0.0,0.0,4078.22,0.0,1,KUCUK_TICARETHANE
9268458,38.47592074,27.11271386,35-04-K03766,35,KARSIYAKA,ORNEKKOY,17.94,453.083,0,0,0,0,1,0,0.0,0.0,0.0,0.0,453.083,0.0,1,ORTA_TICARETHANE
9269188,38.45735653,27.11481363,35-04-K00833,35,KARSIYAKA,DONANMACI,17.016666666666666,178874.811,0,1,0,0,17,0,0.0,7262.374,0.0,0.0,171612.437,0.0,18,ORTA_TICARETHANE
9269218,38.45359712,27.11624872,35-04-K00681,35,KARSIYAKA,DONANMACI,5.0,10338.007,0,3,0,0,2,0,0.0,7454.103,0.0,0.0,2883.904,0.0,5,KUCUK_TICARETHANE
9270378,38.4550708,27.11820911,35-04-K03224,35,KARSIYAKA,DONANMACI,32.13,74226.7,0,0,0,0,1,0,0.0,0.0,0.0,0.0,74226.7,0.0,1,ORTA_TICARETHANE
9270978,38.45511802,27.11424035,35-04-K00833,35,KARSIYAKA,DONANMACI,5.0,8985.181,0,4,0,0,2,0,0.0,6995.091,0.0,0.0,1990.0900000000001,0.0,6,KUCUK_TICARETHANE
9271548,38.48037632,27.11066835,35-04-M01741,35,KARSIYAKA,ORNEKKOY,5.558333333333334,50507.678,0,4,0,0,2,0,0.0,9050.978,0.0,0.0,41456.7,0.0,6,ORTA_TICARETHANE
9272267,38.45780263,27.11641001,35-04-K00692,35,KARSIYAKA,TUNA,28.49,60593.74,0,0,0,0,1,0,0.0,0.0,0.0,0.0,60593.74,0.0,1,ORTA_TICARETHANE
9272457,38.45594346,27.11942454,35-04-K01990,35,KARSIYAKA,TUNA,11.133333333333333,74715.265,0,4,0,0,2,0,0.0,7483.656,0.0,0.0,67231.609,0.0,6,ORTA_TICARETHANE
9272657,38.45669906,27.11606568,35-04-K01746,35,KARSIYAKA,DONANMACI,5.0,13109.576,0,2,0,0,2,0,0.0,3855.559,0.0,0.0,9254.017,0.0,4,KUCUK_TICARETHANE
9272858,38.45754493,27.11588511,35-04-K00289,35,KARSIYAKA,DONANMACI,7.786666666666666,87809.48700000001,0,4,0,0,2,0,0.0,10815.377,0.0,0.0,76994.11,0.0,6,ORTA_TICARETHANE
9273758,38.46990306,27.10366492,35-04-M01179,35,KARSIYAKA,DEDEBASI,10.756428571428572,31104.737,0,9,0,0,5,0,0.0,24976.345999999998,0.0,0.0,6128.391,0.0,14,KUCUK_TICARETHANE
9274598,38.45603657,27.11809277,35-04-K01555,35,KARSIYAKA,DONANMACI,5.983999999999999,276226.704,0,0,0,0,90,0,0.0,0.0,0.0,0.0,276226.704,0.0,90,ORTA_TICARETHANE
9274658,38.45653735,27.11208161,35-04-K03204,35,KARSIYAKA,DONANMACI,5.335,13400.071,0,6,0,0,4,0,0.0,11052.404,0.0,0.0,2347.6670000000004,0.0,10,KUCUK_TICARETHANE
9276277,38.48232301,27.10298014,35-04-K04012,35,KARSIYAKA,ORNEKKOY,5.0,10815.011,0,2,0,0,1,0,0.0,6632.103,0.0,0.0,4182.908,0.0,3,KUCUK_TICARETHANE
9276777,38.46030197,27.11400075,35-04-K03676,35,KARSIYAKA,BAHRIYE UCOK,6.2575,11829.848,0,5,0,0,3,0,0.0,6961.05,0.0,0.0,4868.798,0.0,8,KUCUK_TICARETHANE
9277647,38.47300769,27.10846874,35-04-M02100,35,KARSIYAKA,IMBATLI,7.81,4105.6849999999995,0,1,0,0,1,0,0.0,560.148,0.0,0.0,3545.537,0.0,2,KUCUK_TICARETHANE
9277707,38.47335676,27.08821433,35-04-K03022,35,KARSIYAKA,YALI,8.35,0.0,0,0,0,0,1,0,0.0,0.0,0.0,0.0,0.0,0.0,1,KUCUK_TICARETHANE
9277847,38.46670439,27.09741479,35-04-M01174,35,KARSIYAKA,YALI,11.031538461538462,25523.673000000003,0,9,0,0,4,0,0.0,18595.74,0.0,0.0,6927.933000000001,0.0,13,KUCUK_TICARETHANE
9278097,38.45607682,27.11644504,35-04-K01746,35,KARSIYAKA,DONANMACI,9.48,2728.727,0,0,0,0,1,0,0.0,0.0,0.0,0.0,2728.727,0.0,1,KUCUK_TICARETHANE
9278587,38.45711878,27.12019167,35-04-K01990,35,KARSIYAKA,TUNA,29.85,17392.62,0,0,0,0,1,0,0.0,0.0,0.0,0.0,17392.62,0.0,1,ORTA_TICARETHANE
9279846,38.45601955,27.11891485,35-04-K03844,35,KARSIYAKA,TUNA,5.875,37711.214,0,4,0,0,2,0,0.0,8620.22,0.0,0.0,29090.994000000002,0.0,6,ORTA_TICARETHANE
9280486,38.45664854,27.11811726,35-04-K01109,35,KARSIYAKA,TUNA,5.3975,26469.785,0,2,0,0,14,0,0.0,2542.51,0.0,0.0,23927.275,0.0,16,ORTA_TICARETHANE
9280656,38.45589164,27.11824435,35-04-K01555,35,KARSIYAKA,DONANMACI,8.35,263.699,0,0,0,0,1,0,0.0,0.0,0.0,0.0,263.699,0.0,1,KUCUK_TICARETHANE
9281066,38.45641603,27.11801314,35-04-K01109,35,KARSIYAKA,DONANMACI,10.353333333333333,52831.531,0,2,0,0,4,0,0.0,2548.0249999999996,0.0,0.0,50283.506,0.0,6,ORTA_TICARETHANE
9281746,38.45711475,27.11923428,35-04-K03844,35,KARSIYAKA,TUNA,5.558333333333334,15886.064,0,4,0,0,2,0,0.0,6110.484,0.0,0.0,9775.580000000002,0.0,6,KUCUK_TICARETHANE
9282254,38.4591661,27.09329139,35-04-K00476,35,KARSIYAKA,BOSTANLI,23.900000000000002,99935.647,0,4,0,0,2,0,0.0,6766.2480000000005,0.0,0.0,93169.39899999999,0.0,6,ORTA_TICARETHANE
9282624,38.45773213,27.09661005,35-04-K04689,35,KARSIYAKA,BOSTANLI,6.7675,123931.693,0,10,0,0,6,0,0.0,16066.706,0.0,0.0,107864.98700000001,0.0,16,ORTA_TICARETHANE
9283634,38.5345667,27.0500733,35-09-M00208,35,CIGLI,HARMANDALI GAZI MUSTAFA KEMAL ATATURK,29.0,14765.27,0,0,0,0,1,0,0.0,0.0,0.0,0.0,14765.27,0.0,1,ORTA_TICARETHANE
9284064,38.45836805,27.12182783,35-04-K00017,35,KARSIYAKA,TUNA,5.0307692307692315,28194.614999999998,0,9,0,0,4,0,0.0,16326.788,0.0,0.0,11867.827,0.0,13,ORTA_TICARETHANE
9285264,38.47214205,27.10845306,35-04-M02100,35,KARSIYAKA,IMBATLI,15.01,6735.575,0,0,0,0,1,0,0.0,0.0,0.0,0.0,6735.575,0.0,1,ORTA_TICARETHANE
9286286,38.47455278,27.10377629,35-04-K03214,35,KARSIYAKA,DEDEBASI,5.0,3897.8,0,0,0,0,1,0,0.0,0.0,0.0,0.0,3897.8,0.0,1,KUCUK_TICARETHANE
9286716,38.46659506,27.08958563,35-04-K00885,35,KARSIYAKA,YALI,5.034285714285715,18703.488,0,4,0,0,3,0,0.0,9544.371,0.0,0.0,9159.117,0.0,7,KUCUK_TICARETHANE
9287226,38.47375872,27.10526399,35-04-K03214,35,KARSIYAKA,DEDEBASI,12.43,3966.179,0,0,0,0,1,0,0.0,0.0,0.0,0.0,3966.179,0.0,1,KUCUK_TICARETHANE
9288216,38.4586771,27.09520111,35-04-K00849,35,KARSIYAKA,BOSTANLI,5.913,53676.172,0,14,0,0,7,0,0.0,35329.702000000005,0.0,0.0,18346.469999999998,0.0,21,ORTA_TICARETHANE
9288936,38.45624981,27.11769416,35-04-K01316,35,KARSIYAKA,DONANMACI,8.1,3802.219,0,0,0,0,1,0,0.0,0.0,0.0,0.0,3802.219,0.0,1,KUCUK_TICARETHANE
9289296,38.49147066,27.11523524,35-04-K03082,35,KARSIYAKA,ZUBEYDE HANIM,9.936666666666667,30808.649,0,2,0,0,1,0,0.0,7386.409,0.0,0.0,23422.24,0.0,3,ORTA_TICARETHANE
9289356,38.4591658,27.1155731,35-04-K00590,35,KARSIYAKA,BAHARIYE,5.558333333333334,6197.422,0,4,0,0,2,0,0.0,4315.297,0.0,0.0,1882.125,0.0,6,KUCUK_TICARETHANE
9289526,38.45652998,27.11587109,35-04-K01746,35,KARSIYAKA,DONANMACI,5.357692307692308,31106.501,0,9,0,0,4,0,0.0,15772.884,0.0,0.0,15333.617,0.0,13,ORTA_TICARETHANE
9289796,38.47242202,27.08446745,35-04-K03390,35,KARSIYAKA,YALI,55.1,40136.65,0,0,0,0,1,0,0.0,0.0,0.0,0.0,40136.65,0.0,1,ORTA_TICARETHANE
9290387,38.45500377,27.11750374,35-04-K01316,35,KARSIYAKA,DONANMACI,5.187619047619047,48652.126000000004,0,1,0,0,20,0,0.0,1077.252,0.0,0.0,47574.873999999996,0.0,21,ORTA_TICARETHANE
9290887,38.45576827,27.11741677,35-04-K01316,35,KARSIYAKA,DONANMACI,5.0,2554.292,0,0,0,0,1,0,0.0,0.0,0.0,0.0,2554.292,0.0,1,KUCUK_TICARETHANE
9290947,38.45774119,27.12005396,35-04-K00928,35,KARSIYAKA,TUNA,6.795249999999999,15139.548999999999,0,4,0,0,4,0,0.0,4656.182,0.0,0.0,10483.367,0.0,8,ORTA_TICARETHANE
9290997,38.47221441,27.10793786,35-04-M02100,35,KARSIYAKA,IMBATLI,5.0,19759.633,0,0,0,0,3,0,0.0,0.0,0.0,0.0,19759.633,0.0,3,ORTA_TICARETHANE
9291167,38.47431631,27.11101755,35-04-K03012,35,KARSIYAKA,IMBATLI,9.42153846153846,118367.154,0,14,0,0,12,0,0.0,34027.481,0.0,0.0,84339.67300000001,0.0,26,ORTA_TICARETHANE
9291757,38.45587132,27.11389214,35-04-K00833,35,KARSIYAKA,DONANMACI,5.0,9875.875,0,4,0,0,3,0,0.0,8615.012,0.0,0.0,1260.8629999999998,0.0,7,KUCUK_TICARETHANE
9291767,38.45578967,27.11684244,35-04-K01746,35,KARSIYAKA,DONANMACI,5.558333333333334,15776.887,0,3,0,0,3,0,0.0,5196.373,0.0,0.0,10580.514000000001,0.0,6,ORTA_TICARETHANE
9292487,38.45549645,27.11844164,35-04-K01555,35,KARSIYAKA,DONANMACI,5.498918918918919,49418.801,0,3,0,0,34,0,0.0,3311.424,0.0,0.0,46107.377,0.0,37,ORTA_TICARETHANE
9292807,38.47456361,27.09969069,35-04-M02425,35,KARSIYAKA,SEMIKLER,6.699999999999999,19695.969,0,5,0,0,3,0,0.0,16115.046,0.0,0.0,3580.923,0.0,8,KUCUK_TICARETHANE
9293297,38.46793,27.076545,35-04-K02423,35,KARSIYAKA,MAVISEHIR,30.776666666666667,608462.89,0,0,0,0,3,0,0.0,0.0,0.0,0.0,608462.89,0.0,3,ORTA_TICARETHANE
9293777,38.47691284,27.10992263,35-04-M02326,35,KARSIYAKA,ORNEKKOY,5.0,714.547,0,0,0,0,1,0,0.0,0.0,0.0,0.0,714.547,0.0,1,KUCUK_TICARETHANE
9293837,38.48424421,27.0922984,35-04-M01360,35,KARSIYAKA,CUMHURIYET,5.635,4991.542,0,1,0,0,1,0,0.0,4989.777,0.0,0.0,1.765,0.0,2,KUCUK_TICARETHANE
9293877,38.4749967,27.10910663,35-04-M01755,35,KARSIYAKA,IMBATLI,10.004999999999999,27343.005,0,0,0,0,2,0,0.0,0.0,0.0,0.0,27343.005,0.0,2,ORTA_TICARETHANE
9294737,38.46124136,27.12243366,35-04-K04601,35,KARSIYAKA,BAHARIYE,5.0,7568.219,0,0,0,0,1,0,0.0,0.0,0.0,0.0,7568.219,0.0,1,KUCUK_TICARETHANE
9294747,38.45513671,27.10626598,35-04-K00053,35,KARSIYAKA,BOSTANLI,8.69,12267.22,0,0,0,0,1,0,0.0,0.0,0.0,0.0,12267.22,0.0,1,ORTA_TICARETHANE
9295417,38.45701854,27.11671693,35-04-K00289,35,KARSIYAKA,TUNA,5.583846153846154,96376.287,0,0,0,0,26,0,0.0,0.0,0.0,0.0,96376.287,0.0,26,ORTA_TICARETHANE
9295747,38.46430108,27.1213112,35-04-K00294,35,KARSIYAKA,BAHCELIEVLER,5.0,41931.754,0,0,0,0,3,0,0.0,0.0,0.0,0.0,41931.754,0.0,3,ORTA_TICARETHANE
9295817,38.48089009,27.09172761,35-04-K04013,35,KARSIYAKA,CUMHURIYET,15.7,7391.858,0,0,0,0,1,0,0.0,0.0,0.0,0.0,7391.858,0.0,1,ORTA_TICARETHANE
9296407,38.4548617,27.118215,35-04-K03224,35,KARSIYAKA,DONANMACI,59.35,32100.13,0,0,0,0,1,0,0.0,0.0,0.0,0.0,32100.13,0.0,1,ORTA_TICARETHANE
9296987,38.45433246,27.11778238,35-04-K01316,35,KARSIYAKA,DONANMACI,5.41875,66882.091,0,4,0,0,4,0,0.0,13881.835000000001,0.0,0.0,53000.255999999994,0.0,8,ORTA_TICARETHANE
9297087,38.45822128,27.09568828,35-04-M02777,35,KARSIYAKA,BOSTANLI,6.3093125,75685.612,0,10,0,0,6,0,0.0,26083.286,0.0,0.0,49602.326,0.0,16,ORTA_TICARETHANE
9297137,38.45725975,27.11687639,35-04-K00289,35,KARSIYAKA,TUNA,5.5234375,77101.807,0,2,0,0,30,0,0.0,1862.9500000000003,0.0,0.0,75238.857,0.0,32,ORTA_TICARETHANE
9297257,38.45766693,27.12021966,35-04-K00928,35,KARSIYAKA,TUNA,5.5,2872.01,0,0,0,0,1,0,0.0,0.0,0.0,0.0,2872.01,0.0,1,KUCUK_TICARETHANE
9297577,38.45986013,27.11627749,35-04-K01360,35,KARSIYAKA,BAHARIYE,5.490833333333334,42233.281,0,8,0,0,4,0,0.0,14565.081,0.0,0.0,27668.2,0.0,12,ORTA_TICARETHANE
9297597,38.45924917,27.12493079,35-04-K00288,35,KARSIYAKA,ALAYBEY,48.144999999999996,26677.981999999996,0,0,0,0,2,0,0.0,0.0,0.0,0.0,26677.981999999996,0.0,2,ORTA_TICARETHANE
9298597,38.47720983,27.1100518,35-04-K00358,35,KARSIYAKA,ORNEKKOY,5.0,5246.277,0,2,0,0,1,0,0.0,4551.761,0.0,0.0,694.516,0.0,3,KUCUK_TICARETHANE
9299197,38.45583021,27.11780786,35-04-K01316,35,KARSIYAKA,DONANMACI,7.214444444444445,28812.012,0,1,0,0,8,0,0.0,2776.588,0.0,0.0,26035.424,0.0,9,ORTA_TICARETHANE
9300067,38.53575606,27.05266352,35-09-M00207,35,CIGLI,CUMHURIYET,5.0,17871.694,0,2,0,0,1,0,0.0,15243.196,0.0,0.0,2628.498,0.0,3,KUCUK_TICARETHANE
9300227,38.49972596,27.12155184,35-04-K04756,35,KARSIYAKA,LATIFE HANIM,8.28,12790.49,0,0,0,0,1,0,0.0,0.0,0.0,0.0,12790.49,0.0,1,ORTA_TICARETHANE
9300627,38.45932664,27.09270707,35-04-K00476,35,KARSIYAKA,BOSTANLI,7.228,35520.59,0,3,0,0,2,0,0.0,6489.996,0.0,0.0,29030.594,0.0,5,ORTA_TICARETHANE
9300667,38.45569731,27.11829654,35-04-K01555,35,KARSIYAKA,DONANMACI,6.117333333333333,70298.689,0,1,0,0,14,0,0.0,1015.433,0.0,0.0,69283.25600000001,0.0,15,ORTA_TICARETHANE
9301267,38.47686877,27.08906813,35-04-K00215,35,KARSIYAKA,SEMIKLER,5.0,462.695,0,2,0,0,1,0,0.0,382.811,0.0,0.0,79.884,0.0,3,KUCUK_TICARETHANE
9302387,38.49950705,27.1209438,35-04-K04756,35,KARSIYAKA,LATIFE HANIM,8.2,528.584,0,0,0,0,1,0,0.0,0.0,0.0,0.0,528.584,0.0,1,KUCUK_TICARETHANE
9302397,38.49943901,27.12095604,35-04-K04756,35,KARSIYAKA,LATIFE HANIM,8.2,15887.1,0,0,0,0,1,0,0.0,0.0,0.0,0.0,15887.1,0.0,1,ORTA_TICARETHANE
9302407,38.4917166,27.11676757,35-04-K03082,35,KARSIYAKA,LATIFE HANIM,5.0,2257.774,0,1,0,0,1,0,0.0,2257.774,0.0,0.0,0.0,0.0,2,KUCUK_TICARETHANE
9302637,38.47919633,27.09051975,35-04-K00308,35,KARSIYAKA,SEMIKLER,5.0,2857.599,0,0,0,0,1,0,0.0,0.0,0.0,0.0,2857.599,0.0,1,KUCUK_TICARETHANE
9302647,38.45780706,27.11598912,35-04-K00692,35,KARSIYAKA,TUNA,43.96733333333333,165200.588,0,4,0,0,2,0,0.0,10617.785,0.0,0.0,154582.80299999999,0.0,6,ORTA_TICARETHANE
9302907,38.46817131,27.09175677,35-04-K03847,35,KARSIYAKA,YALI,8.19,7751.144,0,2,0,0,1,0,0.0,4498.652,0.0,0.0,3252.492,0.0,3,KUCUK_TICARETHANE
9303007,38.45717296,27.11669202,35-04-K00289,35,KARSIYAKA,TUNA,15.01,70699.73,0,0,0,0,1,0,0.0,0.0,0.0,0.0,70699.73,0.0,1,ORTA_TICARETHANE
9303157,38.47523342,27.10924067,35-04-M01755,35,KARSIYAKA,IMBATLI,5.0,6793.757,0,1,0,0,1,0,0.0,4110.406,0.0,0.0,2683.351,0.0,2,KUCUK_TICARETHANE
9303357,38.45924882,27.12023975,35-04-K00017,35,KARSIYAKA,ALAYBEY,5.107142857142857,32900.339,0,9,0,0,5,0,0.0,15043.519,0.0,0.0,17856.82,0.0,14,ORTA_TICARETHANE
9303417,38.45642995,27.11912652,35-04-K03844,35,KARSIYAKA,TUNA,21.44,29817.69,0,0,0,0,2,0,0.0,0.0,0.0,0.0,29817.69,0.0,2,ORTA_TICARETHANE
9303697,38.4776535,27.09129378,35-04-K00215,35,KARSIYAKA,SEMIKLER,8.336666666666666,6358.875,0,2,0,0,1,0,0.0,4188.121,0.0,0.0,2170.754,0.0,3,KUCUK_TICARETHANE
9303857,38.45524931,27.11880344,35-04-K01555,35,KARSIYAKA,DONANMACI,43.84,48677.69,0,0,0,0,1,0,0.0,0.0,0.0,0.0,48677.69,0.0,1,ORTA_TICARETHANE
9303867,38.45921983,27.11557767,35-04-K00590,35,KARSIYAKA,BAHARIYE,5.304545454545455,38133.381,0,2,0,0,9,0,0.0,2362.822,0.0,0.0,35770.559,0.0,11,ORTA_TICARETHANE
9304298,38.46928008,27.09214323,35-04-K03847,35,KARSIYAKA,YALI,13.00523076923077,85561.271,0,9,0,0,4,0,0.0,25996.781,0.0,0.0,59564.49,0.0,13,ORTA_TICARETHANE
9304468,38.46074075,27.12426703,35-04-K00288,35,KARSIYAKA,TERSANE,5.773846153846154,33455.307,0,9,0,0,4,0,0.0,13661.923999999999,0.0,0.0,19793.383,0.0,13,ORTA_TICARETHANE
9304508,38.47198616,27.09685533,35-04-K03778,35,KARSIYAKA,SEMIKLER,8.336666666666666,66165.517,0,0,0,0,3,0,0.0,0.0,0.0,0.0,66165.517,0.0,3,ORTA_TICARETHANE
9304518,38.45469099,27.10710263,35-04-K00277,35,KARSIYAKA,AKSOY,189.56,77363.28,0,0,0,0,1,0,0.0,0.0,0.0,0.0,77363.28,0.0,1,ORTA_TICARETHANE
9305528,38.45829578,27.11556815,35-04-K00590,35,KARSIYAKA,BAHARIYE,11.32,5809.072,0,0,0,0,1,0,0.0,0.0,0.0,0.0,5809.072,0.0,1,KUCUK_TICARETHANE
9305678,38.48509711,27.0999389,35-04-M02466,35,KARSIYAKA,INONU,5.126666666666666,8271.919000000002,0,2,0,0,1,0,0.0,5356.8,0.0,0.0,2915.119,0.0,3,KUCUK_TICARETHANE
9306108,38.46170563,27.12586314,35-04-K00037,35,KARSIYAKA,TERSANE,5.02,36120.62,0,5,0,0,3,0,0.0,9107.395,0.0,0.0,27013.225,0.0,8,ORTA_TICARETHANE
9308629,38.45592559,27.11867622,35-04-K01760,35,KARSIYAKA,DONANMACI,5.26,11210.98,0,0,0,0,1,0,0.0,0.0,0.0,0.0,11210.98,0.0,1,ORTA_TICARETHANE
9308639,38.4558684,27.11935336,35-04-K01990,35,KARSIYAKA,TUNA,5.488095238095238,34577.192,0,0,0,0,21,0,0.0,0.0,0.0,0.0,34577.192,0.0,21,ORTA_TICARETHANE
9309009,38.45856722,27.11881372,35-04-K04188,35,KARSIYAKA,TUNA,5.0,36028.84,0,0,0,0,1,0,0.0,0.0,0.0,0.0,36028.84,0.0,1,ORTA_TICARETHANE
9309159,38.47384805,27.09616341,35-04-K01482,35,KARSIYAKA,SEMIKLER,8.333,0.0,0,0,0,0,1,0,0.0,0.0,0.0,0.0,0.0,0.0,1,KUCUK_TICARETHANE
9309689,38.46103164,27.10705196,35-04-K00706,35,KARSIYAKA,NERGIZ,5.257692307692308,33320.883,0,9,0,0,4,0,0.0,13778.97,0.0,0.0,19541.913,0.0,13,ORTA_TICARETHANE
9310979,38.48035229,27.11050335,35-04-M01741,35,KARSIYAKA,ORNEKKOY,5.0,2689.863,0,0,0,0,1,0,0.0,0.0,0.0,0.0,2689.863,0.0,1,KUCUK_TICARETHANE
9311119,38.4569562,27.1160195,35-04-K01746,35,KARSIYAKA,DONANMACI,5.0,20243.887,0,4,0,0,4,0,0.0,11264.731,0.0,0.0,8979.155999999999,0.0,8,KUCUK_TICARETHANE
9311379,38.47476647,27.10389111,35-04-K03214,35,KARSIYAKA,DEDEBASI,7.45,3475.64,0,0,0,0,1,0,0.0,0.0,0.0,0.0,3475.64,0.0,1,KUCUK_TICARETHANE
9311859,38.46806847,27.09322461,35-04-K03975,35,KARSIYAKA,YALI,5.323076923076924,66319.90299999999,0,9,0,0,4,0,0.0,21292.509,0.0,0.0,45027.394,0.0,13,ORTA_TICARETHANE
9312109,38.47894808,27.09311665,35-04-K00215,35,KARSIYAKA,SEMIKLER,5.957142857142857,17592.366,0,4,0,0,3,0,0.0,10098.525000000001,0.0,0.0,7493.841,0.0,7,KUCUK_TICARETHANE
9312259,38.45977368,27.10481521,35-04-K00930,35,KARSIYAKA,NERGIZ,5.268,87691.052,0,13,0,0,12,0,0.0,26722.888,0.0,0.0,60968.164,0.0,25,ORTA_TICARETHANE
9312629,38.45478994,27.10910308,35-04-K03074,35,KARSIYAKA,AKSOY,5.516666666666667,96541.628,0,20,0,0,13,0,0.0,44542.729,0.0,0.0,51998.899,0.0,33,ORTA_TICARETHANE
9313879,38.46875137,27.08801181,35-04-K01450,35,KARSIYAKA,YALI,5.0,7512.291,0,1,0,0,1,0,0.0,1759.546,0.0,0.0,5752.745,0.0,2,KUCUK_TICARETHANE
9314009,38.47135993,27.09421456,35-04-K00197,35,KARSIYAKA,SEMIKLER,8.35,2195.27,0,1,0,0,1,0,0.0,2021.672,0.0,0.0,173.598,0.0,2,KUCUK_TICARETHANE
9314149,38.48416935,27.10595433,35-04-M02875,35,KARSIYAKA,ORNEKKOY,5.0,1532.653,0,0,0,0,1,0,0.0,0.0,0.0,0.0,1532.653,0.0,1,KUCUK_TICARETHANE
9314179,38.47837651,27.10319728,35-04-M02404,35,KARSIYAKA,CUMHURIYET,8.040000000000001,6795.755,0,2,0,0,1,0,0.0,6664.5599999999995,0.0,0.0,131.195,0.0,3,KUCUK_TICARETHANE
9314369,38.45692787,27.11990111,35-04-K01990,35,KARSIYAKA,TUNA,15.57,35646.192,0,0,0,0,2,0,0.0,0.0,0.0,0.0,35646.192,0.0,2,ORTA_TICARETHANE
9314549,38.48217441,27.09009163,35-04-K04013,35,KARSIYAKA,CUMHURIYET,10.004999999999999,79.342,0,0,0,0,2,0,0.0,0.0,0.0,0.0,79.342,0.0,2,KUCUK_TICARETHANE
9314609,38.46980989,27.09960943,35-04-K01034,35,KARSIYAKA,DEMIRKOPRU,5.61,44503.32399999999,0,7,0,0,4,0,0.0,13490.431999999999,0.0,0.0,31012.892,0.0,11,ORTA_TICARETHANE
9314729,38.45976595,27.10527603,35-04-K00930,35,KARSIYAKA,NERGIZ,5.5661538461538465,48474.234,0,7,0,0,6,0,0.0,14758.722999999998,0.0,0.0,33715.511,0.0,13,ORTA_TICARETHANE
9314879,38.48127469,27.09620274,35-04-M01027,35,KARSIYAKA,CUMHURIYET,8.35,6033.568,0,1,0,0,1,0,0.0,374.612,0.0,0.0,5658.956,0.0,2,KUCUK_TICARETHANE
9315069,38.45918391,27.11062752,35-04-K01589,35,KARSIYAKA,BAHRIYE UCOK,5.553846153846154,45761.29,0,9,0,0,4,0,0.0,14747.010999999999,0.0,0.0,31014.279000000002,0.0,13,ORTA_TICARETHANE
9315599,38.45999731,27.11379118,35-04-K00254,35,KARSIYAKA,BAHRIYE UCOK,5.77,18722.426,0,7,0,0,5,0,0.0,10006.687,0.0,0.0,8715.739000000001,0.0,12,KUCUK_TICARETHANE
9315639,38.47527714,27.10108206,35-04-M02425,35,KARSIYAKA,SEMIKLER,5.54,58813.41,0,0,0,0,1,0,0.0,0.0,0.0,0.0,58813.41,0.0,1,ORTA_TICARETHANE
9315669,38.46054074,27.12069217,35-04-K00166,35,KARSIYAKA,BAHARIYE,5.0,560.302,0,0,0,0,1,0,0.0,0.0,0.0,0.0,560.302,0.0,1,KUCUK_TICARETHANE
9315709,38.52121963,27.04077001,35-09-M01308,35,CIGLI,AHMET EFENDI,5.0,908.3489999999999,0,0,0,0,2,0,0.0,0.0,0.0,0.0,908.3489999999999,0.0,2,KUCUK_TICARETHANE
9315939,38.458316,27.09706767,35-04-M02777,35,KARSIYAKA,BOSTANLI,10.024076923076922,56418.347,0,8,0,0,5,0,0.0,18084.281,0.0,0.0,38334.066,0.0,13,ORTA_TICARETHANE
9318118,38.45523521,27.10504177,35-04-K03734,35,KARSIYAKA,BOSTANLI,5.372222222222223,28857.419,0,6,0,0,3,0,0.0,17816.081,0.0,0.0,11041.338,0.0,9,ORTA_TICARETHANE
9318718,38.46703624,27.08969353,35-04-K03010,35,KARSIYAKA,YALI,5.257692307692308,32208.052,0,9,0,0,4,0,0.0,14347.996,0.0,0.0,17860.056,0.0,13,ORTA_TICARETHANE
9320508,38.47101827,27.09364849,35-04-K00197,35,KARSIYAKA,SEMIKLER,20.5,3384.691,0,0,0,0,1,0,0.0,0.0,0.0,0.0,3384.691,0.0,1,ORTA_TICARETHANE
9320598,38.4761931,27.10429584,35-04-M01180,35,KARSIYAKA,IMBATLI,5.1,15346.184,0,2,0,0,3,0,0.0,6648.045,0.0,0.0,8698.139,0.0,5,KUCUK_TICARETHANE
9321188,38.46978213,27.10608593,35-04-K03058,35,KARSIYAKA,DEDEBASI,11.664285714285713,28310.315000000002,0,9,0,0,5,0,0.0,20424.229,0.0,0.0,7886.086,0.0,14,KUCUK_TICARETHANE
9321638,38.45570678,27.11806924,35-04-K01555,35,KARSIYAKA,DONANMACI,7.2925,43854.737,0,4,0,0,4,0,0.0,10940.607,0.0,0.0,32914.13,0.0,8,ORTA_TICARETHANE
9321678,38.45779619,27.12009725,35-04-K00928,35,KARSIYAKA,TUNA,5.0,4285.127,0,0,0,0,1,0,0.0,0.0,0.0,0.0,4285.127,0.0,1,KUCUK_TICARETHANE
9321728,38.46004364,27.10164803,35-04-M01038,35,KARSIYAKA,BOSTANLI,6.806,16222.068,0,6,0,0,4,0,0.0,11955.964,0.0,0.0,4266.104,0.0,10,KUCUK_TICARETHANE
9322008,38.45583373,27.11840425,35-04-K01555,35,KARSIYAKA,DONANMACI,5.0,23132.838,0,1,0,0,3,0,0.0,1917.47,0.0,0.0,21215.368,0.0,4,ORTA_TICARETHANE
9322458,38.45642363,27.11978475,35-04-K01990,35,KARSIYAKA,TUNA,5.957142857142857,24222.684,0,4,0,0,3,0,0.0,15659.111,0.0,0.0,8563.573,0.0,7,KUCUK_TICARETHANE
9322508,38.4570583,27.09943,35-04-K00111,35,KARSIYAKA,BOSTANLI,12.021666666666667,67432.954,0,0,0,0,6,0,0.0,0.0,0.0,0.0,67432.954,0.0,6,ORTA_TICARETHANE
9323010,38.45606159,27.11878809,35-04-K01990,35,KARSIYAKA,TUNA,9.1575,78907.051,0,0,0,0,4,0,0.0,0.0,0.0,0.0,78907.051,0.0,4,ORTA_TICARETHANE
9323450,38.46145542,27.11241905,35-04-K01065,35,KARSIYAKA,BAHRIYE UCOK,5.0,10912.705,0,4,0,0,4,0,0.0,7097.429,0.0,0.0,3815.276,0.0,8,KUCUK_TICARETHANE
9323850,38.48354494,27.11209985,35-04-M03260,35,KARSIYAKA,ORNEKKOY,8.35,548.237,0,0,0,0,1,0,0.0,0.0,0.0,0.0,548.237,0.0,1,KUCUK_TICARETHANE
9324002,38.45845857,27.11965754,35-04-K04188,35,KARSIYAKA,TUNA,5.7178571428571425,35010.013999999996,0,9,0,0,5,0,0.0,21073.467,0.0,0.0,13936.546999999999,0.0,14,ORTA_TICARETHANE
9324302,38.48151456,27.10497176,35-04-K01227,35,KARSIYAKA,ORNEKKOY,5.0,7726.877,0,1,0,0,2,0,0.0,4181.723,0.0,0.0,3545.154,0.0,3,KUCUK_TICARETHANE
9324552,38.48171988,27.10574983,35-04-K01227,35,KARSIYAKA,ORNEKKOY,5.0,13126.51,0,0,0,0,1,0,0.0,0.0,0.0,0.0,13126.51,0.0,1,ORTA_TICARETHANE
9324612,38.45714288,27.11668243,35-04-K00289,35,KARSIYAKA,DONANMACI,12.389714285714287,121651.175,0,2,0,0,5,0,0.0,6016.804,0.0,0.0,115634.371,0.0,7,ORTA_TICARETHANE
9324832,38.46339291,27.1058437,35-04-K01692,35,KARSIYAKA,NERGIZ,5.0,20147.764,0,2,0,0,1,0,0.0,11773.628999999999,0.0,0.0,8374.135,0.0,3,KUCUK_TICARETHANE
9325012,38.45569465,27.11832291,35-04-K01555,35,KARSIYAKA,DONANMACI,5.590625,66543.391,0,8,0,0,8,0,0.0,10144.122000000001,0.0,0.0,56399.269,0.0,16,ORTA_TICARETHANE
9326082,38.47309971,27.09990333,35-04-K03083,35,KARSIYAKA,SEMIKLER,10.378421052631579,96014.076,0,13,0,0,6,0,0.0,35875.362,0.0,0.0,60138.714,0.0,19,ORTA_TICARETHANE
9326842,38.4780165,27.08848887,35-04-K00215,35,KARSIYAKA,SEMIKLER,5.0,4570.984,0,2,0,0,1,0,0.0,1822.5,0.0,0.0,2748.484,0.0,3,KUCUK_TICARETHANE
9327462,38.46675445,27.10696251,35-04-K01433,35,KARSIYAKA,GONCALAR,5.0,7823.397,0,0,0,0,1,0,0.0,0.0,0.0,0.0,7823.397,0.0,1,KUCUK_TICARETHANE
9327622,38.46049335,27.11852152,35-04-K01064,35,KARSIYAKA,BAHARIYE,5.67,2209.244,0,1,0,0,4,0,0.0,226.353,0.0,0.0,1982.891,0.0,5,KUCUK_TICARETHANE
9328082,38.45801276,27.11796345,35-04-K01681,35,KARSIYAKA,TUNA,5.8375,19876.851000000002,0,0,0,0,8,0,0.0,0.0,0.0,0.0,19876.851000000002,0.0,8,ORTA_TICARETHANE
9328642,38.46384555,27.10545942,35-04-K04246,35,KARSIYAKA,NERGIZ,5.0,21456.513,0,1,0,0,4,0,0.0,7971.687,0.0,0.0,13484.826000000001,0.0,5,ORTA_TICARETHANE
9329232,38.45698136,27.11538503,35-04-K00833,35,KARSIYAKA,DONANMACI,5.24,21285.248,0,9,0,0,5,0,0.0,14312.015,0.0,0.0,6973.233,0.0,14,KUCUK_TICARETHANE
9329332,38.46578003,27.08944488,35-04-K00885,35,KARSIYAKA,ATAKENT,15.01,28236.24,0,0,0,0,1,0,0.0,0.0,0.0,0.0,28236.24,0.0,1,ORTA_TICARETHANE
9329612,38.47025155,27.09819029,35-04-K04709,35,KARSIYAKA,SEMIKLER,5.2,11379.808,0,2,0,0,1,0,0.0,4883.5509999999995,0.0,0.0,6496.257,0.0,3,KUCUK_TICARETHANE
9329702,38.45653632,27.11777881,35-04-K01109,35,KARSIYAKA,DONANMACI,6.559166666666666,76968.208,0,3,0,0,9,0,0.0,4668.4130000000005,0.0,0.0,72299.795,0.0,12,ORTA_TICARETHANE
9329912,38.45591733,27.11386281,35-04-K00833,35,KARSIYAKA,DONANMACI,5.373333333333333,15570.697,0,5,0,0,4,0,0.0,9371.804,0.0,0.0,6198.893,0.0,9,KUCUK_TICARETHANE
9331182,38.47784038,27.11455086,35-04-K03969,35,KARSIYAKA,ORNEKKOY,7.233333333333333,3171.3120000000004,0,2,0,0,1,0,0.0,2008.557,0.0,0.0,1162.755,0.0,3,KUCUK_TICARETHANE
9331401,38.45714981,27.11697954,35-04-K01681,35,KARSIYAKA,TUNA,5.0,17269.744,0,0,0,0,2,0,0.0,0.0,0.0,0.0,17269.744,0.0,2,ORTA_TICARETHANE
9331521,38.45834317,27.12023576,35-04-K00017,35,KARSIYAKA,TUNA,5.742666666666667,21412.031,0,5,0,0,4,0,0.0,11955.9,0.0,0.0,9456.131,0.0,9,KUCUK_TICARETHANE
9331891,38.47993528,27.1103841,35-04-K00358,35,KARSIYAKA,ORNEKKOY,8.36,3941.504,0,0,0,0,1,0,0.0,0.0,0.0,0.0,3941.504,0.0,1,KUCUK_TICARETHANE
9332461,38.53734918,27.05111965,35-09-M00208,35,CIGLI,CUMHURIYET,5.0,2510.959,0,0,0,0,1,0,0.0,0.0,0.0,0.0,2510.959,0.0,1,KUCUK_TICARETHANE
9332691,38.45743081,27.11547511,35-04-K01746,35,KARSIYAKA,DONANMACI,5.0,7421.876,0,0,0,0,1,0,0.0,0.0,0.0,0.0,7421.876,0.0,1,KUCUK_TICARETHANE
9332871,38.45404032,27.11475621,35-04-K03185,35,KARSIYAKA,DONANMACI,5.373333333333333,13648.425,0,6,0,0,3,0,0.0,10298.773,0.0,0.0,3349.652,0.0,9,KUCUK_TICARETHANE
9333111,38.45622548,27.11694153,35-04-K02433,35,KARSIYAKA,DONANMACI,5.0,18049.267,0,4,0,0,2,0,0.0,9700.258,0.0,0.0,8349.009,0.0,6,KUCUK_TICARETHANE
9333471,38.46643681,27.10276301,35-04-K03038,35,KARSIYAKA,DEDEBASI,8.35,1765.751,0,0,0,0,1,0,0.0,0.0,0.0,0.0,1765.751,0.0,1,KUCUK_TICARETHANE
9334181,38.45583885,27.1169237,35-04-K02433,35,KARSIYAKA,DONANMACI,6.675,20444.42,0,1,0,0,3,0,0.0,1446.132,0.0,0.0,18998.288,0.0,4,ORTA_TICARETHANE
9334561,38.45652684,27.11959455,35-04-K01990,35,KARSIYAKA,TUNA,5.64,19851.12,0,3,0,0,2,0,0.0,8233.516,0.0,0.0,11617.604,0.0,5,ORTA_TICARETHANE
9334621,38.45678116,27.11472952,35-04-K00833,35,KARSIYAKA,DONANMACI,5.24,31857.814,0,9,0,0,5,0,0.0,26576.2,0.0,0.0,5281.614,0.0,14,KUCUK_TICARETHANE
9334961,38.45689124,27.09906698,35-04-K00111,35,KARSIYAKA,BOSTANLI,7.7193,123712.938,0,5,0,0,5,0,0.0,10858.07,0.0,0.0,112854.86799999999,0.0,10,ORTA_TICARETHANE
9335221,38.45654297,27.11590561,35-04-K01746,35,KARSIYAKA,DONANMACI,5.0,41122.877,0,5,0,0,7,0,0.0,9559.921,0.0,0.0,31562.956,0.0,12,ORTA_TICARETHANE
9336021,38.45582098,27.12008394,35-04-K04454,35,KARSIYAKA,TUNA,6.5811111111111105,77879.503,0,5,0,0,4,0,0.0,9888.535,0.0,0.0,67990.968,0.0,9,ORTA_TICARETHANE
9336141,38.48559066,27.09739986,35-04-K03488,35,KARSIYAKA,INONU,5.54,5656.399,0,1,0,0,1,0,0.0,316.406,0.0,0.0,5339.993,0.0,2,KUCUK_TICARETHANE
9336421,38.45559854,27.1180333,35-04-K01555,35,KARSIYAKA,DONANMACI,6.3420000000000005,49425.809,0,3,0,0,2,0,0.0,5544.64,0.0,0.0,43881.169,0.0,5,ORTA_TICARETHANE
9336741,38.49970202,27.121275,35-04-K04756,35,KARSIYAKA,LATIFE HANIM,8.2,1513.404,0,0,0,0,1,0,0.0,0.0,0.0,0.0,1513.404,0.0,1,KUCUK_TICARETHANE
9336931,38.47003811,27.09361031,35-04-K04521,35,KARSIYAKA,YALI,10.994285714285713,49265.096,0,9,0,0,5,0,0.0,24378.773,0.0,0.0,24886.323,0.0,14,ORTA_TICARETHANE
9337111,38.45566477,27.11634428,35-04-K01746,35,KARSIYAKA,DONANMACI,5.229310344827587,75761.4361,0,9,0,0,20,0,0.0,25217.795000000002,0.0,0.0,50543.6411,0.0,29,ORTA_TICARETHANE
9337141,38.48015545,27.0931646,35-04-K01608,35,KARSIYAKA,CUMHURIYET,5.52,2783.305,0,0,0,0,1,0,0.0,0.0,0.0,0.0,2783.305,0.0,1,KUCUK_TICARETHANE
9337251,38.46880201,27.09515676,35-04-K02578,35,KARSIYAKA,YALI,17.5,12398.4,0,0,0,0,1,0,0.0,0.0,0.0,0.0,12398.4,0.0,1,ORTA_TICARETHANE
9337271,38.46416177,27.10234781,35-04-K03980,35,KARSIYAKA,GONCALAR,5.771769230769231,48594.652,0,9,0,0,4,0,0.0,31674.069,0.0,0.0,16920.583,0.0,13,ORTA_TICARETHANE
9337661,38.46601802,27.12022556,35-04-K01375Ã–,35,KARSIYAKA,BAHCELIEVLER,8.35,8338.543,0,0,0,0,2,0,0.0,0.0,0.0,0.0,8338.543,0.0,2,KUCUK_TICARETHANE
9337701,38.46268315,27.10091982,35-04-M01037,35,KARSIYAKA,BOSTANLI,6.5651875,33073.904,0,11,0,0,5,0,0.0,25298.825,0.0,0.0,7775.079,0.0,16,KUCUK_TICARETHANE
9338381,38.47658665,27.10154215,35-04-M01180,35,KARSIYAKA,CUMHURIYET,11.22,53214.003,0,3,0,0,2,0,0.0,6233.055,0.0,0.0,46980.948000000004,0.0,5,ORTA_TICARETHANE
9338541,38.47502682,27.10049793,35-04-M02425,35,KARSIYAKA,SEMIKLER,5.0,3697.012,0,0,0,0,1,0,0.0,0.0,0.0,0.0,3697.012,0.0,1,KUCUK_TICARETHANE
9338951,38.46026766,27.09010378,35-04-K03303,35,KARSIYAKA,ATAKENT,15.01,12531.57,0,0,0,0,1,0,0.0,0.0,0.0,0.0,12531.57,0.0,1,ORTA_TICARETHANE
9339701,38.46684823,27.06734542,35-04-K03388,35,KARSIYAKA,MAVISEHIR,16.57,5914.684,0,0,0,0,1,0,0.0,0.0,0.0,0.0,5914.684,0.0,1,ORTA_TICARETHANE
9339861,38.45602897,27.11778961,35-04-K01316,35,KARSIYAKA,DONANMACI,12.275,32421.910000000003,0,2,0,0,2,0,0.0,6198.875,0.0,0.0,26223.035,0.0,4,ORTA_TICARETHANE
9339881,38.47746677,27.11409257,35-04-K03969,35,KARSIYAKA,ORNEKKOY,6.7475000000000005,4640.96,0,2,0,0,2,0,0.0,3114.069,0.0,0.0,1526.891,0.0,4,KUCUK_TICARETHANE
9340102,38.46545057,27.12666418,35-04-K03723,35,KARSIYAKA,BAHCELIEVLER,7.5685714285714285,124108.78,0,8,0,0,6,0,0.0,20918.563,0.0,0.0,103190.217,0.0,14,ORTA_TICARETHANE
9340212,38.46470875,27.09060953,35-04-K00885,35,KARSIYAKA,ATAKENT,8.86,50031.496,0,4,0,0,5,0,0.0,5051.777,0.0,0.0,44979.719,0.0,9,ORTA_TICARETHANE
9340604,38.47939376,27.09286706,35-04-K00215,35,KARSIYAKA,SEMIKLER,5.0,11648.665,0,3,0,0,2,0,0.0,9118.2,0.0,0.0,2530.465,0.0,5,KUCUK_TICARETHANE
9340724,38.45636523,27.11777991,35-04-K01316,35,KARSIYAKA,DONANMACI,11.0,33146.27,0,0,0,0,1,0,0.0,0.0,0.0,0.0,33146.27,0.0,1,ORTA_TICARETHANE
9341784,38.45763659,27.11708631,35-04-K00692,35,KARSIYAKA,TUNA,5.0,11291.913,0,2,0,0,2,0,0.0,5102.205,0.0,0.0,6189.7080000000005,0.0,4,KUCUK_TICARETHANE
9341874,38.46711485,27.11595977,35-04-M01033,35,KARSIYAKA,BAHCELIEVLER,6.5,8315.074,0,2,0,0,1,0,0.0,7256.468,0.0,0.0,1058.606,0.0,3,KUCUK_TICARETHANE
9342104,38.45689131,27.09911575,35-04-K00111,35,KARSIYAKA,BOSTANLI,5.67,25279.541,0,5,0,0,5,0,0.0,13250.654,0.0,0.0,12028.887,0.0,10,ORTA_TICARETHANE
9342134,38.46962709,27.10883916,35-04-K03903,35,KARSIYAKA,DEDEBASI,5.988095238095238,74736.166,0,13,0,0,8,0,0.0,25040.567,0.0,0.0,49695.599,0.0,21,ORTA_TICARETHANE
9342194,38.46656384,27.10977771,35-04-M01468,35,KARSIYAKA,GONCALAR,8.023076923076923,76122.285,0,7,0,0,6,0,0.0,10675.992,0.0,0.0,65446.293000000005,0.0,13,ORTA_TICARETHANE
9343117,38.48035292,27.11040642,35-04-M01741,35,KARSIYAKA,ORNEKKOY,5.0,20794.059,0,2,0,0,3,0,0.0,6360.008,0.0,0.0,14434.051,0.0,5,ORTA_TICARETHANE
9343544,38.45611081,27.11628098,35-04-K01746,35,KARSIYAKA,DONANMACI,5.257692307692308,31026.31,0,5,0,0,8,0,0.0,14611.667000000001,0.0,0.0,16414.643,0.0,13,ORTA_TICARETHANE
9344138,38.47486886,27.08732993,35-04-K03376,35,KARSIYAKA,YALI,15.01,11733.75,0,0,0,0,1,0,0.0,0.0,0.0,0.0,11733.75,0.0,1,ORTA_TICARETHANE
9344240,38.48200899,27.097058,35-04-K00243,35,KARSIYAKA,CUMHURIYET,7.873333333333332,16534.148,0,2,0,0,1,0,0.0,14392.767,0.0,0.0,2141.381,0.0,3,KUCUK_TICARETHANE
9344750,38.45927023,27.09236716,35-04-K00476,35,KARSIYAKA,BOSTANLI,15.805,162568.559,0,2,0,0,2,0,0.0,1463.848,0.0,0.0,161104.711,0.0,4,ORTA_TICARETHANE
9345562,38.47679679,27.09742679,35-04-K02940,35,KARSIYAKA,SEMIKLER,5.0,1010.256,0,0,0,0,1,0,0.0,0.0,0.0,0.0,1010.256,0.0,1,KUCUK_TICARETHANE
9346202,38.4586941,27.11541117,35-04-K00590,35,KARSIYAKA,BAHARIYE,6.668333333333333,107453.14,0,4,0,0,2,0,0.0,9733.575,0.0,0.0,97719.565,0.0,6,ORTA_TICARETHANE
9346322,38.45934424,27.09313864,35-04-K00476,35,KARSIYAKA,BOSTANLI,5.671769230769231,25521.177,0,9,0,0,4,0,0.0,19400.573,0.0,0.0,6120.603999999999,0.0,13,KUCUK_TICARETHANE
9346632,38.47804659,27.09397513,35-04-K00215,35,KARSIYAKA,SEMIKLER,8.336666666666666,4680.107,0,2,0,0,1,0,0.0,2923.922,0.0,0.0,1756.185,0.0,3,KUCUK_TICARETHANE
9346832,38.45525739,27.11901972,35-04-K01555,35,KARSIYAKA,DONANMACI,9.831428571428571,48626.589,0,2,0,0,5,0,0.0,1138.2379999999998,0.0,0.0,47488.350999999995,0.0,7,ORTA_TICARETHANE
9347522,38.48268848,27.09883836,35-04-M01026,35,KARSIYAKA,CUMHURIYET,5.0,12089.944,0,1,0,0,1,0,0.0,10651.13,0.0,0.0,1438.814,0.0,2,KUCUK_TICARETHANE
9347782,38.47960649,27.09692844,35-04-M01027,35,KARSIYAKA,CUMHURIYET,5.0,2711.278,0,1,0,0,1,0,0.0,2223.861,0.0,0.0,487.417,0.0,2,KUCUK_TICARETHANE
9348392,38.47215577,27.09512189,35-04-K00197,35,KARSIYAKA,SEMIKLER,5.257692307692308,35654.093,0,9,0,0,4,0,0.0,19227.192,0.0,0.0,16426.901,0.0,13,ORTA_TICARETHANE
9348432,38.45635212,27.11564098,35-04-K01746,35,KARSIYAKA,DONANMACI,5.279166666666667,27931.658,0,4,0,0,8,0,0.0,13670.682,0.0,0.0,14260.975999999999,0.0,12,ORTA_TICARETHANE
9349762,38.47102404,27.09380127,35-04-K00197,35,KARSIYAKA,SEMIKLER,5.671428571428572,24802.863999999998,0,2,0,0,5,0,0.0,3128.704,0.0,0.0,21674.16,0.0,7,ORTA_TICARETHANE
9349862,38.48383975,27.10601121,35-04-M02875,35,KARSIYAKA,ORNEKKOY,5.0,9806.851999999999,0,2,0,0,1,0,0.0,5510.657,0.0,0.0,4296.195,0.0,3,KUCUK_TICARETHANE
9350432,38.4566558,27.12168484,35-04-K00893,35,KARSIYAKA,TUNA,5.0,24798.482,0,5,0,0,4,0,0.0,11663.781,0.0,0.0,13134.701000000001,0.0,9,ORTA_TICARETHANE
9351711,38.45782927,27.09682718,35-04-M02777,35,KARSIYAKA,BOSTANLI,12.545,33142.509,0,5,0,0,3,0,0.0,12777.48,0.0,0.0,20365.029,0.0,8,ORTA_TICARETHANE
9354591,38.46458384,27.09152821,35-04-M01035,35,KARSIYAKA,ATAKENT,5.0,5671.993001,0,2,0,0,1,0,0.0,5662.725,0.0,0.0,9.268001,0.0,3,KUCUK_TICARETHANE
9354741,38.45744089,27.09941055,35-04-K03719,35,KARSIYAKA,BOSTANLI,5.759375,53311.178,0,10,0,0,6,0,0.0,22170.328999999998,0.0,0.0,31140.849000000002,0.0,16,ORTA_TICARETHANE
9355261,38.47132316,27.09408342,35-04-K00197,35,KARSIYAKA,SEMIKLER,5.0,5770.446,0,1,0,0,1,0,0.0,4465.384,0.0,0.0,1305.062,0.0,2,KUCUK_TICARETHANE
9355381,38.47568346,27.10167859,35-04-M02425,35,KARSIYAKA,FIKRI ALTAY,9.505714285714285,114731.732,0,9,0,0,5,0,0.0,22650.904,0.0,0.0,92080.82800000001,0.0,14,ORTA_TICARETHANE
9356011,38.46539514,27.1060101,35-04-K02316,35,KARSIYAKA,GONCALAR,8.723076923076924,35296.808000000005,0,8,0,0,5,0,0.0,13301.714,0.0,0.0,21995.094,0.0,13,ORTA_TICARETHANE
9356211,38.46214414,27.11231496,35-04-K01065,35,KARSIYAKA,BAHRIYE UCOK,5.762222222222222,17949.159,0,6,0,0,3,0,0.0,14386.064,0.0,0.0,3563.095,0.0,9,KUCUK_TICARETHANE
9356962,38.45738373,27.1195366,35-04-K01990,35,KARSIYAKA,TUNA,5.0,14208.710000000001,0,4,0,0,4,0,0.0,8255.958,0.0,0.0,5952.752,0.0,8,KUCUK_TICARETHANE
9357122,38.47272215,27.10911694,,35,KARSIYAKA,IMBATLI,5.454545454545454,37969.725,0,1,0,0,10,0,0.0,8499.876,0.0,0.0,29469.849,0.0,11,ORTA_TICARETHANE
9357732,38.45779526,27.12052831,35-04-K00928,35,KARSIYAKA,TUNA,5.946133333333333,38531.519,0,8,0,0,7,0,0.0,14161.202,0.0,0.0,24370.317,0.0,15,ORTA_TICARETHANE
9358302,38.46428024,27.10442596,35-04-K03980,35,KARSIYAKA,GONCALAR,7.313333333333333,9463.077000000001,0,2,0,0,1,0,0.0,7870.644,0.0,0.0,1592.433,0.0,3,KUCUK_TICARETHANE
9358934,38.45744472,27.11606543,35-04-K00692,35,KARSIYAKA,TUNA,7.94,13546.08,0,0,0,0,1,0,0.0,0.0,0.0,0.0,13546.08,0.0,1,ORTA_TICARETHANE
9359294,38.45992029,27.11396994,35-04-K03676,35,KARSIYAKA,BAHRIYE UCOK,5.279166666666667,35604.186,0,6,0,0,6,0,0.0,11055.036,0.0,0.0,24549.15,0.0,12,ORTA_TICARETHANE
9359504,38.47448175,27.10413777,35-04-K03214,35,KARSIYAKA,DEDEBASI,5.6,24897.2,0,0,0,0,1,0,0.0,0.0,0.0,0.0,24897.2,0.0,1,ORTA_TICARETHANE
9359774,38.46147986,27.11867089,35-04-K03203,35,KARSIYAKA,BAHARIYE,6.113846153846154,28284.042999999998,0,6,0,0,7,0,0.0,14398.612000000001,0.0,0.0,13885.431,0.0,13,ORTA_TICARETHANE
9360604,38.45895505,27.10289061,35-04-M01039,35,KARSIYAKA,BOSTANLI,5.6372857142857145,43106.662,0,12,0,0,9,0,0.0,20107.172,0.0,0.0,22999.49,0.0,21,ORTA_TICARETHANE
9360644,38.45893632,27.10732586,35-04-K04058,35,KARSIYAKA,BAHRIYE UCOK,5.0,31587.943,0,6,0,0,3,0,0.0,13225.15,0.0,0.0,18362.792999999998,0.0,9,ORTA_TICARETHANE
9361364,38.47182787,27.08532364,35-04-K03390,35,KARSIYAKA,YALI,14.235,137957.568,0,1,0,0,7,0,0.0,2880.546,0.0,0.0,135077.022,0.0,8,ORTA_TICARETHANE
9361794,38.45619788,27.09994586,35-04-K02313,35,KARSIYAKA,BOSTANLI,5.335,19612.056,0,5,0,0,5,0,0.0,14835.423,0.0,0.0,4776.633,0.0,10,KUCUK_TICARETHANE
9362054,38.45737636,27.11871832,35-04-K03844,35,KARSIYAKA,TUNA,11.151,26537.081,0,5,0,0,5,0,0.0,6772.724,0.0,0.0,19764.357,0.0,10,ORTA_TICARETHANE
9362064,38.45773635,27.09988754,35-04-K03719,35,KARSIYAKA,BOSTANLI,7.4403749999999995,45958.102999999996,0,5,0,0,3,0,0.0,11026.417000000001,0.0,0.0,34931.686,0.0,8,ORTA_TICARETHANE
9362514,38.4654092,27.09587405,35-04-M01186,35,KARSIYAKA,YALI,62.595,61773.199,0,0,0,0,2,0,0.0,0.0,0.0,0.0,61773.199,0.0,2,ORTA_TICARETHANE
9362824,38.48089238,27.09595577,35-04-M01027,35,KARSIYAKA,CUMHURIYET,5.0,27102.328,0,0,0,0,2,0,0.0,0.0,0.0,0.0,27102.328,0.0,2,ORTA_TICARETHANE
9363204,38.47437269,27.10090903,35-04-M02425,35,KARSIYAKA,FIKRI ALTAY,5.0,5067.936,0,1,0,0,1,0,0.0,3169.428,0.0,0.0,1898.508,0.0,2,KUCUK_TICARETHANE
9364063,38.47493398,27.11411447,35-04-M01265,35,KARSIYAKA,ORNEKKOY,5.0,4177.243,0,2,0,0,1,0,0.0,2841.749,0.0,0.0,1335.494,0.0,3,KUCUK_TICARETHANE
9364183,38.45675779,27.11710516,35-04-K00289,35,KARSIYAKA,DONANMACI,43.141999999999996,56070.34,0,0,0,0,2,0,0.0,0.0,0.0,0.0,56070.34,0.0,2,ORTA_TICARETHANE
9364193,38.45672634,27.1053617,35-04-M03251,35,KARSIYAKA,BOSTANLI,7.046923076923077,35617.171,0,9,0,0,4,0,0.0,18968.592,0.0,0.0,16648.578999999998,0.0,13,ORTA_TICARETHANE
9364853,38.46240135,27.1271963,35-04-K00037,35,KARSIYAKA,TERSANE,5.41875,15455.365,0,5,0,0,3,0,0.0,7659.669,0.0,0.0,7795.696,0.0,8,KUCUK_TICARETHANE
9365013,38.46006113,27.10829521,35-04-K00807,35,KARSIYAKA,BAHRIYE UCOK,5.0,4204.891,0,0,0,0,2,0,0.0,0.0,0.0,0.0,4204.891,0.0,2,KUCUK_TICARETHANE
9365463,38.47454971,27.11118057,35-04-K03012,35,KARSIYAKA,IMBATLI,10.033636363636363,71712.516,0,13,0,0,9,0,0.0,37346.023,0.0,0.0,34366.493,0.0,22,ORTA_TICARETHANE
9366003,38.45605858,27.11172095,35-04-K00872,35,KARSIYAKA,AKSOY,5.0,8028.938,0,4,0,0,2,0,0.0,6726.973,0.0,0.0,1301.965,0.0,6,KUCUK_TICARETHANE
9366363,38.45568592,27.11690315,35-04-K01746,35,KARSIYAKA,DONANMACI,8.896,10718.7,0,0,0,0,1,0,0.0,0.0,0.0,0.0,10718.7,0.0,1,ORTA_TICARETHANE
9366373,38.45580536,27.11725272,35-04-K01316,35,KARSIYAKA,DONANMACI,6.116666666666667,12389.051,0,4,0,0,2,0,0.0,8815.358,0.0,0.0,3573.6929999999998,0.0,6,KUCUK_TICARETHANE
9367053,38.46182256,27.12716351,35-04-K00037,35,KARSIYAKA,TERSANE,5.0,212.78,0,0,0,0,1,0,0.0,0.0,0.0,0.0,212.78,0.0,1,KUCUK_TICARETHANE
9367283,38.45670302,27.11748814,35-04-K02433,35,KARSIYAKA,TUNA,56.73,86825.39,0,0,0,0,1,0,0.0,0.0,0.0,0.0,86825.39,0.0,1,ORTA_TICARETHANE
9367323,38.45760386,27.1167875,35-04-K00692,35,KARSIYAKA,TUNA,5.2942857142857145,30341.958,0,4,0,0,3,0,0.0,13468.749,0.0,0.0,16873.209,0.0,7,ORTA_TICARETHANE
9367813,38.45567676,27.11861365,35-04-K02996Ã–,35,KARSIYAKA,DONANMACI,14.4864,151464.527,0,3,0,0,2,0,0.0,6333.122,0.0,0.0,145131.405,0.0,5,ORTA_TICARETHANE
9367833,38.46659634,27.10954347,35-04-M02957,35,KARSIYAKA,BAHCELIEVLER,6.286875,47913.947,0,11,0,0,5,0,0.0,20970.163,0.0,0.0,26943.784,0.0,16,ORTA_TICARETHANE
9368073,38.46018436,27.09012849,35-04-K03303,35,KARSIYAKA,ATAKENT,5.0,7622.033,0,0,0,0,1,0,0.0,0.0,0.0,0.0,7622.033,0.0,1,KUCUK_TICARETHANE
9368753,38.4662275,27.10857703,35-04-K03850,35,KARSIYAKA,GONCALAR,5.529473684210527,29020.066,0,12,0,0,7,0,0.0,19789.309,0.0,0.0,9230.757,0.0,19,KUCUK_TICARETHANE
9368933,38.45734586,27.09896546,35-04-K00111,35,KARSIYAKA,BOSTANLI,5.41875,28482.444,0,5,0,0,3,0,0.0,10749.719000000001,0.0,0.0,17732.725,0.0,8,ORTA_TICARETHANE
9369023,38.52695371,27.04476719,35-09-M00845,35,CIGLI,INONU,8.61,2836.753,0,0,0,0,2,0,0.0,0.0,0.0,0.0,2836.753,0.0,2,KUCUK_TICARETHANE
9369402,38.46939679,27.08738117,35-04-M01268,35,KARSIYAKA,YALI,5.0,20507.027000000002,0,9,0,0,4,0,0.0,16575.403,0.0,0.0,3931.624,0.0,13,KUCUK_TICARETHANE
9370112,38.45509634,27.10972316,35-04-K03074,35,KARSIYAKA,AKSOY,7.014,51416.17,0,2,0,0,3,0,0.0,5917.721,0.0,0.0,45498.449,0.0,5,ORTA_TICARETHANE
9370602,38.45655624,27.11767216,35-04-K02433,35,KARSIYAKA,TUNA,6.194,26457.046000000002,0,1,0,0,4,0,0.0,3922.627,0.0,0.0,22534.419,0.0,5,ORTA_TICARETHANE
9371002,38.45996736,27.11337222,35-04-K00254,35,KARSIYAKA,BAHRIYE UCOK,5.7909999999999995,37791.202,0,6,0,0,4,0,0.0,9944.832,0.0,0.0,27846.37,0.0,10,ORTA_TICARETHANE
9371242,38.47887866,27.09778312,35-04-M01027,35,KARSIYAKA,CUMHURIYET,6.116666666666667,4342.266,0,2,0,0,1,0,0.0,3561.958,0.0,0.0,780.308,0.0,3,KUCUK_TICARETHANE
9371422,38.48210088,27.09057461,35-04-M01873,35,KARSIYAKA,CUMHURIYET,15.01,588.527,0,0,0,0,1,0,0.0,0.0,0.0,0.0,588.527,0.0,1,ORTA_TICARETHANE
9371612,38.47530768,27.11191692,35-04-K03766,35,KARSIYAKA,ORNEKKOY,5.8375,26521.913,0,1,0,0,3,0,0.0,1324.28,0.0,0.0,25197.633,0.0,4,ORTA_TICARETHANE
9371862,38.45599214,27.11832598,35-04-K01760,35,KARSIYAKA,DONANMACI,29.18,40283.32,0,0,0,0,1,0,0.0,0.0,0.0,0.0,40283.32,0.0,1,ORTA_TICARETHANE
9372182,38.47884142,27.0979617,35-04-M01027,35,KARSIYAKA,CUMHURIYET,5.0,3835.455,0,1,0,0,1,0,0.0,3034.637,0.0,0.0,800.818,0.0,2,KUCUK_TICARETHANE
9372222,38.46092579,27.11863595,35-04-K01064,35,KARSIYAKA,BAHARIYE,5.776428571428572,33100.417,0,9,0,0,5,0,0.0,15011.625,0.0,0.0,18088.791999999998,0.0,14,ORTA_TICARETHANE
9372462,38.45748167,27.11521242,35-04-K01746,35,KARSIYAKA,DONANMACI,5.335,88251.961,0,6,0,0,4,0,0.0,8179.601,0.0,0.0,80072.36,0.0,10,ORTA_TICARETHANE
9372622,38.46079393,27.11346582,35-04-K00254,35,KARSIYAKA,BAHRIYE UCOK,5.0,7438.137,0,0,0,0,1,0,0.0,0.0,0.0,0.0,7438.137,0.0,1,KUCUK_TICARETHANE
9373072,38.46825583,27.10838103,35-04-K02486,35,KARSIYAKA,DEDEBASI,9.1,10969.608,0,5,0,0,3,0,0.0,7205.641,0.0,0.0,3763.967,0.0,8,KUCUK_TICARETHANE
9374503,38.45766648,27.11746225,35-04-K04188,35,KARSIYAKA,TUNA,5.038333333333333,17108.032,0,4,0,0,2,0,0.0,4966.456,0.0,0.0,12141.576000000001,0.0,6,ORTA_TICARETHANE
9374783,38.47342421,27.08810684,35-04-M01177,35,KARSIYAKA,YALI,15.01,1682.417,0,0,0,0,1,0,0.0,0.0,0.0,0.0,1682.417,0.0,1,ORTA_TICARETHANE
9375593,38.48209202,27.09040621,35-04-M01873,35,KARSIYAKA,CUMHURIYET,15.01,160.327,0,0,0,0,1,0,0.0,0.0,0.0,0.0,160.327,0.0,1,ORTA_TICARETHANE
9375693,38.45796483,27.11867735,35-04-K04188,35,KARSIYAKA,TUNA,5.0,29700.381999999998,0,4,0,0,2,0,0.0,10153.282000000001,0.0,0.0,19547.1,0.0,6,ORTA_TICARETHANE
9376033,38.46071487,27.11482074,35-04-K03676,35,KARSIYAKA,BAHRIYE UCOK,8.268571428571429,79093.03,0,7,0,0,7,0,0.0,14913.475,0.0,0.0,64179.555,0.0,14,ORTA_TICARETHANE
9376924,38.47876968,27.09009734,35-04-K00215,35,KARSIYAKA,SEMIKLER,5.0,0.0,0,0,0,0,1,0,0.0,0.0,0.0,0.0,0.0,0.0,1,KUCUK_TICARETHANE
9376994,38.45662314,27.10059182,35-04-K04641,35,KARSIYAKA,BOSTANLI,5.854777777777778,19578.021,0,6,0,0,3,0,0.0,14614.77,0.0,0.0,4963.251,0.0,9,KUCUK_TICARETHANE
9377184,38.46627542,27.10305864,35-04-K03038,35,KARSIYAKA,DEDEBASI,5.0,8319.404999999999,0,4,0,0,2,0,0.0,6625.949,0.0,0.0,1693.456,0.0,6,KUCUK_TICARETHANE
9377214,38.47641092,27.10923707,35-04-M02326,35,KARSIYAKA,IMBATLI,5.0,22114.667999999998,0,5,0,0,7,0,0.0,14851.301,0.0,0.0,7263.367,0.0,12,KUCUK_TICARETHANE
9377244,38.48325115,27.11165413,35-04-M03260,35,KARSIYAKA,ORNEKKOY,15.01,963.442,0,0,0,0,1,0,0.0,0.0,0.0,0.0,963.442,0.0,1,ORTA_TICARETHANE
9377744,38.4640579,27.10370733,35-04-K03980,35,KARSIYAKA,GONCALAR,5.0,10350.636,0,4,0,0,2,0,0.0,10347.905,0.0,0.0,2.731,0.0,6,KUCUK_TICARETHANE
9377794,38.49207444,27.11503969,35-04-K04503,35,KARSIYAKA,ZUBEYDE HANIM,5.0,10767.951000000001,0,2,0,0,1,0,0.0,5329.673000000001,0.0,0.0,5438.278,0.0,3,KUCUK_TICARETHANE
9377814,38.49319451,27.11600904,35-04-K03082,35,KARSIYAKA,LATIFE HANIM,5.0,14784.677,0,1,0,0,1,0,0.0,4727.257,0.0,0.0,10057.42,0.0,2,ORTA_TICARETHANE
9377834,38.45718772,27.11670778,35-04-K00289,35,KARSIYAKA,TUNA,5.3740000000000006,5060.208,0,0,0,0,5,0,0.0,0.0,0.0,0.0,5060.208,0.0,5,KUCUK_TICARETHANE
9377904,38.47867802,27.09830931,35-04-M01027,35,KARSIYAKA,CUMHURIYET,5.0,1444.8700000000001,0,1,0,0,1,0,0.0,1238.469,0.0,0.0,206.401,0.0,2,KUCUK_TICARETHANE
9379013,38.45662159,27.11737774,35-04-K01109,35,KARSIYAKA,DONANMACI,8.9925,86383.977,0,6,0,0,6,0,0.0,12259.017,0.0,0.0,74124.96,0.0,12,ORTA_TICARETHANE
9379903,38.45545864,27.1177803,35-04-K01316,35,KARSIYAKA,DONANMACI,5.0,29664.211,0,0,0,0,5,0,0.0,0.0,0.0,0.0,29664.211,0.0,5,ORTA_TICARETHANE
9380513,38.48316103,27.09926533,35-04-M02466,35,KARSIYAKA,CUMHURIYET,5.0,1803.605,0,0,0,0,1,0,0.0,0.0,0.0,0.0,1803.605,0.0,1,KUCUK_TICARETHANE
9380683,38.45588999,27.1182431,35-04-K01555,35,KARSIYAKA,DONANMACI,5.677333333333333,75306.221,0,3,0,0,12,0,0.0,3739.256,0.0,0.0,71566.965,0.0,15,ORTA_TICARETHANE
9381133,38.48483606,27.09990436,35-04-M02466,35,KARSIYAKA,INONU,7.5024999999999995,54999.926,0,2,0,0,2,0,0.0,8371.926,0.0,0.0,46628.0,0.0,4,ORTA_TICARETHANE
9381533,38.45535498,27.11742761,35-04-K01316,35,KARSIYAKA,DONANMACI,5.558333333333334,12315.276000000002,0,4,0,0,2,0,0.0,3471.7250000000004,0.0,0.0,8843.551,0.0,6,KUCUK_TICARETHANE
9381613,38.47851714,27.11007554,35-04-M02922,35,KARSIYAKA,ORNEKKOY,5.0,11033.617,0,2,0,0,3,0,0.0,4375.811,0.0,0.0,6657.8060000000005,0.0,5,KUCUK_TICARETHANE
9382043,38.52692948,27.04970063,35-09-M00216,35,CIGLI,INONU,9.1425,17399.56,0,2,0,0,2,0,0.0,3278.175,0.0,0.0,14121.385,0.0,4,ORTA_TICARETHANE
9382993,38.46461575,27.10537452,35-04-K00115,35,KARSIYAKA,DEDEBASI,5.0,44906.543,0,9,0,0,4,0,0.0,19441.296000000002,0.0,0.0,25465.247,0.0,13,ORTA_TICARETHANE
9383022,38.45584876,27.11910118,35-04-K01760,35,KARSIYAKA,DONANMACI,126.772,82369.5,0,0,0,0,1,0,0.0,0.0,0.0,0.0,82369.5,0.0,1,ORTA_TICARETHANE
9383062,38.48109955,27.09169438,35-04-K04013,35,KARSIYAKA,CUMHURIYET,7.2,2639.624,0,2,0,0,2,0,0.0,78.11,0.0,0.0,2561.514,0.0,4,KUCUK_TICARETHANE
9383252,38.46007784,27.1154223,35-04-K01360,35,KARSIYAKA,BAHARIYE,6.121666666666667,39560.503,0,4,0,0,2,0,0.0,10965.969000000001,0.0,0.0,28594.534,0.0,6,ORTA_TICARETHANE
9383272,38.45625587,27.11716354,35-04-K02433,35,KARSIYAKA,DONANMACI,6.675,9067.684,0,0,0,0,2,0,0.0,0.0,0.0,0.0,9067.684,0.0,2,KUCUK_TICARETHANE
9383302,38.45468357,27.1114173,35-04-K00282,35,KARSIYAKA,AKSOY,5.41875,17757.878,0,5,0,0,3,0,0.0,10414.634,0.0,0.0,7343.244000000001,0.0,8,KUCUK_TICARETHANE
9383312,38.45595219,27.11886771,35-04-K03844,35,KARSIYAKA,TUNA,5.865555555555556,145578.37299899998,0,0,0,0,27,0,0.0,0.0,0.0,0.0,145578.37299899998,0.0,27,ORTA_TICARETHANE
9384162,38.47289418,27.10867185,35-04-M02100,35,KARSIYAKA,IMBATLI,5.0,3405.327,0,1,0,0,2,0,0.0,809.97,0.0,0.0,2595.357,0.0,3,KUCUK_TICARETHANE
9384562,38.48349017,27.09646787,35-04-K00243,35,KARSIYAKA,CUMHURIYET,5.0,1114.259,0,0,0,0,1,0,0.0,0.0,0.0,0.0,1114.259,0.0,1,KUCUK_TICARETHANE
9385902,38.45594051,27.11766529,35-04-K01316,35,KARSIYAKA,DONANMACI,8.891666666666666,9753.57,0,2,0,0,4,0,0.0,2610.324,0.0,0.0,7143.245999999999,0.0,6,KUCUK_TICARETHANE
9386452,38.47666588,27.10523864,35-04-M01028,35,KARSIYAKA,IMBATLI,7.233333333333333,15188.262999999999,0,2,0,0,1,0,0.0,5787.445000000001,0.0,0.0,9400.818,0.0,3,KUCUK_TICARETHANE
9386832,38.45946557,27.11362299,35-04-K00254,35,KARSIYAKA,BAHRIYE UCOK,5.134615384615385,54508.974,0,18,0,0,8,0,0.0,29784.769,0.0,0.0,24724.204999999998,0.0,26,ORTA_TICARETHANE
9386852,38.46471115,27.10737111,35-04-K02316,35,KARSIYAKA,GONCALAR,5.0,5865.094,0,1,0,0,2,0,0.0,3005.634,0.0,0.0,2859.46,0.0,3,KUCUK_TICARETHANE
9387072,38.45865448,27.09419499,35-04-K00476,35,KARSIYAKA,BOSTANLI,5.454285714285715,51314.793,0,4,0,0,3,0,0.0,11089.068,0.0,0.0,40225.725,0.0,7,ORTA_TICARETHANE
9388102,38.46009686,27.12396708,35-04-K00288,35,KARSIYAKA,ALAYBEY,5.745555555555556,11640.413,0,5,0,0,4,0,0.0,6579.266,0.0,0.0,5061.147000000001,0.0,9,KUCUK_TICARETHANE
9389152,38.45974132,27.09800789,35-04-M02777,35,KARSIYAKA,BOSTANLI,14.92,4157.956,0,0,0,0,1,0,0.0,0.0,0.0,0.0,4157.956,0.0,1,KUCUK_TICARETHANE
9389512,38.47470212,27.11484309,35-04-M01265,35,KARSIYAKA,ORNEKKOY,6.866666666666667,2296.864,0,1,0,0,2,0,0.0,751.121,0.0,0.0,1545.743,0.0,3,KUCUK_TICARETHANE
9389652,38.4551266,27.11802202,35-04-K03224,35,KARSIYAKA,DONANMACI,5.558333333333334,18867.084,0,4,0,0,2,0,0.0,11560.288,0.0,0.0,7306.796,0.0,6,KUCUK_TICARETHANE
9389962,38.47003839,27.108188,35-04-K01735,35,KARSIYAKA,DEDEBASI,8.179166666666667,36768.246,0,7,0,0,5,0,0.0,22395.341,0.0,0.0,14372.904999999999,0.0,12,ORTA_TICARETHANE
9390142,38.46541163,27.10552485,35-04-K00115,35,KARSIYAKA,GONCALAR,6.116666666666667,37268.127,0,4,0,0,2,0,0.0,13661.072,0.0,0.0,23607.055,0.0,6,ORTA_TICARETHANE
9390242,38.48161513,27.09119136,35-04-M01873,35,KARSIYAKA,CUMHURIYET,5.0,4019.002,0,1,0,0,1,0,0.0,2870.689,0.0,0.0,1148.313,0.0,2,KUCUK_TICARETHANE
9390572,38.483285,27.09876995,35-04-M02466,35,KARSIYAKA,CUMHURIYET,5.0,12324.804,0,2,0,0,1,0,0.0,11482.877999999999,0.0,0.0,841.926,0.0,3,KUCUK_TICARETHANE
9390612,38.46004617,27.12326382,35-04-K04000,35,KARSIYAKA,ALAYBEY,5.7444444444444445,17291.593,0,5,0,0,4,0,0.0,12746.794,0.0,0.0,4544.799,0.0,9,KUCUK_TICARETHANE
9390744,38.46153255,27.10454899,35-04-K02815,35,KARSIYAKA,NERGIZ,5.7444444444444445,15883.223,0,6,0,0,3,0,0.0,15184.66,0.0,0.0,698.563,0.0,9,KUCUK_TICARETHANE
9391484,38.45628301,27.11659544,35-04-K01746,35,KARSIYAKA,DONANMACI,5.558333333333334,14311.447,0,4,0,0,2,0,0.0,6174.89,0.0,0.0,8136.557000000001,0.0,6,KUCUK_TICARETHANE
9391924,38.46417207,27.10562459,35-04-K00115,35,KARSIYAKA,GONCALAR,5.0,12572.604,0,1,0,0,2,0,0.0,6340.126,0.0,0.0,6232.478,0.0,3,KUCUK_TICARETHANE
9392044,38.47881723,27.09831227,35-04-M01027,35,KARSIYAKA,CUMHURIYET,9.1125,23576.78,0,2,0,0,2,0,0.0,4227.392,0.0,0.0,19349.388,0.0,4,ORTA_TICARETHANE
9392544,38.47577116,27.10284249,35-04-M01180,35,KARSIYAKA,CUMHURIYET,5.341538461538462,121593.941,0,1,0,0,25,0,0.0,2252.688,0.0,0.0,119341.25300000001,0.0,26,ORTA_TICARETHANE
9392634,38.45831665,27.09536857,35-04-K04689,35,KARSIYAKA,BOSTANLI,5.628125,97116.71,0,10,0,0,6,0,0.0,13626.654,0.0,0.0,83490.056,0.0,16,ORTA_TICARETHANE
9392664,38.45552058,27.10009731,35-04-K04641,35,KARSIYAKA,BOSTANLI,6.163076923076924,36670.013,0,9,0,0,4,0,0.0,20325.091,0.0,0.0,16344.922,0.0,13,ORTA_TICARETHANE
9393484,38.46733035,27.06797669,35-04-K03388,35,KARSIYAKA,MAVISEHIR,19.41,5768.794,0,0,0,0,1,0,0.0,0.0,0.0,0.0,5768.794,0.0,1,ORTA_TICARETHANE
9394084,38.46050795,27.12466232,35-04-K03102,35,KARSIYAKA,ALAYBEY,5.372222222222223,21647.18,0,6,0,0,3,0,0.0,10989.849,0.0,0.0,10657.331,0.0,9,ORTA_TICARETHANE
9396415,38.46603131,27.1089468,35-04-K03850,35,KARSIYAKA,GONCALAR,5.657153846153847,41963.802,0,9,0,0,4,0,0.0,23853.577,0.0,0.0,18110.225000000002,0.0,13,ORTA_TICARETHANE
9396685,38.45825129,27.09699018,35-04-M02777,35,KARSIYAKA,BOSTANLI,8.09375,15069.393,0,5,0,0,3,0,0.0,6086.152,0.0,0.0,8983.241,0.0,8,KUCUK_TICARETHANE
9396805,38.47471075,27.10440399,35-04-K00427,35,KARSIYAKA,IMBATLI,9.293333333333333,22022.849000000002,0,1,0,0,2,0,0.0,1907.687,0.0,0.0,20115.162,0.0,3,ORTA_TICARETHANE
9397695,38.45743028,27.11856451,35-04-K04794,35,KARSIYAKA,TUNA,310.56,188398.4,0,0,0,0,1,0,0.0,0.0,0.0,0.0,188398.4,0.0,1,ORTA_TICARETHANE
9397925,38.46166458,27.10537233,35-04-K01692,35,KARSIYAKA,NERGIZ,6.70625,31393.060989999998,0,5,0,0,3,0,0.0,11576.49,0.0,0.0,19816.57099,0.0,8,ORTA_TICARETHANE
9398035,38.453855,27.111217,35-04-K00282,35,KARSIYAKA,AKSOY,86.66,186640.63,0,0,0,0,2,0,0.0,0.0,0.0,0.0,186640.63,0.0,2,ORTA_TICARETHANE
9398655,38.47619104,27.10946604,35-04-M02326,35,KARSIYAKA,IMBATLI,15.01,4823.57,0,0,0,0,1,0,0.0,0.0,0.0,0.0,4823.57,0.0,1,ORTA_TICARETHANE
9399085,38.45613296,27.11864,35-04-K01760,35,KARSIYAKA,TUNA,5.0,86088.65,0,0,0,0,1,0,0.0,0.0,0.0,0.0,86088.65,0.0,1,ORTA_TICARETHANE
9399365,38.45133163,27.10810446,35-04-K03385,35,KARSIYAKA,AKSOY,9.672,36928.362,0,6,0,0,4,0,0.0,19990.762,0.0,0.0,16937.6,0.0,10,ORTA_TICARETHANE
9399615,38.46555818,27.09404877,35-04-M01186,35,KARSIYAKA,YALI,5.41875,17506.534,0,5,0,0,3,0,0.0,13550.442,0.0,0.0,3956.0919999999996,0.0,8,KUCUK_TICARETHANE
9400005,38.45640177,27.11851199,35-04-K01109,35,KARSIYAKA,TUNA,5.199967741935485,459191.088,0,0,0,0,124,0,0.0,0.0,0.0,0.0,459191.088,0.0,124,ORTA_TICARETHANE
9400685,38.47743292,27.11093629,35-04-M02326,35,KARSIYAKA,ORNEKKOY,5.0,7208.772000000001,0,1,0,0,1,0,0.0,1168.828,0.0,0.0,6039.944,0.0,2,KUCUK_TICARETHANE
9400855,38.46942869,27.09275044,35-04-K03037,35,KARSIYAKA,YALI,10.408,35717.850999999995,0,6,0,0,4,0,0.0,17102.929,0.0,0.0,18614.922,0.0,10,ORTA_TICARETHANE
9401005,38.46391614,27.12530666,35-04-K04059,35,KARSIYAKA,BAHCELIEVLER,7.6,38328.05,0,0,0,0,1,0,0.0,0.0,0.0,0.0,38328.05,0.0,1,ORTA_TICARETHANE
9402625,38.4561432,27.11702445,35-04-K02433,35,KARSIYAKA,DONANMACI,5.503333333333333,26813.632,0,4,0,0,2,0,0.0,10842.84,0.0,0.0,15970.792,0.0,6,ORTA_TICARETHANE
9402915,38.4579352,27.11380733,35-04-K00590,35,KARSIYAKA,BAHRIYE UCOK,5.0,30783.958,0,4,0,0,3,0,0.0,10308.822,0.0,0.0,20475.136,0.0,7,ORTA_TICARETHANE
9403665,38.45730442,27.11984321,35-04-K00928,35,KARSIYAKA,TUNA,5.4799999999999995,44638.141,0,1,0,0,6,0,0.0,12087.21,0.0,0.0,32550.931,0.0,7,ORTA_TICARETHANE
9405535,38.46057701,27.1143271,35-04-K01360,35,KARSIYAKA,BAHARIYE,5.566923076923077,49759.056,0,9,0,0,4,0,0.0,19133.128,0.0,0.0,30625.928,0.0,13,ORTA_TICARETHANE
9405785,38.4844256,27.08694209,35-04-K04918,35,KARSIYAKA,CUMHURIYET,5.0,8239.801,0,2,0,0,1,0,0.0,6174.323,0.0,0.0,2065.478,0.0,3,KUCUK_TICARETHANE
9405935,38.48065648,27.1090501,35-04-K00358,35,KARSIYAKA,ORNEKKOY,7.37,4210.4400000000005,0,1,0,0,1,0,0.0,1734.448,0.0,0.0,2475.992,0.0,2,KUCUK_TICARETHANE
9406025,38.45716115,27.09965851,35-04-K03719,35,KARSIYAKA,BOSTANLI,5.0,13986.409,0,5,0,0,3,0,0.0,11445.212,0.0,0.0,2541.197,0.0,8,KUCUK_TICARETHANE
9406245,38.45385592,27.10831299,35-04-K00753,35,KARSIYAKA,AKSOY,5.159523809523809,29102.657,0,14,0,0,7,0,0.0,22828.708,0.0,0.0,6273.9490000000005,0.0,21,KUCUK_TICARETHANE
9406645,38.45579141,27.11441954,35-04-K00018,35,KARSIYAKA,DONANMACI,5.0,36666.248999999996,0,8,0,0,4,0,0.0,15174.397,0.0,0.0,21491.852,0.0,12,ORTA_TICARETHANE
9406856,38.48293834,27.09807744,35-04-K00243,35,KARSIYAKA,CUMHURIYET,5.0,3360.073,0,0,0,0,1,0,0.0,0.0,0.0,0.0,3360.073,0.0,1,KUCUK_TICARETHANE
9407216,38.4714257,27.10023788,35-04-K04709,35,KARSIYAKA,SEMIKLER,6.252666666666666,10791.244,0,2,0,0,1,0,0.0,6973.891,0.0,0.0,3817.353,0.0,3,KUCUK_TICARETHANE
9408816,38.46845465,27.10441874,35-04-M01181,35,KARSIYAKA,DEDEBASI,7.47,36888.963,0,5,0,0,3,0,0.0,9921.875,0.0,0.0,26967.088,0.0,8,ORTA_TICARETHANE
9408916,38.45697175,27.11821743,35-04-K01681,35,KARSIYAKA,TUNA,5.67,67972.932,0,0,0,0,5,0,0.0,0.0,0.0,0.0,67972.932,0.0,5,ORTA_TICARETHANE
9409946,38.46148671,27.11476683,35-04-K01360,35,KARSIYAKA,BAHARIYE,7.513333333333334,103237.193,0,10,0,0,5,0,0.0,24360.045,0.0,0.0,78877.148,0.0,15,ORTA_TICARETHANE
9409966,38.45596394,27.11642175,35-04-K01746,35,KARSIYAKA,DONANMACI,5.153157894736842,20262.738,0,0,0,0,19,0,0.0,0.0,0.0,0.0,20262.738,0.0,19,ORTA_TICARETHANE
9409976,38.46130266,27.11889436,35-04-K01064,35,KARSIYAKA,BAHARIYE,8.35,0.0,0,0,0,0,1,0,0.0,0.0,0.0,0.0,0.0,0.0,1,KUCUK_TICARETHANE
9410306,38.48156509,27.0996774,35-04-M01026,35,KARSIYAKA,CUMHURIYET,5.0,365.926,0,0,0,0,1,0,0.0,0.0,0.0,0.0,365.926,0.0,1,KUCUK_TICARETHANE
9410356,38.47691306,27.1136908,35-04-M01305,35,KARSIYAKA,ORNEKKOY,5.0,2015.464,0,0,0,0,1,0,0.0,0.0,0.0,0.0,2015.464,0.0,1,KUCUK_TICARETHANE
9410456,38.45785511,27.11777711,35-04-K01681,35,KARSIYAKA,TUNA,5.56,10508.34,0,4,0,0,2,0,0.0,5795.621,0.0,0.0,4712.719,0.0,6,KUCUK_TICARETHANE
9410976,38.45923255,27.11681401,35-04-K00692,35,KARSIYAKA,BAHARIYE,5.064285714285715,20543.213,0,9,0,0,5,0,0.0,11344.916000000001,0.0,0.0,9198.297,0.0,14,KUCUK_TICARETHANE
9411566,38.48158291,27.08915178,35-04-K00308,35,KARSIYAKA,SEMIKLER,7.489999999999999,10135.198,0,0,0,0,3,0,0.0,0.0,0.0,0.0,10135.198,0.0,3,ORTA_TICARETHANE
9411816,38.47823,27.0962383,35-04-K01608,35,KARSIYAKA,CUMHURIYET,109.61,216694.8,0,0,0,0,1,0,0.0,0.0,0.0,0.0,216694.8,0.0,1,ORTA_TICARETHANE
9412036,38.45927929,27.12534915,35-04-K00288,35,KARSIYAKA,ALAYBEY,5.0,776.549,0,0,0,0,1,0,0.0,0.0,0.0,0.0,776.549,0.0,1,KUCUK_TICARETHANE
9412806,38.45652768,27.11969684,35-04-K01990,35,KARSIYAKA,TUNA,5.626333333333332,23102.263000000003,0,4,0,0,2,0,0.0,4850.387,0.0,0.0,18251.876,0.0,6,ORTA_TICARETHANE
9412907,38.47626011,27.09999364,35-04-M02425,35,KARSIYAKA,SEMIKLER,7.723333333333334,7564.075,0,2,0,0,1,0,0.0,6673.094999999999,0.0,0.0,890.98,0.0,3,KUCUK_TICARETHANE
9413067,38.45725824,27.11787091,35-04-K01681,35,KARSIYAKA,TUNA,6.241875,31475.725,0,4,0,0,12,0,0.0,5449.644,0.0,0.0,26026.081,0.0,16,ORTA_TICARETHANE
9413107,38.47537791,27.1009503,35-04-M02425,35,KARSIYAKA,SEMIKLER,5.1866666666666665,14514.159,0,1,0,0,2,0,0.0,3030.395,0.0,0.0,11483.764000000001,0.0,3,ORTA_TICARETHANE
9413896,38.4534461,27.11138079,35-04-K00282,35,KARSIYAKA,AKSOY,31.4,31393.83,0,0,0,0,1,0,0.0,0.0,0.0,0.0,31393.83,0.0,1,ORTA_TICARETHANE
9415286,38.45811653,27.120224,35-04-K00928,35,KARSIYAKA,TUNA,5.297826086956522,60431.565,0,16,0,0,7,0,0.0,30699.649,0.0,0.0,29731.915999999997,0.0,23,ORTA_TICARETHANE
9416386,38.48353239,27.11250556,35-04-M03260,35,KARSIYAKA,ORNEKKOY,5.0,1433.761,0,0,0,0,2,0,0.0,0.0,0.0,0.0,1433.761,0.0,2,KUCUK_TICARETHANE
9416636,38.45654743,27.11783915,35-04-K01681,35,KARSIYAKA,TUNA,5.303953488372093,121214.94,0,0,0,0,43,0,0.0,0.0,0.0,0.0,121214.94,0.0,43,ORTA_TICARETHANE
9419286,38.48319812,27.09730558,35-04-K00243,35,KARSIYAKA,CUMHURIYET,5.0,2996.971,0,1,0,0,1,0,0.0,1107.994,0.0,0.0,1888.977,0.0,2,KUCUK_TICARETHANE
9419746,38.4577289,27.11516012,35-04-K00833,35,KARSIYAKA,DONANMACI,5.558333333333334,24656.123,0,2,0,0,4,0,0.0,5409.197,0.0,0.0,19246.926,0.0,6,ORTA_TICARETHANE
9420685,38.45367304,27.10933561,35-04-K00282,35,KARSIYAKA,AKSOY,8.86,36111.29,0,0,0,0,1,0,0.0,0.0,0.0,0.0,36111.29,0.0,1,ORTA_TICARETHANE
9420855,38.45225396,27.10550649,35-04-K00491,35,KARSIYAKA,AKSOY,5.41875,20388.504,0,10,0,0,6,0,0.0,18804.694,0.0,0.0,1583.81,0.0,16,KUCUK_TICARETHANE
9421755,38.45770868,27.09722394,35-04-K00587,35,KARSIYAKA,BOSTANLI,5.504714285714286,26107.443,0,4,0,0,3,0,0.0,6291.72,0.0,0.0,19815.723,0.0,7,ORTA_TICARETHANE
9422485,38.53268278,27.05135283,35-09-M00215,35,CIGLI,HARMANDALI GAZI MUSTAFA KEMAL ATATURK,8.65,12986.16,0,1,0,0,1,0,0.0,11368.05,0.0,0.0,1618.11,0.0,2,KUCUK_TICARETHANE
9422785,38.46202677,27.11580105,35-04-K00055,35,KARSIYAKA,BAHARIYE,5.6066666666666665,25306.868,0,6,0,0,3,0,0.0,17582.183,0.0,0.0,7724.6849999999995,0.0,9,KUCUK_TICARETHANE
9422915,38.47010151,27.10870337,35-04-K01735,35,KARSIYAKA,DEDEBASI,9.955,15422.136,0,4,0,0,2,0,0.0,9589.65,0.0,0.0,5832.486000000001,0.0,6,KUCUK_TICARETHANE
9423505,38.4587325,27.11570012,35-04-K00590,35,KARSIYAKA,BAHARIYE,5.0,7024.976000000001,0,4,0,0,2,0,0.0,4953.144,0.0,0.0,2071.832,0.0,6,KUCUK_TICARETHANE
9423665,38.46960848,27.11008251,35-04-K03036,35,KARSIYAKA,DEDEBASI,8.5,0.0,0,0,0,0,1,0,0.0,0.0,0.0,0.0,0.0,0.0,1,KUCUK_TICARETHANE
9423766,38.45598188,27.12066787,35-04-K00928,35,KARSIYAKA,TUNA,8.66,5854.786,0,0,0,0,1,0,0.0,0.0,0.0,0.0,5854.786,0.0,1,KUCUK_TICARETHANE
9424106,38.46606277,27.09296725,35-04-M01035,35,KARSIYAKA,YALI,5.558333333333334,12763.387999999999,0,4,0,0,2,0,0.0,7201.2519999999995,0.0,0.0,5562.136,0.0,6,KUCUK_TICARETHANE
9424446,38.48144827,27.09706117,35-04-K00243,35,KARSIYAKA,CUMHURIYET,5.0,7781.931,0,0,0,0,1,0,0.0,0.0,0.0,0.0,7781.931,0.0,1,KUCUK_TICARETHANE
9424666,38.53235836,27.05237844,35-09-M00210,35,CIGLI,HARMANDALI GAZI MUSTAFA KEMAL ATATURK,10.08,4412.735000000001,0,2,0,0,1,0,0.0,4401.433,0.0,0.0,11.302,0.0,3,KUCUK_TICARETHANE
9424776,38.48215021,27.09006576,35-04-K04013,35,KARSIYAKA,CUMHURIYET,15.01,467.399,0,0,0,0,1,0,0.0,0.0,0.0,0.0,467.399,0.0,1,ORTA_TICARETHANE
9425266,38.47279453,27.10883604,35-04-M02100,35,KARSIYAKA,IMBATLI,6.78,16625.563000000002,0,1,0,0,1,0,0.0,31.633,0.0,0.0,16593.93,0.0,2,ORTA_TICARETHANE
9425496,38.4686968,27.08538632,35-04-K01541,35,KARSIYAKA,ATAKENT,8.35,5725.608,0,0,0,0,1,0,0.0,0.0,0.0,0.0,5725.608,0.0,1,KUCUK_TICARETHANE
9426356,38.46560918,27.09055407,35-04-K00885,35,KARSIYAKA,ATAKENT,5.0,15797.947,0,5,0,0,3,0,0.0,9383.73,0.0,0.0,6414.217,0.0,8,KUCUK_TICARETHANE
9426906,38.45653574,27.1177348,35-04-K01681,35,KARSIYAKA,TUNA,6.528666666666667,268069.102,0,0,0,0,30,0,0.0,0.0,0.0,0.0,268069.102,0.0,30,ORTA_TICARETHANE
9427126,38.4551498,27.11939621,35-04-K01555,35,KARSIYAKA,DONANMACI,5.5268421052631584,23927.863,0,0,0,0,19,0,0.0,0.0,0.0,0.0,23927.863,0.0,19,ORTA_TICARETHANE
9427596,38.46677658,27.10667911,35-04-K01433,35,KARSIYAKA,DEDEBASI,5.41,56557.56,0,9,0,0,4,0,0.0,19961.125,0.0,0.0,36596.435,0.0,13,ORTA_TICARETHANE
9427776,38.46473705,27.10582346,35-04-K00115,35,KARSIYAKA,GONCALAR,7.803333333333334,39116.891,0,7,0,0,5,0,0.0,19559.383,0.0,0.0,19557.508,0.0,12,ORTA_TICARETHANE
9428186,38.45703214,27.11991214,35-04-K01990,35,KARSIYAKA,TUNA,5.0,7954.106,0,3,0,0,3,0,0.0,2974.2909999999997,0.0,0.0,4979.8150000000005,0.0,6,KUCUK_TICARETHANE
9428566,38.4564818,27.11580596,35-04-K01746,35,KARSIYAKA,DONANMACI,5.3531578947368414,31036.268,0,0,0,0,19,0,0.0,0.0,0.0,0.0,31036.268,0.0,19,ORTA_TICARETHANE
9429076,38.45750637,27.09940313,35-04-K03719,35,KARSIYAKA,BOSTANLI,6.2926874999999995,42640.8969,0,9,0,0,7,0,0.0,15199.3879,0.0,0.0,27441.509000000002,0.0,16,ORTA_TICARETHANE
9429166,38.47623174,27.10431443,35-04-M02647,35,KARSIYAKA,IMBATLI,5.3,16516.872,0,0,0,0,3,0,0.0,0.0,0.0,0.0,16516.872,0.0,3,ORTA_TICARETHANE
9429466,38.45858176,27.12014899,35-04-K00017,35,KARSIYAKA,ALAYBEY,5.67,42954.844,0,9,0,0,6,0,0.0,19305.641,0.0,0.0,23649.203,0.0,15,ORTA_TICARETHANE
9430096,38.48056175,27.11059611,35-04-M01173,35,KARSIYAKA,ORNEKKOY,5.0,0.0,0,0,0,0,1,0,0.0,0.0,0.0,0.0,0.0,0.0,1,KUCUK_TICARETHANE
9430596,38.4612215,27.10370847,35-04-K02815,35,KARSIYAKA,NERGIZ,5.41875,16342.994,0,5,0,0,3,0,0.0,12937.95,0.0,0.0,3405.044,0.0,8,KUCUK_TICARETHANE
9430976,38.46788586,27.09159695,35-04-K03847,35,KARSIYAKA,YALI,6.25625,29653.265,0,5,0,0,3,0,0.0,18232.138,0.0,0.0,11421.127,0.0,8,ORTA_TICARETHANE
9431026,38.46694517,27.09689744,35-04-K03229,35,KARSIYAKA,YALI,9.238333333333333,11026.851999999999,0,4,0,0,2,0,0.0,8860.961,0.0,0.0,2165.891,0.0,6,KUCUK_TICARETHANE
9431398,38.48333368,27.09863839,35-04-M02466,35,KARSIYAKA,CUMHURIYET,5.0,2570.475,0,1,0,0,1,0,0.0,1982.206,0.0,0.0,588.269,0.0,2,KUCUK_TICARETHANE
9432028,38.45878602,27.11414428,35-04-K01360,35,KARSIYAKA,BAHRIYE UCOK,8.183571428571428,97443.898,0,1,0,0,27,0,0.0,1771.858,0.0,0.0,95672.04,0.0,28,ORTA_TICARETHANE
9432198,38.46070887,27.09107134,35-04-K00191,35,KARSIYAKA,BOSTANLI,5.649125,46842.279,0,10,0,0,6,0,0.0,20351.566,0.0,0.0,26490.712999999996,0.0,16,ORTA_TICARETHANE
9432528,38.45902713,27.0983414,35-04-M02777,35,KARSIYAKA,BOSTANLI,28.675,17488.092999999997,0,0,0,0,2,0,0.0,0.0,0.0,0.0,17488.092999999997,0.0,2,ORTA_TICARETHANE
9432768,38.47574069,27.10430333,35-04-M01180,35,KARSIYAKA,IMBATLI,5.0,5188.764,0,1,0,0,1,0,0.0,334.993,0.0,0.0,4853.771,0.0,2,KUCUK_TICARETHANE
9432968,38.45617366,27.11693548,35-04-K02433,35,KARSIYAKA,DONANMACI,5.0,10205.052,0,4,0,0,2,0,0.0,8494.733,0.0,0.0,1710.319,0.0,6,KUCUK_TICARETHANE
9433078,38.45759896,27.11969004,35-04-K00928,35,KARSIYAKA,TUNA,8.111799999999999,23189.622,0,0,0,0,10,0,0.0,0.0,0.0,0.0,23189.622,0.0,10,ORTA_TICARETHANE
9433478,38.52660368,27.04737767,35-09-M00211,35,CIGLI,INONU,5.67,9602.83,0,3,0,0,2,0,0.0,5601.381,0.0,0.0,4001.4489999999996,0.0,5,KUCUK_TICARETHANE
9433648,38.45576826,27.11750852,35-04-K01316,35,KARSIYAKA,DONANMACI,5.958571428571429,7215.884,0,3,0,0,4,0,0.0,1817.502,0.0,0.0,5398.382,0.0,7,KUCUK_TICARETHANE
9433878,38.45609312,27.11942929,35-04-K01990,35,KARSIYAKA,TUNA,8.594444444444443,84903.596,0,2,0,0,7,0,0.0,4208.046,0.0,0.0,80695.55,0.0,9,ORTA_TICARETHANE
9434278,38.45644719,27.11454366,35-04-K00833,35,KARSIYAKA,DONANMACI,5.2875,17798.648,0,5,0,0,3,0,0.0,8328.612000000001,0.0,0.0,9470.036,0.0,8,KUCUK_TICARETHANE
9434888,38.47127575,27.09525272,35-04-K04628,35,KARSIYAKA,SEMIKLER,5.0,4341.092,0,2,0,0,1,0,0.0,4074.89,0.0,0.0,266.202,0.0,3,KUCUK_TICARETHANE
9435978,38.47526764,27.10106696,35-04-M01184,35,KARSIYAKA,FIKRI ALTAY,5.2,15241.595000000001,0,3,0,0,2,0,0.0,5277.363,0.0,0.0,9964.232,0.0,5,KUCUK_TICARETHANE
9436438,38.49956594,27.12092688,35-04-K04756,35,KARSIYAKA,LATIFE HANIM,8.2,587.545,0,0,0,0,1,0,0.0,0.0,0.0,0.0,587.545,0.0,1,KUCUK_TICARETHANE
9436718,38.45949337,27.12029016,35-04-K00017,35,KARSIYAKA,ALAYBEY,5.4875,25522.047,0,5,0,0,3,0,0.0,12077.621,0.0,0.0,13444.426,0.0,8,ORTA_TICARETHANE
9436948,38.47792523,27.1115657,35-04-M02326,35,KARSIYAKA,ORNEKKOY,6.116666666666667,5498.359,0,1,0,0,2,0,0.0,2141.593,0.0,0.0,3356.766,0.0,3,KUCUK_TICARETHANE
9437178,38.48270358,27.09760318,35-04-K00243,35,KARSIYAKA,CUMHURIYET,15.01,133413.0,0,0,0,0,1,0,0.0,0.0,0.0,0.0,133413.0,0.0,1,ORTA_TICARETHANE
9437828,38.48218606,27.09036268,35-04-M01873,35,KARSIYAKA,CUMHURIYET,9.413333333333334,4357.651,0,2,0,0,1,0,0.0,1384.022,0.0,0.0,2973.629,0.0,3,KUCUK_TICARETHANE
9438118,38.45634057,27.11800454,35-04-K01109,35,KARSIYAKA,TUNA,5.598333333333334,49912.109000000004,0,0,0,0,24,0,0.0,0.0,0.0,0.0,49912.109000000004,0.0,24,ORTA_TICARETHANE
9438328,38.45530528,27.11740667,35-04-K01316,35,KARSIYAKA,DONANMACI,10.004999999999999,31991.819,0,0,0,0,2,0,0.0,0.0,0.0,0.0,31991.819,0.0,2,ORTA_TICARETHANE
9438498,38.48449169,27.08686806,35-04-K04918,35,KARSIYAKA,CUMHURIYET,5.0,2009.7640000000001,0,2,0,0,1,0,0.0,1917.018,0.0,0.0,92.746,0.0,3,KUCUK_TICARETHANE
9439247,38.4824508,27.08664565,35-04-K01664,35,KARSIYAKA,SEMIKLER,41.71,74594.197,0,0,0,0,2,0,0.0,0.0,0.0,0.0,74594.197,0.0,2,ORTA_TICARETHANE
9439567,38.46061154,27.10524528,35-04-K00930,35,KARSIYAKA,NERGIZ,5.0,23877.607,0,8,0,0,5,0,0.0,13535.779,0.0,0.0,10341.828,0.0,13,ORTA_TICARETHANE
9440517,38.48024719,27.10866404,35-04-K00358,35,KARSIYAKA,ORNEKKOY,5.0,3722.142,0,1,0,0,1,0,0.0,3194.761,0.0,0.0,527.381,0.0,2,KUCUK_TICARETHANE
9440607,38.47119809,27.11053753,35-04-K03012,35,KARSIYAKA,IMBATLI,5.0,10901.110999999999,0,2,0,0,1,0,0.0,10820.523,0.0,0.0,80.588,0.0,3,KUCUK_TICARETHANE
9440788,38.45706015,27.11898349,35-04-K01109,35,KARSIYAKA,TUNA,5.956969696969696,91672.698,0,7,0,0,26,0,0.0,15076.94,0.0,0.0,76595.758,0.0,33,ORTA_TICARETHANE
9441668,38.4664046,27.0828046,35-04-K01542,35,KARSIYAKA,ATAKENT,5.0,5864.201,0,0,0,0,1,0,0.0,0.0,0.0,0.0,5864.201,0.0,1,KUCUK_TICARETHANE
9441828,38.47595156,27.10288021,35-04-M01180,35,KARSIYAKA,CUMHURIYET,5.0,71.305,0,0,0,0,1,0,0.0,0.0,0.0,0.0,71.305,0.0,1,KUCUK_TICARETHANE
9441858,38.48297386,27.09776924,35-04-K00243,35,KARSIYAKA,CUMHURIYET,5.0,13611.23,0,0,0,0,1,0,0.0,0.0,0.0,0.0,13611.23,0.0,1,ORTA_TICARETHANE
9441888,38.48209472,27.09072691,35-04-M01873,35,KARSIYAKA,CUMHURIYET,34.28,8431.196,0,0,1,0,0,0,0.0,0.0,8431.196,0.0,0.0,0.0,1,KUCUK_SANAYI
9442318,38.499126,27.12164184,35-04-K04756,35,KARSIYAKA,LATIFE HANIM,9.76,843.844,0,0,0,0,1,0,0.0,0.0,0.0,0.0,843.844,0.0,1,KUCUK_TICARETHANE
9442568,38.45593035,27.11886737,35-04-K03844,35,KARSIYAKA,TUNA,12.4,12046.1,0,0,0,0,1,0,0.0,0.0,0.0,0.0,12046.1,0.0,1,ORTA_TICARETHANE
9442838,38.45740778,27.11959059,35-04-K00928,35,KARSIYAKA,TUNA,6.031538461538461,29333.339,0,9,0,0,4,0,0.0,18874.784,0.0,0.0,10458.555,0.0,13,ORTA_TICARETHANE
9443538,38.46236301,27.1207723,35-04-K03203,35,KARSIYAKA,BAHARIYE,5.0,27497.64,0,9,0,0,5,0,0.0,22868.154,0.0,0.0,4629.486,0.0,14,KUCUK_TICARETHANE
9443818,38.47997498,27.10888734,35-04-K00358,35,KARSIYAKA,ORNEKKOY,5.0,526.856,0,0,0,0,1,0,0.0,0.0,0.0,0.0,526.856,0.0,1,KUCUK_TICARETHANE
9443978,38.47811203,27.10989583,35-04-K00358,35,KARSIYAKA,ORNEKKOY,10.455,11205.906,0,1,0,0,1,0,0.0,2130.795,0.0,0.0,9075.111,0.0,2,KUCUK_TICARETHANE
9445458,38.45695001,27.11604823,35-04-K01746,35,KARSIYAKA,DONANMACI,7.0825,11777.064,0,2,0,0,2,0,0.0,5582.768,0.0,0.0,6194.296,0.0,4,KUCUK_TICARETHANE
9445478,38.46205932,27.12079322,35-04-K02900,35,KARSIYAKA,BAHARIYE,5.28923076923077,24581.137,0,9,0,0,4,0,0.0,18526.138,0.0,0.0,6054.999000000001,0.0,13,KUCUK_TICARETHANE
9446647,38.49301099,27.10991777,35-04-K02472,35,KARSIYAKA,ZUBEYDE HANIM,5.0,1122.541,0,0,0,0,1,0,0.0,0.0,0.0,0.0,1122.541,0.0,1,KUCUK_TICARETHANE
9446877,38.47771767,27.10990731,35-04-M02922,35,KARSIYAKA,ORNEKKOY,5.82,2865.601,0,0,0,0,1,0,0.0,0.0,0.0,0.0,2865.601,0.0,1,KUCUK_TICARETHANE
9446957,38.49832796,27.12448008,35-04-K04756,35,KARSIYAKA,LATIFE HANIM,7.22,3262.298,0,0,0,0,1,0,0.0,0.0,0.0,0.0,3262.298,0.0,1,KUCUK_TICARETHANE
9447707,38.45607004,27.11851992,35-04-K01760,35,KARSIYAKA,DONANMACI,43.48,94119.91,0,0,0,0,1,0,0.0,0.0,0.0,0.0,94119.91,0.0,1,ORTA_TICARETHANE
9448547,38.47239243,27.08461738,35-04-K03390,35,KARSIYAKA,YALI,86.31,186706.9,0,0,0,0,1,0,0.0,0.0,0.0,0.0,186706.9,0.0,1,ORTA_TICARETHANE
9448597,38.45691615,27.0985222,35-04-K00111,35,KARSIYAKA,BOSTANLI,5.6449375,173346.25,0,15,0,0,17,0,0.0,26683.954,0.0,0.0,146662.296,0.0,32,ORTA_TICARETHANE
9448727,38.48038679,27.09999459,35-04-K02323,35,KARSIYAKA,CUMHURIYET,5.558333333333334,18270.103,0,4,0,0,2,0,0.0,12107.705,0.0,0.0,6162.398,0.0,6,KUCUK_TICARETHANE
9450028,38.45678793,27.11460947,35-04-K00833,35,KARSIYAKA,DONANMACI,5.257692307692308,22014.703,0,9,0,0,4,0,0.0,16263.057,0.0,0.0,5751.646000000001,0.0,13,KUCUK_TICARETHANE
9450088,38.45719864,27.11587947,35-04-K00289,35,KARSIYAKA,DONANMACI,6.365161290322581,209205.993,0,1,1,0,29,0,0.0,5573.75,116624.1,0.0,87008.143,0.0,31,ORTA_SANAYI
9450218,38.48210525,27.09066457,35-04-M01873,35,KARSIYAKA,CUMHURIYET,15.01,2777.38,0,0,0,0,1,0,0.0,0.0,0.0,0.0,2777.38,0.0,1,ORTA_TICARETHANE
9450488,38.45391525,27.10868659,35-04-K00753,35,KARSIYAKA,AKSOY,5.257692307692308,14567.873,0,9,0,0,4,0,0.0,12967.896,0.0,0.0,1599.9769999999999,0.0,13,KUCUK_TICARETHANE
9450618,38.45758579,27.09883778,35-04-M02777,35,KARSIYAKA,BOSTANLI,8.639526315789475,135107.389,0,12,0,0,7,0,0.0,21782.492000000002,0.0,0.0,113324.897,0.0,19,ORTA_TICARETHANE
9450798,38.4673328,27.08855288,35-04-K03010,35,KARSIYAKA,YALI,13.063636363636363,89491.51000000001,0,6,0,0,5,0,0.0,17793.659,0.0,0.0,71697.851,0.0,11,ORTA_TICARETHANE
9450938,38.49128454,27.1138962,35-04-K04503,35,KARSIYAKA,ZUBEYDE HANIM,7.2,4702.392,0,1,0,0,1,0,0.0,3840.539,0.0,0.0,861.853,0.0,2,KUCUK_TICARETHANE
9450988,38.45659972,27.1168958,35-04-K01746,35,KARSIYAKA,DONANMACI,5.066666666666666,27117.556,0,4,0,0,2,0,0.0,9603.626,0.0,0.0,17513.93,0.0,6,ORTA_TICARETHANE
9451018,38.47878782,27.09439887,35-04-K01608,35,KARSIYAKA,CUMHURIYET,5.005,16542.972,0,2,0,0,2,0,0.0,5622.836,0.0,0.0,10920.135999999999,0.0,4,ORTA_TICARETHANE
9451658,38.47933164,27.10985458,35-04-K00358,35,KARSIYAKA,ORNEKKOY,5.0,21730.244,0,2,0,0,2,0,0.0,8922.73,0.0,0.0,12807.514000000001,0.0,4,ORTA_TICARETHANE
9452498,38.49127841,27.11718083,35-04-K04477,35,KARSIYAKA,LATIFE HANIM,5.0,3465.6899999999996,0,0,0,0,2,0,0.0,0.0,0.0,0.0,3465.6899999999996,0.0,2,KUCUK_TICARETHANE
9452528,38.47206684,27.10831198,35-04-M02100,35,KARSIYAKA,IMBATLI,5.0,19872.171,0,1,0,0,1,0,0.0,209.671,0.0,0.0,19662.5,0.0,2,ORTA_TICARETHANE
9453658,38.46740982,27.09764301,35-04-K04709,35,KARSIYAKA,DEMIRKOPRU,5.0,796.511,0,0,0,0,2,0,0.0,0.0,0.0,0.0,796.511,0.0,2,KUCUK_TICARETHANE
9453708,38.45422709,27.10048202,35-04-K00488,35,KARSIYAKA,BOSTANLI,5.616307692307692,124102.497,0,5,0,0,8,0,0.0,12459.643,0.0,0.0,111642.854,0.0,13,ORTA_TICARETHANE
9453958,38.47757844,27.09927881,35-04-M01834,35,KARSIYAKA,CUMHURIYET,5.0,1079.525,0,0,0,0,1,0,0.0,0.0,0.0,0.0,1079.525,0.0,1,KUCUK_TICARETHANE
9454428,38.46387201,27.10521325,35-04-K04246,35,KARSIYAKA,GONCALAR,5.223333333333333,27980.576,0,8,0,0,7,0,0.0,19073.375,0.0,0.0,8907.201000000001,0.0,15,KUCUK_TICARETHANE
9455198,38.4798427,27.09981051,35-04-K02323,35,KARSIYAKA,CUMHURIYET,5.0,13598.927,0,1,0,0,1,0,0.0,1799.967,0.0,0.0,11798.96,0.0,2,ORTA_TICARETHANE
9455338,38.4755511,27.10141601,35-04-M02425,35,KARSIYAKA,SEMIKLER,5.81,3617.925,0,0,0,0,1,0,0.0,0.0,0.0,0.0,3617.925,0.0,1,KUCUK_TICARETHANE
9455728,38.47900551,27.09443955,35-04-K01608,35,KARSIYAKA,CUMHURIYET,5.0,8952.663,0,3,0,0,3,0,0.0,6027.29,0.0,0.0,2925.373,0.0,6,KUCUK_TICARETHANE
9457048,38.45925291,27.11415275,35-04-K01360,35,KARSIYAKA,BAHRIYE UCOK,6.175,78504.696,0,12,0,0,12,0,0.0,24551.092,0.0,0.0,53953.604,0.0,24,ORTA_TICARETHANE
9457258,38.48103129,27.10972011,35-04-K00358,35,KARSIYAKA,ORNEKKOY,5.0,1032.731,0,0,0,0,1,0,0.0,0.0,0.0,0.0,1032.731,0.0,1,KUCUK_TICARETHANE
9457658,38.47134735,27.09569008,35-04-K04628,35,KARSIYAKA,SEMIKLER,5.263333333333333,7425.077,0,2,0,0,1,0,0.0,7261.719,0.0,0.0,163.358,0.0,3,KUCUK_TICARETHANE
9459342,38.46898972,27.08873916,35-04-K01450,35,KARSIYAKA,YALI,6.2299999999999995,47099.07,0,0,0,0,3,0,0.0,0.0,0.0,0.0,47099.07,0.0,3,ORTA_TICARETHANE
9459502,38.46463063,27.10406241,35-04-K00115,35,KARSIYAKA,GONCALAR,5.77,59495.947,0,6,0,0,3,0,0.0,16773.86,0.0,0.0,42722.087,0.0,9,ORTA_TICARETHANE
9460072,38.47455132,27.10392487,35-04-K03214,35,KARSIYAKA,DEDEBASI,8.352,6151.139,0,0,0,0,1,0,0.0,0.0,0.0,0.0,6151.139,0.0,1,KUCUK_TICARETHANE
9460332,38.47553543,27.10464323,35-04-K00427,35,KARSIYAKA,IMBATLI,5.66,21912.23,0,0,0,0,1,0,0.0,0.0,0.0,0.0,21912.23,0.0,1,ORTA_TICARETHANE
9460642,38.45711708,27.12021759,35-04-K00928,35,KARSIYAKA,TUNA,5.8566666666666665,14392.907,0,3,0,0,3,0,0.0,7436.6,0.0,0.0,6956.307,0.0,6,KUCUK_TICARETHANE
9460792,38.46498855,27.10257687,35-04-K01411,35,KARSIYAKA,GONCALAR,5.517142857142857,44997.796,0,9,0,0,5,0,0.0,23346.644,0.0,0.0,21651.152000000002,0.0,14,ORTA_TICARETHANE
9461252,38.45422348,27.11803421,35-04-K01316,35,KARSIYAKA,DONANMACI,5.142857142857143,54673.26699999999,0,3,0,0,4,0,0.0,4066.4449999999997,0.0,0.0,50606.82199999999,0.0,7,ORTA_TICARETHANE
9461332,38.46999417,27.10562344,35-04-K03058,35,KARSIYAKA,DEDEBASI,62.0,61522.54,0,0,0,0,1,0,0.0,0.0,0.0,0.0,61522.54,0.0,1,ORTA_TICARETHANE
9461652,38.48329376,27.08693274,35-04-K01141,35,KARSIYAKA,CUMHURIYET,5.0,237.507,0,0,0,0,1,0,0.0,0.0,0.0,0.0,237.507,0.0,1,KUCUK_TICARETHANE
9461772,38.49919206,27.12130704,35-04-K04756,35,KARSIYAKA,LATIFE HANIM,7.892,6602.346,0,0,0,0,1,0,0.0,0.0,0.0,0.0,6602.346,0.0,1,KUCUK_TICARETHANE
9462201,38.46979939,27.0976888,35-04-K04709,35,KARSIYAKA,SEMIKLER,15.01,2215.503,0,0,0,0,1,0,0.0,0.0,0.0,0.0,2215.503,0.0,1,ORTA_TICARETHANE
9462291,38.48063828,27.1020407,35-04-K00244,35,KARSIYAKA,CUMHURIYET,5.073333333333333,11595.992,0,2,0,0,1,0,0.0,6265.6849999999995,0.0,0.0,5330.307,0.0,3,KUCUK_TICARETHANE
9462431,38.47925125,27.11038754,35-04-K00358,35,KARSIYAKA,ORNEKKOY,7.41,3595.786,0,1,0,0,1,0,0.0,1385.973,0.0,0.0,2209.813,0.0,2,KUCUK_TICARETHANE
9463141,38.45578016,27.11732035,35-04-K01316,35,KARSIYAKA,DONANMACI,5.0,13045.276,0,4,0,0,2,0,0.0,8321.196,0.0,0.0,4724.08,0.0,6,KUCUK_TICARETHANE
9463541,38.45982015,27.09827602,35-04-M02777,35,KARSIYAKA,BOSTANLI,5.0,6752.8859999999995,0,1,0,0,1,0,0.0,4784.94,0.0,0.0,1967.946,0.0,2,KUCUK_TICARETHANE
9463861,38.45588907,27.11861476,35-04-K01760,35,KARSIYAKA,DONANMACI,6.116666666666667,61591.69500001,0,0,0,0,12,0,0.0,0.0,0.0,0.0,61591.69500001,0.0,12,ORTA_TICARETHANE
9464061,38.45593918,27.11693417,35-04-K02433,35,KARSIYAKA,DONANMACI,5.8375,10096.516,0,0,0,0,4,0,0.0,0.0,0.0,0.0,10096.516,0.0,4,ORTA_TICARETHANE
9464231,38.45755417,27.11760334,35-04-K04188,35,KARSIYAKA,TUNA,5.558333333333334,9814.155,0,4,0,0,2,0,0.0,2934.572,0.0,0.0,6879.5830000000005,0.0,6,KUCUK_TICARETHANE
9464241,38.45874897,27.11524382,35-04-K00590,35,KARSIYAKA,BAHARIYE,9.881666666666666,9478.673,0,3,0,0,3,0,0.0,5279.25,0.0,0.0,4199.423,0.0,6,KUCUK_TICARETHANE
9465441,38.51991608,27.03967988,35-09-M00625,35,CIGLI,AHMET EFENDI,8.335,13201.719,0,1,0,0,1,0,0.0,4085.918,0.0,0.0,9115.801,0.0,2,KUCUK_TICARETHANE
9465521,38.47978846,27.11299323,35-04-M01150,35,KARSIYAKA,ORNEKKOY,5.0,4569.622,0,2,0,0,1,0,0.0,4359.262000000001,0.0,0.0,210.36,0.0,3,KUCUK_TICARETHANE
9465631,38.4646036,27.10586681,35-04-K00115,35,KARSIYAKA,GONCALAR,5.0,6186.4039999999995,0,0,0,0,2,0,0.0,0.0,0.0,0.0,6186.4039999999995,0.0,2,KUCUK_TICARETHANE
9465651,38.45794721,27.09574342,35-04-M02777,35,KARSIYAKA,BOSTANLI,5.256384615384615,54736.118,0,9,0,0,4,0,0.0,14424.502,0.0,0.0,40311.616,0.0,13,ORTA_TICARETHANE
9465661,38.45789759,27.11620516,35-04-K00590,35,KARSIYAKA,BAHARIYE,5.8375,14377.699,0,2,0,0,6,0,0.0,1945.641,0.0,0.0,12432.058,0.0,8,ORTA_TICARETHANE
9465991,38.45955576,27.11420776,35-04-K01360,35,KARSIYAKA,BAHRIYE UCOK,6.04551724137931,139036.236,0,0,0,0,29,0,0.0,0.0,0.0,0.0,139036.236,0.0,29,ORTA_TICARETHANE
9466072,38.46529209,27.10267487,35-04-K01411,35,KARSIYAKA,DEDEBASI,5.958333333333333,14914.798999999999,0,4,0,0,2,0,0.0,11701.946,0.0,0.0,3212.853,0.0,6,KUCUK_TICARETHANE
9466812,38.47592924,27.10294728,35-04-M01180,35,KARSIYAKA,CUMHURIYET,5.0,792.808,0,0,0,0,1,0,0.0,0.0,0.0,0.0,792.808,0.0,1,KUCUK_TICARETHANE
9467302,38.46978891,27.09362987,35-04-K04521,35,KARSIYAKA,YALI,8.4,24146.399999999998,0,0,0,0,3,0,0.0,0.0,0.0,0.0,24146.399999999998,0.0,3,ORTA_TICARETHANE
9467562,38.47119939,27.09387277,35-04-K00197,35,KARSIYAKA,SEMIKLER,12.75,70486.15999999999,0,0,0,0,2,0,0.0,0.0,0.0,0.0,70486.15999999999,0.0,2,ORTA_TICARETHANE
9468013,38.48003,27.09656909,35-04-M01027,35,KARSIYAKA,CUMHURIYET,5.0,0.187,0,0,0,0,1,0,0.0,0.0,0.0,0.0,0.187,0.0,1,KUCUK_TICARETHANE
9468113,38.45473136,27.1101565,35-04-K00872,35,KARSIYAKA,AKSOY,5.558333333333334,33785.128,0,11,0,0,7,0,0.0,16331.478,0.0,0.0,17453.65,0.0,18,ORTA_TICARETHANE
9468123,38.45598986,27.10134305,35-04-K04641,35,KARSIYAKA,BOSTANLI,6.026,13491.728000000001,0,5,0,0,5,0,0.0,9220.635999999999,0.0,0.0,4271.092000000001,0.0,10,KUCUK_TICARETHANE
9468383,38.45826294,27.11638447,35-04-K00692,35,KARSIYAKA,BAHARIYE,5.0,41992.54,0,0,0,0,1,0,0.0,0.0,0.0,0.0,41992.54,0.0,1,ORTA_TICARETHANE
9468933,38.46066821,27.12389768,35-04-K03102,35,KARSIYAKA,TERSANE,6.579999999999999,12802.817000000001,0,3,0,0,3,0,0.0,4564.127,0.0,0.0,8238.69,0.0,6,KUCUK_TICARETHANE
9469223,38.49962693,27.12091608,35-04-K04756,35,KARSIYAKA,LATIFE HANIM,8.2,13497.44,0,0,0,0,1,0,0.0,0.0,0.0,0.0,13497.44,0.0,1,ORTA_TICARETHANE
9469743,38.46465613,27.12459948,35-04-K03723,35,KARSIYAKA,BAHCELIEVLER,5.5075,35807.159,0,5,0,0,3,0,0.0,6722.344999999999,0.0,0.0,29084.814,0.0,8,ORTA_TICARETHANE
9470693,38.45665985,27.12263634,35-04-K00363,35,KARSIYAKA,TUNA,5.8133333333333335,22690.851000000002,0,0,0,0,3,0,0.0,0.0,0.0,0.0,22690.851000000002,0.0,3,ORTA_TICARETHANE
9471823,38.49937604,27.12096216,35-04-K04756,35,KARSIYAKA,LATIFE HANIM,8.2,15237.21,0,0,1,0,0,0,0.0,0.0,15237.21,0.0,0.0,0.0,1,KUCUK_SANAYI
9471853,38.483446,27.09691539,35-04-K00243,35,KARSIYAKA,CUMHURIYET,9.403,75886.88399999999,0,3,0,0,2,0,0.0,3772.9269999999997,0.0,0.0,72113.957,0.0,5,ORTA_TICARETHANE
9472203,38.47915619,27.09734749,35-04-M01027,35,KARSIYAKA,CUMHURIYET,5.0,10285.93,0,1,0,0,1,0,0.0,2938.044,0.0,0.0,7347.886,0.0,2,KUCUK_TICARETHANE
9473483,38.48330097,27.11189363,35-04-M03260,35,KARSIYAKA,ORNEKKOY,5.55,24511.983,0,5,0,0,3,0,0.0,6937.22,0.0,0.0,17574.763,0.0,8,ORTA_TICARETHANE
9473553,38.4748912,27.09519528,35-04-K04708,35,KARSIYAKA,SEMIKLER,5.0,8010.254999999999,0,2,0,0,1,0,0.0,4129.2789999999995,0.0,0.0,3880.976,0.0,3,KUCUK_TICARETHANE
9473974,38.46573078,27.10621756,35-04-K01433,35,KARSIYAKA,DEDEBASI,6.052307692307693,87305.31599999999,0,9,0,0,4,0,0.0,19538.078,0.0,0.0,67767.238,0.0,13,ORTA_TICARETHANE
9474184,38.47114326,27.11014674,35-04-K03012,35,KARSIYAKA,IMBATLI,5.0,20012.707000000002,0,1,0,0,1,0,0.0,2941.217,0.0,0.0,17071.49,0.0,2,ORTA_TICARETHANE
9474194,38.48156375,27.09547682,35-04-M01027,35,KARSIYAKA,CUMHURIYET,6.613333333333333,3086.638,0,1,0,0,2,0,0.0,2368.665,0.0,0.0,717.973,0.0,3,KUCUK_TICARETHANE
9474304,38.47571295,27.10444513,35-04-M01180,35,KARSIYAKA,IMBATLI,5.0,939.657,0,0,0,0,1,0,0.0,0.0,0.0,0.0,939.657,0.0,1,KUCUK_TICARETHANE
9474744,38.45650098,27.10588094,35-04-M03251,35,KARSIYAKA,BOSTANLI,5.516153846153846,33919.688,0,9,0,0,4,0,0.0,26433.21,0.0,0.0,7486.477999999999,0.0,13,KUCUK_TICARETHANE
9475474,38.46885334,27.08907937,35-04-K01450,35,KARSIYAKA,YALI,5.8375,6644.428,0,2,0,0,2,0,0.0,6309.3279999999995,0.0,0.0,335.09999999999997,0.0,4,KUCUK_TICARETHANE
9475614,38.47576078,27.10411182,35-04-M01180,35,KARSIYAKA,IMBATLI,5.0,5696.246,0,0,0,0,1,0,0.0,0.0,0.0,0.0,5696.246,0.0,1,KUCUK_TICARETHANE
9475684,38.47950333,27.11028109,35-04-K00358,35,KARSIYAKA,ORNEKKOY,5.0,4465.71,0,1,0,0,1,0,0.0,3094.182,0.0,0.0,1371.528,0.0,2,KUCUK_TICARETHANE
9475764,38.48335879,27.10008687,35-04-M02466,35,KARSIYAKA,CUMHURIYET,6.419999999999999,6759.688,0,2,0,0,1,0,0.0,6757.739,0.0,0.0,1.949,0.0,3,KUCUK_TICARETHANE
9476674,38.4796814,27.0930456,35-04-K01608,35,KARSIYAKA,CUMHURIYET,14.18,6982.699,0,0,0,0,1,0,0.0,0.0,0.0,0.0,6982.699,0.0,1,KUCUK_TICARETHANE
9476954,38.48066416,27.08847962,35-04-K00308,35,KARSIYAKA,SEMIKLER,5.0,5065.228,0,2,0,0,2,0,0.0,3573.273,0.0,0.0,1491.955,0.0,4,KUCUK_TICARETHANE
9477094,38.47628983,27.08959247,35-04-K04619,35,KARSIYAKA,SEMIKLER,5.0,6382.494000000001,0,1,0,0,1,0,0.0,6357.274,0.0,0.0,25.22,0.0,2,KUCUK_TICARETHANE
9477174,38.47651299,27.10016234,35-04-M02425,35,KARSIYAKA,SEMIKLER,5.0,4740.2699999999995,0,1,0,0,1,0,0.0,3282.785,0.0,0.0,1457.485,0.0,2,KUCUK_TICARETHANE
9477624,38.45896818,27.12498569,35-04-K00288,35,KARSIYAKA,ALAYBEY,5.0,11340.924,0,4,0,0,2,0,0.0,9114.936,0.0,0.0,2225.9880000000003,0.0,6,KUCUK_TICARETHANE
9479044,38.45548702,27.11921501,35-04-K00133,35,KARSIYAKA,DONANMACI,47.58,101869.7,0,0,0,0,1,0,0.0,0.0,0.0,0.0,101869.7,0.0,1,ORTA_TICARETHANE
9479774,38.4833638,27.0969592,35-04-K00243,35,KARSIYAKA,CUMHURIYET,8.355,29068.036999999997,0,1,0,0,1,0,0.0,1394.617,0.0,0.0,27673.42,0.0,2,ORTA_TICARETHANE
9480344,38.48133619,27.0973898,35-04-M01026,35,KARSIYAKA,CUMHURIYET,5.0,868.4780000000001,0,1,0,0,1,0,0.0,570.613,0.0,0.0,297.865,0.0,2,KUCUK_TICARETHANE
9480674,38.50008194,27.120915,35-04-K04756,35,KARSIYAKA,LATIFE HANIM,17.6,3095.701,0,0,0,0,1,0,0.0,0.0,0.0,0.0,3095.701,0.0,1,ORTA_TICARETHANE
9480914,38.46527571,27.1057666,35-04-K01433,35,KARSIYAKA,DEDEBASI,6.638421052631578,102162.782,0,13,0,0,6,0,0.0,21629.109,0.0,0.0,80533.67300000001,0.0,19,ORTA_TICARETHANE
9481044,38.46084448,27.104271,35-04-K02815,35,KARSIYAKA,NERGIZ,5.286153846153846,31517.225000000002,0,9,0,0,4,0,0.0,11684.749,0.0,0.0,19832.476000000002,0.0,13,ORTA_TICARETHANE
9481954,38.45692256,27.1185112,35-04-K04794,35,KARSIYAKA,TUNA,6.34,72145.25300000001,0,3,0,0,2,0,0.0,7257.874000000001,0.0,0.0,64887.379,0.0,5,ORTA_TICARETHANE
9482034,38.48373978,27.08655758,35-04-K01141,35,KARSIYAKA,CUMHURIYET,8.113333333333333,5574.383,0,1,0,0,2,0,0.0,3888.008,0.0,0.0,1686.375,0.0,3,KUCUK_TICARETHANE
9482184,38.45616229,27.11722958,35-04-K02433,35,KARSIYAKA,DONANMACI,5.833333333333333,26881.968999999997,0,1,0,0,8,0,0.0,628.381,0.0,0.0,26253.588,0.0,9,ORTA_TICARETHANE
9482194,38.4874412,27.09873541,35-04-K03488,35,KARSIYAKA,INONU,5.0,3379.8410000000003,0,1,0,0,1,0,0.0,1644.248,0.0,0.0,1735.593,0.0,2,KUCUK_TICARETHANE
9482604,38.47516416,27.10248051,35-04-M01374,35,KARSIYAKA,FIKRI ALTAY,9.31,21722.821,0,0,0,0,7,0,0.0,0.0,0.0,0.0,21722.821,0.0,7,ORTA_TICARETHANE
9482874,38.49169457,27.11534148,35-04-K03082,35,KARSIYAKA,ZUBEYDE HANIM,6.675,16372.542999999998,0,1,0,0,1,0,0.0,4723.083,0.0,0.0,11649.46,0.0,2,ORTA_TICARETHANE
9483814,38.48082554,27.09174484,35-04-K04013,35,KARSIYAKA,CUMHURIYET,5.4,4423.416,0,0,0,0,2,0,0.0,0.0,0.0,0.0,4423.416,0.0,2,KUCUK_TICARETHANE
9483824,38.47557211,27.10149159,35-04-M02425,35,KARSIYAKA,SEMIKLER,5.0,2551.489,0,1,0,0,2,0,0.0,2241.343,0.0,0.0,310.14599999999996,0.0,3,KUCUK_TICARETHANE
9485814,38.45209202,27.10916289,35-04-K03385,35,KARSIYAKA,AKSOY,8.6,20384.83,0,0,0,0,1,0,0.0,0.0,0.0,0.0,20384.83,0.0,1,ORTA_TICARETHANE
9486094,38.45751678,27.11736026,35-04-K00692,35,KARSIYAKA,TUNA,5.9308695652173915,37561.166999999994,0,0,0,0,23,0,0.0,0.0,0.0,0.0,37561.166999999994,0.0,23,ORTA_TICARETHANE
9486154,38.48341999,27.09528291,35-04-K00243,35,KARSIYAKA,CUMHURIYET,5.0,4680.98,0,0,0,0,1,0,0.0,0.0,0.0,0.0,4680.98,0.0,1,KUCUK_TICARETHANE
9487056,38.48357064,27.09685656,35-04-K00243,35,KARSIYAKA,CUMHURIYET,22.255,53421.93,0,0,0,0,1,0,0.0,0.0,0.0,0.0,53421.93,0.0,1,ORTA_TICARETHANE
9487656,38.49097623,27.114589,35-04-K04503,35,KARSIYAKA,ZUBEYDE HANIM,5.0,21593.68,0,0,0,0,1,0,0.0,0.0,0.0,0.0,21593.68,0.0,1,ORTA_TICARETHANE
9487806,38.48121543,27.09179948,35-04-K04013,35,KARSIYAKA,CUMHURIYET,7.773999999999999,16869.076,0,2,0,0,3,0,0.0,5152.598,0.0,0.0,11716.478,0.0,5,ORTA_TICARETHANE
9488556,38.48161027,27.09723027,35-04-K00243,35,KARSIYAKA,CUMHURIYET,5.0,1331.0,0,0,0,0,1,0,0.0,0.0,0.0,0.0,1331.0,0.0,1,KUCUK_TICARETHANE
9489676,38.45744839,27.1162129,35-04-K00692,35,KARSIYAKA,TUNA,50.96,41970.63,0,0,0,0,1,0,0.0,0.0,0.0,0.0,41970.63,0.0,1,ORTA_TICARETHANE
9489886,38.4939445,27.1118038,35-04-K03799,35,KARSIYAKA,ZUBEYDE HANIM,5.283333333333333,9918.484,0,2,0,0,1,0,0.0,8121.455,0.0,0.0,1797.029,0.0,3,KUCUK_TICARETHANE
9489966,38.45686023,27.11722519,35-04-K02433,35,KARSIYAKA,TUNA,5.1613725490196085,170333.668,0,0,0,0,51,0,0.0,0.0,0.0,0.0,170333.668,0.0,51,ORTA_TICARETHANE
9490476,38.48317486,27.09860627,35-04-M02466,35,KARSIYAKA,CUMHURIYET,5.0,9336.961,0,0,0,0,1,0,0.0,0.0,0.0,0.0,9336.961,0.0,1,KUCUK_TICARETHANE
9490576,38.45063235,27.11273939,35-04-K00665,35,KARSIYAKA,DONANMACI,195.0,10016.56,0,0,0,0,1,0,0.0,0.0,0.0,0.0,10016.56,0.0,1,ORTA_TICARETHANE
9491067,38.45872409,27.11854044,35-04-K04188,35,KARSIYAKA,TUNA,9.64,29611.52,0,0,0,0,1,0,0.0,0.0,0.0,0.0,29611.52,0.0,1,ORTA_TICARETHANE
9491117,38.499559,27.12157999,35-04-K04756,35,KARSIYAKA,LATIFE HANIM,9.76,1383.219,0,0,0,0,1,0,0.0,0.0,0.0,0.0,1383.219,0.0,1,KUCUK_TICARETHANE
9491237,38.47578007,27.10389024,35-04-M01180,35,KARSIYAKA,IMBATLI,8.36,755.138,0,0,0,0,1,0,0.0,0.0,0.0,0.0,755.138,0.0,1,KUCUK_TICARETHANE
9491397,38.48336133,27.11138763,35-04-M03260,35,KARSIYAKA,ORNEKKOY,7.859999999999999,6500.019,0,2,0,0,1,0,0.0,4931.769,0.0,0.0,1568.25,0.0,3,KUCUK_TICARETHANE
9491877,38.47275445,27.08461872,35-04-K03390,35,KARSIYAKA,YALI,9.816666666666666,30168.547,0,2,0,0,4,0,0.0,2857.98,0.0,0.0,27310.567,0.0,6,ORTA_TICARETHANE
9492136,38.46837772,27.08767589,35-04-K01450,35,KARSIYAKA,YALI,5.949800000000001,75723.307,0,5,0,0,5,0,0.0,8035.824,0.0,0.0,67687.48300000001,0.0,10,ORTA_TICARETHANE
9492356,38.48073017,27.08808658,35-04-K03872,35,KARSIYAKA,SEMIKLER,5.0,1679.421,0,0,0,0,1,0,0.0,0.0,0.0,0.0,1679.421,0.0,1,KUCUK_TICARETHANE
9492426,38.45529242,27.11714421,35-04-K01746,35,KARSIYAKA,DONANMACI,5.223333333333333,15567.332999999999,0,0,0,0,15,0,0.0,0.0,0.0,0.0,15567.332999999999,0.0,15,ORTA_TICARETHANE
9493306,38.47630726,27.11251162,35-04-K03766,35,KARSIYAKA,ORNEKKOY,6.44,4476.835,0,2,0,0,1,0,0.0,2441.189,0.0,0.0,2035.646,0.0,3,KUCUK_TICARETHANE
9493326,38.4750796,27.11265916,35-04-M01305,35,KARSIYAKA,ORNEKKOY,6.742,16516.068,0,3,0,0,2,0,0.0,9228.122,0.0,0.0,7287.946,0.0,5,KUCUK_TICARETHANE
9493806,38.45826664,27.11817014,35-04-K04188,35,KARSIYAKA,TUNA,5.0,15348.599,0,4,0,0,2,0,0.0,11885.641,0.0,0.0,3462.958,0.0,6,KUCUK_TICARETHANE
9493816,38.48160621,27.10454483,35-04-K01227,35,KARSIYAKA,ORNEKKOY,5.0,3344.484,0,0,0,0,1,0,0.0,0.0,0.0,0.0,3344.484,0.0,1,KUCUK_TICARETHANE
9493936,38.45600475,27.10675917,35-04-M03251,35,KARSIYAKA,AKSOY,12.222999999999999,106.921,0,0,0,0,2,0,0.0,0.0,0.0,0.0,106.921,0.0,2,KUCUK_TICARETHANE
9494796,38.47482568,27.10415606,35-04-K00427,35,KARSIYAKA,IMBATLI,5.0,2010.414,0,0,0,0,1,0,0.0,0.0,0.0,0.0,2010.414,0.0,1,KUCUK_TICARETHANE
9495616,38.48213523,27.09733171,35-04-K00243,35,KARSIYAKA,CUMHURIYET,5.0,5712.526,0,0,0,0,3,0,0.0,0.0,0.0,0.0,5712.526,0.0,3,KUCUK_TICARETHANE
9496946,38.47659991,27.09248457,35-04-K04629,35,KARSIYAKA,SEMIKLER,7.233333333333333,26876.101000000002,0,1,0,0,2,0,0.0,3161.791,0.0,0.0,23714.309999999998,0.0,3,ORTA_TICARETHANE
9497186,38.47592613,27.1140648,35-04-K03969,35,KARSIYAKA,ORNEKKOY,5.366666666666667,8874.466,0,2,0,0,1,0,0.0,6026.174,0.0,0.0,2848.292,0.0,3,KUCUK_TICARETHANE
9497695,38.46900272,27.10904581,35-04-K03036,35,KARSIYAKA,DEDEBASI,6.2875,11559.208,0,5,0,0,3,0,0.0,11111.519,0.0,0.0,447.68899999999996,0.0,8,KUCUK_TICARETHANE
9498305,38.4542942,27.11050586,35-04-K00282,35,KARSIYAKA,AKSOY,5.0,3416.879,0,1,0,0,1,0,0.0,1760.097,0.0,0.0,1656.782,0.0,2,KUCUK_TICARETHANE
9498785,38.46770575,27.10401789,35-04-M01188,35,KARSIYAKA,DEDEBASI,5.126666666666666,7065.241,0,2,0,0,1,0,0.0,5688.027,0.0,0.0,1377.214,0.0,3,KUCUK_TICARETHANE
9499445,38.45795119,27.1196826,35-04-K00928,35,KARSIYAKA,TUNA,5.850769230769231,42527.559,0,8,0,0,5,0,0.0,17888.396,0.0,0.0,24639.162999999997,0.0,13,ORTA_TICARETHANE
9499525,38.45714551,27.09956946,35-04-K03719,35,KARSIYAKA,BOSTANLI,5.279166666666667,21058.708000000002,0,8,0,0,4,0,0.0,16145.136,0.0,0.0,4913.572,0.0,12,KUCUK_TICARETHANE
9499745,38.48532728,27.09451195,35-04-K03773,35,KARSIYAKA,CUMHURIYET,5.0,10077.537,0,1,0,0,1,0,0.0,6128.361,0.0,0.0,3949.176,0.0,2,KUCUK_TICARETHANE
9500655,38.47565816,27.10972699,35-04-M02326,35,KARSIYAKA,IMBATLI,5.0,5806.271,0,2,0,0,1,0,0.0,4778.466,0.0,0.0,1027.805,0.0,3,KUCUK_TICARETHANE
9500935,38.45457549,27.11636985,35-04-K00018,35,KARSIYAKA,DONANMACI,114.4,56203.59,0,0,0,0,1,0,0.0,0.0,0.0,0.0,56203.59,0.0,1,ORTA_TICARETHANE
9501555,38.48305412,27.09743117,35-04-K00243,35,KARSIYAKA,CUMHURIYET,8.35,30101.52,0,0,0,0,1,0,0.0,0.0,0.0,0.0,30101.52,0.0,1,ORTA_TICARETHANE
9502515,38.45594872,27.11641521,35-04-K01746,35,KARSIYAKA,DONANMACI,6.118333333333333,12827.197,0,4,0,0,2,0,0.0,9140.098,0.0,0.0,3687.0989999999997,0.0,6,KUCUK_TICARETHANE
9502705,38.48322271,27.09909663,35-04-M02466,35,KARSIYAKA,CUMHURIYET,5.28,22114.222999999998,0,2,0,0,1,0,0.0,5531.563,0.0,0.0,16582.66,0.0,3,ORTA_TICARETHANE
9503995,38.45392549,27.11580316,35-04-K03185,35,KARSIYAKA,DONANMACI,16.8,53.756,0,0,0,0,1,0,0.0,0.0,0.0,0.0,53.756,0.0,1,ORTA_TICARETHANE
9504225,38.49207938,27.1133204,35-04-K04503,35,KARSIYAKA,ZUBEYDE HANIM,5.0,6173.091,0,2,0,0,1,0,0.0,5219.933,0.0,0.0,953.158,0.0,3,KUCUK_TICARETHANE
9504587,38.4571791,27.1169148,35-04-K01681,35,KARSIYAKA,TUNA,5.9,19008.32,0,0,0,0,1,0,0.0,0.0,0.0,0.0,19008.32,0.0,1,ORTA_TICARETHANE
9504737,38.4713593,27.09534358,35-04-K04628,35,KARSIYAKA,SEMIKLER,5.0,2386.266,0,1,0,0,1,0,0.0,1628.986,0.0,0.0,757.28,0.0,2,KUCUK_TICARETHANE
9506287,38.4728683,27.0806583,35-04-K02426,35,KARSIYAKA,MAVISEHIR,8.643333333333333,96357.785,0,0,0,0,3,0,0.0,0.0,0.0,0.0,96357.785,0.0,3,ORTA_TICARETHANE
9506877,38.45994627,27.09101334,35-04-K03303,35,KARSIYAKA,BOSTANLI,10.034416666666667,90300.943,0,7,0,0,5,0,0.0,23822.757,0.0,0.0,66478.186,0.0,12,ORTA_TICARETHANE
9507027,38.45789053,27.09593783,35-04-K04689,35,KARSIYAKA,BOSTANLI,10.187823529411764,70179.748,0,10,0,0,7,0,0.0,19789.446,0.0,0.0,50390.301999999996,0.0,17,ORTA_TICARETHANE
9507077,38.47963794,27.09341007,35-04-K01608,35,KARSIYAKA,CUMHURIYET,8.24,2470.752,0,0,0,0,2,0,0.0,0.0,0.0,0.0,2470.752,0.0,2,KUCUK_TICARETHANE
9509538,38.45694066,27.11662902,35-04-K00289,35,KARSIYAKA,DONANMACI,38.368,66344.32,0,0,0,0,1,0,0.0,0.0,0.0,0.0,66344.32,0.0,1,ORTA_TICARETHANE
9511898,38.49156402,27.11535713,35-04-K03082,35,KARSIYAKA,ZUBEYDE HANIM,7.31,10503.795,0,1,0,0,1,0,0.0,1248.269,0.0,0.0,9255.526,0.0,2,KUCUK_TICARETHANE
9512188,38.46586007,27.11172183,35-04-M02957,35,KARSIYAKA,BAHCELIEVLER,14.71,28066.48,0,0,0,0,1,0,0.0,0.0,0.0,0.0,28066.48,0.0,1,ORTA_TICARETHANE
9512978,38.47985573,27.11061525,35-04-M01150,35,KARSIYAKA,ORNEKKOY,6.675,9844.639,0,0,0,0,2,0,0.0,0.0,0.0,0.0,9844.639,0.0,2,KUCUK_TICARETHANE
9513428,38.46630923,27.08301166,35-04-K01542,35,KARSIYAKA,ATAKENT,8.98,9341.132,0,1,0,0,1,0,0.0,2622.881,0.0,0.0,6718.251,0.0,2,KUCUK_TICARETHANE
9513438,38.45542951,27.11893125,35-04-K01760,35,KARSIYAKA,DONANMACI,5.658461538461538,43013.907,0,9,0,0,4,0,0.0,14343.329,0.0,0.0,28670.577999999998,0.0,13,ORTA_TICARETHANE
9513968,38.48225525,27.104592,35-04-K01227,35,KARSIYAKA,ORNEKKOY,7.29,1735.6740000000002,0,1,0,0,1,0,0.0,25.082,0.0,0.0,1710.592,0.0,2,KUCUK_TICARETHANE
9514048,38.49924306,27.12166704,35-04-K04756,35,KARSIYAKA,LATIFE HANIM,9.76,28168.74,0,0,0,0,1,0,0.0,0.0,0.0,0.0,28168.74,0.0,1,ORTA_TICARETHANE
9514058,38.49975301,27.12184596,35-04-K04756,35,KARSIYAKA,LATIFE HANIM,8.2,384.533,0,0,0,0,1,0,0.0,0.0,0.0,0.0,384.533,0.0,1,KUCUK_TICARETHANE
9514397,38.51802379,27.15377213,35-04-K01183,35,KARSIYAKA,SANCAKLI,8.506666666666666,436.14,0,2,0,0,1,0,0.0,56.049,0.0,0.0,380.091,0.0,3,KUCUK_TICARETHANE
9514917,38.47275067,27.10890109,35-04-M02100,35,KARSIYAKA,IMBATLI,6.675,10049.732,0,1,0,0,1,0,0.0,3097.351,0.0,0.0,6952.381,0.0,2,KUCUK_TICARETHANE
9515627,38.48127067,27.08892461,35-04-K00308,35,KARSIYAKA,SEMIKLER,5.0,6695.867,0,2,0,0,1,0,0.0,6568.733,0.0,0.0,127.134,0.0,3,KUCUK_TICARETHANE
9515987,38.48435231,27.08640466,35-04-K01141,35,KARSIYAKA,CUMHURIYET,5.0,9482.731,0,2,0,0,2,0,0.0,6905.3060000000005,0.0,0.0,2577.4249999999997,0.0,4,KUCUK_TICARETHANE
9516167,38.51965117,27.04036423,35-09-M00625,35,CIGLI,AHMET EFENDI,6.116666666666667,57309.316,0,2,0,0,1,0,0.0,1074.316,0.0,0.0,56235.0,0.0,3,ORTA_TICARETHANE
9516757,38.49918206,27.12165588,35-04-K04756,35,KARSIYAKA,LATIFE HANIM,9.76,1235.922,0,0,0,0,1,0,0.0,0.0,0.0,0.0,1235.922,0.0,1,KUCUK_TICARETHANE
9517067,38.46014585,27.10295408,35-04-M01038,35,KARSIYAKA,BOSTANLI,5.270928571428572,24846.354,0,9,0,0,5,0,0.0,17152.872,0.0,0.0,7693.482,0.0,14,KUCUK_TICARETHANE
9517497,38.45649146,27.11842418,35-04-K01109,35,KARSIYAKA,DONANMACI,12.817333333333336,115796.42299999998,0,1,0,0,5,0,0.0,800.133,0.0,0.0,114996.29000000001,0.0,6,ORTA_TICARETHANE
9517547,38.48148027,27.11425347,35-04-M01566,35,KARSIYAKA,ORNEKKOY,5.67,13801.075,0,3,0,0,2,0,0.0,6273.077,0.0,0.0,7527.998,0.0,5,KUCUK_TICARETHANE
9517557,38.48131653,27.08924228,35-04-K00308,35,KARSIYAKA,SEMIKLER,9.6,63.986,0,0,0,0,1,0,0.0,0.0,0.0,0.0,63.986,0.0,1,KUCUK_TICARETHANE
9517687,38.478283,27.08727744,35-04-K00215,35,KARSIYAKA,SEMIKLER,8.893333333333333,177521.654,0,4,1,0,1,0,0.0,11671.824,136951.3,0.0,28898.53,0.0,6,ORTA_SANAYI
9518546,38.46332707,27.0852702,35-04-K01116,35,KARSIYAKA,ATAKENT,8.506666666666666,21506.102,0,2,0,0,1,0,0.0,10537.652,0.0,0.0,10968.45,0.0,3,ORTA_TICARETHANE
9519316,38.47676646,27.11009442,35-04-M02326,35,KARSIYAKA,ORNEKKOY,5.0,26561.309999999998,0,0,0,0,2,0,0.0,0.0,0.0,0.0,26561.309999999998,0.0,2,ORTA_TICARETHANE
9519656,38.4541103,27.10652411,35-04-K00277,35,KARSIYAKA,AKSOY,5.0,5314.786,0,0,0,0,1,0,0.0,0.0,0.0,0.0,5314.786,0.0,1,KUCUK_TICARETHANE
9519816,38.486986,27.09818155,35-04-K03488,35,KARSIYAKA,INONU,5.0,927.35,0,1,0,0,1,0,0.0,884.799,0.0,0.0,42.551,0.0,2,KUCUK_TICARETHANE
9519896,38.47905244,27.08725502,35-04-K00215,35,KARSIYAKA,SEMIKLER,11.65,37474.710999999996,0,0,0,0,2,0,0.0,0.0,0.0,0.0,37474.710999999996,0.0,2,ORTA_TICARETHANE
9520496,38.46687352,27.10681364,35-04-K01433,35,KARSIYAKA,DEDEBASI,5.0,7273.212,0,1,0,0,1,0,0.0,7057.067,0.0,0.0,216.145,0.0,2,KUCUK_TICARETHANE
9520876,38.46627279,27.10850046,35-04-K03850,35,KARSIYAKA,GONCALAR,6.3420000000000005,11417.768,0,3,0,0,2,0,0.0,8646.525,0.0,0.0,2771.2430000000004,0.0,5,KUCUK_TICARETHANE
9521386,38.48380226,27.09671962,35-04-K00243,35,KARSIYAKA,CUMHURIYET,5.0,15210.33,0,0,0,0,1,0,0.0,0.0,0.0,0.0,15210.33,0.0,1,ORTA_TICARETHANE
9522196,38.45539813,27.12033839,35-04-K00133,35,KARSIYAKA,TUNA,50.625,329651.979,0,0,0,0,6,0,0.0,0.0,0.0,0.0,329651.979,0.0,6,ORTA_TICARETHANE
9523306,38.47918463,27.09060126,35-04-K00215,35,KARSIYAKA,SEMIKLER,6.675,813.658,0,0,0,0,2,0,0.0,0.0,0.0,0.0,813.658,0.0,2,KUCUK_TICARETHANE
9523536,38.4565083,27.1185117,35-04-K01760,35,KARSIYAKA,DONANMACI,79.863,136970.7,0,0,0,0,1,0,0.0,0.0,0.0,0.0,136970.7,0.0,1,ORTA_TICARETHANE
9524926,38.49994206,27.12088116,35-04-K04756,35,KARSIYAKA,LATIFE HANIM,8.2,985.246,0,0,0,0,1,0,0.0,0.0,0.0,0.0,985.246,0.0,1,KUCUK_TICARETHANE
9525358,38.45539607,27.12045095,35-04-K04454,35,KARSIYAKA,TUNA,5.0,12417.92,0,0,0,0,1,0,0.0,0.0,0.0,0.0,12417.92,0.0,1,ORTA_TICARETHANE
9526838,38.4814954,27.08916733,35-04-K00308,35,KARSIYAKA,SEMIKLER,8.336666666666666,13302.55,0,2,0,0,1,0,0.0,6359.74,0.0,0.0,6942.81,0.0,3,KUCUK_TICARETHANE
9528188,38.4827394,27.09805677,35-04-K00243,35,KARSIYAKA,CUMHURIYET,6.55,15330.432,0,3,0,0,2,0,0.0,2796.6679999999997,0.0,0.0,12533.764,0.0,5,ORTA_TICARETHANE
9529728,38.45725952,27.11706727,35-04-K01681,35,KARSIYAKA,TUNA,5.0,26033.092,0,2,0,0,4,0,0.0,1502.6709999999998,0.0,0.0,24530.421000000002,0.0,6,ORTA_TICARETHANE
9529848,38.50001306,27.12088692,35-04-K04756,35,KARSIYAKA,LATIFE HANIM,8.2,23165.09,0,0,0,0,1,0,0.0,0.0,0.0,0.0,23165.09,0.0,1,ORTA_TICARETHANE
9530108,38.47439806,27.0999868,35-04-M02425,35,KARSIYAKA,FIKRI ALTAY,7.6975,29285.487999999998,0,0,0,0,4,0,0.0,0.0,0.0,0.0,29285.487999999998,0.0,4,ORTA_TICARETHANE
9530328,38.47093874,27.10157999,35-04-M01185,35,KARSIYAKA,FIKRI ALTAY,7.384,21903.709,0,0,0,0,5,0,0.0,0.0,0.0,0.0,21903.709,0.0,5,ORTA_TICARETHANE
9530408,38.47495243,27.09723994,35-04-K03018,35,KARSIYAKA,SEMIKLER,5.0,8715.832,0,2,0,0,1,0,0.0,8493.962,0.0,0.0,221.87,0.0,3,KUCUK_TICARETHANE
9530988,38.45620868,27.11050415,35-04-K00872,35,KARSIYAKA,AKSOY,5.0,26748.956000000002,0,9,0,0,4,0,0.0,11793.977,0.0,0.0,14954.979000000001,0.0,13,ORTA_TICARETHANE
9531088,38.47436584,27.10408238,35-04-K03214,35,KARSIYAKA,DEDEBASI,5.0,1452.787,0,0,0,0,1,0,0.0,0.0,0.0,0.0,1452.787,0.0,1,KUCUK_TICARETHANE
9531478,38.48146101,27.10346598,35-04-K00244,35,KARSIYAKA,ORNEKKOY,5.0,7919.579000000001,0,2,0,0,1,0,0.0,7917.146000000001,0.0,0.0,2.433,0.0,3,KUCUK_TICARETHANE
9531548,38.49336292,27.1160748,35-04-K03082,35,KARSIYAKA,LATIFE HANIM,5.2,6589.282,0,0,0,0,1,0,0.0,0.0,0.0,0.0,6589.282,0.0,1,KUCUK_TICARETHANE
9532758,38.45627151,27.11879567,35-04-K03844,35,KARSIYAKA,TUNA,5.474705882352941,132634.95,0,0,0,0,17,0,0.0,0.0,0.0,0.0,132634.95,0.0,17,ORTA_TICARETHANE
9533008,38.45827643,27.09622885,35-04-K00849,35,KARSIYAKA,BOSTANLI,7.554846153846153,82071.444,0,6,0,0,7,0,0.0,4762.482,0.0,0.0,77308.962,0.0,13,ORTA_TICARETHANE
9533028,38.47581391,27.10976479,35-04-M02326,35,KARSIYAKA,IMBATLI,5.0,1791.474,0,0,0,0,1,0,0.0,0.0,0.0,0.0,1791.474,0.0,1,KUCUK_TICARETHANE
9533538,38.49830832,27.12515584,35-04-K04757,35,KARSIYAKA,LATIFE HANIM,31.0,1542.735,0,0,0,0,1,0,0.0,0.0,0.0,0.0,1542.735,0.0,1,ORTA_TICARETHANE
9533608,38.47577961,27.10913574,35-04-M01755,35,KARSIYAKA,IMBATLI,15.01,1258.241,0,0,0,0,1,0,0.0,0.0,0.0,0.0,1258.241,0.0,1,ORTA_TICARETHANE
9533688,38.47127109,27.09441325,35-04-K00197,35,KARSIYAKA,SEMIKLER,8.330588235294117,55469.528,0,8,0,0,9,0,0.0,15261.084,0.0,0.0,40208.444,0.0,17,ORTA_TICARETHANE
9533828,38.499683,27.12091104,35-04-K04756,35,KARSIYAKA,LATIFE HANIM,8.2,4069.73,0,0,0,0,1,0,0.0,0.0,0.0,0.0,4069.73,0.0,1,KUCUK_TICARETHANE
9534638,38.45835567,27.1206897,35-04-K00017,35,KARSIYAKA,TUNA,5.416625,14323.348,0,5,0,0,3,0,0.0,11683.3,0.0,0.0,2640.048,0.0,8,KUCUK_TICARETHANE
9534938,38.45571238,27.11841776,35-04-K01555,35,KARSIYAKA,DONANMACI,5.0,14752.928,0,0,0,0,2,0,0.0,0.0,0.0,0.0,14752.928,0.0,2,ORTA_TICARETHANE
9535338,38.47453983,27.10181955,35-04-M01184,35,KARSIYAKA,FIKRI ALTAY,5.0,3617.784,0,1,0,0,1,0,0.0,2375.297,0.0,0.0,1242.487,0.0,2,KUCUK_TICARETHANE
9535948,38.49659451,27.10689294,35-04-M02874,35,KARSIYAKA,ZUBEYDE HANIM,19.33,70592.7,0,0,0,0,1,0,0.0,0.0,0.0,0.0,70592.7,0.0,1,ORTA_TICARETHANE
9536908,38.4592477,27.11703464,35-04-K00692,35,KARSIYAKA,BAHARIYE,5.6,510.272,0,1,0,0,1,0,0.0,27.103,0.0,0.0,483.169,0.0,2,KUCUK_TICARETHANE
9537218,38.48574933,27.10468823,35-04-K02376,35,KARSIYAKA,ORNEKKOY,7.98,7694.769,0,2,0,0,1,0,0.0,4861.32,0.0,0.0,2833.449,0.0,3,KUCUK_TICARETHANE
9537648,38.46212924,27.12739941,35-04-K00037,35,KARSIYAKA,TERSANE,5.558333333333334,8796.101,0,4,0,0,2,0,0.0,5586.223,0.0,0.0,3209.878,0.0,6,KUCUK_TICARETHANE
9537868,38.4796342,27.11386467,35-04-M01029,35,KARSIYAKA,ORNEKKOY,7.233333333333333,5909.537,0,2,0,0,1,0,0.0,4863.261,0.0,0.0,1046.276,0.0,3,KUCUK_TICARETHANE
9538848,38.4580054,27.12065405,35-04-K00928,35,KARSIYAKA,TUNA,8.91875,14688.849,0,3,0,0,5,0,0.0,6025.571,0.0,0.0,8663.278,0.0,8,KUCUK_TICARETHANE
9538948,38.46813726,27.1081063,35-04-K03036,35,KARSIYAKA,DEDEBASI,5.348333333333333,81340.78,0,12,0,0,6,0,0.0,31474.966999999997,0.0,0.0,49865.812999999995,0.0,18,ORTA_TICARETHANE
9539628,38.47503755,27.10388202,35-04-M01180,35,KARSIYAKA,IMBATLI,6.675,3260.929,0,1,0,0,1,0,0.0,2368.931,0.0,0.0,891.998,0.0,2,KUCUK_TICARETHANE
9539908,38.47577544,27.10415259,35-04-M01180,35,KARSIYAKA,IMBATLI,8.84,8381.839,0,0,0,0,1,0,0.0,0.0,0.0,0.0,8381.839,0.0,1,KUCUK_TICARETHANE
9540148,38.47451952,27.09965792,35-04-M02425,35,KARSIYAKA,SEMIKLER,9.116666666666667,22717.484,0,2,0,0,1,0,0.0,6482.524,0.0,0.0,16234.96,0.0,3,ORTA_TICARETHANE
9540248,38.48296561,27.09782706,35-04-K00243,35,KARSIYAKA,CUMHURIYET,5.0,8741.704,0,0,0,0,1,0,0.0,0.0,0.0,0.0,8741.704,0.0,1,KUCUK_TICARETHANE
9540378,38.47988414,27.09263666,35-04-K01608,35,KARSIYAKA,CUMHURIYET,19.25,3180.212,0,0,0,0,1,0,0.0,0.0,0.0,0.0,3180.212,0.0,1,ORTA_TICARETHANE
9541109,38.47195031,27.09543658,35-04-K01482,35,KARSIYAKA,SEMIKLER,5.913846153846153,39175.516,0,9,0,0,4,0,0.0,30968.602,0.0,0.0,8206.914,0.0,13,KUCUK_TICARETHANE
9541129,38.47704989,27.09406059,35-04-M02441,35,KARSIYAKA,SEMIKLER,15.01,3220.874,0,0,0,0,1,0,0.0,0.0,0.0,0.0,3220.874,0.0,1,ORTA_TICARETHANE
9541459,38.45757356,27.09703944,35-04-M02777,35,KARSIYAKA,BOSTANLI,5.8045,99562.515,0,8,0,0,6,0,0.0,19594.081,0.0,0.0,79968.43400000001,0.0,14,ORTA_TICARETHANE
9541579,38.46820472,27.1066675,35-04-K01624,35,KARSIYAKA,DEDEBASI,172.0,216006.4,0,0,0,0,1,0,0.0,0.0,0.0,0.0,216006.4,0.0,1,ORTA_TICARETHANE
9544079,38.48260557,27.08951244,35-04-K04013,35,KARSIYAKA,CUMHURIYET,5.0,4808.706,0,0,0,0,1,0,0.0,0.0,0.0,0.0,4808.706,0.0,1,KUCUK_TICARETHANE
9544969,38.47744222,27.09808057,35-04-K02940,35,KARSIYAKA,SEMIKLER,5.0,6319.01,0,0,0,0,1,0,0.0,0.0,0.0,0.0,6319.01,0.0,1,KUCUK_TICARETHANE
9545169,38.481805,27.0885217,35-04-K03872,35,KARSIYAKA,SEMIKLER,526.7,1138778.0,0,0,0,0,1,0,0.0,0.0,0.0,0.0,1138778.0,0.0,1,BUYUK_TICARETHANE
9545409,38.47879979,27.09350469,35-04-K00215,35,KARSIYAKA,SEMIKLER,5.583333333333333,33379.343,0,4,0,0,2,0,0.0,10608.974,0.0,0.0,22770.369,0.0,6,ORTA_TICARETHANE
9545649,38.45793742,27.11241399,35-04-K00489,35,KARSIYAKA,BAHRIYE UCOK,5.478571428571429,10205.706,0,4,0,0,3,0,0.0,8256.011,0.0,0.0,1949.6950000000002,0.0,7,KUCUK_TICARETHANE
9545959,38.48027324,27.11051166,35-04-M01741,35,KARSIYAKA,ORNEKKOY,5.0,1038.552,0,0,0,0,1,0,0.0,0.0,0.0,0.0,1038.552,0.0,1,KUCUK_TICARETHANE
9546589,38.4822923,27.09935292,35-04-M01026,35,KARSIYAKA,CUMHURIYET,5.0,6461.352,0,1,0,0,1,0,0.0,5987.166,0.0,0.0,474.186,0.0,2,KUCUK_TICARETHANE
9547789,38.45833603,27.09752163,35-04-M02777,35,KARSIYAKA,BOSTANLI,6.176428571428572,73595.681,0,9,0,0,5,0,0.0,25549.716,0.0,0.0,48045.965,0.0,14,ORTA_TICARETHANE
9548309,38.4581656,27.09754709,35-04-K04689,35,KARSIYAKA,BOSTANLI,7.9903,151590.00199999998,0,5,0,0,5,0,0.0,13649.455,0.0,0.0,137940.54700000002,0.0,10,ORTA_TICARETHANE
9548729,38.48281352,27.09130554,35-04-M01873,35,KARSIYAKA,CUMHURIYET,6.686666666666667,21913.5,0,2,0,0,1,0,0.0,13979.468,0.0,0.0,7934.032,0.0,3,KUCUK_TICARETHANE
9548759,38.49933195,27.12128616,35-04-K04756,35,KARSIYAKA,LATIFE HANIM,7.892,2500.413,0,0,0,0,1,0,0.0,0.0,0.0,0.0,2500.413,0.0,1,KUCUK_TICARETHANE
9550859,38.45584674,27.1188882,35-04-K01990,35,KARSIYAKA,TUNA,115.495,149707.7,0,0,0,0,1,0,0.0,0.0,0.0,0.0,149707.7,0.0,1,ORTA_TICARETHANE
9551209,38.45910347,27.11700121,35-04-K00692,35,KARSIYAKA,BAHARIYE,5.0,903.582,0,0,0,0,1,0,0.0,0.0,0.0,0.0,903.582,0.0,1,KUCUK_TICARETHANE
9551589,38.49074997,27.11644355,35-04-K03082,35,KARSIYAKA,LATIFE HANIM,5.955,9720.936,0,2,0,0,2,0,0.0,6149.9,0.0,0.0,3571.036,0.0,4,KUCUK_TICARETHANE
9552519,38.45696426,27.11980586,35-04-K00928,35,KARSIYAKA,TUNA,5.8375,7019.141,0,2,0,0,2,0,0.0,3061.796,0.0,0.0,3957.3450000000003,0.0,4,KUCUK_TICARETHANE
9552989,38.48211611,27.1054786,35-04-K01227,35,KARSIYAKA,ORNEKKOY,6.5,37950.82,0,0,0,0,1,0,0.0,0.0,0.0,0.0,37950.82,0.0,1,ORTA_TICARETHANE
9554199,38.48526192,27.09342096,35-04-K00243,35,KARSIYAKA,CUMHURIYET,5.0,2460.335,0,1,0,0,1,0,0.0,2441.83,0.0,0.0,18.505,0.0,2,KUCUK_TICARETHANE
9554279,38.47264498,27.10803974,35-04-M02100,35,KARSIYAKA,IMBATLI,5.0,1186.677,0,0,0,0,1,0,0.0,0.0,0.0,0.0,1186.677,0.0,1,KUCUK_TICARETHANE
9554629,38.45707763,27.11730102,35-04-K01681,35,KARSIYAKA,TUNA,8.618454545454545,47463.975,0,2,0,0,9,0,0.0,3358.638,0.0,0.0,44105.337,0.0,11,ORTA_TICARETHANE
9554639,38.45723899,27.11657027,35-04-K00289,35,KARSIYAKA,TUNA,5.0,11533.033,0,0,0,0,4,0,0.0,0.0,0.0,0.0,11533.033,0.0,4,ORTA_TICARETHANE
9554779,38.46036897,27.12571049,35-04-K01670,35,KARSIYAKA,ALAYBEY,5.558333333333334,41902.171,0,7,0,0,5,0,0.0,20473.783,0.0,0.0,21428.388,0.0,12,ORTA_TICARETHANE
9556799,38.46385808,27.09336675,35-04-M01036,35,KARSIYAKA,BOSTANLI,5.4390909090909085,24850.337,0,7,0,0,4,0,0.0,15097.083,0.0,0.0,9753.254,0.0,11,KUCUK_TICARETHANE
9558060,38.47645221,27.1019244,35-04-M01180,35,KARSIYAKA,CUMHURIYET,15.01,162667.0,0,0,0,0,1,0,0.0,0.0,0.0,0.0,162667.0,0.0,1,ORTA_TICARETHANE
9558730,38.45854036,27.09658237,35-04-K00849,35,KARSIYAKA,BOSTANLI,5.3332999999999995,35817.920000000006,0,5,0,0,5,0,0.0,6865.611,0.0,0.0,28952.309,0.0,10,ORTA_TICARETHANE
9559432,38.45627485,27.11654987,35-04-K01746,35,KARSIYAKA,DONANMACI,5.618333333333333,25973.354,0,4,0,0,2,0,0.0,6907.224,0.0,0.0,19066.13,0.0,6,ORTA_TICARETHANE
9561001,38.45849675,27.12160698,35-04-K00017,35,KARSIYAKA,ALAYBEY,5.0,8730.619,0,5,0,0,3,0,0.0,7092.026,0.0,0.0,1638.593,0.0,8,KUCUK_TICARETHANE
9561111,38.47930426,27.10956896,35-04-K00358,35,KARSIYAKA,ORNEKKOY,5.0,18384.808,0,4,0,0,2,0,0.0,13260.172,0.0,0.0,5124.636,0.0,6,KUCUK_TICARETHANE
9561381,38.45663806,27.11736874,35-04-K02433,35,KARSIYAKA,TUNA,5.0,21545.71,0,0,0,0,1,0,0.0,0.0,0.0,0.0,21545.71,0.0,1,ORTA_TICARETHANE
9561671,38.4602866,27.11781437,35-04-K00055,35,KARSIYAKA,BAHARIYE,5.0,13047.474,0,4,0,0,2,0,0.0,9691.595,0.0,0.0,3355.879,0.0,6,KUCUK_TICARETHANE
9562581,38.49367758,27.1166628,35-04-K04477,35,KARSIYAKA,LATIFE HANIM,8.86,408.883,0,0,0,0,1,0,0.0,0.0,0.0,0.0,408.883,0.0,1,KUCUK_TICARETHANE
9563091,38.45631144,27.11774247,35-04-K01316,35,KARSIYAKA,DONANMACI,5.67,18826.488,0,3,0,0,2,0,0.0,6072.789,0.0,0.0,12753.699,0.0,5,ORTA_TICARETHANE
9563101,38.45672479,27.0983867,35-04-K00587,35,KARSIYAKA,BOSTANLI,7.824285714285714,179567.388,0,4,0,0,3,0,0.0,8145.633,0.0,0.0,171421.755,0.0,7,ORTA_TICARETHANE
9563441,38.48506314,27.0980226,35-04-K03488,35,KARSIYAKA,INONU,5.0,4830.3189999999995,0,1,0,0,2,0,0.0,3784.614,0.0,0.0,1045.705,0.0,3,KUCUK_TICARETHANE
9564011,38.46697843,27.0980488,35-04-M01182,35,KARSIYAKA,DEMIRKOPRU,5.0,10641.95,0,1,0,0,2,0,0.0,8866.937,0.0,0.0,1775.0130000000001,0.0,3,KUCUK_TICARETHANE
9564151,38.48100203,27.0891025,35-04-K00308,35,KARSIYAKA,SEMIKLER,5.62,842.417,0,0,0,0,1,0,0.0,0.0,0.0,0.0,842.417,0.0,1,KUCUK_TICARETHANE
9564571,38.48717316,27.10015445,35-04-K01144,35,KARSIYAKA,INONU,5.246666666666667,5225.6669999999995,0,2,0,0,1,0,0.0,5166.52,0.0,0.0,59.147,0.0,3,KUCUK_TICARETHANE
9564671,38.4846424,27.08775591,35-04-K04918,35,KARSIYAKA,CUMHURIYET,5.0,1021.025,0,0,0,0,1,0,0.0,0.0,0.0,0.0,1021.025,0.0,1,KUCUK_TICARETHANE
9565611,38.45748259,27.11352708,35-04-K00833,35,KARSIYAKA,DONANMACI,5.0,177.119,0,0,0,0,1,0,0.0,0.0,0.0,0.0,177.119,0.0,1,KUCUK_TICARETHANE
9566501,38.48382778,27.09909609,35-04-M02466,35,KARSIYAKA,INONU,6.675,5158.548000000001,0,1,0,0,1,0,0.0,2786.447,0.0,0.0,2372.101,0.0,2,KUCUK_TICARETHANE
9566601,38.47587228,27.10315891,35-04-M01180,35,KARSIYAKA,CUMHURIYET,5.0,9798.077,0,1,0,0,1,0,0.0,2725.311,0.0,0.0,7072.766,0.0,2,KUCUK_TICARETHANE
9566661,38.48137433,27.10468735,35-04-K01227,35,KARSIYAKA,ORNEKKOY,5.0,9226.092999999999,0,2,0,0,1,0,0.0,8326.336,0.0,0.0,899.757,0.0,3,KUCUK_TICARETHANE
9569531,38.47773725,27.10260202,35-04-M02404,35,KARSIYAKA,CUMHURIYET,5.8375,20428.646,0,2,0,0,2,0,0.0,6777.882,0.0,0.0,13650.764,0.0,4,ORTA_TICARETHANE
9571100,38.45714213,27.11691971,35-04-K00289,35,KARSIYAKA,DONANMACI,296.24,234726.8,0,0,0,0,1,0,0.0,0.0,0.0,0.0,234726.8,0.0,1,ORTA_TICARETHANE
9571860,38.47481052,27.10059075,35-04-M02425,35,KARSIYAKA,FIKRI ALTAY,5.723333333333334,15841.210000000001,0,3,0,0,3,0,0.0,11937.76,0.0,0.0,3903.4500000000003,0.0,6,KUCUK_TICARETHANE
9572230,38.48248484,27.09534829,35-04-M01360,35,KARSIYAKA,CUMHURIYET,9.4,8347.897,0,2,0,0,1,0,0.0,5698.722,0.0,0.0,2649.175,0.0,3,KUCUK_TICARETHANE
9572560,38.45510133,27.11765539,35-04-K03224,35,KARSIYAKA,DONANMACI,5.0,9295.052,0,4,0,0,2,0,0.0,4484.784,0.0,0.0,4810.268,0.0,6,KUCUK_TICARETHANE
9572640,38.45651876,27.11394659,35-04-K03204,35,KARSIYAKA,DONANMACI,5.745555555555556,18119.818,0,6,0,0,3,0,0.0,13833.755,0.0,0.0,4286.063,0.0,9,KUCUK_TICARETHANE
9572980,38.45608127,27.11863237,35-04-K01760,35,KARSIYAKA,TUNA,8.7,22602.29,0,0,0,0,1,0,0.0,0.0,0.0,0.0,22602.29,0.0,1,ORTA_TICARETHANE
9573510,38.4825251,27.10397785,35-04-K01227,35,KARSIYAKA,ORNEKKOY,5.0,1486.249,0,1,0,0,1,0,0.0,1447.451,0.0,0.0,38.798,0.0,2,KUCUK_TICARETHANE
9574280,38.49975696,27.1212678,35-04-K04756,35,KARSIYAKA,LATIFE HANIM,8.2,704.405,0,0,0,0,1,0,0.0,0.0,0.0,0.0,704.405,0.0,1,KUCUK_TICARETHANE
9574460,38.46519681,27.09353589,35-04-M01036,35,KARSIYAKA,YALI,27.9,24573.9,0,0,0,0,1,0,0.0,0.0,0.0,0.0,24573.9,0.0,1,ORTA_TICARETHANE
9574490,38.46926981,27.08743054,35-04-M01268,35,KARSIYAKA,YALI,12.982571428571429,82394.01699999999,0,3,0,0,4,0,0.0,4407.623,0.0,0.0,77986.39399999999,0.0,7,ORTA_TICARETHANE
9574560,38.45676599,27.11760901,35-04-K02433,35,KARSIYAKA,TUNA,49.64,97742.24,0,0,0,0,1,0,0.0,0.0,0.0,0.0,97742.24,0.0,1,ORTA_TICARETHANE
9577007,38.45790468,27.11900815,35-04-K00928,35,KARSIYAKA,TUNA,6.3420000000000005,38275.753,0,4,0,0,6,0,0.0,8857.967,0.0,0.0,29417.786,0.0,10,ORTA_TICARETHANE
9577097,38.45511961,27.11886415,35-04-K01555,35,KARSIYAKA,DONANMACI,5.0,21060.543,0,1,0,0,4,0,0.0,2687.045,0.0,0.0,18373.498,0.0,5,ORTA_TICARETHANE
9577106,38.45502579,27.10204422,35-04-K01249,35,KARSIYAKA,BOSTANLI,6.194285714285714,28742.078,0,9,0,0,5,0,0.0,23574.736,0.0,0.0,5167.342000000001,0.0,14,KUCUK_TICARETHANE
9577124,38.46089055,27.12324624,35-04-K03102,35,KARSIYAKA,TERSANE,5.0,38710.803,0,9,0,0,5,0,0.0,15581.911000000002,0.0,0.0,23128.892,0.0,14,ORTA_TICARETHANE
9577575,38.48569024,27.09965453,35-04-M02466,35,KARSIYAKA,INONU,5.0,5373.488,0,2,0,0,1,0,0.0,4563.777,0.0,0.0,809.711,0.0,3,KUCUK_TICARETHANE
9578493,38.49989994,27.12153888,35-04-K04756,35,KARSIYAKA,LATIFE HANIM,8.28,9542.396,0,0,0,0,1,0,0.0,0.0,0.0,0.0,9542.396,0.0,1,KUCUK_TICARETHANE
9579150,38.46776056,27.08375307,35-04-K01542,35,KARSIYAKA,ATAKENT,8.35,4822.48,0,0,0,0,1,0,0.0,0.0,0.0,0.0,4822.48,0.0,1,KUCUK_TICARETHANE
9579492,38.48096177,27.10045203,35-04-K02323,35,KARSIYAKA,CUMHURIYET,5.0,4162.716,0,2,0,0,1,0,0.0,3024.52,0.0,0.0,1138.196,0.0,3,KUCUK_TICARETHANE
9581895,38.47144611,27.09516239,35-04-K00197,35,KARSIYAKA,SEMIKLER,5.0,5307.488,0,2,0,0,1,0,0.0,2696.458,0.0,0.0,2611.03,0.0,3,KUCUK_TICARETHANE
9583884,38.47223387,27.08943807,35-04-M01743,35,KARSIYAKA,YALI,15.01,22330.51,0,0,0,0,1,0,0.0,0.0,0.0,0.0,22330.51,0.0,1,ORTA_TICARETHANE
9584568,38.4820568,27.10059703,35-04-M01026,35,KARSIYAKA,CUMHURIYET,5.0,11697.021,0,2,0,0,1,0,0.0,11045.41,0.0,0.0,651.611,0.0,3,KUCUK_TICARETHANE
9586493,38.49833089,27.12458615,35-04-K04756,35,KARSIYAKA,LATIFE HANIM,5.86,166.591,0,0,0,0,1,0,0.0,0.0,0.0,0.0,166.591,0.0,1,KUCUK_TICARETHANE
9587375,38.49267114,27.11566128,35-04-K03082,35,KARSIYAKA,LATIFE HANIM,5.73,9128.101,0,1,0,0,1,0,0.0,5356.174,0.0,0.0,3771.927,0.0,2,KUCUK_TICARETHANE
9588338,38.48080926,27.09180319,35-04-K04013,35,KARSIYAKA,CUMHURIYET,12.31,3708.077,0,0,0,0,1,0,0.0,0.0,0.0,0.0,3708.077,0.0,1,KUCUK_TICARETHANE
9588410,38.48317386,27.08861417,35-04-K04013,35,KARSIYAKA,CUMHURIYET,5.0,9375.942,0,0,0,0,1,0,0.0,0.0,0.0,0.0,9375.942,0.0,1,KUCUK_TICARETHANE
9592290,38.49047028,27.11649109,35-04-K03082,35,KARSIYAKA,LATIFE HANIM,38.9,138.35,0,0,0,0,1,0,0.0,0.0,0.0,0.0,138.35,0.0,1,ORTA_TICARETHANE
9592920,38.4747949,27.10948964,35-04-M02716,35,KARSIYAKA,IMBATLI,5.0,566.602,0,0,0,0,1,0,0.0,0.0,0.0,0.0,566.602,0.0,1,KUCUK_TICARETHANE
9593612,38.45734327,27.09812437,35-04-K00111,35,KARSIYAKA,BOSTANLI,5.71572,144955.13999999998,0,16,0,0,9,0,0.0,37706.082,0.0,0.0,107249.05799999999,0.0,25,ORTA_TICARETHANE
9594098,38.48315818,27.09555713,35-04-K00243,35,KARSIYAKA,CUMHURIYET,5.0,99.711,0,0,0,0,1,0,0.0,0.0,0.0,0.0,99.711,0.0,1,KUCUK_TICARETHANE
9594143,38.47640644,27.10015427,35-04-M02425,35,KARSIYAKA,SEMIKLER,5.0,3075.344,0,2,0,0,1,0,0.0,2964.235,0.0,0.0,111.109,0.0,3,KUCUK_TICARETHANE
9594693,38.47649365,27.10046648,35-04-M02425,35,KARSIYAKA,SEMIKLER,5.0,5493.383,0,1,0,0,2,0,0.0,3811.541,0.0,0.0,1681.8419999999999,0.0,3,KUCUK_TICARETHANE
9594945,38.47575373,27.08991136,35-04-K04619,35,KARSIYAKA,SEMIKLER,5.0,6175.259,0,2,0,0,2,0,0.0,4014.643,0.0,0.0,2160.616,0.0,4,KUCUK_TICARETHANE
9595269,38.49927405,27.12132288,35-04-K04756,35,KARSIYAKA,LATIFE HANIM,7.892,2170.751,0,0,0,0,1,0,0.0,0.0,0.0,0.0,2170.751,0.0,1,KUCUK_TICARETHANE
9596520,38.46633193,27.10667206,35-04-K01433,35,KARSIYAKA,GONCALAR,5.0,19520.444,0,3,0,0,2,0,0.0,2191.932,0.0,0.0,17328.512,0.0,5,ORTA_TICARETHANE
9597366,38.49427698,27.10845697,35-04-K02472,35,KARSIYAKA,ZUBEYDE HANIM,7.616458333333333,307106.863,0,1,0,0,23,0,0.0,2133.371,0.0,0.0,304973.492,0.0,24,ORTA_TICARETHANE
9599966,38.48068349,27.09135945,35-04-K04013,35,KARSIYAKA,CUMHURIYET,8.79,5956.691,0,0,0,0,1,0,0.0,0.0,0.0,0.0,5956.691,0.0,1,KUCUK_TICARETHANE
9600632,38.46268141,27.10416744,35-04-K02732,35,KARSIYAKA,NERGIZ,10.004999999999999,5162.901,0,1,0,0,1,0,0.0,2363.59,0.0,0.0,2799.311,0.0,2,KUCUK_TICARETHANE
9601991,38.48222652,27.09028661,35-04-M01873,35,KARSIYAKA,CUMHURIYET,8.02,32.677,0,0,0,0,1,0,0.0,0.0,0.0,0.0,32.677,0.0,1,KUCUK_TICARETHANE
9602828,38.46036567,27.12381649,35-04-K03102,35,KARSIYAKA,ALAYBEY,5.609090909090909,31955.585,0,7,0,0,4,0,0.0,15482.253999999999,0.0,0.0,16473.331,0.0,11,ORTA_TICARETHANE
9602837,38.4604376,27.11108502,35-04-K01781,35,KARSIYAKA,BAHRIYE UCOK,5.25,31322.164999999997,0,9,0,0,5,0,0.0,18962.654,0.0,0.0,12359.511,0.0,14,ORTA_TICARETHANE
9605493,38.47690032,27.1010482,35-04-M02404,35,KARSIYAKA,CUMHURIYET,5.8375,10488.463,0,2,0,0,2,0,0.0,8396.894,0.0,0.0,2091.569,0.0,4,KUCUK_TICARETHANE
9605673,38.47394884,27.10504508,35-04-K03214,35,KARSIYAKA,DEDEBASI,5.0,9231.278999999999,0,1,0,0,1,0,0.0,5400.168,0.0,0.0,3831.111,0.0,2,KUCUK_TICARETHANE
9607723,38.49385528,27.10805472,35-04-K02472,35,KARSIYAKA,ZUBEYDE HANIM,6.088529411764705,137057.335,0,0,0,0,34,0,0.0,0.0,0.0,0.0,137057.335,0.0,34,ORTA_TICARETHANE
9608593,38.47323264,27.08660355,35-04-M01892,35,KARSIYAKA,YALI,5.0,7978.676,0,2,0,0,2,0,0.0,5857.487,0.0,0.0,2121.189,0.0,4,KUCUK_TICARETHANE
9608753,38.47917845,27.09753927,35-04-M01027,35,KARSIYAKA,CUMHURIYET,5.0,4156.933,0,1,0,0,1,0,0.0,3474.784,0.0,0.0,682.149,0.0,2,KUCUK_TICARETHANE
9608873,38.4693957,27.07668994,35-04-K02599,35,KARSIYAKA,MAVISEHIR,8.334,22729.9,0,0,0,0,1,0,0.0,0.0,0.0,0.0,22729.9,0.0,1,ORTA_TICARETHANE
9609383,38.48227576,27.09000388,35-04-K04013,35,KARSIYAKA,CUMHURIYET,5.0,10222.76,0,0,0,0,1,0,0.0,0.0,0.0,0.0,10222.76,0.0,1,ORTA_TICARETHANE
9609653,38.47921014,27.09745198,35-04-M01027,35,KARSIYAKA,CUMHURIYET,6.386666666666667,8547.724,0,2,0,0,1,0,0.0,8504.889,0.0,0.0,42.835,0.0,3,KUCUK_TICARETHANE
9610083,38.4798249,27.09289419,35-04-K01608,35,KARSIYAKA,CUMHURIYET,43.28,7019.319,0,0,0,0,1,0,0.0,0.0,0.0,0.0,7019.319,0.0,1,ORTA_TICARETHANE
9610413,38.48225796,27.09661572,35-04-K00243,35,KARSIYAKA,CUMHURIYET,5.0,18103.192,0,1,0,0,4,0,0.0,2717.068,0.0,0.0,15386.124,0.0,5,ORTA_TICARETHANE
9611153,38.48138235,27.09091124,35-04-M01873,35,KARSIYAKA,CUMHURIYET,21.72,1168.655,0,0,0,0,1,0,0.0,0.0,0.0,0.0,1168.655,0.0,1,ORTA_TICARETHANE
9611533,38.47285221,27.10162553,35-04-K02676,35,KARSIYAKA,FIKRI ALTAY,5.0,3550.689,0,1,0,0,1,0,0.0,3549.687,0.0,0.0,1.002,0.0,2,KUCUK_TICARETHANE
9611964,38.46159644,27.09687876,35-04-K01695,35,KARSIYAKA,BOSTANLI,12.0,23317.44,0,0,0,0,1,0,0.0,0.0,0.0,0.0,23317.44,0.0,1,ORTA_TICARETHANE
9612194,38.45594986,27.11276663,35-04-K03204,35,KARSIYAKA,DONANMACI,121.3,110766.575,0,0,0,0,2,0,0.0,0.0,0.0,0.0,110766.575,0.0,2,ORTA_TICARETHANE
9613704,38.49831163,27.12504997,35-04-K04757,35,KARSIYAKA,LATIFE HANIM,18.06,5351.06,0,0,0,0,1,0,0.0,0.0,0.0,0.0,5351.06,0.0,1,ORTA_TICARETHANE
9614584,38.47893698,27.09411051,35-04-K01608,35,KARSIYAKA,CUMHURIYET,5.0,6103.676,0,1,0,0,1,0,0.0,4780.35,0.0,0.0,1323.326,0.0,2,KUCUK_TICARETHANE
9615234,38.52050747,27.15286439,35-04-K01183,35,KARSIYAKA,SANCAKLI,5.0,14.881,0,0,0,0,1,0,0.0,0.0,0.0,0.0,14.881,0.0,1,KUCUK_TICARETHANE
9615814,38.48429797,27.08637098,35-04-K01141,35,KARSIYAKA,CUMHURIYET,10.004999999999999,5045.039,0,1,0,0,1,0,0.0,1520.497,0.0,0.0,3524.542,0.0,2,KUCUK_TICARETHANE
9616924,38.4796674,27.09328024,35-04-K01608,35,KARSIYAKA,CUMHURIYET,5.0,10155.653999999999,0,1,0,0,1,0,0.0,3003.468,0.0,0.0,7152.186,0.0,2,KUCUK_TICARETHANE
9617274,38.48334679,27.1119042,35-04-M03260,35,KARSIYAKA,ORNEKKOY,5.478,29010.4,0,6,0,0,4,0,0.0,13329.031,0.0,0.0,15681.369,0.0,10,ORTA_TICARETHANE
9617324,38.47557499,27.11340579,35-04-M01305,35,KARSIYAKA,ORNEKKOY,8.133333333333333,9603.709,0,2,0,0,1,0,0.0,7026.509,0.0,0.0,2577.2,0.0,3,KUCUK_TICARETHANE
9617494,38.47013863,27.09307873,35-04-K03871,35,KARSIYAKA,YALI,5.41875,47551.345,0,9,0,0,7,0,0.0,21097.434,0.0,0.0,26453.911,0.0,16,ORTA_TICARETHANE
9618384,38.4951081,27.11419075,35-04-K01115,35,KARSIYAKA,ZUBEYDE HANIM,8.35,39742.17,0,0,0,0,1,0,0.0,0.0,0.0,0.0,39742.17,0.0,1,ORTA_TICARETHANE
9618624,38.45416937,27.11453824,35-04-K00018,35,KARSIYAKA,DONANMACI,5.515384615384615,29108.074,0,9,0,0,4,0,0.0,18522.497,0.0,0.0,10585.577000000001,0.0,13,ORTA_TICARETHANE
9620643,38.47883416,27.11006152,35-04-M02922,35,KARSIYAKA,ORNEKKOY,5.576666666666667,62770.115999999995,0,2,0,0,4,0,0.0,5866.326,0.0,0.0,56903.78999999999,0.0,6,ORTA_TICARETHANE
9621373,38.4809563,27.09598112,35-04-M01027,35,KARSIYAKA,CUMHURIYET,5.0,8706.105,0,0,0,0,1,0,0.0,0.0,0.0,0.0,8706.105,0.0,1,KUCUK_TICARETHANE
9621403,38.48359693,27.09637784,35-04-K00243,35,KARSIYAKA,CUMHURIYET,5.0,1146.254,0,1,0,0,1,0,0.0,772.446,0.0,0.0,373.808,0.0,2,KUCUK_TICARETHANE
9623265,38.47483042,27.07270159,35-04-M01330,35,KARSIYAKA,MAVISEHIR,8.68,117494.852,0,0,0,0,2,0,0.0,0.0,0.0,0.0,117494.852,0.0,2,ORTA_TICARETHANE
9624745,38.47891589,27.0931172,35-04-K00215,35,KARSIYAKA,SEMIKLER,5.0,4601.739,0,2,0,0,1,0,0.0,4564.201,0.0,0.0,37.538,0.0,3,KUCUK_TICARETHANE
9624885,38.45946977,27.09198002,35-04-K00476,35,KARSIYAKA,BOSTANLI,7.325,13903.141,0,2,0,0,2,0,0.0,7827.632,0.0,0.0,6075.509,0.0,4,KUCUK_TICARETHANE
9624985,38.47554533,27.10196469,35-04-M02425,35,KARSIYAKA,FIKRI ALTAY,9.7576,98526.163,0,15,0,0,10,0,0.0,46082.015999999996,0.0,0.0,52444.147,0.0,25,ORTA_TICARETHANE
9625725,38.47264832,27.1091038,,35,KARSIYAKA,IMBATLI,5.41,102599.1,0,0,1,0,0,0,0.0,0.0,102599.1,0.0,0.0,0.0,1,ORTA_SANAYI
9627345,38.48644998,27.09499499,35-04-K03773,35,KARSIYAKA,CUMHURIYET,100.0,137917.8,0,0,0,0,1,0,0.0,0.0,0.0,0.0,137917.8,0.0,1,ORTA_TICARETHANE
9627685,38.47626386,27.10433516,35-04-M02647,35,KARSIYAKA,IMBATLI,5.0,40.603,0,0,0,0,1,0,0.0,0.0,0.0,0.0,40.603,0.0,1,KUCUK_TICARETHANE
9628775,38.47499539,27.10235869,35-04-M01374,35,KARSIYAKA,FIKRI ALTAY,5.0,1122.088,0,0,0,0,2,0,0.0,0.0,0.0,0.0,1122.088,0.0,2,KUCUK_TICARETHANE
9629185,38.49501653,27.11323702,35-04-K01115,35,KARSIYAKA,ZUBEYDE HANIM,9.753333333333332,24630.017,0,1,0,0,2,0,0.0,1425.58,0.0,0.0,23204.437,0.0,3,ORTA_TICARETHANE
9630005,38.49444374,27.11059086,35-04-K03799,35,KARSIYAKA,ZUBEYDE HANIM,6.640000000000001,15396.596,0,2,0,0,1,0,0.0,4783.046,0.0,0.0,10613.55,0.0,3,ORTA_TICARETHANE
9630726,38.47307435,27.10960276,,35,KARSIYAKA,IMBATLI,5.0,1171.34,0,0,0,0,1,0,0.0,0.0,0.0,0.0,1171.34,0.0,1,KUCUK_TICARETHANE
9630796,38.48137,27.11431199,35-04-M01566,35,KARSIYAKA,ORNEKKOY,6.613333333333333,6714.726,0,2,0,0,1,0,0.0,5725.370999999999,0.0,0.0,989.355,0.0,3,KUCUK_TICARETHANE
9631036,38.48240456,27.08926445,35-04-K04013,35,KARSIYAKA,CUMHURIYET,7.19,13503.61,0,0,0,0,1,0,0.0,0.0,0.0,0.0,13503.61,0.0,1,ORTA_TICARETHANE
9631116,38.48816357,27.09949662,35-04-K01144,35,KARSIYAKA,INONU,6.843999999999999,5669.1,0,3,0,0,2,0,0.0,5447.774,0.0,0.0,221.326,0.0,5,KUCUK_TICARETHANE
9631356,38.47454454,27.10418887,35-04-K00427,35,KARSIYAKA,IMBATLI,5.0,8071.697,0,1,0,0,2,0,0.0,1253.932,0.0,0.0,6817.764999999999,0.0,3,KUCUK_TICARETHANE
9632736,38.4801712,27.09078828,35-04-K00308,35,KARSIYAKA,SEMIKLER,5.0,10041.28,0,0,0,0,1,0,0.0,0.0,0.0,0.0,10041.28,0.0,1,ORTA_TICARETHANE
9633655,38.45655747,27.09746701,35-04-K00587,35,KARSIYAKA,BOSTANLI,6.7306,25194.914,0,3,0,0,2,0,0.0,11950.817000000001,0.0,0.0,13244.097,0.0,5,ORTA_TICARETHANE
9634005,38.47471788,27.10927931,35-04-M02716,35,KARSIYAKA,IMBATLI,5.0,6784.5650000000005,0,2,0,0,1,0,0.0,4907.26,0.0,0.0,1877.305,0.0,3,KUCUK_TICARETHANE
9634295,38.49513254,27.1136806,35-04-K01115,35,KARSIYAKA,ZUBEYDE HANIM,7.806666666666666,44498.768,0,4,0,0,2,0,0.0,9159.560000000001,0.0,0.0,35339.208,0.0,6,ORTA_TICARETHANE
9634645,38.47920851,27.0932016,35-04-K00215,35,KARSIYAKA,SEMIKLER,5.166666666666667,10991.018,0,2,0,0,1,0,0.0,9863.506000000001,0.0,0.0,1127.512,0.0,3,KUCUK_TICARETHANE
9634675,38.48083341,27.10797965,35-04-K00358,35,KARSIYAKA,ORNEKKOY,5.0,3085.936,0,0,0,0,1,0,0.0,0.0,0.0,0.0,3085.936,0.0,1,KUCUK_TICARETHANE
9634925,38.47363435,27.10084434,35-04-M01184,35,KARSIYAKA,FIKRI ALTAY,5.0,5509.891,0,2,0,0,1,0,0.0,3256.748,0.0,0.0,2253.143,0.0,3,KUCUK_TICARETHANE
9634945,38.46898323,27.09195388,35-04-K03037,35,KARSIYAKA,YALI,6.384166666666666,28460.415,0,8,0,0,4,0,0.0,23593.9,0.0,0.0,4866.514999999999,0.0,12,KUCUK_TICARETHANE
9636155,38.499318,27.121626,35-04-K04756,35,KARSIYAKA,LATIFE HANIM,9.76,3000.114,0,0,0,0,1,0,0.0,0.0,0.0,0.0,3000.114,0.0,1,KUCUK_TICARETHANE
9636615,38.47787212,27.10516176,35-04-M02555,35,KARSIYAKA,ORNEKKOY,11.256666666666668,2212.821,0,2,0,0,1,0,0.0,2204.466,0.0,0.0,8.355,0.0,3,KUCUK_TICARETHANE
9636685,38.47882599,27.09376232,35-04-K04131,35,KARSIYAKA,SEMIKLER,5.0,4354.258,0,0,0,0,1,0,0.0,0.0,0.0,0.0,4354.258,0.0,1,KUCUK_TICARETHANE
9637205,38.46340228,27.10593774,35-04-K04246,35,KARSIYAKA,NERGIZ,5.0,5972.937,0,2,0,0,2,0,0.0,4671.632,0.0,0.0,1301.305,0.0,4,KUCUK_TICARETHANE
9637375,38.46552651,27.10562874,35-04-K00115,35,KARSIYAKA,DEDEBASI,9.559285714285712,39498.960999999996,0,9,0,0,5,0,0.0,23788.463,0.0,0.0,15710.498,0.0,14,ORTA_TICARETHANE
9637605,38.47159899,27.11031429,35-04-M02560,35,KARSIYAKA,IMBATLI,8.6,2890.848,0,0,0,0,1,0,0.0,0.0,0.0,0.0,2890.848,0.0,1,KUCUK_TICARETHANE
9638145,38.47835996,27.09599065,35-04-K01608,35,KARSIYAKA,CUMHURIYET,5.0,44439.63,0,0,0,0,1,0,0.0,0.0,0.0,0.0,44439.63,0.0,1,ORTA_TICARETHANE
9638205,38.47411654,27.10165418,35-04-M01184,35,KARSIYAKA,FIKRI ALTAY,5.0,12980.211000000001,0,1,0,0,1,0,0.0,338.341,0.0,0.0,12641.87,0.0,2,ORTA_TICARETHANE
9638655,38.50011293,27.12120912,35-04-K04756,35,KARSIYAKA,LATIFE HANIM,8.8,7833.633,0,0,0,0,1,0,0.0,0.0,0.0,0.0,7833.633,0.0,1,KUCUK_TICARETHANE
9638675,38.45672485,27.11563119,35-04-K01746,35,KARSIYAKA,DONANMACI,5.838333333333334,29509.362,0,5,0,0,7,0,0.0,11087.774,0.0,0.0,18421.588,0.0,12,ORTA_TICARETHANE
9638985,38.49384967,27.10974664,35-04-K02472,35,KARSIYAKA,ZUBEYDE HANIM,6.8999999999999995,3261.391,0,2,0,0,1,0,0.0,2187.683,0.0,0.0,1073.708,0.0,3,KUCUK_TICARETHANE
9639325,38.47584761,27.08973509,35-04-K04619,35,KARSIYAKA,SEMIKLER,5.0,7591.701999999999,0,2,0,0,1,0,0.0,7537.843999999999,0.0,0.0,53.858,0.0,3,KUCUK_TICARETHANE
9639395,38.47730187,27.09707987,35-04-K04131,35,KARSIYAKA,SEMIKLER,8.35,18565.53,0,0,0,0,1,0,0.0,0.0,0.0,0.0,18565.53,0.0,1,ORTA_TICARETHANE
9641304,38.48197241,27.08933546,35-04-K04013,35,KARSIYAKA,CUMHURIYET,5.0,20524.4,0,0,0,0,1,0,0.0,0.0,0.0,0.0,20524.4,0.0,1,ORTA_TICARETHANE
9641784,38.46127352,27.11950965,35-04-K03203,35,KARSIYAKA,BAHARIYE,5.335,17052.226,0,6,0,0,4,0,0.0,8303.496000000001,0.0,0.0,8748.73,0.0,10,KUCUK_TICARETHANE
9641844,38.47088797,27.08027336,35-04-K02426,35,KARSIYAKA,MAVISEHIR,74.275,136423.33000000002,0,1,0,0,1,0,0.0,1462.13,0.0,0.0,134961.2,0.0,2,ORTA_TICARETHANE
9642564,38.49963398,27.12159792,35-04-K04756,35,KARSIYAKA,LATIFE HANIM,9.76,2372.177,0,0,0,0,1,0,0.0,0.0,0.0,0.0,2372.177,0.0,1,KUCUK_TICARETHANE
9643234,38.47972874,27.11027012,35-04-K00358,35,KARSIYAKA,ORNEKKOY,5.0,2504.136,0,0,0,0,1,0,0.0,0.0,0.0,0.0,2504.136,0.0,1,KUCUK_TICARETHANE
9643274,38.49947,27.12132108,35-04-K04756,35,KARSIYAKA,LATIFE HANIM,17.6,8368.05,0,0,0,0,1,0,0.0,0.0,0.0,0.0,8368.05,0.0,1,ORTA_TICARETHANE
9644713,38.47255861,27.10484142,35-04-M01442,35,KARSIYAKA,DEDEBASI,5.0,10738.23,0,2,0,0,1,0,0.0,3919.1609999999996,0.0,0.0,6819.069,0.0,3,KUCUK_TICARETHANE
9645183,38.48074897,27.09147713,35-04-K04013,35,KARSIYAKA,CUMHURIYET,15.01,1571.76,0,0,0,0,1,0,0.0,0.0,0.0,0.0,1571.76,0.0,1,ORTA_TICARETHANE
9645493,38.4816084,27.09618145,35-04-K00243,35,KARSIYAKA,CUMHURIYET,5.0,4766.32,0,0,0,0,1,0,0.0,0.0,0.0,0.0,4766.32,0.0,1,KUCUK_TICARETHANE
9645533,38.47823046,27.09665053,35-04-K01608,35,KARSIYAKA,CUMHURIYET,34.47333333333333,46378.16499999999,0,0,0,0,3,0,0.0,0.0,0.0,0.0,46378.16499999999,0.0,3,ORTA_TICARETHANE
9645953,38.48191,27.1091071,35-04-M03679,35,KARSIYAKA,ORNEKKOY,5.0,1103.952,0,0,0,0,1,0,0.0,0.0,0.0,0.0,1103.952,0.0,1,KUCUK_TICARETHANE
9647203,38.48117476,27.08933636,35-04-K00308,35,KARSIYAKA,SEMIKLER,5.0,1957.7930000000001,0,1,0,0,1,0,0.0,862.735,0.0,0.0,1095.058,0.0,2,KUCUK_TICARETHANE
9647323,38.47842265,27.09853322,35-04-M01834,35,KARSIYAKA,CUMHURIYET,5.0,7882.359,0,1,0,0,1,0,0.0,5204.341,0.0,0.0,2678.018,0.0,2,KUCUK_TICARETHANE
9647333,38.48311116,27.11173782,35-04-M03260,35,KARSIYAKA,ORNEKKOY,6.539999999999999,6245.513,0,2,0,0,1,0,0.0,4912.899,0.0,0.0,1332.614,0.0,3,KUCUK_TICARETHANE
9651484,38.47591205,27.09584208,35-04-K02940,35,KARSIYAKA,SEMIKLER,6.220000000000001,12306.565999999999,0,1,0,0,1,0,0.0,6473.165,0.0,0.0,5833.401,0.0,2,KUCUK_TICARETHANE
9653134,38.48551411,27.10360056,35-04-K04012,35,KARSIYAKA,ORNEKKOY,7.14,8105.515,0,1,0,0,1,0,0.0,6594.478,0.0,0.0,1511.037,0.0,2,KUCUK_TICARETHANE
9656292,38.49511637,27.11417925,35-04-K01115,35,KARSIYAKA,ZUBEYDE HANIM,7.137499999999999,51536.704,0,2,0,0,2,0,0.0,7874.574,0.0,0.0,43662.130000000005,0.0,4,ORTA_TICARETHANE
9656551,38.48371588,27.09682394,35-04-K00243,35,KARSIYAKA,CUMHURIYET,5.0,11487.189,0,1,0,0,1,0,0.0,4113.41,0.0,0.0,7373.779,0.0,2,KUCUK_TICARETHANE
9656561,38.49934899,27.12190716,35-04-K04756,35,KARSIYAKA,LATIFE HANIM,8.2,2171.395,0,0,0,0,1,0,0.0,0.0,0.0,0.0,2171.395,0.0,1,KUCUK_TICARETHANE
9657161,38.48445276,27.08595083,35-04-K01141,35,KARSIYAKA,CUMHURIYET,5.0,2209.398,0,1,0,0,1,0,0.0,748.546,0.0,0.0,1460.852,0.0,2,KUCUK_TICARETHANE
9657791,38.4719557,27.0912156,35-04-K04099,35,KARSIYAKA,YALI,11.889375,40188.36,0,11,0,0,5,0,0.0,28393.488,0.0,0.0,11794.872,0.0,16,ORTA_TICARETHANE
9658871,38.47259717,27.10758645,35-04-M02100,35,KARSIYAKA,IMBATLI,5.0,5699.157,0,0,0,0,1,0,0.0,0.0,0.0,0.0,5699.157,0.0,1,KUCUK_TICARETHANE
9660161,38.49846898,27.124701,35-04-K04757,35,KARSIYAKA,LATIFE HANIM,7.66,334.768,0,0,0,0,1,0,0.0,0.0,0.0,0.0,334.768,0.0,1,KUCUK_TICARETHANE
9660571,38.48271852,27.09474982,35-04-M01360,35,KARSIYAKA,CUMHURIYET,77.085,124322.81,0,0,0,0,2,0,0.0,0.0,0.0,0.0,124322.81,0.0,2,ORTA_TICARETHANE
9661131,38.47490557,27.09892725,35-04-M02425,35,KARSIYAKA,SEMIKLER,8.336666666666666,4055.4790000000003,0,2,0,0,1,0,0.0,3272.398,0.0,0.0,783.081,0.0,3,KUCUK_TICARETHANE
9662561,38.49831503,27.12492797,35-04-K04757,35,KARSIYAKA,LATIFE HANIM,49.516,6729.336,0,0,0,0,1,0,0.0,0.0,0.0,0.0,6729.336,0.0,1,ORTA_TICARETHANE
9663391,38.48143107,27.09604177,35-04-M01027,35,KARSIYAKA,CUMHURIYET,5.0,6540.465,0,0,0,0,1,0,0.0,0.0,0.0,0.0,6540.465,0.0,1,KUCUK_TICARETHANE
9663721,38.48307091,27.11173561,35-04-M03260,35,KARSIYAKA,ORNEKKOY,8.336666666666666,10149.022,0,2,0,0,1,0,0.0,8761.598,0.0,0.0,1387.424,0.0,3,KUCUK_TICARETHANE
9665561,38.47828901,27.09556518,35-04-K01608,35,KARSIYAKA,CUMHURIYET,124.72749999999999,145396.19,0,0,1,0,1,0,0.0,0.0,113508.9,0.0,31887.29,0.0,2,ORTA_SANAYI
9667331,38.47706344,27.09096379,35-04-K04629,35,KARSIYAKA,SEMIKLER,5.505928571428571,27443.618,0,9,0,0,5,0,0.0,22525.048,0.0,0.0,4918.57,0.0,14,KUCUK_TICARETHANE
9669211,38.47827188,27.10891194,35-04-M02922,35,KARSIYAKA,ORNEKKOY,15.01,17061.95,0,0,0,0,1,0,0.0,0.0,0.0,0.0,17061.95,0.0,1,ORTA_TICARETHANE
9669231,38.48225617,27.10013095,35-04-M01026,35,KARSIYAKA,CUMHURIYET,5.0,7334.26599,0,2,0,0,1,0,0.0,7247.325999999999,0.0,0.0,86.93999,0.0,3,KUCUK_TICARETHANE
9672401,38.49845295,27.12493757,35-04-K04757,35,KARSIYAKA,LATIFE HANIM,7.66,9630.622,0,0,0,0,1,0,0.0,0.0,0.0,0.0,9630.622,0.0,1,KUCUK_TICARETHANE
9672411,38.49846102,27.12481796,35-04-K04757,35,KARSIYAKA,LATIFE HANIM,8.58,1118.198,0,0,0,0,1,0,0.0,0.0,0.0,0.0,1118.198,0.0,1,KUCUK_TICARETHANE
9672691,38.49924799,27.12096,35-04-K04756,35,KARSIYAKA,LATIFE HANIM,8.964,13483.45,0,0,0,0,1,0,0.0,0.0,0.0,0.0,13483.45,0.0,1,ORTA_TICARETHANE
9673572,38.46314152,27.11096135,35-04-K01051,35,KARSIYAKA,BAHRIYE UCOK,5.4375,10130.79,0,5,0,0,3,0,0.0,7582.2080000000005,0.0,0.0,2548.5820000000003,0.0,8,KUCUK_TICARETHANE
9675322,38.48984007,27.11681016,35-04-K03082,35,KARSIYAKA,LATIFE HANIM,9.084999999999999,15699.32,0,4,0,0,2,0,0.0,8693.505000000001,0.0,0.0,7005.8150000000005,0.0,6,KUCUK_TICARETHANE
9677432,38.47993591,27.11040632,35-04-K00358,35,KARSIYAKA,ORNEKKOY,6.68,6515.147,0,0,0,0,2,0,0.0,0.0,0.0,0.0,6515.147,0.0,2,KUCUK_TICARETHANE
9677582,38.48331443,27.11120081,35-04-M03260,35,KARSIYAKA,ORNEKKOY,6.675,2744.322,0,1,0,0,1,0,0.0,2001.264,0.0,0.0,743.058,0.0,2,KUCUK_TICARETHANE
9678012,38.48300114,27.10083583,35-04-M02466,35,KARSIYAKA,CUMHURIYET,7.2,806.315,0,1,0,0,1,0,0.0,800.065,0.0,0.0,6.25,0.0,2,KUCUK_TICARETHANE
9680452,38.47205372,27.10801107,35-04-K04665,35,KARSIYAKA,DEDEBASI,5.0,7768.842000000001,0,0,0,0,3,0,0.0,0.0,0.0,0.0,7768.842000000001,0.0,3,KUCUK_TICARETHANE
9682152,38.45754415,27.09749765,35-04-K00587,35,KARSIYAKA,BOSTANLI,12.0775,101888.846,0,7,0,0,5,0,0.0,15249.761,0.0,0.0,86639.085,0.0,12,ORTA_TICARETHANE
9683432,38.48085795,27.09187389,35-04-K04013,35,KARSIYAKA,CUMHURIYET,8.35,3383.64,0,0,0,0,1,0,0.0,0.0,0.0,0.0,3383.64,0.0,1,KUCUK_TICARETHANE
9684092,38.47192388,27.09573511,35-04-K04133,35,KARSIYAKA,SEMIKLER,5.0,11114.671,0,1,0,0,2,0,0.0,6219.886,0.0,0.0,4894.785,0.0,3,KUCUK_TICARETHANE
9684632,38.49221804,27.11551522,35-04-K03082,35,KARSIYAKA,LATIFE HANIM,5.0,2566.676,0,0,0,0,1,0,0.0,0.0,0.0,0.0,2566.676,0.0,1,KUCUK_TICARETHANE
9686341,38.48334305,27.09668483,35-04-K00243,35,KARSIYAKA,CUMHURIYET,5.0,10400.284,0,0,0,0,2,0,0.0,0.0,0.0,0.0,10400.284,0.0,2,ORTA_TICARETHANE
9687552,38.49980908,27.12090096,35-04-K04756,35,KARSIYAKA,LATIFE HANIM,8.2,35.375,0,0,0,0,1,0,0.0,0.0,0.0,0.0,35.375,0.0,1,KUCUK_TICARETHANE
9687562,38.499754,27.12092292,35-04-K04756,35,KARSIYAKA,LATIFE HANIM,8.2,703.383,0,0,0,0,1,0,0.0,0.0,0.0,0.0,703.383,0.0,1,KUCUK_TICARETHANE
9687572,38.49918206,27.12096684,35-04-K04756,35,KARSIYAKA,LATIFE HANIM,8.964,3109.369,0,0,0,0,1,0,0.0,0.0,0.0,0.0,3109.369,0.0,1,KUCUK_TICARETHANE
9688372,38.47720325,27.11412644,35-04-M01305,35,KARSIYAKA,ORNEKKOY,5.0,9599.792,0,4,0,0,2,0,0.0,8281.134,0.0,0.0,1318.6580000000001,0.0,6,KUCUK_TICARETHANE
9690514,38.4751093,27.11318625,35-04-M01305,35,KARSIYAKA,ORNEKKOY,5.0,3184.523,0,0,0,0,1,0,0.0,0.0,0.0,0.0,3184.523,0.0,1,KUCUK_TICARETHANE
9691073,38.47828294,27.09869389,35-04-M01834,35,KARSIYAKA,CUMHURIYET,7.79,2660.483,0,1,0,0,1,0,0.0,2000.37,0.0,0.0,660.113,0.0,2,KUCUK_TICARETHANE
9698721,38.48400663,27.09057592,35-04-K04013,35,KARSIYAKA,CUMHURIYET,7.52,4561.248,0,1,0,0,1,0,0.0,2596.12,0.0,0.0,1965.128,0.0,2,KUCUK_TICARETHANE
9701910,38.48833167,27.09850452,35-04-K03488,35,KARSIYAKA,INONU,5.0,6176.996,0,1,0,0,1,0,0.0,5167.572,0.0,0.0,1009.424,0.0,2,KUCUK_TICARETHANE
9702220,38.47942423,27.09708096,35-04-M01027,35,KARSIYAKA,CUMHURIYET,5.0,22435.319,0,2,0,0,4,0,0.0,6765.448,0.0,0.0,15669.871,0.0,6,ORTA_TICARETHANE
9711620,38.47250945,27.08470619,35-04-K03390,35,KARSIYAKA,YALI,11.55111111111111,32677.326,0,4,0,0,5,0,0.0,8288.605,0.0,0.0,24388.721,0.0,9,ORTA_TICARETHANE
9712709,38.48338116,27.09662647,35-04-K00243,35,KARSIYAKA,CUMHURIYET,5.0,5611.845,0,0,0,0,1,0,0.0,0.0,0.0,0.0,5611.845,0.0,1,KUCUK_TICARETHANE
9714269,38.48684505,27.09732408,35-04-K03488,35,KARSIYAKA,INONU,6.126666666666668,4182.99,0,2,0,0,1,0,0.0,4053.1130000000003,0.0,0.0,129.877,0.0,3,KUCUK_TICARETHANE
9714809,38.49917601,27.12193308,35-04-K04756,35,KARSIYAKA,LATIFE HANIM,8.2,1283.598,0,0,0,0,1,0,0.0,0.0,0.0,0.0,1283.598,0.0,1,KUCUK_TICARETHANE
9715219,38.48052346,27.09168021,35-04-K04013,35,KARSIYAKA,CUMHURIYET,5.0,5520.901,0,0,0,0,1,0,0.0,0.0,0.0,0.0,5520.901,0.0,1,KUCUK_TICARETHANE
9716549,38.47923176,27.09052726,35-04-K00215,35,KARSIYAKA,SEMIKLER,35.84,6441.772,0,0,0,0,1,0,0.0,0.0,0.0,0.0,6441.772,0.0,1,ORTA_TICARETHANE
9716979,38.48185204,27.09126324,35-04-M01873,35,KARSIYAKA,CUMHURIYET,6.375,9518.938,0,2,0,0,2,0,0.0,8197.261,0.0,0.0,1321.6770000000001,0.0,4,KUCUK_TICARETHANE
9717249,38.47511971,27.10949687,35-04-M01755,35,KARSIYAKA,IMBATLI,8.336666666666666,6407.299,0,1,0,0,2,0,0.0,2603.311,0.0,0.0,3803.9880000000003,0.0,3,KUCUK_TICARETHANE
9719159,38.46389658,27.10809371,35-04-M01040,35,KARSIYAKA,GONCALAR,13.8175,88694.65,0,8,0,0,4,0,0.0,29927.649,0.0,0.0,58767.001,0.0,12,ORTA_TICARETHANE
9720099,38.49960397,27.12129588,35-04-K04756,35,KARSIYAKA,LATIFE HANIM,8.2,2963.545,0,0,0,0,1,0,0.0,0.0,0.0,0.0,2963.545,0.0,1,KUCUK_TICARETHANE
9720149,38.4791299,27.09153835,35-04-K00215,35,KARSIYAKA,SEMIKLER,5.0,782.569,0,1,0,0,1,0,0.0,782.569,0.0,0.0,0.0,0.0,2,KUCUK_TICARETHANE
9721589,38.47484573,27.10051291,35-04-M02425,35,KARSIYAKA,SEMIKLER,10.004999999999999,18268.837,0,0,0,0,2,0,0.0,0.0,0.0,0.0,18268.837,0.0,2,ORTA_TICARETHANE
9722329,38.47785625,27.11018427,35-04-K00358,35,KARSIYAKA,ORNEKKOY,5.0,10555.815999999999,0,4,0,0,3,0,0.0,5837.4529999999995,0.0,0.0,4718.362999999999,0.0,7,KUCUK_TICARETHANE
9723109,38.47496784,27.10252723,35-04-M02425,35,KARSIYAKA,FIKRI ALTAY,5.0,1205.76,0,0,0,0,1,0,0.0,0.0,0.0,0.0,1205.76,0.0,1,KUCUK_TICARETHANE
9726742,38.4780433,27.0974617,35-04-K01608,35,KARSIYAKA,CUMHURIYET,40.0,159346.7,0,0,0,0,1,0,0.0,0.0,0.0,0.0,159346.7,0.0,1,ORTA_TICARETHANE
9735382,38.48061727,27.09785457,35-04-K02323,35,KARSIYAKA,CUMHURIYET,5.0,5637.493,0,2,0,0,2,0,0.0,5443.1630000000005,0.0,0.0,194.32999999999998,0.0,4,KUCUK_TICARETHANE
9735742,38.49191674,27.11547861,35-04-K03082,35,KARSIYAKA,LATIFE HANIM,15.01,7770.429,0,0,0,0,1,0,0.0,0.0,0.0,0.0,7770.429,0.0,1,ORTA_TICARETHANE
9736221,38.48424587,27.09018541,35-04-K04013,35,KARSIYAKA,CUMHURIYET,5.0,2905.911,0,0,0,0,1,0,0.0,0.0,0.0,0.0,2905.911,0.0,1,KUCUK_TICARETHANE
9736241,38.51817357,27.152757,35-04-K01183,35,KARSIYAKA,SANCAKLI,7.44,4015.102,0,2,0,0,1,0,0.0,4015.0730000000003,0.0,0.0,0.029,0.0,3,KUCUK_TICARETHANE
9739529,38.47494374,27.1038329,35-04-K00427,35,KARSIYAKA,IMBATLI,5.0,10306.925,0,1,0,0,1,0,0.0,65.195,0.0,0.0,10241.73,0.0,2,ORTA_TICARETHANE
9739709,38.47492198,27.1037777,35-04-M01180,35,KARSIYAKA,IMBATLI,5.0,29610.208,0,0,0,0,2,0,0.0,0.0,0.0,0.0,29610.208,0.0,2,ORTA_TICARETHANE
9741851,38.48022303,27.11048261,35-04-M01741,35,KARSIYAKA,ORNEKKOY,5.0,328.883,0,0,0,0,1,0,0.0,0.0,0.0,0.0,328.883,0.0,1,KUCUK_TICARETHANE
9743342,38.47889225,27.11019401,35-04-K00358,35,KARSIYAKA,ORNEKKOY,5.0,2126.5,0,0,0,0,1,0,0.0,0.0,0.0,0.0,2126.5,0.0,1,KUCUK_TICARETHANE
9743992,38.45748244,27.09873095,35-04-K00111,35,KARSIYAKA,BOSTANLI,5.27775,51516.8,0,7,0,0,5,0,0.0,8682.4,0.0,0.0,42834.4,0.0,12,ORTA_TICARETHANE
9744072,38.48386123,27.09728081,35-04-K00243,35,KARSIYAKA,CUMHURIYET,5.0,21915.947,0,2,0,0,1,0,0.0,3754.847,0.0,0.0,18161.1,0.0,3,ORTA_TICARETHANE
9744492,38.45712182,27.11839847,35-04-K01109,35,KARSIYAKA,TUNA,5.868181818181818,55663.522,0,7,0,0,4,0,0.0,11645.844000000001,0.0,0.0,44017.678,0.0,11,ORTA_TICARETHANE
9748412,38.4912761,27.11546127,35-04-K03082,35,KARSIYAKA,LATIFE HANIM,5.0,2813.007,0,0,0,0,1,0,0.0,0.0,0.0,0.0,2813.007,0.0,1,KUCUK_TICARETHANE
9751182,38.46126157,27.12218088,35-04-K04601,35,KARSIYAKA,BAHARIYE,5.0,11329.06,0,0,0,0,1,0,0.0,0.0,0.0,0.0,11329.06,0.0,1,ORTA_TICARETHANE
9751212,38.47566321,27.09959831,35-04-M02425,35,KARSIYAKA,SEMIKLER,5.0,10245.462,0,4,0,0,2,0,0.0,5282.108,0.0,0.0,4963.353999999999,0.0,6,KUCUK_TICARETHANE
9751412,38.45692311,27.12192308,35-04-K00893,35,KARSIYAKA,TUNA,5.478571428571429,7440.2339999999995,0,4,0,0,3,0,0.0,6925.732,0.0,0.0,514.502,0.0,7,KUCUK_TICARETHANE
9751442,38.45636286,27.1155593,35-04-K01746,35,KARSIYAKA,DONANMACI,5.223333333333333,34141.426,0,9,0,0,6,0,0.0,26201.933,0.0,0.0,7939.493,0.0,15,KUCUK_TICARETHANE
9751902,38.47211191,27.08471012,35-04-K03390,35,KARSIYAKA,YALI,22.50153846153846,363178.965,0,4,0,0,9,0,0.0,11597.638,0.0,0.0,351581.327,0.0,13,ORTA_TICARETHANE
9752182,38.48124711,27.09995291,35-04-K02323,35,KARSIYAKA,CUMHURIYET,5.0,6932.134,0,1,0,0,1,0,0.0,5808.643,0.0,0.0,1123.491,0.0,2,KUCUK_TICARETHANE
9752722,38.48038278,27.09963197,35-04-K02323,35,KARSIYAKA,CUMHURIYET,6.3500000000000005,5857.1720000000005,0,2,0,0,1,0,0.0,5675.286,0.0,0.0,181.886,0.0,3,KUCUK_TICARETHANE
9753212,38.45187111,27.10549612,35-04-K00491,35,KARSIYAKA,AKSOY,5.2272727272727275,73850.166,0,15,0,0,7,0,0.0,32666.807,0.0,0.0,41183.359000000004,0.0,22,ORTA_TICARETHANE
9754742,38.49948494,27.12188916,35-04-K04756,35,KARSIYAKA,LATIFE HANIM,9.76,1197.138,0,0,0,0,1,0,0.0,0.0,0.0,0.0,1197.138,0.0,1,KUCUK_TICARETHANE
9754752,38.49941999,27.121896,35-04-K04756,35,KARSIYAKA,LATIFE HANIM,9.76,508.982,0,0,0,0,1,0,0.0,0.0,0.0,0.0,508.982,0.0,1,KUCUK_TICARETHANE
9756162,38.456831,27.11424358,35-04-K00833,35,KARSIYAKA,DONANMACI,10.155454545454546,8420.664,0,7,0,0,4,0,0.0,4882.088,0.0,0.0,3538.576,0.0,11,KUCUK_TICARETHANE
9757182,38.4795509,27.11030073,35-04-K00358,35,KARSIYAKA,ORNEKKOY,5.0,7691.723,0,0,0,0,4,0,0.0,0.0,0.0,0.0,7691.723,0.0,4,KUCUK_TICARETHANE
9757462,38.47480788,27.11490637,35-04-M01265,35,KARSIYAKA,ORNEKKOY,5.88125,58890.359,0,5,0,0,3,0,0.0,7644.405,0.0,0.0,51245.954,0.0,8,ORTA_TICARETHANE
9757622,38.48460901,27.08658356,35-04-K01141,35,KARSIYAKA,CUMHURIYET,7.300000000000001,9587.045,0,1,0,0,1,0,0.0,9554.661,0.0,0.0,32.384,0.0,2,KUCUK_TICARETHANE
9759963,38.45661392,27.11239376,35-04-K03204,35,KARSIYAKA,DONANMACI,5.478571428571429,15032.9,0,8,0,0,6,0,0.0,9040.516,0.0,0.0,5992.384,0.0,14,KUCUK_TICARETHANE
9760153,38.45911026,27.11902946,35-04-K00017,35,KARSIYAKA,ALAYBEY,5.516153846153846,22419.48,0,9,0,0,4,0,0.0,16827.618,0.0,0.0,5591.862,0.0,13,KUCUK_TICARETHANE
9760213,38.47313176,27.10915973,,35,KARSIYAKA,IMBATLI,5.64,19020.44,0,0,0,0,1,0,0.0,0.0,0.0,0.0,19020.44,0.0,1,ORTA_TICARETHANE
9761663,38.49992304,27.121833,35-04-K04756,35,KARSIYAKA,LATIFE HANIM,8.2,5432.951,0,0,0,0,1,0,0.0,0.0,0.0,0.0,5432.951,0.0,1,KUCUK_TICARETHANE
9761754,38.48466908,27.09766748,35-04-M02466,35,KARSIYAKA,CUMHURIYET,5.0,5402.034,0,1,0,0,1,0,0.0,4421.253,0.0,0.0,980.781,0.0,2,KUCUK_TICARETHANE
9762504,38.48110113,27.08544356,35-04-K01664,35,KARSIYAKA,SEMIKLER,5.0,5573.929,0,1,0,0,1,0,0.0,5533.285,0.0,0.0,40.644,0.0,2,KUCUK_TICARETHANE
9763872,38.46508771,27.10584101,35-04-K00115,35,KARSIYAKA,GONCALAR,5.011111111111111,46763.667,0,6,0,0,3,0,0.0,13272.838,0.0,0.0,33490.829,0.0,9,ORTA_TICARETHANE
9764931,38.47577199,27.10384882,35-04-M01180,35,KARSIYAKA,IMBATLI,5.0,11509.92,0,0,0,0,1,0,0.0,0.0,0.0,0.0,11509.92,0.0,1,ORTA_TICARETHANE
9767021,38.48091668,27.08879214,35-04-K00308,35,KARSIYAKA,SEMIKLER,5.0,5958.844,0,2,0,0,2,0,0.0,4186.189,0.0,0.0,1772.655,0.0,4,KUCUK_TICARETHANE
9773790,38.472612,27.102243,35-04-K02676,35,KARSIYAKA,FIKRI ALTAY,11.684999999999999,24604.417999999998,0,1,0,0,1,0,0.0,94.798,0.0,0.0,24509.62,0.0,2,ORTA_TICARETHANE
9775361,38.47788684,27.11451782,35-04-K03969,35,KARSIYAKA,ORNEKKOY,5.0,10205.221,0,2,0,0,2,0,0.0,5413.234,0.0,0.0,4791.986999999999,0.0,4,KUCUK_TICARETHANE
9775751,38.48193179,27.09617936,35-04-K00243,35,KARSIYAKA,CUMHURIYET,20.43,16622.7,0,0,0,0,1,0,0.0,0.0,0.0,0.0,16622.7,0.0,1,ORTA_TICARETHANE
9775911,38.45864695,27.1140715,35-04-K00590,35,KARSIYAKA,BAHRIYE UCOK,6.007142857142857,130857.554,0,9,0,0,5,0,0.0,20842.454,0.0,0.0,110015.1,0.0,14,ORTA_TICARETHANE
9777231,38.45488968,27.10779079,35-04-K00277,35,KARSIYAKA,AKSOY,8.28,18048.443,0,2,0,0,1,0,0.0,2301.223,0.0,0.0,15747.22,0.0,3,ORTA_TICARETHANE
9779001,38.48146455,27.09023051,35-04-K04013,35,KARSIYAKA,CUMHURIYET,8.336666666666666,25665.012,0,0,0,0,3,0,0.0,0.0,0.0,0.0,25665.012,0.0,3,ORTA_TICARETHANE
9779331,38.45705799,27.0993752,35-04-K00111,35,KARSIYAKA,BOSTANLI,5.238071428571429,25737.047,0,9,0,0,5,0,0.0,15758.397,0.0,0.0,9978.650000000001,0.0,14,KUCUK_TICARETHANE
9779551,38.47930605,27.10866461,35-04-M02922,35,KARSIYAKA,ORNEKKOY,10.004999999999999,5062.302,0,1,0,0,1,0,0.0,5056.486,0.0,0.0,5.816,0.0,2,KUCUK_TICARETHANE
9779741,38.45784895,27.11791973,35-04-K01681,35,KARSIYAKA,TUNA,6.54375,20154.228,0,2,0,0,6,0,0.0,6391.07,0.0,0.0,13763.158,0.0,8,ORTA_TICARETHANE
9781612,38.46428269,27.12224503,35-04-K00294,35,KARSIYAKA,BAHCELIEVLER,5.0,19222.692,0,2,0,0,1,0,0.0,12803.983,0.0,0.0,6418.709,0.0,3,KUCUK_TICARETHANE
9782692,38.48381593,27.08626661,35-04-K01141,35,KARSIYAKA,CUMHURIYET,5.14,4703.272,0,0,0,0,1,0,0.0,0.0,0.0,0.0,4703.272,0.0,1,KUCUK_TICARETHANE
9782822,38.45627475,27.11781572,35-04-K01316,35,KARSIYAKA,DONANMACI,5.957142857142857,10366.517,0,0,0,0,7,0,0.0,0.0,0.0,0.0,10366.517,0.0,7,ORTA_TICARETHANE
9784170,38.45594403,27.11875956,35-04-K01760,35,KARSIYAKA,DONANMACI,8.1,49639.638,0,1,0,0,4,0,0.0,319.818,0.0,0.0,49319.81999999999,0.0,5,ORTA_TICARETHANE
9784510,38.45751187,27.09949763,35-04-K03719,35,KARSIYAKA,BOSTANLI,5.0,20604.576999999997,0,6,0,0,3,0,0.0,12041.39,0.0,0.0,8563.187,0.0,9,KUCUK_TICARETHANE
9784970,38.45679348,27.11460707,35-04-K00833,35,KARSIYAKA,DONANMACI,5.478571428571429,34500.325,0,9,0,0,5,0,0.0,21089.686999999998,0.0,0.0,13410.637999999999,0.0,14,ORTA_TICARETHANE
9785040,38.46019081,27.11423649,35-04-K01360,35,KARSIYAKA,BAHARIYE,5.49375,76573.348,0,7,0,0,9,0,0.0,10052.75,0.0,0.0,66520.598,0.0,16,ORTA_TICARETHANE
9785180,38.49100673,27.11536104,35-04-K03082,35,KARSIYAKA,LATIFE HANIM,11.68,11286.001,0,0,0,0,2,0,0.0,0.0,0.0,0.0,11286.001,0.0,2,ORTA_TICARETHANE
9785260,38.45719654,27.11630435,35-04-K00289,35,KARSIYAKA,DONANMACI,6.489999999999999,41044.449,0,1,0,0,8,0,0.0,519.222,0.0,0.0,40525.227,0.0,9,ORTA_TICARETHANE
9785340,38.47860512,27.09290809,35-04-K00215,35,KARSIYAKA,SEMIKLER,8.36,4676.854,0,0,0,0,1,0,0.0,0.0,0.0,0.0,4676.854,0.0,1,KUCUK_TICARETHANE
9786757,38.4565065,27.11509369,35-04-K01746,35,KARSIYAKA,DONANMACI,6.640000000000001,70323.874,0,10,0,0,14,0,0.0,16834.283,0.0,0.0,53489.591,0.0,24,ORTA_TICARETHANE
9786907,38.46685333,27.10700722,35-04-K01433,35,KARSIYAKA,GONCALAR,7.68,16836.26,0,0,0,0,1,0,0.0,0.0,0.0,0.0,16836.26,0.0,1,ORTA_TICARETHANE
9787457,38.45853102,27.097946,35-04-M02777,35,KARSIYAKA,BOSTANLI,7.6774375,89280.45,0,9,0,0,7,0,0.0,17913.490999999998,0.0,0.0,71366.959,0.0,16,ORTA_TICARETHANE
9787577,38.45803272,27.0969183,35-04-K00587,35,KARSIYAKA,BOSTANLI,8.333,0.0,0,0,0,0,1,0,0.0,0.0,0.0,0.0,0.0,0.0,1,KUCUK_TICARETHANE
9787647,38.4787108,27.11021824,35-04-M02922,35,KARSIYAKA,ORNEKKOY,8.35,3427.522,0,0,0,0,1,0,0.0,0.0,0.0,0.0,3427.522,0.0,1,KUCUK_TICARETHANE
9788633,38.46644372,27.10679047,35-04-K01433,35,KARSIYAKA,GONCALAR,12.25,234695.698,0,0,0,0,2,0,0.0,0.0,0.0,0.0,234695.698,0.0,2,ORTA_TICARETHANE
9788663,38.49849202,27.12447305,35-04-K04756,35,KARSIYAKA,LATIFE HANIM,7.66,16632.01,0,0,0,0,1,0,0.0,0.0,0.0,0.0,16632.01,0.0,1,ORTA_TICARETHANE
9788783,38.47232519,27.08822979,35-04-M01178,35,KARSIYAKA,YALI,10.644,16630.354,0,2,0,0,3,0,0.0,3629.6949999999997,0.0,0.0,13000.659,0.0,5,ORTA_TICARETHANE
9788903,38.49952903,27.12128184,35-04-K04756,35,KARSIYAKA,LATIFE HANIM,8.2,1455.828,0,0,0,0,1,0,0.0,0.0,0.0,0.0,1455.828,0.0,1,KUCUK_TICARETHANE
9788913,38.47582866,27.08889361,35-04-K03376,35,KARSIYAKA,YALI,6.675,16723.432,0,0,0,0,2,0,0.0,0.0,0.0,0.0,16723.432,0.0,2,ORTA_TICARETHANE
9789651,38.45542729,27.11169638,35-04-K03204,35,KARSIYAKA,AKSOY,5.375,13568.307999999999,0,5,0,0,3,0,0.0,11159.349,0.0,0.0,2408.959,0.0,8,KUCUK_TICARETHANE
9789831,38.4981333,27.1249233,35-04-K04756,35,KARSIYAKA,LATIFE HANIM,7.66,3461.686,0,0,0,0,1,0,0.0,0.0,0.0,0.0,3461.686,0.0,1,KUCUK_TICARETHANE
9790070,38.47838407,27.0966632,35-04-K01608,35,KARSIYAKA,CUMHURIYET,15.01,36965.95,0,0,0,0,1,0,0.0,0.0,0.0,0.0,36965.95,0.0,1,ORTA_TICARETHANE
9791054,38.48405328,27.08636467,35-04-K01141,35,KARSIYAKA,CUMHURIYET,5.0,723.41,0,0,0,0,1,0,0.0,0.0,0.0,0.0,723.41,0.0,1,KUCUK_TICARETHANE
9791941,38.45694002,27.11916802,35-04-K03844,35,KARSIYAKA,TUNA,5.0,22826.455,0,3,0,0,3,0,0.0,3970.977,0.0,0.0,18855.478,0.0,6,ORTA_TICARETHANE
9792061,38.45484405,27.11838202,35-04-K03224,35,KARSIYAKA,DONANMACI,5.375,93714.658,0,6,0,0,6,0,0.0,25829.384000000002,0.0,0.0,67885.274,0.0,12,ORTA_TICARETHANE
9792231,38.47746305,27.11005315,35-04-M02922,35,KARSIYAKA,ORNEKKOY,5.0,13509.456,0,3,0,0,2,0,0.0,1557.681,0.0,0.0,11951.775,0.0,5,ORTA_TICARETHANE
9793612,38.45758523,27.11535893,35-04-K01746,35,KARSIYAKA,DONANMACI,8.1175,78270.492,0,0,0,0,4,0,0.0,0.0,0.0,0.0,78270.492,0.0,4,ORTA_TICARETHANE
9793832,38.46549137,27.09167635,35-04-K00817,35,KARSIYAKA,YALI,5.514076923076923,16321.959,0,9,0,0,4,0,0.0,13759.451000000001,0.0,0.0,2562.508,0.0,13,KUCUK_TICARETHANE
9793842,38.4556859,27.10019529,35-04-K04641,35,KARSIYAKA,BOSTANLI,5.352631578947369,50831.342,0,10,0,0,9,0,0.0,24219.88,0.0,0.0,26611.462,0.0,19,ORTA_TICARETHANE
9794071,38.47973767,27.1130037,35-04-M01029,35,KARSIYAKA,ORNEKKOY,5.0,4184.494000000001,0,1,0,0,1,0,0.0,2338.847,0.0,0.0,1845.647,0.0,2,KUCUK_TICARETHANE
9796151,38.4708321,27.10136876,35-04-M01185,35,KARSIYAKA,FIKRI ALTAY,11.805,28270.218,0,4,0,0,2,0,0.0,10519.669,0.0,0.0,17750.549,0.0,6,ORTA_TICARETHANE
9796251,38.46072752,27.12358489,35-04-K03102,35,KARSIYAKA,TERSANE,5.0,47846.007,0,9,0,0,5,0,0.0,18753.275999999998,0.0,0.0,29092.731,0.0,14,ORTA_TICARETHANE
9796441,38.46453636,27.12217667,35-04-K00294,35,KARSIYAKA,BAHCELIEVLER,5.8375,12201.948999999999,0,5,0,0,3,0,0.0,7198.222,0.0,0.0,5003.727,0.0,8,KUCUK_TICARETHANE
9796921,38.47840326,27.08966537,35-04-K00215,35,KARSIYAKA,SEMIKLER,5.0,7489.189,0,2,0,0,1,0,0.0,5537.946,0.0,0.0,1951.243,0.0,3,KUCUK_TICARETHANE
9802880,38.46079605,27.12364245,35-04-K03102,35,KARSIYAKA,TERSANE,5.546666666666667,63962.571,0,9,0,0,6,0,0.0,25327.213,0.0,0.0,38635.358,0.0,15,ORTA_TICARETHANE
9805670,38.48256883,27.08840727,35-04-K04013,35,KARSIYAKA,CUMHURIYET,12.0,2566.737,0,0,0,0,1,0,0.0,0.0,0.0,0.0,2566.737,0.0,1,KUCUK_TICARETHANE
9808000,38.482554,27.09021399,35-04-K04013,35,KARSIYAKA,CUMHURIYET,8.7,111.278,0,1,0,0,1,0,0.0,111.278,0.0,0.0,0.0,0.0,2,KUCUK_TICARETHANE
9814950,38.48122162,27.09706652,35-04-K00243,35,KARSIYAKA,CUMHURIYET,6.3100000000000005,6383.468,0,2,0,0,2,0,0.0,1623.809,0.0,0.0,4759.659,0.0,4,KUCUK_TICARETHANE
9817721,38.45484176,27.11874657,35-04-K03224,35,KARSIYAKA,DONANMACI,15.726875,101862.987,0,9,0,0,7,0,0.0,33562.623999999996,0.0,0.0,68300.363,0.0,16,ORTA_TICARETHANE
9817731,38.45519601,27.10759041,35-04-K00277,35,KARSIYAKA,AKSOY,5.0,17568.001,0,6,0,0,3,0,0.0,8022.289000000001,0.0,0.0,9545.712,0.0,9,KUCUK_TICARETHANE
9818941,38.48067496,27.08899241,35-04-K00308,35,KARSIYAKA,SEMIKLER,5.3,1825.434,0,0,0,0,1,0,0.0,0.0,0.0,0.0,1825.434,0.0,1,KUCUK_TICARETHANE
9822205,38.48148923,27.09930257,35-04-M01026,35,KARSIYAKA,CUMHURIYET,5.3,8963.747,0,1,0,0,1,0,0.0,5502.49,0.0,0.0,3461.257,0.0,2,KUCUK_TICARETHANE
9823485,38.49926799,27.12191796,35-04-K04756,35,KARSIYAKA,LATIFE HANIM,8.2,23924.23,0,0,0,0,1,0,0.0,0.0,0.0,0.0,23924.23,0.0,1,ORTA_TICARETHANE
9823755,38.49903105,27.12100788,35-04-K04756,35,KARSIYAKA,LATIFE HANIM,8.964,2596.853,0,0,0,0,1,0,0.0,0.0,0.0,0.0,2596.853,0.0,1,KUCUK_TICARETHANE
9823785,38.48710432,27.10021591,35-04-K01144,35,KARSIYAKA,INONU,6.766666666666667,3646.659,0,2,0,0,1,0,0.0,3644.5640000000003,0.0,0.0,2.095,0.0,3,KUCUK_TICARETHANE
9824865,38.47847838,27.10459641,35-04-M01180,35,KARSIYAKA,CUMHURIYET,5.0,7499.223,0,2,0,0,1,0,0.0,6616.528,0.0,0.0,882.695,0.0,3,KUCUK_TICARETHANE
9827416,38.45575411,27.11419277,35-04-K00833,35,KARSIYAKA,DONANMACI,5.0,16286.554,0,4,0,0,5,0,0.0,8926.975999999999,0.0,0.0,7359.578,0.0,9,KUCUK_TICARETHANE
9844615,38.49846703,27.12458998,35-04-K04757,35,KARSIYAKA,LATIFE HANIM,14.61,19245.328999999998,0,0,0,0,2,0,0.0,0.0,0.0,0.0,19245.328999999998,0.0,2,ORTA_TICARETHANE
9846563,38.48029168,27.09596462,35-04-M01027,35,KARSIYAKA,CUMHURIYET,5.0,2400.392,0,1,0,0,1,0,0.0,2085.413,0.0,0.0,314.979,0.0,2,KUCUK_TICARETHANE
9847583,38.48334112,27.09924983,35-04-M02466,35,KARSIYAKA,CUMHURIYET,5.0,7238.8589999999995,0,2,0,0,2,0,0.0,5102.451,0.0,0.0,2136.408,0.0,4,KUCUK_TICARETHANE
9847853,38.47316433,27.1053989,35-04-K03214,35,KARSIYAKA,DEDEBASI,5.0,3695.793,0,0,0,0,1,0,0.0,0.0,0.0,0.0,3695.793,0.0,1,KUCUK_TICARETHANE
9847933,38.47662151,27.10702869,35-04-M01028,35,KARSIYAKA,IMBATLI,5.0,7741.795,0,0,0,1,0,0,0.0,0.0,0.0,7741.795,0.0,0.0,0,TARIMSAL_SULAMA
9848373,38.4972078,27.11485523,35-04-K04171,35,KARSIYAKA,ZUBEYDE HANIM,5.8375,8960.194,0,2,0,0,2,0,0.0,6933.9,0.0,0.0,2026.2939999999999,0.0,4,KUCUK_TICARETHANE
9848883,38.48424062,27.10621065,35-04-M02875,35,KARSIYAKA,ORNEKKOY,5.0,12967.153,0,2,0,0,1,0,0.0,7233.280000000001,0.0,0.0,5733.873,0.0,3,KUCUK_TICARETHANE
9851213,38.51787313,27.1532503,35-04-K01183,35,KARSIYAKA,SANCAKLI,5.0,6.563,0,0,0,0,1,0,0.0,0.0,0.0,0.0,6.563,0.0,1,KUCUK_TICARETHANE
9851263,38.47570939,27.08799123,35-04-K03376,35,KARSIYAKA,YALI,5.0,2001.403,0,1,0,0,1,0,0.0,795.634,0.0,0.0,1205.769,0.0,2,KUCUK_TICARETHANE
9852442,38.49982795,27.12125592,35-04-K04756,35,KARSIYAKA,LATIFE HANIM,8.2,5293.43,0,0,0,0,1,0,0.0,0.0,0.0,0.0,5293.43,0.0,1,KUCUK_TICARETHANE
9855373,38.48305961,27.08547974,35-04-K01664,35,KARSIYAKA,SEMIKLER,5.0,7963.472,0,0,0,0,1,0,0.0,0.0,0.0,0.0,7963.472,0.0,1,KUCUK_TICARETHANE
9857423,38.49346602,27.11808999,35-04-K04477,35,KARSIYAKA,LATIFE HANIM,7.444333333333333,3882.001,0,2,0,0,1,0,0.0,3100.1639999999998,0.0,0.0,781.837,0.0,3,KUCUK_TICARETHANE
9860153,38.48576916,27.10504166,35-04-K02376,35,KARSIYAKA,ORNEKKOY,11.76,2542.018,0,1,0,0,1,0,0.0,1201.184,0.0,0.0,1340.834,0.0,2,KUCUK_TICARETHANE
9860203,38.47404673,27.10498281,35-04-K00427,35,KARSIYAKA,IMBATLI,6.0200000000000005,15414.975,0,3,0,0,2,0,0.0,11001.678,0.0,0.0,4413.2970000000005,0.0,5,KUCUK_TICARETHANE
9860314,38.47475716,27.10208734,35-04-M01184,35,KARSIYAKA,FIKRI ALTAY,5.0,8848.655999999999,0,2,0,0,1,0,0.0,8142.641,0.0,0.0,706.015,0.0,3,KUCUK_TICARETHANE
9874027,38.47300881,27.10605727,35-04-K04665,35,KARSIYAKA,DEDEBASI,5.0,13595.23,0,0,0,0,1,0,0.0,0.0,0.0,0.0,13595.23,0.0,1,ORTA_TICARETHANE
9876467,38.48301903,27.09761999,35-04-K00243,35,KARSIYAKA,CUMHURIYET,5.0,651.036,0,0,0,0,1,0,0.0,0.0,0.0,0.0,651.036,0.0,1,KUCUK_TICARETHANE
9877083,38.47669049,27.08870907,35-04-K00215,35,KARSIYAKA,SEMIKLER,25.0,3653.831,0,0,0,0,1,0,0.0,0.0,0.0,0.0,3653.831,0.0,1,ORTA_TICARETHANE
9878260,38.45630654,27.11718376,35-04-K02433,35,KARSIYAKA,DONANMACI,6.675,8.764999,0,0,0,0,2,0,0.0,0.0,0.0,0.0,8.764999,0.0,2,KUCUK_TICARETHANE
9879316,38.49830452,27.1252711,35-04-K04757,35,KARSIYAKA,LATIFE HANIM,7.66,467.331,0,0,0,0,1,0,0.0,0.0,0.0,0.0,467.331,0.0,1,KUCUK_TICARETHANE
9880053,38.47718192,27.10999246,35-04-K00358,35,KARSIYAKA,ORNEKKOY,5.8375,17787.742000000002,0,2,0,0,2,0,0.0,6629.073,0.0,0.0,11158.669,0.0,4,ORTA_TICARETHANE
9881130,38.49206004,27.11555454,35-04-K03082,35,KARSIYAKA,LATIFE HANIM,15.01,90170.54,0,0,0,0,1,0,0.0,0.0,0.0,0.0,90170.54,0.0,1,ORTA_TICARETHANE
9881305,38.47650113,27.10362874,35-04-M01180,35,KARSIYAKA,IMBATLI,5.0,68.237,0,0,0,0,1,0,0.0,0.0,0.0,0.0,68.237,0.0,1,KUCUK_TICARETHANE
9882042,38.49587499,27.11419824,35-04-K01115,35,KARSIYAKA,ZUBEYDE HANIM,6.406666666666666,4886.759,0,2,0,0,1,0,0.0,4503.076,0.0,0.0,383.683,0.0,3,KUCUK_TICARETHANE
9882350,38.48911179,27.11616582,35-04-K03082,35,KARSIYAKA,LATIFE HANIM,5.18,6098.135,0,0,0,0,1,0,0.0,0.0,0.0,0.0,6098.135,0.0,1,KUCUK_TICARETHANE
9884918,38.47151496,27.11045287,35-04-K03012,35,KARSIYAKA,IMBATLI,5.0,3697.427,0,0,0,0,1,0,0.0,0.0,0.0,0.0,3697.427,0.0,1,KUCUK_TICARETHANE
9889698,38.49989008,27.12122712,35-04-K04756,35,KARSIYAKA,LATIFE HANIM,8.8,61579.98,0,0,0,0,1,0,0.0,0.0,0.0,0.0,61579.98,0.0,1,ORTA_TICARETHANE
9891877,38.47266102,27.10065087,35-04-K03083,35,KARSIYAKA,FIKRI ALTAY,5.016,40924.713,0,2,0,0,3,0,0.0,4359.16,0.0,0.0,36565.553,0.0,5,ORTA_TICARETHANE
9892542,38.47720647,27.11073017,35-04-M02326,35,KARSIYAKA,ORNEKKOY,6.286666666666666,6117.341,0,2,0,0,1,0,0.0,5064.453,0.0,0.0,1052.888,0.0,3,KUCUK_TICARETHANE
9895363,38.49996699,27.12122712,35-04-K04756,35,KARSIYAKA,LATIFE HANIM,8.8,11149.19,0,0,0,0,1,0,0.0,0.0,0.0,0.0,11149.19,0.0,1,ORTA_TICARETHANE
9897233,38.48209798,27.09000526,35-04-K04013,35,KARSIYAKA,CUMHURIYET,8.475,17789.514,0,0,0,0,2,0,0.0,0.0,0.0,0.0,17789.514,0.0,2,ORTA_TICARETHANE
9898843,38.49211022,27.11547733,35-04-K03082,35,KARSIYAKA,LATIFE HANIM,5.0,17619.175,0,2,0,0,1,0,0.0,7968.43,0.0,0.0,9650.745,0.0,3,KUCUK_TICARETHANE
9899383,38.47614763,27.11450485,35-04-M01265,35,KARSIYAKA,ORNEKKOY,5.333333333333333,5276.947,0,2,0,0,1,0,0.0,4743.644,0.0,0.0,533.303,0.0,3,KUCUK_TICARETHANE
9899953,38.48024932,27.09249571,35-04-K01608,35,KARSIYAKA,CUMHURIYET,5.0,557.462,0,0,0,0,1,0,0.0,0.0,0.0,0.0,557.462,0.0,1,KUCUK_TICARETHANE
9900263,38.47773774,27.09904766,35-04-M01834,35,KARSIYAKA,CUMHURIYET,5.0,5108.896,0,0,0,0,1,0,0.0,0.0,0.0,0.0,5108.896,0.0,1,KUCUK_TICARETHANE
9900293,38.47093197,27.09292112,35-04-K03871,35,KARSIYAKA,YALI,5.0,38866.844,0,5,0,0,3,0,0.0,14279.651,0.0,0.0,24587.193,0.0,8,ORTA_TICARETHANE
9900523,38.4850136,27.08642907,35-04-K01141,35,KARSIYAKA,CUMHURIYET,5.0,3874.6730000000002,0,1,0,0,1,0,0.0,3491.869,0.0,0.0,382.804,0.0,2,KUCUK_TICARETHANE
9900703,38.48152599,27.10277383,35-04-K00244,35,KARSIYAKA,CUMHURIYET,5.0,6657.862999999999,0,2,0,0,1,0,0.0,2071.266,0.0,0.0,4586.597,0.0,3,KUCUK_TICARETHANE
9901123,38.4726586,27.10080613,35-04-K03083,35,KARSIYAKA,FIKRI ALTAY,5.0,11722.596000000001,0,2,0,0,2,0,0.0,4910.379,0.0,0.0,6812.217000000001,0.0,4,KUCUK_TICARETHANE
9902093,38.45602779,27.11766734,35-04-K01316,35,KARSIYAKA,DONANMACI,5.0,20037.75,0,3,0,0,4,0,0.0,3192.433,0.0,0.0,16845.317,0.0,7,ORTA_TICARETHANE
9902103,38.45570931,27.11724005,35-04-K01316,35,KARSIYAKA,DONANMACI,5.96,7497.164,0,3,0,0,2,0,0.0,2714.9370000000004,0.0,0.0,4782.227,0.0,5,KUCUK_TICARETHANE
9903343,38.49012945,27.1158986,35-04-K03082,35,KARSIYAKA,LATIFE HANIM,5.0,1960.499,0,0,0,0,1,0,0.0,0.0,0.0,0.0,1960.499,0.0,1,KUCUK_TICARETHANE
9904633,38.47943797,27.09265351,35-04-K00215,35,KARSIYAKA,SEMIKLER,15.01,2743.638,0,0,0,0,1,0,0.0,0.0,0.0,0.0,2743.638,0.0,1,ORTA_TICARETHANE
9906618,38.4958088,27.11174286,35-04-K02512,35,KARSIYAKA,ZUBEYDE HANIM,88.55,73551.27,0,0,0,0,1,0,0.0,0.0,0.0,0.0,73551.27,0.0,1,ORTA_TICARETHANE
9914133,38.47933721,27.1102559,35-04-K00358,35,KARSIYAKA,ORNEKKOY,5.0,8422.365,0,0,0,0,2,0,0.0,0.0,0.0,0.0,8422.365,0.0,2,KUCUK_TICARETHANE
9919215,38.45695376,27.11852084,35-04-K01109,35,KARSIYAKA,TUNA,5.0,2869.917,0,0,0,0,1,0,0.0,0.0,0.0,0.0,2869.917,0.0,1,KUCUK_TICARETHANE
9919226,38.45701846,27.11851831,35-04-K01109,35,KARSIYAKA,TUNA,5.0,2126.662,0,0,0,0,1,0,0.0,0.0,0.0,0.0,2126.662,0.0,1,KUCUK_TICARETHANE
9919237,38.49982598,27.12183408,35-04-K04756,35,KARSIYAKA,LATIFE HANIM,8.2,551.74,0,0,0,0,1,0,0.0,0.0,0.0,0.0,551.74,0.0,1,KUCUK_TICARETHANE
9929531,38.46199647,27.12035493,35-04-K03203,35,KARSIYAKA,BAHARIYE,5.479285714285714,19621.777000000002,0,9,0,0,5,0,0.0,18783.313000000002,0.0,0.0,838.464,0.0,14,KUCUK_TICARETHANE
9931808,38.50132895,27.05272785,35-09-K04501,35,CIGLI,KUCUK CIGLI,250.0,31513.0,0,0,0,0,1,0,0.0,0.0,0.0,0.0,31513.0,0.0,1,ORTA_TICARETHANE
9934680,38.47757496,27.09659705,35-04-K02940,35,KARSIYAKA,SEMIKLER,6.885000000000001,114307.354,0,3,0,0,3,0,0.0,11882.041000000001,0.0,0.0,102425.313,0.0,6,ORTA_TICARETHANE
9936121,38.48341825,27.08668155,35-04-K01141,35,KARSIYAKA,CUMHURIYET,6.62,2313.868,0,0,0,0,1,0,0.0,0.0,0.0,0.0,2313.868,0.0,1,KUCUK_TICARETHANE
9944512,38.47275236,27.10816928,35-04-M02100,35,KARSIYAKA,IMBATLI,8.57,739.35,0,0,0,0,1,0,0.0,0.0,0.0,0.0,739.35,0.0,1,KUCUK_TICARETHANE
9946701,38.48272976,27.08956801,35-04-K04013,35,KARSIYAKA,CUMHURIYET,5.0,1052.2,0,0,0,0,1,0,0.0,0.0,0.0,0.0,1052.2,0.0,1,KUCUK_TICARETHANE
9980195,38.48071653,27.10910867,35-04-K00358,35,KARSIYAKA,ORNEKKOY,5.195,14121.402000000002,0,1,0,0,1,0,0.0,3826.282,0.0,0.0,10295.12,0.0,2,ORTA_TICARETHANE
9990388,38.47910353,27.11015319,35-04-K00358,35,KARSIYAKA,ORNEKKOY,10.075,27991.41,0,0,0,0,2,0,0.0,0.0,0.0,0.0,27991.41,0.0,2,ORTA_TICARETHANE
10018445,38.47693278,27.11171665,35-04-M02326,35,KARSIYAKA,ORNEKKOY,5.0,9180.706,0,3,0,0,2,0,0.0,8065.545,0.0,0.0,1115.161,0.0,5,KUCUK_TICARETHANE
10057668,38.4993449,27.05389691,35-09-K04314,35,CIGLI,KUCUK CIGLI,8.35,2201.081,0,0,0,0,1,0,0.0,0.0,0.0,0.0,2201.081,0.0,1,KUCUK_TICARETHANE
10182141,38.45636433,27.11968177,35-04-K01990,35,KARSIYAKA,TUNA,39.21,82382.57,0,0,0,0,2,0,0.0,0.0,0.0,0.0,82382.57,0.0,2,ORTA_TICARETHANE
10276332,38.46721441,27.0873284,35-04-K01541,35,KARSIYAKA,ATAKENT,91.55333333333334,150810.68,0,0,0,0,3,0,0.0,0.0,0.0,0.0,150810.68,0.0,3,ORTA_TICARETHANE
10363696,38.49198812,27.11546702,35-04-K03082,35,KARSIYAKA,LATIFE HANIM,6.05,1863.631,0,0,0,0,1,0,0.0,0.0,0.0,0.0,1863.631,0.0,1,KUCUK_TICARETHANE
10371856,38.45418998,27.11730635,35-04-K01316,35,KARSIYAKA,DONANMACI,149.77,110846.4,0,0,0,0,1,0,0.0,0.0,0.0,0.0,110846.4,0.0,1,ORTA_TICARETHANE
10376926,38.45540865,27.11378622,35-04-K00833,35,KARSIYAKA,DONANMACI,9.576666666666666,20464.672,0,4,0,0,2,0,0.0,7198.323,0.0,0.0,13266.349,0.0,6,ORTA_TICARETHANE
10381532,38.47952473,27.07665779,35-04-M01443,35,KARSIYAKA,YALI,8.2,124170.84,1,0,0,0,3,0,65977.58,0.0,0.0,0.0,58193.26,0.0,3,ORTA_TICARETHANE
10391842,38.4858527,27.07223578,35-09-K02939Ã–,35,CIGLI,ATASEHIR,8.35,5136.39,0,0,0,0,1,0,0.0,0.0,0.0,0.0,5136.39,0.0,1,KUCUK_TICARETHANE
10418574,38.47993719,27.11450545,35-04-M01029,35,KARSIYAKA,ORNEKKOY,12.642,45226.91,0,0,0,0,1,0,0.0,0.0,0.0,0.0,45226.91,0.0,1,ORTA_TICARETHANE
10430222,38.47071812,27.09462005,35-04-K04628,35,KARSIYAKA,SEMIKLER,11.315000000000001,4603.99,0,1,0,0,1,0,0.0,2395.501,0.0,0.0,2208.489,0.0,2,KUCUK_TICARETHANE
10468067,38.49687181,26.95021795,35-09-M00447,35,CIGLI,SASALLI MERKEZ,5.0,19521.259000000002,0,1,0,0,1,0,0.0,5237.979,0.0,0.0,14283.28,0.0,2,ORTA_TICARETHANE
10617481,38.45516213,27.11459431,35-04-K00018,35,KARSIYAKA,DONANMACI,60.9,34567.31,0,0,0,0,1,0,0.0,0.0,0.0,0.0,34567.31,0.0,1,ORTA_TICARETHANE
10660227,38.5423958,27.06432973,35-09-M01531,35,CIGLI,CUMHURIYET,8.35,204.816,0,0,0,0,1,0,0.0,0.0,0.0,0.0,204.816,0.0,1,KUCUK_TICARETHANE
10777304,38.47118746,27.10803683,35-04-K01735,35,KARSIYAKA,DEDEBASI,8.35,5136.739,0,0,0,0,1,0,0.0,0.0,0.0,0.0,5136.739,0.0,1,KUCUK_TICARETHANE
11246370,38.53553087,27.05135671,35-09-M00207,35,CIGLI,HARMANDALI GAZI MUSTAFA KEMAL ATATURK,43.47,13210.23,0,0,0,0,1,0,0.0,0.0,0.0,0.0,13210.23,0.0,1,ORTA_TICARETHANE
11273240,38.47522,27.084672,35-04-K04669Ã–,35,KARSIYAKA,YALI,630.0,408573.5,0,0,0,0,1,0,0.0,0.0,0.0,0.0,408573.5,0.0,1,BUYUK_TICARETHANE
11276968,38.46135037,27.11181928,35-04-K00254,35,KARSIYAKA,BAHRIYE UCOK,110.738,60751.55,0,0,0,0,1,0,0.0,0.0,0.0,0.0,60751.55,0.0,1,ORTA_TICARETHANE
11581121,38.52167363,27.06186461,35-09-K04337,35,CIGLI,ATATURK,8.35,13131.01,0,0,0,0,1,0,0.0,0.0,0.0,0.0,13131.01,0.0,1,ORTA_TICARETHANE
11692179,38.47371568,27.09684005,35-04-K04618,35,KARSIYAKA,SEMIKLER,474.53,187037.1,0,0,0,0,1,0,0.0,0.0,0.0,0.0,187037.1,0.0,1,ORTA_TICARETHANE
11703795,38.52702696,27.04729961,35-09-M00211,35,CIGLI,INONU,16.1,5240.079,0,0,0,0,1,0,0.0,0.0,0.0,0.0,5240.079,0.0,1,ORTA_TICARETHANE
11734215,38.48609382,27.09882106,35-04-K03488,35,KARSIYAKA,INONU,5.0,6006.123,0,2,0,0,1,0,0.0,5976.757,0.0,0.0,29.366,0.0,3,KUCUK_TICARETHANE
11780671,38.47964878,27.11030096,35-04-K00358,35,KARSIYAKA,ORNEKKOY,5.48,386.692,0,0,0,0,1,0,0.0,0.0,0.0,0.0,386.692,0.0,1,KUCUK_TICARETHANE
11916309,38.45728375,27.11769065,35-04-K01681,35,KARSIYAKA,TUNA,7.644285714285714,58225.288,0,1,0,0,6,0,0.0,1825.584,0.0,0.0,56399.704,0.0,7,ORTA_TICARETHANE
11916351,38.45885892,27.11915776,35-04-K00017,35,KARSIYAKA,TUNA,5.0,61010.942,0,5,0,0,4,0,0.0,10605.788,0.0,0.0,50405.154,0.0,9,ORTA_TICARETHANE
11953517,38.45675492,27.11835334,35-04-K01109,35,KARSIYAKA,TUNA,11.777142857142858,71989.275,0,1,0,0,6,0,0.0,6118.511,0.0,0.0,65870.764,0.0,7,ORTA_TICARETHANE
11960240,38.45747568,27.11881423,35-04-K03844,35,KARSIYAKA,TUNA,5.62,49302.7181,0,6,0,0,16,0,0.0,7668.8221,0.0,0.0,41633.896,0.0,22,ORTA_TICARETHANE
11962130,38.45864912,27.11840512,35-04-K04188,35,KARSIYAKA,TUNA,5.558333333333334,31797.388,0,8,0,0,4,0,0.0,13221.193,0.0,0.0,18576.195,0.0,12,ORTA_TICARETHANE
11962872,38.46597845,27.12186811,35-04-K01285,35,KARSIYAKA,BAHCELIEVLER,5.223333333333333,31651.103,0,9,0,0,6,0,0.0,20500.986,0.0,0.0,11150.117,0.0,15,ORTA_TICARETHANE
11962942,38.45756015,27.11755865,35-04-K00692,35,KARSIYAKA,TUNA,5.3215,61527.615000000005,0,8,0,0,4,0,0.0,18087.37,0.0,0.0,43440.245,0.0,12,ORTA_TICARETHANE
11974127,38.49351688,27.06242343,35-09-M03520,35,CIGLI,ATASEHIR,5.0,3726.272,0,0,0,0,2,0,0.0,0.0,0.0,0.0,3726.272,0.0,2,KUCUK_TICARETHANE
11979545,38.45830665,27.11914752,35-04-K04188,35,KARSIYAKA,TUNA,5.4479999999999995,36947.246,0,8,0,0,7,0,0.0,14889.029999999999,0.0,0.0,22058.216,0.0,15,ORTA_TICARETHANE
12062459,38.45487386,27.11706517,35-04-K01316,35,KARSIYAKA,DONANMACI,5.3999999999999995,30965.238,0,9,0,0,8,0,0.0,16525.64,0.0,0.0,14439.598,0.0,17,ORTA_TICARETHANE
12062473,38.45787442,27.11771498,35-04-K04188,35,KARSIYAKA,TUNA,5.223333333333333,43351.202000000005,0,10,0,0,5,0,0.0,25522.375,0.0,0.0,17828.827,0.0,15,ORTA_TICARETHANE
12066952,38.47483164,27.11325506,35-04-M01305,35,KARSIYAKA,ORNEKKOY,9.373999999999999,13398.906,0,3,0,0,2,0,0.0,3918.39,0.0,0.0,9480.516,0.0,5,KUCUK_TICARETHANE
12079483,38.53227017,27.05271133,35-09-M00210,35,CIGLI,HARMANDALI GAZI MUSTAFA KEMAL ATATURK,5.8,19728.91,0,0,0,0,1,0,0.0,0.0,0.0,0.0,19728.91,0.0,1,ORTA_TICARETHANE
12099474,38.49373073,27.06075896,35-09-M03520,35,CIGLI,YENI MAHALLE,5.0,295.897,0,0,0,0,1,0,0.0,0.0,0.0,0.0,295.897,0.0,1,KUCUK_TICARETHANE
12125581,38.51768994,27.03974221,35-09-M00103,35,CIGLI,BALATCIK,8.83,8725.326000000001,0,2,0,0,1,0,0.0,5211.964,0.0,0.0,3513.362,0.0,3,KUCUK_TICARETHANE
12125594,38.49518865,27.05715088,35-09-K01879,35,CIGLI,YENI MAHALLE,5.0,6253.002,0,2,0,0,1,0,0.0,6222.987,0.0,0.0,30.015,0.0,3,KUCUK_TICARETHANE
12129026,38.49516658,27.06115042,35-09-K01876,35,CIGLI,KOYICI,5.0,5563.679,0,0,0,0,1,0,0.0,0.0,0.0,0.0,5563.679,0.0,1,KUCUK_TICARETHANE
12135890,38.47541578,27.10959001,35-04-M02326,35,KARSIYAKA,IMBATLI,5.0,141.943,0,0,0,0,1,0,0.0,0.0,0.0,0.0,141.943,0.0,1,KUCUK_TICARETHANE
12139374,38.46736506,27.06729519,35-04-K03388,35,KARSIYAKA,MAVISEHIR,16.57,21841.0,0,0,0,0,1,0,0.0,0.0,0.0,0.0,21841.0,0.0,1,ORTA_TICARETHANE
12148811,38.49108788,27.06691455,35-09-M02552,35,CIGLI,SIRINTEPE,6.66,31629.68,0,0,0,0,1,0,0.0,0.0,0.0,0.0,31629.68,0.0,1,ORTA_TICARETHANE
12164644,38.45698168,27.11839193,35-04-K01681,35,KARSIYAKA,TUNA,29.7,58062.52,0,0,0,0,1,0,0.0,0.0,0.0,0.0,58062.52,0.0,1,ORTA_TICARETHANE
12165892,38.45615488,27.09919848,35-04-K00111,35,KARSIYAKA,BOSTANLI,6.579,35754.566,0,4,0,0,3,0,0.0,8723.178,0.0,0.0,27031.388,0.0,7,ORTA_TICARETHANE
12174539,38.45714213,27.11744048,35-04-K01681,35,KARSIYAKA,TUNA,8.532,110236.05099999999,0,1,0,0,9,0,0.0,234.139,0.0,0.0,110001.912,0.0,10,ORTA_TICARETHANE
12174994,38.47827155,27.0727036,35-04-M02719Ã–,35,KARSIYAKA,YALI,1000.0,525591.6,0,0,0,0,1,0,0.0,0.0,0.0,0.0,525591.6,0.0,1,BUYUK_TICARETHANE
12181610,38.45757558,27.1184929,35-04-K03844,35,KARSIYAKA,TUNA,5.352631578947369,38541.511,0,9,0,0,10,0,0.0,20199.9,0.0,0.0,18341.611,0.0,19,ORTA_TICARETHANE
12205291,38.45696884,27.1184908,35-04-K01681,35,KARSIYAKA,TUNA,5.0,4259.649,0,0,0,0,1,0,0.0,0.0,0.0,0.0,4259.649,0.0,1,KUCUK_TICARETHANE
12205305,38.45513858,27.11689322,35-04-K00018,35,KARSIYAKA,DONANMACI,5.223333333333333,27241.428,0,9,0,0,6,0,0.0,13489.488,0.0,0.0,13751.939999999999,0.0,15,ORTA_TICARETHANE
12206999,38.54175832,27.13286278,35-04-K01182,35,KARSIYAKA,YAMANLAR,8.5,0.138,0,0,0,1,0,0,0.0,0.0,0.0,0.138,0.0,0.0,0,TARIMSAL_SULAMA
12221168,38.49305693,27.06211438,35-09-M03520,35,CIGLI,ATASEHIR,6.265,122301.874,0,0,0,0,10,0,0.0,0.0,0.0,0.0,122301.874,0.0,10,ORTA_TICARETHANE
12223548,38.49534075,27.06402849,35-09-K01870,35,CIGLI,KOYICI,5.0,3903.6440000000002,0,1,0,0,1,0,0.0,3448.885,0.0,0.0,454.759,0.0,2,KUCUK_TICARETHANE
12230170,38.49727315,27.06138041,,35,CIGLI,KOYICI,6.08,28191.099000000002,0,2,0,0,2,0,0.0,7622.671,0.0,0.0,20568.428,0.0,4,ORTA_TICARETHANE
12239815,38.45587654,27.11492438,35-04-K00018,35,KARSIYAKA,DONANMACI,5.0,26668.3,0,5,0,0,4,0,0.0,9571.305,0.0,0.0,17096.995,0.0,9,ORTA_TICARETHANE
12239885,38.45746394,27.09918005,35-04-K00111,35,KARSIYAKA,BOSTANLI,5.910055555555555,75942.969,0,10,0,0,8,0,0.0,17424.251,0.0,0.0,58518.718,0.0,18,ORTA_TICARETHANE
12243553,38.45683886,27.09881198,35-04-K00111,35,KARSIYAKA,BOSTANLI,7.211111111111112,64340.969999999994,0,3,0,0,6,0,0.0,9265.026,0.0,0.0,55075.943999999996,0.0,9,ORTA_TICARETHANE
12258196,38.49872903,27.05553661,35-09-K03706,35,CIGLI,KUCUK CIGLI,6.003333333333333,15679.099,0,3,0,0,3,0,0.0,3681.0609999999997,0.0,0.0,11998.038,0.0,6,ORTA_TICARETHANE
12258224,38.50338164,27.04777465,35-09-M02465,35,CIGLI,KUCUK CIGLI,13.488947368421053,105161.785,0,1,0,0,18,0,0.0,3165.021,0.0,0.0,101996.764,0.0,19,ORTA_TICARETHANE
12263629,38.49177223,27.07079573,35-09-M01951,35,CIGLI,SIRINTEPE,5.0,10258.41,0,2,0,0,2,0,0.0,4388.133,0.0,0.0,5870.277,0.0,4,KUCUK_TICARETHANE
12267576,38.49135514,27.06125445,35-09-K02730,35,CIGLI,ATASEHIR,5.5284615384615385,42042.558,0,9,0,0,4,0,0.0,24074.747,0.0,0.0,17967.810999999998,0.0,13,ORTA_TICARETHANE
12279293,38.53245776,27.05276891,35-09-M00210,35,CIGLI,HARMANDALI GAZI MUSTAFA KEMAL ATATURK,5.0,6765.853,0,0,0,0,1,0,0.0,0.0,0.0,0.0,6765.853,0.0,1,KUCUK_TICARETHANE
12280063,38.51117125,27.03920894,35-09-M00999,35,CIGLI,BALATCIK,9.585,26981.924,0,1,0,0,1,0,0.0,2634.654,0.0,0.0,24347.27,0.0,2,ORTA_TICARETHANE
12280231,38.4582345,27.09877677,35-04-M02777,35,KARSIYAKA,BOSTANLI,5.295826086956522,103642.915,0,16,0,0,7,0,0.0,35482.614,0.0,0.0,68160.30099999999,0.0,23,ORTA_TICARETHANE
12282051,38.4503876,27.11034318,35-04-K01191,35,KARSIYAKA,AKSOY,9.692499999999999,23977.716,0,2,0,0,2,0,0.0,6554.321,0.0,0.0,17423.395,0.0,4,ORTA_TICARETHANE
12294022,38.45368724,27.10100432,35-04-K00488,35,KARSIYAKA,BOSTANLI,6.43,156311.68899999998,0,4,0,0,3,0,0.0,1510.122,0.0,0.0,154801.56699999998,0.0,7,ORTA_TICARETHANE
12300701,38.49652764,27.07176193,,35,CIGLI,SIRINTEPE,5.0,4153.314,0,0,0,0,1,0,0.0,0.0,0.0,0.0,4153.314,0.0,1,KUCUK_TICARETHANE
12301597,38.45659981,27.09797096,35-04-K00587,35,KARSIYAKA,BOSTANLI,6.47390909090909,41905.836,0,6,0,0,5,0,0.0,19716.473,0.0,0.0,22189.363,0.0,11,ORTA_TICARETHANE
12303361,38.51740859,27.04072092,35-09-M00103,35,CIGLI,BALATCIK,15.35,1054.626,0,0,0,0,1,0,0.0,0.0,0.0,0.0,1054.626,0.0,1,ORTA_TICARETHANE
12306817,38.46541779,27.12249306,35-04-K00294,35,KARSIYAKA,BAHCELIEVLER,5.0,35453.164000000004,0,5,0,0,3,0,0.0,10255.034,0.0,0.0,25198.13,0.0,8,ORTA_TICARETHANE
12310865,38.49188479,27.07243983,35-09-K04681,35,CIGLI,MALTEPE,5.843999999999999,17329.007,0,3,0,0,2,0,0.0,14754.77,0.0,0.0,2574.237,0.0,5,KUCUK_TICARETHANE
12317206,38.45737244,27.11631343,35-04-K00692,35,KARSIYAKA,TUNA,12.7776,60221.630000000005,0,0,0,0,5,0,0.0,0.0,0.0,0.0,60221.630000000005,0.0,5,ORTA_TICARETHANE
12317234,38.45693761,27.11840308,35-04-K01681,35,KARSIYAKA,TUNA,5.0,2183.176,0,0,0,0,1,0,0.0,0.0,0.0,0.0,2183.176,0.0,1,KUCUK_TICARETHANE
12317458,38.51718709,27.04117642,35-09-M00103,35,CIGLI,BALATCIK,8.54,4000.256,0,0,0,0,1,0,0.0,0.0,0.0,0.0,4000.256,0.0,1,KUCUK_TICARETHANE
12320552,38.5059017,27.06106,35-09-K04046,35,CIGLI,EGEKENT,8.35,2468.059,0,0,0,0,1,0,0.0,0.0,0.0,0.0,2468.059,0.0,1,KUCUK_TICARETHANE
12320622,38.49710622,27.05945667,35-09-K01864,35,CIGLI,KUCUK CIGLI,6.242272727272726,73261.491,0,0,0,0,22,0,0.0,0.0,0.0,0.0,73261.491,0.0,22,ORTA_TICARETHANE
12325663,38.50052752,27.07706008,35-09-K03323,35,CIGLI,GUZELTEPE,6.44,2906.06,0,2,0,0,1,0,0.0,2770.664,0.0,0.0,135.396,0.0,3,KUCUK_TICARETHANE
12327021,38.44983253,27.10854553,35-04-K03385,35,KARSIYAKA,AKSOY,40.0,79316.45,0,0,0,0,1,0,0.0,0.0,0.0,0.0,79316.45,0.0,1,ORTA_TICARETHANE
12330871,38.45632941,27.11497936,35-04-K00833,35,KARSIYAKA,DONANMACI,5.7444444444444445,23864.896,0,5,0,0,4,0,0.0,9582.591,0.0,0.0,14282.305,0.0,9,ORTA_TICARETHANE
12332091,38.50457479,26.98899233,35-09-M00254,35,CIGLI,KAKLIC,54.06,1007.188,0,0,0,0,1,0,0.0,0.0,0.0,0.0,1007.188,0.0,1,ORTA_TICARETHANE
12338321,38.53031118,27.04781163,35-09-M00212,35,CIGLI,INONU,5.0,2500.817,0,0,0,0,1,0,0.0,0.0,0.0,0.0,2500.817,0.0,1,KUCUK_TICARETHANE
12341345,38.49482793,27.07003591,35-09-K04122,35,CIGLI,SIRINTEPE,7.0,12144.553,0,2,0,0,1,0,0.0,4531.476000000001,0.0,0.0,7613.077,0.0,3,KUCUK_TICARETHANE
12344817,38.45800779,27.1161703,35-04-K04188,35,KARSIYAKA,TUNA,5.809545454545455,108965.974,0,1,0,0,21,0,0.0,4293.663,0.0,0.0,104672.311,0.0,22,ORTA_TICARETHANE
12346399,38.45497234,27.11715538,35-04-K01316,35,KARSIYAKA,DONANMACI,5.755,15015.724999999999,0,4,0,0,2,0,0.0,12072.600999999999,0.0,0.0,2943.124,0.0,6,KUCUK_TICARETHANE
12346931,38.456875,27.1185733,35-04-K04794,35,KARSIYAKA,TUNA,12.9,74458.84,0,0,0,0,2,0,0.0,0.0,0.0,0.0,74458.84,0.0,2,ORTA_TICARETHANE
12367960,38.45714421,27.11866278,35-04-K01109,35,KARSIYAKA,TUNA,5.33525,55937.831,0,0,0,0,40,0,0.0,0.0,0.0,0.0,55937.831,0.0,40,ORTA_TICARETHANE
12368730,38.49363474,27.06274482,35-09-M02551,35,CIGLI,KOYICI,5.39,39961.27,0,0,0,0,1,0,0.0,0.0,0.0,0.0,39961.27,0.0,1,ORTA_TICARETHANE
12371558,38.45717225,27.11799383,35-04-K01681,35,KARSIYAKA,TUNA,5.0,7132.813,0,0,0,0,2,0,0.0,0.0,0.0,0.0,7132.813,0.0,2,KUCUK_TICARETHANE
12374808,38.45780653,27.11676402,35-04-K00692,35,KARSIYAKA,TUNA,8.976153846153846,41245.719,0,3,0,0,10,0,0.0,5686.4259999999995,0.0,0.0,35559.293,0.0,13,ORTA_TICARETHANE
12374934,38.45584243,27.09968248,35-04-K00111,35,KARSIYAKA,BOSTANLI,6.958333333333333,50055.381,0,7,0,0,5,0,0.0,15817.643,0.0,0.0,34237.738,0.0,12,ORTA_TICARETHANE
12380791,38.49721261,27.06926943,35-09-K01873,35,CIGLI,SIRINTEPE,5.0,5046.5830000000005,0,2,0,0,1,0,0.0,3235.5299999999997,0.0,0.0,1811.053,0.0,3,KUCUK_TICARETHANE
12382247,38.49162178,27.0678265,35-09-M02552,35,CIGLI,SIRINTEPE,5.0,5150.901,0,2,0,0,1,0,0.0,5003.775,0.0,0.0,147.126,0.0,3,KUCUK_TICARETHANE
12382261,38.49399629,27.06423807,35-09-M02551,35,CIGLI,KOYICI,5.0,4702.331,0,2,0,0,1,0,0.0,3729.3239999999996,0.0,0.0,973.007,0.0,3,KUCUK_TICARETHANE
12388715,38.45544753,27.11508813,35-04-K00018,35,KARSIYAKA,DONANMACI,5.0,22439.424,0,5,0,0,5,0,0.0,10877.533,0.0,0.0,11561.891,0.0,10,ORTA_TICARETHANE
12390210,38.45847138,27.11897727,35-04-K04188,35,KARSIYAKA,TUNA,6.116666666666667,24192.447999999997,0,0,0,0,3,0,0.0,0.0,0.0,0.0,24192.447999999997,0.0,3,ORTA_TICARETHANE
12391757,38.50076535,26.95793835,35-09-M00910,35,CIGLI,SASALLI MERKEZ,17.0,4632.12,0,0,0,0,1,0,0.0,0.0,0.0,0.0,4632.12,0.0,1,ORTA_TICARETHANE
12393161,38.45720549,27.09843702,35-04-K00111,35,KARSIYAKA,BOSTANLI,6.697086956521739,112483.01,0,13,0,0,10,0,0.0,25185.851,0.0,0.0,87297.159,0.0,23,ORTA_TICARETHANE
12394773,38.45649436,27.11528592,35-04-K01746,35,KARSIYAKA,DONANMACI,9.16,9102.585,0,0,0,0,1,0,0.0,0.0,0.0,0.0,9102.585,0.0,1,KUCUK_TICARETHANE
12394786,38.45876592,27.11887202,35-04-K04188,35,KARSIYAKA,TUNA,6.675,4317.6,0,0,0,0,2,0,0.0,0.0,0.0,0.0,4317.6,0.0,2,KUCUK_TICARETHANE
12396320,38.49859445,27.05686806,35-09-K04282,35,CIGLI,KUCUK CIGLI,7.2875,21006.858,0,2,0,0,2,0,0.0,10304.407,0.0,0.0,10702.451000000001,0.0,4,ORTA_TICARETHANE
12400039,38.45640163,27.11820592,35-04-K01681,35,KARSIYAKA,TUNA,5.0,1247.565,0,0,0,0,1,0,0.0,0.0,0.0,0.0,1247.565,0.0,1,KUCUK_TICARETHANE
12402794,38.45687395,27.11925313,35-04-K03844,35,KARSIYAKA,TUNA,34.155,116522.97,0,0,0,0,2,0,0.0,0.0,0.0,0.0,116522.97,0.0,2,ORTA_TICARETHANE
12403236,38.47269302,27.11252206,35-04-K03012,35,KARSIYAKA,IMBATLI,90.0,121109.4,0,0,0,0,1,0,0.0,0.0,0.0,0.0,121109.4,0.0,1,ORTA_TICARETHANE
12405823,38.49964891,27.12188808,35-04-K04756,35,KARSIYAKA,LATIFE HANIM,9.76,3078.949,0,0,0,0,1,0,0.0,0.0,0.0,0.0,3078.949,0.0,1,KUCUK_TICARETHANE
12406005,38.45836039,27.11607737,35-04-K00590,35,KARSIYAKA,BAHARIYE,6.2727272727272725,15265.529,0,5,0,0,6,0,0.0,6306.145,0.0,0.0,8959.384,0.0,11,KUCUK_TICARETHANE
12406902,38.49940802,27.12129984,35-04-K04756,35,KARSIYAKA,LATIFE HANIM,8.2,9845.482,0,0,0,0,1,0,0.0,0.0,0.0,0.0,9845.482,0.0,1,KUCUK_TICARETHANE
12407136,38.46902412,27.08757762,35-04-M01268,35,KARSIYAKA,YALI,6.0307692307692315,25320.067,0,9,0,0,4,0,0.0,14539.287,0.0,0.0,10780.78,0.0,13,ORTA_TICARETHANE
12408046,38.45729883,27.0989606,35-04-K00111,35,KARSIYAKA,BOSTANLI,5.478571428571429,34066.587,0,4,0,0,3,0,0.0,9912.602,0.0,0.0,24153.985,0.0,7,ORTA_TICARETHANE
12410060,38.49956002,27.12188412,35-04-K04756,35,KARSIYAKA,LATIFE HANIM,9.76,520.483,0,0,0,0,1,0,0.0,0.0,0.0,0.0,520.483,0.0,1,KUCUK_TICARETHANE
12410229,38.45686268,27.11718629,35-04-K02433,35,KARSIYAKA,TUNA,15.01,19431.28,0,0,0,0,1,0,0.0,0.0,0.0,0.0,19431.28,0.0,1,ORTA_TICARETHANE
12414038,38.46555069,27.09062316,35-04-K00885,35,KARSIYAKA,YALI,28.16,33419.74,0,0,0,0,1,0,0.0,0.0,0.0,0.0,33419.74,0.0,1,ORTA_TICARETHANE
12415533,38.49193248,27.06327256,35-09-K01882,35,CIGLI,ATASEHIR,5.0,8070.64,0,0,0,0,1,0,0.0,0.0,0.0,0.0,8070.64,0.0,1,KUCUK_TICARETHANE
12423177,38.50043271,26.94666981,35-09-M01149,35,CIGLI,SASALLI MERKEZ,99.95,6047.16,0,0,0,0,1,0,0.0,0.0,0.0,0.0,6047.16,0.0,1,ORTA_TICARETHANE
12423777,38.49650421,27.06016301,35-09-K01864,35,CIGLI,KUCUK CIGLI,8.2975,63176.134,0,0,0,0,4,0,0.0,0.0,0.0,0.0,63176.134,0.0,4,ORTA_TICARETHANE
12426326,38.50372799,27.0439253,35-09-K01869,35,CIGLI,KUCUK CIGLI,5.0,4236.314,0,2,0,0,1,0,0.0,4125.354,0.0,0.0,110.96,0.0,3,KUCUK_TICARETHANE
12427743,38.50231519,27.04466928,35-09-M02549,35,CIGLI,KUCUK CIGLI,6.279375,126082.329,0,0,0,0,32,0,0.0,0.0,0.0,0.0,126082.329,0.0,32,ORTA_TICARETHANE
12428653,38.4696691,27.09821332,35-04-K04709,35,KARSIYAKA,DEMIRKOPRU,5.957142857142857,8147.429,0,4,0,0,3,0,0.0,331.303,0.0,0.0,7816.126,0.0,7,KUCUK_TICARETHANE
12428965,38.48777392,27.08390421,35-09-K01006,35,CIGLI,AYDINLIKEVLER,7.653333333333333,6202.09,0,1,0,0,2,0,0.0,3495.0,0.0,0.0,2707.09,0.0,3,KUCUK_TICARETHANE
12433866,38.50428563,26.99218659,35-09-M01145,35,CIGLI,KAKLIC,16.6,5727.419,0,0,0,0,1,0,0.0,0.0,0.0,0.0,5727.419,0.0,1,ORTA_TICARETHANE
12434958,38.53282771,27.05203074,35-09-M00210,35,CIGLI,HARMANDALI GAZI MUSTAFA KEMAL ATATURK,6.7,33374.62,0,1,0,0,1,0,0.0,8958.56,0.0,0.0,24416.06,0.0,2,ORTA_TICARETHANE
12443941,38.53331968,27.05209367,35-09-M00210,35,CIGLI,HARMANDALI GAZI MUSTAFA KEMAL ATATURK,5.0,1148.185,0,0,0,0,2,0,0.0,0.0,0.0,0.0,1148.185,0.0,2,KUCUK_TICARETHANE
12444630,38.49389452,26.95115028,35-09-M00257,35,CIGLI,SASALLI MERKEZ,6.675,4645.065,0,1,0,0,1,0,0.0,981.833,0.0,0.0,3663.232,0.0,2,KUCUK_TICARETHANE
12445670,38.53197781,27.05260914,35-09-M00210,35,CIGLI,HARMANDALI GAZI MUSTAFA KEMAL ATATURK,6.116666666666667,4305.811,0,1,0,0,2,0,0.0,3023.991,0.0,0.0,1281.82,0.0,3,KUCUK_TICARETHANE
12446633,38.49815158,27.04653435,35-09-M02547,35,CIGLI,KUCUK CIGLI,25.57166666666667,40085.352,0,0,0,0,6,0,0.0,0.0,0.0,0.0,40085.352,0.0,6,ORTA_TICARETHANE
12447335,38.49334012,27.05437717,35-09-K01878,35,CIGLI,YENI MAHALLE,5.0,13137.54,0,0,0,0,1,0,0.0,0.0,0.0,0.0,13137.54,0.0,1,ORTA_TICARETHANE
12447361,38.49711208,27.06415307,35-09-K04307,35,CIGLI,KOYICI,6.675,3054.61,0,1,0,0,1,0,0.0,2511.308,0.0,0.0,543.302,0.0,2,KUCUK_TICARETHANE
12454070,38.46749127,27.10800635,35-04-K01624,35,KARSIYAKA,DEDEBASI,5.302,61843.867,0,2,0,0,3,0,0.0,6948.643,0.0,0.0,54895.224,0.0,5,ORTA_TICARETHANE
12454525,38.4580429,27.12124308,35-04-K00928,35,KARSIYAKA,TUNA,6.675,18024.689000000002,0,5,0,0,3,0,0.0,13898.011,0.0,0.0,4126.678,0.0,8,KUCUK_TICARETHANE
12454720,38.45870969,27.0932186,35-04-K00476,35,KARSIYAKA,BOSTANLI,8.35,64626.38,0,0,0,0,1,0,0.0,0.0,0.0,0.0,64626.38,0.0,1,ORTA_TICARETHANE
12455149,38.49135342,27.08028822,35-09-K03320,35,CIGLI,AYDINLIKEVLER,33.989999999999995,52809.25,0,0,0,0,2,0,0.0,0.0,0.0,0.0,52809.25,0.0,2,ORTA_TICARETHANE
12455734,38.4755408,27.10145553,35-04-M02425,35,KARSIYAKA,SEMIKLER,15.01,188.959,0,0,0,0,1,0,0.0,0.0,0.0,0.0,188.959,0.0,1,ORTA_TICARETHANE
12457489,38.47160671,27.08516367,35-04-K03390,35,KARSIYAKA,YALI,9.991999999999999,114043.387,0,1,0,0,8,0,0.0,1147.989,0.0,0.0,112895.398,0.0,9,ORTA_TICARETHANE
12466277,38.47806684,27.10769164,35-04-M02922,35,KARSIYAKA,IMBATLI,5.0,10746.034,0,2,0,0,1,0,0.0,3399.9750000000004,0.0,0.0,7346.059,0.0,3,KUCUK_TICARETHANE
12469620,38.46258561,27.105412,35-04-K01692,35,KARSIYAKA,NERGIZ,5.0,20852.943,0,3,0,0,2,0,0.0,3604.194,0.0,0.0,17248.749,0.0,5,ORTA_TICARETHANE
12470140,38.45639724,27.11408928,35-04-K00833,35,KARSIYAKA,DONANMACI,7.2,3124.306,0,1,0,0,1,0,0.0,1979.759,0.0,0.0,1144.547,0.0,2,KUCUK_TICARETHANE
12471921,38.48534592,27.062401,35-09-K04308,35,CIGLI,ATASEHIR,141.35,177700.3,0,0,0,0,1,0,0.0,0.0,0.0,0.0,177700.3,0.0,1,ORTA_TICARETHANE
12473806,38.48214252,27.09734386,35-04-K00243,35,KARSIYAKA,CUMHURIYET,6.975,9641.95,0,0,0,0,2,0,0.0,0.0,0.0,0.0,9641.95,0.0,2,KUCUK_TICARETHANE
12474027,38.46030495,27.11830518,35-04-K01064,35,KARSIYAKA,BAHARIYE,5.478571428571429,26299.07,0,9,0,0,5,0,0.0,21367.529,0.0,0.0,4931.541,0.0,14,KUCUK_TICARETHANE
12474248,38.4615297,27.11876428,35-04-K03203,35,KARSIYAKA,BAHARIYE,5.478571428571429,12312.882,0,4,0,0,3,0,0.0,9179.07,0.0,0.0,3133.812,0.0,7,KUCUK_TICARETHANE
12475184,38.4602078,27.12603665,35-04-K01670,35,KARSIYAKA,TERSANE,5.0,16486.504,0,5,0,0,5,0,0.0,8126.803,0.0,0.0,8359.701,0.0,10,KUCUK_TICARETHANE
12475691,38.46544674,27.12314905,35-04-K03723,35,KARSIYAKA,BAHCELIEVLER,6.36375,18815.352,0,5,0,0,3,0,0.0,12942.740999999998,0.0,0.0,5872.611,0.0,8,KUCUK_TICARETHANE
12475899,38.53364355,27.05207833,35-09-M00209,35,CIGLI,HARMANDALI GAZI MUSTAFA KEMAL ATATURK,8.35,2382.25,0,0,0,0,1,0,0.0,0.0,0.0,0.0,2382.25,0.0,1,KUCUK_TICARETHANE
12476146,38.52636549,27.0456374,35-09-M00845,35,CIGLI,UGUR MUMCU,15.01,9666.096,0,0,0,0,1,0,0.0,0.0,0.0,0.0,9666.096,0.0,1,ORTA_TICARETHANE
12476497,38.47909734,27.09763817,35-04-M01027,35,KARSIYAKA,CUMHURIYET,5.033333333333333,6813.949,0,2,0,0,1,0,0.0,6813.597,0.0,0.0,0.352,0.0,3,KUCUK_TICARETHANE
12477226,38.47386852,27.10107999,35-04-M02425,35,KARSIYAKA,FIKRI ALTAY,5.0,6664.351000000001,0,1,0,0,1,0,0.0,6378.819,0.0,0.0,285.532,0.0,2,KUCUK_TICARETHANE
12478123,38.45565628,27.11718143,35-04-K01316,35,KARSIYAKA,DONANMACI,5.41875,21302.253,0,4,0,0,4,0,0.0,9791.813,0.0,0.0,11510.44,0.0,8,ORTA_TICARETHANE
12478292,38.47475032,27.1148643,35-04-M01265,35,KARSIYAKA,ORNEKKOY,5.5,7205.284,0,1,0,0,1,0,0.0,4274.862,0.0,0.0,2930.422,0.0,2,KUCUK_TICARETHANE
12478591,38.48043283,27.11054931,35-04-M01173,35,KARSIYAKA,ORNEKKOY,5.0,1998.861,0,0,0,0,1,0,0.0,0.0,0.0,0.0,1998.861,0.0,1,KUCUK_TICARETHANE
12480684,38.4671878,27.10796607,35-04-K01624,35,KARSIYAKA,GONCALAR,5.443181818181818,91076.504,0,15,0,0,7,0,0.0,33038.544,0.0,0.0,58037.96,0.0,22,ORTA_TICARETHANE
12482712,38.49292609,27.06523789,35-09-K01875,35,CIGLI,KOYICI,5.0,7558.51,0,3,0,0,3,0,0.0,2517.54,0.0,0.0,5040.97,0.0,6,KUCUK_TICARETHANE
12482751,38.49740102,27.05833175,35-09-K01864,35,CIGLI,YENI MAHALLE,21.36,16755.44,0,0,0,0,1,0,0.0,0.0,0.0,0.0,16755.44,0.0,1,ORTA_TICARETHANE
12483660,38.46979834,27.08794283,35-04-M01268,35,KARSIYAKA,YALI,6.155714285714285,35643.938,0,9,0,0,5,0,0.0,17772.828999999998,0.0,0.0,17871.109,0.0,14,ORTA_TICARETHANE
12483842,38.4802128,27.09238184,35-04-K01608,35,KARSIYAKA,CUMHURIYET,10.819999999999999,238858.536,0,4,0,0,2,0,0.0,9152.036,0.0,0.0,229706.5,0.0,6,ORTA_TICARETHANE
12484284,38.4972503,27.0620682,,35,CIGLI,KUCUK CIGLI,9.717142857142857,14679.464,0,4,0,0,3,0,0.0,7907.332,0.0,0.0,6772.132,0.0,7,KUCUK_TICARETHANE
12484869,38.48212418,27.09970958,35-04-M01026,35,KARSIYAKA,CUMHURIYET,5.0,26251.24,0,0,0,0,1,0,0.0,0.0,0.0,0.0,26251.24,0.0,1,ORTA_TICARETHANE
12485714,38.48167588,27.09675436,35-04-K00243,35,KARSIYAKA,CUMHURIYET,10.61,18234.86,0,0,0,0,1,0,0.0,0.0,0.0,0.0,18234.86,0.0,1,ORTA_TICARETHANE
12486273,38.45661908,27.11653962,35-04-K01746,35,KARSIYAKA,DONANMACI,5.0,67263.367,0,4,0,0,4,0,0.0,17106.912,0.0,0.0,50156.455,0.0,8,ORTA_TICARETHANE
12488860,38.45734615,27.098808,35-04-K00111,35,KARSIYAKA,BOSTANLI,6.610555555555555,103079.33,0,10,0,0,8,0,0.0,18761.225,0.0,0.0,84318.105,0.0,18,ORTA_TICARETHANE
12489068,38.47793947,27.09991677,35-04-M01834,35,KARSIYAKA,CUMHURIYET,5.0,3849.018,0,2,0,0,1,0,0.0,3668.058,0.0,0.0,180.96,0.0,3,KUCUK_TICARETHANE
12489628,38.49233903,27.08485009,35-09-K01321,35,CIGLI,AYDINLIKEVLER,10.75,13606.34,0,0,0,0,2,0,0.0,0.0,0.0,0.0,13606.34,0.0,2,ORTA_TICARETHANE
12490967,38.46428615,27.10555859,35-04-K00115,35,KARSIYAKA,GONCALAR,11.987368421052631,60775.801,0,13,0,0,6,0,0.0,30604.464,0.0,0.0,30171.337,0.0,19,ORTA_TICARETHANE
12492683,38.49646165,27.0714526,35-09-K01873,35,CIGLI,SIRINTEPE,5.0,3133.225,0,0,0,0,1,0,0.0,0.0,0.0,0.0,3133.225,0.0,1,KUCUK_TICARETHANE
12492800,38.4552797,27.11725336,35-04-K01316,35,KARSIYAKA,DONANMACI,5.209375,62145.211,0,9,0,0,7,0,0.0,15531.753,0.0,0.0,46613.458,0.0,16,ORTA_TICARETHANE
12492969,38.47271779,27.10051907,35-04-K03083,35,KARSIYAKA,FIKRI ALTAY,5.0,44921.10799999999,0,2,0,0,1,0,0.0,9540.588,0.0,0.0,35380.52,0.0,3,ORTA_TICARETHANE
12493983,38.4559572,27.11644792,35-04-K01746,35,KARSIYAKA,DONANMACI,15.01,16831.04,0,0,0,0,1,0,0.0,0.0,0.0,0.0,16831.04,0.0,1,ORTA_TICARETHANE
12494022,38.47636892,27.10183685,35-04-M01180,35,KARSIYAKA,CUMHURIYET,5.0,5717.178,0,0,0,0,1,0,0.0,0.0,0.0,0.0,5717.178,0.0,1,KUCUK_TICARETHANE
12495205,38.49981302,27.12155184,35-04-K04756,35,KARSIYAKA,LATIFE HANIM,8.28,1765.148,0,0,0,0,1,0,0.0,0.0,0.0,0.0,1765.148,0.0,1,KUCUK_TICARETHANE
12495660,38.45604394,27.11888868,35-04-K03844,35,KARSIYAKA,TUNA,7.978909090909091,42556.248,0,0,0,0,11,0,0.0,0.0,0.0,0.0,42556.248,0.0,11,ORTA_TICARETHANE
12496037,38.45717546,27.11742058,35-04-K01681,35,KARSIYAKA,TUNA,6.435,51518.287000000004,0,3,0,0,3,0,0.0,4622.588,0.0,0.0,46895.699,0.0,6,ORTA_TICARETHANE
12496527,38.46146869,27.12225045,35-04-K00166,35,KARSIYAKA,BAHARIYE,6.116666666666667,2734.2250000000004,0,2,0,0,1,0,0.0,2721.204,0.0,0.0,13.021,0.0,3,KUCUK_TICARETHANE
12497667,38.47296616,27.08562949,35-04-M01892,35,KARSIYAKA,YALI,20.5,10394.58,0,0,0,0,1,0,0.0,0.0,0.0,0.0,10394.58,0.0,1,ORTA_TICARETHANE
12499071,38.4623327,27.11910907,35-04-K03203,35,KARSIYAKA,BAHARIYE,5.0,22327.237,0,9,0,0,9,0,0.0,14088.398,0.0,0.0,8238.839,0.0,18,KUCUK_TICARETHANE
12499786,38.50566903,27.06135946,35-09-K01938,35,CIGLI,EGEKENT,5.0,2594.046,0,0,0,0,1,0,0.0,0.0,0.0,0.0,2594.046,0.0,1,KUCUK_TICARETHANE
12501202,38.49904894,27.12134088,35-04-K04756,35,KARSIYAKA,LATIFE HANIM,15.6,9120.883,0,0,0,0,1,0,0.0,0.0,0.0,0.0,9120.883,0.0,1,ORTA_TICARETHANE
12502763,38.45613769,27.10002191,35-04-K02313,35,KARSIYAKA,BOSTANLI,5.41875,15561.929,0,5,0,0,3,0,0.0,10537.394,0.0,0.0,5024.535,0.0,8,KUCUK_TICARETHANE
12504401,38.45904115,27.10796927,35-04-K00807,35,KARSIYAKA,BAHRIYE UCOK,5.255,12186.937,0,5,0,0,3,0,0.0,7670.902,0.0,0.0,4516.035,0.0,8,KUCUK_TICARETHANE
12504479,38.47708526,27.09652254,35-04-K02940,35,KARSIYAKA,SEMIKLER,5.06,8982.262,0,0,0,0,1,0,0.0,0.0,0.0,0.0,8982.262,0.0,1,KUCUK_TICARETHANE
12505844,38.47187267,27.08718138,35-04-M01178,35,KARSIYAKA,YALI,6.779230769230769,78086.023,0,9,0,0,4,0,0.0,19540.689,0.0,0.0,58545.334,0.0,13,ORTA_TICARETHANE
12506468,38.4684667,27.1130983,35-04-M01041,35,KARSIYAKA,BAHCELIEVLER,15.01,66014.19,0,0,0,0,1,0,0.0,0.0,0.0,0.0,66014.19,0.0,1,ORTA_TICARETHANE
12507365,38.45366669,27.10933681,35-04-K00282,35,KARSIYAKA,AKSOY,69.258,52146.09,0,0,0,0,1,0,0.0,0.0,0.0,0.0,52146.09,0.0,1,ORTA_TICARETHANE
12510250,38.48277906,27.09939368,35-04-M01026,35,KARSIYAKA,CUMHURIYET,5.0,5138.05,0,1,0,0,1,0,0.0,1930.615,0.0,0.0,3207.435,0.0,2,KUCUK_TICARETHANE
12514489,38.45561346,27.11929305,35-04-K00133,35,KARSIYAKA,DONANMACI,8.35,52525.12,0,0,0,0,1,0,0.0,0.0,0.0,0.0,52525.12,0.0,1,ORTA_TICARETHANE
12516335,38.4715268,27.08443201,35-04-K03390,35,KARSIYAKA,YALI,18.34,93150.049,0,9,0,0,4,0,0.0,30312.426,0.0,0.0,62837.623,0.0,13,ORTA_TICARETHANE
12518077,38.45865968,27.11882098,35-04-K04188,35,KARSIYAKA,TUNA,5.586,40585.52,0,0,0,0,2,0,0.0,0.0,0.0,0.0,40585.52,0.0,2,ORTA_TICARETHANE
12519377,38.47679541,27.10326416,35-04-M01180,35,KARSIYAKA,CUMHURIYET,5.0,2832.82,0,1,0,0,1,0,0.0,2116.759,0.0,0.0,716.061,0.0,2,KUCUK_TICARETHANE
12519494,38.46596885,27.10866728,35-04-K03850,35,KARSIYAKA,GONCALAR,5.257692307692308,17922.056,0,9,0,0,4,0,0.0,15122.973,0.0,0.0,2799.083,0.0,13,KUCUK_TICARETHANE
12520339,38.45882747,27.11417219,35-04-K01360,35,KARSIYAKA,BAHRIYE UCOK,6.000416666666666,98100.851,0,6,0,0,18,0,0.0,6477.111,0.0,0.0,91623.74,0.0,24,ORTA_TICARETHANE
12523784,38.455948,27.11649519,35-04-K02433,35,KARSIYAKA,DONANMACI,5.507818181818181,43916.224,0,7,0,0,4,0,0.0,16685.485,0.0,0.0,27230.739,0.0,11,ORTA_TICARETHANE
12524681,38.45904252,27.11759479,35-04-K00692,35,KARSIYAKA,BAHARIYE,5.0,33633.729,0,9,0,0,5,0,0.0,21234.941,0.0,0.0,12398.788,0.0,14,ORTA_TICARETHANE
12524746,38.47464907,27.11456369,35-04-M01265,35,KARSIYAKA,ORNEKKOY,5.05,22867.41,0,0,0,0,1,0,0.0,0.0,0.0,0.0,22867.41,0.0,1,ORTA_TICARETHANE
12525162,38.46585775,27.10921969,35-04-M01468,35,KARSIYAKA,GONCALAR,7.117894736842106,60745.878,0,13,0,0,6,0,0.0,37731.736000000004,0.0,0.0,23014.142,0.0,19,ORTA_TICARETHANE
12528997,38.47554106,27.10354743,35-04-M01180,35,KARSIYAKA,IMBATLI,8.355,13951.04,0,0,0,0,2,0,0.0,0.0,0.0,0.0,13951.04,0.0,2,ORTA_TICARETHANE
12530583,38.45494136,27.11824937,35-04-K03224,35,KARSIYAKA,DONANMACI,6.126666666666666,16639.557,0,4,0,0,2,0,0.0,7073.883,0.0,0.0,9565.674,0.0,6,KUCUK_TICARETHANE
12531155,38.46411809,27.1053942,35-04-K00115,35,KARSIYAKA,GONCALAR,5.543684210526315,46319.989,0,13,0,0,6,0,0.0,25835.101,0.0,0.0,20484.888,0.0,19,ORTA_TICARETHANE
12532351,38.45764814,27.11435932,35-04-K00833,35,KARSIYAKA,DONANMACI,5.15,24653.023999999998,0,5,0,0,3,0,0.0,8739.403,0.0,0.0,15913.621,0.0,8,ORTA_TICARETHANE
12532962,38.47150377,27.09465184,35-04-K00197,35,KARSIYAKA,SEMIKLER,5.0,6708.004,0,1,0,0,2,0,0.0,107.863,0.0,0.0,6600.141,0.0,3,KUCUK_TICARETHANE
12532988,38.45820809,27.12490475,35-04-K03109,35,KARSIYAKA,ALAYBEY,5.0,8968.208999999999,0,4,0,0,2,0,0.0,8352.649,0.0,0.0,615.56,0.0,6,KUCUK_TICARETHANE
12538329,38.4840775,27.09450801,35-04-M01360,35,KARSIYAKA,CUMHURIYET,5.0,8381.025,0,2,0,0,1,0,0.0,3022.589,0.0,0.0,5358.436,0.0,3,KUCUK_TICARETHANE
12540002,38.45984155,27.09632437,35-04-M02777,35,KARSIYAKA,BOSTANLI,5.0,16728.76,0,0,0,0,1,0,0.0,0.0,0.0,0.0,16728.76,0.0,1,ORTA_TICARETHANE
12541345,38.49925842,27.05639179,35-09-K01464,35,CIGLI,KUCUK CIGLI,6.583333333333333,41318.637,0,0,0,0,6,0,0.0,0.0,0.0,0.0,41318.637,0.0,6,ORTA_TICARETHANE
12541381,38.49369717,27.0630083,35-09-M03520,35,CIGLI,ATASEHIR,5.0,12509.935,0,0,0,0,2,0,0.0,0.0,0.0,0.0,12509.935,0.0,2,ORTA_TICARETHANE
12544226,38.53327025,27.05174844,35-09-M00209,35,CIGLI,HARMANDALI GAZI MUSTAFA KEMAL ATATURK,8.336666666666666,8581.551,0,2,0,0,1,0,0.0,8485.193,0.0,0.0,96.358,0.0,3,KUCUK_TICARETHANE
12544237,38.48106362,27.08927463,35-04-K00308,35,KARSIYAKA,SEMIKLER,15.01,2027.655,0,0,0,0,1,0,0.0,0.0,0.0,0.0,2027.655,0.0,1,ORTA_TICARETHANE
12544567,38.48400699,27.10652708,35-04-M02875,35,KARSIYAKA,ORNEKKOY,6.15,3046.59,0,1,0,0,1,0,0.0,3041.335,0.0,0.0,5.255,0.0,2,KUCUK_TICARETHANE
12552066,38.49276391,27.11515935,35-04-K03082,35,KARSIYAKA,ZUBEYDE HANIM,5.0,8458.83,0,2,0,0,2,0,0.0,340.88800000000003,0.0,0.0,8117.942,0.0,4,KUCUK_TICARETHANE
12553302,38.46700021,27.10321212,35-04-M01188,35,KARSIYAKA,DEDEBASI,5.0,1842.608,0,1,0,0,1,0,0.0,1472.031,0.0,0.0,370.577,0.0,2,KUCUK_TICARETHANE
12553446,38.47351176,27.10537132,35-04-K03214,35,KARSIYAKA,DEDEBASI,5.608333333333333,27126.505,0,3,0,0,3,0,0.0,6482.255,0.0,0.0,20644.25,0.0,6,ORTA_TICARETHANE
12553758,38.49476559,27.11287341,35-04-K01115,35,KARSIYAKA,ZUBEYDE HANIM,6.66,22700.011000000002,0,4,0,0,2,0,0.0,5734.950000000001,0.0,0.0,16965.061,0.0,6,ORTA_TICARETHANE
12553782,38.47603994,27.11395276,35-04-K03969,35,KARSIYAKA,ORNEKKOY,6.736,6865.267,0,3,0,0,2,0,0.0,6794.798,0.0,0.0,70.469,0.0,5,KUCUK_TICARETHANE
12555728,38.49987007,27.12089484,35-04-K04756,35,KARSIYAKA,LATIFE HANIM,8.2,4457.219,0,0,0,0,1,0,0.0,0.0,0.0,0.0,4457.219,0.0,1,KUCUK_TICARETHANE
12556088,38.45788477,27.12064025,35-04-K00928,35,KARSIYAKA,TUNA,5.957142857142857,20842.949,0,4,0,0,3,0,0.0,9722.581,0.0,0.0,11120.368,0.0,7,ORTA_TICARETHANE
12556796,38.48098701,27.11069375,35-04-M01173,35,KARSIYAKA,ORNEKKOY,6.0,160.465,0,0,0,0,1,0,0.0,0.0,0.0,0.0,160.465,0.0,1,KUCUK_TICARETHANE
12557840,38.45632301,27.12015787,35-04-K04454,35,KARSIYAKA,TUNA,249.1,101601.7,0,0,0,0,1,0,0.0,0.0,0.0,0.0,101601.7,0.0,1,ORTA_TICARETHANE
12559112,38.45979462,27.12548042,35-04-K01670,35,KARSIYAKA,ALAYBEY,5.0,14523.636,0,5,0,0,4,0,0.0,7697.67,0.0,0.0,6825.966,0.0,9,KUCUK_TICARETHANE
12560240,38.46487886,27.10600121,35-04-K00115,35,KARSIYAKA,GONCALAR,5.95,7834.487999999999,0,0,0,0,2,0,0.0,0.0,0.0,0.0,7834.487999999999,0.0,2,KUCUK_TICARETHANE
12565531,38.48164371,27.09015132,35-04-K04013,35,KARSIYAKA,CUMHURIYET,7.333333333333333,7228.334,0,2,0,0,1,0,0.0,4709.646,0.0,0.0,2518.688,0.0,3,KUCUK_TICARETHANE
12565615,38.4763345,27.10081621,35-04-M02425,35,KARSIYAKA,SEMIKLER,5.0,55.604,0,0,0,0,1,0,0.0,0.0,0.0,0.0,55.604,0.0,1,KUCUK_TICARETHANE
12566635,38.45699898,27.1184782,35-04-K01109,35,KARSIYAKA,TUNA,5.0,4964.204,0,0,0,0,1,0,0.0,0.0,0.0,0.0,4964.204,0.0,1,KUCUK_TICARETHANE
12569371,38.45631807,27.11791447,35-04-K01316,35,KARSIYAKA,DONANMACI,5.446666666666667,59629.199,0,0,0,0,15,0,0.0,0.0,0.0,0.0,59629.199,0.0,15,ORTA_TICARETHANE
12570823,38.4925843,27.1157283,35-04-K03082,35,KARSIYAKA,LATIFE HANIM,9.6825,13059.130000000001,0,2,0,0,2,0,0.0,8580.296,0.0,0.0,4478.834000000001,0.0,4,KUCUK_TICARETHANE
12571075,38.45814505,27.11873665,35-04-K04188,35,KARSIYAKA,TUNA,5.1275,24792.740999999998,0,8,0,0,8,0,0.0,18653.445,0.0,0.0,6139.296,0.0,16,KUCUK_TICARETHANE
12575948,38.48309797,27.09732828,35-04-K00243,35,KARSIYAKA,CUMHURIYET,5.0,10489.331999999999,0,1,0,0,1,0,0.0,5734.919,0.0,0.0,4754.413,0.0,2,KUCUK_TICARETHANE
12576116,38.47522597,27.10920247,35-04-M01755,35,KARSIYAKA,IMBATLI,5.226666666666667,5390.5419999999995,0,2,0,0,1,0,0.0,3665.73,0.0,0.0,1724.812,0.0,3,KUCUK_TICARETHANE
12576428,38.46822501,27.10849744,35-04-K03036,35,KARSIYAKA,DEDEBASI,9.425384615384615,24273.972,0,9,0,0,4,0,0.0,17524.352,0.0,0.0,6749.620000000001,0.0,13,KUCUK_TICARETHANE
12578876,38.47684853,27.10992759,35-04-M02326,35,KARSIYAKA,ORNEKKOY,5.0,0.0,0,0,0,0,1,0,0.0,0.0,0.0,0.0,0.0,0.0,1,KUCUK_TICARETHANE
12579344,38.45776114,27.09408255,35-04-K00476,35,KARSIYAKA,BOSTANLI,7.1626,9124.094000000001,0,3,0,0,2,0,0.0,7430.309,0.0,0.0,1693.7849999999999,0.0,5,KUCUK_TICARETHANE
12585404,38.46566952,27.12319241,35-04-K01067,35,KARSIYAKA,BAHCELIEVLER,5.957857142857143,24654.885000000002,0,9,0,0,5,0,0.0,16545.231,0.0,0.0,8109.654,0.0,14,KUCUK_TICARETHANE
12586568,38.48559989,27.10369384,35-04-K04012,35,KARSIYAKA,ORNEKKOY,5.0,817.929,0,0,0,0,1,0,0.0,0.0,0.0,0.0,817.929,0.0,1,KUCUK_TICARETHANE
12588248,38.47125861,27.11078794,35-04-K03012,35,KARSIYAKA,IMBATLI,5.0600000000000005,41443.432,0,2,0,0,3,0,0.0,15205.967,0.0,0.0,26237.465,0.0,5,ORTA_TICARETHANE
12591152,38.47991504,27.09276797,35-04-K01608,35,KARSIYAKA,CUMHURIYET,6.044,3003.167,0,0,0,0,1,0,0.0,0.0,0.0,0.0,3003.167,0.0,1,KUCUK_TICARETHANE
12595629,38.46729329,27.09071976,35-04-K03010,35,KARSIYAKA,YALI,5.0,5309.057,0,0,0,0,1,0,0.0,0.0,0.0,0.0,5309.057,0.0,1,KUCUK_TICARETHANE
12598053,38.47813248,27.09720693,35-04-K01608,35,KARSIYAKA,CUMHURIYET,5.0,3588.17,0,0,0,0,1,0,0.0,0.0,0.0,0.0,3588.17,0.0,1,KUCUK_TICARETHANE
12598919,38.51806001,27.06166102,35-09-K04390,35,CIGLI,ATATURK,8.35,2616.014,0,0,0,0,1,0,0.0,0.0,0.0,0.0,2616.014,0.0,1,KUCUK_TICARETHANE
12599651,38.49662532,27.06109056,,35,CIGLI,KOYICI,5.0,15157.002,0,3,0,0,2,0,0.0,7451.967000000001,0.0,0.0,7705.035,0.0,5,KUCUK_TICARETHANE
12600131,38.50418924,27.04637131,35-09-M02465,35,CIGLI,KUCUK CIGLI,5.0,12435.35,0,0,0,0,1,0,0.0,0.0,0.0,0.0,12435.35,0.0,1,ORTA_TICARETHANE
12601475,38.50107219,26.99134859,35-09-M02348,35,CIGLI,KAKLIC,40.16,47121.7,0,0,0,0,1,0,0.0,0.0,0.0,0.0,47121.7,0.0,1,ORTA_TICARETHANE
12602099,38.50132055,27.07303012,35-09-K01480,35,CIGLI,YAKAKENT,5.0,18101.696,0,1,0,0,1,0,0.0,1179.706,0.0,0.0,16921.99,0.0,2,ORTA_TICARETHANE
12602159,38.5203873,27.03656234,35-09-M01091,35,CIGLI,AHMET EFENDI,5.0,5694.179,0,0,0,0,2,0,0.0,0.0,0.0,0.0,5694.179,0.0,2,KUCUK_TICARETHANE
12603059,38.49707279,26.99014124,35-09-M02348,35,CIGLI,KAKLIC,14.76,10831.16,0,0,0,0,1,0,0.0,0.0,0.0,0.0,10831.16,0.0,1,ORTA_TICARETHANE
12603071,38.49798474,27.06225203,,35,CIGLI,KUCUK CIGLI,6.675,50290.834,0,1,0,0,1,0,0.0,3795.034,0.0,0.0,46495.8,0.0,2,ORTA_TICARETHANE
12605818,38.50556203,27.04844491,35-09-K01869,35,CIGLI,KUCUK CIGLI,5.0,10074.651,0,1,0,0,1,0,0.0,1756.801,0.0,0.0,8317.85,0.0,2,KUCUK_TICARETHANE
12605902,38.49940703,27.12162708,35-04-K04756,35,KARSIYAKA,LATIFE HANIM,5.856,20046.45,0,0,0,0,1,0,0.0,0.0,0.0,0.0,20046.45,0.0,1,ORTA_TICARETHANE
12609368,38.49857977,27.06512258,35-09-K04307,35,CIGLI,KOYICI,5.0,5235.245,0,0,0,0,1,0,0.0,0.0,0.0,0.0,5235.245,0.0,1,KUCUK_TICARETHANE
12609896,38.4938918,27.07037698,35-09-K04123,35,CIGLI,SIRINTEPE,5.2,2010.307,0,1,0,0,1,0,0.0,2010.258,0.0,0.0,0.049,0.0,2,KUCUK_TICARETHANE
12610364,38.45881743,27.09129666,35-04-K00476,35,KARSIYAKA,BOSTANLI,5.0,9027.207999999999,0,3,0,0,2,0,0.0,3193.157,0.0,0.0,5834.0509999999995,0.0,5,KUCUK_TICARETHANE
12611108,38.45652875,27.11769015,35-04-K01109,35,KARSIYAKA,TUNA,15.0,14397.7,0,0,0,0,1,0,0.0,0.0,0.0,0.0,14397.7,0.0,1,ORTA_TICARETHANE
12612044,38.49180622,26.94976703,35-09-M00258,35,CIGLI,SASALLI MERKEZ,5.0,34454.203,0,2,0,0,1,0,0.0,3147.7129999999997,0.0,0.0,31306.49,0.0,3,ORTA_TICARETHANE
12613304,38.4610394,27.12348571,35-04-K03102,35,KARSIYAKA,TERSANE,5.478571428571429,24643.416,0,9,0,0,5,0,0.0,20569.177,0.0,0.0,4074.239,0.0,14,KUCUK_TICARETHANE
12613892,38.49500179,26.95030605,35-09-M00447,35,CIGLI,SASALLI MERKEZ,5.0,1527.149,0,0,0,0,1,0,0.0,0.0,0.0,0.0,1527.149,0.0,1,KUCUK_TICARETHANE
12615440,38.50727098,27.04701275,35-09-K03315,35,CIGLI,BALATCIK,119.98899999999999,309565.13,0,0,0,0,3,0,0.0,0.0,0.0,0.0,309565.13,0.0,3,ORTA_TICARETHANE
12615668,38.49590416,27.06354709,35-09-K01870,35,CIGLI,KOYICI,6.675,4645.796,0,2,0,0,2,0,0.0,2896.2509999999997,0.0,0.0,1749.545,0.0,4,KUCUK_TICARETHANE
12618130,38.4546274,27.11739069,35-04-K01316,35,KARSIYAKA,DONANMACI,7.741428571428572,31919.818,0,2,0,0,5,0,0.0,6023.734,0.0,0.0,25896.084000000003,0.0,7,ORTA_TICARETHANE
12619522,38.45750781,27.09713051,35-04-K00587,35,KARSIYAKA,BOSTANLI,5.621176470588235,83030.921,0,9,0,0,8,0,0.0,24970.585,0.0,0.0,58060.336,0.0,17,ORTA_TICARETHANE
12629183,38.49911994,27.12099384,35-04-K04756,35,KARSIYAKA,LATIFE HANIM,8.964,3259.082,0,0,0,0,1,0,0.0,0.0,0.0,0.0,3259.082,0.0,1,KUCUK_TICARETHANE
12630995,38.46098218,27.1264009,35-04-K00037,35,KARSIYAKA,TERSANE,5.257692307692308,25143.209,0,9,0,0,4,0,0.0,16711.168,0.0,0.0,8432.041000000001,0.0,13,KUCUK_TICARETHANE
12639012,38.46662669,27.09333286,35-04-K03848,35,KARSIYAKA,YALI,9.052,37305.895000000004,0,6,0,0,4,0,0.0,17650.961,0.0,0.0,19654.934,0.0,10,ORTA_TICARETHANE
12639600,38.46948695,27.10558274,35-04-K03058,35,KARSIYAKA,DEDEBASI,5.515384615384615,57000.047,0,9,0,0,4,0,0.0,16895.743,0.0,0.0,40104.304,0.0,13,ORTA_TICARETHANE
12639612,38.49333689,27.05686977,35-09-K01878,35,CIGLI,YENI MAHALLE,5.0,5749.849,0,2,0,0,1,0,0.0,4923.451,0.0,0.0,826.398,0.0,3,KUCUK_TICARETHANE
12641039,38.49445282,26.95286408,35-09-M00257,35,CIGLI,SASALLI MERKEZ,5.0,10847.634,0,2,0,0,2,0,0.0,4142.749,0.0,0.0,6704.885,0.0,4,KUCUK_TICARETHANE
12642755,38.49000588,27.06038413,35-09-M01899,35,CIGLI,ATASEHIR,5.0,4173.139,0,1,1,0,0,0,0.0,184.861,3988.278,0.0,0.0,0.0,2,KUCUK_SANAYI
12642815,38.48793866,27.07934931,35-09-K02499,35,CIGLI,AYDINLIKEVLER,17.72,4641.118,0,0,0,0,1,0,0.0,0.0,0.0,0.0,4641.118,0.0,1,ORTA_TICARETHANE
12642971,38.48971798,27.06832063,35-09-K01887,35,CIGLI,ATASEHIR,6.813684210526316,48437.993,0,2,0,0,17,0,0.0,3747.191,0.0,0.0,44690.802,0.0,19,ORTA_TICARETHANE
12643391,38.49415407,26.95128664,35-09-M00257,35,CIGLI,SASALLI MERKEZ,5.0,17246.313,0,0,0,0,2,0,0.0,0.0,0.0,0.0,17246.313,0.0,2,ORTA_TICARETHANE
12645371,38.48873828,27.07267587,35-09-M01950,35,CIGLI,MALTEPE,185.9,699494.5,0,0,0,0,1,0,0.0,0.0,0.0,0.0,699494.5,0.0,1,ORTA_TICARETHANE
12645491,38.49668531,27.06017155,,35,CIGLI,KUCUK CIGLI,8.436666666666666,45888.426999999996,0,2,0,0,4,0,0.0,5207.549,0.0,0.0,40680.878000000004,0.0,6,ORTA_TICARETHANE
12645947,38.48641304,27.06592172,35-09-K02733,35,CIGLI,ATASEHIR,7.32,4767.785,0,2,0,0,1,0,0.0,4534.05,0.0,0.0,233.735,0.0,3,KUCUK_TICARETHANE
12646235,38.49942681,27.05611571,35-09-K01464,35,CIGLI,KUCUK CIGLI,14.84,3715.638,0,0,0,0,1,0,0.0,0.0,0.0,0.0,3715.638,0.0,1,KUCUK_TICARETHANE
12646991,38.49105128,27.06892123,35-09-M02552,35,CIGLI,SIRINTEPE,7.866923076923077,37796.484,0,8,0,0,5,0,0.0,17620.767,0.0,0.0,20175.717,0.0,13,ORTA_TICARETHANE
12647003,38.49492755,27.06347488,35-09-M02551,35,CIGLI,KOYICI,5.0,1936.278,0,0,0,0,1,0,0.0,0.0,0.0,0.0,1936.278,0.0,1,KUCUK_TICARETHANE
12647015,38.48910796,27.08002805,35-09-K02499,35,CIGLI,AYDINLIKEVLER,5.0,7647.892,0,0,0,0,1,0,0.0,0.0,0.0,0.0,7647.892,0.0,1,KUCUK_TICARETHANE
12648227,38.49077011,26.94592535,35-09-M00347,35,CIGLI,SASALLI MERKEZ,5.0,6716.573,0,0,0,0,1,0,0.0,0.0,0.0,0.0,6716.573,0.0,1,KUCUK_TICARETHANE
12650869,38.49296182,27.07099257,35-09-M02552,35,CIGLI,SIRINTEPE,6.786666666666666,874.703,0,2,0,0,1,0,0.0,874.699,0.0,0.0,0.004,0.0,3,KUCUK_TICARETHANE
12650881,38.49336491,27.05320365,35-09-K03313,35,CIGLI,YENI MAHALLE,14.213333333333333,79018.298,0,2,0,0,1,0,0.0,13595.938,0.0,0.0,65422.36,0.0,3,ORTA_TICARETHANE
12650977,38.50121104,27.0453872,35-09-M02549,35,CIGLI,KUCUK CIGLI,23.87833333333333,76799.512,0,0,0,0,6,0,0.0,0.0,0.0,0.0,76799.512,0.0,6,ORTA_TICARETHANE
12653761,38.49773657,27.07202294,35-09-K01873,35,CIGLI,GUZELTEPE,6.553333333333334,10654.601999999999,0,2,0,0,1,0,0.0,5885.001,0.0,0.0,4769.601,0.0,3,KUCUK_TICARETHANE
12653869,38.49627461,26.95043219,35-09-M00447,35,CIGLI,SASALLI MERKEZ,5.0,65.185,0,0,0,0,1,0,0.0,0.0,0.0,0.0,65.185,0.0,1,KUCUK_TICARETHANE
12657085,38.5001446,27.05916539,35-09-K04306,35,CIGLI,KUCUK CIGLI,6.466666666666666,4495.906,0,2,0,0,1,0,0.0,4495.492,0.0,0.0,0.414,0.0,3,KUCUK_TICARETHANE
12657193,38.4621914,27.12142709,35-04-K02900,35,KARSIYAKA,BAHARIYE,5.0,13824.676,0,5,0,0,4,0,0.0,5678.696,0.0,0.0,8145.98,0.0,9,KUCUK_TICARETHANE
12657602,38.45633778,27.12090653,35-04-K00928,35,KARSIYAKA,TUNA,7.68,5567.496,0,3,0,0,2,0,0.0,3927.042,0.0,0.0,1640.454,0.0,5,KUCUK_TICARETHANE
12658082,38.45588558,27.11952812,35-04-K01990,35,KARSIYAKA,TUNA,10.346666666666666,97532.601,0,4,0,0,2,0,0.0,14323.061,0.0,0.0,83209.54000000001,0.0,6,ORTA_TICARETHANE
12660050,38.45601742,27.11763511,35-04-K01316,35,KARSIYAKA,DONANMACI,5.0,7537.288999999999,0,4,0,0,2,0,0.0,7162.794999999999,0.0,0.0,374.494,0.0,6,KUCUK_TICARETHANE
12660110,38.47298425,27.10917173,,35,KARSIYAKA,IMBATLI,5.0,16103.466,0,0,0,0,3,0,0.0,0.0,0.0,0.0,16103.466,0.0,3,ORTA_TICARETHANE
12660434,38.47564008,27.10384,35-04-M01180,35,KARSIYAKA,IMBATLI,5.0,1452.974,0,0,0,0,1,0,0.0,0.0,0.0,0.0,1452.974,0.0,1,KUCUK_TICARETHANE
12664583,38.46195115,27.12153254,35-04-K02900,35,KARSIYAKA,BAHARIYE,5.416666666666667,59650.252,0,5,0,0,4,0,0.0,9153.444,0.0,0.0,50496.808000000005,0.0,9,ORTA_TICARETHANE
12665015,38.46090005,27.1056659,35-04-K04128,35,KARSIYAKA,NERGIZ,9.226363636363637,39975.494,0,7,0,0,4,0,0.0,13766.771999999999,0.0,0.0,26208.722,0.0,11,ORTA_TICARETHANE
12669298,38.48345408,27.10596829,35-04-M02875,35,KARSIYAKA,ORNEKKOY,5.890000000000001,3378.759,0,1,0,0,1,0,0.0,1972.47,0.0,0.0,1406.289,0.0,2,KUCUK_TICARETHANE
12670006,38.45814196,27.11997759,35-04-K00928,35,KARSIYAKA,TUNA,5.257692307692308,36097.434,0,8,0,0,5,0,0.0,23592.292999999998,0.0,0.0,12505.141,0.0,13,ORTA_TICARETHANE
12672899,38.49465459,26.95267023,35-09-M00257,35,CIGLI,SASALLI MERKEZ,5.0,879.765,0,0,0,0,1,0,0.0,0.0,0.0,0.0,879.765,0.0,1,KUCUK_TICARETHANE
12673523,38.45833132,27.11606383,35-04-K00590,35,KARSIYAKA,BAHARIYE,7.4575,50754.219,0,10,0,0,6,0,0.0,30284.719,0.0,0.0,20469.5,0.0,16,ORTA_TICARETHANE
12673535,38.45692847,27.11804958,35-04-K01681,35,KARSIYAKA,TUNA,5.883333333333333,35686.784,0,0,0,0,12,0,0.0,0.0,0.0,0.0,35686.784,0.0,12,ORTA_TICARETHANE
12673847,38.4553865,27.10364917,35-04-K01249,35,KARSIYAKA,BOSTANLI,5.257692307692308,23899.423,0,9,0,0,4,0,0.0,21031.353,0.0,0.0,2868.0699999999997,0.0,13,KUCUK_TICARETHANE
12678527,38.4557912,27.11646466,35-04-K01746,35,KARSIYAKA,DONANMACI,5.496666666666666,68008.52799999999,0,7,0,0,20,0,0.0,19214.672,0.0,0.0,48793.856,0.0,27,ORTA_TICARETHANE
12680219,38.4552217,27.11967,35-04-K01555,35,KARSIYAKA,DONANMACI,171.5,17138.64,0,0,0,0,1,0,0.0,0.0,0.0,0.0,17138.64,0.0,1,ORTA_TICARETHANE
12681803,38.49832672,27.12470659,35-04-K04756,35,KARSIYAKA,LATIFE HANIM,5.86,1260.889,0,0,0,0,1,0,0.0,0.0,0.0,0.0,1260.889,0.0,1,KUCUK_TICARETHANE
12682931,38.47959463,27.09704024,35-04-M01027,35,KARSIYAKA,CUMHURIYET,5.0,5357.898999999999,0,2,0,0,1,0,0.0,4694.156,0.0,0.0,663.743,0.0,3,KUCUK_TICARETHANE
12682955,38.45749954,27.11516083,35-04-K01746,35,KARSIYAKA,DONANMACI,5.357916666666667,124372.661,0,15,0,0,9,0,0.0,21656.335,0.0,0.0,102716.326,0.0,24,ORTA_TICARETHANE
12683363,38.47905864,27.09760818,35-04-M01027,35,KARSIYAKA,CUMHURIYET,5.0,3687.624,0,1,0,0,1,0,0.0,3448.388,0.0,0.0,239.236,0.0,2,KUCUK_TICARETHANE
12685595,38.49966201,27.12128688,35-04-K04756,35,KARSIYAKA,LATIFE HANIM,8.2,5615.788,0,0,0,0,1,0,0.0,0.0,0.0,0.0,5615.788,0.0,1,KUCUK_TICARETHANE
12688079,38.4664173,27.10605357,35-04-K01433,35,KARSIYAKA,DEDEBASI,5.704444444444444,70964.848,0,17,0,0,10,0,0.0,36141.92,0.0,0.0,34822.928,0.0,27,ORTA_TICARETHANE
12688259,38.45799562,27.11365782,35-04-K00590,35,KARSIYAKA,BAHRIYE UCOK,88.531,55670.53,0,0,0,0,2,0,0.0,0.0,0.0,0.0,55670.53,0.0,2,ORTA_TICARETHANE
12689171,38.49913093,27.12134016,35-04-K04756,35,KARSIYAKA,LATIFE HANIM,7.892,228.35,0,0,0,0,1,0,0.0,0.0,0.0,0.0,228.35,0.0,1,KUCUK_TICARETHANE
12689183,38.48353015,27.09659697,35-04-K00243,35,KARSIYAKA,CUMHURIYET,8.966666666666667,10182.162,0,3,0,0,3,0,0.0,8918.725,0.0,0.0,1263.437,0.0,6,KUCUK_TICARETHANE
12689975,38.47510803,27.1003665,35-04-M02425,35,KARSIYAKA,SEMIKLER,5.3999999999999995,8470.298999999999,0,2,0,0,1,0,0.0,5433.787,0.0,0.0,3036.512,0.0,3,KUCUK_TICARETHANE
12689999,38.45643582,27.11711434,35-04-K02433,35,KARSIYAKA,DONANMACI,5.913636363636363,73162.848,0,2,0,0,9,0,0.0,1027.313,0.0,0.0,72135.53499999999,0.0,11,ORTA_TICARETHANE
12696046,38.47538629,27.11520469,35-04-M01265,35,KARSIYAKA,ORNEKKOY,5.0,16254.896,0,3,0,0,2,0,0.0,4232.606,0.0,0.0,12022.29,0.0,5,ORTA_TICARETHANE
12696406,38.49931525,27.04513292,35-09-M02547,35,CIGLI,KUCUK CIGLI,12.780000000000001,38859.691,0,0,0,0,2,0,0.0,0.0,0.0,0.0,38859.691,0.0,2,ORTA_TICARETHANE
12699060,38.45678669,27.11985076,35-04-K01990,35,KARSIYAKA,TUNA,5.0,7702.25,0,3,0,0,3,0,0.0,4487.799,0.0,0.0,3214.451,0.0,6,KUCUK_TICARETHANE
12704052,38.45742725,27.1153763,35-04-K01746,35,KARSIYAKA,DONANMACI,5.0,7149.053,0,0,0,0,1,0,0.0,0.0,0.0,0.0,7149.053,0.0,1,KUCUK_TICARETHANE
12707243,38.47804703,27.08958492,35-04-K00215,35,KARSIYAKA,SEMIKLER,5.0,17462.239999999998,0,1,0,0,1,0,0.0,3175.51,0.0,0.0,14286.73,0.0,2,ORTA_TICARETHANE
12722605,38.45379981,27.10658874,35-04-K00277,35,KARSIYAKA,AKSOY,5.1433333333333335,15990.117999999999,0,0,0,0,3,0,0.0,0.0,0.0,0.0,15990.117999999999,0.0,3,ORTA_TICARETHANE
12727800,38.48255822,27.08938573,35-04-K04013,35,KARSIYAKA,CUMHURIYET,12.0,1482.908,0,0,0,0,1,0,0.0,0.0,0.0,0.0,1482.908,0.0,1,KUCUK_TICARETHANE
12728112,38.45604695,27.11835765,35-04-K01760,35,KARSIYAKA,DONANMACI,8.77,165670.79,0,0,0,0,4,0,0.0,0.0,0.0,0.0,165670.79,0.0,4,ORTA_TICARETHANE
12729996,38.49068592,27.11606513,35-04-K03082,35,KARSIYAKA,LATIFE HANIM,7.63,2409.4849999999997,0,1,0,0,1,0,0.0,1377.904,0.0,0.0,1031.581,0.0,2,KUCUK_TICARETHANE
12736956,38.47669035,27.09823027,35-04-K02940,35,KARSIYAKA,SEMIKLER,5.0,817.099,0,0,0,0,1,0,0.0,0.0,0.0,0.0,817.099,0.0,1,KUCUK_TICARETHANE
12740474,38.4745732,27.10944635,35-04-M02716,35,KARSIYAKA,IMBATLI,5.0,1688.017,0,1,0,0,2,0,0.0,628.628,0.0,0.0,1059.389,0.0,3,KUCUK_TICARETHANE
12741913,38.46495924,27.10567243,35-04-K00115,35,KARSIYAKA,GONCALAR,5.0,21330.21,0,0,0,0,3,0,0.0,0.0,0.0,0.0,21330.21,0.0,3,ORTA_TICARETHANE
12742609,38.4790861,27.09418646,35-04-K01608,35,KARSIYAKA,CUMHURIYET,5.67,6900.503000000001,0,2,0,0,3,0,0.0,4867.423000000001,0.0,0.0,2033.08,0.0,5,KUCUK_TICARETHANE
12744793,38.47889402,27.09402885,35-04-K01608,35,KARSIYAKA,CUMHURIYET,5.0,9022.048999999999,0,2,0,0,1,0,0.0,6777.42,0.0,0.0,2244.629,0.0,3,KUCUK_TICARETHANE
12745273,38.4777111,27.0967654,35-04-K04131,35,KARSIYAKA,SEMIKLER,5.14,19029.88,0,0,0,0,1,0,0.0,0.0,0.0,0.0,19029.88,0.0,1,ORTA_TICARETHANE
12745514,38.5080779,27.04045174,35-09-M00396,35,CIGLI,BALATCIK,6.116666666666667,18610.65,0,2,0,0,1,0,0.0,17882.212,0.0,0.0,728.438,0.0,3,KUCUK_TICARETHANE
12745874,38.49463978,26.95244322,35-09-M00257,35,CIGLI,SASALLI MERKEZ,5.0,18765.226,0,1,0,0,2,0,0.0,237.596,0.0,0.0,18527.63,0.0,3,ORTA_TICARETHANE
12746053,38.49530615,27.05691032,35-09-K01879,35,CIGLI,YENI MAHALLE,8.35,3572.007,0,0,0,0,1,0,0.0,0.0,0.0,0.0,3572.007,0.0,1,KUCUK_TICARETHANE
12747325,38.49293854,27.06330341,35-09-M03520,35,CIGLI,ATASEHIR,15.01,58154.95,0,0,0,0,1,0,0.0,0.0,0.0,0.0,58154.95,0.0,1,ORTA_TICARETHANE
12747577,38.49277234,27.11008915,35-04-K02472,35,KARSIYAKA,ZUBEYDE HANIM,6.833333333333333,7909.737999999999,0,2,0,0,1,0,0.0,7074.915,0.0,0.0,834.823,0.0,3,KUCUK_TICARETHANE
12748285,38.49164888,27.07257125,35-09-K04681,35,CIGLI,MALTEPE,8.88,7902.514,0,2,0,0,1,0,0.0,1689.479,0.0,0.0,6213.035,0.0,3,KUCUK_TICARETHANE
12748549,38.49241548,27.07170622,35-09-M01951,35,CIGLI,SIRINTEPE,5.0,5668.331,0,2,0,0,1,0,0.0,4523.963,0.0,0.0,1144.368,0.0,3,KUCUK_TICARETHANE
12749437,38.49728256,27.05263827,35-09-K03322,35,CIGLI,YENI MAHALLE,5.0,9650.666000000001,0,1,0,0,2,0,0.0,6524.301,0.0,0.0,3126.365,0.0,3,KUCUK_TICARETHANE
12749473,38.49291977,27.06340668,35-09-M03520,35,CIGLI,ATASEHIR,15.43,15543.22,0,0,0,0,1,0,0.0,0.0,0.0,0.0,15543.22,0.0,1,ORTA_TICARETHANE
12751885,38.51217166,27.04566317,35-09-K03266,35,CIGLI,BALATCIK,7.879166666666666,39018.909,0,7,0,0,5,0,0.0,14925.734,0.0,0.0,24093.175,0.0,12,ORTA_TICARETHANE
12754345,38.4806581,27.09223192,35-04-K04013,35,KARSIYAKA,CUMHURIYET,7.053333333333334,48545.210999999996,0,0,0,0,6,0,0.0,0.0,0.0,0.0,48545.210999999996,0.0,6,ORTA_TICARETHANE
12755173,38.49808137,27.045644,35-09-M02547,35,CIGLI,KUCUK CIGLI,9.931764705882353,122708.75899999999,0,0,0,0,17,0,0.0,0.0,0.0,0.0,122708.75899999999,0.0,17,ORTA_TICARETHANE
12756481,38.50387491,27.05047145,35-09-K04597,35,CIGLI,KUCUK CIGLI,5.956666666666667,7026.739,0,4,0,0,2,0,0.0,4800.053,0.0,0.0,2226.6859999999997,0.0,6,KUCUK_TICARETHANE
12759494,38.4581108,27.11869598,35-04-K00928,35,KARSIYAKA,TUNA,9.76,4767.812,0,4,0,0,2,0,0.0,3414.897,0.0,0.0,1352.9150000000002,0.0,6,KUCUK_TICARETHANE
12766045,38.49134699,27.11448835,35-04-K04503,35,KARSIYAKA,ZUBEYDE HANIM,5.0,16550.867,0,1,0,0,1,0,0.0,3760.367,0.0,0.0,12790.5,0.0,2,ORTA_TICARETHANE
12768456,38.4915735,27.08141331,35-09-K04124,35,CIGLI,AYDINLIKEVLER,7.013333333333333,5207.026,0,2,0,0,1,0,0.0,4635.182,0.0,0.0,571.844,0.0,3,KUCUK_TICARETHANE
12775051,38.48867588,27.07484336,35-09-M01950,35,CIGLI,MALTEPE,5.0,4514.427,0,0,0,0,1,0,0.0,0.0,0.0,0.0,4514.427,0.0,1,KUCUK_TICARETHANE
12775106,38.49227237,27.06385011,35-09-M03520,35,CIGLI,ATASEHIR,5.0,2881.453,0,0,0,0,1,0,0.0,0.0,0.0,0.0,2881.453,0.0,1,KUCUK_TICARETHANE
12775150,38.48464409,27.0612501,35-09-K02668,35,CIGLI,ATASEHIR,98.312,69678.4,0,0,0,0,1,0,0.0,0.0,0.0,0.0,69678.4,0.0,1,ORTA_TICARETHANE
12776811,38.50611416,26.94145265,35-09-M00538,35,CIGLI,SASALLI MERKEZ,252.86,116487.1,0,0,1,0,0,0,0.0,0.0,116487.1,0.0,0.0,0.0,1,ORTA_SANAYI
12777009,38.49859486,27.06431014,35-09-K04307,35,CIGLI,KOYICI,7.275,19924.535,0,5,0,0,3,0,0.0,19479.586,0.0,0.0,444.949,0.0,8,KUCUK_TICARETHANE
12777350,38.50056283,27.05463476,35-09-K01866,35,CIGLI,KUCUK CIGLI,6.116666666666667,24687.003,0,0,0,0,3,0,0.0,0.0,0.0,0.0,24687.003,0.0,3,ORTA_TICARETHANE
12777548,38.49856557,27.07259545,35-09-K03319,35,CIGLI,GUZELTEPE,6.326666666666667,3040.828,0,2,0,0,1,0,0.0,2967.275,0.0,0.0,73.553,0.0,3,KUCUK_TICARETHANE
12779650,38.49168887,27.07972992,35-09-K03320,35,CIGLI,AYDINLIKEVLER,5.529999999999999,408.747,0,0,0,0,2,0,0.0,0.0,0.0,0.0,408.747,0.0,2,KUCUK_TICARETHANE
12780717,38.49315085,27.05843191,35-09-K01878,35,CIGLI,YENI MAHALLE,5.0,20050.996,0,0,0,0,2,0,0.0,0.0,0.0,0.0,20050.996,0.0,2,ORTA_TICARETHANE
12784127,38.483074,27.09911299,35-04-M02466,35,KARSIYAKA,CUMHURIYET,7.8149999999999995,7166.408,0,2,0,0,2,0,0.0,2731.758,0.0,0.0,4434.650000000001,0.0,4,KUCUK_TICARETHANE
12785381,38.49454656,26.95150646,35-09-M00257,35,CIGLI,SASALLI MERKEZ,5.0,9062.421,0,1,0,0,1,0,0.0,7553.903,0.0,0.0,1508.518,0.0,2,KUCUK_TICARETHANE
12788736,38.4815253,27.05495212,35-09-K02537,35,CIGLI,ATASEHIR,7.6225,77934.35800000001,0,0,0,0,8,0,0.0,0.0,0.0,0.0,77934.35800000001,0.0,8,ORTA_TICARETHANE
12788857,38.49738769,27.06760793,35-09-K01871,35,CIGLI,KOYICI,5.0,7457.933,0,4,0,0,2,0,0.0,6979.644,0.0,0.0,478.289,0.0,6,KUCUK_TICARETHANE
12791387,38.50045567,27.04687611,35-09-K01859,35,CIGLI,KUCUK CIGLI,5.49375,23233.838,0,0,0,0,8,0,0.0,0.0,0.0,0.0,23233.838,0.0,8,ORTA_TICARETHANE
12793543,38.49023011,27.07842196,35-09-K02499,35,CIGLI,AYDINLIKEVLER,10.46,7779.066,0,0,0,0,1,0,0.0,0.0,0.0,0.0,7779.066,0.0,1,KUCUK_TICARETHANE
12795876,38.46633508,27.10664932,35-04-K02316,35,KARSIYAKA,GONCALAR,6.052142857142857,48389.939,0,9,0,0,5,0,0.0,18830.328,0.0,0.0,29559.611,0.0,14,ORTA_TICARETHANE
12797273,38.45822868,27.12024636,35-04-K00928,35,KARSIYAKA,TUNA,5.373333333333333,38022.389,0,5,0,0,4,0,0.0,12766.096,0.0,0.0,25256.293,0.0,9,ORTA_TICARETHANE
12801476,38.49952339,27.05558436,35-09-K01866,35,CIGLI,KUCUK CIGLI,7.111538461538462,85334.314,0,9,0,0,4,0,0.0,25847.356,0.0,0.0,59486.958,0.0,13,ORTA_TICARETHANE
12806811,38.50230944,27.0758865,35-09-K01874,35,CIGLI,YAKAKENT,5.0,5193.25,0,0,0,0,2,0,0.0,0.0,0.0,0.0,5193.25,0.0,2,KUCUK_TICARETHANE
12809693,38.46820468,27.0985336,,35,KARSIYAKA,DEMIRKOPRU,5.0,3110.726,0,1,0,0,1,0,0.0,3110.708,0.0,0.0,0.018,0.0,2,KUCUK_TICARETHANE
12813180,38.47837574,27.09441755,35-04-M02441,35,KARSIYAKA,SEMIKLER,6.675,66849.844,0,3,0,0,3,0,0.0,11375.394,0.0,0.0,55474.45,0.0,6,ORTA_TICARETHANE
12817571,38.49430122,26.95243857,35-09-M00257,35,CIGLI,SASALLI MERKEZ,5.0,4776.315,0,1,0,0,2,0,0.0,2872.468,0.0,0.0,1903.847,0.0,3,KUCUK_TICARETHANE
12818220,38.45403581,27.10943759,35-04-K00282,35,KARSIYAKA,AKSOY,5.0,12124.098,0,5,0,0,3,0,0.0,10383.069,0.0,0.0,1741.029,0.0,8,KUCUK_TICARETHANE
12818825,38.47454927,27.10178908,35-04-M01184,35,KARSIYAKA,FIKRI ALTAY,5.0,11359.846,0,2,0,0,2,0,0.0,4240.006,0.0,0.0,7119.84,0.0,4,KUCUK_TICARETHANE
12819056,38.46116366,27.12207279,35-04-K04000,35,KARSIYAKA,ALAYBEY,9.448,188256.993,0,4,0,0,6,0,0.0,12610.48,0.0,0.0,175646.513,0.0,10,ORTA_TICARETHANE
12823499,38.47385481,27.10512037,35-04-K03214,35,KARSIYAKA,DEDEBASI,6.69,27187.222,0,0,0,0,2,0,0.0,0.0,0.0,0.0,27187.222,0.0,2,ORTA_TICARETHANE
12828414,38.49205364,27.06803148,35-09-M02552,35,CIGLI,SIRINTEPE,7.92,6716.972,0,1,0,0,1,0,0.0,3841.776,0.0,0.0,2875.196,0.0,2,KUCUK_TICARETHANE
12831131,38.45696228,27.11831436,35-04-K01681,35,KARSIYAKA,TUNA,5.478571428571429,18150.123,0,3,0,0,4,0,0.0,7279.6810000000005,0.0,0.0,10870.442,0.0,7,ORTA_TICARETHANE
12832077,38.53727571,27.0490478,35-09-M01452,35,CIGLI,HARMANDALI GAZI MUSTAFA KEMAL ATATURK,25.0,46952.92,0,0,0,0,1,0,0.0,0.0,0.0,0.0,46952.92,0.0,1,ORTA_TICARETHANE
12833914,38.47682071,27.10307071,35-04-M01180,35,KARSIYAKA,CUMHURIYET,8.336666666666666,4193.183,0,2,0,0,1,0,0.0,2878.2219999999998,0.0,0.0,1314.961,0.0,3,KUCUK_TICARETHANE
12833969,38.45975298,27.11613737,35-04-K01360,35,KARSIYAKA,BAHARIYE,5.279166666666667,27848.759,0,8,0,0,4,0,0.0,14045.534,0.0,0.0,13803.225,0.0,12,ORTA_TICARETHANE
12834112,38.49220394,27.114031,35-04-K04503,35,KARSIYAKA,ZUBEYDE HANIM,5.0,461.447,0,0,0,0,1,0,0.0,0.0,0.0,0.0,461.447,0.0,1,KUCUK_TICARETHANE
12836225,38.50037838,27.04612465,35-09-M02548,35,CIGLI,KUCUK CIGLI,8.8675,76787.56,0,0,0,0,8,0,0.0,0.0,0.0,0.0,76787.56,0.0,8,ORTA_TICARETHANE
12836390,38.4916135,26.95210511,35-09-M00258,35,CIGLI,SASALLI MERKEZ,5.04,54023.4,0,0,0,0,1,0,0.0,0.0,0.0,0.0,54023.4,0.0,1,ORTA_TICARETHANE
12846402,38.46737348,27.10708453,35-04-K01433,35,KARSIYAKA,DEDEBASI,5.533846153846154,59696.221000000005,0,9,0,0,4,0,0.0,18671.293,0.0,0.0,41024.928,0.0,13,ORTA_TICARETHANE
12853827,38.45880831,27.09718535,35-04-M02777,35,KARSIYAKA,BOSTANLI,5.734666666666667,88093.495,0,9,0,0,6,0,0.0,13756.484,0.0,0.0,74337.011,0.0,15,ORTA_TICARETHANE
12885515,38.4586095,27.11822681,35-04-K04188,35,KARSIYAKA,TUNA,5.83875,24748.019,0,4,0,0,4,0,0.0,7072.131,0.0,0.0,17675.888,0.0,8,ORTA_TICARETHANE
12885614,38.45504166,27.11714592,35-04-K01316,35,KARSIYAKA,DONANMACI,5.0,28778.101,0,5,0,0,3,0,0.0,7792.375,0.0,0.0,20985.726,0.0,8,ORTA_TICARETHANE
12893458,38.46926335,27.08202335,35-04-K02428,35,KARSIYAKA,MAVISEHIR,6.675,8140.402,0,1,0,0,1,0,0.0,7496.629,0.0,0.0,643.773,0.0,2,KUCUK_TICARETHANE
12900004,38.47674312,27.09622722,35-04-K02940,35,KARSIYAKA,SEMIKLER,8.35,2265.031,0,0,0,0,1,0,0.0,0.0,0.0,0.0,2265.031,0.0,1,KUCUK_TICARETHANE
12905470,38.4565985,27.11759313,35-04-K01109,35,KARSIYAKA,TUNA,15.4,35406.46,0,0,0,0,1,0,0.0,0.0,0.0,0.0,35406.46,0.0,1,ORTA_TICARETHANE
12905525,38.45649459,27.09970798,35-04-K02313,35,KARSIYAKA,BOSTANLI,6.844705882352941,37238.597,0,10,0,0,7,0,0.0,25547.123,0.0,0.0,11691.473999999998,0.0,17,ORTA_TICARETHANE
12905602,38.45762866,27.11657149,35-04-K00692,35,KARSIYAKA,TUNA,5.83,42968.607899999995,0,0,0,0,20,0,0.0,0.0,0.0,0.0,42968.607899999995,0.0,20,ORTA_TICARETHANE
12907912,38.45682642,27.11989519,35-04-K01990,35,KARSIYAKA,TUNA,5.558333333333334,11242.034,0,3,0,0,3,0,0.0,3339.933,0.0,0.0,7902.101000000001,0.0,6,KUCUK_TICARETHANE
12926532,38.49356711,27.06301317,35-09-M02551,35,CIGLI,KOYICI,5.0,46236.15,0,0,0,0,2,0,0.0,0.0,0.0,0.0,46236.15,0.0,2,ORTA_TICARETHANE
12942817,38.51166681,27.04955584,35-09-K02771,35,CIGLI,BALATCIK,19.55,4174.121,0,0,0,0,1,0,0.0,0.0,0.0,0.0,4174.121,0.0,1,ORTA_TICARETHANE
12955596,38.45479695,27.11720688,35-04-K01316,35,KARSIYAKA,DONANMACI,5.361111111111111,21730.236,0,5,0,0,4,0,0.0,10200.289999999999,0.0,0.0,11529.946,0.0,9,ORTA_TICARETHANE
12963176,38.45759476,27.11868806,35-04-K03844,35,KARSIYAKA,TUNA,5.0,19440.513,0,5,0,0,3,0,0.0,12641.508,0.0,0.0,6799.005,0.0,8,KUCUK_TICARETHANE
12969095,38.45716052,27.11795698,35-04-K01681,35,KARSIYAKA,TUNA,71.2,52142.28,0,0,0,0,1,0,0.0,0.0,0.0,0.0,52142.28,0.0,1,ORTA_TICARETHANE
12971570,38.49675753,26.94347811,35-09-M00540,35,CIGLI,SASALLI MERKEZ,7.16,1270.177,0,0,0,0,1,0,0.0,0.0,0.0,0.0,1270.177,0.0,1,KUCUK_TICARETHANE
12971581,38.4964145,26.94322827,35-09-M00540,35,CIGLI,SASALLI MERKEZ,8.35,2199.471,0,0,0,0,2,0,0.0,0.0,0.0,0.0,2199.471,0.0,2,KUCUK_TICARETHANE
12998198,38.45633872,27.0980191,35-04-K00587,35,KARSIYAKA,BOSTANLI,8.333,0.0,0,0,0,0,1,0,0.0,0.0,0.0,0.0,0.0,0.0,1,KUCUK_TICARETHANE
13004016,38.47584368,27.10264019,35-04-M01180,35,KARSIYAKA,CUMHURIYET,5.7683333333333335,97411.76000000001,0,1,0,0,23,0,0.0,2715.083,0.0,0.0,94696.67700000001,0.0,24,ORTA_TICARETHANE
13004027,38.49249099,27.06547995,35-09-K01875,35,CIGLI,SIRINTEPE,5.0,16832.072,0,5,0,0,5,0,0.0,7428.996,0.0,0.0,9403.076000000001,0.0,10,KUCUK_TICARETHANE
13013817,38.48947062,27.06847832,35-09-K01887,35,CIGLI,ATASEHIR,14.583117647058824,64510.25,0,0,0,0,17,0,0.0,0.0,0.0,0.0,64510.25,0.0,17,ORTA_TICARETHANE
13022694,38.49690478,26.94405972,35-09-M00540,35,CIGLI,SASALLI MERKEZ,8.35,3304.298,0,0,0,0,1,0,0.0,0.0,0.0,0.0,3304.298,0.0,1,KUCUK_TICARETHANE
13022892,38.48055893,27.05464392,35-09-K02537,35,CIGLI,ATASEHIR,6.74,6659.446,0,0,0,0,2,0,0.0,0.0,0.0,0.0,6659.446,0.0,2,KUCUK_TICARETHANE
13022903,38.49630784,26.94454374,35-09-M00540,35,CIGLI,SASALLI MERKEZ,14.24,29217.32,0,0,0,0,1,0,0.0,0.0,0.0,0.0,29217.32,0.0,1,ORTA_TICARETHANE
13023665,38.45618955,27.12318789,35-04-K00363,35,KARSIYAKA,TUNA,47.28,3771.445,0,0,0,0,1,0,0.0,0.0,0.0,0.0,3771.445,0.0,1,ORTA_TICARETHANE
13088487,38.5161639,27.04099857,35-09-M00103,35,CIGLI,BALATCIK,10.256666666666666,5441.755,0,2,0,0,1,0,0.0,4918.103,0.0,0.0,523.652,0.0,3,KUCUK_TICARETHANE
13088507,38.50245203,27.04436712,35-09-M02549,35,CIGLI,KUCUK CIGLI,7.9,300.39,0,0,0,0,1,0,0.0,0.0,0.0,0.0,300.39,0.0,1,KUCUK_TICARETHANE
13088677,38.4560438,27.11759125,35-04-K01316,35,KARSIYAKA,DONANMACI,5.99,19858.03,0,3,0,0,2,0,0.0,6125.762,0.0,0.0,13732.268,0.0,5,ORTA_TICARETHANE
13100225,38.45637579,27.11798234,35-04-K01109,35,KARSIYAKA,TUNA,190.0,116092.8,0,0,0,0,1,0,0.0,0.0,0.0,0.0,116092.8,0.0,1,ORTA_TICARETHANE
13119985,38.50433521,26.99258289,35-09-M01145,35,CIGLI,KAKLIC,29.97,4315.062,0,0,0,0,1,0,0.0,0.0,0.0,0.0,4315.062,0.0,1,ORTA_TICARETHANE
13123925,38.50113803,27.12137904,35-04-K04756,35,KARSIYAKA,LATIFE HANIM,8.2,4818.202,0,0,0,0,1,0,0.0,0.0,0.0,0.0,4818.202,0.0,1,KUCUK_TICARETHANE
13123945,38.50081206,27.1214442,35-04-K04756,35,KARSIYAKA,LATIFE HANIM,8.2,1895.009,0,0,0,0,1,0,0.0,0.0,0.0,0.0,1895.009,0.0,1,KUCUK_TICARETHANE
13123955,38.50076304,27.12144492,35-04-K04756,35,KARSIYAKA,LATIFE HANIM,8.45,4228.373,0,0,0,0,1,0,0.0,0.0,0.0,0.0,4228.373,0.0,1,KUCUK_TICARETHANE
13123965,38.50071008,27.12145716,35-04-K04756,35,KARSIYAKA,LATIFE HANIM,8.7,1182.336,0,0,0,0,1,0,0.0,0.0,0.0,0.0,1182.336,0.0,1,KUCUK_TICARETHANE
13123975,38.5006009,27.12147084,35-04-K04756,35,KARSIYAKA,LATIFE HANIM,8.2,1288.532,0,0,0,0,1,0,0.0,0.0,0.0,0.0,1288.532,0.0,1,KUCUK_TICARETHANE
13123985,38.50054404,27.12145597,35-04-K04756,35,KARSIYAKA,LATIFE HANIM,5.0,2424.484,0,0,0,0,1,0,0.0,0.0,0.0,0.0,2424.484,0.0,1,KUCUK_TICARETHANE
13123995,38.50049596,27.12147516,35-04-K04756,35,KARSIYAKA,LATIFE HANIM,8.7,5965.083,0,0,0,0,1,0,0.0,0.0,0.0,0.0,5965.083,0.0,1,KUCUK_TICARETHANE
13132529,38.5006471,27.07144732,35-09-K01480,35,CIGLI,YAKAKENT,5.0,1379.126,0,0,0,0,1,0,0.0,0.0,0.0,0.0,1379.126,0.0,1,KUCUK_TICARETHANE
13132538,38.510805,27.064987,35-09-M03035,35,CIGLI,IZKENT,5.0,4233.887,0,0,0,0,1,0,0.0,0.0,0.0,0.0,4233.887,0.0,1,KUCUK_TICARETHANE
13136472,38.48027991,27.06931958,35-09-M01447,35,CIGLI,ATASEHIR,21.76,7611.1359999999995,0,0,0,0,2,0,0.0,0.0,0.0,0.0,7611.1359999999995,0.0,2,ORTA_TICARETHANE
13136535,38.48053234,27.11458874,35-04-M01150,35,KARSIYAKA,ORNEKKOY,5.0,679.221,0,0,0,0,1,0,0.0,0.0,0.0,0.0,679.221,0.0,1,KUCUK_TICARETHANE
13145267,38.46146482,27.11892717,35-04-K03203,35,KARSIYAKA,BAHARIYE,5.419375,45252.991,0,10,0,0,6,0,0.0,24419.012,0.0,0.0,20833.979,0.0,16,ORTA_TICARETHANE
13149547,38.49999725,27.08584435,35-09-K01953,35,CIGLI,EVKA - 2,31.18,24979.02,0,0,0,0,1,0,0.0,0.0,0.0,0.0,24979.02,0.0,1,ORTA_TICARETHANE
13150900,38.51762272,27.03565704,35-09-M01383,35,CIGLI,BALATCIK,17.208000000000002,231060.735,0,0,0,0,9,0,0.0,0.0,0.0,0.0,231060.735,0.0,9,ORTA_TICARETHANE
13151397,38.48876673,27.07458638,35-09-M01950,35,CIGLI,MALTEPE,11.073333333333332,15598.869999999999,0,0,0,0,3,0,0.0,0.0,0.0,0.0,15598.869999999999,0.0,3,ORTA_TICARETHANE
13151527,38.46588308,27.12295141,35-04-K01067,35,KARSIYAKA,BAHCELIEVLER,5.0,5827.451,0,0,0,0,1,0,0.0,0.0,0.0,0.0,5827.451,0.0,1,KUCUK_TICARETHANE
13152027,38.49859112,27.12326059,35-04-K04756,35,KARSIYAKA,LATIFE HANIM,8.5,2018.186,0,0,0,0,2,0,0.0,0.0,0.0,0.0,2018.186,0.0,2,KUCUK_TICARETHANE
13152037,38.498568,27.12340404,35-04-K04756,35,KARSIYAKA,LATIFE HANIM,7.24,2319.5,0,0,0,0,1,0,0.0,0.0,0.0,0.0,2319.5,0.0,1,KUCUK_TICARETHANE
13152047,38.49856235,27.12360243,35-04-K04756,35,KARSIYAKA,LATIFE HANIM,8.39,3399.532,0,0,0,0,2,0,0.0,0.0,0.0,0.0,3399.532,0.0,2,KUCUK_TICARETHANE
13152057,38.4984214,27.12354095,35-04-K04756,35,KARSIYAKA,LATIFE HANIM,8.2,17525.706,0,0,0,0,3,0,0.0,0.0,0.0,0.0,17525.706,0.0,3,ORTA_TICARETHANE
13152067,38.49842614,27.12339776,35-04-K04756,35,KARSIYAKA,LATIFE HANIM,8.2,2873.31,0,0,0,0,1,0,0.0,0.0,0.0,0.0,2873.31,0.0,1,KUCUK_TICARETHANE
13152077,38.49842994,27.12328325,35-04-K04756,35,KARSIYAKA,LATIFE HANIM,8.432,2076.24,0,0,0,0,1,0,0.0,0.0,0.0,0.0,2076.24,0.0,1,KUCUK_TICARETHANE
13152087,38.49842998,27.12316098,35-04-K04756,35,KARSIYAKA,LATIFE HANIM,7.24,202.091,0,0,0,0,1,0,0.0,0.0,0.0,0.0,202.091,0.0,1,KUCUK_TICARETHANE
13152097,38.49842702,27.12305799,35-04-K04756,35,KARSIYAKA,LATIFE HANIM,10.68,6429.961,0,0,0,0,1,0,0.0,0.0,0.0,0.0,6429.961,0.0,1,KUCUK_TICARETHANE
13152107,38.49843697,27.12293404,35-04-K04756,35,KARSIYAKA,LATIFE HANIM,5.18,7537.1,0,0,0,0,2,0,0.0,0.0,0.0,0.0,7537.1,0.0,2,KUCUK_TICARETHANE
13152127,38.49843699,27.12272004,35-04-K04756,35,KARSIYAKA,LATIFE HANIM,7.24,6453.675,0,0,0,0,1,0,0.0,0.0,0.0,0.0,6453.675,0.0,1,KUCUK_TICARETHANE
13152297,38.46720011,27.09712533,35-04-K03229,35,KARSIYAKA,YALI,12.374117647058823,25378.4851,0,11,0,0,6,0,0.0,23447.7671,0.0,0.0,1930.718,0.0,17,KUCUK_TICARETHANE
13152407,38.48034918,27.05449115,35-09-K02537,35,CIGLI,ATASEHIR,98.84,21747.0,0,0,0,0,1,0,0.0,0.0,0.0,0.0,21747.0,0.0,1,ORTA_TICARETHANE
13152627,38.5077252,27.04697128,35-09-K03315,35,CIGLI,BALATCIK,612.0,430542.2,0,0,1,0,0,0,0.0,0.0,430542.2,0.0,0.0,0.0,1,BUYUK_SANAYI
13154307,38.48026431,27.06893015,35-09-M01447,35,CIGLI,ATASEHIR,22.78,48828.28,0,0,0,0,1,0,0.0,0.0,0.0,0.0,48828.28,0.0,1,ORTA_TICARETHANE
13154417,38.50118705,27.12138912,35-04-K04756,35,KARSIYAKA,LATIFE HANIM,8.2,3117.03,0,0,0,0,1,0,0.0,0.0,0.0,0.0,3117.03,0.0,1,KUCUK_TICARETHANE
13154427,38.50108605,27.1213902,35-04-K04756,35,KARSIYAKA,LATIFE HANIM,8.2,1842.67,0,0,0,0,1,0,0.0,0.0,0.0,0.0,1842.67,0.0,1,KUCUK_TICARETHANE
13154567,38.45689451,27.11843996,35-04-K01109,35,KARSIYAKA,TUNA,60.1,63609.11,0,0,0,0,1,0,0.0,0.0,0.0,0.0,63609.11,0.0,1,ORTA_TICARETHANE
13154857,38.48847216,27.07331216,35-09-M01950,35,CIGLI,MALTEPE,9.190000000000001,21545.733,0,1,0,0,1,0,0.0,13852.44,0.0,0.0,7693.293,0.0,2,KUCUK_TICARETHANE
13156887,38.49751925,27.0657828,35-09-K04307,35,CIGLI,KOYICI,10.65,4885.272,0,2,0,0,1,0,0.0,4632.901,0.0,0.0,252.371,0.0,3,KUCUK_TICARETHANE
13156907,38.49360581,27.06402197,35-09-M02551,35,CIGLI,KOYICI,5.326666666666667,6748.645,0,0,0,0,3,0,0.0,0.0,0.0,0.0,6748.645,0.0,3,KUCUK_TICARETHANE
13158977,38.49882399,27.12478804,35-04-K04757,35,KARSIYAKA,LATIFE HANIM,8.8,8583.971,0,0,0,0,1,0,0.0,0.0,0.0,0.0,8583.971,0.0,1,KUCUK_TICARETHANE
13158987,38.49880096,27.124915,35-04-K04757,35,KARSIYAKA,LATIFE HANIM,5.08,5192.549,0,0,0,0,1,0,0.0,0.0,0.0,0.0,5192.549,0.0,1,KUCUK_TICARETHANE
13158997,38.49879102,27.12502798,35-04-K04757,35,KARSIYAKA,LATIFE HANIM,5.2,9407.203,0,0,0,0,1,0,0.0,0.0,0.0,0.0,9407.203,0.0,1,KUCUK_TICARETHANE
13160216,38.49703779,26.94342312,35-09-M00540,35,CIGLI,SASALLI MERKEZ,23.08,3314.065,0,0,0,0,1,0,0.0,0.0,0.0,0.0,3314.065,0.0,1,ORTA_TICARETHANE
13160549,38.46852391,27.09304736,35-04-K03975,35,KARSIYAKA,YALI,5.558333333333334,10728.788,0,4,0,0,2,0,0.0,6773.452,0.0,0.0,3955.3360000000002,0.0,6,KUCUK_TICARETHANE
13160702,38.49616537,26.94455872,35-09-M00540,35,CIGLI,SASALLI MERKEZ,17.8,988.313,0,0,0,0,1,0,0.0,0.0,0.0,0.0,988.313,0.0,1,ORTA_TICARETHANE
13160711,38.49596708,26.94370143,35-09-M00540,35,CIGLI,SASALLI MERKEZ,8.35,351.709,0,0,0,0,1,0,0.0,0.0,0.0,0.0,351.709,0.0,1,KUCUK_TICARETHANE
13160846,38.49636554,26.94345652,35-09-M00540,35,CIGLI,SASALLI MERKEZ,8.35,24.143,0,0,0,0,1,0,0.0,0.0,0.0,0.0,24.143,0.0,1,KUCUK_TICARETHANE
13162610,38.48155007,27.05462547,35-09-K02537,35,CIGLI,ATASEHIR,24.69,10652.357,0,0,0,0,2,0,0.0,0.0,0.0,0.0,10652.357,0.0,2,ORTA_TICARETHANE
13164473,38.47629534,27.10579506,35-04-M01028,35,KARSIYAKA,IMBATLI,102.7,42443.04,0,0,0,0,1,0,0.0,0.0,0.0,0.0,42443.04,0.0,1,ORTA_TICARETHANE
13164806,38.49665136,26.9437948,35-09-M00540,35,CIGLI,SASALLI MERKEZ,8.35,2691.822,0,0,0,0,1,0,0.0,0.0,0.0,0.0,2691.822,0.0,1,KUCUK_TICARETHANE
13165103,38.49247534,27.07147891,35-09-M01951,35,CIGLI,MALTEPE,7.026666666666666,7118.482,0,1,0,0,2,0,0.0,2571.851,0.0,0.0,4546.630999999999,0.0,3,KUCUK_TICARETHANE
13167606,38.47105656,27.10848989,35-04-K01735,35,KARSIYAKA,DEDEBASI,5.0,3710.993,0,0,0,0,1,0,0.0,0.0,0.0,0.0,3710.993,0.0,1,KUCUK_TICARETHANE
13167939,38.47200694,27.08361109,35-04-K03390,35,KARSIYAKA,YALI,25.51776923076923,190134.822,0,1,0,0,12,0,0.0,4858.291,0.0,0.0,185276.531,0.0,13,ORTA_TICARETHANE
13167957,38.46723772,27.09922012,35-04-M01643,35,KARSIYAKA,DEMIRKOPRU,5.0,9049.536,0,1,0,0,1,0,0.0,5834.794,0.0,0.0,3214.742,0.0,2,KUCUK_TICARETHANE
13168344,38.47847081,27.08288063,35-04-M01584,35,KARSIYAKA,YALI,13.233333333333334,23384.833,0,0,0,0,3,0,0.0,0.0,0.0,0.0,23384.833,0.0,3,ORTA_TICARETHANE
13169019,38.48049122,27.05336511,35-09-K02537,35,CIGLI,ATASEHIR,59.205,39478.367,0,0,0,0,2,0,0.0,0.0,0.0,0.0,39478.367,0.0,2,ORTA_TICARETHANE
13170604,38.47849764,27.08283748,35-04-M01584,35,KARSIYAKA,YALI,22.118247311827954,1685675.57,0,1,0,0,185,0,0.0,976.854,0.0,0.0,1684698.716,0.0,186,ORTA_TICARETHANE
13170973,38.49339782,27.05408889,35-09-K01878,35,CIGLI,YENI MAHALLE,9.814,52096.579999999994,0,0,0,0,5,0,0.0,0.0,0.0,0.0,52096.579999999994,0.0,5,ORTA_TICARETHANE
13170991,38.49167309,27.06656208,35-09-K04221,35,CIGLI,SIRINTEPE,11.784210526315789,155360.1,0,4,0,0,15,0,0.0,5480.694,0.0,0.0,149879.40600000002,0.0,19,ORTA_TICARETHANE
13171216,38.45848,27.1137983,35-04-K00590,35,KARSIYAKA,BAHRIYE UCOK,46.78,94096.9,0,0,0,0,1,0,0.0,0.0,0.0,0.0,94096.9,0.0,1,ORTA_TICARETHANE
13171225,38.4582983,27.11422377,35-04-K00590,35,KARSIYAKA,BAHRIYE UCOK,241.5,317264.3,0,0,0,0,1,0,0.0,0.0,0.0,0.0,317264.3,0.0,1,ORTA_TICARETHANE
13172017,38.4888783,27.0726283,35-09-M01950,35,CIGLI,MALTEPE,60.51,78617.91,0,0,0,0,1,0,0.0,0.0,0.0,0.0,78617.91,0.0,1,ORTA_TICARETHANE
13173106,38.48825837,27.07591824,35-09-M01608,35,CIGLI,MALTEPE,8.37,19374.09,0,0,0,0,1,0,0.0,0.0,0.0,0.0,19374.09,0.0,1,ORTA_TICARETHANE
13173376,38.4920131,27.06496742,35-09-K04221,35,CIGLI,KOYICI,13.82,67654.868,0,0,0,0,6,0,0.0,0.0,0.0,0.0,67654.868,0.0,6,ORTA_TICARETHANE
13173898,38.48137814,27.05403145,35-09-K02537,35,CIGLI,ATASEHIR,5.88,5969.775,0,0,0,0,1,0,0.0,0.0,0.0,0.0,5969.775,0.0,1,KUCUK_TICARETHANE
13173934,38.48146954,27.05340229,35-09-K02537,35,CIGLI,ATASEHIR,17.974,94929.02,0,0,0,0,5,0,0.0,0.0,0.0,0.0,94929.02,0.0,5,ORTA_TICARETHANE
13175986,38.46812099,27.09675704,35-04-K01422,35,KARSIYAKA,SEMIKLER,11.65157894736842,108134.825,0,10,0,0,9,0,0.0,39399.422,0.0,0.0,68735.403,0.0,19,ORTA_TICARETHANE
13176085,38.49861404,27.12249103,35-04-K04756,35,KARSIYAKA,LATIFE HANIM,7.884,7360.531,0,0,0,0,1,0,0.0,0.0,0.0,0.0,7360.531,0.0,1,KUCUK_TICARETHANE
13176094,38.49860998,27.12261492,35-04-K04756,35,KARSIYAKA,LATIFE HANIM,8.2,8280.848,0,0,0,0,1,0,0.0,0.0,0.0,0.0,8280.848,0.0,1,KUCUK_TICARETHANE
13176103,38.49858379,27.12272077,35-04-K04756,35,KARSIYAKA,LATIFE HANIM,8.2,2662.576,0,0,0,0,2,0,0.0,0.0,0.0,0.0,2662.576,0.0,2,KUCUK_TICARETHANE
13176112,38.49860097,27.12282408,35-04-K04756,35,KARSIYAKA,LATIFE HANIM,8.2,1674.718,0,0,0,0,1,0,0.0,0.0,0.0,0.0,1674.718,0.0,1,KUCUK_TICARETHANE
13176121,38.49860103,27.12295701,35-04-K04756,35,KARSIYAKA,LATIFE HANIM,8.7,1286.775,0,0,0,0,1,0,0.0,0.0,0.0,0.0,1286.775,0.0,1,KUCUK_TICARETHANE
13176130,38.49857567,27.12309872,35-04-K04756,35,KARSIYAKA,LATIFE HANIM,8.64,3058.622,0,0,0,0,2,0,0.0,0.0,0.0,0.0,3058.622,0.0,2,KUCUK_TICARETHANE
13176139,38.49858601,27.12318205,35-04-K04756,35,KARSIYAKA,LATIFE HANIM,8.64,2873.273,0,0,0,0,2,0,0.0,0.0,0.0,0.0,2873.273,0.0,2,KUCUK_TICARETHANE
13176157,38.49980105,27.12549492,35-04-K04757,35,KARSIYAKA,LATIFE HANIM,46.875,22068.89,0,0,0,0,1,0,0.0,0.0,0.0,0.0,22068.89,0.0,1,ORTA_TICARETHANE
13176166,38.49985514,27.12508704,35-04-K04757,35,KARSIYAKA,LATIFE HANIM,42.96,13677.82,0,0,0,0,1,0,0.0,0.0,0.0,0.0,13677.82,0.0,1,ORTA_TICARETHANE
13178407,38.48815677,27.07991171,35-09-K02499,35,CIGLI,AYDINLIKEVLER,18.8,17734.66,0,0,0,0,1,0,0.0,0.0,0.0,0.0,17734.66,0.0,1,ORTA_TICARETHANE
13178740,38.49683874,26.94352315,35-09-M00540,35,CIGLI,SASALLI MERKEZ,8.35,2183.659,0,0,0,0,1,0,0.0,0.0,0.0,0.0,2183.659,0.0,1,KUCUK_TICARETHANE
13179235,38.47000376,27.10522827,35-04-M01473,35,KARSIYAKA,DEDEBASI,340.0,142270.6,0,0,0,0,1,0,0.0,0.0,0.0,0.0,142270.6,0.0,1,ORTA_TICARETHANE
13179325,38.48682504,27.08933448,35-04-M01724,35,KARSIYAKA,INONU,20.019136363636363,331779.189,0,2,0,0,20,0,0.0,14872.58,0.0,0.0,316906.609,0.0,22,ORTA_TICARETHANE
13179964,38.50052413,27.09415928,35-04-M00839,35,KARSIYAKA,MUSTAFA KEMAL,44.669999999999995,63613.249,0,0,0,0,6,0,0.0,0.0,0.0,0.0,63613.249,0.0,6,ORTA_TICARETHANE
13180396,38.49175682,27.06595115,35-09-K04221,35,CIGLI,SIRINTEPE,17.98775,100509.613,0,0,0,0,8,0,0.0,0.0,0.0,0.0,100509.613,0.0,8,ORTA_TICARETHANE
13182034,38.51930029,27.03842009,35-09-M01091,35,CIGLI,AHMET EFENDI,11.88,30646.99,0,0,0,0,1,0,0.0,0.0,0.0,0.0,30646.99,0.0,1,ORTA_TICARETHANE
13182043,38.51974712,27.03799884,35-09-M01091,35,CIGLI,AHMET EFENDI,41.65,94889.836,0,0,0,0,2,0,0.0,0.0,0.0,0.0,94889.836,0.0,2,ORTA_TICARETHANE
13182124,38.500054,27.12367004,35-04-K04757,35,KARSIYAKA,LATIFE HANIM,87.02,72333.88,0,0,0,0,1,0,0.0,0.0,0.0,0.0,72333.88,0.0,1,ORTA_TICARETHANE
13182133,38.50003503,27.12379502,35-04-K04757,35,KARSIYAKA,LATIFE HANIM,5.0,13230.67,0,0,0,0,1,0,0.0,0.0,0.0,0.0,13230.67,0.0,1,ORTA_TICARETHANE
13182142,38.50001798,27.12390299,35-04-K04757,35,KARSIYAKA,LATIFE HANIM,5.0,2744.374,0,0,0,0,1,0,0.0,0.0,0.0,0.0,2744.374,0.0,1,KUCUK_TICARETHANE
13182151,38.499981,27.12401896,35-04-K04757,35,KARSIYAKA,LATIFE HANIM,5.0,5885.868,0,0,0,0,1,0,0.0,0.0,0.0,0.0,5885.868,0.0,1,KUCUK_TICARETHANE
13182160,38.49998602,27.12413102,35-04-K04757,35,KARSIYAKA,LATIFE HANIM,5.0,2168.672,0,0,0,0,1,0,0.0,0.0,0.0,0.0,2168.672,0.0,1,KUCUK_TICARETHANE
13182169,38.49997302,27.12423701,35-04-K04757,35,KARSIYAKA,LATIFE HANIM,5.0,2194.785,0,0,0,0,1,0,0.0,0.0,0.0,0.0,2194.785,0.0,1,KUCUK_TICARETHANE
13182178,38.49991099,27.12435899,35-04-K04757,35,KARSIYAKA,LATIFE HANIM,8.690000000000001,16821.19,0,0,0,0,2,0,0.0,0.0,0.0,0.0,16821.19,0.0,2,ORTA_TICARETHANE
13184428,38.49971388,27.12588964,35-04-K04757,35,KARSIYAKA,LATIFE HANIM,208.672,92127.44,0,0,0,0,1,0,0.0,0.0,0.0,0.0,92127.44,0.0,1,ORTA_TICARETHANE
13186255,38.51938579,27.03691773,35-09-M01091,35,CIGLI,AHMET EFENDI,9.195714285714287,135220.404,0,0,0,0,7,0,0.0,0.0,0.0,0.0,135220.404,0.0,7,ORTA_TICARETHANE
13186975,38.51179211,27.04758095,35-09-K03266,35,CIGLI,BALATCIK,20.68,9601.101,0,0,0,0,1,0,0.0,0.0,0.0,0.0,9601.101,0.0,1,ORTA_TICARETHANE
13187200,38.50785418,27.04021375,35-09-M00396,35,CIGLI,BALATCIK,9.175,21972.195,0,1,0,0,1,0,0.0,2637.155,0.0,0.0,19335.04,0.0,2,ORTA_TICARETHANE
13188640,38.48101679,27.05421435,35-09-K02537,35,CIGLI,ATASEHIR,7.115,6576.7880000000005,0,0,0,0,2,0,0.0,0.0,0.0,0.0,6576.7880000000005,0.0,2,KUCUK_TICARETHANE
13188721,38.50102801,27.1214118,35-04-K04756,35,KARSIYAKA,LATIFE HANIM,8.2,551.196,0,0,0,0,1,0,0.0,0.0,0.0,0.0,551.196,0.0,1,KUCUK_TICARETHANE
13188730,38.50097899,27.12141612,35-04-K04756,35,KARSIYAKA,LATIFE HANIM,8.2,3037.206,0,0,0,0,1,0,0.0,0.0,0.0,0.0,3037.206,0.0,1,KUCUK_TICARETHANE
13188748,38.50065401,27.12146112,35-04-K04756,35,KARSIYAKA,LATIFE HANIM,8.2,1960.654,0,0,0,0,1,0,0.0,0.0,0.0,0.0,1960.654,0.0,1,KUCUK_TICARETHANE
13188757,38.50043797,27.12147603,35-04-K04756,35,KARSIYAKA,LATIFE HANIM,8.54,319.301,0,0,0,0,1,0,0.0,0.0,0.0,0.0,319.301,0.0,1,KUCUK_TICARETHANE
13189063,38.47970906,27.10456678,35-04-M01180,35,KARSIYAKA,CUMHURIYET,5.0,5727.436,0,2,0,0,1,0,0.0,3953.411,0.0,0.0,1774.025,0.0,3,KUCUK_TICARETHANE
13191611,38.49660461,26.9426019,35-09-M00540,35,CIGLI,SASALLI MERKEZ,5.34,65.949,0,0,0,0,1,0,0.0,0.0,0.0,0.0,65.949,0.0,1,KUCUK_TICARETHANE
13191620,38.49661408,26.94281796,35-09-M00540,35,CIGLI,SASALLI MERKEZ,6.62,11.135,0,0,0,0,1,0,0.0,0.0,0.0,0.0,11.135,0.0,1,KUCUK_TICARETHANE
13193915,38.49631689,26.94374409,35-09-M00540,35,CIGLI,SASALLI MERKEZ,8.35,1653.674,0,0,0,0,1,0,0.0,0.0,0.0,0.0,1653.674,0.0,1,KUCUK_TICARETHANE
13195166,38.49665055,26.94365952,35-09-M00540,35,CIGLI,SASALLI MERKEZ,8.35,5106.665,0,0,0,0,1,0,0.0,0.0,0.0,0.0,5106.665,0.0,1,KUCUK_TICARETHANE
13200629,38.46259246,27.10463916,35-04-K01692,35,KARSIYAKA,NERGIZ,8.35,18376.3,0,0,0,0,1,0,0.0,0.0,0.0,0.0,18376.3,0.0,1,ORTA_TICARETHANE
13204103,38.49603977,26.94362408,35-09-M00540,35,CIGLI,SASALLI MERKEZ,8.35,1585.752,0,0,0,0,1,0,0.0,0.0,0.0,0.0,1585.752,0.0,1,KUCUK_TICARETHANE
13204940,38.49585615,26.94422545,35-09-M00540,35,CIGLI,SASALLI MERKEZ,22.44,1646.36,0,0,0,0,1,0,0.0,0.0,0.0,0.0,1646.36,0.0,1,ORTA_TICARETHANE
13205967,38.49358697,27.06373977,35-09-M02551,35,CIGLI,KOYICI,19.223,53606.72,0,0,0,0,1,0,0.0,0.0,0.0,0.0,53606.72,0.0,1,ORTA_TICARETHANE
13205976,38.48015697,27.05400041,35-09-K02537,35,CIGLI,ATASEHIR,9.5725,30511.18,0,0,0,0,4,0,0.0,0.0,0.0,0.0,30511.18,0.0,4,ORTA_TICARETHANE
13207092,38.48144553,27.05411258,35-09-K02537,35,CIGLI,ATASEHIR,8.35,5792.271,0,0,0,0,1,0,0.0,0.0,0.0,0.0,5792.271,0.0,1,KUCUK_TICARETHANE
13208352,38.4810442,27.0534875,35-09-K02537,35,CIGLI,ATASEHIR,7.723333333333334,7815.0869999999995,0,0,0,0,3,0,0.0,0.0,0.0,0.0,7815.0869999999995,0.0,3,KUCUK_TICARETHANE
13208361,38.49648301,26.94338297,35-09-M00540,35,CIGLI,SASALLI MERKEZ,5.5,1181.938,0,0,0,0,1,0,0.0,0.0,0.0,0.0,1181.938,0.0,1,KUCUK_TICARETHANE
13208379,38.49621976,26.94443627,35-09-M00540,35,CIGLI,SASALLI MERKEZ,98.64,7903.32,0,0,0,0,1,0,0.0,0.0,0.0,0.0,7903.32,0.0,1,ORTA_TICARETHANE
13208802,38.49590323,26.94362738,35-09-M00540,35,CIGLI,SASALLI MERKEZ,7.16,4387.922,0,0,0,0,1,0,0.0,0.0,0.0,0.0,4387.922,0.0,1,KUCUK_TICARETHANE
13209144,38.48059592,27.05334355,35-09-K02537,35,CIGLI,ATASEHIR,8.35,1166.398,0,0,0,0,1,0,0.0,0.0,0.0,0.0,1166.398,0.0,1,KUCUK_TICARETHANE
13209180,38.49668178,26.94305619,35-09-M00540,35,CIGLI,SASALLI MERKEZ,6.18,2172.135,0,0,0,0,1,0,0.0,0.0,0.0,0.0,2172.135,0.0,1,KUCUK_TICARETHANE
13209189,38.4967642,26.94308795,35-09-M00540,35,CIGLI,SASALLI MERKEZ,5.0,1666.533,0,0,0,0,1,0,0.0,0.0,0.0,0.0,1666.533,0.0,1,KUCUK_TICARETHANE
13209495,38.4810744,27.0541324,35-09-K02537,35,CIGLI,ATASEHIR,10.98875,64518.439999999995,0,0,0,0,8,0,0.0,0.0,0.0,0.0,64518.439999999995,0.0,8,ORTA_TICARETHANE
13209522,38.48616676,27.05497715,35-09-K03481,35,CIGLI,ATASEHIR,10.24,32081.345,0,3,0,0,2,0,0.0,8603.495,0.0,0.0,23477.85,0.0,5,ORTA_TICARETHANE
13210340,38.49679795,26.94427634,35-09-M00540,35,CIGLI,SASALLI MERKEZ,8.58,1659.203,0,0,0,0,1,0,0.0,0.0,0.0,0.0,1659.203,0.0,1,KUCUK_TICARETHANE
13210907,38.49587945,26.94433526,35-09-M00540,35,CIGLI,SASALLI MERKEZ,5.2,5553.702,0,0,0,0,1,0,0.0,0.0,0.0,0.0,5553.702,0.0,1,KUCUK_TICARETHANE
13210916,38.48124831,27.0538524,35-09-K02537,35,CIGLI,ATASEHIR,9.66,5057.554,0,0,0,0,1,0,0.0,0.0,0.0,0.0,5057.554,0.0,1,KUCUK_TICARETHANE
13211492,38.48073592,27.05429623,35-09-K02537,35,CIGLI,ATASEHIR,30.84,1387.824,0,0,0,0,1,0,0.0,0.0,0.0,0.0,1387.824,0.0,1,ORTA_TICARETHANE
13212131,38.49653343,26.94397141,35-09-M00540,35,CIGLI,SASALLI MERKEZ,8.35,12611.86,0,0,0,0,1,0,0.0,0.0,0.0,0.0,12611.86,0.0,1,ORTA_TICARETHANE
13212158,38.49608675,26.94426507,35-09-M00540,35,CIGLI,SASALLI MERKEZ,8.58,7423.806,0,0,0,0,1,0,0.0,0.0,0.0,0.0,7423.806,0.0,1,KUCUK_TICARETHANE
13217674,38.48083518,27.05476243,35-09-K02537,35,CIGLI,ATASEHIR,6.6883333333333335,25849.481,0,0,0,0,6,0,0.0,0.0,0.0,0.0,25849.481,0.0,6,ORTA_TICARETHANE
13218997,38.49679795,26.94427634,35-09-M00540,35,CIGLI,SASALLI MERKEZ,8.35,1.319,0,0,0,0,1,0,0.0,0.0,0.0,0.0,1.319,0.0,1,KUCUK_TICARETHANE
13219546,38.49679795,26.94427634,35-09-M00540,35,CIGLI,SASALLI MERKEZ,5.0,44.437,0,0,0,0,1,0,0.0,0.0,0.0,0.0,44.437,0.0,1,KUCUK_TICARETHANE
13219834,38.49628531,26.94392561,35-09-M00540,35,CIGLI,SASALLI MERKEZ,8.35,38.862,0,0,0,0,1,0,0.0,0.0,0.0,0.0,38.862,0.0,1,KUCUK_TICARETHANE
13219843,38.49627562,26.94431897,35-09-M00540,35,CIGLI,SASALLI MERKEZ,8.42,39.985,0,0,0,0,1,0,0.0,0.0,0.0,0.0,39.985,0.0,1,KUCUK_TICARETHANE
13224658,38.49615969,26.94462669,35-09-M00540,35,CIGLI,SASALLI MERKEZ,22.28,1719.369,0,0,0,0,1,0,0.0,0.0,0.0,0.0,1719.369,0.0,1,ORTA_TICARETHANE
13224667,38.49601176,26.94373444,35-09-M00540,35,CIGLI,SASALLI MERKEZ,7.755,5505.145,0,0,0,0,2,0,0.0,0.0,0.0,0.0,5505.145,0.0,2,KUCUK_TICARETHANE
13225602,38.4968214,26.94361774,35-09-M00540,35,CIGLI,SASALLI MERKEZ,6.43,2373.166,0,0,0,0,1,0,0.0,0.0,0.0,0.0,2373.166,0.0,1,KUCUK_TICARETHANE
13233855,38.47556868,27.08902922,35-04-K03022,35,KARSIYAKA,YALI,8.35,4488.086,0,1,0,0,1,0,0.0,4127.385,0.0,0.0,360.701,0.0,2,KUCUK_TICARETHANE
13240607,38.47287171,27.09976003,35-04-K03083,35,KARSIYAKA,FIKRI ALTAY,10.51157894736842,67767.985,0,12,0,0,7,0,0.0,34769.553,0.0,0.0,32998.432,0.0,19,ORTA_TICARETHANE
13240733,38.49681398,26.94320316,35-09-M00540,35,CIGLI,SASALLI MERKEZ,7.905,2203.395,0,0,0,0,1,0,0.0,0.0,0.0,0.0,2203.395,0.0,1,KUCUK_TICARETHANE
13240742,38.49633169,26.94289425,35-09-M00540,35,CIGLI,SASALLI MERKEZ,18.6,2677.277,0,0,0,0,1,0,0.0,0.0,0.0,0.0,2677.277,0.0,1,ORTA_TICARETHANE
13244575,38.48128585,27.05420706,35-09-K02537,35,CIGLI,ATASEHIR,8.35,50675.3,0,0,0,0,1,0,0.0,0.0,0.0,0.0,50675.3,0.0,1,ORTA_TICARETHANE
13244584,38.48121398,27.05404445,35-09-K02537,35,CIGLI,ATASEHIR,8.35,2920.81,0,0,0,0,1,0,0.0,0.0,0.0,0.0,2920.81,0.0,1,KUCUK_TICARETHANE
13244692,38.49587945,26.94433526,35-09-M00540,35,CIGLI,SASALLI MERKEZ,7.08,101.509,0,0,0,0,1,0,0.0,0.0,0.0,0.0,101.509,0.0,1,KUCUK_TICARETHANE
13244746,38.4959049,26.94401396,35-09-M00540,35,CIGLI,SASALLI MERKEZ,7.16,2044.738,0,0,0,0,1,0,0.0,0.0,0.0,0.0,2044.738,0.0,1,KUCUK_TICARETHANE
13244755,38.49590796,26.94409725,35-09-M00540,35,CIGLI,SASALLI MERKEZ,8.35,0.002,0,0,0,0,1,0,0.0,0.0,0.0,0.0,0.002,0.0,1,KUCUK_TICARETHANE
13244972,38.48053322,27.05488869,35-09-K02537,35,CIGLI,ATASEHIR,16.19,5780.175,0,0,0,0,1,0,0.0,0.0,0.0,0.0,5780.175,0.0,1,ORTA_TICARETHANE
13247078,38.48048033,27.05343853,35-09-K02537,35,CIGLI,ATASEHIR,5.6,4305.849,0,0,0,0,1,0,0.0,0.0,0.0,0.0,4305.849,0.0,1,KUCUK_TICARETHANE
13247699,38.4557717,27.11828,35-04-K01109,35,KARSIYAKA,TUNA,142.1,120551.0,0,0,0,0,1,0,0.0,0.0,0.0,0.0,120551.0,0.0,1,ORTA_TICARETHANE
13247942,38.48639514,27.05332564,35-09-K02817,35,CIGLI,ATASEHIR,8.35,0.0,0,0,0,0,2,0,0.0,0.0,0.0,0.0,0.0,0.0,2,KUCUK_TICARETHANE
13248176,38.47428439,27.06475059,35-04-K03808,35,KARSIYAKA,MAVISEHIR,20.27,13458.69,0,0,0,0,1,0,0.0,0.0,0.0,0.0,13458.69,0.0,1,ORTA_TICARETHANE
13249130,38.48104746,27.05362405,35-09-K02537,35,CIGLI,ATASEHIR,7.016666666666667,15241.866,0,0,0,0,3,0,0.0,0.0,0.0,0.0,15241.866,0.0,3,ORTA_TICARETHANE
13249598,38.49668827,26.94365473,35-09-M00540,35,CIGLI,SASALLI MERKEZ,8.35,8429.93,0,0,0,0,1,0,0.0,0.0,0.0,0.0,8429.93,0.0,1,KUCUK_TICARETHANE
13249742,38.49629246,26.94354929,35-09-M00540,35,CIGLI,SASALLI MERKEZ,8.35,1996.285,0,0,0,0,1,0,0.0,0.0,0.0,0.0,1996.285,0.0,1,KUCUK_TICARETHANE
13251182,38.49667488,26.94456185,35-09-M00540,35,CIGLI,SASALLI MERKEZ,15.66,730.663,0,0,0,0,1,0,0.0,0.0,0.0,0.0,730.663,0.0,1,ORTA_TICARETHANE
13251191,38.49649578,26.9447158,35-09-M00540,35,CIGLI,SASALLI MERKEZ,8.28,698.89,0,0,0,0,1,0,0.0,0.0,0.0,0.0,698.89,0.0,1,KUCUK_TICARETHANE
13251200,38.49648197,26.94488164,35-09-M00540,35,CIGLI,SASALLI MERKEZ,7.16,12062.75,0,0,0,0,1,0,0.0,0.0,0.0,0.0,12062.75,0.0,1,ORTA_TICARETHANE
13251236,38.49628803,26.94403922,35-09-M00540,35,CIGLI,SASALLI MERKEZ,8.35,1022.959,0,0,0,0,1,0,0.0,0.0,0.0,0.0,1022.959,0.0,1,KUCUK_TICARETHANE
13254909,38.4916046,27.08219939,35-09-K04124,35,CIGLI,AYDINLIKEVLER,5.0,3109.035,0,1,0,0,1,0,0.0,1258.826,0.0,0.0,1850.209,0.0,2,KUCUK_TICARETHANE
13254945,38.49600912,26.9434621,35-09-M00540,35,CIGLI,SASALLI MERKEZ,7.72,1629.834,0,0,0,0,1,0,0.0,0.0,0.0,0.0,1629.834,0.0,1,KUCUK_TICARETHANE
13256502,38.48059426,27.05380963,35-09-K02537,35,CIGLI,ATASEHIR,11.14,98.9,0,0,0,0,1,0,0.0,0.0,0.0,0.0,98.9,0.0,1,KUCUK_TICARETHANE
13258482,38.48107399,27.05354952,35-09-K02537,35,CIGLI,ATASEHIR,6.675,3204.41399,0,0,0,0,2,0,0.0,0.0,0.0,0.0,3204.41399,0.0,2,KUCUK_TICARETHANE
13258608,38.50019676,27.04760637,35-09-K01859,35,CIGLI,KUCUK CIGLI,9.004444444444443,56058.278999999995,0,0,0,0,9,0,0.0,0.0,0.0,0.0,56058.278999999995,0.0,9,ORTA_TICARETHANE
13258617,38.49648318,26.94416082,35-09-M00540,35,CIGLI,SASALLI MERKEZ,8.35,1298.393,0,0,0,0,1,0,0.0,0.0,0.0,0.0,1298.393,0.0,1,KUCUK_TICARETHANE
13259040,38.49601801,26.94416902,35-09-M00540,35,CIGLI,SASALLI MERKEZ,5.56,26.375,0,0,0,0,1,0,0.0,0.0,0.0,0.0,26.375,0.0,1,KUCUK_TICARETHANE
13259364,38.49665624,26.94311346,35-09-M00540,35,CIGLI,SASALLI MERKEZ,7.16,4066.797,0,0,0,0,1,0,0.0,0.0,0.0,0.0,4066.797,0.0,1,KUCUK_TICARETHANE
13260598,38.49586823,26.94450994,35-09-M00540,35,CIGLI,SASALLI MERKEZ,8.35,3751.5,0,0,0,0,1,0,0.0,0.0,0.0,0.0,3751.5,0.0,1,KUCUK_TICARETHANE
13262614,38.48191839,27.05377606,35-09-K02537,35,CIGLI,ATASEHIR,7.504166666666666,42812.424,0,0,0,0,12,0,0.0,0.0,0.0,0.0,42812.424,0.0,12,ORTA_TICARETHANE
13262956,38.49294015,27.06340904,35-09-M02551,35,CIGLI,KOYICI,5.126666666666666,30491.677,0,0,0,0,3,0,0.0,0.0,0.0,0.0,30491.677,0.0,3,ORTA_TICARETHANE
13263001,38.4958583,26.94442044,35-09-M00540,35,CIGLI,SASALLI MERKEZ,11.3,2.377,0,0,0,0,1,0,0.0,0.0,0.0,0.0,2.377,0.0,1,KUCUK_TICARETHANE
13265908,38.48063437,27.05438803,35-09-K02537,35,CIGLI,ATASEHIR,7.115,8928.306,0,0,0,0,2,0,0.0,0.0,0.0,0.0,8928.306,0.0,2,KUCUK_TICARETHANE
13267870,38.48159849,27.05393903,35-09-K02537,35,CIGLI,ATASEHIR,5.48,1655.244,0,0,0,0,2,0,0.0,0.0,0.0,0.0,1655.244,0.0,2,KUCUK_TICARETHANE
13269175,38.48090227,27.05412161,35-09-K02537,35,CIGLI,ATASEHIR,12.6,3879.904,0,0,0,0,1,0,0.0,0.0,0.0,0.0,3879.904,0.0,1,KUCUK_TICARETHANE
13269544,38.48055827,27.0537626,35-09-K02537,35,CIGLI,ATASEHIR,6.330000000000001,4612.597,0,0,0,0,3,0,0.0,0.0,0.0,0.0,4612.597,0.0,3,KUCUK_TICARETHANE
13270003,38.49646915,26.94314455,35-09-M00540,35,CIGLI,SASALLI MERKEZ,7.2,1489.758,0,0,0,0,1,0,0.0,0.0,0.0,0.0,1489.758,0.0,1,KUCUK_TICARETHANE
13270102,38.49677684,26.94339815,35-09-M00540,35,CIGLI,SASALLI MERKEZ,8.35,48.201,0,0,0,0,1,0,0.0,0.0,0.0,0.0,48.201,0.0,1,KUCUK_TICARETHANE
13272255,38.49630489,26.94424532,35-09-M00540,35,CIGLI,SASALLI MERKEZ,8.35,1405.017,0,0,0,0,1,0,0.0,0.0,0.0,0.0,1405.017,0.0,1,KUCUK_TICARETHANE
13276476,38.49636315,26.94453383,35-09-M00540,35,CIGLI,SASALLI MERKEZ,8.35,1196.584,0,0,0,0,1,0,0.0,0.0,0.0,0.0,1196.584,0.0,1,KUCUK_TICARETHANE
13276485,38.49633954,26.94449541,35-09-M00540,35,CIGLI,SASALLI MERKEZ,8.35,5495.168,0,0,0,0,1,0,0.0,0.0,0.0,0.0,5495.168,0.0,1,KUCUK_TICARETHANE
13276503,38.49634324,26.94436697,35-09-M00540,35,CIGLI,SASALLI MERKEZ,8.465,1110.153,0,0,0,0,2,0,0.0,0.0,0.0,0.0,1110.153,0.0,2,KUCUK_TICARETHANE
13276611,38.49634402,26.94290101,35-09-M00540,35,CIGLI,SASALLI MERKEZ,7.86,708.749,0,0,0,0,1,0,0.0,0.0,0.0,0.0,708.749,0.0,1,KUCUK_TICARETHANE
13276881,38.49682691,26.94346022,35-09-M00540,35,CIGLI,SASALLI MERKEZ,7.16,583.75,0,0,0,0,1,0,0.0,0.0,0.0,0.0,583.75,0.0,1,KUCUK_TICARETHANE
13278051,38.49636678,26.94334563,35-09-M00540,35,CIGLI,SASALLI MERKEZ,8.35,151.201,0,0,0,0,1,0,0.0,0.0,0.0,0.0,151.201,0.0,1,KUCUK_TICARETHANE
13282235,38.49690687,26.94388964,35-09-M00540,35,CIGLI,SASALLI MERKEZ,8.35,212.172,0,0,0,0,1,0,0.0,0.0,0.0,0.0,212.172,0.0,1,KUCUK_TICARETHANE
13282244,38.49684792,26.94403849,35-09-M00540,35,CIGLI,SASALLI MERKEZ,5.0,898.458,0,0,0,0,1,0,0.0,0.0,0.0,0.0,898.458,0.0,1,KUCUK_TICARETHANE
13282253,38.49675808,26.94368991,35-09-M00540,35,CIGLI,SASALLI MERKEZ,7.16,411.915,0,0,0,0,1,0,0.0,0.0,0.0,0.0,411.915,0.0,1,KUCUK_TICARETHANE
13283864,38.49635485,26.94405321,35-09-M00540,35,CIGLI,SASALLI MERKEZ,6.79,6850.166,0,0,0,0,1,0,0.0,0.0,0.0,0.0,6850.166,0.0,1,KUCUK_TICARETHANE
13286783,38.49218173,27.07948342,35-09-K03320,35,CIGLI,AYDINLIKEVLER,18.42,3374.264,0,0,0,0,1,0,0.0,0.0,0.0,0.0,3374.264,0.0,1,ORTA_TICARETHANE
13289464,38.47504766,27.10347293,35-04-M01180,35,KARSIYAKA,CUMHURIYET,5.0,0.0,0,0,0,0,1,0,0.0,0.0,0.0,0.0,0.0,0.0,1,KUCUK_TICARETHANE
13289806,38.53770124,27.05220919,35-09-M00207,35,CIGLI,CUMHURIYET,21.422500000000003,50537.568,0,0,0,0,2,0,0.0,0.0,0.0,0.0,50537.568,0.0,2,ORTA_TICARETHANE
13289968,38.4836205,27.08768742,35-04-K01141,35,KARSIYAKA,CUMHURIYET,7.06,4940.665,0,0,0,0,2,0,0.0,0.0,0.0,0.0,4940.665,0.0,2,KUCUK_TICARETHANE
13292546,38.53259979,27.04944513,35-09-M00215,35,CIGLI,HARMANDALI GAZI MUSTAFA KEMAL ATATURK,5.0,3345.983,0,0,0,0,1,0,0.0,0.0,0.0,0.0,3345.983,0.0,1,KUCUK_TICARETHANE
13292771,38.48259264,27.08861363,35-04-K04013,35,KARSIYAKA,CUMHURIYET,76.728,259.92,0,0,0,0,1,0,0.0,0.0,0.0,0.0,259.92,0.0,1,ORTA_TICARETHANE
13292942,38.48278911,27.11279541,35-04-M01300,35,KARSIYAKA,ORNEKKOY,10.40125,39832.606,0,4,0,0,4,0,0.0,16257.206,0.0,0.0,23575.4,0.0,8,ORTA_TICARETHANE
13292951,38.48269197,27.11272656,35-04-M01300,35,KARSIYAKA,ORNEKKOY,10.82125,46842.755000000005,0,4,0,0,4,0,0.0,9257.769,0.0,0.0,37584.986000000004,0.0,8,ORTA_TICARETHANE
13293158,38.45638848,27.11814772,35-04-K01109,35,KARSIYAKA,DONANMACI,35.04,102199.5,0,0,0,0,1,0,0.0,0.0,0.0,0.0,102199.5,0.0,1,ORTA_TICARETHANE
13293698,38.49845009,27.12233592,35-04-K04756,35,KARSIYAKA,LATIFE HANIM,7.24,7767.963,0,0,0,0,1,0,0.0,0.0,0.0,0.0,7767.963,0.0,1,KUCUK_TICARETHANE
13298261,38.49317894,27.06087386,35-09-K04438,35,CIGLI,ATASEHIR,8.153333333333334,130138.398,0,0,0,0,6,0,0.0,0.0,0.0,0.0,130138.398,0.0,6,ORTA_TICARETHANE
13300295,38.51592646,27.04885014,35-09-M03062,35,CIGLI,EVKA-5,21.466,32918.776,0,0,0,0,2,0,0.0,0.0,0.0,0.0,32918.776,0.0,2,ORTA_TICARETHANE
13300619,38.49495905,27.06141036,35-09-K04221,35,CIGLI,KOYICI,33.06,249947.6,1,0,0,0,0,0,249947.6,0.0,0.0,0.0,0.0,0.0,0,AYDINLATMA
13301006,38.49407546,27.05037897,35-09-K01862,35,CIGLI,YENI MAHALLE,378.703,378653.6,0,0,0,0,1,0,0.0,0.0,0.0,0.0,378653.6,0.0,1,ORTA_TICARETHANE
13302626,38.515644,27.04894742,35-09-M03062,35,CIGLI,EVKA-5,21.53,17032.436,0,0,0,0,2,0,0.0,0.0,0.0,0.0,17032.436,0.0,2,ORTA_TICARETHANE
13304371,38.4635672,27.09739316,35-04-M03252,35,KARSIYAKA,BOSTANLI,24.03,84629.72,0,0,0,0,1,0,0.0,0.0,0.0,0.0,84629.72,0.0,1,ORTA_TICARETHANE
13306019,38.49354844,27.07378473,35-09-M01981,35,CIGLI,MALTEPE,5.45,72.69,0,1,0,0,1,0,0.0,37.362,0.0,0.0,35.328,0.0,2,KUCUK_TICARETHANE
13306713,38.4872848,27.06361406,35-09-K04389,35,CIGLI,ATASEHIR,64.14,57409.33,0,0,0,0,1,0,0.0,0.0,0.0,0.0,57409.33,0.0,1,ORTA_TICARETHANE
13308432,38.49646438,27.06282556,35-09-K01870,35,CIGLI,KOYICI,5.8375,29666.977,0,2,0,0,2,0,0.0,1339.7540000000001,0.0,0.0,28327.222999999998,0.0,4,ORTA_TICARETHANE
13309044,38.4745724,27.1148325,35-04-M01265,35,KARSIYAKA,ORNEKKOY,9.7823,57502.879,0,4,0,0,6,0,0.0,11291.748,0.0,0.0,46211.131,0.0,10,ORTA_TICARETHANE
13312399,38.49104454,27.05591161,35-09-K01880,35,CIGLI,ATASEHIR,6.426666666666667,4283.186,0,2,0,0,1,0,0.0,3571.118,0.0,0.0,712.068,0.0,3,KUCUK_TICARETHANE
13317232,38.52895102,27.04580601,35-09-M02092,35,CIGLI,INONU,340.02,80782.05,0,0,0,0,1,0,0.0,0.0,0.0,0.0,80782.05,0.0,1,ORTA_TICARETHANE
13317448,38.5272543,27.04627873,35-09-M00211,35,CIGLI,INONU,47.5,74284.09,0,0,0,0,1,0,0.0,0.0,0.0,0.0,74284.09,0.0,1,ORTA_TICARETHANE
13321562,38.49290368,27.06785701,35-09-K01875,35,CIGLI,SIRINTEPE,7.97,2317.9399999999996,0,2,0,0,1,0,0.0,1885.4779999999998,0.0,0.0,432.462,0.0,3,KUCUK_TICARETHANE
13323092,38.46239074,27.11054481,35-04-K03724,35,KARSIYAKA,BAHRIYE UCOK,5.0,5284.228,0,0,0,0,1,0,0.0,0.0,0.0,0.0,5284.228,0.0,1,KUCUK_TICARETHANE
13323731,38.48027874,27.07805409,35-04-M01443,35,KARSIYAKA,YALI,77.33466666666666,118600.64,1,0,0,0,2,0,11362.19,0.0,0.0,0.0,107238.45,0.0,2,ORTA_TICARETHANE
13324667,38.49604514,27.07040965,35-09-K04122,35,CIGLI,SIRINTEPE,12.299333333333331,38365.464,0,1,0,0,2,0,0.0,1242.572,0.0,0.0,37122.892,0.0,3,ORTA_TICARETHANE
13325486,38.48021237,27.0976026,35-04-M01027,35,KARSIYAKA,CUMHURIYET,8.12,7376.509,0,2,0,0,1,0,0.0,6149.304,0.0,0.0,1227.205,0.0,3,KUCUK_TICARETHANE
13328206,38.47149624,27.08606221,35-04-K03390,35,KARSIYAKA,YALI,12.166666666666666,104828.637,0,2,0,0,4,0,0.0,5204.692999999999,0.0,0.0,99623.944,0.0,6,ORTA_TICARETHANE
13328728,38.492886,27.05177099,35-09-K03314,35,CIGLI,ATASEHIR,81.4685,357927.6,0,0,0,0,2,0,0.0,0.0,0.0,0.0,357927.6,0.0,2,ORTA_TICARETHANE
13331562,38.48497953,27.05985335,35-09-K04421,35,CIGLI,ATASEHIR,96.27716666666667,80629.02,0,0,0,0,6,0,0.0,0.0,0.0,0.0,80629.02,0.0,6,ORTA_TICARETHANE
13334612,38.48894238,27.10829481,35-04-K04422,35,KARSIYAKA,ZUBEYDE HANIM,168.38,94313.82,0,0,0,0,1,0,0.0,0.0,0.0,0.0,94313.82,0.0,1,ORTA_TICARETHANE
13336988,38.47569641,27.11141567,35-04-K03766,35,KARSIYAKA,ORNEKKOY,10.1,10468.3,0,3,0,0,3,0,0.0,6964.004,0.0,0.0,3504.296,0.0,6,KUCUK_TICARETHANE
13337042,38.47584342,27.11307716,35-04-M01305,35,KARSIYAKA,ORNEKKOY,10.71,9337.404999999999,0,1,0,0,1,0,0.0,8147.663,0.0,0.0,1189.742,0.0,2,KUCUK_TICARETHANE
13341001,38.45459408,27.11866183,35-04-K03224,35,KARSIYAKA,DONANMACI,5.0,4249.687,0,0,0,0,1,0,0.0,0.0,0.0,0.0,4249.687,0.0,1,KUCUK_TICARETHANE
13344340,38.4914844,27.06503813,35-09-K04221,35,CIGLI,ATASEHIR,257.1985714285714,2450730.69,0,0,0,0,7,0,0.0,0.0,0.0,0.0,2450730.69,0.0,7,ORTA_TICARETHANE
13348580,38.49403229,27.08478543,35-09-K01958,35,CIGLI,AYDINLIKEVLER,29.94,4860.133,0,0,0,0,1,0,0.0,0.0,0.0,0.0,4860.133,0.0,1,ORTA_TICARETHANE
13350443,38.48623271,27.1078087,35-04-M02870,35,KARSIYAKA,ORNEKKOY,364.69,265965.8,0,0,0,0,1,0,0.0,0.0,0.0,0.0,265965.8,0.0,1,ORTA_TICARETHANE
13354305,38.49277027,27.06071307,35-09-K04438,35,CIGLI,ATASEHIR,11.068947368421053,65741.549,0,13,0,0,6,0,0.0,24081.125,0.0,0.0,41660.424,0.0,19,ORTA_TICARETHANE
13354521,38.47209313,27.09177527,35-04-K04099,35,KARSIYAKA,YALI,10.294947368421054,36752.590000000004,0,13,0,0,6,0,0.0,26804.806,0.0,0.0,9947.784,0.0,19,KUCUK_TICARETHANE
13356429,38.4914267,27.05134,35-09-K02341,35,CIGLI,ATASEHIR,61.58,71279.99,0,0,0,0,1,0,0.0,0.0,0.0,0.0,71279.99,0.0,1,ORTA_TICARETHANE
13357518,38.485441,27.061037,35-09-K02668,35,CIGLI,ATASEHIR,83.44,115982.9,0,0,0,0,1,0,0.0,0.0,0.0,0.0,115982.9,0.0,1,ORTA_TICARETHANE
13357527,38.48533347,27.06096979,35-09-K02668,35,CIGLI,ATASEHIR,14.652727272727274,153907.269,0,0,0,0,22,0,0.0,0.0,0.0,0.0,153907.269,0.0,22,ORTA_TICARETHANE
13357644,38.48499466,27.06133546,35-09-K02668,35,CIGLI,ATASEHIR,135.13,338613.3,0,0,0,0,1,0,0.0,0.0,0.0,0.0,338613.3,0.0,1,ORTA_TICARETHANE
13358310,38.46793475,27.10629622,35-04-K01624,35,KARSIYAKA,DEDEBASI,9.3525,24257.031,0,5,0,0,3,0,0.0,5201.244,0.0,0.0,19055.787,0.0,8,ORTA_TICARETHANE
13358724,38.45497621,27.10683412,35-04-K00277,35,KARSIYAKA,AKSOY,22.018857142857144,184497.87800000003,0,0,0,0,7,0,0.0,0.0,0.0,0.0,184497.87800000003,0.0,7,ORTA_TICARETHANE
13366706,38.47006978,27.09415751,35-04-K04521,35,KARSIYAKA,YALI,11.486315789473684,58287.214,0,13,0,0,6,0,0.0,31698.699999999997,0.0,0.0,26588.514,0.0,19,ORTA_TICARETHANE
13367210,38.48052716,27.05383279,35-09-K02537,35,CIGLI,ATASEHIR,9.11,15808.14,0,0,0,0,5,0,0.0,0.0,0.0,0.0,15808.14,0.0,5,ORTA_TICARETHANE
13368678,38.47149096,27.08574503,35-04-K03390,35,KARSIYAKA,YALI,86.91,76033.92,0,0,0,0,1,0,0.0,0.0,0.0,0.0,76033.92,0.0,1,ORTA_TICARETHANE
13369614,38.47017314,27.0868415,35-04-M01176,35,KARSIYAKA,YALI,16.2625,140771.514,0,9,0,0,7,0,0.0,30102.828999999998,0.0,0.0,110668.685,0.0,16,ORTA_TICARETHANE
13379439,38.49803,27.085595,35-09-M01985,35,CIGLI,EVKA - 2,10.59,34000.85,0,1,0,0,1,0,0.0,14985.46,0.0,0.0,19015.39,0.0,2,ORTA_TICARETHANE
13379520,38.51670921,27.03496108,35-09-M01357,35,CIGLI,BALATCIK,11.779272727272728,343609.183,0,0,1,0,43,0,0.0,0.0,58554.29,0.0,285054.893,0.0,44,ORTA_SANAYI
13380105,38.47646,27.103115,35-04-M01180,35,KARSIYAKA,CUMHURIYET,7.383846153846154,65639.992,0,3,0,0,10,0,0.0,8029.151,0.0,0.0,57610.841,0.0,13,ORTA_TICARETHANE
13380276,38.48927213,27.07311876,35-09-M01950,35,CIGLI,MALTEPE,13.25,16346.893,0,2,0,0,1,0,0.0,7689.237,0.0,0.0,8657.656,0.0,3,KUCUK_TICARETHANE
13387572,38.5188136,27.05670903,35-09-K02764,35,CIGLI,EVKA-5,45.9,50410.87,0,0,0,0,1,0,0.0,0.0,0.0,0.0,50410.87,0.0,1,ORTA_TICARETHANE
13389336,38.47118476,27.09388737,35-04-K00197,35,KARSIYAKA,SEMIKLER,9.016666666666667,31156.313000000002,0,6,0,0,3,0,0.0,14812.202000000001,0.0,0.0,16344.110999999999,0.0,9,ORTA_TICARETHANE
13396599,38.49687036,26.94307447,35-09-M00540,35,CIGLI,SASALLI MERKEZ,7.16,7275.406,0,0,0,0,1,0,0.0,0.0,0.0,0.0,7275.406,0.0,1,KUCUK_TICARETHANE
13402024,38.48057309,27.05400394,35-09-K02537,35,CIGLI,ATASEHIR,12.88,40065.88,0,0,0,0,1,0,0.0,0.0,0.0,0.0,40065.88,0.0,1,ORTA_TICARETHANE
13405921,38.483425,27.08808,35-04-K01141,35,KARSIYAKA,CUMHURIYET,269.98,301483.6,0,0,1,0,0,0,0.0,0.0,301483.6,0.0,0.0,0.0,1,BUYUK_SANAYI
13411347,38.47096217,27.09341142,35-04-K04521,35,KARSIYAKA,YALI,11.209333333333332,41206.582,0,10,0,0,5,0,0.0,24660.987,0.0,0.0,16545.595,0.0,15,ORTA_TICARETHANE
13418009,38.45693955,27.09965001,35-04-M02777,35,KARSIYAKA,BOSTANLI,6.116666666666667,17357.15,1,1,0,0,1,0,6612.592,3658.221,0.0,0.0,7086.337,0.0,2,KUCUK_TICARETHANE
13420577,38.47471434,27.11516464,35-04-M01265,35,KARSIYAKA,ORNEKKOY,11.96,6358.109,0,0,0,0,1,0,0.0,0.0,0.0,0.0,6358.109,0.0,1,KUCUK_TICARETHANE
13426210,38.46513241,27.10951825,35-04-K01051,35,KARSIYAKA,BAHCELIEVLER,16.563333333333333,215836.708,0,0,0,0,24,0,0.0,0.0,0.0,0.0,215836.708,0.0,24,ORTA_TICARETHANE
13426615,38.49331574,27.06421241,35-09-M02551,35,CIGLI,KOYICI,5.0,8826.502,0,1,0,0,5,0,0.0,2459.568,0.0,0.0,6366.933999999999,0.0,6,KUCUK_TICARETHANE
13427785,38.45812011,27.11428182,35-04-K00590,35,KARSIYAKA,BAHRIYE UCOK,112.1,307810.3,0,0,0,0,1,0,0.0,0.0,0.0,0.0,307810.3,0.0,1,ORTA_TICARETHANE
13428712,38.4979555,27.0573302,35-09-K04282,35,CIGLI,KUCUK CIGLI,329.76,49904.96,0,0,0,0,1,0,0.0,0.0,0.0,0.0,49904.96,0.0,1,ORTA_TICARETHANE
13429343,38.47146703,27.0915565,35-04-K04099,35,KARSIYAKA,YALI,12.564846153846153,49361.718,0,17,0,0,9,0,0.0,45481.73,0.0,0.0,3879.988,0.0,26,KUCUK_TICARETHANE
13433230,38.48211193,27.11234918,35-04-M01566,35,KARSIYAKA,ORNEKKOY,11.1,27677.799,0,4,0,0,4,0,0.0,13771.786,0.0,0.0,13906.012999999999,0.0,8,ORTA_TICARETHANE
13435939,38.48867997,27.09273813,35-04-M01378,35,KARSIYAKA,INONU,15.157999999999998,21957.218,0,2,0,0,3,0,0.0,11131.869,0.0,0.0,10825.349,0.0,5,ORTA_TICARETHANE
13438396,38.48909104,27.09579347,35-04-M01379,35,KARSIYAKA,INONU,17.558,21995.391,0,2,0,0,3,0,0.0,12737.779,0.0,0.0,9257.612000000001,0.0,5,ORTA_TICARETHANE
13439502,38.48381288,27.05764465,35-09-K02867,35,CIGLI,ATASEHIR,12.73,20100.111,0,0,0,0,4,0,0.0,0.0,0.0,0.0,20100.111,0.0,4,ORTA_TICARETHANE
13440980,38.46547429,27.11642542,35-04-K00907,35,KARSIYAKA,BAHCELIEVLER,5.76,1339.547,0,0,0,0,1,0,0.0,0.0,0.0,0.0,1339.547,0.0,1,KUCUK_TICARETHANE
13443851,38.48736826,27.06422067,35-09-K02733,35,CIGLI,ATASEHIR,5.5,3031.181,0,0,0,0,1,0,0.0,0.0,0.0,0.0,3031.181,0.0,1,KUCUK_TICARETHANE
13448416,38.48394141,27.05878348,35-09-K02668,35,CIGLI,ATASEHIR,9.88625,96754.882,0,15,0,0,9,0,0.0,39362.395000000004,0.0,0.0,57392.487,0.0,24,ORTA_TICARETHANE
13450666,38.50261805,27.07777477,35-09-K01874,35,CIGLI,YAKAKENT,15.75,13985.769,0,0,0,0,2,0,0.0,0.0,0.0,0.0,13985.769,0.0,2,ORTA_TICARETHANE
13467386,38.49941197,27.05553526,35-09-K01866,35,CIGLI,KUCUK CIGLI,5.0,31807.73,0,0,0,0,1,0,0.0,0.0,0.0,0.0,31807.73,0.0,1,ORTA_TICARETHANE
13467395,38.4986441,27.05690856,35-09-K04282,35,CIGLI,KUCUK CIGLI,16.844,86370.912,0,1,0,0,4,0,0.0,1594.676,0.0,0.0,84776.236,0.0,5,ORTA_TICARETHANE
13468061,38.46829899,27.0676683,35-04-K04645Ã–,35,KARSIYAKA,MAVISEHIR,1000.0,586991.1,0,0,0,0,1,0,0.0,0.0,0.0,0.0,586991.1,0.0,1,BUYUK_TICARETHANE
13469294,38.47558443,27.09855171,35-04-M02425,35,KARSIYAKA,SEMIKLER,12.0,56964.69,0,0,0,0,1,0,0.0,0.0,0.0,0.0,56964.69,0.0,1,ORTA_TICARETHANE
13472227,38.49306123,27.06267546,35-09-M03520,35,CIGLI,ATASEHIR,9.5125,40222.338,0,1,0,0,3,0,0.0,3804.035,0.0,0.0,36418.303,0.0,4,ORTA_TICARETHANE
13472803,38.49313126,27.05800407,35-09-K01878,35,CIGLI,YENI MAHALLE,6.675,22828.831,0,2,0,0,2,0,0.0,6903.847,0.0,0.0,15924.984,0.0,4,ORTA_TICARETHANE
13473244,38.50174858,27.05426079,35-09-K01866,35,CIGLI,KUCUK CIGLI,29.52,36081.48,0,0,0,0,1,0,0.0,0.0,0.0,0.0,36081.48,0.0,1,ORTA_TICARETHANE
13474972,38.49236601,27.06039122,35-09-K02730,35,CIGLI,ATASEHIR,8.313333333333334,8110.3009999999995,0,2,0,0,1,0,0.0,6986.991,0.0,0.0,1123.31,0.0,3,KUCUK_TICARETHANE
13476962,38.50249067,27.04368491,35-09-M02549,35,CIGLI,KUCUK CIGLI,13.993333333333334,17376.01,0,2,0,0,1,0,0.0,7446.644,0.0,0.0,9929.366,0.0,3,KUCUK_TICARETHANE
13477007,38.50260986,27.0439333,35-09-M02549,35,CIGLI,KUCUK CIGLI,7.793333333333333,10878.179,0,2,0,0,1,0,0.0,9818.547999999999,0.0,0.0,1059.631,0.0,3,KUCUK_TICARETHANE
13478932,38.49330517,27.05394584,35-09-K01878,35,CIGLI,YENI MAHALLE,9.921666666666667,18784.809,0,4,0,0,2,0,0.0,5612.855,0.0,0.0,13171.954,0.0,6,ORTA_TICARETHANE
13481354,38.49683618,27.11053319,35-04-K02512,35,KARSIYAKA,ZUBEYDE HANIM,261.5,64429.2,0,0,0,0,1,0,0.0,0.0,0.0,0.0,64429.2,0.0,1,ORTA_TICARETHANE
13492513,38.49338364,27.06329132,35-09-M02551,35,CIGLI,KOYICI,5.0,55513.955,0,0,0,0,13,0,0.0,0.0,0.0,0.0,55513.955,0.0,13,ORTA_TICARETHANE
13492945,38.52922358,27.04736323,35-09-M00212,35,CIGLI,INONU,10.35,43386.238,0,1,0,0,1,0,0.0,2718.858,0.0,0.0,40667.38,0.0,2,ORTA_TICARETHANE
13494214,38.49922178,27.11685438,35-04-K04184,35,KARSIYAKA,LATIFE HANIM,67.7,5904.825,0,0,0,0,1,0,0.0,0.0,0.0,0.0,5904.825,0.0,1,ORTA_TICARETHANE
13496949,38.50165027,26.96229521,35-09-M01302,35,CIGLI,SASALLI MERKEZ,25.04,12027.62,0,0,0,0,1,0,0.0,0.0,0.0,0.0,12027.62,0.0,1,ORTA_TICARETHANE
13497660,38.50269184,27.04599716,35-09-M02465,35,CIGLI,KUCUK CIGLI,8.35,28777.819000000003,0,0,0,0,2,0,0.0,0.0,0.0,0.0,28777.819000000003,0.0,2,ORTA_TICARETHANE
13498407,38.4518951,27.11513691,35-04-K00681,35,KARSIYAKA,DONANMACI,18.6,1781.659,0,0,0,0,1,0,0.0,0.0,0.0,0.0,1781.659,0.0,1,ORTA_TICARETHANE
13498497,38.52932239,27.05130177,35-09-M00213,35,CIGLI,INONU,8.35,137.448,0,0,0,0,1,0,0.0,0.0,0.0,0.0,137.448,0.0,1,KUCUK_TICARETHANE
13502899,38.50606186,26.98515094,35-09-M00255,35,CIGLI,KAKLIC,27.62,3995.411,0,0,0,0,2,0,0.0,0.0,0.0,0.0,3995.411,0.0,2,ORTA_TICARETHANE
13503115,38.52381079,27.04222312,35-09-M00647,35,CIGLI,UGUR MUMCU,10.64,3330.3280000000004,0,2,0,0,1,0,0.0,3286.303,0.0,0.0,44.025,0.0,3,KUCUK_TICARETHANE
13503826,38.48907295,27.09738855,35-04-M01379,35,KARSIYAKA,INONU,114.219,20659.1,0,0,0,0,1,0,0.0,0.0,0.0,0.0,20659.1,0.0,1,ORTA_TICARETHANE
13504240,38.50043881,27.05561094,35-09-K01866,35,CIGLI,KUCUK CIGLI,10.2,70499.758,0,7,0,0,6,0,0.0,21424.652000000002,0.0,0.0,49075.106,0.0,13,ORTA_TICARETHANE
13510956,38.52690436,27.04752126,35-09-M00211,35,CIGLI,INONU,5.0,2703.821,0,0,0,0,1,0,0.0,0.0,0.0,0.0,2703.821,0.0,1,KUCUK_TICARETHANE
13511334,38.49665265,26.94326277,35-09-M00540,35,CIGLI,SASALLI MERKEZ,6.34,977.419,0,0,0,0,1,0,0.0,0.0,0.0,0.0,977.419,0.0,1,KUCUK_TICARETHANE
13513916,38.49318511,27.05678549,35-09-K01878,35,CIGLI,YENI MAHALLE,13.053333333333335,23894.5,0,4,0,0,2,0,0.0,9460.297,0.0,0.0,14434.203000000001,0.0,6,ORTA_TICARETHANE
13516319,38.49319145,27.06221583,35-09-M03520,35,CIGLI,ATASEHIR,6.875,30182.706,0,1,0,0,7,0,0.0,14290.6,0.0,0.0,15892.106,0.0,8,ORTA_TICARETHANE
13523917,38.48962282,27.07308021,35-09-M01950,35,CIGLI,MALTEPE,8.99,1840.092,0,2,0,0,1,0,0.0,1522.153,0.0,0.0,317.939,0.0,3,KUCUK_TICARETHANE
13525627,38.46762647,27.10226237,35-04-M01188,35,KARSIYAKA,DEDEBASI,5.0,12975.03,0,0,0,0,1,0,0.0,0.0,0.0,0.0,12975.03,0.0,1,ORTA_TICARETHANE
13531810,38.48124953,27.10467806,35-04-K01227,35,KARSIYAKA,ORNEKKOY,6.553333333333334,3088.9700000000003,0,1,0,0,2,0,0.0,2070.94,0.0,0.0,1018.03,0.0,3,KUCUK_TICARETHANE
13533250,38.49290129,26.9532243,35-09-M00258,35,CIGLI,SASALLI MERKEZ,6.56,4169.885,0,0,0,0,1,0,0.0,0.0,0.0,0.0,4169.885,0.0,1,KUCUK_TICARETHANE
13533286,38.47378985,27.11354932,35-04-M01381,35,KARSIYAKA,IMBATLI,22.0332,313603.917,0,1,0,0,19,0,0.0,11545.15,0.0,0.0,302058.767,0.0,20,ORTA_TICARETHANE
13535104,38.46939713,27.07868476,35-04-K02423,35,KARSIYAKA,MAVISEHIR,5.0,20038.18,0,0,0,0,1,0,0.0,0.0,0.0,0.0,20038.18,0.0,1,ORTA_TICARETHANE
13541854,38.4933661,27.11268902,35-04-K03799,35,KARSIYAKA,ZUBEYDE HANIM,9.1515,19327.438,0,0,0,0,2,0,0.0,0.0,0.0,0.0,19327.438,0.0,2,ORTA_TICARETHANE
13542574,38.45775504,27.11258099,35-04-K00489,35,KARSIYAKA,BAHRIYE UCOK,14.8,2873.583,0,0,0,0,1,0,0.0,0.0,0.0,0.0,2873.583,0.0,1,KUCUK_TICARETHANE
13543870,38.47442303,27.0893201,35-04-K03022,35,KARSIYAKA,YALI,10.138333333333334,10636.716,0,4,0,0,2,0,0.0,8255.867,0.0,0.0,2380.849,0.0,6,KUCUK_TICARETHANE
13544698,38.4763656,27.10310218,35-04-M01180,35,KARSIYAKA,CUMHURIYET,15.01,7536.509,0,0,0,0,1,0,0.0,0.0,0.0,0.0,7536.509,0.0,1,ORTA_TICARETHANE
13546371,38.50470257,27.04987973,35-09-K04597,35,CIGLI,KUCUK CIGLI,7.526666666666666,2816.4,0,2,0,0,1,0,0.0,2323.855,0.0,0.0,492.545,0.0,3,KUCUK_TICARETHANE
13548243,38.49291623,27.059737,35-09-K04438,35,CIGLI,ATASEHIR,10.431666666666667,120762.986,0,16,0,0,8,0,0.0,36495.850999999995,0.0,0.0,84267.13500000001,0.0,24,ORTA_TICARETHANE
13551086,38.46784419,27.09085474,35-04-K03847,35,KARSIYAKA,YALI,15.01,32136.72,0,0,0,0,1,0,0.0,0.0,0.0,0.0,32136.72,0.0,1,ORTA_TICARETHANE
13551995,38.472028,27.086773,35-04-M01373,35,KARSIYAKA,YALI,252.5,254833.6,0,0,0,0,1,0,0.0,0.0,0.0,0.0,254833.6,0.0,1,ORTA_TICARETHANE
13553336,38.51094752,27.03963034,35-09-M00999,35,CIGLI,BALATCIK,10.713333333333333,6202.489,0,2,0,0,1,0,0.0,6165.3189999999995,0.0,0.0,37.17,0.0,3,KUCUK_TICARETHANE
13557773,38.48834469,27.07148346,35-09-K01887,35,CIGLI,ATASEHIR,141.45,136.4,0,0,0,0,1,0,0.0,0.0,0.0,0.0,136.4,0.0,1,ORTA_TICARETHANE
13558124,38.46790221,27.06834157,35-04-K03388,35,KARSIYAKA,MAVISEHIR,6.94,37422.58,0,0,0,0,1,0,0.0,0.0,0.0,0.0,37422.58,0.0,1,ORTA_TICARETHANE
13559917,38.51911862,27.05413103,35-09-M03064,35,CIGLI,EVKA-5,5.0,4789.493,0,0,0,0,1,0,0.0,0.0,0.0,0.0,4789.493,0.0,1,KUCUK_TICARETHANE
13560097,38.49551267,27.07772459,35-09-M01982,35,CIGLI,SIRINTEPE,151.98,62040.1,0,0,0,0,1,0,0.0,0.0,0.0,0.0,62040.1,0.0,1,ORTA_TICARETHANE
13563643,38.48660312,27.10864551,35-04-K02513,35,KARSIYAKA,ORNEKKOY,48.52,31634.57,0,0,0,0,1,0,0.0,0.0,0.0,0.0,31634.57,0.0,1,ORTA_TICARETHANE
13565146,38.45351967,27.11683223,35-04-K00681,35,KARSIYAKA,DONANMACI,6.881,146263.067,0,1,0,0,9,0,0.0,418.737,0.0,0.0,145844.33000000002,0.0,10,ORTA_TICARETHANE
13567531,38.49615915,27.08864348,35-09-M01985,35,CIGLI,AHMET TANER KISLALI,6.675,10306.583999999999,0,0,0,0,2,0,0.0,0.0,0.0,0.0,10306.583999999999,0.0,2,ORTA_TICARETHANE
13568467,38.48073,27.09015197,35-04-K00308,35,KARSIYAKA,SEMIKLER,80.98,154317.2,0,0,1,0,0,0,0.0,0.0,154317.2,0.0,0.0,0.0,1,ORTA_SANAYI
13568476,38.48095309,27.09036987,35-04-K00308,35,KARSIYAKA,SEMIKLER,10.8,8217.617,0,0,0,0,1,0,0.0,0.0,0.0,0.0,8217.617,0.0,1,KUCUK_TICARETHANE
13572563,38.50630155,27.06276875,35-09-M03053,35,CIGLI,EGEKENT,16.62,61678.125,0,0,0,0,4,0,0.0,0.0,0.0,0.0,61678.125,0.0,4,ORTA_TICARETHANE
13574525,38.507261,26.946301,35-09-M00926Ã–,35,CIGLI,SASALLI MERKEZ,2000.0,57957.24,0,0,0,0,1,0,0.0,0.0,0.0,0.0,57957.24,0.0,1,ORTA_TICARETHANE
13574651,38.48158863,27.08739202,35-04-K03872,35,KARSIYAKA,SEMIKLER,506.86,164639.0,0,0,0,0,1,0,0.0,0.0,0.0,0.0,164639.0,0.0,1,ORTA_TICARETHANE
13575425,38.50296624,27.07581878,35-09-K01874,35,CIGLI,YAKAKENT,5.0,5816.01,0,0,0,0,2,0,0.0,0.0,0.0,0.0,5816.01,0.0,2,KUCUK_TICARETHANE
13575479,38.47304463,27.09864707,35-04-K04375,35,KARSIYAKA,SEMIKLER,11.261666666666665,11142.319,0,4,0,0,2,0,0.0,6497.402,0.0,0.0,4644.9169999999995,0.0,6,KUCUK_TICARETHANE
13577980,38.51046908,27.04030664,35-09-M00999,35,CIGLI,BALATCIK,8.7725,10184.292,0,2,0,0,2,0,0.0,5885.48,0.0,0.0,4298.812,0.0,4,KUCUK_TICARETHANE
13579356,38.45802915,27.12040254,35-04-K00928,35,KARSIYAKA,TUNA,10.008333333333335,14935.286,0,4,0,0,2,0,0.0,9165.161,0.0,0.0,5770.125,0.0,6,KUCUK_TICARETHANE
13579509,38.50544593,26.99379973,35-09-M01260,35,CIGLI,KAKLIC,55.022000000000006,118081.39800000002,0,1,0,0,4,0,0.0,2018.518,0.0,0.0,116062.88,0.0,5,ORTA_TICARETHANE
13579680,38.47338327,27.08126001,35-04-K02426,35,KARSIYAKA,MAVISEHIR,6.51,6002.078,0,0,0,0,1,0,0.0,0.0,0.0,0.0,6002.078,0.0,1,KUCUK_TICARETHANE
13580033,38.49069778,27.08333464,35-09-K01320,35,CIGLI,AYDINLIKEVLER,8.35,2189.908,0,0,0,0,1,0,0.0,0.0,0.0,0.0,2189.908,0.0,1,KUCUK_TICARETHANE
13581338,38.49713417,26.95049557,35-09-M00447,35,CIGLI,SASALLI MERKEZ,10.026666666666666,3449.946,0,2,0,0,1,0,0.0,3448.027,0.0,0.0,1.919,0.0,3,KUCUK_TICARETHANE
13585831,38.48982079,27.08095404,35-09-K04124,35,CIGLI,AYDINLIKEVLER,20.6,23620.71,0,0,0,0,1,0,0.0,0.0,0.0,0.0,23620.71,0.0,1,ORTA_TICARETHANE
13587325,38.49279127,27.0509037,35-09-K01862,35,CIGLI,ATASEHIR,24.63,767025.018,0,0,4,0,33,0,0.0,0.0,331035.02,0.0,435989.998,0.0,37,ORTA_SANAYI
13589215,38.46590884,27.10055955,35-04-M01607,35,KARSIYAKA,GONCALAR,5.46,12235.23,0,0,0,0,1,0,0.0,0.0,0.0,0.0,12235.23,0.0,1,ORTA_TICARETHANE
13591753,38.46428646,27.12585734,35-04-K04059,35,KARSIYAKA,BAHCELIEVLER,12.45,31607.983,0,0,0,0,2,0,0.0,0.0,0.0,0.0,31607.983,0.0,2,ORTA_TICARETHANE
13591852,38.47080969,27.09971918,35-04-K01034,35,KARSIYAKA,DEMIRKOPRU,72.7,35435.7,0,0,0,0,1,0,0.0,0.0,0.0,0.0,35435.7,0.0,1,ORTA_TICARETHANE
13592814,38.49771618,27.05793616,35-09-K01864,35,CIGLI,KUCUK CIGLI,5.0,34687.583,0,1,0,0,1,0,0.0,3986.103,0.0,0.0,30701.48,0.0,2,ORTA_TICARETHANE
13593876,38.49157174,27.08447589,35-09-K01321,35,CIGLI,AYDINLIKEVLER,16.6,13690.37,0,0,0,0,1,0,0.0,0.0,0.0,0.0,13690.37,0.0,1,ORTA_TICARETHANE
13594668,38.4949017,27.0633117,35-09-M02551,35,CIGLI,KOYICI,8.35,2152.056,0,0,0,0,1,0,0.0,0.0,0.0,0.0,2152.056,0.0,1,KUCUK_TICARETHANE
13594803,38.49300816,27.06757466,35-09-K01875,35,CIGLI,SIRINTEPE,5.0,1806.349,0,0,0,0,1,0,0.0,0.0,0.0,0.0,1806.349,0.0,1,KUCUK_TICARETHANE
13594812,38.504282,27.051583,35-09-K01867,35,CIGLI,KUCUK CIGLI,5.0,3078.02,0,0,0,0,1,0,0.0,0.0,0.0,0.0,3078.02,0.0,1,KUCUK_TICARETHANE
13595980,38.50874032,26.98743835,35-09-M00256,35,CIGLI,KAKLIC,5.0,10745.77,0,0,0,0,1,0,0.0,0.0,0.0,0.0,10745.77,0.0,1,ORTA_TICARETHANE
13603670,38.498855,27.117155,35-04-K04184,35,KARSIYAKA,ZUBEYDE HANIM,134.1,108237.8,0,0,0,0,1,0,0.0,0.0,0.0,0.0,108237.8,0.0,1,ORTA_TICARETHANE
13604696,38.46967699,27.09789542,35-04-K04709,35,KARSIYAKA,DEMIRKOPRU,5.0,18504.03,1,0,0,0,0,0,18504.03,0.0,0.0,0.0,0.0,0.0,0,AYDINLATMA
13606028,38.49823724,27.11613809,35-04-K01115,35,KARSIYAKA,ZUBEYDE HANIM,803.29,61879.8,0,0,0,0,1,0,0.0,0.0,0.0,0.0,61879.8,0.0,1,ORTA_TICARETHANE
13606037,38.49674797,27.11561597,35-04-K01115,35,KARSIYAKA,ZUBEYDE HANIM,283.62,23831.28,0,0,0,0,1,0,0.0,0.0,0.0,0.0,23831.28,0.0,1,ORTA_TICARETHANE
13608476,38.50306068,27.05687438,35-09-K04497,35,CIGLI,CAGDAS,10.85,13681.7,0,0,0,0,1,0,0.0,0.0,0.0,0.0,13681.7,0.0,1,ORTA_TICARETHANE
13608656,38.49475556,27.07496331,35-09-M01981,35,CIGLI,SIRINTEPE,9.4332,9708.278,0,3,0,0,2,0,0.0,6222.299,0.0,0.0,3485.9790000000003,0.0,5,KUCUK_TICARETHANE
13608908,38.4846683,27.0575617,35-09-K03904,35,CIGLI,ATASEHIR,386.63,335358.4,0,0,0,0,1,0,0.0,0.0,0.0,0.0,335358.4,0.0,1,ORTA_TICARETHANE
13610564,38.52024396,27.0403112,35-09-M00625,35,CIGLI,AHMET EFENDI,15.01,0.0,0,0,0,0,1,0,0.0,0.0,0.0,0.0,0.0,0.0,1,ORTA_TICARETHANE
13613057,38.48198524,27.08845524,35-04-K00308,35,KARSIYAKA,SEMIKLER,239.468,272003.9,0,0,1,0,0,0,0.0,0.0,272003.9,0.0,0.0,0.0,1,ORTA_SANAYI
13616460,38.49177578,27.06581014,35-09-K01875,35,CIGLI,SIRINTEPE,13.339999999999998,66022.82800000001,0,0,0,0,6,0,0.0,0.0,0.0,0.0,66022.82800000001,0.0,6,ORTA_TICARETHANE
13617963,38.49262295,27.09599112,35-04-M01684,35,KARSIYAKA,MUSTAFA KEMAL,23.765,185872.461,0,0,0,0,8,0,0.0,0.0,0.0,0.0,185872.461,0.0,8,ORTA_TICARETHANE
13621979,38.4718195,27.09448118,35-04-K00197,35,KARSIYAKA,SEMIKLER,10.483,50411.889,0,13,0,0,7,0,0.0,36043.155,0.0,0.0,14368.734,0.0,20,ORTA_TICARETHANE
13627289,38.47578028,27.1035098,35-04-M01180,35,KARSIYAKA,CUMHURIYET,17.051675675675675,602499.36,0,18,0,0,19,0,0.0,70443.88,0.0,0.0,532055.4800000001,0.0,37,ORTA_TICARETHANE
13628855,38.49351037,27.0580338,35-09-K04020,35,CIGLI,YENI MAHALLE,13.527000000000001,6714.246,0,0,0,0,4,0,0.0,0.0,0.0,0.0,6714.246,0.0,4,KUCUK_TICARETHANE
13632240,38.46073456,27.12283833,35-04-K04000,35,KARSIYAKA,TERSANE,8.35,2030.352,0,0,0,0,1,0,0.0,0.0,0.0,0.0,2030.352,0.0,1,KUCUK_TICARETHANE
13632879,38.46971078,27.10103752,35-04-K03700,35,KARSIYAKA,DEMIRKOPRU,177.1,75832.6,0,0,0,0,1,0,0.0,0.0,0.0,0.0,75832.6,0.0,1,ORTA_TICARETHANE
13634067,38.51285614,27.04367932,35-09-K03266,35,CIGLI,BALATCIK,8.35,2217.215,0,0,0,0,1,0,0.0,0.0,0.0,0.0,2217.215,0.0,1,KUCUK_TICARETHANE
13635390,38.45505737,27.11912553,35-04-K01555,35,KARSIYAKA,DONANMACI,5.985172413793103,107151.842,0,12,0,0,17,0,0.0,43002.2,0.0,0.0,64149.64199999999,0.0,29,ORTA_TICARETHANE
13640664,38.45469924,27.11141795,35-04-K00282,35,KARSIYAKA,AKSOY,5.5,38739.725,0,4,0,0,3,0,0.0,9246.283,0.0,0.0,29493.442000000003,0.0,7,ORTA_TICARETHANE
13643481,38.48975493,27.07368995,35-09-M01950,35,CIGLI,MALTEPE,10.322,6164.8150000000005,0,3,0,0,2,0,0.0,4815.373,0.0,0.0,1349.442,0.0,5,KUCUK_TICARETHANE
13644084,38.45526273,27.11883452,35-04-K01555,35,KARSIYAKA,DONANMACI,5.305454545454546,33745.883,0,7,0,0,4,0,0.0,14845.778,0.0,0.0,18900.105,0.0,11,ORTA_TICARETHANE
13646352,38.50361089,27.0574871,35-09-K01936,35,CIGLI,CAGDAS,13.73,50937.76,0,0,0,0,1,0,0.0,0.0,0.0,0.0,50937.76,0.0,1,ORTA_TICARETHANE
13647901,38.47359228,27.09439113,35-04-K04328,35,KARSIYAKA,SEMIKLER,8.68,51698.637,0,2,0,0,3,0,0.0,2343.617,0.0,0.0,49355.020000000004,0.0,5,ORTA_TICARETHANE
13650133,38.47452333,27.09843398,35-04-K04618,35,KARSIYAKA,SEMIKLER,68.81,22560.06,0,0,0,0,1,0,0.0,0.0,0.0,0.0,22560.06,0.0,1,ORTA_TICARETHANE
13657132,38.45396616,27.11747545,35-04-K01316,35,KARSIYAKA,DONANMACI,52.53,109591.7,0,0,0,0,1,0,0.0,0.0,0.0,0.0,109591.7,0.0,1,ORTA_TICARETHANE
13657879,38.4962437,27.08684752,35-09-M01985,35,CIGLI,AHMET TANER KISLALI,12.48,47178.896,0,0,0,0,2,0,0.0,0.0,0.0,0.0,47178.896,0.0,2,ORTA_TICARETHANE
13661975,38.50338985,27.08225577,35-09-M01975,35,CIGLI,GUZELTEPE,9.032499999999999,54677.919,0,1,0,0,3,0,0.0,882.009,0.0,0.0,53795.91,0.0,4,ORTA_TICARETHANE
13663083,38.47774162,27.09582023,35-04-K04131,35,KARSIYAKA,SEMIKLER,45.2,120145.1,0,0,0,0,1,0,0.0,0.0,0.0,0.0,120145.1,0.0,1,ORTA_TICARETHANE
13665468,38.4758583,27.070515,35-04-M01143,35,KARSIYAKA,YALI,120.5,262599.6,0,0,0,0,1,0,0.0,0.0,0.0,0.0,262599.6,0.0,1,ORTA_TICARETHANE
13665729,38.48942434,27.07930312,35-09-K02499,35,CIGLI,AYDINLIKEVLER,13.66,5467.669,0,0,0,0,1,0,0.0,0.0,0.0,0.0,5467.669,0.0,1,KUCUK_TICARETHANE
13665855,38.49569524,27.05575789,35-09-K01879,35,CIGLI,YENI MAHALLE,5.0,2476.908,0,2,0,0,1,0,0.0,2464.185,0.0,0.0,12.723,0.0,3,KUCUK_TICARETHANE
13666800,38.49688327,27.05536809,35-09-K01863,35,CIGLI,YENI MAHALLE,7.464,8445.477,0,3,0,0,2,0,0.0,6572.433,0.0,0.0,1873.0439999999999,0.0,5,KUCUK_TICARETHANE
13666917,38.49049222,27.06899113,35-09-M02552,35,CIGLI,MALTEPE,69.65,60901.26,0,0,0,0,1,0,0.0,0.0,0.0,0.0,60901.26,0.0,1,ORTA_TICARETHANE
13667394,38.49490032,27.06795511,35-09-K01875,35,CIGLI,SIRINTEPE,7.5,987.92,0,1,0,0,1,0,0.0,883.411,0.0,0.0,104.509,0.0,2,KUCUK_TICARETHANE
13669590,38.52548184,27.04762595,35-09-M00646,35,CIGLI,UGUR MUMCU,5.0,1286.865,0,0,0,0,1,0,0.0,0.0,0.0,0.0,1286.865,0.0,1,KUCUK_TICARETHANE
13669824,38.48952912,27.07973463,35-09-K02499,35,CIGLI,AYDINLIKEVLER,43.1,10320.95,0,0,0,0,1,0,0.0,0.0,0.0,0.0,10320.95,0.0,1,ORTA_TICARETHANE
13669842,38.49047906,27.07931685,35-09-K03320,35,CIGLI,AYDINLIKEVLER,5.0,36981.12,0,0,0,0,1,0,0.0,0.0,0.0,0.0,36981.12,0.0,1,ORTA_TICARETHANE
13671308,38.47260842,27.11315998,35-04-M01030,35,KARSIYAKA,IMBATLI,17.226,320982.528,0,23,0,0,11,0,0.0,94492.013,0.0,0.0,226490.515,0.0,34,ORTA_TICARETHANE
13672163,38.49034681,27.07931816,35-09-K03320,35,CIGLI,AYDINLIKEVLER,5.0,27432.648999999998,0,0,0,0,2,0,0.0,0.0,0.0,0.0,27432.648999999998,0.0,2,ORTA_TICARETHANE
13672172,38.49224299,27.08015705,35-09-K03320,35,CIGLI,AYDINLIKEVLER,5.0,19663.3,0,0,0,0,1,0,0.0,0.0,0.0,0.0,19663.3,0.0,1,ORTA_TICARETHANE
13673872,38.49356297,27.08462353,35-09-K01958,35,CIGLI,AYDINLIKEVLER,6.506666666666667,10203.002,0,2,0,0,1,0,0.0,6265.616,0.0,0.0,3937.386,0.0,3,KUCUK_TICARETHANE
13673935,38.49374179,27.08422431,35-09-K01958,35,CIGLI,AYDINLIKEVLER,6.279999999999999,40491.439999999995,0,1,0,0,1,0,0.0,6574.6,0.0,0.0,33916.84,0.0,2,ORTA_TICARETHANE
13675996,38.4936653,27.08417664,35-09-K01958,35,CIGLI,AYDINLIKEVLER,5.0,1663.364,0,1,0,0,1,0,0.0,1650.169,0.0,0.0,13.195,0.0,2,KUCUK_TICARETHANE
13676014,38.49387812,27.08409931,35-09-K01958,35,CIGLI,AYDINLIKEVLER,5.98,76340.054,0,2,0,0,1,0,0.0,1220.174,0.0,0.0,75119.88,0.0,3,ORTA_TICARETHANE
13676023,38.49385566,27.08415043,35-09-K01958,35,CIGLI,AYDINLIKEVLER,8.08,29088.369000000002,0,1,0,0,1,0,0.0,466.379,0.0,0.0,28621.99,0.0,2,ORTA_TICARETHANE
13676032,38.49394217,27.08424552,35-09-K01958,35,CIGLI,AYDINLIKEVLER,9.479999999999999,7367.084,0,2,0,0,1,0,0.0,3601.739,0.0,0.0,3765.345,0.0,3,KUCUK_TICARETHANE
13677868,38.50178532,26.98988616,35-09-M00254,35,CIGLI,KAKLIC,23.86,18638.49,0,0,0,0,1,0,0.0,0.0,0.0,0.0,18638.49,0.0,1,ORTA_TICARETHANE
13679455,38.49078432,27.08038225,35-09-K03320,35,CIGLI,AYDINLIKEVLER,56.92,5993.508,0,0,0,0,1,0,0.0,0.0,0.0,0.0,5993.508,0.0,1,ORTA_TICARETHANE
13679509,38.49152115,27.07876586,35-09-K03320,35,CIGLI,AYDINLIKEVLER,15.6,4479.564,0,0,0,0,1,0,0.0,0.0,0.0,0.0,4479.564,0.0,1,ORTA_TICARETHANE
13679518,38.49145883,27.07881161,35-09-K03320,35,CIGLI,AYDINLIKEVLER,15.6,3206.309,0,0,0,0,1,0,0.0,0.0,0.0,0.0,3206.309,0.0,1,ORTA_TICARETHANE
13685287,38.49692668,27.06142286,,35,CIGLI,KOYICI,5.0,10573.96,0,0,0,0,1,0,0.0,0.0,0.0,0.0,10573.96,0.0,1,ORTA_TICARETHANE
13686781,38.45439534,27.11556163,35-04-K00018,35,KARSIYAKA,DONANMACI,10.004999999999999,8983.302,0,1,0,0,1,0,0.0,5392.782,0.0,0.0,3590.52,0.0,2,KUCUK_TICARETHANE
13686790,38.45770706,27.1164006,35-04-K00692,35,KARSIYAKA,TUNA,6.176666666666667,21234.821,0,0,0,0,3,0,0.0,0.0,0.0,0.0,21234.821,0.0,3,ORTA_TICARETHANE
13690246,38.49032276,27.07417167,35-09-K03705,35,CIGLI,MALTEPE,10.043333333333335,7111.517000000001,0,2,0,0,1,0,0.0,2537.386,0.0,0.0,4574.131,0.0,3,KUCUK_TICARETHANE
13690795,38.50391534,26.99310571,35-09-M01145,35,CIGLI,KAKLIC,11.37,2916.58,0,0,0,0,1,0,0.0,0.0,0.0,0.0,2916.58,0.0,1,KUCUK_TICARETHANE
13694694,38.51452614,27.04422603,35-09-M00888,35,CIGLI,BALATCIK,236.0,164217.4,0,0,0,0,1,0,0.0,0.0,0.0,0.0,164217.4,0.0,1,ORTA_TICARETHANE
13698177,38.48219814,27.09474454,35-04-M01360,35,KARSIYAKA,CUMHURIYET,9.556666666666667,23777.585000000003,0,0,0,0,3,0,0.0,0.0,0.0,0.0,23777.585000000003,0.0,3,ORTA_TICARETHANE
13700400,38.4913481,27.11326598,35-04-K02447,35,KARSIYAKA,ZUBEYDE HANIM,18.065,23448.097,0,0,0,0,2,0,0.0,0.0,0.0,0.0,23448.097,0.0,2,ORTA_TICARETHANE
13701885,38.46294641,27.10702705,35-04-M01040,35,KARSIYAKA,GONCALAR,182.34,34740.06,0,0,0,0,1,0,0.0,0.0,0.0,0.0,34740.06,0.0,1,ORTA_TICARETHANE
13703361,38.46521107,27.0891343,35-04-K01116,35,KARSIYAKA,ATAKENT,5.0,37317.43,0,0,0,0,1,0,0.0,0.0,0.0,0.0,37317.43,0.0,1,ORTA_TICARETHANE
13703433,38.46871748,27.08434631,35-04-K01541,35,KARSIYAKA,ATAKENT,29.0,20319.17,0,0,0,0,1,0,0.0,0.0,0.0,0.0,20319.17,0.0,1,ORTA_TICARETHANE
13703442,38.46925187,27.08472689,35-04-K01541,35,KARSIYAKA,ATAKENT,25.28,52530.63,0,0,0,0,1,0,0.0,0.0,0.0,0.0,52530.63,0.0,1,ORTA_TICARETHANE
13706078,38.51319148,27.04009163,35-09-M02091,35,CIGLI,BALATCIK,8.6,4410.029,0,2,0,0,1,0,0.0,4337.612,0.0,0.0,72.417,0.0,3,KUCUK_TICARETHANE
13706339,38.49263174,27.06578976,35-09-K01875,35,CIGLI,SIRINTEPE,26.14,33793.78,0,0,0,0,1,0,0.0,0.0,0.0,0.0,33793.78,0.0,1,ORTA_TICARETHANE
13709815,38.51752545,27.03809397,35-09-M00400,35,CIGLI,BALATCIK,12.571666666666665,27707.985,0,3,0,0,3,0,0.0,15001.477,0.0,0.0,12706.508,0.0,6,ORTA_TICARETHANE
13711093,38.50322144,27.0756455,35-09-K01874,35,CIGLI,YAKAKENT,8.35,2571.695,0,0,0,0,1,0,0.0,0.0,0.0,0.0,2571.695,0.0,1,KUCUK_TICARETHANE
13711102,38.5034809,27.07590127,35-09-M01976,35,CIGLI,YAKAKENT,8.7,4997.409,0,0,0,0,1,0,0.0,0.0,0.0,0.0,4997.409,0.0,1,KUCUK_TICARETHANE
13711138,38.48440256,27.06368843,35-09-K03492,35,CIGLI,ATASEHIR,11.012,34093.348,0,0,0,0,6,0,0.0,0.0,0.0,0.0,34093.348,0.0,6,ORTA_TICARETHANE
13711165,38.46641744,27.08820418,35-04-K01116,35,KARSIYAKA,ATAKENT,5.0,10578.47,0,0,0,0,1,0,0.0,0.0,0.0,0.0,10578.47,0.0,1,ORTA_TICARETHANE
13711444,38.46595143,27.11647572,35-04-K00907,35,KARSIYAKA,BAHCELIEVLER,5.0,27645.18,0,0,0,0,1,0,0.0,0.0,0.0,0.0,27645.18,0.0,1,ORTA_TICARETHANE
13711462,38.46615839,27.11679846,35-04-K00907,35,KARSIYAKA,BAHCELIEVLER,5.0,1898.576,0,0,0,0,1,0,0.0,0.0,0.0,0.0,1898.576,0.0,1,KUCUK_TICARETHANE
13711480,38.47633846,27.10628348,35-04-M01028,35,KARSIYAKA,IMBATLI,5.0,19648.23,0,0,0,0,1,0,0.0,0.0,0.0,0.0,19648.23,0.0,1,ORTA_TICARETHANE
13714081,38.49405571,27.06250514,35-09-M02551,35,CIGLI,KOYICI,8.35,21175.81,0,0,0,0,1,0,0.0,0.0,0.0,0.0,21175.81,0.0,1,ORTA_TICARETHANE
13715179,38.48951565,27.07968458,35-09-K02499,35,CIGLI,AYDINLIKEVLER,23.72,12348.84,0,0,0,0,1,0,0.0,0.0,0.0,0.0,12348.84,0.0,1,ORTA_TICARETHANE
13715620,38.49183948,27.0802142,35-09-K03320,35,CIGLI,AYDINLIKEVLER,22.78,6965.136,0,0,0,0,1,0,0.0,0.0,0.0,0.0,6965.136,0.0,1,ORTA_TICARETHANE
13722910,38.467993,27.089235,35-04-M01434,35,KARSIYAKA,YALI,639.0,97419.75,0,0,0,0,1,0,0.0,0.0,0.0,0.0,97419.75,0.0,1,ORTA_TICARETHANE
13725772,38.47667276,27.11025977,35-04-M02326,35,KARSIYAKA,ORNEKKOY,51.82,255197.821,0,1,0,0,1,0,0.0,7306.821,0.0,0.0,247891.0,0.0,2,ORTA_TICARETHANE
13729300,38.49025128,27.07921421,35-09-K03320,35,CIGLI,AYDINLIKEVLER,5.0,26156.383,0,0,0,0,2,0,0.0,0.0,0.0,0.0,26156.383,0.0,2,ORTA_TICARETHANE
13729318,38.48979234,27.07906779,35-09-K03320,35,CIGLI,AYDINLIKEVLER,5.0,12625.81,0,0,0,0,1,0,0.0,0.0,0.0,0.0,12625.81,0.0,1,ORTA_TICARETHANE
13729660,38.47074538,27.09457247,35-04-K00197,35,KARSIYAKA,SEMIKLER,10.549375,124486.04699999999,0,16,1,0,7,0,0.0,31070.862,47892.59,0.0,45522.595,0.0,24,ORTA_SANAYI
13732800,38.47901852,27.09042343,35-04-K00215,35,KARSIYAKA,SEMIKLER,8.35,2622.159,0,0,0,0,1,0,0.0,0.0,0.0,0.0,2622.159,0.0,1,KUCUK_TICARETHANE
13732890,38.5314552,27.0476836,35-09-M00219,35,CIGLI,INONU,12.2875,7846.254,0,1,0,0,3,0,0.0,3547.892,0.0,0.0,4298.362,0.0,4,KUCUK_TICARETHANE
13734114,38.45402878,27.11801396,35-04-K01316,35,KARSIYAKA,DONANMACI,6.057777777777777,25718.077999999998,0,6,0,0,3,0,0.0,15439.903999999999,0.0,0.0,10278.173999999999,0.0,9,ORTA_TICARETHANE
13739346,38.45757703,27.09691113,35-04-K00587,35,KARSIYAKA,BOSTANLI,13.0906875,113646.138,0,10,0,0,6,0,0.0,18355.772,0.0,0.0,95290.36600000001,0.0,16,ORTA_TICARETHANE
13740651,38.45867669,27.11749348,35-04-K00692,35,KARSIYAKA,BAHARIYE,5.76,8086.279,0,0,0,0,1,0,0.0,0.0,0.0,0.0,8086.279,0.0,1,KUCUK_TICARETHANE
13742309,38.46086,27.1146233,35-04-K03676,35,KARSIYAKA,BAHRIYE UCOK,101.96,75558.69,0,0,0,0,1,0,0.0,0.0,0.0,0.0,75558.69,0.0,1,ORTA_TICARETHANE
13742318,38.46460217,27.10856697,35-04-K01051,35,KARSIYAKA,BAHRIYE UCOK,12.522307692307692,74214.645,0,9,0,0,4,0,0.0,22533.983,0.0,0.0,51680.662000000004,0.0,13,ORTA_TICARETHANE
13744991,38.45770988,27.1009714,35-04-K00832,35,KARSIYAKA,BOSTANLI,110.673,149315.1,0,0,0,0,1,0,0.0,0.0,0.0,0.0,149315.1,0.0,1,ORTA_TICARETHANE
13745027,38.45748168,27.11578779,35-04-K00289,35,KARSIYAKA,DONANMACI,86.0,118901.5,0,0,0,0,1,0,0.0,0.0,0.0,0.0,118901.5,0.0,1,ORTA_TICARETHANE
13745351,38.4560008,27.11834107,35-04-K01760,35,KARSIYAKA,DONANMACI,14.93,7757.928,0,0,0,0,1,0,0.0,0.0,0.0,0.0,7757.928,0.0,1,KUCUK_TICARETHANE
13748150,38.50346901,27.07509959,35-09-M01976,35,CIGLI,YAKAKENT,73.85,25343.64,0,0,0,0,1,0,0.0,0.0,0.0,0.0,25343.64,0.0,1,ORTA_TICARETHANE
13750139,38.47517824,27.09817807,35-04-M02425,35,KARSIYAKA,SEMIKLER,5.05,6516.223,0,1,0,0,1,0,0.0,5877.802,0.0,0.0,638.421,0.0,2,KUCUK_TICARETHANE
13753226,38.49295161,27.0964235,35-04-K02435,35,KARSIYAKA,MUSTAFA KEMAL,110.11999999999999,41473.704999999994,0,0,0,0,2,0,0.0,0.0,0.0,0.0,41473.704999999994,0.0,2,ORTA_TICARETHANE
13754612,38.45689982,27.11749103,35-04-K02433,35,KARSIYAKA,TUNA,17.18,40499.32,0,0,0,0,1,0,0.0,0.0,0.0,0.0,40499.32,0.0,1,ORTA_TICARETHANE
13776917,38.52379295,27.04233732,35-09-M00647,35,CIGLI,UGUR MUMCU,7.793333333333334,7619.686,0,2,0,0,1,0,0.0,4685.9259999999995,0.0,0.0,2933.76,0.0,3,KUCUK_TICARETHANE
13789187,38.45414,27.0997933,35-04-K02313,35,KARSIYAKA,BOSTANLI,48.0,102744.1,0,0,0,0,1,0,0.0,0.0,0.0,0.0,102744.1,0.0,1,ORTA_TICARETHANE
13798009,38.45586935,27.11947719,35-04-K00133,35,KARSIYAKA,TUNA,193.46,242033.6,0,0,0,0,1,0,0.0,0.0,0.0,0.0,242033.6,0.0,1,ORTA_TICARETHANE
13800681,38.49140827,27.06640226,35-09-K04221,35,CIGLI,ATASEHIR,12.763333333333334,44149.123,0,1,0,0,5,0,0.0,1552.312,0.0,0.0,42596.811,0.0,6,ORTA_TICARETHANE
13801743,38.4911354,27.06638261,35-09-K04221,35,CIGLI,ATASEHIR,37.7,42230.38,0,0,0,0,1,0,0.0,0.0,0.0,0.0,42230.38,0.0,1,ORTA_TICARETHANE
13802139,38.45580299,27.11893843,35-04-K01990,35,KARSIYAKA,TUNA,46.059,56977.79,0,0,0,0,1,0,0.0,0.0,0.0,0.0,56977.79,0.0,1,ORTA_TICARETHANE
13804606,38.45971438,27.11465425,35-04-K01360,35,KARSIYAKA,BAHARIYE,5.0,6315.595,0,0,0,0,1,0,0.0,0.0,0.0,0.0,6315.595,0.0,1,KUCUK_TICARETHANE
13804633,38.46126775,27.11010417,35-04-K03724,35,KARSIYAKA,BAHRIYE UCOK,8.688,17621.93,0,0,0,0,1,0,0.0,0.0,0.0,0.0,17621.93,0.0,1,ORTA_TICARETHANE
13805470,38.50260706,27.04365596,35-09-M02549,35,CIGLI,KUCUK CIGLI,10.434999999999999,4623.161,0,1,0,0,1,0,0.0,3575.991,0.0,0.0,1047.17,0.0,2,KUCUK_TICARETHANE
13806918,38.47581843,27.08105572,35-04-M01583,35,KARSIYAKA,YALI,75.0,4367.46,0,0,0,0,1,0,0.0,0.0,0.0,0.0,4367.46,0.0,1,ORTA_TICARETHANE
13808817,38.4727098,27.09180297,35-04-K04099,35,KARSIYAKA,YALI,10.004999999999999,7515.298,0,0,0,0,2,0,0.0,0.0,0.0,0.0,7515.298,0.0,2,KUCUK_TICARETHANE
13816290,38.49107317,27.06648015,35-09-K04221,35,CIGLI,SIRINTEPE,16.831111111111113,119211.90199999999,0,1,0,0,8,0,0.0,3779.262,0.0,0.0,115432.63999999998,0.0,9,ORTA_TICARETHANE
13816650,38.51429717,27.0443904,35-09-M00888,35,CIGLI,BALATCIK,10.441384615384615,139171.913,0,9,0,0,4,0,0.0,58031.821,0.0,0.0,81140.092,0.0,13,ORTA_TICARETHANE
13819694,38.47327017,27.09992519,35-04-K03083,35,KARSIYAKA,FIKRI ALTAY,9.175,103302.186,0,4,0,0,4,0,0.0,17952.657,0.0,0.0,85349.529,0.0,8,ORTA_TICARETHANE
13819721,38.49122698,27.06709207,35-09-M02552,35,CIGLI,SIRINTEPE,9.195,22125.208,0,2,0,0,4,0,0.0,1296.709,0.0,0.0,20828.499,0.0,6,ORTA_TICARETHANE
13821521,38.4830838,27.09727225,35-04-K00243,35,KARSIYAKA,CUMHURIYET,5.0,2940.376,0,1,0,0,1,0,0.0,1919.425,0.0,0.0,1020.951,0.0,2,KUCUK_TICARETHANE
13844561,38.45751187,27.11397983,35-04-K00833,35,KARSIYAKA,DONANMACI,6.64,12571.81,0,0,0,0,1,0,0.0,0.0,0.0,0.0,12571.81,0.0,1,ORTA_TICARETHANE
13849618,38.51266367,27.03838148,35-09-M00999,35,CIGLI,BALATCIK,9.125,42344.94,0,0,0,0,2,0,0.0,0.0,0.0,0.0,42344.94,0.0,2,ORTA_TICARETHANE
13853820,38.46487891,27.12613519,35-04-K04059,35,KARSIYAKA,BAHCELIEVLER,8.665,7719.664000000001,0,1,0,0,1,0,0.0,2086.662,0.0,0.0,5633.002,0.0,2,KUCUK_TICARETHANE
13853838,38.46947375,27.10885035,35-04-K03036,35,KARSIYAKA,DEDEBASI,5.0,19061.407,0,0,0,0,2,0,0.0,0.0,0.0,0.0,19061.407,0.0,2,ORTA_TICARETHANE
13868615,38.47322485,27.08518795,35-04-M01892,35,KARSIYAKA,YALI,12.540461538461539,101349.727,0,4,0,0,9,0,0.0,9076.642,0.0,0.0,92273.085,0.0,13,ORTA_TICARETHANE
13873430,38.48265417,27.09711712,35-04-K00243,35,KARSIYAKA,CUMHURIYET,50.0,83428.51,0,0,0,0,1,0,0.0,0.0,0.0,0.0,83428.51,0.0,1,ORTA_TICARETHANE
13874619,38.47647567,27.08743306,35-04-M01802,35,KARSIYAKA,YALI,499.65,261233.2,0,0,0,0,1,0,0.0,0.0,0.0,0.0,261233.2,0.0,1,BUYUK_TICARETHANE
13874763,38.47850782,27.08305425,35-04-M01584,35,KARSIYAKA,YALI,885.53,341302.3,0,0,0,0,1,0,0.0,0.0,0.0,0.0,341302.3,0.0,1,BUYUK_TICARETHANE
13878200,38.46405669,27.10551267,35-04-K00115,35,KARSIYAKA,GONCALAR,5.0,10399.971,0,2,0,0,2,0,0.0,6379.111,0.0,0.0,4020.8599999999997,0.0,4,KUCUK_TICARETHANE
13878344,38.45477177,27.10454512,35-04-K00053,35,KARSIYAKA,BOSTANLI,129.82500000000002,51819.918,0,0,0,0,2,0,0.0,0.0,0.0,0.0,51819.918,0.0,2,ORTA_TICARETHANE
13880556,38.45647388,27.11919005,35-04-K03844,35,KARSIYAKA,TUNA,5.9093103448275865,138991.18899999998,0,12,0,0,17,0,0.0,21062.271,0.0,0.0,117928.918,0.0,29,ORTA_TICARETHANE
13892113,38.48437973,27.09630547,35-04-M02466,35,KARSIYAKA,CUMHURIYET,9.530000000000001,53590.449,0,1,0,0,2,0,0.0,1738.315,0.0,0.0,51852.134,0.0,3,ORTA_TICARETHANE
13894202,38.49202335,27.07369,35-09-K03317,35,CIGLI,MALTEPE,52.43,22654.38,0,0,0,0,1,0,0.0,0.0,0.0,0.0,22654.38,0.0,1,ORTA_TICARETHANE
13896142,38.48306434,27.11318422,35-04-M01300,35,KARSIYAKA,ORNEKKOY,8.35,5338.581,1,0,0,0,0,0,5338.581,0.0,0.0,0.0,0.0,0.0,0,AYDINLATMA
13896468,38.47762003,27.09893195,35-04-M01834,35,KARSIYAKA,CUMHURIYET,9.171818181818182,51538.833,0,1,0,0,21,0,0.0,4463.234,0.0,0.0,47075.599,0.0,22,ORTA_TICARETHANE
13896513,38.46529349,27.10886644,35-04-K02316,35,KARSIYAKA,GONCALAR,27.30657142857143,118927.27500000001,0,2,0,0,5,0,0.0,3100.2169999999996,0.0,0.0,115827.058,0.0,7,ORTA_TICARETHANE
13897008,38.47666256,27.10226309,35-04-M01180,35,KARSIYAKA,CUMHURIYET,7.448,29665.548,0,1,0,0,4,0,0.0,230.804,0.0,0.0,29434.744,0.0,5,ORTA_TICARETHANE
13897179,38.45569984,27.11830593,35-04-K01555,35,KARSIYAKA,DONANMACI,7.222222222222222,91294.508,0,1,0,0,8,0,0.0,19269.53,0.0,0.0,72024.978,0.0,9,ORTA_TICARETHANE
13897405,38.47180574,27.11003002,35-04-M02560,35,KARSIYAKA,IMBATLI,5.0,257.463,0,0,0,0,1,0,0.0,0.0,0.0,0.0,257.463,0.0,1,KUCUK_TICARETHANE
13916737,38.45630695,27.11939951,35-04-K03844,35,KARSIYAKA,TUNA,6.3442,41578.481,0,3,0,0,2,0,0.0,4830.273,0.0,0.0,36748.208,0.0,5,ORTA_TICARETHANE
13919202,38.461665,27.10891165,35-04-M01616,35,KARSIYAKA,BAHRIYE UCOK,129.94,169556.3,0,0,0,0,1,0,0.0,0.0,0.0,0.0,169556.3,0.0,1,ORTA_TICARETHANE
13929055,38.49175182,27.11553738,35-04-K03082,35,KARSIYAKA,LATIFE HANIM,19.23,61732.22,0,0,0,0,1,0,0.0,0.0,0.0,0.0,61732.22,0.0,1,ORTA_TICARETHANE
13948426,38.46005525,27.10123625,35-04-M01038,35,KARSIYAKA,BOSTANLI,5.0,2475.246,0,0,0,0,1,0,0.0,0.0,0.0,0.0,2475.246,0.0,1,KUCUK_TICARETHANE
13948750,38.4608016,27.11745952,35-04-K00055,35,KARSIYAKA,BAHARIYE,15.01,31424.75,0,0,0,0,1,0,0.0,0.0,0.0,0.0,31424.75,0.0,1,ORTA_TICARETHANE
13951071,38.48206685,27.09798792,35-04-M01026,35,KARSIYAKA,CUMHURIYET,24.76,9464.878,0,0,0,0,1,0,0.0,0.0,0.0,0.0,9464.878,0.0,1,ORTA_TICARETHANE
14411358,38.49633281,27.08883488,35-09-M01985,35,CIGLI,AHMET TANER KISLALI,8.35,5875.323,0,0,0,0,1,0,0.0,0.0,0.0,0.0,5875.323,0.0,1,KUCUK_TICARETHANE
14411367,38.5064396,27.04925229,35-09-K03315,35,CIGLI,ESENTEPE,51.3,43815.52,0,0,0,0,1,0,0.0,0.0,0.0,0.0,43815.52,0.0,1,ORTA_TICARETHANE
14452805,38.50432841,27.05162267,35-09-K01867,35,CIGLI,KUCUK CIGLI,5.0,4472.564,0,0,0,0,1,0,0.0,0.0,0.0,0.0,4472.564,0.0,1,KUCUK_TICARETHANE
14525020,38.49961418,27.05175538,35-09-M03090,35,CIGLI,YENI MAHALLE,10.737636363636364,22138.998,0,5,0,0,6,0,0.0,8776.806,0.0,0.0,13362.192,0.0,11,ORTA_TICARETHANE
14527684,38.50462105,27.04745575,35-09-K01869,35,CIGLI,KUCUK CIGLI,9.533333333333333,3380.389,0,2,0,0,1,0,0.0,1806.575,0.0,0.0,1573.814,0.0,3,KUCUK_TICARETHANE
14527693,38.50352097,27.04803492,35-09-M02465,35,CIGLI,KUCUK CIGLI,8.35,3803.299,0,0,0,0,1,0,0.0,0.0,0.0,0.0,3803.299,0.0,1,KUCUK_TICARETHANE
14527819,38.48344429,27.05958096,,35,CIGLI,ATASEHIR,5.0,1289.032,1,0,0,0,0,0,1289.032,0.0,0.0,0.0,0.0,0.0,0,AYDINLATMA
14531428,38.50009197,27.05131309,35-09-M03090,35,CIGLI,YENI MAHALLE,14.10969230769231,46786.705,0,9,0,0,4,0,0.0,11739.474,0.0,0.0,35047.231,0.0,13,ORTA_TICARETHANE
14531725,38.44991443,27.10919421,35-04-K03385,35,KARSIYAKA,AKSOY,5.0,11756.49,0,0,0,0,1,0,0.0,0.0,0.0,0.0,11756.49,0.0,1,ORTA_TICARETHANE
14531743,38.4576473,27.11644337,35-04-K00692,35,KARSIYAKA,TUNA,14.76,24132.17,0,0,0,0,1,0,0.0,0.0,0.0,0.0,24132.17,0.0,1,ORTA_TICARETHANE
14532292,38.51194418,27.04434633,35-09-K03266,35,CIGLI,BALATCIK,5.1,943.54,0,0,0,0,1,0,0.0,0.0,0.0,0.0,943.54,0.0,1,KUCUK_TICARETHANE
14532481,38.51800291,27.0616873,35-09-K04390,35,CIGLI,ATATURK,8.35,7311.972,0,0,0,0,1,0,0.0,0.0,0.0,0.0,7311.972,0.0,1,KUCUK_TICARETHANE
14534650,38.48438736,27.0967164,35-04-K03773,35,KARSIYAKA,CUMHURIYET,5.0,488.459,0,0,0,0,1,0,0.0,0.0,0.0,0.0,488.459,0.0,1,KUCUK_TICARETHANE
14535487,38.50113568,27.06587727,35-09-M01978,35,CIGLI,KOYICI,5.0,280.526,0,0,0,1,0,0,0.0,0.0,0.0,280.526,0.0,0.0,0,TARIMSAL_SULAMA
14535595,38.49569351,27.08894824,35-09-M01985,35,CIGLI,AHMET TANER KISLALI,5.0,2766.062,0,0,0,0,1,0,0.0,0.0,0.0,0.0,2766.062,0.0,1,KUCUK_TICARETHANE
14537872,38.52662017,27.04707798,35-09-M00211,35,CIGLI,INONU,6.785,36819.13,0,0,0,0,2,0,0.0,0.0,0.0,0.0,36819.13,0.0,2,ORTA_TICARETHANE
14541203,38.45370994,27.11112416,35-04-K00282,35,KARSIYAKA,AKSOY,12.200000000000001,24112.066,0,1,0,0,2,0,0.0,888.437,0.0,0.0,23223.629,0.0,3,ORTA_TICARETHANE
14542148,38.48869529,27.07947031,35-09-K02499,35,CIGLI,AYDINLIKEVLER,9.603333333333333,40930.143000000004,0,1,0,0,2,0,0.0,8595.209,0.0,0.0,32334.934,0.0,3,ORTA_TICARETHANE
14546297,38.53618789,27.05214469,35-09-M00207,35,CIGLI,CUMHURIYET,8.35,1899.816,0,0,0,0,1,0,0.0,0.0,0.0,0.0,1899.816,0.0,1,KUCUK_TICARETHANE
14549357,38.49582344,27.09546724,35-04-M00843,35,KARSIYAKA,MUSTAFA KEMAL,23.499571428571432,78250.385,0,2,0,0,5,0,0.0,12183.737,0.0,0.0,66066.648,0.0,7,ORTA_TICARETHANE
14550500,38.50902906,27.04397632,35-09-M02390,35,CIGLI,BALATCIK,8.35,1764.834,0,0,0,0,1,0,0.0,0.0,0.0,0.0,1764.834,0.0,1,KUCUK_TICARETHANE
14553020,38.49940802,27.12641508,35-04-K04757,35,KARSIYAKA,LATIFE HANIM,24.0412,59796.629,0,0,0,0,10,0,0.0,0.0,0.0,0.0,59796.629,0.0,10,ORTA_TICARETHANE
14555199,38.45898444,27.09662027,35-04-K00849,35,KARSIYAKA,BOSTANLI,8.35,1141.458,0,0,0,0,1,0,0.0,0.0,0.0,0.0,1141.458,0.0,1,KUCUK_TICARETHANE
14555235,38.49982495,27.12536396,35-04-K04757,35,KARSIYAKA,LATIFE HANIM,9.2,3087.994,0,0,0,0,1,0,0.0,0.0,0.0,0.0,3087.994,0.0,1,KUCUK_TICARETHANE
14557431,38.51452552,27.04193632,35-09-M01880,35,CIGLI,BALATCIK,8.563184466019417,195291.7811,0,69,0,0,34,0,0.0,107562.1701,0.0,0.0,87729.611,0.0,103,ORTA_TICARETHANE
14557503,38.50043069,27.05113073,35-09-M03090,35,CIGLI,YENI MAHALLE,10.01,20659.254999999997,0,3,0,0,2,0,0.0,8293.402,0.0,0.0,12365.853,0.0,5,ORTA_TICARETHANE
14561013,38.51840992,27.03707132,35-09-M00400,35,CIGLI,BALATCIK,20.41,53709.54,0,0,0,0,1,0,0.0,0.0,0.0,0.0,53709.54,0.0,1,ORTA_TICARETHANE
14562624,38.49562247,27.06386532,35-09-K01870,35,CIGLI,KOYICI,7.122,35746.31,0,2,0,0,5,0,0.0,3271.889,0.0,0.0,32474.421,0.0,7,ORTA_TICARETHANE
14562633,38.49320319,27.06015797,35-09-K04020,35,CIGLI,ATASEHIR,8.735666666666667,15009.483,0,4,0,0,2,0,0.0,9458.079,0.0,0.0,5551.4039999999995,0.0,6,KUCUK_TICARETHANE
14564199,38.54488122,27.0618506,35-09-M00217,35,CIGLI,CUMHURIYET,8.35,1638.872,0,0,0,0,1,0,0.0,0.0,0.0,0.0,1638.872,0.0,1,KUCUK_TICARETHANE
14568932,38.50832576,26.98756048,35-09-M00255,35,CIGLI,KAKLIC,9.1,22933.1,0,0,0,0,1,0,0.0,0.0,0.0,0.0,22933.1,0.0,1,ORTA_TICARETHANE
14570400,38.52166921,27.06359908,35-09-K04337,35,CIGLI,ATATURK,122.425,49136.648,0,0,0,0,2,0,0.0,0.0,0.0,0.0,49136.648,0.0,2,ORTA_TICARETHANE
14571219,38.51048993,26.98746151,35-09-M00256,35,CIGLI,KAKLIC,11.84,5159.723,0,0,0,0,1,0,0.0,0.0,0.0,0.0,5159.723,0.0,1,KUCUK_TICARETHANE
14573694,38.50079161,26.94458179,35-09-M01149,35,CIGLI,SASALLI MERKEZ,49.32,7662.565,0,0,0,0,1,0,0.0,0.0,0.0,0.0,7662.565,0.0,1,ORTA_TICARETHANE
14574018,38.48935609,27.05397115,35-09-K02341,35,CIGLI,ATASEHIR,5.0,0.0,0,0,0,0,1,0,0.0,0.0,0.0,0.0,0.0,0.0,1,KUCUK_TICARETHANE
14575593,38.49483351,26.95286675,35-09-M00257,35,CIGLI,SASALLI MERKEZ,5.0,1.091,0,0,0,0,1,0,0.0,0.0,0.0,0.0,1.091,0.0,1,KUCUK_TICARETHANE
14575980,38.49050899,27.07833478,35-09-K02499,35,CIGLI,AYDINLIKEVLER,19.62,5413.628,0,0,0,0,1,0,0.0,0.0,0.0,0.0,5413.628,0.0,1,ORTA_TICARETHANE
14575998,38.49142356,27.07761798,35-09-K03320,35,CIGLI,AYDINLIKEVLER,14.52,11213.71,0,0,0,0,1,0,0.0,0.0,0.0,0.0,11213.71,0.0,1,ORTA_TICARETHANE
14576169,38.48875417,27.0527085,35-09-K03983,35,CIGLI,ATASEHIR,332.24,315615.8,0,0,0,0,1,0,0.0,0.0,0.0,0.0,315615.8,0.0,1,ORTA_TICARETHANE
14576178,38.48401594,27.05453349,35-09-K02867,35,CIGLI,ATASEHIR,251.53,180071.5,0,0,0,0,1,0,0.0,0.0,0.0,0.0,180071.5,0.0,1,ORTA_TICARETHANE
14577663,38.49458641,26.95528976,35-09-M00257,35,CIGLI,SASALLI MERKEZ,5.3,33968.82,0,0,0,0,1,0,0.0,0.0,0.0,0.0,33968.82,0.0,1,ORTA_TICARETHANE
14579626,38.47553975,27.06941582,35-04-M01087,35,KARSIYAKA,YALI,46.0,69044.43,0,0,0,0,1,0,0.0,0.0,0.0,0.0,69044.43,0.0,1,ORTA_TICARETHANE
14580507,38.45870949,27.09469819,35-04-K00476,35,KARSIYAKA,BOSTANLI,5.0,4921.722,0,0,0,0,1,0,0.0,0.0,0.0,0.0,4921.722,0.0,1,KUCUK_TICARETHANE
14582766,38.45799116,27.09279701,35-04-K00476,35,KARSIYAKA,BOSTANLI,8.6,8270.035,0,0,0,0,1,0,0.0,0.0,0.0,0.0,8270.035,0.0,1,KUCUK_TICARETHANE
14585214,38.47098062,27.09841236,35-04-K04709,35,KARSIYAKA,SEMIKLER,11.76909090909091,25783.049,0,7,0,0,4,0,0.0,9760.537,0.0,0.0,16022.511999999999,0.0,11,ORTA_TICARETHANE
14589706,38.4919387,27.06632429,35-09-K01875,35,CIGLI,SIRINTEPE,8.35,1504.281,0,0,0,0,1,0,0.0,0.0,0.0,0.0,1504.281,0.0,1,KUCUK_TICARETHANE
14589895,38.50423143,27.05109496,35-09-K04597,35,CIGLI,KUCUK CIGLI,6.366666666666667,11095.172999999999,0,1,0,0,2,0,0.0,4034.808,0.0,0.0,7060.365,0.0,3,KUCUK_TICARETHANE
14589904,38.49768485,27.05798543,35-09-K04282,35,CIGLI,KUCUK CIGLI,44.38,31403.44,0,0,0,0,1,0,0.0,0.0,0.0,0.0,31403.44,0.0,1,ORTA_TICARETHANE
14591433,38.48916299,27.11211097,35-04-K03908,35,KARSIYAKA,ZUBEYDE HANIM,607.15,239311.3,0,0,0,0,1,0,0.0,0.0,0.0,0.0,239311.3,0.0,1,BUYUK_TICARETHANE
14591442,38.49096958,27.11325482,35-04-K02447,35,KARSIYAKA,ZUBEYDE HANIM,11.78,15215.12,0,0,0,0,1,0,0.0,0.0,0.0,0.0,15215.12,0.0,1,ORTA_TICARETHANE
14592108,38.49597215,27.07101749,35-09-K01873,35,CIGLI,SIRINTEPE,11.52,24230.71,0,0,0,0,1,0,0.0,0.0,0.0,0.0,24230.71,0.0,1,ORTA_TICARETHANE
14593314,38.46331581,27.1161234,35-04-K01591,35,KARSIYAKA,BAHARIYE,186.65,84764.16,0,0,0,0,1,0,0.0,0.0,0.0,0.0,84764.16,0.0,1,ORTA_TICARETHANE
14594043,38.50678853,26.98455408,35-09-M00255,35,CIGLI,KAKLIC,5.22,1585.655,0,0,0,0,1,0,0.0,0.0,0.0,0.0,1585.655,0.0,1,KUCUK_TICARETHANE
14594052,38.5076481,26.98564956,35-09-M00255,35,CIGLI,KAKLIC,5.0,1155.771,0,0,0,0,1,0,0.0,0.0,0.0,0.0,1155.771,0.0,1,KUCUK_TICARETHANE
14594061,38.50719863,26.98808806,35-09-M00255,35,CIGLI,KAKLIC,8.35,1568.319,0,0,0,0,1,0,0.0,0.0,0.0,0.0,1568.319,0.0,1,KUCUK_TICARETHANE
14594079,38.50438708,26.98865414,35-09-M00254,35,CIGLI,KAKLIC,8.1,4208.564,0,0,0,0,1,0,0.0,0.0,0.0,0.0,4208.564,0.0,1,KUCUK_TICARETHANE
14596347,38.50336379,26.99391549,35-09-M01145,35,CIGLI,KAKLIC,8.35,15191.79,0,0,0,0,1,0,0.0,0.0,0.0,0.0,15191.79,0.0,1,ORTA_TICARETHANE
14596356,38.50396174,26.99308121,35-09-M01145,35,CIGLI,KAKLIC,46.22,1559.816,0,0,0,0,1,0,0.0,0.0,0.0,0.0,1559.816,0.0,1,ORTA_TICARETHANE
14596761,38.53212528,27.04923807,35-09-M00219,35,CIGLI,HARMANDALI GAZI MUSTAFA KEMAL ATATURK,7.8,22133.81,0,0,0,0,1,0,0.0,0.0,0.0,0.0,22133.81,0.0,1,ORTA_TICARETHANE
14596779,38.53099951,27.05187695,35-09-M00214,35,CIGLI,HARMANDALI GAZI MUSTAFA KEMAL ATATURK,5.0,440.112,0,0,0,0,1,0,0.0,0.0,0.0,0.0,440.112,0.0,1,KUCUK_TICARETHANE
14596815,38.537718,27.05327398,35-09-M00200,35,CIGLI,CUMHURIYET,8.35,2651.38,0,0,0,0,1,0,0.0,0.0,0.0,0.0,2651.38,0.0,1,KUCUK_TICARETHANE
14598922,38.46123068,27.09998075,35-04-M01037,35,KARSIYAKA,BOSTANLI,5.0,8748.848,1,0,0,0,0,0,8748.848,0.0,0.0,0.0,0.0,0.0,0,AYDINLATMA
14600371,38.51838804,27.03977257,35-09-M00103,35,CIGLI,BALATCIK,18.21,2157.664,0,0,0,0,1,0,0.0,0.0,0.0,0.0,2157.664,0.0,1,ORTA_TICARETHANE
14600434,38.49452857,27.07451913,35-09-M01981,35,CIGLI,SIRINTEPE,5.0,9628.341,0,0,0,0,1,0,0.0,0.0,0.0,0.0,9628.341,0.0,1,KUCUK_TICARETHANE
14600461,38.49075858,27.07159486,35-09-M01950,35,CIGLI,MALTEPE,14.933,10835.47,0,0,0,0,1,0,0.0,0.0,0.0,0.0,10835.47,0.0,1,ORTA_TICARETHANE
14600470,38.49013935,27.07301942,35-09-M01950,35,CIGLI,MALTEPE,21.61,2035.224,0,0,0,0,1,0,0.0,0.0,0.0,0.0,2035.224,0.0,1,ORTA_TICARETHANE
14600479,38.4905459,27.07358089,35-09-M01950,35,CIGLI,MALTEPE,8.8,2505.075,0,0,0,0,1,0,0.0,0.0,0.0,0.0,2505.075,0.0,1,KUCUK_TICARETHANE
14600515,38.48896634,27.073461,35-09-M01950,35,CIGLI,MALTEPE,98.396,60964.44,0,0,0,0,1,0,0.0,0.0,0.0,0.0,60964.44,0.0,1,ORTA_TICARETHANE
14600524,38.48873645,27.07391257,35-09-M01950,35,CIGLI,MALTEPE,25.755,41709.731999999996,0,0,0,0,2,0,0.0,0.0,0.0,0.0,41709.731999999996,0.0,2,ORTA_TICARETHANE
14600533,38.48872581,27.07391914,35-09-M01950,35,CIGLI,MALTEPE,25.785,18107.684,0,0,0,0,2,0,0.0,0.0,0.0,0.0,18107.684,0.0,2,ORTA_TICARETHANE
14603054,38.4676735,27.11271407,35-04-M01889,35,KARSIYAKA,BAHCELIEVLER,18.645823529411764,412779.07,0,95,0,0,41,0,0.0,296660.812,0.0,0.0,116118.258,0.0,136,ORTA_TICARETHANE
14603675,38.49504402,27.10902592,35-04-K04288,35,KARSIYAKA,ZUBEYDE HANIM,273.0,59226.5,0,0,0,0,1,0,0.0,0.0,0.0,0.0,59226.5,0.0,1,ORTA_TICARETHANE
14605952,38.49005794,27.06818747,35-09-K01887,35,CIGLI,ATASEHIR,5.0,7903.308,0,0,0,0,1,0,0.0,0.0,0.0,0.0,7903.308,0.0,1,KUCUK_TICARETHANE
14605961,38.49181352,27.06176422,35-09-K02730,35,CIGLI,ATASEHIR,8.35,27542.75,0,0,0,0,1,0,0.0,0.0,0.0,0.0,27542.75,0.0,1,ORTA_TICARETHANE
14605970,38.49127364,27.0523202,35-09-K03314,35,CIGLI,ATASEHIR,68.899,51039.772000000004,0,0,0,0,2,0,0.0,0.0,0.0,0.0,51039.772000000004,0.0,2,ORTA_TICARETHANE
14606257,38.52110853,27.04211068,35-09-M00625,35,CIGLI,UGUR MUMCU,8.35,34533.47,0,0,0,0,1,0,0.0,0.0,0.0,0.0,34533.47,0.0,1,ORTA_TICARETHANE
14606293,38.52363956,27.04433138,35-09-M00845,35,CIGLI,UGUR MUMCU,10.57,3353.8230000000003,0,1,0,0,1,0,0.0,2505.427,0.0,0.0,848.396,0.0,2,KUCUK_TICARETHANE
14607310,38.50617355,26.98861666,35-09-M00254,35,CIGLI,KAKLIC,8.35,3180.519,0,0,0,0,1,0,0.0,0.0,0.0,0.0,3180.519,0.0,1,KUCUK_TICARETHANE
14612899,38.49368196,27.06415415,35-09-M02551,35,CIGLI,KOYICI,5.0,44.723,0,0,0,0,1,0,0.0,0.0,0.0,0.0,44.723,0.0,1,KUCUK_TICARETHANE
14616742,38.53205205,27.05236723,35-09-M00210,35,CIGLI,HARMANDALI GAZI MUSTAFA KEMAL ATATURK,8.06,2960.507,0,0,0,0,1,0,0.0,0.0,0.0,0.0,2960.507,0.0,1,KUCUK_TICARETHANE
14617129,38.47991548,27.07839691,35-04-M01443,35,KARSIYAKA,YALI,280.101,57043.68,0,0,0,0,1,0,0.0,0.0,0.0,0.0,57043.68,0.0,1,ORTA_TICARETHANE
14617192,38.47180704,27.08574399,35-04-M01373,35,KARSIYAKA,YALI,21.181428571428572,113338.58200000001,0,0,0,0,14,0,0.0,0.0,0.0,0.0,113338.58200000001,0.0,14,ORTA_TICARETHANE
14617877,38.5269522,27.04613904,35-09-M00211,35,CIGLI,INONU,8.35,40492.227,0,0,0,0,2,0,0.0,0.0,0.0,0.0,40492.227,0.0,2,ORTA_TICARETHANE
14617895,38.4963855,27.08874339,35-09-M01985,35,CIGLI,AHMET TANER KISLALI,8.334,4147.596,0,0,0,0,1,0,0.0,0.0,0.0,0.0,4147.596,0.0,1,KUCUK_TICARETHANE
14622206,38.48962965,27.07999472,35-09-K04124,35,CIGLI,AYDINLIKEVLER,12.459999999999999,52321.520000000004,0,0,0,0,3,0,0.0,0.0,0.0,0.0,52321.520000000004,0.0,3,ORTA_TICARETHANE
14630603,38.51147873,27.04369361,35-09-K03266,35,CIGLI,BALATCIK,117.0,122800.0,0,0,0,0,1,0,0.0,0.0,0.0,0.0,122800.0,0.0,1,ORTA_TICARETHANE
14630648,38.49224065,27.06281991,35-09-M03520,35,CIGLI,ATASEHIR,5.46,9750.755,0,0,0,0,1,0,0.0,0.0,0.0,0.0,9750.755,0.0,1,KUCUK_TICARETHANE
14633854,38.49925006,27.05614676,35-09-K01866,35,CIGLI,KUCUK CIGLI,30.34,27823.43,0,0,0,0,1,0,0.0,0.0,0.0,0.0,27823.43,0.0,1,ORTA_TICARETHANE
14635899,38.49924058,26.95233989,35-09-M00447,35,CIGLI,SASALLI MERKEZ,8.35,1188.462,0,0,0,0,1,0,0.0,0.0,0.0,0.0,1188.462,0.0,1,KUCUK_TICARETHANE
14636088,38.53616723,27.04979122,35-09-M00208,35,CIGLI,HARMANDALI GAZI MUSTAFA KEMAL ATATURK,44.7,11594.17,0,0,0,0,1,0,0.0,0.0,0.0,0.0,11594.17,0.0,1,ORTA_TICARETHANE
14636097,38.53525924,27.04974219,35-09-M00208,35,CIGLI,HARMANDALI GAZI MUSTAFA KEMAL ATATURK,6.1,10812.29,0,0,0,0,1,0,0.0,0.0,0.0,0.0,10812.29,0.0,1,ORTA_TICARETHANE
14642693,38.4888248,27.0921267,35-04-M01378,35,KARSIYAKA,INONU,12.784,13170.5,0,0,0,0,1,0,0.0,0.0,0.0,0.0,13170.5,0.0,1,ORTA_TICARETHANE
14642774,38.48940449,27.06709959,35-09-K02733,35,CIGLI,ATASEHIR,5.2,3071.983,0,0,0,1,0,0,0.0,0.0,0.0,3071.983,0.0,0.0,0,TARIMSAL_SULAMA
14646399,38.49882741,27.05180905,35-09-M03090,35,CIGLI,YENI MAHALLE,120.55,34403.23,0,0,0,0,1,0,0.0,0.0,0.0,0.0,34403.23,0.0,1,ORTA_TICARETHANE
14646435,38.49950517,27.05204747,35-09-M03090,35,CIGLI,YENI MAHALLE,10.555,16972.036,0,4,0,0,2,0,0.0,4742.679,0.0,0.0,12229.357,0.0,6,ORTA_TICARETHANE
14646498,38.50009886,27.05143028,35-09-M03090,35,CIGLI,YENI MAHALLE,10.458181818181817,26469.591,0,6,0,0,5,0,0.0,11494.766,0.0,0.0,14974.825,0.0,11,ORTA_TICARETHANE
14646561,38.49728025,27.06189577,,35,CIGLI,KOYICI,5.0,851.742,0,0,0,0,1,0,0.0,0.0,0.0,0.0,851.742,0.0,1,KUCUK_TICARETHANE
14649443,38.46116102,27.09572196,35-04-K00849,35,KARSIYAKA,BOSTANLI,12.0,1248.44,0,0,0,0,1,0,0.0,0.0,0.0,0.0,1248.44,0.0,1,KUCUK_TICARETHANE
14649452,38.45790984,27.10150478,35-04-K04641,35,KARSIYAKA,BOSTANLI,8.35,1818.558,0,0,0,0,1,0,0.0,0.0,0.0,0.0,1818.558,0.0,1,KUCUK_TICARETHANE
14653835,38.51125604,27.03645969,35-09-M00999,35,CIGLI,BALATCIK,5.4,3224.087,0,0,0,1,0,0,0.0,0.0,0.0,3224.087,0.0,0.0,0,TARIMSAL_SULAMA
14653943,38.47668618,27.11502843,35-04-M01265,35,KARSIYAKA,ORNEKKOY,11.268571428571429,29310.613,0,1,0,0,6,0,0.0,1619.088,0.0,0.0,27691.525,0.0,7,ORTA_TICARETHANE
14653961,38.47519756,27.11508178,35-04-M01265,35,KARSIYAKA,ORNEKKOY,11.602222222222222,41296.163,0,1,0,0,8,0,0.0,1257.765,0.0,0.0,40038.398,0.0,9,ORTA_TICARETHANE
14654078,38.49241452,27.07425136,35-09-K03317,35,CIGLI,MALTEPE,8.35,3109.514,0,0,0,0,1,0,0.0,0.0,0.0,0.0,3109.514,0.0,1,KUCUK_TICARETHANE
14666290,38.50608046,26.96084271,35-09-M01387,35,CIGLI,SASALLI MERKEZ,8.26,9671.334,0,0,0,0,1,0,0.0,0.0,0.0,0.0,9671.334,0.0,1,KUCUK_TICARETHANE
14671240,38.49669294,26.94931095,35-09-M00447,35,CIGLI,SASALLI MERKEZ,15.01,16756.96,0,0,0,0,1,0,0.0,0.0,0.0,0.0,16756.96,0.0,1,ORTA_TICARETHANE
14671258,38.49644075,26.94946895,35-09-M00447,35,CIGLI,SASALLI MERKEZ,5.92,201.201,0,0,0,0,1,0,0.0,0.0,0.0,0.0,201.201,0.0,1,KUCUK_TICARETHANE
14671285,38.49898741,26.95216688,35-09-M00447,35,CIGLI,SASALLI MERKEZ,5.0,1199.671,0,0,0,0,1,0,0.0,0.0,0.0,0.0,1199.671,0.0,1,KUCUK_TICARETHANE
14671294,38.49906489,26.95217322,35-09-M00447,35,CIGLI,SASALLI MERKEZ,5.0,1257.526,0,0,0,0,1,0,0.0,0.0,0.0,0.0,1257.526,0.0,1,KUCUK_TICARETHANE
14671366,38.49947265,27.05179199,35-09-M03090,35,CIGLI,YENI MAHALLE,12.193,45627.929000000004,0,5,0,0,3,0,0.0,7826.779,0.0,0.0,37801.15,0.0,8,ORTA_TICARETHANE
14674220,38.49994648,27.055325,35-09-K01866,35,CIGLI,KUCUK CIGLI,8.334,16738.8,0,0,0,0,1,0,0.0,0.0,0.0,0.0,16738.8,0.0,1,ORTA_TICARETHANE
14674256,38.49929364,27.05616938,35-09-K01866,35,CIGLI,KUCUK CIGLI,51.124,32811.43,0,0,0,0,1,0,0.0,0.0,0.0,0.0,32811.43,0.0,1,ORTA_TICARETHANE
14690142,38.53260232,27.0537314,35-09-M00210,35,CIGLI,HARMANDALI GAZI MUSTAFA KEMAL ATATURK,7.79,8865.487000000001,0,1,0,0,1,0,0.0,7814.085,0.0,0.0,1051.402,0.0,2,KUCUK_TICARETHANE
14973570,38.50325842,27.04514681,35-09-K01869,35,CIGLI,KUCUK CIGLI,12.9565625,95841.169,0,0,0,0,16,0,0.0,0.0,0.0,0.0,95841.169,0.0,16,ORTA_TICARETHANE
14975901,38.47135728,27.08648801,,35,KARSIYAKA,YALI,5.0,3366.472,0,0,0,0,1,0,0.0,0.0,0.0,0.0,3366.472,0.0,1,KUCUK_TICARETHANE
14978016,38.51914863,27.0380737,35-09-M01091,35,CIGLI,AHMET EFENDI,41.35475,892494.7540000001,0,1,0,0,15,0,0.0,17081.68,0.0,0.0,875413.074,0.0,16,ORTA_TICARETHANE
14982678,38.49094644,27.06546493,35-09-K04221,35,CIGLI,ATASEHIR,5.0,3729.237,0,0,0,0,1,0,0.0,0.0,0.0,0.0,3729.237,0.0,1,KUCUK_TICARETHANE
14983092,38.52933168,27.04303475,35-09-M00220,35,CIGLI,INONU,8.35,647.488,0,0,0,0,1,0,0.0,0.0,0.0,0.0,647.488,0.0,1,KUCUK_TICARETHANE
14985469,38.4769461,27.08724085,35-04-M01802,35,KARSIYAKA,YALI,30.573111111111107,163823.013,0,0,0,0,9,0,0.0,0.0,0.0,0.0,163823.013,0.0,9,ORTA_TICARETHANE
14987251,38.52609271,27.04795205,35-09-M00646,35,CIGLI,UGUR MUMCU,7.210000000000001,6653.382,0,2,0,0,4,0,0.0,4438.692,0.0,0.0,2214.69,0.0,6,KUCUK_TICARETHANE
14989384,38.45246208,27.10697736,35-04-K03169,35,KARSIYAKA,AKSOY,8.35,432.889,0,0,0,0,1,0,0.0,0.0,0.0,0.0,432.889,0.0,1,KUCUK_TICARETHANE
14989402,38.48112266,27.11432088,35-04-M01566,35,KARSIYAKA,ORNEKKOY,8.35,278.336,0,0,0,0,1,0,0.0,0.0,0.0,0.0,278.336,0.0,1,KUCUK_TICARETHANE
14989420,38.49219601,27.09297583,35-04-K02435,35,KARSIYAKA,MUSTAFA KEMAL,8.35,431.017,0,0,0,0,1,0,0.0,0.0,0.0,0.0,431.017,0.0,1,KUCUK_TICARETHANE
14989429,38.49431798,27.0841195,35-09-K01958,35,CIGLI,AYDINLIKEVLER,5.0,393.37,0,0,0,0,1,0,0.0,0.0,0.0,0.0,393.37,0.0,1,KUCUK_TICARETHANE
14990104,38.49880493,27.05679171,35-09-K04282,35,CIGLI,KUCUK CIGLI,58.612,32545.67,0,0,0,0,1,0,0.0,0.0,0.0,0.0,32545.67,0.0,1,ORTA_TICARETHANE
14996882,38.48998468,27.07847803,35-09-K02499,35,CIGLI,AYDINLIKEVLER,10.1,17539.514,0,0,0,0,4,0,0.0,0.0,0.0,0.0,17539.514,0.0,4,ORTA_TICARETHANE
14997170,38.46309277,27.12167558,35-04-K00294,35,KARSIYAKA,BAHCELIEVLER,8.35,925.0,0,0,0,0,1,0,0.0,0.0,0.0,0.0,925.0,0.0,1,KUCUK_TICARETHANE
14997188,38.47786557,27.0803541,,35,KARSIYAKA,YALI,8.35,4387.097,0,0,0,0,1,0,0.0,0.0,0.0,0.0,4387.097,0.0,1,KUCUK_TICARETHANE
14999168,38.46048401,27.12467201,35-04-K03102,35,KARSIYAKA,TERSANE,8.35,2439.981,0,0,0,0,1,0,0.0,0.0,0.0,0.0,2439.981,0.0,1,KUCUK_TICARETHANE
14999177,38.46211827,27.12439029,35-04-K03102,35,KARSIYAKA,TERSANE,8.35,2242.804,0,0,0,0,1,0,0.0,0.0,0.0,0.0,2242.804,0.0,1,KUCUK_TICARETHANE
14999438,38.46013584,27.09070087,35-04-K03303,35,KARSIYAKA,BOSTANLI,8.35,27746.86,0,0,0,0,1,0,0.0,0.0,0.0,0.0,27746.86,0.0,1,ORTA_TICARETHANE
15001860,38.51548252,27.05411622,35-09-M03063,35,CIGLI,EVKA-5,12.16,6897.697,0,0,0,0,1,0,0.0,0.0,0.0,0.0,6897.697,0.0,1,KUCUK_TICARETHANE
15001869,38.50529333,27.04574793,35-09-K01869,35,CIGLI,BALATCIK,28.36,8041.957,0,0,0,0,1,0,0.0,0.0,0.0,0.0,8041.957,0.0,1,ORTA_TICARETHANE
15011273,38.4724598,27.11115268,35-04-K03012,35,KARSIYAKA,IMBATLI,8.35,169.859,0,0,0,0,1,0,0.0,0.0,0.0,0.0,169.859,0.0,1,KUCUK_TICARETHANE
15012846,38.45610431,27.11956928,35-04-K01990,35,KARSIYAKA,TUNA,7.214,46793.945999999996,0,6,0,0,4,0,0.0,17988.055999999997,0.0,0.0,28805.89,0.0,10,ORTA_TICARETHANE
15012873,38.45610915,27.11950559,35-04-K01990,35,KARSIYAKA,TUNA,9.297999999999998,31695.048,0,0,0,0,5,0,0.0,0.0,0.0,0.0,31695.048,0.0,5,ORTA_TICARETHANE
15012936,38.45807293,27.09589766,35-04-K04689,35,KARSIYAKA,BOSTANLI,19.1275,69043.46399999999,0,6,0,0,6,0,0.0,9444.168,0.0,0.0,59599.296,0.0,12,ORTA_TICARETHANE
15014385,38.51656508,27.03515036,35-09-M01357,35,CIGLI,BALATCIK,10.557272727272727,308278.299,0,0,0,0,22,0,0.0,0.0,0.0,0.0,308278.299,0.0,22,ORTA_TICARETHANE
15015537,38.45327824,27.11469294,35-04-K03185,35,KARSIYAKA,DONANMACI,5.0,473.423,0,0,0,0,1,0,0.0,0.0,0.0,0.0,473.423,0.0,1,KUCUK_TICARETHANE
15015546,38.48361432,27.10253043,35-04-K04012,35,KARSIYAKA,ORNEKKOY,8.35,527.988,0,0,0,0,1,0,0.0,0.0,0.0,0.0,527.988,0.0,1,KUCUK_TICARETHANE
15015555,38.45511648,27.09979986,35-04-K00111,35,KARSIYAKA,BOSTANLI,8.35,427.004,0,0,0,0,1,0,0.0,0.0,0.0,0.0,427.004,0.0,1,KUCUK_TICARETHANE
15015564,38.45617091,27.11032339,35-04-K00872,35,KARSIYAKA,AKSOY,8.35,421.22,0,0,0,0,1,0,0.0,0.0,0.0,0.0,421.22,0.0,1,KUCUK_TICARETHANE
15016204,38.46880566,27.10670101,35-04-K02486,35,KARSIYAKA,DEDEBASI,8.35,4487.492,0,0,0,0,1,0,0.0,0.0,0.0,0.0,4487.492,0.0,1,KUCUK_TICARETHANE
15016312,38.51505076,27.03766838,35-09-M01798,35,CIGLI,BALATCIK,8.35,1146.275,0,0,0,0,1,0,0.0,0.0,0.0,0.0,1146.275,0.0,1,KUCUK_TICARETHANE
15018652,38.51687955,27.03517294,35-09-M01357,35,CIGLI,BALATCIK,8.7,182638.411,0,0,0,0,21,0,0.0,0.0,0.0,0.0,182638.411,0.0,21,ORTA_TICARETHANE
15018688,38.4679723,27.11019579,35-04-M01041,35,KARSIYAKA,BAHCELIEVLER,8.35,5030.083,0,0,0,0,1,0,0.0,0.0,0.0,0.0,5030.083,0.0,1,KUCUK_TICARETHANE
15019606,38.46022385,27.1013014,35-04-M01038,35,KARSIYAKA,BOSTANLI,8.35,455.401,0,0,0,0,1,0,0.0,0.0,0.0,0.0,455.401,0.0,1,KUCUK_TICARETHANE
15019624,38.52343385,27.03408326,35-09-M03119,35,CIGLI,AHMET EFENDI,8.35,3089.064,0,0,0,0,1,0,0.0,0.0,0.0,0.0,3089.064,0.0,1,KUCUK_TICARETHANE
15021424,38.50520455,27.04563105,35-09-K01869,35,CIGLI,BALATCIK,4.937,13584.21,1,0,0,0,0,0,13584.21,0.0,0.0,0.0,0.0,0.0,0,AYDINLATMA
15024474,38.47611602,27.08665501,35-04-M01892,35,KARSIYAKA,YALI,13.407333333333334,68745.499,0,3,0,0,12,0,0.0,11388.472,0.0,0.0,57357.027,0.0,15,ORTA_TICARETHANE
15025275,38.49455443,27.11324241,,35,KARSIYAKA,ZUBEYDE HANIM,8.35,462.548,0,0,0,0,1,0,0.0,0.0,0.0,0.0,462.548,0.0,1,KUCUK_TICARETHANE
15026382,38.47163453,27.08029864,35-04-K02426,35,KARSIYAKA,MAVISEHIR,8.864,22320.62,0,0,0,0,1,0,0.0,0.0,0.0,0.0,22320.62,0.0,1,ORTA_TICARETHANE
15026589,38.45556771,27.11763722,35-04-K03224,35,KARSIYAKA,DONANMACI,9.12,35568.537,0,0,0,0,5,0,0.0,0.0,0.0,0.0,35568.537,0.0,5,ORTA_TICARETHANE
15026679,38.46001462,27.11370456,35-04-K00254,35,KARSIYAKA,BAHRIYE UCOK,12.268,19391.715,0,1,0,0,9,0,0.0,1296.732,0.0,0.0,18094.983,0.0,10,ORTA_TICARETHANE
15031694,38.49907443,27.06144378,35-09-M01979,35,CIGLI,CAGDAS,287.0,66024.84,0,0,0,0,1,0,0.0,0.0,0.0,0.0,66024.84,0.0,1,ORTA_TICARETHANE
15032630,38.49948345,27.05432084,35-09-K04314,35,CIGLI,KUCUK CIGLI,12.26,2246.355,0,1,0,0,1,0,0.0,1173.826,0.0,0.0,1072.529,0.0,2,KUCUK_TICARETHANE
15043671,38.49778314,27.0579707,35-09-K04282,35,CIGLI,KUCUK CIGLI,47.6,18378.6,0,0,0,0,1,0,0.0,0.0,0.0,0.0,18378.6,0.0,1,ORTA_TICARETHANE
15043950,38.47889759,27.10812823,35-04-M01742,35,KARSIYAKA,ORNEKKOY,8.35,907.515,0,0,0,0,1,0,0.0,0.0,0.0,0.0,907.515,0.0,1,KUCUK_TICARETHANE
15046919,38.49634464,27.08877289,35-09-M01985,35,CIGLI,AHMET TANER KISLALI,8.35,4216.148,0,0,0,0,1,0,0.0,0.0,0.0,0.0,4216.148,0.0,1,KUCUK_TICARETHANE
15048036,38.47444513,27.11466649,35-04-M01265,35,KARSIYAKA,IMBATLI,8.35,1964.361,0,0,0,0,1,0,0.0,0.0,0.0,0.0,1964.361,0.0,1,KUCUK_TICARETHANE
15048216,38.51610201,27.04058087,35-09-M00103,35,CIGLI,BALATCIK,9.526060606060607,57084.498999999996,0,1,0,0,32,0,0.0,1080.582,0.0,0.0,56003.917,0.0,33,ORTA_TICARETHANE
15048225,38.45745764,27.11501712,35-04-K00833,35,KARSIYAKA,DONANMACI,10.922857142857143,119873.52900000001,0,2,0,0,12,0,0.0,9550.99,0.0,0.0,110322.539,0.0,14,ORTA_TICARETHANE
15050386,38.45889419,27.09378933,35-04-K00476,35,KARSIYAKA,BOSTANLI,8.35,226.711,0,0,0,0,1,0,0.0,0.0,0.0,0.0,226.711,0.0,1,KUCUK_TICARETHANE
15050602,38.46033697,27.09060666,35-04-K03303,35,KARSIYAKA,BOSTANLI,8.35,626.382,0,0,0,0,1,0,0.0,0.0,0.0,0.0,626.382,0.0,1,KUCUK_TICARETHANE
15050611,38.45863954,27.09455094,35-04-K00476,35,KARSIYAKA,BOSTANLI,8.35,3368.843,0,0,0,0,1,0,0.0,0.0,0.0,0.0,3368.843,0.0,1,KUCUK_TICARETHANE
15050620,38.4597685,27.09160289,35-04-K03303,35,KARSIYAKA,BOSTANLI,8.35,229.982,0,0,0,0,1,0,0.0,0.0,0.0,0.0,229.982,0.0,1,KUCUK_TICARETHANE
15052798,38.45923218,27.09297563,35-04-K00476,35,KARSIYAKA,BOSTANLI,8.35,236.735,0,0,0,0,1,0,0.0,0.0,0.0,0.0,236.735,0.0,1,KUCUK_TICARETHANE
15052807,38.45965504,27.09219073,35-04-K00476,35,KARSIYAKA,BOSTANLI,8.35,212.271,0,0,0,0,1,0,0.0,0.0,0.0,0.0,212.271,0.0,1,KUCUK_TICARETHANE
15052816,38.4599856,27.09144581,35-04-K03303,35,KARSIYAKA,BOSTANLI,8.35,230.612,0,0,0,0,1,0,0.0,0.0,0.0,0.0,230.612,0.0,1,KUCUK_TICARETHANE
15054904,38.48814729,27.07999445,35-09-K02499,35,CIGLI,AYDINLIKEVLER,49.207,17010.2,0,0,0,0,1,0,0.0,0.0,0.0,0.0,17010.2,0.0,1,ORTA_TICARETHANE
15055093,38.48782593,27.07831071,35-09-M01608,35,CIGLI,AYDINLIKEVLER,8.91404,148572.188,0,17,0,0,8,0,0.0,30860.29,0.0,0.0,117711.898,0.0,25,ORTA_TICARETHANE
15055219,38.50112934,27.05498393,35-09-K01866,35,CIGLI,KUCUK CIGLI,8.35,1532.296,0,0,0,0,1,0,0.0,0.0,0.0,0.0,1532.296,0.0,1,KUCUK_TICARETHANE
15055228,38.50462962,27.05171821,35-09-K01867,35,CIGLI,KUCUK CIGLI,8.35,904.898,0,0,0,0,1,0,0.0,0.0,0.0,0.0,904.898,0.0,1,KUCUK_TICARETHANE
15055237,38.49735496,27.05945981,35-09-K01865,35,CIGLI,KUCUK CIGLI,8.35,1240.134,0,0,0,0,1,0,0.0,0.0,0.0,0.0,1240.134,0.0,1,KUCUK_TICARETHANE
15055246,38.50203549,27.06486542,35-09-M03037,35,CIGLI,CAGDAS,8.35,2950.823,0,0,0,0,1,0,0.0,0.0,0.0,0.0,2950.823,0.0,1,KUCUK_TICARETHANE
15059881,38.51532478,27.0424065,35-09-M00888,35,CIGLI,BALATCIK,253.73424999999997,273232.3,0,0,0,0,4,0,0.0,0.0,0.0,0.0,273232.3,0.0,4,ORTA_TICARETHANE
15071136,38.47345942,27.11127117,35-04-K03012,35,KARSIYAKA,IMBATLI,8.35,925.407,0,0,0,0,1,0,0.0,0.0,0.0,0.0,925.407,0.0,1,KUCUK_TICARETHANE
15071424,38.49095217,26.9464134,35-09-M00347,35,CIGLI,SASALLI MERKEZ,8.88,32020.41,0,0,0,0,1,0,0.0,0.0,0.0,0.0,32020.41,0.0,1,ORTA_TICARETHANE
15072116,38.46882085,27.10818356,35-04-K02486,35,KARSIYAKA,DEDEBASI,8.35,1110.583,0,0,0,0,1,0,0.0,0.0,0.0,0.0,1110.583,0.0,1,KUCUK_TICARETHANE
15075850,38.51654327,27.03519902,35-09-M01357,35,CIGLI,BALATCIK,9.947666666666665,314926.51,0,0,2,0,22,0,0.0,0.0,194130.68,0.0,120795.83,0.0,24,ORTA_SANAYI
15075877,38.46808781,27.11259427,35-04-M01889,35,KARSIYAKA,BAHCELIEVLER,8.35,586.074,0,0,0,0,1,0,0.0,0.0,0.0,0.0,586.074,0.0,1,KUCUK_TICARETHANE
15080845,38.47759836,27.10893882,35-04-M02922,35,KARSIYAKA,ORNEKKOY,8.35,750.378,0,0,0,0,1,0,0.0,0.0,0.0,0.0,750.378,0.0,1,KUCUK_TICARETHANE
15088929,38.49191361,27.07857674,35-09-K03320,35,CIGLI,AYDINLIKEVLER,19.078,15081.94,0,0,0,0,1,0,0.0,0.0,0.0,0.0,15081.94,0.0,1,ORTA_TICARETHANE
15088938,38.48524809,27.063594,35-09-K03492,35,CIGLI,ATASEHIR,9.0,1197.328,0,1,0,0,1,0,0.0,997.337,0.0,0.0,199.991,0.0,2,KUCUK_TICARETHANE
15097894,38.50476458,27.05148557,35-09-K04776,35,CIGLI,KUCUK CIGLI,12.871666666666664,30279.179,0,1,0,0,5,0,0.0,1813.303,0.0,0.0,28465.876,0.0,6,ORTA_TICARETHANE
15098416,38.4614521,27.11985503,35-04-K02900,35,KARSIYAKA,BAHARIYE,8.35,1015.743,0,0,0,0,1,0,0.0,0.0,0.0,0.0,1015.743,0.0,1,KUCUK_TICARETHANE
15098425,38.46168449,27.11538076,35-04-K00055,35,KARSIYAKA,BAHARIYE,8.35,1528.25,0,0,0,0,1,0,0.0,0.0,0.0,0.0,1528.25,0.0,1,KUCUK_TICARETHANE
15098434,38.46703498,27.11622527,35-04-M01033,35,KARSIYAKA,BAHCELIEVLER,8.35,774.976,0,0,0,0,1,0,0.0,0.0,0.0,0.0,774.976,0.0,1,KUCUK_TICARETHANE
15119881,38.47344835,27.11116656,,35,KARSIYAKA,IMBATLI,8.35,801.579,0,0,0,0,1,0,0.0,0.0,0.0,0.0,801.579,0.0,1,KUCUK_TICARETHANE
15123520,38.51143313,27.03955758,35-09-M00999,35,CIGLI,BALATCIK,5.0,490.74,0,0,0,0,1,0,0.0,0.0,0.0,0.0,490.74,0.0,1,KUCUK_TICARETHANE
15123528,38.46771973,27.09133592,35-04-K03010,35,KARSIYAKA,YALI,8.35,5084.737,0,0,0,0,1,0,0.0,0.0,0.0,0.0,5084.737,0.0,1,KUCUK_TICARETHANE
15123536,38.48461995,27.06144617,35-09-K02668,35,CIGLI,ATASEHIR,5.0,815.766,0,0,0,0,1,0,0.0,0.0,0.0,0.0,815.766,0.0,1,KUCUK_TICARETHANE
15125385,38.48802359,27.07863534,35-09-K02499,35,CIGLI,AYDINLIKEVLER,38.567,226521.218,0,0,0,0,2,0,0.0,0.0,0.0,0.0,226521.218,0.0,2,ORTA_TICARETHANE
15125417,38.49004193,27.06715309,35-09-K04221,35,CIGLI,ATASEHIR,15.247941176470588,346818.118,0,17,0,0,34,0,0.0,59844.051,0.0,0.0,286974.067,0.0,51,ORTA_TICARETHANE
15127161,38.5235561,27.06185274,35-09-K04596,35,CIGLI,ATATURK,11.0,7093.03,0,0,0,0,1,0,0.0,0.0,0.0,0.0,7093.03,0.0,1,KUCUK_TICARETHANE
15127497,38.47128897,27.09441115,35-04-K00197,35,KARSIYAKA,SEMIKLER,13.076333333333332,31558.684999999998,0,8,0,0,4,0,0.0,13327.987,0.0,0.0,18230.698,0.0,12,ORTA_TICARETHANE
15129649,38.48221157,27.08485276,35-04-K01664,35,KARSIYAKA,SEMIKLER,215.52,611927.9,0,0,0,0,1,0,0.0,0.0,0.0,0.0,611927.9,0.0,1,ORTA_TICARETHANE
15131753,38.49091928,27.06583934,35-09-K04221,35,CIGLI,ATASEHIR,13.88060606060606,175457.572,0,9,0,0,24,0,0.0,31042.472999999998,0.0,0.0,144415.099,0.0,33,ORTA_TICARETHANE
15131761,38.49049291,27.06650914,35-09-K04221,35,CIGLI,ATASEHIR,14.314116666666667,183986.28100000002,0,40,0,0,20,0,0.0,94919.795,0.0,0.0,89066.486,0.0,60,ORTA_TICARETHANE
15131785,38.49239104,27.07138062,35-09-M01951,35,CIGLI,SIRINTEPE,12.143333333333333,7221.141,0,2,0,0,1,0,0.0,6708.243,0.0,0.0,512.898,0.0,3,KUCUK_TICARETHANE
15134345,38.4580656,27.11893274,35-04-K00928,35,KARSIYAKA,TUNA,9.5,28830.805,0,8,0,0,7,0,0.0,9494.164999999999,0.0,0.0,19336.64,0.0,15,ORTA_TICARETHANE
15136656,38.49275439,27.06128069,35-09-K04438,35,CIGLI,ATASEHIR,8.52,41678.23,0,0,0,0,1,0,0.0,0.0,0.0,0.0,41678.23,0.0,1,ORTA_TICARETHANE
15137312,38.51149111,27.06427649,35-09-M03035,35,CIGLI,IZKENT,5.0,452.813,0,0,0,0,1,0,0.0,0.0,0.0,0.0,452.813,0.0,1,KUCUK_TICARETHANE
15137320,38.50566601,27.06001075,35-09-K04046,35,CIGLI,EGEKENT,5.0,423.475,0,0,0,0,1,0,0.0,0.0,0.0,0.0,423.475,0.0,1,KUCUK_TICARETHANE
15138232,38.51034732,27.03627527,35-09-M00396,35,CIGLI,BALATCIK,14.04,2524.078,0,0,0,0,1,0,0.0,0.0,0.0,0.0,2524.078,0.0,1,KUCUK_TICARETHANE
15139401,38.51855126,27.06180152,35-09-K02767,35,CIGLI,ATATURK,5.0,376.383,0,0,0,0,1,0,0.0,0.0,0.0,0.0,376.383,0.0,1,KUCUK_TICARETHANE
15139489,38.48469229,27.08753532,35-04-K04918,35,KARSIYAKA,CUMHURIYET,8.4,12323.88,0,0,0,0,1,0,0.0,0.0,0.0,0.0,12323.88,0.0,1,ORTA_TICARETHANE
15140592,38.48942675,27.1154178,,35,KARSIYAKA,LATIFE HANIM,8.35,14532.81,0,0,0,0,1,0,0.0,0.0,0.0,0.0,14532.81,0.0,1,ORTA_TICARETHANE
15140784,38.50239311,27.04455521,35-09-M02549,35,CIGLI,KUCUK CIGLI,6.82,2217.588,0,0,0,0,1,0,0.0,0.0,0.0,0.0,2217.588,0.0,1,KUCUK_TICARETHANE
15141474,38.46131985,27.10849464,35-04-M01040,35,KARSIYAKA,BAHRIYE UCOK,5.0,393.478,0,0,0,0,1,0,0.0,0.0,0.0,0.0,393.478,0.0,1,KUCUK_TICARETHANE
15141506,38.50240102,26.96038561,35-09-M01302,35,CIGLI,SASALLI MERKEZ,5.0,423.796,0,0,0,0,1,0,0.0,0.0,0.0,0.0,423.796,0.0,1,KUCUK_TICARETHANE
15141514,38.48790042,27.05323975,35-09-K03314,35,CIGLI,ATASEHIR,5.0,413.784,0,0,0,0,1,0,0.0,0.0,0.0,0.0,413.784,0.0,1,KUCUK_TICARETHANE
15141850,38.48713506,27.0650033,35-09-M01923,35,CIGLI,ATASEHIR,5.0,158.995,0,0,0,0,1,0,0.0,0.0,0.0,0.0,158.995,0.0,1,KUCUK_TICARETHANE
15141858,38.48705659,27.0649952,35-09-M01923,35,CIGLI,ATASEHIR,5.0,164.352,0,0,0,0,1,0,0.0,0.0,0.0,0.0,164.352,0.0,1,KUCUK_TICARETHANE
15141866,38.45833944,27.09020196,35-04-K00476,35,KARSIYAKA,BOSTANLI,8.35,4253.229,0,0,0,0,1,0,0.0,0.0,0.0,0.0,4253.229,0.0,1,KUCUK_TICARETHANE
15143946,38.47353605,27.1053939,35-04-K03214,35,KARSIYAKA,DEDEBASI,8.35,4364.359,0,0,0,0,1,0,0.0,0.0,0.0,0.0,4364.359,0.0,1,KUCUK_TICARETHANE
15143962,38.47203374,27.11359913,35-04-M01030,35,KARSIYAKA,IMBATLI,8.35,5550.636,0,0,0,0,1,0,0.0,0.0,0.0,0.0,5550.636,0.0,1,KUCUK_TICARETHANE
15147010,38.50256833,27.04469538,35-09-M02549,35,CIGLI,KUCUK CIGLI,12.15,15847.75,0,0,0,0,1,0,0.0,0.0,0.0,0.0,15847.75,0.0,1,ORTA_TICARETHANE
15147058,38.48806657,27.07524365,35-09-M01950,35,CIGLI,MALTEPE,8.35,12.557,0,0,0,0,1,0,0.0,0.0,0.0,0.0,12.557,0.0,1,KUCUK_TICARETHANE
15147778,38.48636656,27.08817086,35-04-M01343,35,KARSIYAKA,INONU,62.371625,687560.02,0,0,0,0,8,0,0.0,0.0,0.0,0.0,687560.02,0.0,8,ORTA_TICARETHANE
15147882,38.4921267,27.1079567,,35,KARSIYAKA,ZUBEYDE HANIM,149.85,56750.68,0,0,0,0,1,0,0.0,0.0,0.0,0.0,56750.68,0.0,1,ORTA_TICARETHANE
15149954,38.51060409,27.04110911,35-09-M00396,35,CIGLI,BALATCIK,12.229999999999999,26748.889,0,0,0,0,6,0,0.0,0.0,0.0,0.0,26748.889,0.0,6,ORTA_TICARETHANE
15154309,38.4989411,27.08607095,35-09-K01953,35,CIGLI,EVKA - 2,215.988,227513.0,0,0,0,0,1,0,0.0,0.0,0.0,0.0,227513.0,0.0,1,ORTA_TICARETHANE
15156324,38.49507586,27.06156092,35-09-K01876,35,CIGLI,KOYICI,50.0,224.608,0,0,0,0,1,0,0.0,0.0,0.0,0.0,224.608,0.0,1,ORTA_TICARETHANE
15156436,38.4769149,27.10767143,35-04-K03850,35,KARSIYAKA,GONCALAR,25.757,248.452,0,0,0,0,1,0,0.0,0.0,0.0,0.0,248.452,0.0,1,ORTA_TICARETHANE
15156524,38.47285,27.067855,35-04-M01144,35,KARSIYAKA,MAVISEHIR,37.23,200284.2,0,0,0,0,1,0,0.0,0.0,0.0,0.0,200284.2,0.0,1,ORTA_TICARETHANE
15158787,38.52709498,27.04528774,35-09-M00211,35,CIGLI,INONU,8.35,170.741,0,0,0,0,1,0,0.0,0.0,0.0,0.0,170.741,0.0,1,KUCUK_TICARETHANE
15159124,38.49405305,26.9529413,35-09-M00257,35,CIGLI,SASALLI MERKEZ,6.676,18504.91,1,0,0,0,0,0,18504.91,0.0,0.0,0.0,0.0,0.0,0,AYDINLATMA
15162604,38.48749111,27.0629474,35-09-K04389,35,CIGLI,ATASEHIR,11.2,0.0,0,0,0,0,1,0,0.0,0.0,0.0,0.0,0.0,0.0,1,KUCUK_TICARETHANE
15167989,38.45700146,27.10536998,35-04-M03251,35,KARSIYAKA,BOSTANLI,5.0,416.186,0,0,0,0,1,0,0.0,0.0,0.0,0.0,416.186,0.0,1,KUCUK_TICARETHANE
15177493,38.48796605,27.10652278,35-04-K04750,35,KARSIYAKA,ORNEKKOY,994.43,749998.1,0,0,0,0,1,0,0.0,0.0,0.0,0.0,749998.1,0.0,1,BUYUK_TICARETHANE
15177549,38.47265936,27.08442233,35-04-K03390,35,KARSIYAKA,YALI,141.64,139986.5,0,0,0,0,1,0,0.0,0.0,0.0,0.0,139986.5,0.0,1,ORTA_TICARETHANE
15177797,38.46992889,27.10034873,35-04-K01034,35,KARSIYAKA,DEMIRKOPRU,8.0,1044.465,0,1,0,0,1,0,0.0,1037.301,0.0,0.0,7.164,0.0,2,KUCUK_TICARETHANE
15180254,38.51913032,27.04505269,35-09-M02165,35,CIGLI,UGUR MUMCU,5.0,312.387,0,0,0,0,1,0,0.0,0.0,0.0,0.0,312.387,0.0,1,KUCUK_TICARETHANE
15180262,38.52772757,27.04626159,35-09-M00211,35,CIGLI,INONU,5.0,173.034,0,0,0,0,1,0,0.0,0.0,0.0,0.0,173.034,0.0,1,KUCUK_TICARETHANE
15180270,38.52755626,27.0464994,35-09-M00211,35,CIGLI,INONU,5.0,152.879,0,0,0,0,1,0,0.0,0.0,0.0,0.0,152.879,0.0,1,KUCUK_TICARETHANE
15180278,38.52799541,27.04637962,35-09-M00211,35,CIGLI,INONU,5.0,151.073,0,0,0,0,1,0,0.0,0.0,0.0,0.0,151.073,0.0,1,KUCUK_TICARETHANE
15180286,38.4874211,27.06075567,35-09-M01504,35,CIGLI,ATASEHIR,5.0,182.29,0,0,0,0,1,0,0.0,0.0,0.0,0.0,182.29,0.0,1,KUCUK_TICARETHANE
15183421,38.49770612,27.11368672,35-04-K04171,35,KARSIYAKA,ZUBEYDE HANIM,5.0,1329.366,0,0,0,0,1,0,0.0,0.0,0.0,0.0,1329.366,0.0,1,KUCUK_TICARETHANE
15189189,38.46466639,27.10985153,,35,KARSIYAKA,BAHRIYE UCOK,5.0,487.719,0,0,0,0,1,0,0.0,0.0,0.0,0.0,487.719,0.0,1,KUCUK_TICARETHANE
15189245,38.45919621,27.12580018,35-04-K01670,35,KARSIYAKA,ALAYBEY,8.35,999.631,0,0,0,0,1,0,0.0,0.0,0.0,0.0,999.631,0.0,1,KUCUK_TICARETHANE
15189253,38.45678739,27.12446768,35-04-K00363,35,KARSIYAKA,TUNA,8.35,944.934,0,0,0,0,1,0,0.0,0.0,0.0,0.0,944.934,0.0,1,KUCUK_TICARETHANE
15189261,38.45700486,27.12403786,35-04-K00363,35,KARSIYAKA,TUNA,8.35,971.976,0,0,0,0,1,0,0.0,0.0,0.0,0.0,971.976,0.0,1,KUCUK_TICARETHANE
15189277,38.45613418,27.12347542,35-04-K00037,35,KARSIYAKA,TERSANE,8.35,1337.65,0,0,0,0,1,0,0.0,0.0,0.0,0.0,1337.65,0.0,1,KUCUK_TICARETHANE
15189309,38.50579,27.06317213,35-09-M03053,35,CIGLI,EGEKENT,6.2675,14233.701,1,0,0,0,1,0,1661.711,0.0,0.0,0.0,12571.99,0.0,1,ORTA_TICARETHANE
15193086,38.51787612,27.04897109,35-09-K03331,35,CIGLI,EVKA-5,5.0,461.567,0,0,0,0,1,0,0.0,0.0,0.0,0.0,461.567,0.0,1,KUCUK_TICARETHANE
15928902,38.4903491,27.07981647,35-09-K03320,35,CIGLI,AYDINLIKEVLER,15.056666666666667,64707.21000000001,0,0,0,0,3,0,0.0,0.0,0.0,0.0,64707.21000000001,0.0,3,ORTA_TICARETHANE
15931170,38.46774178,27.11068381,35-04-M01355,35,KARSIYAKA,BAHCELIEVLER,8.35,15368.82,0,0,0,0,1,0,0.0,0.0,0.0,0.0,15368.82,0.0,1,ORTA_TICARETHANE
15931885,38.45681879,27.11686635,35-04-K00289,35,KARSIYAKA,DONANMACI,272.041,643157.3,0,0,0,0,1,0,0.0,0.0,0.0,0.0,643157.3,0.0,1,ORTA_TICARETHANE
15932200,38.45902938,27.12216462,35-04-K03109,35,KARSIYAKA,ALAYBEY,5.0,2525.842,0,0,0,0,1,0,0.0,0.0,0.0,0.0,2525.842,0.0,1,KUCUK_TICARETHANE
15932207,38.4548947,27.1180665,35-04-K03224,35,KARSIYAKA,DONANMACI,5.01,870.092,0,0,0,0,1,0,0.0,0.0,0.0,0.0,870.092,0.0,1,KUCUK_TICARETHANE
15933047,38.49638401,27.05601102,35-09-K01863,35,CIGLI,YENI MAHALLE,8.5,8553.101,0,0,0,0,1,0,0.0,0.0,0.0,0.0,8553.101,0.0,1,KUCUK_TICARETHANE
15933271,38.47806961,27.09308715,35-04-K00215,35,KARSIYAKA,SEMIKLER,10.351052631578947,27194.7559,0,13,0,0,6,0,0.0,21223.9609,0.0,0.0,5970.795,0.0,19,KUCUK_TICARETHANE
15935021,38.47779553,27.11553744,35-04-K03969,35,KARSIYAKA,ORNEKKOY,12.74,42166.38,0,0,0,0,4,0,0.0,0.0,0.0,0.0,42166.38,0.0,4,ORTA_TICARETHANE
15935483,38.52428669,27.04561579,35-09-M00845,35,CIGLI,UGUR MUMCU,5.215,14181.37,1,0,0,0,0,0,14181.37,0.0,0.0,0.0,0.0,0.0,0,AYDINLATMA
15935490,38.48998936,27.06193424,35-09-M01898,35,CIGLI,ATASEHIR,2.69,10249.14,1,0,0,0,0,0,10249.14,0.0,0.0,0.0,0.0,0.0,0,AYDINLATMA
15935497,38.51714226,27.06462083,35-09-K04579,35,CIGLI,ATATURK,8.768,22795.74,1,0,0,0,0,0,22795.74,0.0,0.0,0.0,0.0,0.0,0,AYDINLATMA
15935504,38.51807425,27.03852322,35-09-M00400,35,CIGLI,BALATCIK,0.471,1409.737,1,0,0,0,0,0,1409.737,0.0,0.0,0.0,0.0,0.0,0,AYDINLATMA
15935511,38.52273371,27.04539928,35-09-M00626,35,CIGLI,UGUR MUMCU,1.739,5679.423,1,0,0,0,0,0,5679.423,0.0,0.0,0.0,0.0,0.0,0,AYDINLATMA
15938416,38.46999571,27.10423683,35-04-M01442,35,KARSIYAKA,DEDEBASI,5.0,310.98,0,0,0,0,1,0,0.0,0.0,0.0,0.0,310.98,0.0,1,KUCUK_TICARETHANE
15938423,38.47195745,27.11283659,35-04-M01030,35,KARSIYAKA,IMBATLI,5.0,679.14,0,0,0,0,1,0,0.0,0.0,0.0,0.0,679.14,0.0,1,KUCUK_TICARETHANE
15938430,38.45719193,27.12411692,35-04-K00363,35,KARSIYAKA,TUNA,8.35,1120.777,0,0,0,0,1,0,0.0,0.0,0.0,0.0,1120.777,0.0,1,KUCUK_TICARETHANE
15938437,38.45062539,27.10783862,35-04-K03385,35,KARSIYAKA,AKSOY,8.35,1346.527,0,0,0,0,1,0,0.0,0.0,0.0,0.0,1346.527,0.0,1,KUCUK_TICARETHANE
15941104,38.45664473,27.12048228,35-04-K04454,35,KARSIYAKA,TUNA,5.0,1126.988,0,0,0,0,1,0,0.0,0.0,0.0,0.0,1126.988,0.0,1,KUCUK_TICARETHANE
15942448,38.45065766,27.1075008,35-04-K00491,35,KARSIYAKA,AKSOY,5.0,1846.854,0,0,0,0,1,0,0.0,0.0,0.0,0.0,1846.854,0.0,1,KUCUK_TICARETHANE
15946691,38.45599937,27.12095032,35-04-K04454,35,KARSIYAKA,TUNA,8.35,914.034,0,0,0,0,1,0,0.0,0.0,0.0,0.0,914.034,0.0,1,KUCUK_TICARETHANE
15946698,38.4560648,27.12207944,35-04-K00893,35,KARSIYAKA,TUNA,8.35,1120.455,0,0,0,0,1,0,0.0,0.0,0.0,0.0,1120.455,0.0,1,KUCUK_TICARETHANE
15946705,38.45639908,27.12170444,35-04-K00893,35,KARSIYAKA,TUNA,8.35,821.762,0,0,0,0,1,0,0.0,0.0,0.0,0.0,821.762,0.0,1,KUCUK_TICARETHANE
15946887,38.48647308,27.07046572,35-09-K02778,35,CIGLI,ATASEHIR,0.497,2055.284,1,0,0,0,0,0,2055.284,0.0,0.0,0.0,0.0,0.0,0,AYDINLATMA
15947664,38.48753013,27.06295684,35-09-K04389,35,CIGLI,ATASEHIR,4.681,17186.99,1,0,0,0,0,0,17186.99,0.0,0.0,0.0,0.0,0.0,0,AYDINLATMA
15948482,38.45604699,27.12163573,35-04-K00893,35,KARSIYAKA,TUNA,8.35,709.884,0,0,0,0,1,0,0.0,0.0,0.0,0.0,709.884,0.0,1,KUCUK_TICARETHANE
15948531,38.45654033,27.12084268,35-04-K00928,35,KARSIYAKA,TUNA,5.0,789.42,0,0,0,0,1,0,0.0,0.0,0.0,0.0,789.42,0.0,1,KUCUK_TICARETHANE
15948538,38.45589737,27.12058336,35-04-K04454,35,KARSIYAKA,TUNA,5.0,1024.777,0,0,0,0,1,0,0.0,0.0,0.0,0.0,1024.777,0.0,1,KUCUK_TICARETHANE
15953578,38.52941406,27.04516254,35-09-M00220,35,CIGLI,INONU,5.0,261.533,0,0,0,0,1,0,0.0,0.0,0.0,0.0,261.533,0.0,1,KUCUK_TICARETHANE
15953851,38.49497894,27.11227977,35-04-K04288,35,KARSIYAKA,ZUBEYDE HANIM,348.252,194152.1,0,0,0,0,1,0,0.0,0.0,0.0,0.0,194152.1,0.0,1,ORTA_TICARETHANE
15953886,38.46178008,27.10894195,35-04-K03724,35,KARSIYAKA,BAHRIYE UCOK,83.71,22794.96,0,0,0,0,1,0,0.0,0.0,0.0,0.0,22794.96,0.0,1,ORTA_TICARETHANE
15954390,38.46739686,27.09832224,35-04-M01643,35,KARSIYAKA,DEMIRKOPRU,5.0,147.754,0,0,0,0,1,0,0.0,0.0,0.0,0.0,147.754,0.0,1,KUCUK_TICARETHANE
15956547,38.45609448,27.1236599,35-04-K00363,35,KARSIYAKA,TUNA,0.397,3852.382,1,0,0,0,0,0,3852.382,0.0,0.0,0.0,0.0,0.0,0,AYDINLATMA
15956680,38.4782832,27.10701833,35-04-M02423,35,KARSIYAKA,ORNEKKOY,8.5,2449.803,0,0,0,0,1,0,0.0,0.0,0.0,0.0,2449.803,0.0,1,KUCUK_TICARETHANE
15957100,38.47965406,27.11405138,35-04-M01029,35,KARSIYAKA,ORNEKKOY,10.052,7595.96,0,3,0,0,2,0,0.0,2708.3070000000002,0.0,0.0,4887.653,0.0,5,KUCUK_TICARETHANE
15958332,38.45051808,27.11290816,35-04-K00665,35,KARSIYAKA,DONANMACI,0.139,1147.048,1,0,0,0,0,0,1147.048,0.0,0.0,0.0,0.0,0.0,0,AYDINLATMA
41896690,38.48167304,27.11330465,35-04-M01566,35,KARSIYAKA,ORNEKKOY,296.595,203831.9,0,0,0,0,1,0,0.0,0.0,0.0,0.0,203831.9,0.0,1,ORTA_TICARETHANE
41897222,38.46940917,27.07593586,35-04-K02423,35,KARSIYAKA,MAVISEHIR,5.0,1996.4,0,0,0,0,1,0,0.0,0.0,0.0,0.0,1996.4,0.0,1,KUCUK_TICARETHANE
41899071,38.51846067,27.05513276,35-09-K02764,35,CIGLI,EVKA-5,5.0,4863.204,0,0,0,0,1,0,0.0,0.0,0.0,0.0,4863.204,0.0,1,KUCUK_TICARETHANE
41926991,38.49225448,27.06340356,35-09-M03520,35,CIGLI,ATASEHIR,5.0,393.051,0,0,0,0,1,0,0.0,0.0,0.0,0.0,393.051,0.0,1,KUCUK_TICARETHANE
41927052,38.49392644,27.06177272,35-09-M03520,35,CIGLI,ATASEHIR,5.0,498.459,0,0,0,0,1,0,0.0,0.0,0.0,0.0,498.459,0.0,1,KUCUK_TICARETHANE
41930862,38.48415043,27.10850407,35-04-M02875,35,KARSIYAKA,ORNEKKOY,2.747,3813.62,1,0,0,0,0,0,3813.62,0.0,0.0,0.0,0.0,0.0,0,AYDINLATMA
41930918,38.48834189,27.09193016,35-04-M01378,35,KARSIYAKA,INONU,4.577,11351.66,1,0,0,0,0,0,11351.66,0.0,0.0,0.0,0.0,0.0,0,AYDINLATMA
41945148,38.50105523,27.08284257,35-09-M01974,35,CIGLI,EVKA - 2,0.834,1808.131,1,0,0,0,0,0,1808.131,0.0,0.0,0.0,0.0,0.0,0,AYDINLATMA
41945180,38.50038449,27.08331399,35-09-M01974,35,CIGLI,EVKA - 2,2.139,6713.761,1,0,0,0,0,0,6713.761,0.0,0.0,0.0,0.0,0.0,0,AYDINLATMA
41956819,38.49216471,27.0756648,35-09-K03317,35,CIGLI,MALTEPE,7.9,0.0,0,0,0,0,1,0,0.0,0.0,0.0,0.0,0.0,0.0,1,KUCUK_TICARETHANE
41966335,38.47478972,27.08325038,35-04-K04562,35,KARSIYAKA,YALI,64.558,56680.44,0,0,0,0,1,0,0.0,0.0,0.0,0.0,56680.44,0.0,1,ORTA_TICARETHANE
41966338,38.47478936,27.08324433,35-04-K04562,35,KARSIYAKA,YALI,100.77,127178.0,0,0,0,0,1,0,0.0,0.0,0.0,0.0,127178.0,0.0,1,ORTA_TICARETHANE
42019395,38.48387086,27.09710084,35-04-K00243,35,KARSIYAKA,CUMHURIYET,11.530000000000001,10314.59,0,1,0,0,1,0,0.0,9250.154,0.0,0.0,1064.436,0.0,2,KUCUK_TICARETHANE
42131063,38.49529757,27.11788958,35-04-K04184,35,KARSIYAKA,LATIFE HANIM,86.87,144069.6,0,0,0,0,1,0,0.0,0.0,0.0,0.0,144069.6,0.0,1,ORTA_TICARETHANE
42131125,38.49281455,27.10792836,35-04-K02472,35,KARSIYAKA,ZUBEYDE HANIM,7.28,1781.827,0,0,0,0,1,0,0.0,0.0,0.0,0.0,1781.827,0.0,1,KUCUK_TICARETHANE
42577154,38.50026206,27.0552581,35-09-K01866,35,CIGLI,KUCUK CIGLI,8.35,1265.514,0,0,0,0,1,0,0.0,0.0,0.0,0.0,1265.514,0.0,1,KUCUK_TICARETHANE
42995318,38.49330271,27.06660324,35-09-K01875,35,CIGLI,SIRINTEPE,8.2,10064.16,0,0,0,0,1,0,0.0,0.0,0.0,0.0,10064.16,0.0,1,ORTA_TICARETHANE
43001477,38.47658557,27.11004938,35-04-M02326,35,KARSIYAKA,ORNEKKOY,0.318,262.153,1,0,0,0,0,0,262.153,0.0,0.0,0.0,0.0,0.0,0,AYDINLATMA
43001483,38.47026035,27.10569068,35-04-K03903,35,KARSIYAKA,DEDEBASI,0.197,889.096,1,0,0,0,0,0,889.096,0.0,0.0,0.0,0.0,0.0,0,AYDINLATMA
43076840,38.50781525,27.03995208,35-09-M02088,35,CIGLI,BALATCIK,6.4,20094.48,0,0,0,0,1,0,0.0,0.0,0.0,0.0,20094.48,0.0,1,ORTA_TICARETHANE
43076841,38.50777257,27.03994668,35-09-M02088,35,CIGLI,BALATCIK,5.0,817.639,0,0,0,0,1,0,0.0,0.0,0.0,0.0,817.639,0.0,1,KUCUK_TICARETHANE
43076843,38.50773271,27.03997692,35-09-M02088,35,CIGLI,BALATCIK,5.0,215.07,0,0,0,0,1,0,0.0,0.0,0.0,0.0,215.07,0.0,1,KUCUK_TICARETHANE
43076846,38.50769496,27.03999204,35-09-M02088,35,CIGLI,BALATCIK,5.0,121.75,0,0,0,0,1,0,0.0,0.0,0.0,0.0,121.75,0.0,1,KUCUK_TICARETHANE
43076848,38.50761383,27.04001904,35-09-M02088,35,CIGLI,BALATCIK,5.0,931.63,0,0,0,0,1,0,0.0,0.0,0.0,0.0,931.63,0.0,1,KUCUK_TICARETHANE
43076849,38.50757594,27.04002444,35-09-M02088,35,CIGLI,BALATCIK,5.0,30434.11,0,0,0,0,1,0,0.0,0.0,0.0,0.0,30434.11,0.0,1,ORTA_TICARETHANE
43076852,38.50754312,27.04003956,35-09-M02088,35,CIGLI,BALATCIK,5.0,9102.08,0,0,0,0,1,0,0.0,0.0,0.0,0.0,9102.08,0.0,1,KUCUK_TICARETHANE
43139144,38.48552675,27.11046445,35-04-M02025,35,KARSIYAKA,ORNEKKOY,4.146,9227.572,1,0,0,0,0,0,9227.572,0.0,0.0,0.0,0.0,0.0,0,AYDINLATMA
43151680,38.49531251,26.9548866,35-09-M00257,35,CIGLI,SASALLI MERKEZ,5.0,131.11,0,0,0,0,1,0,0.0,0.0,0.0,0.0,131.11,0.0,1,KUCUK_TICARETHANE
43166088,38.51086186,27.04174056,35-09-M01932,35,CIGLI,BALATCIK,11.195,3792.527,0,1,0,0,1,0,0.0,1791.702,0.0,0.0,2000.825,0.0,2,KUCUK_TICARETHANE
43189464,38.52865006,27.04556592,35-09-M02092,35,CIGLI,INONU,5.32,8675.397,0,0,0,0,1,0,0.0,0.0,0.0,0.0,8675.397,0.0,1,KUCUK_TICARETHANE
44450864,38.45678459,27.11720916,35-04-K00289,35,KARSIYAKA,DONANMACI,80.103,514264.99,0,0,0,0,4,0,0.0,0.0,0.0,0.0,514264.99,0.0,4,ORTA_TICARETHANE
44452166,38.45787472,27.11333844,35-04-K00489,35,KARSIYAKA,BAHRIYE UCOK,5.0,670.663,0,0,0,0,1,0,0.0,0.0,0.0,0.0,670.663,0.0,1,KUCUK_TICARETHANE
44454363,38.46936365,27.0911944,35-04-K03037,35,KARSIYAKA,YALI,1.357,5514.529,1,0,0,0,0,0,5514.529,0.0,0.0,0.0,0.0,0.0,0,AYDINLATMA
44464359,38.50135004,27.12135204,35-04-K04756,35,KARSIYAKA,LATIFE HANIM,25.1,6115.649,0,0,0,0,1,0,0.0,0.0,0.0,0.0,6115.649,0.0,1,ORTA_TICARETHANE
44464366,38.50140497,27.12134844,35-04-K04756,35,KARSIYAKA,LATIFE HANIM,25.1,11127.41,0,0,0,0,1,0,0.0,0.0,0.0,0.0,11127.41,0.0,1,ORTA_TICARETHANE
44465823,38.4576196,27.09895248,35-04-K00111,35,KARSIYAKA,BOSTANLI,5.0,430.699,0,0,0,0,1,0,0.0,0.0,0.0,0.0,430.699,0.0,1,KUCUK_TICARETHANE
44468341,38.49012151,27.0722106,35-09-M01950,35,CIGLI,MALTEPE,105.122,45824.56,0,0,0,0,1,0,0.0,0.0,0.0,0.0,45824.56,0.0,1,ORTA_TICARETHANE
44469095,38.49253095,27.06287796,35-09-M03520,35,CIGLI,ATASEHIR,7.95,36367.06,1,0,0,0,0,0,36367.06,0.0,0.0,0.0,0.0,0.0,0,AYDINLATMA
44469765,38.48789233,27.0745884,35-09-M01950,35,CIGLI,MALTEPE,14.741,1236.566,0,0,0,0,1,0,0.0,0.0,0.0,0.0,1236.566,0.0,1,KUCUK_TICARETHANE
44469784,38.4938883,27.11848629,35-04-K04477,35,KARSIYAKA,LATIFE HANIM,15.481666666666667,6899.189,0,4,0,0,2,0,0.0,3502.484,0.0,0.0,3396.705,0.0,6,ORTA_TICARETHANE
44549761,38.46184353,27.12491892,35-04-K03102,35,KARSIYAKA,TERSANE,8.2,0.0,0,0,0,0,1,0,0.0,0.0,0.0,0.0,0.0,0.0,1,KUCUK_TICARETHANE
44911431,38.50079615,27.12181536,35-04-K04756,35,KARSIYAKA,LATIFE HANIM,8.19,3026.102,0,0,0,0,1,0,0.0,0.0,0.0,0.0,3026.102,0.0,1,KUCUK_TICARETHANE
45208442,38.49624822,27.04968468,35-09-K03322,35,CIGLI,YENI MAHALLE,8.6,25814.58,0,0,0,0,1,0,0.0,0.0,0.0,0.0,25814.58,0.0,1,ORTA_TICARETHANE
45345326,38.49505541,27.09688968,35-04-K02436,35,KARSIYAKA,MUSTAFA KEMAL,86.94,34340.55,0,0,0,0,1,0,0.0,0.0,0.0,0.0,34340.55,0.0,1,ORTA_TICARETHANE
45345409,38.49493003,27.09632628,35-04-K02436,35,KARSIYAKA,MUSTAFA KEMAL,134.89,90278.22,0,0,0,0,1,0,0.0,0.0,0.0,0.0,90278.22,0.0,1,ORTA_TICARETHANE
45346183,38.45947013,27.12491424,35-04-K00288,35,KARSIYAKA,ALAYBEY,5.0,993.655,0,0,0,0,1,0,0.0,0.0,0.0,0.0,993.655,0.0,1,KUCUK_TICARETHANE
45346234,38.45861767,27.1249326,35-04-K03109,35,KARSIYAKA,ALAYBEY,5.0,997.224,0,0,0,0,1,0,0.0,0.0,0.0,0.0,997.224,0.0,1,KUCUK_TICARETHANE
45346379,38.45841245,27.124929,35-04-K03109,35,KARSIYAKA,ALAYBEY,5.0,1005.313,0,0,0,0,1,0,0.0,0.0,0.0,0.0,1005.313,0.0,1,KUCUK_TICARETHANE
45346431,38.45775702,27.12460068,35-04-K03109,35,KARSIYAKA,TUNA,5.0,694.985,0,0,0,0,1,0,0.0,0.0,0.0,0.0,694.985,0.0,1,KUCUK_TICARETHANE
45351287,38.51560153,27.04344264,35-09-M00888,35,CIGLI,BALATCIK,14.219999999999999,12890.55,0,1,0,0,4,0,0.0,1612.06,0.0,0.0,11278.49,0.0,5,ORTA_TICARETHANE
45356895,38.48773186,27.11164212,35-04-K03908,35,KARSIYAKA,ZUBEYDE HANIM,8.2,2507.822,0,0,0,0,1,0,0.0,0.0,0.0,0.0,2507.822,0.0,1,KUCUK_TICARETHANE
45357283,38.4975254,27.06004224,35-09-K01865,35,CIGLI,KUCUK CIGLI,8.2,9094.443,0,0,0,0,1,0,0.0,0.0,0.0,0.0,9094.443,0.0,1,KUCUK_TICARETHANE
45380897,38.52025013,27.06489992,35-09-K02768,35,CIGLI,ATATURK,1.938,6731.403,1,0,0,0,0,0,6731.403,0.0,0.0,0.0,0.0,0.0,0,AYDINLATMA
45381575,38.52007152,27.06229153,35-09-K02767,35,CIGLI,ATATURK,0.559,1919.059,1,0,0,0,0,0,1919.059,0.0,0.0,0.0,0.0,0.0,0,AYDINLATMA
45382889,38.46101618,27.12013812,35-04-K02900,35,KARSIYAKA,BAHARIYE,305.0,798007.2,0,0,0,0,2,0,0.0,0.0,0.0,0.0,798007.2,0.0,2,ORTA_TICARETHANE
45385542,38.45807261,27.12534912,35-04-K01670,35,KARSIYAKA,ALAYBEY,5.0,676.479,0,0,0,0,1,0,0.0,0.0,0.0,0.0,676.479,0.0,1,KUCUK_TICARETHANE
45397613,38.48680088,27.05641018,35-09-K03481,35,CIGLI,ATASEHIR,1.349,3354.74,1,0,0,0,0,0,3354.74,0.0,0.0,0.0,0.0,0.0,0,AYDINLATMA
46998998,38.48433844,27.06798567,35-09-K03330,35,CIGLI,ATASEHIR,1.766,4839.704,1,0,0,0,0,0,4839.704,0.0,0.0,0.0,0.0,0.0,0,AYDINLATMA
47174890,38.49012306,27.07483644,35-09-K03705,35,CIGLI,MALTEPE,5.0,1197.147,0,0,0,0,1,0,0.0,0.0,0.0,0.0,1197.147,0.0,1,KUCUK_TICARETHANE
47229389,38.47875447,27.06546328,35-09-M01089,35,CIGLI,ATASEHIR,0.304,1097.709,1,0,0,0,0,0,1097.709,0.0,0.0,0.0,0.0,0.0,0,AYDINLATMA
47230260,38.501555,27.07129872,35-09-K01480,35,CIGLI,YAKAKENT,12.84,58457.012,0,3,0,0,4,0,0.0,23600.797000000002,0.0,0.0,34856.215,0.0,7,ORTA_TICARETHANE
47275428,38.5065329,27.05246244,35-09-M01992,35,CIGLI,ESENTEPE,10.26,3821.536,0,2,0,0,1,0,0.0,3657.101,0.0,0.0,164.435,0.0,3,KUCUK_TICARETHANE
47277708,38.49812468,27.12226212,35-04-K04756,35,KARSIYAKA,LATIFE HANIM,5.0,1879.854,0,0,0,0,1,0,0.0,0.0,0.0,0.0,1879.854,0.0,1,KUCUK_TICARETHANE
47294422,38.45392556,27.117603,35-04-K01316,35,KARSIYAKA,DONANMACI,5.0,870.448,0,0,0,0,1,0,0.0,0.0,0.0,0.0,870.448,0.0,1,KUCUK_TICARETHANE
47294445,38.45484349,27.1182438,35-04-K03224,35,KARSIYAKA,DONANMACI,5.0,815.886,0,0,0,0,1,0,0.0,0.0,0.0,0.0,815.886,0.0,1,KUCUK_TICARETHANE
47294465,38.45303258,27.11665188,35-04-K00681,35,KARSIYAKA,DONANMACI,5.0,603.592,0,0,0,0,1,0,0.0,0.0,0.0,0.0,603.592,0.0,1,KUCUK_TICARETHANE
47294483,38.45381054,27.11728224,35-04-K00018,35,KARSIYAKA,DONANMACI,5.0,905.009,0,0,0,0,1,0,0.0,0.0,0.0,0.0,905.009,0.0,1,KUCUK_TICARETHANE
47295028,38.45554827,27.11882484,35-04-K01760,35,KARSIYAKA,DONANMACI,5.0,2499.057,0,0,0,0,1,0,0.0,0.0,0.0,0.0,2499.057,0.0,1,KUCUK_TICARETHANE
47295141,38.45579946,27.11932452,35-04-K01990,35,KARSIYAKA,TUNA,5.0,1938.346,0,0,0,0,1,0,0.0,0.0,0.0,0.0,1938.346,0.0,1,KUCUK_TICARETHANE
47295157,38.45458187,27.11780892,35-04-K01316,35,KARSIYAKA,DONANMACI,5.0,1342.284,0,0,0,0,1,0,0.0,0.0,0.0,0.0,1342.284,0.0,1,KUCUK_TICARETHANE
47312587,38.4723671,27.0734828,35-04-K03808,35,KARSIYAKA,MAVISEHIR,5.0,764.399,0,0,0,0,1,0,0.0,0.0,0.0,0.0,764.399,0.0,1,KUCUK_TICARETHANE
47347123,38.46076,27.087881,35-04-K03303,35,KARSIYAKA,ATAKENT,152.724,231536.6,0,0,0,0,1,0,0.0,0.0,0.0,0.0,231536.6,0.0,1,ORTA_TICARETHANE
47347147,38.52228755,27.0445158,35-09-M00626,35,CIGLI,UGUR MUMCU,26.113599999999998,8284.67,0,2,0,0,3,0,0.0,1417.832,0.0,0.0,6866.838,0.0,5,ORTA_TICARETHANE
47353882,38.53451,27.044203,35-09-M01460,35,CIGLI,HARMANDALI GAZI MUSTAFA KEMAL ATATURK,121.0,234417.1,0,0,0,0,1,0,0.0,0.0,0.0,0.0,234417.1,0.0,1,ORTA_TICARETHANE
47394867,38.48348915,27.10515744,35-04-K04012,35,KARSIYAKA,ORNEKKOY,8.5,10274.97,0,0,0,0,1,0,0.0,0.0,0.0,0.0,10274.97,0.0,1,ORTA_TICARETHANE
47395044,38.47937738,27.11309112,35-04-M01029,35,KARSIYAKA,ORNEKKOY,8.1,3492.668,0,0,0,0,1,0,0.0,0.0,0.0,0.0,3492.668,0.0,1,KUCUK_TICARETHANE
47436540,38.5041193,27.05031812,35-09-K03362,35,CIGLI,YAKAKENT,5.837,15280.66,1,0,0,0,0,0,15280.66,0.0,0.0,0.0,0.0,0.0,0,AYDINLATMA
47451753,38.49482258,27.05089282,35-09-K03312,35,CIGLI,YENI MAHALLE,0.514,2355.092,1,0,0,0,0,0,2355.092,0.0,0.0,0.0,0.0,0.0,0,AYDINLATMA
47518254,38.49505307,27.05261394,35-09-K03313,35,CIGLI,YENI MAHALLE,0.466,791.371,1,0,0,0,0,0,791.371,0.0,0.0,0.0,0.0,0.0,0,AYDINLATMA
47620584,38.49200294,26.94739089,35-09-M00347,35,CIGLI,SASALLI MERKEZ,2.515,4782.642,1,0,0,0,0,0,4782.642,0.0,0.0,0.0,0.0,0.0,0,AYDINLATMA
47729191,38.4569099,27.12449772,35-04-K00363,35,KARSIYAKA,TUNA,8.3,510.0,0,0,0,0,1,0,0.0,0.0,0.0,0.0,510.0,0.0,1,KUCUK_TICARETHANE
47730163,38.48874713,27.0781128,35-09-M01608,35,CIGLI,AYDINLIKEVLER,12.467166666666666,29884.418,0,8,0,0,4,0,0.0,26803.971,0.0,0.0,3080.447,0.0,12,KUCUK_TICARETHANE
47730164,38.48869979,27.07818012,35-09-M01608,35,CIGLI,AYDINLIKEVLER,14.784999999999998,81296.424,0,7,0,0,4,0,0.0,11354.898000000001,0.0,0.0,69941.526,0.0,11,ORTA_TICARETHANE
47767528,38.51814504,27.03950568,35-09-M00400,35,CIGLI,BALATCIK,6.52,478.126,0,0,0,0,1,0,0.0,0.0,0.0,0.0,478.126,0.0,1,KUCUK_TICARETHANE
47771731,38.49862534,27.12462624,35-04-K04757,35,KARSIYAKA,LATIFE HANIM,5.9,52284.95,0,0,0,0,1,0,0.0,0.0,0.0,0.0,52284.95,0.0,1,ORTA_TICARETHANE
48177216,38.51013762,27.04100688,35-09-M01932,35,CIGLI,BALATCIK,10.968,24286.31,0,3,0,0,2,0,0.0,19303.755,0.0,0.0,4982.555,0.0,5,KUCUK_TICARETHANE
48298795,38.4749476,27.11347812,35-04-M01305,35,KARSIYAKA,ORNEKKOY,10.675999999999998,10621.935,0,3,0,0,2,0,0.0,4304.68,0.0,0.0,6317.255,0.0,5,KUCUK_TICARETHANE
48406749,38.46881992,27.07704792,35-04-K02423,35,KARSIYAKA,MAVISEHIR,209.246,34481.84,0,0,0,0,1,0,0.0,0.0,0.0,0.0,34481.84,0.0,1,ORTA_TICARETHANE
48423217,38.47561048,27.08466624,35-04-M01892,35,KARSIYAKA,YALI,5.0,8168.168,0,0,0,0,1,0,0.0,0.0,0.0,0.0,8168.168,0.0,1,KUCUK_TICARETHANE
48423598,38.45743312,27.11387952,35-04-K00833,35,KARSIYAKA,DONANMACI,6.32,35172.28,0,0,0,0,1,0,0.0,0.0,0.0,0.0,35172.28,0.0,1,ORTA_TICARETHANE
48475304,38.51423242,27.03597876,35-09-M01357,35,CIGLI,BALATCIK,47.9,9785.341,0,0,0,0,1,0,0.0,0.0,0.0,0.0,9785.341,0.0,1,ORTA_TICARETHANE
48485437,38.49259829,27.06452856,35-09-K04221,35,CIGLI,KOYICI,10.7296,133411.432,0,1,0,0,4,0,0.0,1669.012,0.0,0.0,131742.42,0.0,5,ORTA_TICARETHANE
48497069,38.49859857,27.12234024,35-04-K04756,35,KARSIYAKA,LATIFE HANIM,7.24,19913.45,0,0,0,0,1,0,0.0,0.0,0.0,0.0,19913.45,0.0,1,ORTA_TICARETHANE
48498403,38.45597748,27.11934936,35-04-K01990,35,KARSIYAKA,TUNA,33.501,53196.54,0,0,0,0,1,0,0.0,0.0,0.0,0.0,53196.54,0.0,1,ORTA_TICARETHANE
48533956,38.4694582,27.08945352,35-04-K01450,35,KARSIYAKA,YALI,8.5,313.073,0,0,0,0,1,0,0.0,0.0,0.0,0.0,313.073,0.0,1,KUCUK_TICARETHANE
48534558,38.4985063,27.05894172,35-09-K01464,35,CIGLI,KUCUK CIGLI,8.2,1416.981,0,0,0,0,1,0,0.0,0.0,0.0,0.0,1416.981,0.0,1,KUCUK_TICARETHANE
48534817,38.50013773,27.070929,35-09-K01480,35,CIGLI,GUZELTEPE,8.2,11631.08,0,0,0,0,1,0,0.0,0.0,0.0,0.0,11631.08,0.0,1,ORTA_TICARETHANE
48770605,38.50211635,27.04434732,35-09-M02549,35,CIGLI,KUCUK CIGLI,14.97,4152.458,0,0,0,0,1,0,0.0,0.0,0.0,0.0,4152.458,0.0,1,KUCUK_TICARETHANE
49081306,38.49715532,27.05030388,35-09-K03322,35,CIGLI,YENI MAHALLE,8.2,2215.017,0,0,0,0,1,0,0.0,0.0,0.0,0.0,2215.017,0.0,1,KUCUK_TICARETHANE
49235675,38.4564635,27.11637072,35-04-K01746,35,KARSIYAKA,DONANMACI,120.0,75755.76,0,0,0,0,1,0,0.0,0.0,0.0,0.0,75755.76,0.0,1,ORTA_TICARETHANE
49259447,38.52089618,27.03646512,35-09-M01091,35,CIGLI,AHMET EFENDI,380.0,1294420.0,0,0,0,0,1,0,0.0,0.0,0.0,0.0,1294420.0,0.0,1,ORTA_TICARETHANE
49461517,38.47742321,27.07019172,35-04-M01087,35,CIGLI,ATASEHIR,5.0,3895.425,0,0,0,0,1,0,0.0,0.0,0.0,0.0,3895.425,0.0,1,KUCUK_TICARETHANE
49469426,38.49201194,27.09270885,35-04-K02435,35,KARSIYAKA,MUSTAFA KEMAL,8.45,28914.32,2,0,0,0,0,0,28914.32,0.0,0.0,0.0,0.0,0.0,0,AYDINLATMA
49715622,38.4739148,27.11469096,35-04-M01265,35,KARSIYAKA,IMBATLI,5.0,5348.176,0,0,0,0,1,0,0.0,0.0,0.0,0.0,5348.176,0.0,1,KUCUK_TICARETHANE
49766916,38.49621019,27.04891248,35-09-M01896,35,CIGLI,YENI MAHALLE,124.4675,74567.708,0,0,0,0,2,0,0.0,0.0,0.0,0.0,74567.708,0.0,2,ORTA_TICARETHANE
49766940,38.49408165,27.04929912,35-09-M02440,35,CIGLI,YENI MAHALLE,66.0,397901.3,0,0,0,0,1,0,0.0,0.0,0.0,0.0,397901.3,0.0,1,ORTA_TICARETHANE
49799440,38.48319635,27.07085952,35-09-K03330,35,CIGLI,ATASEHIR,5.0,18411.28,0,0,0,0,1,0,0.0,0.0,0.0,0.0,18411.28,0.0,1,ORTA_TICARETHANE
49825859,38.47663959,27.10655496,35-04-M01028,35,KARSIYAKA,IMBATLI,5.0,646.86,0,0,0,0,1,0,0.0,0.0,0.0,0.0,646.86,0.0,1,KUCUK_TICARETHANE
49840997,38.51865866,27.04209516,35-09-M01304,35,CIGLI,BALATCIK,5.0,953.264,0,0,0,0,1,0,0.0,0.0,0.0,0.0,953.264,0.0,1,KUCUK_TICARETHANE
49892598,38.49316789,27.10452924,35-04-K02375,35,KARSIYAKA,ZUBEYDE HANIM,47.0,51174.21,0,0,0,0,1,0,0.0,0.0,0.0,0.0,51174.21,0.0,1,ORTA_TICARETHANE
49899623,38.51193103,27.0726138,35-09-K03363,35,CIGLI,YAKAKENT,8.5,29319.91,0,0,0,0,1,0,0.0,0.0,0.0,0.0,29319.91,0.0,1,ORTA_TICARETHANE
49901565,38.47392932,27.1061316,35-04-M02100,35,KARSIYAKA,IMBATLI,320.663,178459.4,0,0,0,0,1,0,0.0,0.0,0.0,0.0,178459.4,0.0,1,ORTA_TICARETHANE
49901566,38.47335394,27.10668924,35-04-M02100,35,KARSIYAKA,IMBATLI,541.252,146110.8,0,0,0,0,1,0,0.0,0.0,0.0,0.0,146110.8,0.0,1,ORTA_TICARETHANE
49959043,38.49996798,27.12171996,35-04-K04756,35,KARSIYAKA,LATIFE HANIM,5.56,13152.697,0,0,0,0,3,0,0.0,0.0,0.0,0.0,13152.697,0.0,3,ORTA_TICARETHANE
49964733,38.47623953,27.07535628,35-04-M00933,35,KARSIYAKA,YALI,11.666,33001.575000000004,0,0,0,0,2,0,0.0,0.0,0.0,0.0,33001.575000000004,0.0,2,ORTA_TICARETHANE
49969914,38.52419825,27.04535712,35-09-M00845,35,CIGLI,UGUR MUMCU,5.0,2789.005,0,0,0,0,1,0,0.0,0.0,0.0,0.0,2789.005,0.0,1,KUCUK_TICARETHANE
49969929,38.5241829,27.04367916,35-09-M00845,35,CIGLI,UGUR MUMCU,5.0,3063.906,0,0,0,0,1,0,0.0,0.0,0.0,0.0,3063.906,0.0,1,KUCUK_TICARETHANE
49996255,38.49078185,27.11610144,35-04-K03082,35,KARSIYAKA,LATIFE HANIM,8.77,3609.844,0,1,0,0,2,0,0.0,1689.189,0.0,0.0,1920.655,0.0,3,KUCUK_TICARETHANE
50010948,38.46417203,27.10492776,35-04-K03980,35,KARSIYAKA,GONCALAR,8.5,0.0,0,0,0,0,1,0,0.0,0.0,0.0,0.0,0.0,0.0,1,KUCUK_TICARETHANE
50022662,38.48821813,27.07451288,35-09-M01950,35,CIGLI,MALTEPE,5.02,16244.673,0,0,0,0,2,0,0.0,0.0,0.0,0.0,16244.673,0.0,2,ORTA_TICARETHANE
50023865,38.47149882,27.08066304,35-04-K02426,35,KARSIYAKA,MAVISEHIR,91.199,27880.28,0,0,0,0,1,0,0.0,0.0,0.0,0.0,27880.28,0.0,1,ORTA_TICARETHANE
50035126,38.47631154,27.08700156,35-04-M01802,35,KARSIYAKA,YALI,13.626947368421055,199302.973,0,11,0,0,8,0,0.0,24669.513,0.0,0.0,174633.46,0.0,19,ORTA_TICARETHANE
50065248,38.4989709,27.05164956,35-09-M03090,35,CIGLI,YENI MAHALLE,7.9,2926.029,0,0,0,0,1,0,0.0,0.0,0.0,0.0,2926.029,0.0,1,KUCUK_TICARETHANE
50080044,38.49016293,27.06535944,35-09-M01897,35,CIGLI,ATASEHIR,8.5,0.002,0,0,0,0,1,0,0.0,0.0,0.0,0.0,0.002,0.0,1,KUCUK_TICARETHANE
50093417,38.49030734,27.05299884,35-09-K02341,35,CIGLI,ATASEHIR,5.72,12614.45,0,0,0,0,1,0,0.0,0.0,0.0,0.0,12614.45,0.0,1,ORTA_TICARETHANE
50118880,38.52764014,27.04684068,35-09-M00211,35,CIGLI,INONU,5.0,4842.917,0,0,0,0,1,0,0.0,0.0,0.0,0.0,4842.917,0.0,1,KUCUK_TICARETHANE
50130687,38.49511331,27.06002928,35-09-K01864,35,CIGLI,YENI MAHALLE,5.0,2447.478,0,0,0,0,1,0,0.0,0.0,0.0,0.0,2447.478,0.0,1,KUCUK_TICARETHANE
50178021,38.49864506,27.12437964,35-04-K04757,35,KARSIYAKA,LATIFE HANIM,5.2,10375.18,0,0,0,0,1,0,0.0,0.0,0.0,0.0,10375.18,0.0,1,ORTA_TICARETHANE
50186724,38.45554404,27.1239948,35-04-K00363,35,KARSIYAKA,TUNA,14.75,76884.82,0,0,0,0,1,0,0.0,0.0,0.0,0.0,76884.82,0.0,1,ORTA_TICARETHANE
50193164,38.47408799,27.06851628,35-04-K02595,35,KARSIYAKA,MAVISEHIR,5.4,11251.42,0,0,0,0,1,0,0.0,0.0,0.0,0.0,11251.42,0.0,1,ORTA_TICARETHANE
50198162,38.5149822,27.1527462,35-04-K01183,35,KARSIYAKA,SANCAKLI,5.0,723.0,0,0,0,0,1,0,0.0,0.0,0.0,0.0,723.0,0.0,1,KUCUK_TICARETHANE
50224059,38.51773887,27.15401088,35-04-K01183,35,KARSIYAKA,SANCAKLI,5.0,821.244,0,0,0,0,1,0,0.0,0.0,0.0,0.0,821.244,0.0,1,KUCUK_TICARETHANE
50226894,38.51714201,27.03512126,35-09-M01357,35,CIGLI,BALATCIK,10.124857142857142,111187.671,0,0,0,0,21,0,0.0,0.0,0.0,0.0,111187.671,0.0,21,ORTA_TICARETHANE
50243142,38.45863247,27.11846772,35-04-K04188,35,KARSIYAKA,TUNA,14.8,18406.57,0,0,0,0,1,0,0.0,0.0,0.0,0.0,18406.57,0.0,1,ORTA_TICARETHANE
50251441,38.49822977,27.12291012,35-04-K04756,35,KARSIYAKA,LATIFE HANIM,77.725,3955.8,0,0,0,0,1,0,0.0,0.0,0.0,0.0,3955.8,0.0,1,ORTA_TICARETHANE
50268953,38.49848771,27.048249,35-09-K01860,35,CIGLI,YENI MAHALLE,5.0,3720.811,0,0,0,0,1,0,0.0,0.0,0.0,0.0,3720.811,0.0,1,KUCUK_TICARETHANE
50271424,38.46187553,27.12487896,35-04-K03102,35,KARSIYAKA,TERSANE,5.0,48.181,0,0,0,0,1,0,0.0,0.0,0.0,0.0,48.181,0.0,1,KUCUK_TICARETHANE
50272103,38.485382,27.10011276,35-04-M02466,35,KARSIYAKA,INONU,5.0,2797.563,0,0,0,0,1,0,0.0,0.0,0.0,0.0,2797.563,0.0,1,KUCUK_TICARETHANE
52989328,38.50214241,27.04447008,35-09-M02549,35,CIGLI,KUCUK CIGLI,8.2,3114.644,0,0,0,0,1,0,0.0,0.0,0.0,0.0,3114.644,0.0,1,KUCUK_TICARETHANE
53005646,38.48294231,27.09042336,35-04-M01873,35,KARSIYAKA,CUMHURIYET,5.0,1329.229,0,0,0,0,1,0,0.0,0.0,0.0,0.0,1329.229,0.0,1,KUCUK_TICARETHANE
53011493,38.5122485,27.04266288,35-09-M02090,35,CIGLI,BALATCIK,9.352447916666666,224978.54200000002,0,65,0,0,31,0,0.0,113133.255,0.0,0.0,111845.28700000001,0.0,96,ORTA_TICARETHANE
53011715,38.4850809,27.09995688,35-04-M02466,35,KARSIYAKA,INONU,5.0,2926.874,0,0,0,0,1,0,0.0,0.0,0.0,0.0,2926.874,0.0,1,KUCUK_TICARETHANE
53025718,38.50251429,27.07856676,35-09-K01874,35,CIGLI,GUZELTEPE,5.0,1266.972,0,0,0,0,1,0,0.0,0.0,0.0,0.0,1266.972,0.0,1,KUCUK_TICARETHANE
53025732,38.49930786,27.05460444,35-09-K04314,35,CIGLI,KUCUK CIGLI,5.0,959.797,0,0,0,0,1,0,0.0,0.0,0.0,0.0,959.797,0.0,1,KUCUK_TICARETHANE
53025763,38.50022605,27.05600844,35-09-K01866,35,CIGLI,KUCUK CIGLI,5.0,881.639,0,0,0,0,1,0,0.0,0.0,0.0,0.0,881.639,0.0,1,KUCUK_TICARETHANE
53025829,38.49461093,27.07340148,35-09-M02104,35,CIGLI,SIRINTEPE,5.0,1024.92,0,0,0,0,1,0,0.0,0.0,0.0,0.0,1024.92,0.0,1,KUCUK_TICARETHANE
53025868,38.50694702,27.0502416,35-09-M01992,35,CIGLI,KUCUK CIGLI,5.0,968.445,0,0,0,0,1,0,0.0,0.0,0.0,0.0,968.445,0.0,1,KUCUK_TICARETHANE
53032986,38.49684892,27.05983596,35-09-K01864,35,CIGLI,KUCUK CIGLI,11.13888888888889,22023.697,0,2,0,0,7,0,0.0,1674.172,0.0,0.0,20349.525,0.0,9,ORTA_TICARETHANE
53046946,38.51600236,27.06123888,35-09-K04390,35,CIGLI,ATATURK,8.2,1553.531,0,0,0,0,1,0,0.0,0.0,0.0,0.0,1553.531,0.0,1,KUCUK_TICARETHANE
53051739,38.51381877,27.07412472,35-09-K03364,35,CIGLI,YAKAKENT,7.9,16207.59,0,0,0,0,1,0,0.0,0.0,0.0,0.0,16207.59,0.0,1,ORTA_TICARETHANE
53113284,38.51082369,27.041555,35-09-M01932,35,CIGLI,BALATCIK,10.371,76607.324,0,8,0,0,4,0,0.0,17755.817,0.0,0.0,58851.507,0.0,12,ORTA_TICARETHANE
53119876,38.5447909,27.05312234,35-09-M02078,35,CIGLI,CUMHURIYET,5.0,1955.936,0,0,0,0,1,0,0.0,0.0,0.0,0.0,1955.936,0.0,1,KUCUK_TICARETHANE
53171321,38.47134212,27.08480576,35-04-K03390,35,KARSIYAKA,YALI,8.5,42153.05,0,0,0,0,1,0,0.0,0.0,0.0,0.0,42153.05,0.0,1,ORTA_TICARETHANE
53698179,38.4957753,27.08840386,35-09-M01985,35,CIGLI,AHMET TANER KISLALI,10.869,41352.17,1,0,0,0,0,0,41352.17,0.0,0.0,0.0,0.0,0.0,0,AYDINLATMA
53698219,38.49198213,27.07089751,35-09-M01951,35,CIGLI,MALTEPE,5.914,26919.86,1,0,0,0,0,0,26919.86,0.0,0.0,0.0,0.0,0.0,0,AYDINLATMA
53698224,38.52272633,27.04537728,35-09-M00626,35,CIGLI,UGUR MUMCU,7.001,32118.29,1,0,0,0,0,0,32118.29,0.0,0.0,0.0,0.0,0.0,0,AYDINLATMA
53698225,38.5422406,27.05543954,35-09-M00218,35,CIGLI,CUMHURIYET,4.988,16162.27,1,0,0,0,0,0,16162.27,0.0,0.0,0.0,0.0,0.0,0,AYDINLATMA
53698290,38.4647658,27.1301224,35-04-M02178Ã–,35,KARSIYAKA,TERSANE,15090.0,1191451.0,0,0,0,0,1,0,0.0,0.0,0.0,0.0,1191451.0,0.0,1,BUYUK_TICARETHANE
53698311,38.5463931,27.14285871,35-04-K03223Ã–,35,KARSIYAKA,YAMANLAR,100.0,26576.64,0,0,0,0,1,0,0.0,0.0,0.0,0.0,26576.64,0.0,1,ORTA_TICARETHANE
53698312,38.54471788,27.1477989,35-04-K03895Ã–,35,KARSIYAKA,YAMANLAR,16.666666666666668,6514.537,0,0,0,3,0,0,0.0,0.0,0.0,6514.537,0.0,0.0,0,TARIMSAL_SULAMA
53698673,38.47456156,27.09162086,35-04-K03211,35,KARSIYAKA,SEMIKLER,2.462333333333333,33639.823000000004,3,0,0,0,0,0,33639.823000000004,0.0,0.0,0.0,0.0,0.0,0,AYDINLATMA
53698679,38.47488873,27.09303487,35-04-K01083,35,KARSIYAKA,SEMIKLER,4.4305,28541.442,2,0,0,0,0,0,28541.442,0.0,0.0,0.0,0.0,0.0,0,AYDINLATMA
53699248,38.46411759,27.10346811,35-04-K03980,35,KARSIYAKA,GONCALAR,1.702,8119.555,1,0,0,0,0,0,8119.555,0.0,0.0,0.0,0.0,0.0,0,AYDINLATMA
53699249,38.46731778,27.11582426,35-04-M01033,35,KARSIYAKA,BAHCELIEVLER,12.636000000000001,99923.28,3,0,0,0,0,0,99923.28,0.0,0.0,0.0,0.0,0.0,0,AYDINLATMA
53699250,38.48024122,27.11386217,35-04-M01150,35,KARSIYAKA,ORNEKKOY,7.691,29784.75,1,0,0,0,0,0,29784.75,0.0,0.0,0.0,0.0,0.0,0,AYDINLATMA
53699325,38.47012731,27.10130433,35-04-K03700,35,KARSIYAKA,DEMIRKOPRU,4.0595,29449.091,2,0,0,0,0,0,29449.091,0.0,0.0,0.0,0.0,0.0,0,AYDINLATMA
53699328,38.46382119,27.105223,35-04-K04246,35,KARSIYAKA,GONCALAR,1.696,8142.953,1,0,0,0,0,0,8142.953,0.0,0.0,0.0,0.0,0.0,0,AYDINLATMA
53699329,38.46240437,27.10643088,35-04-K03849,35,KARSIYAKA,NERGIZ,3.279,14145.0,1,0,0,0,0,0,14145.0,0.0,0.0,0.0,0.0,0.0,0,AYDINLATMA
53699330,38.46228845,27.10548801,35-04-K01692,35,KARSIYAKA,NERGIZ,2.886,11767.75,1,0,0,0,0,0,11767.75,0.0,0.0,0.0,0.0,0.0,0,AYDINLATMA
53699331,38.46138619,27.10348462,35-04-K02815,35,KARSIYAKA,NERGIZ,2.93,15818.33,1,0,0,0,0,0,15818.33,0.0,0.0,0.0,0.0,0.0,0,AYDINLATMA
53699701,38.48865852,27.09689263,35-04-M01379,35,KARSIYAKA,INONU,1.547,4903.734,1,0,0,0,0,0,4903.734,0.0,0.0,0.0,0.0,0.0,0,AYDINLATMA
53699703,38.4873502,27.09711716,35-04-K03488,35,KARSIYAKA,INONU,6.5705,48092.609,2,0,0,0,0,0,48092.609,0.0,0.0,0.0,0.0,0.0,0,AYDINLATMA
53699711,38.53478665,27.18684708,35-04-M00683Ã–,35,KARSIYAKA,SANCAKLI,216.0,1294901.0,0,0,0,0,1,0,0.0,0.0,0.0,0.0,1294901.0,0.0,1,ORTA_TICARETHANE
53700230,38.45940664,27.11387732,35-04-K03676,35,KARSIYAKA,BAHRIYE UCOK,0.393,1403.816,1,0,0,0,0,0,1403.816,0.0,0.0,0.0,0.0,0.0,0,AYDINLATMA
53700231,38.46247592,27.11545101,35-04-K01591,35,KARSIYAKA,BAHARIYE,4.019,11159.98,1,0,0,0,0,0,11159.98,0.0,0.0,0.0,0.0,0.0,0,AYDINLATMA
53700234,38.46198521,27.1182167,35-04-K03203,35,KARSIYAKA,BAHARIYE,4.549,16130.67,1,0,0,0,0,0,16130.67,0.0,0.0,0.0,0.0,0.0,0,AYDINLATMA
53700235,38.46540792,27.1164401,35-04-K00907,35,KARSIYAKA,BAHCELIEVLER,6.547,17073.77,1,0,0,0,0,0,17073.77,0.0,0.0,0.0,0.0,0.0,0,AYDINLATMA
53700236,38.46330649,27.11677115,35-04-K02395,35,KARSIYAKA,BAHARIYE,2.666,11769.09,1,0,0,0,0,0,11769.09,0.0,0.0,0.0,0.0,0.0,0,AYDINLATMA
53700237,38.46509452,27.1180558,35-04-K02406,35,KARSIYAKA,BAHCELIEVLER,1.319,4317.173,1,0,0,0,0,0,4317.173,0.0,0.0,0.0,0.0,0.0,0,AYDINLATMA
53700238,38.46451123,27.1192696,35-04-K01758,35,KARSIYAKA,BAHCELIEVLER,0.954,6954.803,2,0,0,0,0,0,6954.803,0.0,0.0,0.0,0.0,0.0,0,AYDINLATMA
53700239,38.46355445,27.11920462,35-04-K00627,35,KARSIYAKA,BAHARIYE,3.125,12841.2,1,0,0,0,0,0,12841.2,0.0,0.0,0.0,0.0,0.0,0,AYDINLATMA
53700662,38.51832835,27.1529842,35-04-K01183,35,KARSIYAKA,SANCAKLI,13.147,53752.3,1,0,0,0,0,0,53752.3,0.0,0.0,0.0,0.0,0.0,0,AYDINLATMA
53700664,38.51689294,27.12617329,35-04-K03498Ã–,35,KARSIYAKA,YAMANLAR,100.0,23332.11,0,0,0,0,1,0,0.0,0.0,0.0,0.0,23332.11,0.0,1,ORTA_TICARETHANE
53700665,38.54190958,27.13406194,35-04-K01182,35,KARSIYAKA,YAMANLAR,3.632,13977.54,1,0,0,0,0,0,13977.54,0.0,0.0,0.0,0.0,0.0,0,AYDINLATMA
53701085,38.50524505,26.99335597,35-09-M01260,35,CIGLI,KAKLIC,2.608,7775.135,1,0,0,0,0,0,7775.135,0.0,0.0,0.0,0.0,0.0,0,AYDINLATMA
53701240,38.45829909,27.1237437,35-04-K03109,35,KARSIYAKA,ALAYBEY,7.116,31984.08,1,0,0,0,0,0,31984.08,0.0,0.0,0.0,0.0,0.0,0,AYDINLATMA
53701694,38.46328547,27.10174801,35-04-K02732,35,KARSIYAKA,NERGIZ,4.8870000000000005,35560.979999999996,2,0,0,0,0,0,35560.979999999996,0.0,0.0,0.0,0.0,0.0,0,AYDINLATMA
53701808,38.46548966,27.09955259,35-04-M01175,35,KARSIYAKA,GONCALAR,4.839,18888.34,1,0,0,0,0,0,18888.34,0.0,0.0,0.0,0.0,0.0,0,AYDINLATMA
53702158,38.50027142,26.94596906,35-09-M00539Ã–,35,CIGLI,SASALLI MERKEZ,250.0,104045.4,0,0,0,0,1,0,0.0,0.0,0.0,0.0,104045.4,0.0,1,ORTA_TICARETHANE
53702221,38.49115441,27.108629,35-04-K01963,35,KARSIYAKA,ZUBEYDE HANIM,1.736,2113.125,1,0,0,0,0,0,2113.125,0.0,0.0,0.0,0.0,0.0,0,AYDINLATMA
53702494,38.52767301,27.05330082,35-09-M01869,35,CIGLI,INONU,3.598,9331.574,1,0,0,0,0,0,9331.574,0.0,0.0,0.0,0.0,0.0,0,AYDINLATMA
53702565,38.497128,27.116814,35-04-K04724Ã–,35,KARSIYAKA,ZUBEYDE HANIM,1000.0,594982.1,0,0,0,0,1,0,0.0,0.0,0.0,0.0,594982.1,0.0,1,BUYUK_TICARETHANE
53702567,38.49488558,27.11629351,35-04-K01115,35,KARSIYAKA,ZUBEYDE HANIM,4.6635,31097.971,2,0,0,0,0,0,31097.971,0.0,0.0,0.0,0.0,0.0,0,AYDINLATMA
53702568,38.49816557,27.11647384,35-04-K04184,35,KARSIYAKA,ZUBEYDE HANIM,7.04,18883.38,1,0,0,0,0,0,18883.38,0.0,0.0,0.0,0.0,0.0,0,AYDINLATMA
53702569,38.49377345,27.10475765,35-04-K03238,35,KARSIYAKA,ZUBEYDE HANIM,2.18,7169.389,1,0,0,0,0,0,7169.389,0.0,0.0,0.0,0.0,0.0,0,AYDINLATMA
53702571,38.49128369,27.10536707,35-04-K02375,35,KARSIYAKA,ZUBEYDE HANIM,12.677,28925.54,1,0,0,0,0,0,28925.54,0.0,0.0,0.0,0.0,0.0,0,AYDINLATMA
53702619,38.55225371,27.15827798,35-04-M01534Ã–,35,KARSIYAKA,YAMANLAR,400.0,148435.4,0,0,0,0,1,0,0.0,0.0,0.0,0.0,148435.4,0.0,1,ORTA_TICARETHANE
53702620,38.55253392,27.15724915,35-04-M00685Ã–,35,KARSIYAKA,YAMANLAR,100.0,53582.94,0,0,0,0,1,0,0.0,0.0,0.0,0.0,53582.94,0.0,1,ORTA_TICARETHANE
53702621,38.55240487,27.15769895,35-04-M01457Ã–,35,KARSIYAKA,YAMANLAR,25.0,15842.09,0,0,0,0,1,0,0.0,0.0,0.0,0.0,15842.09,0.0,1,ORTA_TICARETHANE
53702887,38.46637402,27.10277478,35-04-K03038,35,KARSIYAKA,DEDEBASI,4.748,17706.76,1,0,0,0,0,0,17706.76,0.0,0.0,0.0,0.0,0.0,0,AYDINLATMA
53702888,38.46788146,27.10246389,35-04-M01188,35,KARSIYAKA,DEDEBASI,7.662,29517.55,1,0,0,0,0,0,29517.55,0.0,0.0,0.0,0.0,0.0,0,AYDINLATMA
53702894,38.45600879,27.11472759,35-04-K00833,35,KARSIYAKA,DONANMACI,4.117,17229.59,1,0,0,0,0,0,17229.59,0.0,0.0,0.0,0.0,0.0,0,AYDINLATMA
53702895,38.45964712,27.11482327,35-04-K01360,35,KARSIYAKA,BAHARIYE,2.6235,22717.16,2,0,0,0,0,0,22717.16,0.0,0.0,0.0,0.0,0.0,0,AYDINLATMA
53702896,38.45694908,27.12193882,35-04-K00893,35,KARSIYAKA,TUNA,4.066,17145.05,1,0,0,0,0,0,17145.05,0.0,0.0,0.0,0.0,0.0,0,AYDINLATMA
53702929,38.45347641,27.11462581,35-04-K03185,35,KARSIYAKA,DONANMACI,1.314,11984.287,2,0,0,0,0,0,11984.287,0.0,0.0,0.0,0.0,0.0,0,AYDINLATMA
53702934,38.49961908,26.99150827,35-09-M00430Ã–,35,CIGLI,KAKLIC,160.0,36319.0,0,0,0,0,1,0,0.0,0.0,0.0,0.0,36319.0,0.0,1,ORTA_TICARETHANE
53702937,38.49964186,26.9922047,35-09-M00428Ã–,35,CIGLI,KAKLIC,100.0,160421.5,0,0,0,0,1,0,0.0,0.0,0.0,0.0,160421.5,0.0,1,ORTA_TICARETHANE
53702938,38.50002334,26.9941308,35-09-M00628Ã–,35,CIGLI,KAKLIC,400.0,259937.9,0,0,1,0,0,0,0.0,0.0,259937.9,0.0,0.0,0.0,1,ORTA_SANAYI
53702939,38.4756606,27.09172882,35-04-K04619,35,KARSIYAKA,SEMIKLER,3.397,14769.94,1,0,0,0,0,0,14769.94,0.0,0.0,0.0,0.0,0.0,0,AYDINLATMA
53702940,38.47680704,27.09212275,35-04-K04629,35,KARSIYAKA,SEMIKLER,4.252,15193.88,1,0,0,0,0,0,15193.88,0.0,0.0,0.0,0.0,0.0,0,AYDINLATMA
53702941,38.46313421,27.09410458,35-04-K01483,35,KARSIYAKA,BOSTANLI,2.299,9039.74,1,0,0,0,0,0,9039.74,0.0,0.0,0.0,0.0,0.0,0,AYDINLATMA
53703014,38.47062189,27.08818681,35-04-M01178,35,KARSIYAKA,YALI,3.7,14287.32,1,0,0,0,0,0,14287.32,0.0,0.0,0.0,0.0,0.0,0,AYDINLATMA
53703015,38.46672678,27.09407632,35-04-K03848,35,KARSIYAKA,YALI,3.714,13553.74,1,0,0,0,0,0,13553.74,0.0,0.0,0.0,0.0,0.0,0,AYDINLATMA
53703016,38.46212422,27.09755929,35-04-K01695,35,KARSIYAKA,BOSTANLI,6.528,25135.01,1,0,0,0,0,0,25135.01,0.0,0.0,0.0,0.0,0.0,0,AYDINLATMA
53703087,38.49606122,26.96044799,35-09-M01096Ã–,35,CIGLI,SASALLI MERKEZ,50.0,79772.59,0,0,0,0,1,0,0.0,0.0,0.0,0.0,79772.59,0.0,1,ORTA_TICARETHANE
53703088,38.49582412,26.9513486,35-09-M00447,35,CIGLI,SASALLI MERKEZ,9.948,37076.46,1,0,0,0,0,0,37076.46,0.0,0.0,0.0,0.0,0.0,0,AYDINLATMA
53703089,38.49435399,26.95295021,35-09-M00257,35,CIGLI,SASALLI MERKEZ,7.72,30652.42,1,0,0,0,0,0,30652.42,0.0,0.0,0.0,0.0,0.0,0,AYDINLATMA
53703090,38.49220068,26.95142717,35-09-M00258,35,CIGLI,SASALLI MERKEZ,9.281,37985.0,1,0,0,0,0,0,37985.0,0.0,0.0,0.0,0.0,0.0,0,AYDINLATMA
53703252,38.45492426,27.11503366,35-04-K00018,35,KARSIYAKA,DONANMACI,2.542,11492.62,1,0,0,0,0,0,11492.62,0.0,0.0,0.0,0.0,0.0,0,AYDINLATMA
53703257,38.46131013,27.12349254,35-04-K03102,35,KARSIYAKA,TERSANE,2.0025,13817.573,2,0,0,0,0,0,13817.573,0.0,0.0,0.0,0.0,0.0,0,AYDINLATMA
53703258,38.4948638,27.09234884,35-04-K03484,35,KARSIYAKA,MUSTAFA KEMAL,2.793,7940.267,1,0,0,0,0,0,7940.267,0.0,0.0,0.0,0.0,0.0,0,AYDINLATMA
53703307,38.492973,26.965913,35-09-M01074Ã–,35,CIGLI,SASALLI MERKEZ,1650.0,1263058.0,0,0,0,0,1,0,0.0,0.0,0.0,0.0,1263058.0,0.0,1,BUYUK_TICARETHANE
53703332,38.46140171,27.09443867,35-04-K03184,35,KARSIYAKA,BOSTANLI,3.858,16384.17,1,0,0,0,0,0,16384.17,0.0,0.0,0.0,0.0,0.0,0,AYDINLATMA
53703409,38.49624454,26.94525323,35-09-M00472Ã–,35,CIGLI,SASALLI MERKEZ,160.0,100696.5,0,0,1,0,0,0,0.0,0.0,100696.5,0.0,0.0,0.0,1,ORTA_SANAYI
53703410,38.49574943,26.94467428,35-09-M00463Ã–,35,CIGLI,SASALLI MERKEZ,250.0,52502.31,0,0,0,0,1,0,0.0,0.0,0.0,0.0,52502.31,0.0,1,ORTA_TICARETHANE
53703416,38.46025764,27.11277389,35-04-K00254,35,KARSIYAKA,BAHRIYE UCOK,3.522,14048.99,1,0,0,0,0,0,14048.99,0.0,0.0,0.0,0.0,0.0,0,AYDINLATMA
53703522,38.46568664,27.08546374,35-04-K04611Ã–,35,KARSIYAKA,ATAKENT,356.0,374762.2,0,0,0,0,1,0,0.0,0.0,0.0,0.0,374762.2,0.0,1,ORTA_TICARETHANE
53703574,38.49374547,27.00026239,35-09-M00908Ã–,35,CIGLI,KAKLIC,100.0,240515.5,0,0,0,0,1,0,0.0,0.0,0.0,0.0,240515.5,0.0,1,ORTA_TICARETHANE
53703681,38.49667693,27.07098978,35-09-K01873,35,CIGLI,SIRINTEPE,18.443,61430.68,1,0,0,0,0,0,61430.68,0.0,0.0,0.0,0.0,0.0,0,AYDINLATMA
53703705,38.46896193,27.10435546,35-04-M01181,35,KARSIYAKA,DEDEBASI,6.089,20686.76,1,0,0,0,0,0,20686.76,0.0,0.0,0.0,0.0,0.0,0,AYDINLATMA
53703706,38.46952503,27.10300575,35-04-M01179,35,KARSIYAKA,DEDEBASI,2.926,11176.35,1,0,0,0,0,0,11176.35,0.0,0.0,0.0,0.0,0.0,0,AYDINLATMA
53703747,38.46266761,27.12448278,35-04-K04601,35,KARSIYAKA,BAHCELIEVLER,1.353,4904.601,1,0,0,0,0,0,4904.601,0.0,0.0,0.0,0.0,0.0,0,AYDINLATMA
53703748,38.4650322,27.12581067,35-04-K04059,35,KARSIYAKA,BAHCELIEVLER,3.2165,26520.659,2,0,0,0,0,0,26520.659,0.0,0.0,0.0,0.0,0.0,0,AYDINLATMA
53703749,38.46425957,27.12228976,35-04-K00294,35,KARSIYAKA,BAHCELIEVLER,4.712,18657.52,1,0,0,0,0,0,18657.52,0.0,0.0,0.0,0.0,0.0,0,AYDINLATMA
53703750,38.45856591,27.10988169,35-04-K01589,35,KARSIYAKA,BAHRIYE UCOK,3.63,13745.45,1,0,0,0,0,0,13745.45,0.0,0.0,0.0,0.0,0.0,0,AYDINLATMA
53703751,38.45910358,27.10904953,35-04-K04058,35,KARSIYAKA,BAHRIYE UCOK,3.96,16476.14,1,0,0,0,0,0,16476.14,0.0,0.0,0.0,0.0,0.0,0,AYDINLATMA
53703752,38.47287851,27.08949126,35-04-M01743,35,KARSIYAKA,YALI,4.234,15717.7,1,0,0,0,0,0,15717.7,0.0,0.0,0.0,0.0,0.0,0,AYDINLATMA
53703858,38.48959684,27.1072527,35-04-M02871,35,KARSIYAKA,ZUBEYDE HANIM,9.255,35623.67,1,0,0,0,0,0,35623.67,0.0,0.0,0.0,0.0,0.0,0,AYDINLATMA
53703859,38.4953858,27.11038101,35-04-K04288,35,KARSIYAKA,ZUBEYDE HANIM,4.443,17015.13,1,0,0,0,0,0,17015.13,0.0,0.0,0.0,0.0,0.0,0,AYDINLATMA
53703864,38.4743544,27.09714873,35-04-K03018,35,KARSIYAKA,SEMIKLER,2.614,22419.972,2,0,0,0,0,0,22419.972,0.0,0.0,0.0,0.0,0.0,0,AYDINLATMA
53703869,38.48105786,27.09006518,35-04-K00308,35,KARSIYAKA,SEMIKLER,6.969,17070.0,1,0,0,0,0,0,17070.0,0.0,0.0,0.0,0.0,0.0,0,AYDINLATMA
53703870,38.48209162,27.08774015,35-04-K03872,35,KARSIYAKA,SEMIKLER,8.63,26045.06,1,0,0,0,0,0,26045.06,0.0,0.0,0.0,0.0,0.0,0,AYDINLATMA
53703958,38.49386765,27.07044494,35-09-K04123,35,CIGLI,SIRINTEPE,3.0585,22641.200999999997,2,0,0,0,0,0,22641.200999999997,0.0,0.0,0.0,0.0,0.0,0,AYDINLATMA
53704015,38.47311602,27.11374657,35-04-M01030,35,KARSIYAKA,IMBATLI,12.6285,57268.45,2,0,0,0,0,0,57268.45,0.0,0.0,0.0,0.0,0.0,0,AYDINLATMA
53704024,38.47973232,27.08377112,35-04-M01427,35,KARSIYAKA,YALI,8.041,30772.56,1,0,0,0,0,0,30772.56,0.0,0.0,0.0,0.0,0.0,0,AYDINLATMA
53704073,38.499888,26.946675,35-09-M00422Ã–,35,CIGLI,SASALLI MERKEZ,630.0,2153178.0,0,0,1,0,0,0,0.0,0.0,2153178.0,0.0,0.0,0.0,1,BUYUK_SANAYI
53704082,38.47153554,27.07160875,35-04-K02594,35,KARSIYAKA,MAVISEHIR,7.378,17072.22,1,0,0,0,0,0,17072.22,0.0,0.0,0.0,0.0,0.0,0,AYDINLATMA
53704083,38.47638902,27.08129497,35-04-M01587,35,KARSIYAKA,YALI,1.837,3472.534,1,0,0,0,0,0,3472.534,0.0,0.0,0.0,0.0,0.0,0,AYDINLATMA
53704084,38.46150974,27.0991664,35-04-M01037,35,KARSIYAKA,BOSTANLI,5.857,23042.31,1,0,0,0,0,0,23042.31,0.0,0.0,0.0,0.0,0.0,0,AYDINLATMA
53704141,38.48559568,27.05933141,35-09-M01480Ã–,35,CIGLI,ATASEHIR,630.0,1746499.0,0,0,0,0,1,0,0.0,0.0,0.0,0.0,1746499.0,0.0,1,BUYUK_TICARETHANE
53704320,38.51865161,26.98521405,35-09-M01784Ã–,35,CIGLI,KAKLIC,125.0,11654.255000000001,0,0,0,0,2,0,0.0,0.0,0.0,0.0,11654.255000000001,0.0,2,ORTA_TICARETHANE
53704480,38.471932,27.067897,35-04-M01952Ã–,35,KARSIYAKA,MAVISEHIR,630.0,250481.4,0,0,0,0,1,0,0.0,0.0,0.0,0.0,250481.4,0.0,1,BUYUK_TICARETHANE
53704619,38.46644749,27.1015474,35-04-M01607,35,KARSIYAKA,DEDEBASI,2.116,8614.89,1,0,0,0,0,0,8614.89,0.0,0.0,0.0,0.0,0.0,0,AYDINLATMA
53704748,38.47318671,27.08690758,35-04-M01177,35,KARSIYAKA,YALI,2.387,9650.311,1,0,0,0,0,0,9650.311,0.0,0.0,0.0,0.0,0.0,0,AYDINLATMA
53704943,38.46936413,27.09067005,35-04-K01449,35,KARSIYAKA,YALI,2.188,8817.618,1,0,0,0,0,0,8817.618,0.0,0.0,0.0,0.0,0.0,0,AYDINLATMA
53704945,38.46618677,27.09917557,35-04-M01182,35,KARSIYAKA,DEMIRKOPRU,4.906,19591.32,1,0,0,0,0,0,19591.32,0.0,0.0,0.0,0.0,0.0,0,AYDINLATMA
53704946,38.46951307,27.09385516,35-04-K03975,35,KARSIYAKA,YALI,7.03,26616.78,1,0,0,0,0,0,26616.78,0.0,0.0,0.0,0.0,0.0,0,AYDINLATMA
53704948,38.48032508,27.08073191,35-04-M00950,35,KARSIYAKA,YALI,1.138,2332.462,1,0,0,0,0,0,2332.462,0.0,0.0,0.0,0.0,0.0,0,AYDINLATMA
53704951,38.46871914,27.0953838,35-04-K02578,35,KARSIYAKA,YALI,3.447,11951.88,1,0,0,0,0,0,11951.88,0.0,0.0,0.0,0.0,0.0,0,AYDINLATMA
53704993,38.49106063,27.07293255,35-09-K04681,35,CIGLI,MALTEPE,3.646,14688.53,1,0,0,0,0,0,14688.53,0.0,0.0,0.0,0.0,0.0,0,AYDINLATMA
53705104,38.505029,26.942156,35-09-M01956Ã–,35,CIGLI,SASALLI MERKEZ,1600.0,1886047.0,0,0,1,0,0,0,0.0,0.0,1886047.0,0.0,0.0,0.0,1,BUYUK_SANAYI
53705106,38.48547641,27.05358451,35-09-K02817,35,CIGLI,ATASEHIR,0.857,3107.903,1,0,0,0,0,0,3107.903,0.0,0.0,0.0,0.0,0.0,0,AYDINLATMA
53705107,38.4833621,27.05967004,35-09-K02522,35,CIGLI,ATASEHIR,1.941,7602.595,1,0,0,0,0,0,7602.595,0.0,0.0,0.0,0.0,0.0,0,AYDINLATMA
53705369,38.5244502,27.04191474,35-09-M00647,35,CIGLI,UGUR MUMCU,6.529,25343.29,1,0,0,0,0,0,25343.29,0.0,0.0,0.0,0.0,0.0,0,AYDINLATMA
53705483,38.46021192,27.10139981,35-04-M01038,35,KARSIYAKA,BOSTANLI,6.003333333333333,61861.034,3,0,0,0,0,0,61861.034,0.0,0.0,0.0,0.0,0.0,0,AYDINLATMA
53705526,38.49821771,27.12597933,35-04-K04725Ã–,35,KARSIYAKA,LATIFE HANIM,125.0,103158.56,0,0,1,0,1,0,0.0,0.0,85824.8,0.0,17333.76,0.0,2,ORTA_SANAYI
53705531,38.50243599,26.989642,35-09-M00307Ã–,35,CIGLI,KAKLIC,180.0,123533.0,0,0,0,0,1,0,0.0,0.0,0.0,0.0,123533.0,0.0,1,ORTA_TICARETHANE
53705532,38.50441942,26.9888389,35-09-M00254,35,CIGLI,KAKLIC,12.416,25829.61,1,0,0,0,0,0,25829.61,0.0,0.0,0.0,0.0,0.0,0,AYDINLATMA
53705533,38.50410843,26.99255461,35-09-M01145,35,CIGLI,KAKLIC,8.153,16092.59,1,0,0,0,0,0,16092.59,0.0,0.0,0.0,0.0,0.0,0,AYDINLATMA
53705534,38.5074018,26.98800651,35-09-M00255,35,CIGLI,KAKLIC,6.166,24690.33,1,0,0,0,0,0,24690.33,0.0,0.0,0.0,0.0,0.0,0,AYDINLATMA
53705535,38.51046204,26.98720512,35-09-M00256,35,CIGLI,KAKLIC,11.267,38226.76,1,0,0,0,0,0,38226.76,0.0,0.0,0.0,0.0,0.0,0,AYDINLATMA
53705603,38.47205031,27.09230643,35-04-K04099,35,KARSIYAKA,YALI,4.238,15945.64,1,0,0,0,0,0,15945.64,0.0,0.0,0.0,0.0,0.0,0,AYDINLATMA
53705604,38.47123921,27.09114173,35-04-K00785,35,KARSIYAKA,YALI,6.387,18910.71,1,0,0,0,0,0,18910.71,0.0,0.0,0.0,0.0,0.0,0,AYDINLATMA
53705605,38.47101353,27.08927046,35-04-K02760,35,KARSIYAKA,YALI,6.983,16556.25,1,0,0,0,0,0,16556.25,0.0,0.0,0.0,0.0,0.0,0,AYDINLATMA
53705617,38.49790395,26.94690412,35-09-M00397Ã–,35,CIGLI,SASALLI MERKEZ,1250.0,736231.4,0,0,0,0,1,0,0.0,0.0,0.0,0.0,736231.4,0.0,1,BUYUK_TICARETHANE
53705618,38.49545296,26.94653219,35-09-M00458Ã–,35,CIGLI,SASALLI MERKEZ,250.0,164260.8,0,0,0,0,1,0,0.0,0.0,0.0,0.0,164260.8,0.0,1,ORTA_TICARETHANE
53705619,38.5014767,26.94626296,35-09-M00344Ã–,35,CIGLI,SASALLI MERKEZ,160.0,41648.95,0,0,0,0,1,0,0.0,0.0,0.0,0.0,41648.95,0.0,1,ORTA_TICARETHANE
53705620,38.5001434,26.94273355,35-09-M00451Ã–,35,CIGLI,SASALLI MERKEZ,80.0,19836.3,0,0,0,0,2,0,0.0,0.0,0.0,0.0,19836.3,0.0,2,ORTA_TICARETHANE
53705720,38.47665631,27.10309918,35-04-M01180,35,KARSIYAKA,CUMHURIYET,13.268,25412.03,1,0,0,0,0,0,25412.03,0.0,0.0,0.0,0.0,0.0,0,AYDINLATMA
53705767,38.48190379,27.11127221,35-04-M01173,35,KARSIYAKA,ORNEKKOY,5.065,14611.64,1,0,0,0,0,0,14611.64,0.0,0.0,0.0,0.0,0.0,0,AYDINLATMA
53705782,38.47062496,27.09507871,35-04-K04628,35,KARSIYAKA,SEMIKLER,2.5655,17568.186,2,0,0,0,0,0,17568.186,0.0,0.0,0.0,0.0,0.0,0,AYDINLATMA
53705784,38.47330906,27.09632113,35-04-K01482,35,KARSIYAKA,SEMIKLER,6.13,12368.79,1,0,0,0,0,0,12368.79,0.0,0.0,0.0,0.0,0.0,0,AYDINLATMA
53705785,38.47361149,27.09767026,35-04-K04618,35,KARSIYAKA,SEMIKLER,5.248,20604.49,1,0,0,0,0,0,20604.49,0.0,0.0,0.0,0.0,0.0,0,AYDINLATMA
53705850,38.49996554,26.94482029,35-09-M00570Ã–,35,CIGLI,SASALLI MERKEZ,250.0,27586.32,0,0,0,0,1,0,0.0,0.0,0.0,0.0,27586.32,0.0,1,ORTA_TICARETHANE
53705930,38.51211556,27.04340364,35-09-K03266,35,CIGLI,BALATCIK,8.366999999999999,55692.744,3,0,0,0,0,0,55692.744,0.0,0.0,0.0,0.0,0.0,0,AYDINLATMA
53705936,38.493393,26.956979,35-09-M00349Ã–,35,CIGLI,SASALLI MERKEZ,1000.0,759175.3,0,0,0,0,1,0,0.0,0.0,0.0,0.0,759175.3,0.0,1,BUYUK_TICARETHANE
53705937,38.499723,26.9520472,35-09-M00264Ã–,35,CIGLI,SASALLI MERKEZ,6400.0,12900000.0,0,0,1,0,0,0,0.0,0.0,12900000.0,0.0,0.0,0.0,1,BUYUK_SANAYI
53705938,38.490398,26.944245,35-09-M01391Ã–,35,CIGLI,SASALLI MERKEZ,4750.0,2027598.0,0,0,1,0,0,0,0.0,0.0,2027598.0,0.0,0.0,0.0,1,BUYUK_SANAYI
53705940,38.5348833,27.06064989,35-09-M02166Ã–,35,CIGLI,CUMHURIYET,70.0,89124.32,0,0,0,0,1,0,0.0,0.0,0.0,0.0,89124.32,0.0,1,ORTA_TICARETHANE
53705941,38.51883705,27.0404252,35-09-M00925Ã–,35,CIGLI,BALATCIK,630.0,114975.1,0,0,0,0,1,0,0.0,0.0,0.0,0.0,114975.1,0.0,1,ORTA_TICARETHANE
53705943,38.49726,27.046955,35-09-M00799Ã–,35,CIGLI,YENI MAHALLE,630.0,466303.7,0,0,0,0,1,0,0.0,0.0,0.0,0.0,466303.7,0.0,1,BUYUK_TICARETHANE
53705993,38.49322817,27.09428359,35-04-K02435,35,KARSIYAKA,MUSTAFA KEMAL,11.472,34129.01,1,0,0,0,0,0,34129.01,0.0,0.0,0.0,0.0,0.0,0,AYDINLATMA
53705995,38.49421166,27.11338783,35-04-K03792,35,KARSIYAKA,ZUBEYDE HANIM,1.38,7598.051,1,0,0,0,0,0,7598.051,0.0,0.0,0.0,0.0,0.0,0,AYDINLATMA
53706001,38.4901888,27.0709435,35-09-M01354Ã–,35,CIGLI,MALTEPE,1600.0,2181766.0,0,0,0,0,1,0,0.0,0.0,0.0,0.0,2181766.0,0.0,1,BUYUK_TICARETHANE
53706002,38.4905772,27.0780044,35-09-K04544Ã–,35,CIGLI,AYDINLIKEVLER,1000.0,826640.6,0,0,0,0,1,0,0.0,0.0,0.0,0.0,826640.6,0.0,1,BUYUK_TICARETHANE
53706004,38.48588135,27.072137,35-09-K02939Ã–,35,CIGLI,ATASEHIR,400.0,108251.2,0,0,0,0,1,0,0.0,0.0,0.0,0.0,108251.2,0.0,1,ORTA_TICARETHANE
53706006,38.4804059,27.0667492,35-09-M01191Ã–,35,CIGLI,ATASEHIR,400.0,942295.1,0,0,0,0,1,0,0.0,0.0,0.0,0.0,942295.1,0.0,1,BUYUK_TICARETHANE
53706014,38.510024,27.034611,35-09-M01841Ã–,35,CIGLI,BALATCIK,800.0,736080.6,0,0,0,0,1,0,0.0,0.0,0.0,0.0,736080.6,0.0,1,BUYUK_TICARETHANE
53706032,38.52527394,27.04885721,35-09-M00646,35,CIGLI,UGUR MUMCU,13.172,21555.03,1,0,0,0,0,0,21555.03,0.0,0.0,0.0,0.0,0.0,0,AYDINLATMA
53706033,38.49978633,26.99299221,35-09-M01793Ã–,35,CIGLI,KAKLIC,50.0,143974.6,0,0,1,0,0,0,0.0,0.0,143974.6,0.0,0.0,0.0,1,ORTA_SANAYI
53706123,38.47776633,27.09109182,35-04-K00215,35,KARSIYAKA,SEMIKLER,14.683,37657.32,1,0,0,0,0,0,37657.32,0.0,0.0,0.0,0.0,0.0,0,AYDINLATMA
53706124,38.48283192,27.08602673,35-04-K01664,35,KARSIYAKA,SEMIKLER,4.886,19592.38,1,0,0,0,0,0,19592.38,0.0,0.0,0.0,0.0,0.0,0,AYDINLATMA
53706125,38.4774459,27.0958696,35-04-K04131,35,KARSIYAKA,SEMIKLER,7.0605,28069.141,2,0,0,0,0,0,28069.141,0.0,0.0,0.0,0.0,0.0,0,AYDINLATMA
53706130,38.47623154,27.09718208,35-04-K02940,35,KARSIYAKA,SEMIKLER,8.598,35814.48,1,0,0,0,0,0,35814.48,0.0,0.0,0.0,0.0,0.0,0,AYDINLATMA
53706140,38.46179803,27.10494341,35-04-K04128,35,KARSIYAKA,NERGIZ,0.857,3870.536,1,0,0,0,0,0,3870.536,0.0,0.0,0.0,0.0,0.0,0,AYDINLATMA
53706178,38.46998366,27.10511678,35-04-M01473,35,KARSIYAKA,DEDEBASI,0.882,3174.16,1,0,0,0,0,0,3174.16,0.0,0.0,0.0,0.0,0.0,0,AYDINLATMA
53706237,38.47945284,27.11193093,35-04-M01741,35,KARSIYAKA,ORNEKKOY,5.211,18442.84,1,0,0,0,0,0,18442.84,0.0,0.0,0.0,0.0,0.0,0,AYDINLATMA
53706595,38.48186748,27.11312328,35-04-M01566,35,KARSIYAKA,ORNEKKOY,4.518,7717.377,1,0,0,0,0,0,7717.377,0.0,0.0,0.0,0.0,0.0,0,AYDINLATMA
53706660,38.47846089,27.08301734,35-04-M01584,35,KARSIYAKA,YALI,6.793,19171.79,1,0,0,0,0,0,19171.79,0.0,0.0,0.0,0.0,0.0,0,AYDINLATMA
53706662,38.45678238,27.11685603,35-04-K00289,35,KARSIYAKA,DONANMACI,0.668,1356.544,1,0,0,0,0,0,1356.544,0.0,0.0,0.0,0.0,0.0,0,AYDINLATMA
53706711,38.49662178,27.09363943,35-04-M00844,35,KARSIYAKA,MUSTAFA KEMAL,2.88,4971.255,1,0,0,0,0,0,4971.255,0.0,0.0,0.0,0.0,0.0,0,AYDINLATMA
53707190,38.53007827,27.04140215,35-09-M00220,35,CIGLI,INONU,11.717,38960.12,1,0,0,0,0,0,38960.12,0.0,0.0,0.0,0.0,0.0,0,AYDINLATMA
53707191,38.53181761,27.04899722,35-09-M00219,35,CIGLI,HARMANDALI GAZI MUSTAFA KEMAL ATATURK,6.757,22190.34,1,0,0,0,0,0,22190.34,0.0,0.0,0.0,0.0,0.0,0,AYDINLATMA
53707192,38.53947614,27.04878264,35-09-M02168Ã–,35,CIGLI,HARMANDALI GAZI MUSTAFA KEMAL ATATURK,150.0,110930.2,0,0,0,0,1,0,0.0,0.0,0.0,0.0,110930.2,0.0,1,ORTA_TICARETHANE
53707193,38.5401208,27.04897382,35-09-M02176Ã–,35,CIGLI,HARMANDALI GAZI MUSTAFA KEMAL ATATURK,86.0,72842.79,0,0,0,0,1,0,0.0,0.0,0.0,0.0,72842.79,0.0,1,ORTA_TICARETHANE
53707283,38.467816,27.080329,35-04-K02526Ã–,35,KARSIYAKA,MAVISEHIR,1250.0,2207419.0,0,0,0,0,1,0,0.0,0.0,0.0,0.0,2207419.0,0.0,1,BUYUK_TICARETHANE
53707380,38.5474628,27.0654408,35-09-M01531,35,CIGLI,CUMHURIYET,9.717,20045.6,1,0,0,0,0,0,20045.6,0.0,0.0,0.0,0.0,0.0,0,AYDINLATMA
53707430,38.49420731,27.0688114,35-09-K04122,35,CIGLI,SIRINTEPE,2.599,19295.19,2,0,0,0,0,0,19295.19,0.0,0.0,0.0,0.0,0.0,0,AYDINLATMA
53707431,38.49739503,27.05392596,35-09-K01863,35,CIGLI,YENI MAHALLE,3.544,12838.26,1,0,0,0,0,0,12838.26,0.0,0.0,0.0,0.0,0.0,0,AYDINLATMA
53707432,38.49852489,27.05547937,35-09-K03706,35,CIGLI,KUCUK CIGLI,2.736,15862.204000000002,2,0,0,0,0,0,15862.204000000002,0.0,0.0,0.0,0.0,0.0,0,AYDINLATMA
53707433,38.50794744,27.04014009,35-09-M00396,35,CIGLI,BALATCIK,13.484,18015.76,1,0,0,0,0,0,18015.76,0.0,0.0,0.0,0.0,0.0,0,AYDINLATMA
53707485,38.50069317,27.07153542,35-09-K01480,35,CIGLI,YAKAKENT,16.029,75285.73,1,0,0,0,0,0,75285.73,0.0,0.0,0.0,0.0,0.0,0,AYDINLATMA
53707518,38.47906899,27.1069531,35-04-M01742,35,KARSIYAKA,ORNEKKOY,2.199,3219.724,1,0,0,0,0,0,3219.724,0.0,0.0,0.0,0.0,0.0,0,AYDINLATMA
53707519,38.48377057,27.08619017,35-04-K01141,35,KARSIYAKA,CUMHURIYET,9.076,16819.85,1,0,0,0,0,0,16819.85,0.0,0.0,0.0,0.0,0.0,0,AYDINLATMA
53708024,38.4636313,27.10975529,35-04-K01051,35,KARSIYAKA,BAHRIYE UCOK,4.9,16405.4,1,0,0,0,0,0,16405.4,0.0,0.0,0.0,0.0,0.0,0,AYDINLATMA
53708026,38.46525826,27.11069892,35-04-K03075,35,KARSIYAKA,BAHCELIEVLER,0.929,3365.155,1,0,0,0,0,0,3365.155,0.0,0.0,0.0,0.0,0.0,0,AYDINLATMA
53708047,38.45644201,27.0966203,35-04-K00587,35,KARSIYAKA,BOSTANLI,4.088,18409.53,1,0,0,0,0,0,18409.53,0.0,0.0,0.0,0.0,0.0,0,AYDINLATMA
53708048,38.45776648,27.10019033,35-04-K03719,35,KARSIYAKA,BOSTANLI,5.048,15365.16,1,0,0,0,0,0,15365.16,0.0,0.0,0.0,0.0,0.0,0,AYDINLATMA
53708049,38.4557017,27.0984383,35-04-K02313,35,KARSIYAKA,BOSTANLI,54.1285,313122.50899999996,2,0,0,0,0,0,313122.50899999996,0.0,0.0,0.0,0.0,0.0,0,AYDINLATMA
53708092,38.47749176,27.07730387,35-04-M00936,35,KARSIYAKA,YALI,8.457,26212.03,1,0,0,0,0,0,26212.03,0.0,0.0,0.0,0.0,0.0,0,AYDINLATMA
53708093,38.47645072,27.0760605,35-04-M00933,35,KARSIYAKA,YALI,11.286,31020.93,1,0,0,0,0,0,31020.93,0.0,0.0,0.0,0.0,0.0,0,AYDINLATMA
53708094,38.47561047,27.07913943,35-04-M00934,35,KARSIYAKA,YALI,1.152,2209.464,1,0,0,0,0,0,2209.464,0.0,0.0,0.0,0.0,0.0,0,AYDINLATMA
53708096,38.4587457,27.09248433,35-04-K00476,35,KARSIYAKA,BOSTANLI,13.788499999999999,66648.63,2,0,0,0,0,0,66648.63,0.0,0.0,0.0,0.0,0.0,0,AYDINLATMA
53708097,38.46705496,27.11868543,35-04-K03043,35,KARSIYAKA,BAHCELIEVLER,2.042,6384.991,1,0,0,0,0,0,6384.991,0.0,0.0,0.0,0.0,0.0,0,AYDINLATMA
53708098,38.46590782,27.11752662,35-04-K01697,35,KARSIYAKA,BAHCELIEVLER,3.116,10497.33,1,0,0,0,0,0,10497.33,0.0,0.0,0.0,0.0,0.0,0,AYDINLATMA
53708099,38.45240842,27.10655997,35-04-K03169,35,KARSIYAKA,AKSOY,2.919,8690.121,1,0,0,0,0,0,8690.121,0.0,0.0,0.0,0.0,0.0,0,AYDINLATMA
53708100,38.45144426,27.10620556,35-04-K00491,35,KARSIYAKA,AKSOY,4.99,11335.91,1,0,0,0,0,0,11335.91,0.0,0.0,0.0,0.0,0.0,0,AYDINLATMA
53708101,38.45136279,27.1085572,35-04-K03385,35,KARSIYAKA,AKSOY,2.519,9030.927,1,0,0,0,0,0,9030.927,0.0,0.0,0.0,0.0,0.0,0,AYDINLATMA
53708102,38.45382134,27.10839389,35-04-K00753,35,KARSIYAKA,AKSOY,2.619,10047.89,1,0,0,0,0,0,10047.89,0.0,0.0,0.0,0.0,0.0,0,AYDINLATMA
53708151,38.49665269,27.06894933,35-09-K02851Ã–,35,CIGLI,SIRINTEPE,250.0,199495.7,0,0,0,0,1,0,0.0,0.0,0.0,0.0,199495.7,0.0,1,ORTA_TICARETHANE
53708173,38.48030683,27.0740498,35-09-M01314,35,CIGLI,ATASEHIR,2.589,2305.118,1,0,0,0,0,0,2305.118,0.0,0.0,0.0,0.0,0.0,0,AYDINLATMA
53708174,38.46756496,27.06853468,35-04-K03388,35,KARSIYAKA,MAVISEHIR,16.963,12073.78,1,0,0,0,0,0,12073.78,0.0,0.0,0.0,0.0,0.0,0,AYDINLATMA
53708176,38.46143808,27.1069485,35-04-K00706,35,KARSIYAKA,NERGIZ,1.44,5805.51,1,0,0,0,0,0,5805.51,0.0,0.0,0.0,0.0,0.0,0,AYDINLATMA
53708177,38.45219803,27.10431576,35-04-K01091,35,KARSIYAKA,BOSTANLI,2.927,11052.04,1,0,0,0,0,0,11052.04,0.0,0.0,0.0,0.0,0.0,0,AYDINLATMA
53708178,38.46258708,27.10775858,35-04-M01040,35,KARSIYAKA,GONCALAR,5.867,21992.21,1,0,0,0,0,0,21992.21,0.0,0.0,0.0,0.0,0.0,0,AYDINLATMA
53708200,38.4921737,27.09519965,35-04-M01904,35,KARSIYAKA,MUSTAFA KEMAL,2.778,11079.05,1,0,0,0,0,0,11079.05,0.0,0.0,0.0,0.0,0.0,0,AYDINLATMA
53708201,38.493615,27.09257886,35-04-M00946,35,KARSIYAKA,MUSTAFA KEMAL,6.788,15129.1,1,0,0,0,0,0,15129.1,0.0,0.0,0.0,0.0,0.0,0,AYDINLATMA
53708202,38.49173164,27.09117233,35-04-M00947,35,KARSIYAKA,MUSTAFA KEMAL,3.614,20646.547,2,0,0,0,0,0,20646.547,0.0,0.0,0.0,0.0,0.0,0,AYDINLATMA
53708203,38.48603583,27.08762848,35-04-M01343,35,KARSIYAKA,INONU,3.426,7169.192,1,0,0,0,0,0,7169.192,0.0,0.0,0.0,0.0,0.0,0,AYDINLATMA
53708204,38.48602783,27.08505918,35-04-M01341,35,KARSIYAKA,INONU,4.301,7901.397,1,0,0,0,0,0,7901.397,0.0,0.0,0.0,0.0,0.0,0,AYDINLATMA
53708260,38.49308775,27.11258487,35-04-K03799,35,KARSIYAKA,ZUBEYDE HANIM,5.66,24271.81,1,0,0,0,0,0,24271.81,0.0,0.0,0.0,0.0,0.0,0,AYDINLATMA
53708261,38.4997356,27.09204958,35-04-M00838,35,KARSIYAKA,MUSTAFA KEMAL,1.5819999999999999,10033.354,2,0,0,0,0,0,10033.354,0.0,0.0,0.0,0.0,0.0,0,AYDINLATMA
53708262,38.48558915,27.08982085,35-04-M01514,35,KARSIYAKA,INONU,3.948,9712.197,1,0,0,0,0,0,9712.197,0.0,0.0,0.0,0.0,0.0,0,AYDINLATMA
53708263,38.48549209,27.08882689,35-04-M01513,35,KARSIYAKA,INONU,7.052,23097.22,1,0,0,0,0,0,23097.22,0.0,0.0,0.0,0.0,0.0,0,AYDINLATMA
53708264,38.48622197,27.09490331,35-04-K03773,35,KARSIYAKA,CUMHURIYET,7.393,28649.12,1,0,0,0,0,0,28649.12,0.0,0.0,0.0,0.0,0.0,0,AYDINLATMA
53708265,38.48721592,27.08893679,35-04-M01724,35,KARSIYAKA,INONU,1.758,12129.503,2,0,0,0,0,0,12129.503,0.0,0.0,0.0,0.0,0.0,0,AYDINLATMA
53708266,38.48782866,27.09143808,35-04-M01725,35,KARSIYAKA,INONU,6.716,25770.09,1,0,0,0,0,0,25770.09,0.0,0.0,0.0,0.0,0.0,0,AYDINLATMA
53708267,38.48832998,27.0919654,35-04-M01378,35,KARSIYAKA,INONU,1.589,3823.464,1,0,0,0,0,0,3823.464,0.0,0.0,0.0,0.0,0.0,0,AYDINLATMA
53708300,38.51793735,27.06472014,35-09-K03391Ã–,35,CIGLI,ATATURK,160.0,216672.6,0,0,0,0,1,0,0.0,0.0,0.0,0.0,216672.6,0.0,1,ORTA_TICARETHANE
53708330,38.46762699,27.11134415,35-04-M01041,35,KARSIYAKA,BAHCELIEVLER,7.9094999999999995,35416.72,2,0,0,0,0,0,35416.72,0.0,0.0,0.0,0.0,0.0,0,AYDINLATMA
53708458,38.47506111,27.11052662,35-04-M01755,35,KARSIYAKA,IMBATLI,2.254,9478.46,1,0,0,0,0,0,9478.46,0.0,0.0,0.0,0.0,0.0,0,AYDINLATMA
53708459,38.47533208,27.11146727,35-04-K03766,35,KARSIYAKA,IMBATLI,8.566,33031.6,1,0,0,0,0,0,33031.6,0.0,0.0,0.0,0.0,0.0,0,AYDINLATMA
53708460,38.47826186,27.11015157,35-04-K00358,35,KARSIYAKA,ORNEKKOY,12.934,29171.25,1,0,0,0,0,0,29171.25,0.0,0.0,0.0,0.0,0.0,0,AYDINLATMA
53708466,38.45398883,27.11349346,35-04-K01293,35,KARSIYAKA,DONANMACI,2.041,11232.225999999999,2,0,0,0,0,0,11232.225999999999,0.0,0.0,0.0,0.0,0.0,0,AYDINLATMA
53708527,38.46221797,27.08505244,35-04-K03147Ã–,35,KARSIYAKA,ATAKENT,250.0,764451.7,0,0,0,0,1,0,0.0,0.0,0.0,0.0,764451.7,0.0,1,ORTA_TICARETHANE
53708541,38.47942621,27.11450373,35-04-M01029,35,KARSIYAKA,ORNEKKOY,5.332,15107.39,1,0,0,0,0,0,15107.39,0.0,0.0,0.0,0.0,0.0,0,AYDINLATMA
53708594,38.5547635,27.0705764,35-28-M00667Ã–,35,CIGLI,CUMHURIYET,1250.0,945732.9,0,0,0,0,1,0,0.0,0.0,0.0,0.0,945732.9,0.0,1,BUYUK_TICARETHANE
53708902,38.48970099,27.11055011,35-04-K02447,35,KARSIYAKA,ZUBEYDE HANIM,5.144,20748.22,1,0,0,0,0,0,20748.22,0.0,0.0,0.0,0.0,0.0,0,AYDINLATMA
53709050,38.47655,27.10615941,35-04-M01028,35,KARSIYAKA,IMBATLI,10.347,9948.24,1,0,0,0,0,0,9948.24,0.0,0.0,0.0,0.0,0.0,0,AYDINLATMA
53709110,38.49335007,27.08984362,35-04-M00945,35,KARSIYAKA,MUSTAFA KEMAL,3.052,8942.189,1,0,0,0,0,0,8942.189,0.0,0.0,0.0,0.0,0.0,0,AYDINLATMA
53709353,38.47248836,27.11105185,35-04-K03012,35,KARSIYAKA,IMBATLI,3.93675,38491.126000000004,4,0,0,0,0,0,38491.126000000004,0.0,0.0,0.0,0.0,0.0,0,AYDINLATMA
53709674,38.47688845,27.07054488,35-04-M01087,35,KARSIYAKA,YALI,13.766,31384.56,1,0,0,0,0,0,31384.56,0.0,0.0,0.0,0.0,0.0,0,AYDINLATMA
53709803,38.46295468,27.09536569,35-04-K04193,35,KARSIYAKA,BOSTANLI,0.78,2879.217,1,0,0,0,0,0,2879.217,0.0,0.0,0.0,0.0,0.0,0,AYDINLATMA
53709804,38.46025247,27.09547304,35-04-K00849,35,KARSIYAKA,BOSTANLI,5.31,15212.06,1,0,0,0,0,0,15212.06,0.0,0.0,0.0,0.0,0.0,0,AYDINLATMA
53709806,38.47249231,27.09474709,35-04-K04328,35,KARSIYAKA,SEMIKLER,1.9805000000000001,15585.327000000001,2,0,0,0,0,0,15585.327000000001,0.0,0.0,0.0,0.0,0.0,0,AYDINLATMA
53709808,38.46830904,27.09133742,35-04-K03847,35,KARSIYAKA,YALI,1.077,6320.12,1,0,0,0,0,0,6320.12,0.0,0.0,0.0,0.0,0.0,0,AYDINLATMA
53709828,38.45462689,27.11707279,35-04-K01316,35,KARSIYAKA,DONANMACI,5.11,10468.96,1,0,0,0,0,0,10468.96,0.0,0.0,0.0,0.0,0.0,0,AYDINLATMA
53709829,38.51550388,27.04552747,35-09-M00403,35,CIGLI,BALATCIK,8.141,25930.73,1,0,0,0,0,0,25930.73,0.0,0.0,0.0,0.0,0.0,0,AYDINLATMA
53709831,38.52297277,27.03382635,35-09-M00819Ã–,35,CIGLI,AHMET EFENDI,160.0,8139.15,0,0,0,0,1,0,0.0,0.0,0.0,0.0,8139.15,0.0,1,ORTA_TICARETHANE
53709832,38.52426462,27.04543852,35-09-M00845,35,CIGLI,UGUR MUMCU,8.296,24392.94,1,0,0,0,0,0,24392.94,0.0,0.0,0.0,0.0,0.0,0,AYDINLATMA
53709838,38.49204016,27.08577973,35-09-K01321,35,CIGLI,AYDINLIKEVLER,7.126,31511.62,1,0,0,0,0,0,31511.62,0.0,0.0,0.0,0.0,0.0,0,AYDINLATMA
53709864,38.50411486,27.0527852,35-09-K01867,35,CIGLI,KUCUK CIGLI,10.4685,46291.12,2,0,0,0,0,0,46291.12,0.0,0.0,0.0,0.0,0.0,0,AYDINLATMA
53709865,38.50107714,27.05493387,35-09-K01866,35,CIGLI,KUCUK CIGLI,5.561,45589.323000000004,3,0,0,0,0,0,45589.323000000004,0.0,0.0,0.0,0.0,0.0,0,AYDINLATMA
53709866,38.49456645,27.08922769,35-09-K01956,35,CIGLI,AHMET TANER KISLALI,4.637,18613.27,1,0,0,0,0,0,18613.27,0.0,0.0,0.0,0.0,0.0,0,AYDINLATMA
53709875,38.5058613,27.07031922,35-09-K03362,35,CIGLI,YAKAKENT,10.982,40855.36,1,0,0,0,0,0,40855.36,0.0,0.0,0.0,0.0,0.0,0,AYDINLATMA
53709901,38.45632307,27.11584037,35-04-K01746,35,KARSIYAKA,DONANMACI,3.303,4527.21,1,0,0,0,0,0,4527.21,0.0,0.0,0.0,0.0,0.0,0,AYDINLATMA
53709909,38.50070175,26.94302556,35-09-M01515Ã–,35,CIGLI,SASALLI MERKEZ,400.0,28016.76,0,0,0,0,1,0,0.0,0.0,0.0,0.0,28016.76,0.0,1,ORTA_TICARETHANE
53709910,38.4992244,26.94254478,35-09-M00381Ã–,35,CIGLI,SASALLI MERKEZ,400.0,145353.2,0,0,0,0,1,0,0.0,0.0,0.0,0.0,145353.2,0.0,1,ORTA_TICARETHANE
53709965,38.48461496,27.06038867,35-09-K02668,35,CIGLI,ATASEHIR,3.065,9535.609,1,0,0,0,0,0,9535.609,0.0,0.0,0.0,0.0,0.0,0,AYDINLATMA
53710028,38.46644215,27.12109057,35-04-K01285,35,KARSIYAKA,BAHCELIEVLER,4.161,16418.92,1,0,0,0,0,0,16418.92,0.0,0.0,0.0,0.0,0.0,0,AYDINLATMA
53710067,38.45183483,27.1049093,35-04-K02618,35,KARSIYAKA,AKSOY,1.8,5864.079,1,0,0,0,0,0,5864.079,0.0,0.0,0.0,0.0,0.0,0,AYDINLATMA
53710189,38.45522355,27.10730808,35-04-K00277,35,KARSIYAKA,AKSOY,6.255,22459.37,1,0,0,0,0,0,22459.37,0.0,0.0,0.0,0.0,0.0,0,AYDINLATMA
53710190,38.45559441,27.10906112,35-04-K03074,35,KARSIYAKA,AKSOY,4.817,17381.24,1,0,0,0,0,0,17381.24,0.0,0.0,0.0,0.0,0.0,0,AYDINLATMA
53710266,38.49902924,27.09395992,35-04-M00841,35,KARSIYAKA,MUSTAFA KEMAL,3.829,14560.52,1,0,0,0,0,0,14560.52,0.0,0.0,0.0,0.0,0.0,0,AYDINLATMA
53710267,38.50024848,27.09620047,35-04-M00840,35,KARSIYAKA,MUSTAFA KEMAL,1.854,4428.732,1,0,0,0,0,0,4428.732,0.0,0.0,0.0,0.0,0.0,0,AYDINLATMA
53710271,38.46842115,27.08836927,35-04-K01450,35,KARSIYAKA,YALI,8.373,50585.755,2,0,0,0,0,0,50585.755,0.0,0.0,0.0,0.0,0.0,0,AYDINLATMA
53710272,38.46569441,27.09019087,35-04-K00885,35,KARSIYAKA,ATAKENT,13.822,52147.66,1,0,0,0,0,0,52147.66,0.0,0.0,0.0,0.0,0.0,0,AYDINLATMA
53710284,38.46714792,27.09203338,35-04-K00817,35,KARSIYAKA,YALI,5.771,27023.77,1,0,0,0,0,0,27023.77,0.0,0.0,0.0,0.0,0.0,0,AYDINLATMA
53710285,38.46694684,27.09096001,35-04-K03010,35,KARSIYAKA,YALI,2.246,15089.417,2,0,0,0,0,0,15089.417,0.0,0.0,0.0,0.0,0.0,0,AYDINLATMA
53710286,38.46959829,27.09239581,35-04-K03037,35,KARSIYAKA,YALI,2.047,8120.477,1,0,0,0,0,0,8120.477,0.0,0.0,0.0,0.0,0.0,0,AYDINLATMA
53710287,38.46815565,27.10145135,35-04-K03148,35,KARSIYAKA,DEMIRKOPRU,5.109,37063.019,2,0,0,0,0,0,37063.019,0.0,0.0,0.0,0.0,0.0,0,AYDINLATMA
53710290,38.48343285,27.09672219,35-04-K00243,35,KARSIYAKA,CUMHURIYET,16.28,47473.6,1,0,0,0,0,0,47473.6,0.0,0.0,0.0,0.0,0.0,0,AYDINLATMA
53710291,38.48187755,27.09863657,35-04-M01026,35,KARSIYAKA,CUMHURIYET,5.443,23346.39,1,0,0,0,0,0,23346.39,0.0,0.0,0.0,0.0,0.0,0,AYDINLATMA
53710292,38.47969575,27.10020214,35-04-K02323,35,KARSIYAKA,CUMHURIYET,15.706,52800.15,1,0,0,0,0,0,52800.15,0.0,0.0,0.0,0.0,0.0,0,AYDINLATMA
53710293,38.47944383,27.09689767,35-04-M01027,35,KARSIYAKA,CUMHURIYET,15.35,53330.11,1,0,0,0,0,0,53330.11,0.0,0.0,0.0,0.0,0.0,0,AYDINLATMA
53710294,38.48316531,27.09280504,35-04-M01025,35,KARSIYAKA,CUMHURIYET,7.3175,30792.765,2,0,0,0,0,0,30792.765,0.0,0.0,0.0,0.0,0.0,0,AYDINLATMA
53710351,38.47011146,27.09991146,35-04-K01034,35,KARSIYAKA,DEMIRKOPRU,4.111,13954.93,1,0,0,0,0,0,13954.93,0.0,0.0,0.0,0.0,0.0,0,AYDINLATMA
53710409,38.47099711,27.09838695,35-04-K03778,35,KARSIYAKA,SEMIKLER,3.4695,18987.181,2,0,0,0,0,0,18987.181,0.0,0.0,0.0,0.0,0.0,0,AYDINLATMA
53710410,38.46973119,27.09690269,35-04-K04320,35,KARSIYAKA,SEMIKLER,1.8145,15064.350999999999,2,0,0,0,0,0,15064.350999999999,0.0,0.0,0.0,0.0,0.0,0,AYDINLATMA
53710411,38.46867656,27.09730133,35-04-K01422,35,KARSIYAKA,DEMIRKOPRU,1.3435000000000001,11523.456,2,0,0,0,0,0,11523.456,0.0,0.0,0.0,0.0,0.0,0,AYDINLATMA
53710412,38.46939299,27.09825176,35-04-K04709,35,KARSIYAKA,DEMIRKOPRU,5.776,23068.69,1,0,0,0,0,0,23068.69,0.0,0.0,0.0,0.0,0.0,0,AYDINLATMA
53710413,38.4677433,27.09893516,35-04-K03776,35,KARSIYAKA,DEMIRKOPRU,3.209,13880.05,1,0,0,0,0,0,13880.05,0.0,0.0,0.0,0.0,0.0,0,AYDINLATMA
53710434,38.51109815,27.05476,35-09-M01994,35,CIGLI,ESENTEPE,1.856,6566.127,1,0,0,0,0,0,6566.127,0.0,0.0,0.0,0.0,0.0,0,AYDINLATMA
53710435,38.51270895,27.0565394,35-09-M01995,35,CIGLI,ESENTEPE,2.048,8776.195,1,0,0,0,0,0,8776.195,0.0,0.0,0.0,0.0,0.0,0,AYDINLATMA
53710464,38.49963578,27.12305511,35-04-K04756,35,KARSIYAKA,LATIFE HANIM,3.968,9715.416,1,0,0,0,0,0,9715.416,0.0,0.0,0.0,0.0,0.0,0,AYDINLATMA
53710468,38.49573761,27.1107568,35-04-K03718,35,KARSIYAKA,ZUBEYDE HANIM,3.583,8554.094,1,0,0,0,0,0,8554.094,0.0,0.0,0.0,0.0,0.0,0,AYDINLATMA
53710470,38.49166858,27.08966371,35-04-M00944,35,KARSIYAKA,MUSTAFA KEMAL,3.049,6878.208,1,0,0,0,0,0,6878.208,0.0,0.0,0.0,0.0,0.0,0,AYDINLATMA
53710517,38.50651807,27.05184947,35-09-M01993,35,CIGLI,ESENTEPE,3.106,12286.61,1,0,0,0,0,0,12286.61,0.0,0.0,0.0,0.0,0.0,0,AYDINLATMA
53710518,38.50758531,27.05044151,35-09-M01992,35,CIGLI,ESENTEPE,4.474,15998.37,1,0,0,0,0,0,15998.37,0.0,0.0,0.0,0.0,0.0,0,AYDINLATMA
53710520,38.45033488,27.11163552,35-04-K01191,35,KARSIYAKA,AKSOY,12.1755,79031.63,2,0,0,0,0,0,79031.63,0.0,0.0,0.0,0.0,0.0,0,AYDINLATMA
53710522,38.46234684,27.1274099,35-04-K00037,35,KARSIYAKA,TERSANE,8.246666666666668,73536.05799999999,3,0,0,0,0,0,73536.05799999999,0.0,0.0,0.0,0.0,0.0,0,AYDINLATMA
53710527,38.47886089,27.09583689,35-04-K01608,35,KARSIYAKA,CUMHURIYET,14.519,24497.85,1,0,0,0,0,0,24497.85,0.0,0.0,0.0,0.0,0.0,0,AYDINLATMA
53710528,38.45205542,27.11620725,35-04-K00681,35,KARSIYAKA,DONANMACI,21.79,77308.27,1,0,0,0,0,0,77308.27,0.0,0.0,0.0,0.0,0.0,0,AYDINLATMA
53710531,38.47143918,27.08298595,35-04-K04721,35,KARSIYAKA,MAVISEHIR,0.796,2556.205,1,0,0,0,0,0,2556.205,0.0,0.0,0.0,0.0,0.0,0,AYDINLATMA
53710532,38.46744301,27.09640076,35-04-K03229,35,KARSIYAKA,YALI,1.058,3220.401,1,0,0,0,0,0,3220.401,0.0,0.0,0.0,0.0,0.0,0,AYDINLATMA
53710533,38.46607104,27.09582919,35-04-M01186,35,KARSIYAKA,YALI,4.236,16714.92,1,0,0,0,0,0,16714.92,0.0,0.0,0.0,0.0,0.0,0,AYDINLATMA
53710534,38.466243,27.09444673,35-04-M01187,35,KARSIYAKA,YALI,2.8,11360.64,1,0,0,0,0,0,11360.64,0.0,0.0,0.0,0.0,0.0,0,AYDINLATMA
53710536,38.46736144,27.08272785,35-04-K01542,35,KARSIYAKA,ATAKENT,13.3235,95163.39,2,0,0,0,0,0,95163.39,0.0,0.0,0.0,0.0,0.0,0,AYDINLATMA
53710537,38.47204832,27.08049495,35-04-K02426,35,KARSIYAKA,MAVISEHIR,8.124,14022.25,1,0,0,0,0,0,14022.25,0.0,0.0,0.0,0.0,0.0,0,AYDINLATMA
53710538,38.47045663,27.07731035,35-04-K02423,35,KARSIYAKA,MAVISEHIR,6.83,50920.401999999995,2,0,0,0,0,0,50920.401999999995,0.0,0.0,0.0,0.0,0.0,0,AYDINLATMA
53710539,38.47196735,27.07861762,35-04-K02425,35,KARSIYAKA,MAVISEHIR,13.119,31810.9,1,0,0,0,0,0,31810.9,0.0,0.0,0.0,0.0,0.0,0,AYDINLATMA
53710540,38.47071066,27.08164392,35-04-K02427,35,KARSIYAKA,MAVISEHIR,9.79,19.374,1,0,0,0,0,0,19.374,0.0,0.0,0.0,0.0,0.0,0,AYDINLATMA
53710542,38.51409935,27.06220875,35-09-M01999,35,CIGLI,ATATURK,5.682,20374.67,1,0,0,0,0,0,20374.67,0.0,0.0,0.0,0.0,0.0,0,AYDINLATMA
53710543,38.5091202,27.05090773,35-09-M01991,35,CIGLI,ESENTEPE,3.709,14232.12,1,0,0,0,0,0,14232.12,0.0,0.0,0.0,0.0,0.0,0,AYDINLATMA
53710545,38.5096017,27.0585148,35-09-M02024,35,CIGLI,ESENTEPE,2.77,11398.69,1,0,0,0,0,0,11398.69,0.0,0.0,0.0,0.0,0.0,0,AYDINLATMA
53710546,38.5120151,27.0598573,35-09-M02023,35,CIGLI,ESENTEPE,9.697,28873.98,1,0,0,0,0,0,28873.98,0.0,0.0,0.0,0.0,0.0,0,AYDINLATMA
53710580,38.46074669,27.11874311,35-04-K01064,35,KARSIYAKA,BAHARIYE,4.127,16135.08,1,0,0,0,0,0,16135.08,0.0,0.0,0.0,0.0,0.0,0,AYDINLATMA
53710581,38.46532027,27.12376081,35-04-K03723,35,KARSIYAKA,BAHCELIEVLER,4.514,18775.86,1,0,0,0,0,0,18775.86,0.0,0.0,0.0,0.0,0.0,0,AYDINLATMA
53710582,38.46652764,27.12428983,35-04-K01067,35,KARSIYAKA,BAHCELIEVLER,5.939,17933.0,1,0,0,0,0,0,17933.0,0.0,0.0,0.0,0.0,0.0,0,AYDINLATMA
53710583,38.46683418,27.12554372,35-04-K03976,35,KARSIYAKA,BAHCELIEVLER,0.857,2574.959,1,0,0,0,0,0,2574.959,0.0,0.0,0.0,0.0,0.0,0,AYDINLATMA
53710584,38.46590855,27.12834862,35-04-K03343,35,KARSIYAKA,BAHCELIEVLER,1.919,7611.903,1,0,0,0,0,0,7611.903,0.0,0.0,0.0,0.0,0.0,0,AYDINLATMA
53710585,38.46731724,27.12671165,35-04-K01756,35,KARSIYAKA,BAHCELIEVLER,8.915333333333333,73263.831,3,0,0,0,0,0,73263.831,0.0,0.0,0.0,0.0,0.0,0,AYDINLATMA
53710586,38.46804427,27.12362082,35-04-K02875,35,KARSIYAKA,BAHCELIEVLER,3.305,10521.16,1,0,0,0,0,0,10521.16,0.0,0.0,0.0,0.0,0.0,0,AYDINLATMA
53710759,38.45652267,27.11853339,35-04-K01109,35,KARSIYAKA,TUNA,1.023,4962.186,1,0,0,0,0,0,4962.186,0.0,0.0,0.0,0.0,0.0,0,AYDINLATMA
53710760,38.4585974,27.11536884,35-04-K00590,35,KARSIYAKA,BAHARIYE,1.876,8142.808,1,0,0,0,0,0,8142.808,0.0,0.0,0.0,0.0,0.0,0,AYDINLATMA
53711187,38.483253,27.113061,35-04-M01868Ã–,35,KARSIYAKA,ORNEKKOY,1000.0,122132.8,0,0,0,0,1,0,0.0,0.0,0.0,0.0,122132.8,0.0,1,ORTA_TICARETHANE
53711288,38.45565109,27.09399448,35-04-K02790Ã–,35,KARSIYAKA,BOSTANLI,250.0,35475.52,0,0,0,0,1,0,0.0,0.0,0.0,0.0,35475.52,0.0,1,ORTA_TICARETHANE
53711340,38.47450528,27.10293092,35-04-M01374,35,KARSIYAKA,FIKRI ALTAY,1.765,4575.662,1,0,0,0,0,0,4575.662,0.0,0.0,0.0,0.0,0.0,0,AYDINLATMA
53711341,38.47408119,27.10253784,35-04-M01184,35,KARSIYAKA,FIKRI ALTAY,5.089,18915.78,1,0,0,0,0,0,18915.78,0.0,0.0,0.0,0.0,0.0,0,AYDINLATMA
53711342,38.4708742,27.10238135,35-04-M01185,35,KARSIYAKA,FIKRI ALTAY,2.526,10658.18,1,0,0,0,0,0,10658.18,0.0,0.0,0.0,0.0,0.0,0,AYDINLATMA
53711343,38.47383663,27.08988039,35-04-K03022,35,KARSIYAKA,YALI,8.658,22122.19,1,0,0,0,0,0,22122.19,0.0,0.0,0.0,0.0,0.0,0,AYDINLATMA
53711432,38.45375799,27.10495431,35-04-K00053,35,KARSIYAKA,BOSTANLI,1.74,6253.696,1,0,0,0,0,0,6253.696,0.0,0.0,0.0,0.0,0.0,0,AYDINLATMA
53711453,38.50093484,27.09439919,35-04-M00839,35,KARSIYAKA,MUSTAFA KEMAL,10.281,10532.6,1,0,0,0,0,0,10532.6,0.0,0.0,0.0,0.0,0.0,0,AYDINLATMA
53711493,38.4746587,27.11253936,35-04-M01305,35,KARSIYAKA,IMBATLI,3.438,14140.01,1,0,0,0,0,0,14140.01,0.0,0.0,0.0,0.0,0.0,0,AYDINLATMA
53711494,38.47781917,27.11486983,35-04-K03969,35,KARSIYAKA,ORNEKKOY,2.935,11949.75,1,0,0,0,0,0,11949.75,0.0,0.0,0.0,0.0,0.0,0,AYDINLATMA
53711496,38.47565303,27.11497054,35-04-M01265,35,KARSIYAKA,ORNEKKOY,3.377,12399.32,1,0,0,0,0,0,12399.32,0.0,0.0,0.0,0.0,0.0,0,AYDINLATMA
53711532,38.5228552,27.0493751,35-09-M02169Ã–,35,CIGLI,UGUR MUMCU,630.0,293201.0,0,0,0,0,1,0,0.0,0.0,0.0,0.0,293201.0,0.0,1,BUYUK_TICARETHANE
53711613,38.4830397,27.058442,35-09-M01790Ã–,35,CIGLI,ATASEHIR,2500.0,4253278.0,0,0,0,0,1,0,0.0,0.0,0.0,0.0,4253278.0,0.0,1,BUYUK_TICARETHANE
53711643,38.499271,26.941865,35-09-M00412Ã–,35,CIGLI,SASALLI MERKEZ,650.0,694905.2,0,0,1,0,0,0,0.0,0.0,694905.2,0.0,0.0,0.0,1,BUYUK_SANAYI
53711662,38.45144497,27.11106453,35-04-K01088,35,KARSIYAKA,AKSOY,4.435,13431.74,1,0,0,0,0,0,13431.74,0.0,0.0,0.0,0.0,0.0,0,AYDINLATMA
53711679,38.47683418,27.08413918,35-04-M01585,35,KARSIYAKA,YALI,9.412,32927.3,1,0,0,0,0,0,32927.3,0.0,0.0,0.0,0.0,0.0,0,AYDINLATMA
53711680,38.47209392,27.08546339,35-04-M01373,35,KARSIYAKA,YALI,1.369,6858.56,1,0,0,0,0,0,6858.56,0.0,0.0,0.0,0.0,0.0,0,AYDINLATMA
53711681,38.47282448,27.08453197,35-04-K03390,35,KARSIYAKA,YALI,15.916,47795.32,1,0,0,0,0,0,47795.32,0.0,0.0,0.0,0.0,0.0,0,AYDINLATMA
53711706,38.46058152,27.12064488,35-04-K00166,35,KARSIYAKA,BAHARIYE,7.054,26705.53,1,0,0,0,0,0,26705.53,0.0,0.0,0.0,0.0,0.0,0,AYDINLATMA
53711707,38.45609584,27.11209092,35-04-K03204,35,KARSIYAKA,AKSOY,3.731,10742.54,1,0,0,0,0,0,10742.54,0.0,0.0,0.0,0.0,0.0,0,AYDINLATMA
53711708,38.45415267,27.11092672,35-04-K00282,35,KARSIYAKA,AKSOY,3.817,16123.04,1,0,0,0,0,0,16123.04,0.0,0.0,0.0,0.0,0.0,0,AYDINLATMA
53711750,38.46641523,27.10548835,35-04-K01433,35,KARSIYAKA,DEDEBASI,4.116,35009.119999999995,2,0,0,0,0,0,35009.119999999995,0.0,0.0,0.0,0.0,0.0,0,AYDINLATMA
53711751,38.46542581,27.10784643,35-04-K02316,35,KARSIYAKA,GONCALAR,4.750500000000001,32022.1,2,0,0,0,0,0,32022.1,0.0,0.0,0.0,0.0,0.0,0,AYDINLATMA
53711752,38.46687268,27.10821574,35-04-K03850,35,KARSIYAKA,GONCALAR,3.588,12301.37,1,0,0,0,0,0,12301.37,0.0,0.0,0.0,0.0,0.0,0,AYDINLATMA
53711770,38.46795245,27.10696514,35-04-K01624,35,KARSIYAKA,DEDEBASI,4.327,35552.005,2,0,0,0,0,0,35552.005,0.0,0.0,0.0,0.0,0.0,0,AYDINLATMA
53711771,38.46916245,27.10765393,35-04-K02486,35,KARSIYAKA,DEDEBASI,2.092,6104.211,1,0,0,0,0,0,6104.211,0.0,0.0,0.0,0.0,0.0,0,AYDINLATMA
53711772,38.46888545,27.10985817,35-04-K03036,35,KARSIYAKA,DEDEBASI,9.231333333333334,66961.17,3,0,0,0,0,0,66961.17,0.0,0.0,0.0,0.0,0.0,0,AYDINLATMA
53711773,38.4745461,27.08717548,35-04-K03376,35,KARSIYAKA,YALI,4.976,19614.02,1,0,0,0,0,0,19614.02,0.0,0.0,0.0,0.0,0.0,0,AYDINLATMA
53711774,38.48013347,27.08285142,35-04-M01340,35,KARSIYAKA,YALI,0.889,3458.074,1,0,0,0,0,0,3458.074,0.0,0.0,0.0,0.0,0.0,0,AYDINLATMA
53711775,38.46035653,27.12296742,35-04-K04000,35,KARSIYAKA,ALAYBEY,3.51,9180.229,1,0,0,0,0,0,9180.229,0.0,0.0,0.0,0.0,0.0,0,AYDINLATMA
53712248,38.51599675,27.05714011,35-09-M01996,35,CIGLI,ESENTEPE,16.908,13370.68,1,0,0,0,0,0,13370.68,0.0,0.0,0.0,0.0,0.0,0,AYDINLATMA
53713610,38.49721793,27.11367418,35-04-K04171,35,KARSIYAKA,ZUBEYDE HANIM,7.43,27707.05,1,0,0,0,0,0,27707.05,0.0,0.0,0.0,0.0,0.0,0,AYDINLATMA
53713611,38.49361728,27.10924688,35-04-K02472,35,KARSIYAKA,ZUBEYDE HANIM,4.412,15767.24,1,0,0,0,0,0,15767.24,0.0,0.0,0.0,0.0,0.0,0,AYDINLATMA
53713612,38.49664661,27.11164766,35-04-K02512,35,KARSIYAKA,ZUBEYDE HANIM,3.445,8635.544,1,0,0,0,0,0,8635.544,0.0,0.0,0.0,0.0,0.0,0,AYDINLATMA
53713613,38.48448932,27.1100402,35-04-M02876,35,KARSIYAKA,ORNEKKOY,12.31,38340.45,1,0,0,0,0,0,38340.45,0.0,0.0,0.0,0.0,0.0,0,AYDINLATMA
53714215,38.4960191,27.10885864,35-04-K03717,35,KARSIYAKA,ZUBEYDE HANIM,1.66,7495.063,1,0,0,0,0,0,7495.063,0.0,0.0,0.0,0.0,0.0,0,AYDINLATMA
53714286,38.47030257,27.08291669,35-04-K02428,35,KARSIYAKA,MAVISEHIR,7.69,6036.866,1,0,0,0,0,0,6036.866,0.0,0.0,0.0,0.0,0.0,0,AYDINLATMA
53714287,38.47080787,27.07076574,35-04-K02598,35,KARSIYAKA,MAVISEHIR,3.873,8425.66,1,0,0,0,0,0,8425.66,0.0,0.0,0.0,0.0,0.0,0,AYDINLATMA
53714375,38.4645601,27.10176443,35-04-K01411,35,KARSIYAKA,GONCALAR,6.913,14894.53,1,0,0,0,0,0,14894.53,0.0,0.0,0.0,0.0,0.0,0,AYDINLATMA
53714376,38.45834778,27.1012932,35-04-K00832,35,KARSIYAKA,BOSTANLI,3.781,15818.88,1,0,0,0,0,0,15818.88,0.0,0.0,0.0,0.0,0.0,0,AYDINLATMA
53714377,38.45501197,27.10239579,35-04-K01249,35,KARSIYAKA,BOSTANLI,10.34,39808.56,1,0,0,0,0,0,39808.56,0.0,0.0,0.0,0.0,0.0,0,AYDINLATMA
53714378,38.45515168,27.10460526,35-04-K03734,35,KARSIYAKA,BOSTANLI,3.788,14987.58,1,0,0,0,0,0,14987.58,0.0,0.0,0.0,0.0,0.0,0,AYDINLATMA
53714438,38.45908652,27.10408284,35-04-M01039,35,KARSIYAKA,BOSTANLI,3.197,23805.660000000003,2,0,0,0,0,0,23805.660000000003,0.0,0.0,0.0,0.0,0.0,0,AYDINLATMA
53714439,38.46202797,27.0931255,35-04-K00191,35,KARSIYAKA,BOSTANLI,5.929,20800.12,1,0,0,0,0,0,20800.12,0.0,0.0,0.0,0.0,0.0,0,AYDINLATMA
53714440,38.45897219,27.08924487,35-04-K03303,35,KARSIYAKA,BOSTANLI,0.22599999999999998,4816.689,2,0,0,0,0,0,4816.689,0.0,0.0,0.0,0.0,0.0,0,AYDINLATMA
53714505,38.47054265,27.10885948,35-04-K01735,35,KARSIYAKA,DEDEBASI,1.414,5676.875,1,0,0,0,0,0,5676.875,0.0,0.0,0.0,0.0,0.0,0,AYDINLATMA
53714506,38.47006847,27.1074987,35-04-K03903,35,KARSIYAKA,DEDEBASI,4.187,17201.71,1,0,0,0,0,0,17201.71,0.0,0.0,0.0,0.0,0.0,0,AYDINLATMA
53714507,38.47155047,27.10485729,35-04-M01442,35,KARSIYAKA,DEDEBASI,8.853,31050.78,1,0,0,0,0,0,31050.78,0.0,0.0,0.0,0.0,0.0,0,AYDINLATMA
53714508,38.47241618,27.10622212,35-04-K03214,35,KARSIYAKA,DEDEBASI,14.897,38439.2,1,0,0,0,0,0,38439.2,0.0,0.0,0.0,0.0,0.0,0,AYDINLATMA
53714516,38.49438755,27.11816466,35-04-K04477,35,KARSIYAKA,LATIFE HANIM,5.806,23887.91,1,0,0,0,0,0,23887.91,0.0,0.0,0.0,0.0,0.0,0,AYDINLATMA
53714517,38.48515899,27.1074884,35-04-M02893,35,KARSIYAKA,ORNEKKOY,2.607,13621.83,1,0,0,0,0,0,13621.83,0.0,0.0,0.0,0.0,0.0,0,AYDINLATMA
53714518,38.4842033,27.10364,35-04-K04012,35,KARSIYAKA,ORNEKKOY,3.8375,27360.83,2,0,0,0,0,0,27360.83,0.0,0.0,0.0,0.0,0.0,0,AYDINLATMA
53714519,38.48285674,27.1060627,35-04-K01227,35,KARSIYAKA,ORNEKKOY,7.095,18122.43,1,0,0,0,0,0,18122.43,0.0,0.0,0.0,0.0,0.0,0,AYDINLATMA
53714521,38.49608483,27.09530128,35-04-M00843,35,KARSIYAKA,MUSTAFA KEMAL,6.199,18690.46,1,0,0,0,0,0,18690.46,0.0,0.0,0.0,0.0,0.0,0,AYDINLATMA
53714522,38.49478075,27.09792143,35-04-K02436,35,KARSIYAKA,MUSTAFA KEMAL,19.997,39660.14,1,0,0,0,0,0,39660.14,0.0,0.0,0.0,0.0,0.0,0,AYDINLATMA
53714579,38.49959779,27.12545155,35-04-K04757,35,KARSIYAKA,LATIFE HANIM,3.069,8684.385,1,0,0,0,0,0,8684.385,0.0,0.0,0.0,0.0,0.0,0,AYDINLATMA
53714581,38.46194971,27.08983649,35-04-K00660,35,KARSIYAKA,ATAKENT,1.588,6527.659,1,0,0,0,0,0,6527.659,0.0,0.0,0.0,0.0,0.0,0,AYDINLATMA
53714582,38.46257474,27.09080954,35-04-K00661,35,KARSIYAKA,ATAKENT,0.909,2479.203,1,0,0,0,0,0,2479.203,0.0,0.0,0.0,0.0,0.0,0,AYDINLATMA
53714583,38.46328554,27.08851952,35-04-K00707,35,KARSIYAKA,ATAKENT,2.1,5187.807,1,0,0,0,0,0,5187.807,0.0,0.0,0.0,0.0,0.0,0,AYDINLATMA
53714584,38.46458282,27.08766871,35-04-K01116,35,KARSIYAKA,ATAKENT,6.663,32568.976000000002,2,0,0,0,0,0,32568.976000000002,0.0,0.0,0.0,0.0,0.0,0,AYDINLATMA
53714586,38.48161577,27.081717,35-04-M00951,35,KARSIYAKA,YALI,11.65,32462.04,1,0,0,0,0,0,32462.04,0.0,0.0,0.0,0.0,0.0,0,AYDINLATMA
53714587,38.48093342,27.07703856,35-04-M00949,35,KARSIYAKA,YALI,2.071,5196.857,1,0,0,0,0,0,5196.857,0.0,0.0,0.0,0.0,0.0,0,AYDINLATMA
53714588,38.47400802,27.08603019,35-04-M01892,35,KARSIYAKA,YALI,9.174,34616.55,1,0,0,0,0,0,34616.55,0.0,0.0,0.0,0.0,0.0,0,AYDINLATMA
53714646,38.46244388,27.11049882,35-04-K01065,35,KARSIYAKA,BAHRIYE UCOK,4.3275,34852.121,2,0,0,0,0,0,34852.121,0.0,0.0,0.0,0.0,0.0,0,AYDINLATMA
53717284,38.4821153,27.0545307,35-09-K02721Ã–,35,CIGLI,ATASEHIR,5350.0,8296319.0,0,0,0,0,1,0,0.0,0.0,0.0,0.0,8296319.0,0.0,1,BUYUK_TICARETHANE
53717356,38.49294484,27.06619723,35-09-K01875,35,CIGLI,SIRINTEPE,11.25,41080.24,1,0,0,0,0,0,41080.24,0.0,0.0,0.0,0.0,0.0,0,AYDINLATMA
53717357,38.49247318,27.05663822,35-09-K01878,35,CIGLI,ATASEHIR,12.96,13864.58,1,0,0,0,0,0,13864.58,0.0,0.0,0.0,0.0,0.0,0,AYDINLATMA
53717358,38.48619599,27.06278802,35-09-K04308,35,CIGLI,ATASEHIR,0.576,1929.711,1,0,0,0,0,0,1929.711,0.0,0.0,0.0,0.0,0.0,0,AYDINLATMA
53717359,38.51581885,27.0647658,35-09-K04478,35,CIGLI,ATATURK,3.302,12992.1,1,0,0,0,0,0,12992.1,0.0,0.0,0.0,0.0,0.0,0,AYDINLATMA
53717360,38.53345795,27.05324236,35-09-M00206,35,CIGLI,HARMANDALI GAZI MUSTAFA KEMAL ATATURK,3.014,10063.08,1,0,0,0,0,0,10063.08,0.0,0.0,0.0,0.0,0.0,0,AYDINLATMA
53717362,38.52674115,27.04702234,35-09-M00211,35,CIGLI,INONU,5.282,17605.02,1,0,0,0,0,0,17605.02,0.0,0.0,0.0,0.0,0.0,0,AYDINLATMA
53717363,38.52270425,27.04302087,35-09-M00627,35,CIGLI,UGUR MUMCU,3.815,15812.95,1,0,0,0,0,0,15812.95,0.0,0.0,0.0,0.0,0.0,0,AYDINLATMA
53717421,38.52210624,27.04019971,35-09-M01308,35,CIGLI,AHMET EFENDI,5.987,17552.75,1,0,0,0,0,0,17552.75,0.0,0.0,0.0,0.0,0.0,0,AYDINLATMA
53717422,38.52395533,27.04719348,35-09-M01732,35,CIGLI,UGUR MUMCU,4.506,16201.46,1,0,0,0,0,0,16201.46,0.0,0.0,0.0,0.0,0.0,0,AYDINLATMA
53717423,38.49070149,27.0639051,35-09-M01897,35,CIGLI,ATASEHIR,9.515,36231.49,1,0,0,0,0,0,36231.49,0.0,0.0,0.0,0.0,0.0,0,AYDINLATMA
53717424,38.49502647,27.08824391,35-09-M01986,35,CIGLI,AHMET TANER KISLALI,9.056,35394.13,1,0,0,0,0,0,35394.13,0.0,0.0,0.0,0.0,0.0,0,AYDINLATMA
53717493,38.51251915,27.06333055,35-09-K02994Ã–,35,CIGLI,ATATURK,250.0,184964.6,0,0,0,0,1,0,0.0,0.0,0.0,0.0,184964.6,0.0,1,ORTA_TICARETHANE
53717495,38.50568031,27.06010856,35-09-K04046,35,CIGLI,EGEKENT,1.126,4240.434,1,0,0,0,0,0,4240.434,0.0,0.0,0.0,0.0,0.0,0,AYDINLATMA
53717496,38.49691583,27.09002952,35-09-M01987,35,CIGLI,AHMET TANER KISLALI,4.477,19002.04,1,0,0,0,0,0,19002.04,0.0,0.0,0.0,0.0,0.0,0,AYDINLATMA
53717500,38.49797983,27.06183836,35-09-K01865,35,CIGLI,KUCUK CIGLI,14.462,37484.45,1,0,0,0,0,0,37484.45,0.0,0.0,0.0,0.0,0.0,0,AYDINLATMA
53717501,38.50212653,27.05773136,35-09-K04497,35,CIGLI,CAGDAS,1.989,8175.114,1,0,0,0,0,0,8175.114,0.0,0.0,0.0,0.0,0.0,0,AYDINLATMA
53717502,38.5048987,27.05655304,35-09-K01936,35,CIGLI,CAGDAS,12.429,45142.5,1,0,0,0,0,0,45142.5,0.0,0.0,0.0,0.0,0.0,0,AYDINLATMA
53717503,38.50977079,27.05492389,35-09-K04293,35,CIGLI,ESENTEPE,1.28,5082.439,1,0,0,0,0,0,5082.439,0.0,0.0,0.0,0.0,0.0,0,AYDINLATMA
53717511,38.47485712,27.1059651,35-04-K00427,35,KARSIYAKA,IMBATLI,11.879,16453.73,1,0,0,0,0,0,16453.73,0.0,0.0,0.0,0.0,0.0,0,AYDINLATMA
53717512,38.46992226,27.09148528,35-04-K04517,35,KARSIYAKA,YALI,0.465,2093.503,1,0,0,0,0,0,2093.503,0.0,0.0,0.0,0.0,0.0,0,AYDINLATMA
53717865,38.51690323,27.03500768,35-09-M01357,35,CIGLI,BALATCIK,9.294,32851.98,1,0,0,0,0,0,32851.98,0.0,0.0,0.0,0.0,0.0,0,AYDINLATMA
53717867,38.51929869,27.03740736,35-09-M01091,35,CIGLI,AHMET EFENDI,2.603,13658.78,1,0,0,0,0,0,13658.78,0.0,0.0,0.0,0.0,0.0,0,AYDINLATMA
53717868,38.48891713,27.06985018,35-09-K01887,35,CIGLI,ATASEHIR,14.473,91925.65999999999,2,0,0,0,0,0,91925.65999999999,0.0,0.0,0.0,0.0,0.0,0,AYDINLATMA
53717874,38.50385567,27.06121099,35-09-K01938,35,CIGLI,EGEKENT,12.416,41076.84,1,0,0,0,0,0,41076.84,0.0,0.0,0.0,0.0,0.0,0,AYDINLATMA
53717875,38.50784399,27.05976596,35-09-K01932,35,CIGLI,EGEKENT,11.733,41815.93,1,0,0,0,0,0,41815.93,0.0,0.0,0.0,0.0,0.0,0,AYDINLATMA
53717876,38.51155948,27.05820804,35-09-M03052,35,CIGLI,ESENTEPE,1.8,11118.87,1,0,0,0,0,0,11118.87,0.0,0.0,0.0,0.0,0.0,0,AYDINLATMA
53717934,38.50995878,27.06110674,35-09-K03384,35,CIGLI,ESENTEPE,3.61,9640.347,1,0,0,0,0,0,9640.347,0.0,0.0,0.0,0.0,0.0,0,AYDINLATMA
53718028,38.51302833,27.03951253,35-09-M02091,35,CIGLI,BALATCIK,3.838,15330.94,1,0,0,0,0,0,15330.94,0.0,0.0,0.0,0.0,0.0,0,AYDINLATMA
53718086,38.51017051,27.03794509,35-09-M00396,35,CIGLI,BALATCIK,5.403,22433.08,1,0,0,0,0,0,22433.08,0.0,0.0,0.0,0.0,0.0,0,AYDINLATMA
53718095,38.48445232,27.05588217,35-09-K02867,35,CIGLI,ATASEHIR,4.784,25637.63,1,0,0,0,0,0,25637.63,0.0,0.0,0.0,0.0,0.0,0,AYDINLATMA
53718239,38.49701646,27.0512919,35-09-K03322,35,CIGLI,YENI MAHALLE,11.055,19925.27,1,0,0,0,0,0,19925.27,0.0,0.0,0.0,0.0,0.0,0,AYDINLATMA
53718241,38.4961444,27.051516,35-09-K03312,35,CIGLI,YENI MAHALLE,4.372,16671.81,1,0,0,0,0,0,16671.81,0.0,0.0,0.0,0.0,0.0,0,AYDINLATMA
53718242,38.49460693,27.05270725,35-09-K03313,35,CIGLI,YENI MAHALLE,5.51,21700.06,1,0,0,0,0,0,21700.06,0.0,0.0,0.0,0.0,0.0,0,AYDINLATMA
53718249,38.48384943,27.06827078,35-09-K03330,35,CIGLI,ATASEHIR,8.31,30825.68,1,0,0,0,0,0,30825.68,0.0,0.0,0.0,0.0,0.0,0,AYDINLATMA
53718250,38.48709773,27.07133179,35-09-K02778,35,CIGLI,ATASEHIR,9.193,23934.73,1,0,0,0,0,0,23934.73,0.0,0.0,0.0,0.0,0.0,0,AYDINLATMA
53718251,38.48860161,27.06902465,35-09-K04009,35,CIGLI,ATASEHIR,4.074,15488.02,1,0,0,0,0,0,15488.02,0.0,0.0,0.0,0.0,0.0,0,AYDINLATMA
53718252,38.4856031,27.0672544,35-09-K02899,35,CIGLI,ATASEHIR,8.534,30871.58,1,0,0,0,0,0,30871.58,0.0,0.0,0.0,0.0,0.0,0,AYDINLATMA
53718315,38.51751245,27.03538302,35-09-M01383,35,CIGLI,BALATCIK,1.136,2734.375,1,0,0,0,0,0,2734.375,0.0,0.0,0.0,0.0,0.0,0,AYDINLATMA
53718326,38.50338097,27.06340461,35-09-K04053,35,CIGLI,EGEKENT,8.037,29346.14,1,0,0,0,0,0,29346.14,0.0,0.0,0.0,0.0,0.0,0,AYDINLATMA
53719608,38.52182405,27.0493294,35-09-M01704,35,CIGLI,UGUR MUMCU,7.73,26251.09,1,0,0,0,0,0,26251.09,0.0,0.0,0.0,0.0,0.0,0,AYDINLATMA
53719609,38.52637971,27.04997728,35-09-M00216,35,CIGLI,INONU,5.944,21687.32,1,0,0,0,0,0,21687.32,0.0,0.0,0.0,0.0,0.0,0,AYDINLATMA
53719613,38.463165,27.130497,35-04-K04801Ã–,35,KARSIYAKA,TERSANE,1600.0,3176022.0,0,0,1,0,0,0,0.0,0.0,3176022.0,0.0,0.0,0.0,1,BUYUK_SANAYI
53719682,38.49518923,27.05483132,35-09-K01879,35,CIGLI,YENI MAHALLE,10.377,39525.31,1,0,0,0,0,0,39525.31,0.0,0.0,0.0,0.0,0.0,0,AYDINLATMA
53719683,38.49632683,27.05923512,35-09-K01864,35,CIGLI,YENI MAHALLE,11.3965,57821.130000000005,2,0,0,0,0,0,57821.130000000005,0.0,0.0,0.0,0.0,0.0,0,AYDINLATMA
53719684,38.5006091,27.05303813,35-09-K04501,35,CIGLI,KUCUK CIGLI,3.922,17765.44,1,0,0,0,0,0,17765.44,0.0,0.0,0.0,0.0,0.0,0,AYDINLATMA
53719685,38.53735548,27.05445462,35-09-M01444,35,CIGLI,CUMHURIYET,1.83,6860.279,1,0,0,0,0,0,6860.279,0.0,0.0,0.0,0.0,0.0,0,AYDINLATMA
53719687,38.53731846,27.05556949,35-09-M00202,35,CIGLI,CUMHURIYET,2.26,7089.5,1,0,0,0,0,0,7089.5,0.0,0.0,0.0,0.0,0.0,0,AYDINLATMA
53719688,38.53999506,27.05590494,35-09-M00203,35,CIGLI,CUMHURIYET,3.845,15683.22,1,0,0,0,0,0,15683.22,0.0,0.0,0.0,0.0,0.0,0,AYDINLATMA
53719689,38.54090912,27.0574967,35-09-M00204,35,CIGLI,CUMHURIYET,2.895,12012.17,1,0,0,0,0,0,12012.17,0.0,0.0,0.0,0.0,0.0,0,AYDINLATMA
53719696,38.49079773,27.11540448,35-04-K03082,35,KARSIYAKA,LATIFE HANIM,12.93,68813.76000000001,2,0,0,0,0,0,68813.76000000001,0.0,0.0,0.0,0.0,0.0,0,AYDINLATMA
53719759,38.494636,27.0423257,35-09-M00250Ã–,35,CIGLI,ATATURK OSB,1630.0,1408452.0,0,0,0,0,1,0,0.0,0.0,0.0,0.0,1408452.0,0.0,1,BUYUK_TICARETHANE
53719764,38.49628579,26.94459644,35-09-M00540,35,CIGLI,SASALLI MERKEZ,2.674,3475.738,1,0,0,0,0,0,3475.738,0.0,0.0,0.0,0.0,0.0,0,AYDINLATMA
53719765,38.49831233,27.05407179,35-09-K04314,35,CIGLI,YENI MAHALLE,3.234,11205.94,1,0,0,0,0,0,11205.94,0.0,0.0,0.0,0.0,0.0,0,AYDINLATMA
53719769,38.508567,27.0605509,35-09-K02987Ã–,35,CIGLI,EGEKENT,486.75,741729.3,0,0,0,0,1,0,0.0,0.0,0.0,0.0,741729.3,0.0,1,BUYUK_TICARETHANE
53719775,38.4856652,27.0702019,35-09-M1946 Ã–,35,CIGLI,ATASEHIR,630.0,383943.6,0,0,0,0,1,0,0.0,0.0,0.0,0.0,383943.6,0.0,1,BUYUK_TICARETHANE
53719781,38.49053876,27.07566085,35-09-K03705,35,CIGLI,MALTEPE,4.746,16892.48,1,0,0,0,0,0,16892.48,0.0,0.0,0.0,0.0,0.0,0,AYDINLATMA
53719782,38.49079715,27.07930472,35-09-K03320,35,CIGLI,AYDINLIKEVLER,11.2925,59610.58,2,0,0,0,0,0,59610.58,0.0,0.0,0.0,0.0,0.0,0,AYDINLATMA
53719783,38.50144809,26.95779445,35-09-M01346,35,CIGLI,SASALLI MERKEZ,2.379,9266.67,1,0,0,0,0,0,9266.67,0.0,0.0,0.0,0.0,0.0,0,AYDINLATMA
53719813,38.4798459,27.08877096,35-04-M01676,35,KARSIYAKA,SEMIKLER,5.0,17555.64,1,0,0,0,0,0,17555.64,0.0,0.0,0.0,0.0,0.0,0,AYDINLATMA
53719834,38.4640903,27.1273795,35-04-K04407Ã–,35,KARSIYAKA,TERSANE,6250.0,1123979.0,0,0,0,0,1,0,0.0,0.0,0.0,0.0,1123979.0,0.0,1,BUYUK_TICARETHANE
53719844,38.4615149,27.0953308,35-04-K01220Ã–,35,KARSIYAKA,BOSTANLI,800.0,295130.8,0,0,0,0,1,0,0.0,0.0,0.0,0.0,295130.8,0.0,1,BUYUK_TICARETHANE
53719915,38.51796464,27.05520396,35-09-K02764,35,CIGLI,EVKA-5,24.416,54784.21,1,0,0,0,0,0,54784.21,0.0,0.0,0.0,0.0,0.0,0,AYDINLATMA
53720000,38.497452,27.120459,35-04-K01652Ã–,35,KARSIYAKA,LATIFE HANIM,1250.0,976851.2,0,0,0,0,1,0,0.0,0.0,0.0,0.0,976851.2,0.0,1,BUYUK_TICARETHANE
53720016,38.50628191,26.95555406,35-09-M01401,35,CIGLI,SASALLI MERKEZ,12.87,45781.89,1,0,0,0,0,0,45781.89,0.0,0.0,0.0,0.0,0.0,0,AYDINLATMA
53720052,38.46940013,27.08399016,35-04-K04886Ã–,35,KARSIYAKA,MAVISEHIR,400.0,30071.4,0,0,0,0,1,0,0.0,0.0,0.0,0.0,30071.4,0.0,1,ORTA_TICARETHANE
53720068,38.49154601,27.06474537,35-09-K04221,35,CIGLI,ATASEHIR,0.862,3037.459,1,0,0,0,0,0,3037.459,0.0,0.0,0.0,0.0,0.0,0,AYDINLATMA
53720155,38.507988,27.036885,35-09-M02534Ã–,35,CIGLI,KAKLIC,18980.0,35300000.0,0,0,1,0,0,0,0.0,0.0,35300000.0,0.0,0.0,0.0,1,BUYUK_SANAYI
53720211,38.4819253,27.0723376,35-09-M02183Ã–,35,CIGLI,ATASEHIR,23630.0,3448061.0,0,0,0,0,1,0,0.0,0.0,0.0,0.0,3448061.0,0.0,1,BUYUK_TICARETHANE
53720214,38.4881379,27.0512839,35-09-K03448Ã–,35,CIGLI,ATASEHIR,4800.0,9862196.0,0,0,0,0,1,0,0.0,0.0,0.0,0.0,9862196.0,0.0,1,BUYUK_TICARETHANE
53720308,38.53587369,27.04850211,35-09-M02164,35,CIGLI,HARMANDALI GAZI MUSTAFA KEMAL ATATURK,3.467,10443.26,1,0,0,0,0,0,10443.26,0.0,0.0,0.0,0.0,0.0,0,AYDINLATMA
53720366,38.51682686,27.04565322,35-09-M02165,35,CIGLI,BALATCIK,5.945,19712.37,1,0,0,0,0,0,19712.37,0.0,0.0,0.0,0.0,0.0,0,AYDINLATMA
53720401,38.51239866,27.07272187,35-09-K03363,35,CIGLI,YAKAKENT,6.405,6392.515,1,0,0,0,0,0,6392.515,0.0,0.0,0.0,0.0,0.0,0,AYDINLATMA
53720522,38.50467005,26.96228784,35-09-M01387,35,CIGLI,SASALLI MERKEZ,7.811,24095.85,1,0,0,0,0,0,24095.85,0.0,0.0,0.0,0.0,0.0,0,AYDINLATMA
53720554,38.50278243,27.05037715,35-09-K04597,35,CIGLI,KUCUK CIGLI,6.77,25546.48,1,0,0,0,0,0,25546.48,0.0,0.0,0.0,0.0,0.0,0,AYDINLATMA
53720555,38.49041336,27.05291203,35-09-K02341,35,CIGLI,ATASEHIR,3.17,11920.65,1,0,0,0,0,0,11920.65,0.0,0.0,0.0,0.0,0.0,0,AYDINLATMA
53720574,38.45631083,27.1159133,35-04-K04850,35,KARSIYAKA,DONANMACI,400.0,201359.0,0,0,0,0,1,0,0.0,0.0,0.0,0.0,201359.0,0.0,1,BUYUK_TICARETHANE
53720613,38.48915397,27.07358548,35-09-M01950,35,CIGLI,MALTEPE,7.723,30277.22,1,0,0,0,0,0,30277.22,0.0,0.0,0.0,0.0,0.0,0,AYDINLATMA
53720632,38.45587348,27.11900651,35-04-K02996Ã–,35,KARSIYAKA,DONANMACI,250.0,73810.25,0,0,0,0,1,0,0.0,0.0,0.0,0.0,73810.25,0.0,1,ORTA_TICARETHANE
53720651,38.51486958,27.04154141,35-09-M01880,35,CIGLI,BALATCIK,1.979,3655.034,1,0,0,0,0,0,3655.034,0.0,0.0,0.0,0.0,0.0,0,AYDINLATMA
53720762,38.52781237,27.04369467,35-09-M01392,35,CIGLI,INONU,2.782,7433.163,1,0,0,0,0,0,7433.163,0.0,0.0,0.0,0.0,0.0,0,AYDINLATMA
53720763,38.53224188,27.04337576,35-09-M01460,35,CIGLI,HARMANDALI GAZI MUSTAFA KEMAL ATATURK,3.713,14316.67,1,0,0,0,0,0,14316.67,0.0,0.0,0.0,0.0,0.0,0,AYDINLATMA
53720764,38.52928835,27.04818471,35-09-M00212,35,CIGLI,INONU,7.768,26375.13,1,0,0,0,0,0,26375.13,0.0,0.0,0.0,0.0,0.0,0,AYDINLATMA
53720799,38.48915664,27.0593247,35-09-M01899,35,CIGLI,ATASEHIR,2.693,10998.38,1,0,0,0,0,0,10998.38,0.0,0.0,0.0,0.0,0.0,0,AYDINLATMA
53720800,38.48784214,27.06088125,35-09-M01504,35,CIGLI,ATASEHIR,2.153,9009.979,1,0,0,0,0,0,9009.979,0.0,0.0,0.0,0.0,0.0,0,AYDINLATMA
53720801,38.48881245,27.06059599,35-09-K02669,35,CIGLI,ATASEHIR,3.04,10729.43,1,0,0,0,0,0,10729.43,0.0,0.0,0.0,0.0,0.0,0,AYDINLATMA
53720802,38.48991524,27.06196846,35-09-M01898,35,CIGLI,ATASEHIR,3.908,16339.37,1,0,0,0,0,0,16339.37,0.0,0.0,0.0,0.0,0.0,0,AYDINLATMA
53720817,38.50211421,27.04769743,35-09-K01858,35,CIGLI,KUCUK CIGLI,11.917,15938.93,1,0,0,0,0,0,15938.93,0.0,0.0,0.0,0.0,0.0,0,AYDINLATMA
53720819,38.49890255,27.08802334,35-09-M01988,35,CIGLI,EVKA - 2,5.123,6439.767,2,0,0,0,0,0,6439.767,0.0,0.0,0.0,0.0,0.0,0,AYDINLATMA
53720820,38.49818892,27.09007198,35-09-M00233,35,CIGLI,AHMET TANER KISLALI,11.127,33897.26,1,0,0,0,0,0,33897.26,0.0,0.0,0.0,0.0,0.0,0,AYDINLATMA
53720822,38.52843601,27.05074447,35-09-M00213,35,CIGLI,INONU,7.61,28616.95,1,0,0,0,0,0,28616.95,0.0,0.0,0.0,0.0,0.0,0,AYDINLATMA
53720823,38.53293435,27.05103808,35-09-M00215,35,CIGLI,HARMANDALI GAZI MUSTAFA KEMAL ATATURK,3.313,11809.82,1,0,0,0,0,0,11809.82,0.0,0.0,0.0,0.0,0.0,0,AYDINLATMA
53720824,38.53087644,27.05189502,35-09-M00214,35,CIGLI,HARMANDALI GAZI MUSTAFA KEMAL ATATURK,5.13,19171.97,1,0,0,0,0,0,19171.97,0.0,0.0,0.0,0.0,0.0,0,AYDINLATMA
53720825,38.53261266,27.05225905,35-09-M00210,35,CIGLI,HARMANDALI GAZI MUSTAFA KEMAL ATATURK,6.287,19620.69,1,0,0,0,0,0,19620.69,0.0,0.0,0.0,0.0,0.0,0,AYDINLATMA
53720843,38.48453648,27.05863543,35-09-K03904,35,CIGLI,ATASEHIR,2.833,10617.1,1,0,0,0,0,0,10617.1,0.0,0.0,0.0,0.0,0.0,0,AYDINLATMA
53720844,38.5052522,27.04538428,35-09-K01869,35,CIGLI,BALATCIK,15.772,52951.82,1,0,0,0,0,0,52951.82,0.0,0.0,0.0,0.0,0.0,0,AYDINLATMA
53720845,38.54115333,27.051168,35-09-M01710,35,CIGLI,CUMHURIYET,1.809,7009.686,1,0,0,0,0,0,7009.686,0.0,0.0,0.0,0.0,0.0,0,AYDINLATMA
53720866,38.49493566,27.06139548,35-09-K01876,35,CIGLI,KOYICI,3.4975,19547.392,2,0,0,0,0,0,19547.392,0.0,0.0,0.0,0.0,0.0,0,AYDINLATMA
53720879,38.49778572,27.07501108,35-09-K03319,35,CIGLI,GUZELTEPE,8.018,30587.14,1,0,0,0,0,0,30587.14,0.0,0.0,0.0,0.0,0.0,0,AYDINLATMA
53720881,38.50003372,27.05791299,35-09-K01464,35,CIGLI,KUCUK CIGLI,8.453,23911.76,1,0,0,0,0,0,23911.76,0.0,0.0,0.0,0.0,0.0,0,AYDINLATMA
53720933,38.49924744,27.04723992,35-09-K01860,35,CIGLI,KUCUK CIGLI,15.23,23884.68,1,0,0,0,0,0,23884.68,0.0,0.0,0.0,0.0,0.0,0,AYDINLATMA
53720992,38.53457082,27.05551612,35-09-M00205,35,CIGLI,CUMHURIYET,4.83,13894.12,1,0,0,0,0,0,13894.12,0.0,0.0,0.0,0.0,0.0,0,AYDINLATMA
53721021,38.49195263,27.05561655,35-09-K04170,35,CIGLI,ATASEHIR,0.794,3146.922,1,0,0,0,0,0,3146.922,0.0,0.0,0.0,0.0,0.0,0,AYDINLATMA
53721039,38.48690673,27.05636789,35-09-K03481,35,CIGLI,ATASEHIR,7.739,38467.56,1,0,0,0,0,0,38467.56,0.0,0.0,0.0,0.0,0.0,0,AYDINLATMA
53721040,38.49284593,27.05251811,35-09-K03314,35,CIGLI,ATASEHIR,10.783,49264.0,1,0,0,0,0,0,49264.0,0.0,0.0,0.0,0.0,0.0,0,AYDINLATMA
53721043,38.474448,27.076563,35-04-K03661Ã–,35,KARSIYAKA,MAVISEHIR,1858.0,916197.3,0,0,0,0,1,0,0.0,0.0,0.0,0.0,916197.3,0.0,1,BUYUK_TICARETHANE
53721050,38.53468361,27.0504004,35-09-M00208,35,CIGLI,HARMANDALI GAZI MUSTAFA KEMAL ATATURK,4.877,19646.77,1,0,0,0,0,0,19646.77,0.0,0.0,0.0,0.0,0.0,0,AYDINLATMA
53721051,38.53415719,27.05142543,35-09-M00209,35,CIGLI,HARMANDALI GAZI MUSTAFA KEMAL ATATURK,4.463,13316.26,1,0,0,0,0,0,13316.26,0.0,0.0,0.0,0.0,0.0,0,AYDINLATMA
53721052,38.53629975,27.05200638,35-09-M00207,35,CIGLI,CUMHURIYET,3.03,12258.05,1,0,0,0,0,0,12258.05,0.0,0.0,0.0,0.0,0.0,0,AYDINLATMA
53721053,38.5385024,27.0485628,35-09-M01452,35,CIGLI,HARMANDALI GAZI MUSTAFA KEMAL ATATURK,3.081,9639.135,1,0,0,0,0,0,9639.135,0.0,0.0,0.0,0.0,0.0,0,AYDINLATMA
53721054,38.54494717,27.05635777,35-09-M00217,35,CIGLI,CUMHURIYET,6.899,27558.21,1,0,0,0,0,0,27558.21,0.0,0.0,0.0,0.0,0.0,0,AYDINLATMA
53721125,38.456166,27.12025333,35-04-K04454,35,KARSIYAKA,TUNA,8.957,34336.81,1,0,0,0,0,0,34336.81,0.0,0.0,0.0,0.0,0.0,0,AYDINLATMA
53721183,38.47502803,27.09503819,35-04-K04708,35,KARSIYAKA,SEMIKLER,5.631,17005.38,1,0,0,0,0,0,17005.38,0.0,0.0,0.0,0.0,0.0,0,AYDINLATMA
53721184,38.47043141,27.09323839,35-04-K04521,35,KARSIYAKA,YALI,1.678,5241.04,1,0,0,0,0,0,5241.04,0.0,0.0,0.0,0.0,0.0,0,AYDINLATMA
53721200,38.49463817,27.08087408,35-09-M01983,35,CIGLI,AHMET TANER KISLALI,6.685,26585.7,1,0,0,0,0,0,26585.7,0.0,0.0,0.0,0.0,0.0,0,AYDINLATMA
53721215,38.47873212,27.06543966,35-09-M01089,35,CIGLI,ATASEHIR,19.863,60186.96,1,0,0,0,0,0,60186.96,0.0,0.0,0.0,0.0,0.0,0,AYDINLATMA
53721216,38.47959231,27.06872453,35-09-M01458,35,CIGLI,ATASEHIR,4.621,14782.31,1,0,0,0,0,0,14782.31,0.0,0.0,0.0,0.0,0.0,0,AYDINLATMA
53721217,38.48026252,27.06974392,35-09-M01447,35,CIGLI,ATASEHIR,13.761,13528.16,1,0,0,0,0,0,13528.16,0.0,0.0,0.0,0.0,0.0,0,AYDINLATMA
53721218,38.4879451,27.07627975,35-09-M01608,35,CIGLI,AYDINLIKEVLER,3.573,13425.94,1,0,0,0,0,0,13425.94,0.0,0.0,0.0,0.0,0.0,0,AYDINLATMA
53721238,38.49362383,27.08246482,35-09-K01958,35,CIGLI,AYDINLIKEVLER,7.583500000000001,52446.47,2,0,0,0,0,0,52446.47,0.0,0.0,0.0,0.0,0.0,0,AYDINLATMA
53721239,38.49545891,27.08314752,35-09-M01984,35,CIGLI,AHMET TANER KISLALI,7.492,29640.65,1,0,0,0,0,0,29640.65,0.0,0.0,0.0,0.0,0.0,0,AYDINLATMA
53721272,38.49949146,27.07520507,35-09-K03323,35,CIGLI,GUZELTEPE,4.6605,35899.637,2,0,0,0,0,0,35899.637,0.0,0.0,0.0,0.0,0.0,0,AYDINLATMA
53721273,38.50110236,27.07637586,35-09-K01874,35,CIGLI,GUZELTEPE,19.61,71758.96,1,0,0,0,0,0,71758.96,0.0,0.0,0.0,0.0,0.0,0,AYDINLATMA
53721309,38.49489496,27.08541094,35-09-K01954,35,CIGLI,AHMET TANER KISLALI,10.484,43199.0,2,0,0,0,0,0,43199.0,0.0,0.0,0.0,0.0,0.0,0,AYDINLATMA
53721310,38.4944698,27.07511363,35-09-M01981,35,CIGLI,MALTEPE,17.923,35911.95,1,0,0,0,0,0,35911.95,0.0,0.0,0.0,0.0,0.0,0,AYDINLATMA
53721311,38.50010511,27.08660798,35-09-K01953,35,CIGLI,EVKA - 2,18.667,51181.48,1,0,0,0,0,0,51181.48,0.0,0.0,0.0,0.0,0.0,0,AYDINLATMA
53721361,38.48667883,27.05406006,35-09-K03327,35,CIGLI,ATASEHIR,23.363,30730.83,1,0,0,0,0,0,30730.83,0.0,0.0,0.0,0.0,0.0,0,AYDINLATMA
53721362,38.48809743,27.05461002,35-09-K03983,35,CIGLI,ATASEHIR,1.88,6970.949,1,0,0,0,0,0,6970.949,0.0,0.0,0.0,0.0,0.0,0,AYDINLATMA
53721417,38.53888869,27.05426928,35-09-M00201,35,CIGLI,CUMHURIYET,2.129,6258.812,1,0,0,0,0,0,6258.812,0.0,0.0,0.0,0.0,0.0,0,AYDINLATMA
53721420,38.51429463,27.0505873,35-09-K02762,35,CIGLI,EVKA-5,15.498,41856.89,1,0,0,0,0,0,41856.89,0.0,0.0,0.0,0.0,0.0,0,AYDINLATMA
53721421,38.51743278,27.05109732,35-09-K03331,35,CIGLI,EVKA-5,3.31,10930.63,1,0,0,0,0,0,10930.63,0.0,0.0,0.0,0.0,0.0,0,AYDINLATMA
53721422,38.5124177,27.04799236,35-09-K04165,35,CIGLI,BALATCIK,8.825,32570.86,1,0,0,0,0,0,32570.86,0.0,0.0,0.0,0.0,0.0,0,AYDINLATMA
53721423,38.51445197,27.04447173,35-09-M00888,35,CIGLI,BALATCIK,9.053,13657.81,1,0,0,0,0,0,13657.81,0.0,0.0,0.0,0.0,0.0,0,AYDINLATMA
53721424,38.52006147,27.04248147,35-09-M00625,35,CIGLI,BALATCIK,11.342,27216.32,1,0,0,0,0,0,27216.32,0.0,0.0,0.0,0.0,0.0,0,AYDINLATMA
53721425,38.51842679,27.04175263,35-09-M01304,35,CIGLI,BALATCIK,2.825,10286.59,1,0,0,0,0,0,10286.59,0.0,0.0,0.0,0.0,0.0,0,AYDINLATMA
53721426,38.5183521,27.04333945,35-09-M01685,35,CIGLI,BALATCIK,3.421,11758.75,1,0,0,0,0,0,11758.75,0.0,0.0,0.0,0.0,0.0,0,AYDINLATMA
53721429,38.53781426,27.05322771,35-09-M00200,35,CIGLI,CUMHURIYET,2.373,6371.922,1,0,0,0,0,0,6371.922,0.0,0.0,0.0,0.0,0.0,0,AYDINLATMA
53721433,38.50258054,27.05542825,35-09-K03321,35,CIGLI,KUCUK CIGLI,4.18,16643.97,1,0,0,0,0,0,16643.97,0.0,0.0,0.0,0.0,0.0,0,AYDINLATMA
53721434,38.49988006,27.0603377,35-09-K04306,35,CIGLI,CAGDAS,4.611,15752.47,1,0,0,0,0,0,15752.47,0.0,0.0,0.0,0.0,0.0,0,AYDINLATMA
53721435,38.5185107,27.05847747,35-09-K02769,35,CIGLI,ATATURK,13.225,35293.64,1,0,0,0,0,0,35293.64,0.0,0.0,0.0,0.0,0.0,0,AYDINLATMA
53721436,38.50093543,27.04853806,35-09-K01859,35,CIGLI,KUCUK CIGLI,7.708,18767.73,1,0,0,0,0,0,18767.73,0.0,0.0,0.0,0.0,0.0,0,AYDINLATMA
53721449,38.49545,27.07797335,35-09-M01982,35,CIGLI,SIRINTEPE,1.527,4460.106,1,0,0,0,0,0,4460.106,0.0,0.0,0.0,0.0,0.0,0,AYDINLATMA
53721450,38.49217243,27.07504798,35-09-K03317,35,CIGLI,MALTEPE,9.427,22734.14,1,0,0,0,0,0,22734.14,0.0,0.0,0.0,0.0,0.0,0,AYDINLATMA
53721451,38.50399416,27.08793568,35-09-K02791,35,CIGLI,EVKA - 6,8.511,35477.76,1,0,0,0,0,0,35477.76,0.0,0.0,0.0,0.0,0.0,0,AYDINLATMA
53721452,38.50387014,27.08999654,35-09-K02792,35,CIGLI,EVKA - 6,7.587,20724.79,1,0,0,0,0,0,20724.79,0.0,0.0,0.0,0.0,0.0,0,AYDINLATMA
53721453,38.50186209,27.09090655,35-09-K02793,35,CIGLI,EVKA - 6,5.258,22140.3,1,0,0,0,0,0,22140.3,0.0,0.0,0.0,0.0,0.0,0,AYDINLATMA
53721455,38.52159368,27.05926028,35-09-K04336,35,CIGLI,ATATURK,1.635,4979.195,2,0,0,0,0,0,4979.195,0.0,0.0,0.0,0.0,0.0,0,AYDINLATMA
53721456,38.52213215,27.05691063,35-09-K04633,35,CIGLI,ATATURK,0.566,1915.494,1,0,0,0,0,0,1915.494,0.0,0.0,0.0,0.0,0.0,0,AYDINLATMA
53721499,38.52006012,27.0643558,35-09-K02768,35,CIGLI,ATATURK,12.883,37900.77,1,0,0,0,0,0,37900.77,0.0,0.0,0.0,0.0,0.0,0,AYDINLATMA
53721521,38.51184177,27.03892001,35-09-M00999,35,CIGLI,BALATCIK,10.958,40011.79,1,0,0,0,0,0,40011.79,0.0,0.0,0.0,0.0,0.0,0,AYDINLATMA
53721522,38.51133836,27.04171333,35-09-M01932,35,CIGLI,BALATCIK,7.282,28668.51,1,0,0,0,0,0,28668.51,0.0,0.0,0.0,0.0,0.0,0,AYDINLATMA
53721541,38.48756949,27.06288854,35-09-K04389,35,CIGLI,ATASEHIR,2.805,7926.627,1,0,0,0,0,0,7926.627,0.0,0.0,0.0,0.0,0.0,0,AYDINLATMA
53721555,38.51134532,27.04895006,35-09-K02771,35,CIGLI,ESENTEPE,19.7425,112813.34,2,0,0,0,0,0,112813.34,0.0,0.0,0.0,0.0,0.0,0,AYDINLATMA
53721603,38.508691,27.034724,35-09-M01872Ã–,35,CIGLI,BALATCIK,11200.0,7056258.0,0,0,0,0,1,0,0.0,0.0,0.0,0.0,7056258.0,0.0,1,BUYUK_TICARETHANE
53721619,38.50731777,27.04785382,35-09-K03315,35,CIGLI,BALATCIK,5.887999999999999,38817.273,3,0,0,0,0,0,38817.273,0.0,0.0,0.0,0.0,0.0,0,AYDINLATMA
53721667,38.50255794,26.96023149,35-09-M01302,35,CIGLI,SASALLI MERKEZ,3.594,13925.11,1,0,0,0,0,0,13925.11,0.0,0.0,0.0,0.0,0.0,0,AYDINLATMA
53721668,38.49343005,26.9539098,35-09-M00911,35,CIGLI,SASALLI MERKEZ,2.891,11659.75,1,0,0,0,0,0,11659.75,0.0,0.0,0.0,0.0,0.0,0,AYDINLATMA
53721669,38.49199728,26.94724792,35-09-M00347,35,CIGLI,SASALLI MERKEZ,19.285,75620.7,1,0,0,0,0,0,75620.7,0.0,0.0,0.0,0.0,0.0,0,AYDINLATMA
53721688,38.49338032,27.04959923,35-09-K01862,35,CIGLI,ATASEHIR,8.866,55409.04,2,0,0,0,0,0,55409.04,0.0,0.0,0.0,0.0,0.0,0,AYDINLATMA
53721705,38.48449062,27.06395963,35-09-K03492,35,CIGLI,ATASEHIR,5.294,17099.9,1,0,0,0,0,0,17099.9,0.0,0.0,0.0,0.0,0.0,0,AYDINLATMA
53721771,38.48688843,27.08173552,35-09-K01006,35,CIGLI,AYDINLIKEVLER,2.896,11086.33,1,0,0,0,0,0,11086.33,0.0,0.0,0.0,0.0,0.0,0,AYDINLATMA
53721789,38.49127454,27.05779955,35-09-K01880,35,CIGLI,ATASEHIR,6.447,25232.5,1,0,0,0,0,0,25232.5,0.0,0.0,0.0,0.0,0.0,0,AYDINLATMA
53721790,38.491648,27.06092731,35-09-K02730,35,CIGLI,ATASEHIR,6.212,27299.87,1,0,0,0,0,0,27299.87,0.0,0.0,0.0,0.0,0.0,0,AYDINLATMA
53721822,38.52004837,27.06169778,35-09-K02767,35,CIGLI,ATATURK,3.702,15024.41,1,0,0,0,0,0,15024.41,0.0,0.0,0.0,0.0,0.0,0,AYDINLATMA
53721823,38.5150093,27.0634518,35-09-K03988,35,CIGLI,ATATURK,2.642,11144.22,1,0,0,0,0,0,11144.22,0.0,0.0,0.0,0.0,0.0,0,AYDINLATMA
53721824,38.51749847,27.06454224,35-09-K04579,35,CIGLI,ATATURK,2.229,8933.288,1,0,0,0,0,0,8933.288,0.0,0.0,0.0,0.0,0.0,0,AYDINLATMA
53721825,38.51653864,27.06138485,35-09-K04390,35,CIGLI,ATATURK,1.772,7215.303,1,0,0,0,0,0,7215.303,0.0,0.0,0.0,0.0,0.0,0,AYDINLATMA
53721826,38.52245961,27.06268165,35-09-K04337,35,CIGLI,ATATURK,3.479,7803.32,1,0,0,0,0,0,7803.32,0.0,0.0,0.0,0.0,0.0,0,AYDINLATMA
53721827,38.52349264,27.0618113,35-09-K04596,35,CIGLI,ATATURK,1.499,4780.777,1,0,0,0,0,0,4780.777,0.0,0.0,0.0,0.0,0.0,0,AYDINLATMA
53721829,38.48982139,27.0834572,35-09-K01320,35,CIGLI,AYDINLIKEVLER,7.055,28737.32,1,0,0,0,0,0,28737.32,0.0,0.0,0.0,0.0,0.0,0,AYDINLATMA
53721830,38.49049388,27.0820131,35-09-K04124,35,CIGLI,AYDINLIKEVLER,5.252,17352.85,1,0,0,0,0,0,17352.85,0.0,0.0,0.0,0.0,0.0,0,AYDINLATMA
53721831,38.49796743,27.06913051,35-09-K01871,35,CIGLI,GUZELTEPE,16.79,60650.79,1,0,0,0,0,0,60650.79,0.0,0.0,0.0,0.0,0.0,0,AYDINLATMA
53721832,38.49589656,27.06385049,35-09-K01870,35,CIGLI,KOYICI,13.635,43957.76,1,0,0,0,0,0,43957.76,0.0,0.0,0.0,0.0,0.0,0,AYDINLATMA
53721848,38.4873254,27.05891325,35-09-K04169,35,CIGLI,ATASEHIR,2.649,5336.97,1,0,0,0,0,0,5336.97,0.0,0.0,0.0,0.0,0.0,0,AYDINLATMA
53721849,38.48183565,27.05336208,35-09-K02537,35,CIGLI,ATASEHIR,15.511,27196.87,1,0,0,0,0,0,27196.87,0.0,0.0,0.0,0.0,0.0,0,AYDINLATMA
53721861,38.487522,27.094441,35-04-K02853Ã–,35,KARSIYAKA,INONU,1000.0,1348702.0,0,0,0,0,1,0,0.0,0.0,0.0,0.0,1348702.0,0.0,1,BUYUK_TICARETHANE
53721864,38.503152,26.946149,35-09-M00389Ã–,35,CIGLI,SASALLI MERKEZ,630.0,924121.5,0,0,0,0,1,0,0.0,0.0,0.0,0.0,924121.5,0.0,1,BUYUK_TICARETHANE
53721868,38.49849783,27.07704229,35-09-K03216,35,CIGLI,GUZELTEPE,12.05,46657.66,1,0,0,0,0,0,46657.66,0.0,0.0,0.0,0.0,0.0,0,AYDINLATMA
53721870,38.50674855,27.06217812,35-09-M03053,35,CIGLI,EGEKENT,12.5,42288.41,1,0,0,0,0,0,42288.41,0.0,0.0,0.0,0.0,0.0,0,AYDINLATMA
53722151,38.48090795,27.08919584,35-04-M02592Ã–,35,KARSIYAKA,SEMIKLER,630.0,229669.6,0,0,0,0,1,0,0.0,0.0,0.0,0.0,229669.6,0.0,1,BUYUK_TICARETHANE
53729126,38.47400339,27.11658357,35-04-K02729,35,KARSIYAKA,ORNEKKOY,5.0,7705.299,0,0,0,0,1,0,0.0,0.0,0.0,0.0,7705.299,0.0,1,KUCUK_TICARETHANE
54669127,38.49544022,26.9902542,35-09-M02348,35,CIGLI,KAKLIC,5.0,24353.23,0,0,0,0,1,0,0.0,0.0,0.0,0.0,24353.23,0.0,1,ORTA_TICARETHANE
54684627,38.48828819,27.07146542,35-09-K01887,35,CIGLI,ATASEHIR,8.2,2711.831,0,0,0,0,1,0,0.0,0.0,0.0,0.0,2711.831,0.0,1,KUCUK_TICARETHANE
54696662,38.48018084,27.08814318,35-04-M01676,35,KARSIYAKA,SEMIKLER,8.35,2279.698,0,0,0,0,1,0,0.0,0.0,0.0,0.0,2279.698,0.0,1,KUCUK_TICARETHANE
54696709,38.47892309,27.08732621,35-04-K00215,35,KARSIYAKA,SEMIKLER,8.35,2403.15,0,0,0,0,1,0,0.0,0.0,0.0,0.0,2403.15,0.0,1,KUCUK_TICARETHANE
54696847,38.47701897,27.09455076,35-04-M02441,35,KARSIYAKA,SEMIKLER,8.35,2037.81,0,0,0,0,1,0,0.0,0.0,0.0,0.0,2037.81,0.0,1,KUCUK_TICARETHANE
54697372,38.4793373,27.09286668,35-04-K00215,35,KARSIYAKA,SEMIKLER,5.0,1323.629,0,0,0,0,3,0,0.0,0.0,0.0,0.0,1323.629,0.0,3,KUCUK_TICARETHANE
54697402,38.47925245,27.09272635,35-04-K00215,35,KARSIYAKA,SEMIKLER,5.0,3523.762,0,0,0,0,1,0,0.0,0.0,0.0,0.0,3523.762,0.0,1,KUCUK_TICARETHANE
54698024,38.47651887,27.11387138,35-04-M01305,35,KARSIYAKA,ORNEKKOY,5.0,8922.055,0,4,0,0,3,0,0.0,8109.897,0.0,0.0,812.158,0.0,7,KUCUK_TICARETHANE
54698068,38.47652826,27.11379802,35-04-M01305,35,KARSIYAKA,ORNEKKOY,5.0,68.186,0,0,0,0,1,0,0.0,0.0,0.0,0.0,68.186,0.0,1,KUCUK_TICARETHANE
54698194,38.46776195,27.11021137,35-04-M01041,35,KARSIYAKA,BAHCELIEVLER,8.35,525.248,0,0,0,0,1,0,0.0,0.0,0.0,0.0,525.248,0.0,1,KUCUK_TICARETHANE
54698466,38.46256401,27.10473273,35-04-K01692,35,KARSIYAKA,NERGIZ,8.35,10246.55,0,0,0,0,1,0,0.0,0.0,0.0,0.0,10246.55,0.0,1,ORTA_TICARETHANE
54699964,38.47161,27.08782397,35-04-M01178,35,KARSIYAKA,YALI,8.35,958.302,0,0,0,0,1,0,0.0,0.0,0.0,0.0,958.302,0.0,1,KUCUK_TICARETHANE
54700753,38.48431606,27.10340389,35-04-K04012,35,KARSIYAKA,ORNEKKOY,3.165,9249.853,1,0,0,0,0,0,9249.853,0.0,0.0,0.0,0.0,0.0,0,AYDINLATMA
54700787,38.48144788,27.09026359,35-04-K04013,35,KARSIYAKA,CUMHURIYET,5.6,27558.52,0,0,0,0,1,0,0.0,0.0,0.0,0.0,27558.52,0.0,1,ORTA_TICARETHANE
54700807,38.47896036,27.09354265,35-04-K00215,35,KARSIYAKA,SEMIKLER,8.35,1978.826,0,0,0,0,1,0,0.0,0.0,0.0,0.0,1978.826,0.0,1,KUCUK_TICARETHANE
54700827,38.47773211,27.1073539,35-04-M02423,35,KARSIYAKA,IMBATLI,8.35,2216.357,0,0,0,0,1,0,0.0,0.0,0.0,0.0,2216.357,0.0,1,KUCUK_TICARETHANE
54700844,38.47926283,27.09012445,35-04-K00215,35,KARSIYAKA,SEMIKLER,8.333,585.171,0,0,0,0,1,0,0.0,0.0,0.0,0.0,585.171,0.0,1,KUCUK_TICARETHANE
54700847,38.54103463,27.05343974,35-09-M01710,35,CIGLI,CUMHURIYET,8.35,562.98,0,0,0,0,1,0,0.0,0.0,0.0,0.0,562.98,0.0,1,KUCUK_TICARETHANE
54700851,38.47794581,27.08898624,35-04-K00215,35,KARSIYAKA,SEMIKLER,8.35,3365.978,0,0,0,0,1,0,0.0,0.0,0.0,0.0,3365.978,0.0,1,KUCUK_TICARETHANE
54700852,38.54033887,27.0570176,35-09-M00204,35,CIGLI,CUMHURIYET,5.0,18538.03,0,0,0,0,1,0,0.0,0.0,0.0,0.0,18538.03,0.0,1,ORTA_TICARETHANE
54700864,38.47743564,27.09779006,35-04-K02940,35,KARSIYAKA,SEMIKLER,8.35,1927.346,0,0,0,0,1,0,0.0,0.0,0.0,0.0,1927.346,0.0,1,KUCUK_TICARETHANE
54700867,38.53765545,27.05290974,35-09-M00200,35,CIGLI,CUMHURIYET,8.35,22961.43,0,0,0,0,1,0,0.0,0.0,0.0,0.0,22961.43,0.0,1,ORTA_TICARETHANE
54700897,38.5376117,27.0503217,35-09-M01452,35,CIGLI,CUMHURIYET,18.5,143532.3,0,0,0,0,1,0,0.0,0.0,0.0,0.0,143532.3,0.0,1,ORTA_TICARETHANE
54700954,38.46717026,27.11437161,35-04-M01033,35,KARSIYAKA,BAHCELIEVLER,8.35,579.106,0,0,0,0,1,0,0.0,0.0,0.0,0.0,579.106,0.0,1,KUCUK_TICARETHANE
54700967,38.5342353,27.05641767,35-09-M00205,35,CIGLI,HARMANDALI GAZI MUSTAFA KEMAL ATATURK,5.0,5615.864,0,0,0,0,1,0,0.0,0.0,0.0,0.0,5615.864,0.0,1,KUCUK_TICARETHANE
54701016,38.52413441,27.04802792,35-09-M01732,35,CIGLI,UGUR MUMCU,8.35,7424.553,0,0,0,0,1,0,0.0,0.0,0.0,0.0,7424.553,0.0,1,KUCUK_TICARETHANE
54701021,38.52565062,27.04733943,35-09-M01732,35,CIGLI,UGUR MUMCU,3.711,9541.72,1,0,0,0,0,0,9541.72,0.0,0.0,0.0,0.0,0.0,0,AYDINLATMA
54701034,38.52597349,27.04616286,35-09-M00845,35,CIGLI,UGUR MUMCU,8.35,2622.567,0,0,0,0,1,0,0.0,0.0,0.0,0.0,2622.567,0.0,1,KUCUK_TICARETHANE
54701068,38.52051033,27.05851704,35-09-K02766,35,CIGLI,ATATURK,8.35,2033.144,0,0,0,0,1,0,0.0,0.0,0.0,0.0,2033.144,0.0,1,KUCUK_TICARETHANE
54701074,38.51972204,27.05544496,35-09-M03064,35,CIGLI,EVKA-5,8.35,659.423,0,0,0,0,1,0,0.0,0.0,0.0,0.0,659.423,0.0,1,KUCUK_TICARETHANE
54701077,38.51833863,27.05523842,35-09-K02764,35,CIGLI,EVKA-5,8.35,4390.21,0,0,0,0,1,0,0.0,0.0,0.0,0.0,4390.21,0.0,1,KUCUK_TICARETHANE
54704794,38.51838613,27.0552139,35-09-K02764,35,CIGLI,EVKA-5,8.35,4463.079,0,0,0,0,1,0,0.0,0.0,0.0,0.0,4463.079,0.0,1,KUCUK_TICARETHANE
54704797,38.51838192,27.05523506,35-09-K02764,35,CIGLI,EVKA-5,8.35,4890.163,0,0,0,0,1,0,0.0,0.0,0.0,0.0,4890.163,0.0,1,KUCUK_TICARETHANE
54704800,38.51862492,27.0554626,35-09-K02764,35,CIGLI,EVKA-5,8.35,3991.693,0,0,0,0,1,0,0.0,0.0,0.0,0.0,3991.693,0.0,1,KUCUK_TICARETHANE
54704813,38.51853807,27.05544907,35-09-K02764,35,CIGLI,EVKA-5,8.35,3862.291,0,0,0,0,1,0,0.0,0.0,0.0,0.0,3862.291,0.0,1,KUCUK_TICARETHANE
54704823,38.51853541,27.0554635,35-09-K02764,35,CIGLI,EVKA-5,8.35,5956.491,0,0,0,0,1,0,0.0,0.0,0.0,0.0,5956.491,0.0,1,KUCUK_TICARETHANE
54704827,38.51852116,27.05546078,35-09-K02764,35,CIGLI,EVKA-5,8.35,3768.686,0,0,0,0,1,0,0.0,0.0,0.0,0.0,3768.686,0.0,1,KUCUK_TICARETHANE
54704925,38.54193474,27.06123654,35-09-M00204,35,CIGLI,CUMHURIYET,8.35,16779.32,0,0,0,0,1,0,0.0,0.0,0.0,0.0,16779.32,0.0,1,ORTA_TICARETHANE
54704937,38.52306719,27.06100063,35-09-K04596,35,CIGLI,ATATURK,79.4,0.0,0,0,0,0,1,0,0.0,0.0,0.0,0.0,0.0,0.0,1,ORTA_TICARETHANE
54704955,38.51788115,27.0582181,35-09-K02769,35,CIGLI,ATATURK,8.35,696.952,0,0,0,0,1,0,0.0,0.0,0.0,0.0,696.952,0.0,1,KUCUK_TICARETHANE
54704974,38.49605743,27.08865452,35-09-M01985,35,CIGLI,AHMET TANER KISLALI,8.35,4892.626,0,0,0,0,1,0,0.0,0.0,0.0,0.0,4892.626,0.0,1,KUCUK_TICARETHANE
54705096,38.49205545,27.08577766,35-09-K01321,35,CIGLI,AYDINLIKEVLER,0.547,1557.46,1,0,0,0,0,0,1557.46,0.0,0.0,0.0,0.0,0.0,0,AYDINLATMA
54705580,38.46414173,27.11205233,,35,KARSIYAKA,BAHRIYE UCOK,8.35,526.572,0,0,0,0,1,0,0.0,0.0,0.0,0.0,526.572,0.0,1,KUCUK_TICARETHANE
54705589,38.46403253,27.11313105,35-04-M02956,35,KARSIYAKA,BAHCELIEVLER,8.35,516.58,0,0,0,0,1,0,0.0,0.0,0.0,0.0,516.58,0.0,1,KUCUK_TICARETHANE
54705600,38.45866009,27.11282387,35-04-K00489,35,KARSIYAKA,BAHRIYE UCOK,8.35,1257.19,0,0,0,0,1,0,0.0,0.0,0.0,0.0,1257.19,0.0,1,KUCUK_TICARETHANE
54705618,38.46000157,27.11287344,35-04-K00254,35,KARSIYAKA,BAHRIYE UCOK,8.35,1345.12,0,0,0,0,1,0,0.0,0.0,0.0,0.0,1345.12,0.0,1,KUCUK_TICARETHANE
54705622,38.45942767,27.11192722,35-04-K01781,35,KARSIYAKA,BAHRIYE UCOK,8.35,491.737,0,0,0,0,1,0,0.0,0.0,0.0,0.0,491.737,0.0,1,KUCUK_TICARETHANE
54705629,38.46034836,27.10997462,35-04-K00807,35,KARSIYAKA,BAHRIYE UCOK,8.35,1200.246,0,0,0,0,1,0,0.0,0.0,0.0,0.0,1200.246,0.0,1,KUCUK_TICARETHANE
54705635,38.46265945,27.10964843,35-04-K01051,35,KARSIYAKA,BAHRIYE UCOK,8.35,733.687,0,0,0,0,1,0,0.0,0.0,0.0,0.0,733.687,0.0,1,KUCUK_TICARETHANE
54705653,38.45805303,27.11044074,35-04-K01589,35,KARSIYAKA,BAHRIYE UCOK,8.35,765.349,0,0,0,0,1,0,0.0,0.0,0.0,0.0,765.349,0.0,1,KUCUK_TICARETHANE
54705672,38.45549358,27.11776376,35-04-K03224,35,KARSIYAKA,DONANMACI,5.544,6663.901,0,3,0,0,2,0,0.0,3792.224,0.0,0.0,2871.6769999999997,0.0,5,KUCUK_TICARETHANE
54706040,38.47199913,27.08845806,35-04-K02760,35,KARSIYAKA,YALI,8.333,0.0,0,0,0,0,1,0,0.0,0.0,0.0,0.0,0.0,0.0,1,KUCUK_TICARETHANE
54706084,38.46215175,27.12442772,35-04-K03102,35,KARSIYAKA,TERSANE,8.35,1042.168,0,0,0,0,1,0,0.0,0.0,0.0,0.0,1042.168,0.0,1,KUCUK_TICARETHANE
54706112,38.46333559,27.11404111,35-04-M02956,35,KARSIYAKA,BAHRIYE UCOK,8.35,497.245,0,0,0,0,1,0,0.0,0.0,0.0,0.0,497.245,0.0,1,KUCUK_TICARETHANE
54706120,38.46127325,27.11264162,35-04-K00254,35,KARSIYAKA,BAHRIYE UCOK,8.35,872.798,0,0,0,0,1,0,0.0,0.0,0.0,0.0,872.798,0.0,1,KUCUK_TICARETHANE
54706130,38.46250437,27.12705337,35-04-K00037,35,KARSIYAKA,TERSANE,8.35,582.187,0,0,0,0,1,0,0.0,0.0,0.0,0.0,582.187,0.0,1,KUCUK_TICARETHANE
54706137,38.46234564,27.1271883,35-04-K00037,35,KARSIYAKA,TERSANE,8.35,725.715,0,0,0,0,1,0,0.0,0.0,0.0,0.0,725.715,0.0,1,KUCUK_TICARETHANE
54706162,38.46291164,27.12726008,35-04-K00846,35,KARSIYAKA,TERSANE,8.35,472.737,0,0,0,0,1,0,0.0,0.0,0.0,0.0,472.737,0.0,1,KUCUK_TICARETHANE
54706170,38.46261364,27.12710781,35-04-K00037,35,KARSIYAKA,TERSANE,8.35,1076.323,0,0,0,0,1,0,0.0,0.0,0.0,0.0,1076.323,0.0,1,KUCUK_TICARETHANE
54706250,38.47500785,27.09966359,,35,KARSIYAKA,SEMIKLER,8.35,1845.374,0,0,0,0,1,0,0.0,0.0,0.0,0.0,1845.374,0.0,1,KUCUK_TICARETHANE
54706707,38.4663808,27.10932863,35-04-M01468,35,KARSIYAKA,GONCALAR,8.35,1138.023,0,0,0,0,1,0,0.0,0.0,0.0,0.0,1138.023,0.0,1,KUCUK_TICARETHANE
54706725,38.46565869,27.10241647,35-04-K03038,35,KARSIYAKA,DEDEBASI,8.35,951.224,0,0,0,0,1,0,0.0,0.0,0.0,0.0,951.224,0.0,1,KUCUK_TICARETHANE
54706755,38.47172033,27.09583157,35-04-K04133,35,KARSIYAKA,SEMIKLER,8.35,868.32,0,0,0,0,1,0,0.0,0.0,0.0,0.0,868.32,0.0,1,KUCUK_TICARETHANE
54706925,38.50253183,27.07784602,35-09-K01874,35,CIGLI,YAKAKENT,8.35,3079.422,0,0,0,0,1,0,0.0,0.0,0.0,0.0,3079.422,0.0,1,KUCUK_TICARETHANE
54706965,38.50248599,27.07493645,35-09-K01874,35,CIGLI,YAKAKENT,8.35,3771.381,0,0,0,0,1,0,0.0,0.0,0.0,0.0,3771.381,0.0,1,KUCUK_TICARETHANE
54706982,38.49731466,27.08047329,35-09-M01974,35,CIGLI,EVKA - 2,13.24,9289.892,0,0,0,0,1,0,0.0,0.0,0.0,0.0,9289.892,0.0,1,KUCUK_TICARETHANE
54707002,38.49772854,27.07293235,35-09-K03319,35,CIGLI,GUZELTEPE,8.35,2765.842,0,0,0,0,1,0,0.0,0.0,0.0,0.0,2765.842,0.0,1,KUCUK_TICARETHANE
54707016,38.49291449,27.0726728,35-09-M01951,35,CIGLI,MALTEPE,8.35,9525.749,0,0,0,0,1,0,0.0,0.0,0.0,0.0,9525.749,0.0,1,KUCUK_TICARETHANE
54707027,38.49746755,27.07192255,35-09-K01873,35,CIGLI,SIRINTEPE,8.35,1024.367,0,0,0,0,1,0,0.0,0.0,0.0,0.0,1024.367,0.0,1,KUCUK_TICARETHANE
54707030,38.49777252,27.07027839,35-09-K01480,35,CIGLI,GUZELTEPE,8.35,2701.624,0,0,0,0,1,0,0.0,0.0,0.0,0.0,2701.624,0.0,1,KUCUK_TICARETHANE
54707046,38.49130888,27.06978591,35-09-M02552,35,CIGLI,MALTEPE,8.35,2601.368,0,0,0,0,1,0,0.0,0.0,0.0,0.0,2601.368,0.0,1,KUCUK_TICARETHANE
54707055,38.51078743,27.06682734,35-09-M03040,35,CIGLI,IZKENT,8.35,924.192,0,0,0,0,1,0,0.0,0.0,0.0,0.0,924.192,0.0,1,KUCUK_TICARETHANE
54707060,38.51633665,27.06663635,35-09-M03032,35,CIGLI,IZKENT,8.35,973.382,0,0,0,0,1,0,0.0,0.0,0.0,0.0,973.382,0.0,1,KUCUK_TICARETHANE
54707064,38.47357617,27.10752093,35-04-M02100,35,KARSIYAKA,IMBATLI,8.35,900.433,0,0,0,0,1,0,0.0,0.0,0.0,0.0,900.433,0.0,1,KUCUK_TICARETHANE
54707069,38.49885723,27.06595988,35-09-K04307,35,CIGLI,KOYICI,78.55,45345.0,0,0,0,0,1,0,0.0,0.0,0.0,0.0,45345.0,0.0,1,ORTA_TICARETHANE
54707080,38.49766386,27.06799762,35-09-K01871,35,CIGLI,KOYICI,8.35,2591.615,0,0,0,0,1,0,0.0,0.0,0.0,0.0,2591.615,0.0,1,KUCUK_TICARETHANE
54707107,38.49677713,27.06963625,35-09-K01873,35,CIGLI,SIRINTEPE,0.086,272.067,1,0,0,0,0,0,272.067,0.0,0.0,0.0,0.0,0.0,0,AYDINLATMA
54707113,38.46998897,27.10988592,35-04-K01735,35,KARSIYAKA,DEDEBASI,8.35,675.612,0,0,0,0,1,0,0.0,0.0,0.0,0.0,675.612,0.0,1,KUCUK_TICARETHANE
54707118,38.4960605,27.06837235,35-09-K01873,35,CIGLI,SIRINTEPE,0.086,420.419,1,0,0,0,0,0,420.419,0.0,0.0,0.0,0.0,0.0,0,AYDINLATMA
54707139,38.49545796,27.06784509,35-09-K01873,35,CIGLI,SIRINTEPE,0.129,389.189,1,0,0,0,0,0,389.189,0.0,0.0,0.0,0.0,0.0,0,AYDINLATMA
54707147,38.49185503,27.06528671,35-09-K04221,35,CIGLI,ATASEHIR,51.3,52772.91,0,0,0,0,1,0,0.0,0.0,0.0,0.0,52772.91,0.0,1,ORTA_TICARETHANE
54707153,38.49150708,27.06578564,35-09-K04221,35,CIGLI,ATASEHIR,8.35,2129.331,0,0,0,0,1,0,0.0,0.0,0.0,0.0,2129.331,0.0,1,KUCUK_TICARETHANE
54707161,38.49379503,27.06834582,35-09-K04122,35,CIGLI,SIRINTEPE,8.35,3019.743,0,0,0,0,1,0,0.0,0.0,0.0,0.0,3019.743,0.0,1,KUCUK_TICARETHANE
54707164,38.49331201,27.06796761,35-09-K04122,35,CIGLI,SIRINTEPE,8.35,1418.589,0,0,0,0,1,0,0.0,0.0,0.0,0.0,1418.589,0.0,1,KUCUK_TICARETHANE
54707176,38.49316668,27.06739706,35-09-K01875,35,CIGLI,SIRINTEPE,8.35,2698.146,0,0,0,0,1,0,0.0,0.0,0.0,0.0,2698.146,0.0,1,KUCUK_TICARETHANE
54707186,38.50376945,27.06165022,35-09-K01938,35,CIGLI,EGEKENT,8.35,3650.442,0,0,0,0,1,0,0.0,0.0,0.0,0.0,3650.442,0.0,1,KUCUK_TICARETHANE
54707189,38.45924815,27.09918295,35-04-M01038,35,KARSIYAKA,BOSTANLI,8.35,894.625,0,0,0,0,1,0,0.0,0.0,0.0,0.0,894.625,0.0,1,KUCUK_TICARETHANE
54707192,38.50393815,27.06159681,35-09-K01938,35,CIGLI,EGEKENT,8.35,4038.676,0,0,0,0,1,0,0.0,0.0,0.0,0.0,4038.676,0.0,1,KUCUK_TICARETHANE
54707199,38.50381238,27.0616533,35-09-K01938,35,CIGLI,EGEKENT,8.35,4940.128,0,0,0,0,1,0,0.0,0.0,0.0,0.0,4940.128,0.0,1,KUCUK_TICARETHANE
54707202,38.50388547,27.06161609,35-09-K01938,35,CIGLI,EGEKENT,8.35,4277.268,0,0,0,0,1,0,0.0,0.0,0.0,0.0,4277.268,0.0,1,KUCUK_TICARETHANE
54707206,38.47109417,27.09773446,35-04-K03778,35,KARSIYAKA,SEMIKLER,8.5,2290.758,0,0,0,0,1,0,0.0,0.0,0.0,0.0,2290.758,0.0,1,KUCUK_TICARETHANE
54707211,38.50392729,27.06167357,35-09-K01938,35,CIGLI,EGEKENT,5.84,3081.764,0,0,0,0,1,0,0.0,0.0,0.0,0.0,3081.764,0.0,1,KUCUK_TICARETHANE
54707218,38.50389581,27.06168505,35-09-K01938,35,CIGLI,EGEKENT,5.04,4904.753,0,0,0,0,1,0,0.0,0.0,0.0,0.0,4904.753,0.0,1,KUCUK_TICARETHANE
54707228,38.50389123,27.06181168,35-09-K01938,35,CIGLI,EGEKENT,5.0,7504.845,0,0,0,0,1,0,0.0,0.0,0.0,0.0,7504.845,0.0,1,KUCUK_TICARETHANE
54707235,38.50262594,27.06187308,35-09-M01979,35,CIGLI,EGEKENT,8.35,2463.67,0,0,0,0,1,0,0.0,0.0,0.0,0.0,2463.67,0.0,1,KUCUK_TICARETHANE
54707242,38.46908098,27.09550336,35-04-K00197,35,KARSIYAKA,SEMIKLER,8.35,972.094,0,0,0,0,1,0,0.0,0.0,0.0,0.0,972.094,0.0,1,KUCUK_TICARETHANE
54707261,38.46938699,27.09531449,35-04-K00197,35,KARSIYAKA,SEMIKLER,8.35,0.0,0,0,0,0,1,0,0.0,0.0,0.0,0.0,0.0,0.0,1,KUCUK_TICARETHANE
54707273,38.51161785,27.0640603,35-09-M03035,35,CIGLI,IZKENT,8.35,2165.119,0,0,0,0,1,0,0.0,0.0,0.0,0.0,2165.119,0.0,1,KUCUK_TICARETHANE
54707409,38.49900617,27.06139871,35-09-K04306,35,CIGLI,KUCUK CIGLI,8.35,1299.379,0,0,0,0,1,0,0.0,0.0,0.0,0.0,1299.379,0.0,1,KUCUK_TICARETHANE
54707421,38.49841346,27.06052573,35-09-K01865,35,CIGLI,KUCUK CIGLI,8.35,1377.637,0,0,0,0,1,0,0.0,0.0,0.0,0.0,1377.637,0.0,1,KUCUK_TICARETHANE
54707431,38.46578786,27.09388394,35-04-K03848,35,KARSIYAKA,YALI,8.35,13254.5,0,0,0,0,1,0,0.0,0.0,0.0,0.0,13254.5,0.0,1,ORTA_TICARETHANE
54707476,38.49848861,27.06494383,35-09-K04307,35,CIGLI,KOYICI,8.35,3123.327,0,0,0,0,1,0,0.0,0.0,0.0,0.0,3123.327,0.0,1,KUCUK_TICARETHANE
54707484,38.47595809,27.09786243,35-04-K02940,35,KARSIYAKA,SEMIKLER,5.0,18043.14,1,0,0,0,0,0,18043.14,0.0,0.0,0.0,0.0,0.0,0,AYDINLATMA
54707489,38.49283769,27.0636854,35-09-M03520,35,CIGLI,ATASEHIR,5.0,31035.31,0,0,0,0,1,0,0.0,0.0,0.0,0.0,31035.31,0.0,1,ORTA_TICARETHANE
54707490,38.47622216,27.10915763,35-04-M02326,35,KARSIYAKA,IMBATLI,8.35,1619.377,0,0,0,0,1,0,0.0,0.0,0.0,0.0,1619.377,0.0,1,KUCUK_TICARETHANE
54707502,38.4741742,27.10947176,35-04-M02716,35,KARSIYAKA,IMBATLI,8.35,1597.216,0,0,0,0,1,0,0.0,0.0,0.0,0.0,1597.216,0.0,1,KUCUK_TICARETHANE
54707514,38.47250113,27.11096631,35-04-K03012,35,KARSIYAKA,IMBATLI,8.35,1713.337,0,0,0,0,1,0,0.0,0.0,0.0,0.0,1713.337,0.0,1,KUCUK_TICARETHANE
54707521,38.49490857,27.06129338,35-09-K01876,35,CIGLI,KOYICI,8.35,6735.602,0,0,0,0,1,0,0.0,0.0,0.0,0.0,6735.602,0.0,1,KUCUK_TICARETHANE
54707526,38.46592505,27.10827575,35-04-K03850,35,KARSIYAKA,GONCALAR,8.35,824.828,0,0,0,0,1,0,0.0,0.0,0.0,0.0,824.828,0.0,1,KUCUK_TICARETHANE
54707531,38.49313894,27.05945094,35-09-K01878,35,CIGLI,YENI MAHALLE,8.35,2612.086,0,0,0,0,1,0,0.0,0.0,0.0,0.0,2612.086,0.0,1,KUCUK_TICARETHANE
54707538,38.46387095,27.10850913,35-04-K01051,35,KARSIYAKA,BAHRIYE UCOK,8.35,664.11,0,0,0,0,1,0,0.0,0.0,0.0,0.0,664.11,0.0,1,KUCUK_TICARETHANE
54707541,38.45936577,27.10769594,35-04-K00807,35,KARSIYAKA,BAHRIYE UCOK,8.35,950.8,0,0,0,0,1,0,0.0,0.0,0.0,0.0,950.8,0.0,1,KUCUK_TICARETHANE
54707543,38.49811089,27.06009353,35-09-K01865,35,CIGLI,KUCUK CIGLI,8.35,2675.653,0,0,0,0,1,0,0.0,0.0,0.0,0.0,2675.653,0.0,1,KUCUK_TICARETHANE
54707560,38.45838015,27.10944623,35-04-K01589,35,KARSIYAKA,BAHRIYE UCOK,8.35,690.753,0,0,0,0,1,0,0.0,0.0,0.0,0.0,690.753,0.0,1,KUCUK_TICARETHANE
54707576,38.49725936,27.05904144,35-09-K01864,35,CIGLI,KUCUK CIGLI,8.35,3919.137,0,0,0,0,1,0,0.0,0.0,0.0,0.0,3919.137,0.0,1,KUCUK_TICARETHANE
54707583,38.46946431,27.1065197,35-04-K03058,35,KARSIYAKA,DEDEBASI,130.21,171393.8,0,0,0,0,1,0,0.0,0.0,0.0,0.0,171393.8,0.0,1,ORTA_TICARETHANE
54707612,38.49077573,27.05840896,35-09-K01880,35,CIGLI,ATASEHIR,8.35,2320.383,0,0,0,0,1,0,0.0,0.0,0.0,0.0,2320.383,0.0,1,KUCUK_TICARETHANE
54707621,38.49047403,27.0588574,35-09-M01899,35,CIGLI,ATASEHIR,8.35,2905.431,0,0,0,0,1,0,0.0,0.0,0.0,0.0,2905.431,0.0,1,KUCUK_TICARETHANE
54707631,38.49139944,27.06300881,35-09-K01882,35,CIGLI,ATASEHIR,8.35,0.0,0,0,0,0,1,0,0.0,0.0,0.0,0.0,0.0,0.0,1,KUCUK_TICARETHANE
54707684,38.47081661,27.0966744,35-04-K04628,35,KARSIYAKA,SEMIKLER,8.35,809.176,0,0,0,0,1,0,0.0,0.0,0.0,0.0,809.176,0.0,1,KUCUK_TICARETHANE
54707699,38.49134691,27.06242446,35-09-K01882,35,CIGLI,ATASEHIR,22.1,117099.2,0,0,0,0,1,0,0.0,0.0,0.0,0.0,117099.2,0.0,1,ORTA_TICARETHANE
54707730,38.49052233,27.07558796,35-09-K03705,35,CIGLI,MALTEPE,8.35,3478.672,0,0,0,0,1,0,0.0,0.0,0.0,0.0,3478.672,0.0,1,KUCUK_TICARETHANE
54707795,38.49098825,27.07332284,35-09-K04681,35,CIGLI,MALTEPE,8.35,4152.738,0,0,0,0,1,0,0.0,0.0,0.0,0.0,4152.738,0.0,1,KUCUK_TICARETHANE
54707805,38.48902751,27.0750668,35-09-M01950,35,CIGLI,MALTEPE,8.35,3211.736,0,0,0,0,1,0,0.0,0.0,0.0,0.0,3211.736,0.0,1,KUCUK_TICARETHANE
54707816,38.48814677,27.07258523,35-09-K01887,35,CIGLI,ATASEHIR,8.35,2268.149,0,0,0,0,1,0,0.0,0.0,0.0,0.0,2268.149,0.0,1,KUCUK_TICARETHANE
54707835,38.48737494,27.05361528,35-09-K03327,35,CIGLI,ATASEHIR,8.334,1097.942,0,0,0,0,1,0,0.0,0.0,0.0,0.0,1097.942,0.0,1,KUCUK_TICARETHANE
54707847,38.46328359,27.08851082,35-04-K00707,35,KARSIYAKA,ATAKENT,1.009,3099.493,1,0,0,0,0,0,3099.493,0.0,0.0,0.0,0.0,0.0,0,AYDINLATMA
54707853,38.48750994,27.0582644,35-09-K04169,35,CIGLI,ATASEHIR,8.334,1055.391,0,0,0,0,1,0,0.0,0.0,0.0,0.0,1055.391,0.0,1,KUCUK_TICARETHANE
54707872,38.48453933,27.06449913,35-09-K03492,35,CIGLI,ATASEHIR,8.35,5002.433,0,0,0,0,1,0,0.0,0.0,0.0,0.0,5002.433,0.0,1,KUCUK_TICARETHANE
54707877,38.46534519,27.10287392,35-04-K01411,35,KARSIYAKA,DEDEBASI,8.35,1636.227,0,0,0,0,1,0,0.0,0.0,0.0,0.0,1636.227,0.0,1,KUCUK_TICARETHANE
54707899,38.4757115,27.09939077,35-04-M02425,35,KARSIYAKA,SEMIKLER,8.35,753.682,0,0,0,0,1,0,0.0,0.0,0.0,0.0,753.682,0.0,1,KUCUK_TICARETHANE
54707904,38.48623269,27.07001209,35-09-K02778,35,CIGLI,ATASEHIR,8.35,4447.06,0,0,0,0,1,0,0.0,0.0,0.0,0.0,4447.06,0.0,1,KUCUK_TICARETHANE
54707913,38.50482627,27.05917006,35-09-K04046,35,CIGLI,CAGDAS,8.35,3742.956,0,0,0,0,1,0,0.0,0.0,0.0,0.0,3742.956,0.0,1,KUCUK_TICARETHANE
54707920,38.51651638,27.05646362,35-09-M01996,35,CIGLI,EVKA-5,8.35,751.901,0,0,0,0,1,0,0.0,0.0,0.0,0.0,751.901,0.0,1,KUCUK_TICARETHANE
54707987,38.49904159,27.0561848,35-09-K03706,35,CIGLI,KUCUK CIGLI,8.35,4391.18,0,0,0,0,1,0,0.0,0.0,0.0,0.0,4391.18,0.0,1,KUCUK_TICARETHANE
54707990,38.4947266,27.05730424,35-09-K01879,35,CIGLI,YENI MAHALLE,8.35,2947.737,0,0,0,0,1,0,0.0,0.0,0.0,0.0,2947.737,0.0,1,KUCUK_TICARETHANE
54708002,38.47124125,27.11083799,35-04-K03012,35,KARSIYAKA,IMBATLI,8.35,1933.905,0,0,0,0,1,0,0.0,0.0,0.0,0.0,1933.905,0.0,1,KUCUK_TICARETHANE
54708015,38.46735246,27.12464558,35-04-K02875,35,KARSIYAKA,BAHCELIEVLER,8.35,1295.913,1,0,0,0,0,0,1295.913,0.0,0.0,0.0,0.0,0.0,0,AYDINLATMA
54708023,38.46697554,27.1103688,35-04-M02957,35,KARSIYAKA,BAHCELIEVLER,8.35,582.561,0,0,0,0,1,0,0.0,0.0,0.0,0.0,582.561,0.0,1,KUCUK_TICARETHANE
54708042,38.46566359,27.11493393,35-04-M02958,35,KARSIYAKA,BAHCELIEVLER,8.35,630.817,0,0,0,0,1,0,0.0,0.0,0.0,0.0,630.817,0.0,1,KUCUK_TICARETHANE
54708060,38.46376455,27.12899017,35-04-K00037,35,KARSIYAKA,TERSANE,8.333,776.955,0,0,0,0,1,0,0.0,0.0,0.0,0.0,776.955,0.0,1,KUCUK_TICARETHANE
54708061,38.50215152,27.05353499,35-09-K01866,35,CIGLI,KUCUK CIGLI,5.0,9764.805,0,0,0,0,1,0,0.0,0.0,0.0,0.0,9764.805,0.0,1,KUCUK_TICARETHANE
54708073,38.4639172,27.12814059,35-04-K00846,35,KARSIYAKA,TERSANE,8.35,1108.016,0,0,0,0,1,0,0.0,0.0,0.0,0.0,1108.016,0.0,1,KUCUK_TICARETHANE
54708086,38.46437335,27.11132561,,35,KARSIYAKA,BAHCELIEVLER,8.35,2135.823,0,0,0,0,1,0,0.0,0.0,0.0,0.0,2135.823,0.0,1,KUCUK_TICARETHANE
54708096,38.46940408,27.10934526,35-04-K03036,35,KARSIYAKA,DEDEBASI,8.35,570.926,0,0,0,0,1,0,0.0,0.0,0.0,0.0,570.926,0.0,1,KUCUK_TICARETHANE
54708104,38.50116016,27.05619979,35-09-K03321,35,CIGLI,KUCUK CIGLI,8.35,3334.658,0,0,0,0,1,0,0.0,0.0,0.0,0.0,3334.658,0.0,1,KUCUK_TICARETHANE
54708106,38.46781683,27.10804034,35-04-K01624,35,KARSIYAKA,DEDEBASI,8.35,5341.85,0,0,0,0,1,0,0.0,0.0,0.0,0.0,5341.85,0.0,1,KUCUK_TICARETHANE
54708140,38.49561272,27.05424224,35-09-K01879,35,CIGLI,YENI MAHALLE,8.35,2506.519,0,0,0,0,1,0,0.0,0.0,0.0,0.0,2506.519,0.0,1,KUCUK_TICARETHANE
54708143,38.49689901,27.05446626,35-09-K01863,35,CIGLI,YENI MAHALLE,8.35,3039.255,0,0,0,0,1,0,0.0,0.0,0.0,0.0,3039.255,0.0,1,KUCUK_TICARETHANE
54708153,38.49590606,27.05370637,35-09-K01879,35,CIGLI,YENI MAHALLE,8.35,3281.864,0,0,0,0,1,0,0.0,0.0,0.0,0.0,3281.864,0.0,1,KUCUK_TICARETHANE
54708169,38.50025897,27.05521015,35-09-K01866,35,CIGLI,KUCUK CIGLI,8.35,3156.507,0,0,0,0,1,0,0.0,0.0,0.0,0.0,3156.507,0.0,1,KUCUK_TICARETHANE
54708215,38.49857789,27.05387692,35-09-K04314,35,CIGLI,KUCUK CIGLI,8.35,1315.082,0,0,0,0,1,0,0.0,0.0,0.0,0.0,1315.082,0.0,1,KUCUK_TICARETHANE
54708298,38.49328895,27.05503509,35-09-K01878,35,CIGLI,YENI MAHALLE,8.35,3251.622,0,0,0,0,1,0,0.0,0.0,0.0,0.0,3251.622,0.0,1,KUCUK_TICARETHANE
54708306,38.51538053,27.0505724,35-09-M03063,35,CIGLI,EVKA-5,8.35,1224.025,0,0,0,0,1,0,0.0,0.0,0.0,0.0,1224.025,0.0,1,KUCUK_TICARETHANE
54708321,38.49399221,27.10466123,35-04-K02375,35,KARSIYAKA,ZUBEYDE HANIM,8.35,1529.211,1,0,0,0,0,0,1529.211,0.0,0.0,0.0,0.0,0.0,0,AYDINLATMA
54708395,38.49953039,27.05206721,35-09-M03090,35,CIGLI,YENI MAHALLE,8.35,1528.696,0,0,0,0,1,0,0.0,0.0,0.0,0.0,1528.696,0.0,1,KUCUK_TICARETHANE
54708590,38.50358194,27.05180547,35-09-K01867,35,CIGLI,KUCUK CIGLI,8.35,3333.945,0,0,0,0,1,0,0.0,0.0,0.0,0.0,3333.945,0.0,1,KUCUK_TICARETHANE
54708617,38.51026604,27.05104959,35-09-K02771,35,CIGLI,ESENTEPE,8.35,828.737,0,0,0,0,1,0,0.0,0.0,0.0,0.0,828.737,0.0,1,KUCUK_TICARETHANE
54708630,38.50923093,27.04850353,35-09-M01992,35,CIGLI,ESENTEPE,1.066,3889.123,1,0,0,0,0,0,3889.123,0.0,0.0,0.0,0.0,0.0,0,AYDINLATMA
54708656,38.50673393,27.04977209,35-09-M01992,35,CIGLI,ESENTEPE,0.206,268.043,1,0,0,0,0,0,268.043,0.0,0.0,0.0,0.0,0.0,0,AYDINLATMA
54708661,38.50612308,27.04915544,35-09-K01869,35,CIGLI,KUCUK CIGLI,8.35,3485.429,0,0,0,0,1,0,0.0,0.0,0.0,0.0,3485.429,0.0,1,KUCUK_TICARETHANE
54708670,38.50628804,27.05100082,35-09-M01992,35,CIGLI,KUCUK CIGLI,8.35,1408.043,0,0,0,0,1,0,0.0,0.0,0.0,0.0,1408.043,0.0,1,KUCUK_TICARETHANE
54708675,38.50664944,27.0519324,35-09-M01992,35,CIGLI,ESENTEPE,2.733,9992.772,1,0,0,0,0,0,9992.772,0.0,0.0,0.0,0.0,0.0,0,AYDINLATMA
54708689,38.50456607,27.05133036,35-09-K01867,35,CIGLI,KUCUK CIGLI,8.35,0.007,0,0,0,0,1,0,0.0,0.0,0.0,0.0,0.007,0.0,1,KUCUK_TICARETHANE
54708711,38.50029594,27.04474416,35-09-M02548,35,CIGLI,KUCUK CIGLI,42.599000000000004,85097.22,0,0,0,0,4,0,0.0,0.0,0.0,0.0,85097.22,0.0,4,ORTA_TICARETHANE
54708740,38.50725263,27.04558077,35-09-M02390,35,CIGLI,BALATCIK,8.35,3165.653,0,0,0,0,1,0,0.0,0.0,0.0,0.0,3165.653,0.0,1,KUCUK_TICARETHANE
54708744,38.5079833,27.045195,35-09-M02390,35,CIGLI,BALATCIK,138.12,130180.2,0,0,0,0,1,0,0.0,0.0,0.0,0.0,130180.2,0.0,1,ORTA_TICARETHANE
54708749,38.50766509,27.04608264,35-09-M02390,35,CIGLI,BALATCIK,8.35,11398.06,0,0,0,0,1,0,0.0,0.0,0.0,0.0,11398.06,0.0,1,ORTA_TICARETHANE
54708759,38.51538466,27.04549978,35-09-M00403,35,CIGLI,BALATCIK,8.35,2120.74,0,0,0,0,1,0,0.0,0.0,0.0,0.0,2120.74,0.0,1,KUCUK_TICARETHANE
54708762,38.50796371,27.04028407,35-09-M00396,35,CIGLI,BALATCIK,8.5,2242.86,0,0,0,0,1,0,0.0,0.0,0.0,0.0,2242.86,0.0,1,KUCUK_TICARETHANE
54708775,38.49219819,26.94981786,35-09-M00258,35,CIGLI,SASALLI MERKEZ,8.35,2989.25,0,0,0,0,1,0,0.0,0.0,0.0,0.0,2989.25,0.0,1,KUCUK_TICARETHANE
54708789,38.49407194,26.95180675,35-09-M00257,35,CIGLI,SASALLI MERKEZ,8.35,546.692,0,0,0,0,1,0,0.0,0.0,0.0,0.0,546.692,0.0,1,KUCUK_TICARETHANE
54708798,38.4927859,26.95315948,35-09-M00258,35,CIGLI,SASALLI MERKEZ,8.35,2630.805,0,0,0,0,1,0,0.0,0.0,0.0,0.0,2630.805,0.0,1,KUCUK_TICARETHANE
54708804,38.50398375,26.94271362,35-09-M00538,35,CIGLI,SASALLI MERKEZ,8.35,633.51,0,0,0,0,1,0,0.0,0.0,0.0,0.0,633.51,0.0,1,KUCUK_TICARETHANE
54708808,38.49525633,26.95211794,35-09-M00257,35,CIGLI,SASALLI MERKEZ,8.35,3014.111,0,0,0,0,1,0,0.0,0.0,0.0,0.0,3014.111,0.0,1,KUCUK_TICARETHANE
54708816,38.49619521,26.95310753,35-09-M00257,35,CIGLI,SASALLI MERKEZ,6.675,54675.17,0,0,0,0,2,0,0.0,0.0,0.0,0.0,54675.17,0.0,2,ORTA_TICARETHANE
54708823,38.50604721,26.95449898,35-09-M01401,35,CIGLI,SASALLI MERKEZ,8.35,1038.27,0,0,0,0,1,0,0.0,0.0,0.0,0.0,1038.27,0.0,1,KUCUK_TICARETHANE
54708877,38.51379706,27.04547248,35-09-M00403,35,CIGLI,BALATCIK,8.35,1776.273,0,0,0,0,1,0,0.0,0.0,0.0,0.0,1776.273,0.0,1,KUCUK_TICARETHANE
54708881,38.51317835,27.04192708,35-09-K03266,35,CIGLI,BALATCIK,8.35,91537.51000000001,0,0,0,0,2,0,0.0,0.0,0.0,0.0,91537.51000000001,0.0,2,ORTA_TICARETHANE
54708935,38.51296085,27.04428752,35-09-K03266,35,CIGLI,BALATCIK,1.875,2375.548,1,0,0,0,0,0,2375.548,0.0,0.0,0.0,0.0,0.0,0,AYDINLATMA
54708943,38.51272936,27.04436275,35-09-K03266,35,CIGLI,BALATCIK,8.35,4265.235,0,0,0,0,1,0,0.0,0.0,0.0,0.0,4265.235,0.0,1,KUCUK_TICARETHANE
54708946,38.51072786,27.042732,35-09-M01932,35,CIGLI,BALATCIK,13.2,8437.856,0,0,0,0,1,0,0.0,0.0,0.0,0.0,8437.856,0.0,1,KUCUK_TICARETHANE
54708949,38.51151945,27.04527983,35-09-K03266,35,CIGLI,BALATCIK,8.35,3018.604,0,0,0,0,1,0,0.0,0.0,0.0,0.0,3018.604,0.0,1,KUCUK_TICARETHANE
54708955,38.51162981,27.04616333,35-09-K03266,35,CIGLI,BALATCIK,8.35,11672.21,0,0,0,0,1,0,0.0,0.0,0.0,0.0,11672.21,0.0,1,ORTA_TICARETHANE
54708983,38.51161648,27.04529804,35-09-K03266,35,CIGLI,BALATCIK,5.8375,22744.926,0,0,0,0,4,0,0.0,0.0,0.0,0.0,22744.926,0.0,4,ORTA_TICARETHANE
54708997,38.51712466,27.04135687,35-09-M00103,35,CIGLI,BALATCIK,8.35,2310.674,0,0,0,0,1,0,0.0,0.0,0.0,0.0,2310.674,0.0,1,KUCUK_TICARETHANE
54709004,38.5195074,27.04037942,35-09-M00625,35,CIGLI,BALATCIK,8.35,5822.286,0,0,0,0,1,0,0.0,0.0,0.0,0.0,5822.286,0.0,1,KUCUK_TICARETHANE
54709017,38.50900056,27.04035099,35-09-M00396,35,CIGLI,BALATCIK,8.35,1359.017,0,0,0,0,1,0,0.0,0.0,0.0,0.0,1359.017,0.0,1,KUCUK_TICARETHANE
54709027,38.51178837,27.04429272,35-09-K03266,35,CIGLI,BALATCIK,1.838,1749.251,1,0,0,0,0,0,1749.251,0.0,0.0,0.0,0.0,0.0,0,AYDINLATMA
54709048,38.5113306,27.04010514,35-09-M00999,35,CIGLI,BALATCIK,8.35,3009.888,0,0,0,0,1,0,0.0,0.0,0.0,0.0,3009.888,0.0,1,KUCUK_TICARETHANE
54709052,38.51363402,27.03957065,35-09-M02091,35,CIGLI,BALATCIK,5.0,458.275,0,0,0,0,1,0,0.0,0.0,0.0,0.0,458.275,0.0,1,KUCUK_TICARETHANE
54709066,38.51053431,27.03916728,35-09-M00999,35,CIGLI,BALATCIK,8.35,1346.481,0,0,0,0,1,0,0.0,0.0,0.0,0.0,1346.481,0.0,1,KUCUK_TICARETHANE
54709069,38.51262967,27.03844227,35-09-M00999,35,CIGLI,BALATCIK,197.31428571428572,386481.217,0,0,0,0,7,0,0.0,0.0,0.0,0.0,386481.217,0.0,7,ORTA_TICARETHANE
54709113,38.51494778,27.03930354,35-09-M02091,35,CIGLI,BALATCIK,8.35,1296.377,0,0,0,0,1,0,0.0,0.0,0.0,0.0,1296.377,0.0,1,KUCUK_TICARETHANE
54709126,38.52123262,27.03948997,35-09-M01308,35,CIGLI,AHMET EFENDI,8.35,1767.213,0,0,0,0,1,0,0.0,0.0,0.0,0.0,1767.213,0.0,1,KUCUK_TICARETHANE
54709131,38.51875714,27.03976531,35-09-M00103,35,CIGLI,BALATCIK,14.73,59785.78,1,0,0,0,0,0,59785.78,0.0,0.0,0.0,0.0,0.0,0,AYDINLATMA
54709137,38.51827717,27.03858028,35-09-M00400,35,CIGLI,BALATCIK,8.35,5790.01,0,0,0,0,1,0,0.0,0.0,0.0,0.0,5790.01,0.0,1,KUCUK_TICARETHANE
54709140,38.51815203,27.03639888,35-09-M01383,35,CIGLI,BALATCIK,15.643333333333333,45855.051,0,0,0,0,9,0,0.0,0.0,0.0,0.0,45855.051,0.0,9,ORTA_TICARETHANE
54709184,38.51829072,27.03622155,35-09-M01383,35,CIGLI,BALATCIK,8.38,18973.56,0,0,0,0,1,0,0.0,0.0,0.0,0.0,18973.56,0.0,1,ORTA_TICARETHANE
54709198,38.51597137,27.03729428,35-09-M01357,35,CIGLI,BALATCIK,25.2,74750.35,0,0,0,0,1,0,0.0,0.0,0.0,0.0,74750.35,0.0,1,ORTA_TICARETHANE
54709220,38.51142427,27.03707306,35-09-M00999,35,CIGLI,BALATCIK,14.4,7733.064,0,0,0,0,1,0,0.0,0.0,0.0,0.0,7733.064,0.0,1,KUCUK_TICARETHANE
54709225,38.50199648,26.99295591,35-09-M02348,35,CIGLI,KAKLIC,5.0,38193.0,0,0,0,0,1,0,0.0,0.0,0.0,0.0,38193.0,0.0,1,ORTA_TICARETHANE
54709234,38.49952498,26.99091755,35-09-M02348,35,CIGLI,KAKLIC,25.892,25429.49,0,0,0,0,1,0,0.0,0.0,0.0,0.0,25429.49,0.0,1,ORTA_TICARETHANE
54709269,38.52942435,27.04488806,35-09-M02092,35,CIGLI,INONU,8.35,6444.65,0,0,0,0,1,0,0.0,0.0,0.0,0.0,6444.65,0.0,1,KUCUK_TICARETHANE
54713256,38.50623158,26.96145718,35-09-M01387,35,CIGLI,SASALLI MERKEZ,8.35,1336.039,0,0,0,0,1,0,0.0,0.0,0.0,0.0,1336.039,0.0,1,KUCUK_TICARETHANE
54713932,38.52177215,27.06132587,35-09-K04336,35,CIGLI,ATATURK,8.35,2975.425,0,0,0,0,1,0,0.0,0.0,0.0,0.0,2975.425,0.0,1,KUCUK_TICARETHANE
54714031,38.50316762,27.04851928,35-09-M02465,35,CIGLI,KUCUK CIGLI,15.7,6385.807,0,0,0,0,1,0,0.0,0.0,0.0,0.0,6385.807,0.0,1,ORTA_TICARETHANE
54714067,38.51077514,27.04883734,35-09-K02771,35,CIGLI,ESENTEPE,8.35,922.595,0,0,0,0,1,0,0.0,0.0,0.0,0.0,922.595,0.0,1,KUCUK_TICARETHANE
54767018,38.46834334,27.06572608,35-04-M01801,35,KARSIYAKA,MAVISEHIR,30.774,65653.61,0,1,0,0,1,0,0.0,32969.47,0.0,0.0,32684.14,0.0,2,ORTA_TICARETHANE
54981109,38.50393916,26.99280522,35-09-M01145,35,CIGLI,KAKLIC,7.14,11492.4,0,0,0,0,1,0,0.0,0.0,0.0,0.0,11492.4,0.0,1,ORTA_TICARETHANE
54996263,38.50625637,27.05739232,35-09-M01989,35,CIGLI,CAGDAS,8.741,34376.53,1,0,0,0,0,0,34376.53,0.0,0.0,0.0,0.0,0.0,0,AYDINLATMA
54996613,38.50166947,27.06158481,35-09-M01979,35,CIGLI,EGEKENT,7.069,20526.8,1,0,0,0,0,0,20526.8,0.0,0.0,0.0,0.0,0.0,0,AYDINLATMA
54996788,38.50028207,27.06469085,35-09-M01978,35,CIGLI,CAGDAS,5.073,18800.78,1,0,0,0,0,0,18800.78,0.0,0.0,0.0,0.0,0.0,0,AYDINLATMA
54997402,38.50415508,27.07455857,35-09-M01976,35,CIGLI,YAKAKENT,10.799,37021.03,1,0,0,0,0,0,37021.03,0.0,0.0,0.0,0.0,0.0,0,AYDINLATMA
54997527,38.50475327,27.07948619,35-09-M01975,35,CIGLI,YAKAKENT,13.8295,87666.01,2,0,0,0,0,0,87666.01,0.0,0.0,0.0,0.0,0.0,0,AYDINLATMA
54997809,38.49848115,27.08148706,35-09-M01974,35,CIGLI,EVKA - 2,36.21,143967.0,1,0,0,0,0,0,143967.0,0.0,0.0,0.0,0.0,0.0,0,AYDINLATMA
54998033,38.49512873,27.07387906,35-09-M02104,35,CIGLI,SIRINTEPE,8.277,26092.43,1,0,0,0,0,0,26092.43,0.0,0.0,0.0,0.0,0.0,0,AYDINLATMA
55012937,38.49481761,27.09699267,35-04-K02436,35,KARSIYAKA,MUSTAFA KEMAL,1.172,3103.785,1,0,0,0,0,0,3103.785,0.0,0.0,0.0,0.0,0.0,0,AYDINLATMA
55020964,38.53325004,27.0474223,35-09-M02163,35,CIGLI,HARMANDALI GAZI MUSTAFA KEMAL ATATURK,2.398,3778.963,1,0,0,0,0,0,3778.963,0.0,0.0,0.0,0.0,0.0,0,AYDINLATMA
55026503,38.4729696,27.10705192,35-04-M02100,35,KARSIYAKA,IMBATLI,12.41,37144.86,1,0,0,0,0,0,37144.86,0.0,0.0,0.0,0.0,0.0,0,AYDINLATMA
55035324,38.50308921,27.04662599,35-09-M02465,35,CIGLI,KUCUK CIGLI,8.5,0.0,0,0,0,0,1,0,0.0,0.0,0.0,0.0,0.0,0.0,1,KUCUK_TICARETHANE
56288905,38.5158946,27.0371152,35-09-M01798,35,CIGLI,BALATCIK,9.80909090909091,56386.998,0,0,0,0,11,0,0.0,0.0,0.0,0.0,56386.998,0.0,11,ORTA_TICARETHANE
56307801,38.48011446,27.08279168,35-04-M01340,35,KARSIYAKA,YALI,61.97,2964.9,0,0,0,0,1,0,0.0,0.0,0.0,0.0,2964.9,0.0,1,ORTA_TICARETHANE
56315316,38.51330915,27.03971696,35-09-M02091,35,CIGLI,BALATCIK,5.8053333333333335,65616.799,0,0,0,0,3,0,0.0,0.0,0.0,0.0,65616.799,0.0,3,ORTA_TICARETHANE
56333259,38.50826508,26.985999,35-09-M00256,35,CIGLI,KAKLIC,5.15,5806.717,0,0,0,0,1,0,0.0,0.0,0.0,0.0,5806.717,0.0,1,KUCUK_TICARETHANE
56422879,38.50667342,27.04064879,35-09-M02088,35,CIGLI,BALATCIK,5.2,5525.698,0,0,0,0,1,0,0.0,0.0,0.0,0.0,5525.698,0.0,1,KUCUK_TICARETHANE
56447417,38.48331201,27.09962499,35-04-M02466,35,KARSIYAKA,CUMHURIYET,6.7355,51864.101,2,0,0,0,0,0,51864.101,0.0,0.0,0.0,0.0,0.0,0,AYDINLATMA
56454512,38.49078463,27.11454886,35-04-K04503,35,KARSIYAKA,ZUBEYDE HANIM,5.88,2410.471,0,0,0,0,1,0,0.0,0.0,0.0,0.0,2410.471,0.0,1,KUCUK_TICARETHANE
57755153,38.50170093,27.06167592,35-09-M01979,35,CIGLI,EGEKENT,4.244,8396.459,1,0,0,0,1,0,8325.431,0.0,0.0,0.0,71.028,0.0,1,KUCUK_TICARETHANE
57755191,38.52926805,27.04608035,35-09-M00212,35,CIGLI,INONU,1.816,7124.031,1,0,0,0,0,0,7124.031,0.0,0.0,0.0,0.0,0.0,0,AYDINLATMA
57757924,38.52198647,27.04312848,35-09-M02387,35,CIGLI,UGUR MUMCU,36.884,32279.32,0,0,0,0,1,0,0.0,0.0,0.0,0.0,32279.32,0.0,1,ORTA_TICARETHANE
57795491,38.48943226,27.07879788,35-09-K02499,35,CIGLI,AYDINLIKEVLER,10.24,30319.71,0,0,0,0,1,0,0.0,0.0,0.0,0.0,30319.71,0.0,1,ORTA_TICARETHANE
57839600,38.50162796,27.04821501,35-09-K01859,35,CIGLI,KUCUK CIGLI,8.76,3783.161,0,0,0,0,1,0,0.0,0.0,0.0,0.0,3783.161,0.0,1,KUCUK_TICARETHANE
57949200,38.51706567,27.04128039,35-09-M00103,35,CIGLI,BALATCIK,7.022500000000001,45338.520000000004,2,0,0,0,0,0,45338.520000000004,0.0,0.0,0.0,0.0,0.0,0,AYDINLATMA
57960532,38.47236874,27.09744046,35-04-K04133,35,KARSIYAKA,SEMIKLER,47.0,70242.0,0,0,0,0,1,0,0.0,0.0,0.0,0.0,70242.0,0.0,1,ORTA_TICARETHANE
57967527,38.48743871,27.06501382,35-09-K02733,35,CIGLI,ATASEHIR,5.28,10220.391,0,0,0,0,2,0,0.0,0.0,0.0,0.0,10220.391,0.0,2,ORTA_TICARETHANE
57969125,38.49947897,27.05106862,35-09-M03090,35,CIGLI,YENI MAHALLE,5.4,3657.636,0,0,0,0,1,0,0.0,0.0,0.0,0.0,3657.636,0.0,1,KUCUK_TICARETHANE
58054478,38.49080998,26.94731145,35-09-M00347,35,CIGLI,SASALLI MERKEZ,8.5,31105.49,0,0,0,0,1,0,0.0,0.0,0.0,0.0,31105.49,0.0,1,ORTA_TICARETHANE
58108199,38.473959,27.10776728,35-04-M02100,35,KARSIYAKA,IMBATLI,5.2,18942.67,0,0,0,0,1,0,0.0,0.0,0.0,0.0,18942.67,0.0,1,ORTA_TICARETHANE
59853240,38.53729888,27.05288116,35-09-M00207,35,CIGLI,CUMHURIYET,20.0,34638.85,0,0,0,0,1,0,0.0,0.0,0.0,0.0,34638.85,0.0,1,ORTA_TICARETHANE
60227872,38.50225205,27.05972747,35-09-M01980,35,CIGLI,CAGDAS,11.906,41057.77,1,0,0,0,0,0,41057.77,0.0,0.0,0.0,0.0,0.0,0,AYDINLATMA
60666001,38.47130423,27.09922936,35-04-K04709,35,KARSIYAKA,SEMIKLER,5.0,5863.863,0,0,0,0,1,0,0.0,0.0,0.0,0.0,5863.863,0.0,1,KUCUK_TICARETHANE
60696658,38.49798563,27.0627025,,35,CIGLI,KOYICI,35.063,22207.46,0,0,0,0,1,0,0.0,0.0,0.0,0.0,22207.46,0.0,1,ORTA_TICARETHANE
60720677,38.4718935,27.0999131,35-04-K03083,35,KARSIYAKA,FIKRI ALTAY,7.1530000000000005,36439.380000000005,2,0,0,0,0,0,36439.380000000005,0.0,0.0,0.0,0.0,0.0,0,AYDINLATMA
60739470,38.50773945,26.98794793,35-09-M00255,35,CIGLI,KAKLIC,5.96,1124.949,0,0,0,0,1,0,0.0,0.0,0.0,0.0,1124.949,0.0,1,KUCUK_TICARETHANE
60985684,38.49872536,26.94706128,35-09-M02644Ã–,35,CIGLI,SASALLI MERKEZ,250.0,87571.12,0,0,1,0,0,0,0.0,0.0,87571.12,0.0,0.0,0.0,1,ORTA_SANAYI
61203012,38.47176579,27.11116269,35-04-K03012,35,KARSIYAKA,IMBATLI,123.84,60374.371,0,0,0,0,2,0,0.0,0.0,0.0,0.0,60374.371,0.0,2,ORTA_TICARETHANE
61324468,38.52380833,27.0456647,35-09-M00845,35,CIGLI,UGUR MUMCU,13.76,49708.27,0,0,0,0,1,0,0.0,0.0,0.0,0.0,49708.27,0.0,1,ORTA_TICARETHANE
61418754,38.4915848,27.1156586,35-04-K03082,35,KARSIYAKA,LATIFE HANIM,12.950666666666665,94793.679,0,2,0,0,1,0,0.0,9828.548999999999,0.0,0.0,84965.13,0.0,3,ORTA_TICARETHANE
61429233,38.5014616,27.12175215,35-04-K04756,35,KARSIYAKA,LATIFE HANIM,41.3,37570.95,0,0,0,0,1,0,0.0,0.0,0.0,0.0,37570.95,0.0,1,ORTA_TICARETHANE
61506877,38.49830558,27.0545928,35-09-K04314,35,CIGLI,KUCUK CIGLI,7.9,381.316,0,0,0,0,1,0,0.0,0.0,0.0,0.0,381.316,0.0,1,KUCUK_TICARETHANE
61506978,38.50465904,27.05284663,35-09-K01867,35,CIGLI,KUCUK CIGLI,8.2,9121.173,0,0,0,0,1,0,0.0,0.0,0.0,0.0,9121.173,0.0,1,KUCUK_TICARETHANE
61542166,38.46763029,27.09646647,35-04-K02578,35,KARSIYAKA,YALI,5.0,1206.931,0,0,0,0,1,0,0.0,0.0,0.0,0.0,1206.931,0.0,1,KUCUK_TICARETHANE
61571500,38.4950571,26.98828488,35-09-M02673Ã–,35,CIGLI,KAKLIC,100.0,117297.1,0,0,0,0,1,0,0.0,0.0,0.0,0.0,117297.1,0.0,1,ORTA_TICARETHANE
61574699,38.50278473,27.04688439,35-09-K01858,35,CIGLI,KUCUK CIGLI,5.0,252.651,0,0,0,0,1,0,0.0,0.0,0.0,0.0,252.651,0.0,1,KUCUK_TICARETHANE
62489672,38.45564786,27.09755277,35-04-K00587,35,KARSIYAKA,BOSTANLI,5.0,3826.873,0,0,0,0,1,0,0.0,0.0,0.0,0.0,3826.873,0.0,1,KUCUK_TICARETHANE
62495207,38.45201234,27.10429266,35-04-K01091,35,KARSIYAKA,BOSTANLI,5.0,5460.655,0,0,0,0,1,0,0.0,0.0,0.0,0.0,5460.655,0.0,1,KUCUK_TICARETHANE
62499161,38.48071633,27.11069342,35-04-M01173,35,KARSIYAKA,ORNEKKOY,8.4,5541.635,0,0,0,0,1,0,0.0,0.0,0.0,0.0,5541.635,0.0,1,KUCUK_TICARETHANE
62538501,38.45910879,27.12309195,35-04-K03109,35,KARSIYAKA,ALAYBEY,5.0,2246.805,0,0,0,0,1,0,0.0,0.0,0.0,0.0,2246.805,0.0,1,KUCUK_TICARETHANE
62538525,38.45883502,27.12419596,35-04-K03109,35,KARSIYAKA,ALAYBEY,5.0,1235.729,0,0,0,0,1,0,0.0,0.0,0.0,0.0,1235.729,0.0,1,KUCUK_TICARETHANE
62538548,38.5343685,27.05166975,35-09-M00209,35,CIGLI,HARMANDALI GAZI MUSTAFA KEMAL ATATURK,5.0,1263.068,0,0,0,0,1,0,0.0,0.0,0.0,0.0,1263.068,0.0,1,KUCUK_TICARETHANE
62538620,38.53199673,27.04893967,35-09-M00219,35,CIGLI,HARMANDALI GAZI MUSTAFA KEMAL ATATURK,5.0,1354.254,0,0,0,0,1,0,0.0,0.0,0.0,0.0,1354.254,0.0,1,KUCUK_TICARETHANE
62538656,38.5335119,27.05198188,35-09-M00209,35,CIGLI,HARMANDALI GAZI MUSTAFA KEMAL ATATURK,5.0,1159.795,0,0,0,0,1,0,0.0,0.0,0.0,0.0,1159.795,0.0,1,KUCUK_TICARETHANE
62538683,38.53446114,27.04991335,35-09-M00208,35,CIGLI,HARMANDALI GAZI MUSTAFA KEMAL ATATURK,5.0,1288.68,0,0,0,0,1,0,0.0,0.0,0.0,0.0,1288.68,0.0,1,KUCUK_TICARETHANE
62545391,38.48789387,27.07247454,35-09-K01887,35,CIGLI,ATASEHIR,140.0,110017.2,0,0,0,0,1,0,0.0,0.0,0.0,0.0,110017.2,0.0,1,ORTA_TICARETHANE
62640921,38.52851239,27.05684771,35-09-M01869,35,CIGLI,INONU,5.05,29468.78,0,0,0,0,2,0,0.0,0.0,0.0,0.0,29468.78,0.0,2,ORTA_TICARETHANE
62643605,38.48981658,27.07350914,35-09-M01950,35,CIGLI,MALTEPE,8.94,30755.968999999997,0,1,0,0,1,0,0.0,6768.759,0.0,0.0,23987.21,0.0,2,ORTA_TICARETHANE
62686706,38.45487895,27.09531645,35-04-K00525,35,KARSIYAKA,BOSTANLI,20.5,28043.87,0,0,0,0,1,0,0.0,0.0,0.0,0.0,28043.87,0.0,1,ORTA_TICARETHANE
62686713,38.4634467,27.1190433,35-04-K00627,35,KARSIYAKA,BAHCELIEVLER,8.35,2114.074,0,0,0,0,1,0,0.0,0.0,0.0,0.0,2114.074,0.0,1,KUCUK_TICARETHANE
62686714,38.48189806,27.09862237,35-04-M01026,35,KARSIYAKA,CUMHURIYET,5.0,3221.435,1,0,0,0,0,0,3221.435,0.0,0.0,0.0,0.0,0.0,0,AYDINLATMA
62686716,38.48970941,27.11056501,35-04-K02447,35,KARSIYAKA,ZUBEYDE HANIM,5.74,9485.948,1,0,0,0,0,0,9485.948,0.0,0.0,0.0,0.0,0.0,0,AYDINLATMA
62686724,38.47338352,27.08562358,35-04-M01892,35,KARSIYAKA,YALI,8.35,2023.032,0,0,0,0,1,0,0.0,0.0,0.0,0.0,2023.032,0.0,1,KUCUK_TICARETHANE
62686743,38.45527696,27.10669869,35-04-K00277,35,KARSIYAKA,AKSOY,0.223,1727.727,1,0,0,0,0,0,1727.727,0.0,0.0,0.0,0.0,0.0,0,AYDINLATMA
62686752,38.46011,27.1203842,35-04-K00166,35,KARSIYAKA,BAHARIYE,15.745000000000001,20287.673000000003,1,0,0,0,1,0,19013.04,0.0,0.0,0.0,1274.633,0.0,1,ORTA_TICARETHANE
62686754,38.47503802,27.09350552,35-04-K04708,35,KARSIYAKA,SEMIKLER,8.333,921.116,0,0,0,0,1,0,0.0,0.0,0.0,0.0,921.116,0.0,1,KUCUK_TICARETHANE
62686760,38.48129021,27.11382257,35-04-M01566,35,KARSIYAKA,ORNEKKOY,8.35,1975.151,0,0,0,0,1,0,0.0,0.0,0.0,0.0,1975.151,0.0,1,KUCUK_TICARETHANE
62686776,38.47140659,27.1069693,35-04-K03214,35,KARSIYAKA,DEDEBASI,8.35,5785.929,0,0,0,0,1,0,0.0,0.0,0.0,0.0,5785.929,0.0,1,KUCUK_TICARETHANE
62686786,38.45758245,27.12461532,35-04-K00363,35,KARSIYAKA,TUNA,8.35,2311.48,0,0,0,0,1,0,0.0,0.0,0.0,0.0,2311.48,0.0,1,KUCUK_TICARETHANE
62686791,38.46019366,27.1258795,35-04-K01670,35,KARSIYAKA,ALAYBEY,8.35,3022.732,0,0,0,0,1,0,0.0,0.0,0.0,0.0,3022.732,0.0,1,KUCUK_TICARETHANE
62686792,38.47582369,27.08925833,35-04-K04619,35,KARSIYAKA,SEMIKLER,8.35,2773.617,0,0,0,0,1,0,0.0,0.0,0.0,0.0,2773.617,0.0,1,KUCUK_TICARETHANE
62686797,38.47149279,27.10870757,35-04-K01735,35,KARSIYAKA,DEDEBASI,8.35,1431.947,0,0,0,0,1,0,0.0,0.0,0.0,0.0,1431.947,0.0,1,KUCUK_TICARETHANE
62686814,38.46757787,27.06862707,35-04-K03388,35,KARSIYAKA,MAVISEHIR,8.35,12829.66,0,0,0,0,1,0,0.0,0.0,0.0,0.0,12829.66,0.0,1,ORTA_TICARETHANE
62686829,38.47186368,27.09967701,35-04-K03083,35,KARSIYAKA,FIKRI ALTAY,5.0,5660.629,1,0,0,0,0,0,5660.629,0.0,0.0,0.0,0.0,0.0,0,AYDINLATMA
62686835,38.45554723,27.11948758,35-04-K01555,35,KARSIYAKA,DONANMACI,5.0,3662.655,0,0,0,0,1,0,0.0,0.0,0.0,0.0,3662.655,0.0,1,KUCUK_TICARETHANE
62686836,38.46755474,27.06857788,35-04-K03388,35,KARSIYAKA,MAVISEHIR,7.371,10.038,1,0,0,0,0,0,10.038,0.0,0.0,0.0,0.0,0.0,0,AYDINLATMA
62686839,38.46606026,27.09574123,35-04-M01186,35,KARSIYAKA,YALI,8.35,0.543,0,0,0,0,1,0,0.0,0.0,0.0,0.0,0.543,0.0,1,KUCUK_TICARETHANE
62686841,38.4565546,27.10678417,35-04-M03251,35,KARSIYAKA,BOSTANLI,0.198,1637.844,1,0,0,0,0,0,1637.844,0.0,0.0,0.0,0.0,0.0,0,AYDINLATMA
62686844,38.4732193,27.09923678,35-04-K04375,35,KARSIYAKA,SEMIKLER,8.35,2364.165,0,0,0,0,1,0,0.0,0.0,0.0,0.0,2364.165,0.0,1,KUCUK_TICARETHANE
62686847,38.46780775,27.10771068,35-04-K01624,35,KARSIYAKA,DEDEBASI,8.35,2347.726,1,0,0,0,0,0,2347.726,0.0,0.0,0.0,0.0,0.0,0,AYDINLATMA
62686870,38.4738438,27.09239361,35-04-K03211,35,KARSIYAKA,SEMIKLER,8.35,2290.021,0,0,0,0,1,0,0.0,0.0,0.0,0.0,2290.021,0.0,1,KUCUK_TICARETHANE
62686874,38.48045398,27.1140774,35-04-M01150,35,KARSIYAKA,ORNEKKOY,1.088,3079.97,1,0,0,0,0,0,3079.97,0.0,0.0,0.0,0.0,0.0,0,AYDINLATMA
62686880,38.46731436,27.09342891,35-04-K03848,35,KARSIYAKA,YALI,8.35,289.927,0,0,0,0,1,0,0.0,0.0,0.0,0.0,289.927,0.0,1,KUCUK_TICARETHANE
62686882,38.45192165,27.10420115,35-04-K01091,35,KARSIYAKA,BOSTANLI,1.049,4311.725,1,0,0,0,0,0,4311.725,0.0,0.0,0.0,0.0,0.0,0,AYDINLATMA
62686884,38.46357534,27.11339127,35-04-M02956,35,KARSIYAKA,BAHRIYE UCOK,8.36,2396.434,1,0,0,0,0,0,2396.434,0.0,0.0,0.0,0.0,0.0,0,AYDINLATMA
62686888,38.46664907,27.09407573,35-04-K03848,35,KARSIYAKA,YALI,8.35,792.648,0,0,0,0,1,0,0.0,0.0,0.0,0.0,792.648,0.0,1,KUCUK_TICARETHANE
62686889,38.47187418,27.08936129,35-04-K02760,35,KARSIYAKA,YALI,8.35,0.0,0,0,0,0,1,0,0.0,0.0,0.0,0.0,0.0,0.0,1,KUCUK_TICARETHANE
62686890,38.46361239,27.09080686,35-04-K01116,35,KARSIYAKA,ATAKENT,8.35,1451.673,0,0,0,0,1,0,0.0,0.0,0.0,0.0,1451.673,0.0,1,KUCUK_TICARETHANE
62686901,38.47003684,27.09451415,35-04-K00197,35,KARSIYAKA,SEMIKLER,8.333,724.359,0,0,0,0,1,0,0.0,0.0,0.0,0.0,724.359,0.0,1,KUCUK_TICARETHANE
62686920,38.45893272,27.0948583,35-04-K00849,35,KARSIYAKA,BOSTANLI,5.0,7040.15,1,0,0,0,0,0,7040.15,0.0,0.0,0.0,0.0,0.0,0,AYDINLATMA
62686940,38.46968027,27.09607354,35-04-K04320,35,KARSIYAKA,SEMIKLER,0.47,2218.353,1,0,0,0,0,0,2218.353,0.0,0.0,0.0,0.0,0.0,0,AYDINLATMA
62686943,38.46528354,27.1240022,35-04-K03723,35,KARSIYAKA,BAHCELIEVLER,0.575,2380.785,1,0,0,0,0,0,2380.785,0.0,0.0,0.0,0.0,0.0,0,AYDINLATMA
62686954,38.48020274,27.11062541,35-04-M01741,35,KARSIYAKA,ORNEKKOY,8.35,1781.164,0,0,0,0,1,0,0.0,0.0,0.0,0.0,1781.164,0.0,1,KUCUK_TICARETHANE
62686966,38.46604854,27.11978528,35-04-K03043,35,KARSIYAKA,BAHCELIEVLER,0.184,1322.982,1,0,0,0,0,0,1322.982,0.0,0.0,0.0,0.0,0.0,0,AYDINLATMA
62686967,38.49510676,27.11585063,35-04-K03792,35,KARSIYAKA,ZUBEYDE HANIM,0.257,2484.365,1,0,0,0,0,0,2484.365,0.0,0.0,0.0,0.0,0.0,0,AYDINLATMA
62686971,38.46626202,27.126474,35-04-K01756,35,KARSIYAKA,BAHCELIEVLER,8.35,1089.046,0,0,0,0,1,0,0.0,0.0,0.0,0.0,1089.046,0.0,1,KUCUK_TICARETHANE
62687000,38.46087105,27.10803814,35-04-K00807,35,KARSIYAKA,BAHRIYE UCOK,0.184,1444.725,1,0,0,0,0,0,1444.725,0.0,0.0,0.0,0.0,0.0,0,AYDINLATMA
62687012,38.45675009,27.11534843,35-04-K01746,35,KARSIYAKA,DONANMACI,5.0,0.0,0,0,0,0,1,0,0.0,0.0,0.0,0.0,0.0,0.0,1,KUCUK_TICARETHANE
62687013,38.48084408,27.09675485,35-04-K00243,35,KARSIYAKA,CUMHURIYET,8.333,2479.021,1,0,0,0,0,0,2479.021,0.0,0.0,0.0,0.0,0.0,0,AYDINLATMA
62687016,38.46571195,27.12216585,35-04-K01067,35,KARSIYAKA,BAHCELIEVLER,8.35,2610.808,0,0,0,0,1,0,0.0,0.0,0.0,0.0,2610.808,0.0,1,KUCUK_TICARETHANE
62687026,38.47704908,27.0980159,35-04-K02940,35,KARSIYAKA,SEMIKLER,8.333,0.0,0,0,0,0,1,0,0.0,0.0,0.0,0.0,0.0,0.0,1,KUCUK_TICARETHANE
62687030,38.45595225,27.09772003,35-04-K00587,35,KARSIYAKA,BOSTANLI,13.4,42582.29,1,0,0,0,0,0,42582.29,0.0,0.0,0.0,0.0,0.0,0,AYDINLATMA
62687033,38.48963633,27.10901494,35-04-K02447,35,KARSIYAKA,ZUBEYDE HANIM,8.333,3827.507,1,0,0,0,0,0,3827.507,0.0,0.0,0.0,0.0,0.0,0,AYDINLATMA
62687037,38.47267643,27.09022366,35-04-M01743,35,KARSIYAKA,YALI,8.35,884.025,0,0,0,0,1,0,0.0,0.0,0.0,0.0,884.025,0.0,1,KUCUK_TICARETHANE
62687038,38.47626114,27.10994152,35-04-M02326,35,KARSIYAKA,ORNEKKOY,8.35,6509.058,0,0,0,0,1,0,0.0,0.0,0.0,0.0,6509.058,0.0,1,KUCUK_TICARETHANE
62687043,38.46202053,27.12155294,35-04-K00166,35,KARSIYAKA,BAHARIYE,8.35,2849.649,0,0,0,0,1,0,0.0,0.0,0.0,0.0,2849.649,0.0,1,KUCUK_TICARETHANE
62687053,38.49167224,27.09109655,35-04-M00947,35,KARSIYAKA,MUSTAFA KEMAL,8.35,19465.22,0,0,0,0,1,0,0.0,0.0,0.0,0.0,19465.22,0.0,1,ORTA_TICARETHANE
62687054,38.46594134,27.09815851,35-04-M01174,35,KARSIYAKA,YALI,8.35,20121.02,0,0,0,0,1,0,0.0,0.0,0.0,0.0,20121.02,0.0,1,ORTA_TICARETHANE
62687058,38.46799302,27.10704224,35-04-K01624,35,KARSIYAKA,DEDEBASI,3.232,7661.994,1,0,0,0,0,0,7661.994,0.0,0.0,0.0,0.0,0.0,0,AYDINLATMA
62687060,38.48065013,27.10932654,35-04-K00358,35,KARSIYAKA,ORNEKKOY,8.35,0.0,0,0,0,0,1,0,0.0,0.0,0.0,0.0,0.0,0.0,1,KUCUK_TICARETHANE
62687064,38.46300963,27.10861579,35-04-K01051,35,KARSIYAKA,BAHRIYE UCOK,0.29,2292.703,1,0,0,0,0,0,2292.703,0.0,0.0,0.0,0.0,0.0,0,AYDINLATMA
62687068,38.46813326,27.09371417,35-04-K02578,35,KARSIYAKA,YALI,8.333,892.615,0,0,0,0,1,0,0.0,0.0,0.0,0.0,892.615,0.0,1,KUCUK_TICARETHANE
62687070,38.45987336,27.12674123,35-04-K01670,35,KARSIYAKA,ALAYBEY,0.25,2287.419,1,0,0,0,0,0,2287.419,0.0,0.0,0.0,0.0,0.0,0,AYDINLATMA
62687080,38.46619111,27.08926499,35-04-K00885,35,KARSIYAKA,ATAKENT,6.2299999999999995,61379.29,0,0,0,0,3,0,0.0,0.0,0.0,0.0,61379.29,0.0,3,ORTA_TICARETHANE
62687082,38.46747924,27.08407301,35-04-K01542,35,KARSIYAKA,ATAKENT,8.333,802.279,0,0,0,0,1,0,0.0,0.0,0.0,0.0,802.279,0.0,1,KUCUK_TICARETHANE
62687085,38.48589643,27.10374167,35-04-K02376,35,KARSIYAKA,ORNEKKOY,8.35,687.502,0,0,0,0,1,0,0.0,0.0,0.0,0.0,687.502,0.0,1,KUCUK_TICARETHANE
62687091,38.47282355,27.10039956,35-04-K03083,35,KARSIYAKA,FIKRI ALTAY,8.35,2012.563,0,0,0,0,1,0,0.0,0.0,0.0,0.0,2012.563,0.0,1,KUCUK_TICARETHANE
62687095,38.45822219,27.09496283,35-04-K04689,35,KARSIYAKA,BOSTANLI,0.273,2395.52,1,0,0,0,0,0,2395.52,0.0,0.0,0.0,0.0,0.0,0,AYDINLATMA
62687097,38.46841621,27.08894121,35-04-K01450,35,KARSIYAKA,YALI,8.35,319.628,0,0,0,0,1,0,0.0,0.0,0.0,0.0,319.628,0.0,1,KUCUK_TICARETHANE
62687100,38.45913369,27.09811647,35-04-M02777,35,KARSIYAKA,BOSTANLI,8.35,1458.374,0,0,0,0,1,0,0.0,0.0,0.0,0.0,1458.374,0.0,1,KUCUK_TICARETHANE
62687106,38.47258063,27.06934028,35-04-K02595,35,KARSIYAKA,MAVISEHIR,5.34,15880.59,0,0,0,0,1,0,0.0,0.0,0.0,0.0,15880.59,0.0,1,ORTA_TICARETHANE
62687109,38.46009065,27.11443495,35-04-K03676,35,KARSIYAKA,BAHRIYE UCOK,0.255,2667.5,1,0,0,0,0,0,2667.5,0.0,0.0,0.0,0.0,0.0,0,AYDINLATMA
62687114,38.46448923,27.11125377,,35,KARSIYAKA,BAHCELIEVLER,0.248,1870.686,1,0,0,0,0,0,1870.686,0.0,0.0,0.0,0.0,0.0,0,AYDINLATMA
62687116,38.46218856,27.09314893,35-04-K00191,35,KARSIYAKA,BOSTANLI,0.741,2763.477,1,0,0,0,0,0,2763.477,0.0,0.0,0.0,0.0,0.0,0,AYDINLATMA
62687127,38.46134668,27.11872083,35-04-K01064,35,KARSIYAKA,BAHARIYE,0.145,973.647,1,0,0,0,0,0,973.647,0.0,0.0,0.0,0.0,0.0,0,AYDINLATMA
62687132,38.45253367,27.1071511,35-04-K03169,35,KARSIYAKA,AKSOY,5.0,5970.798,1,0,0,0,0,0,5970.798,0.0,0.0,0.0,0.0,0.0,0,AYDINLATMA
62687142,38.46726584,27.10810252,35-04-K03850,35,KARSIYAKA,GONCALAR,8.35,757.749,0,0,0,0,1,0,0.0,0.0,0.0,0.0,757.749,0.0,1,KUCUK_TICARETHANE
62687148,38.46256918,27.11691592,35-04-K03203,35,KARSIYAKA,BAHARIYE,8.35,578.114,0,0,0,0,1,0,0.0,0.0,0.0,0.0,578.114,0.0,1,KUCUK_TICARETHANE
62687150,38.47251333,27.10476579,35-04-M01442,35,KARSIYAKA,DEDEBASI,8.35,1359.704,0,0,0,0,1,0,0.0,0.0,0.0,0.0,1359.704,0.0,1,KUCUK_TICARETHANE
62687154,38.46733632,27.09345972,35-04-K03848,35,KARSIYAKA,YALI,8.35,682.36,0,0,0,0,1,0,0.0,0.0,0.0,0.0,682.36,0.0,1,KUCUK_TICARETHANE
62687158,38.46661308,27.10799196,35-04-K03850,35,KARSIYAKA,GONCALAR,8.35,2398.901,1,0,0,0,0,0,2398.901,0.0,0.0,0.0,0.0,0.0,0,AYDINLATMA
62687159,38.46969327,27.08819193,35-04-M01268,35,KARSIYAKA,YALI,5.0,1773.133,1,0,0,0,0,0,1773.133,0.0,0.0,0.0,0.0,0.0,0,AYDINLATMA
62687160,38.45916097,27.10762517,35-04-K00807,35,KARSIYAKA,BAHRIYE UCOK,0.219,1598.437,1,0,0,0,0,0,1598.437,0.0,0.0,0.0,0.0,0.0,0,AYDINLATMA
62687162,38.46557041,27.09280259,35-04-M01035,35,KARSIYAKA,YALI,8.35,1292.0,0,0,0,0,1,0,0.0,0.0,0.0,0.0,1292.0,0.0,1,KUCUK_TICARETHANE
62687165,38.45882601,27.11363005,35-04-K00590,35,KARSIYAKA,BAHRIYE UCOK,8.35,794.654,0,0,0,0,1,0,0.0,0.0,0.0,0.0,794.654,0.0,1,KUCUK_TICARETHANE
62687175,38.46226085,27.11803038,35-04-K03203,35,KARSIYAKA,BAHARIYE,8.35,465.828,0,0,0,0,1,0,0.0,0.0,0.0,0.0,465.828,0.0,1,KUCUK_TICARETHANE
62687176,38.46743012,27.11230779,35-04-M01041,35,KARSIYAKA,BAHCELIEVLER,0.193,1504.37,1,0,0,0,0,0,1504.37,0.0,0.0,0.0,0.0,0.0,0,AYDINLATMA
62687189,38.46693195,27.095423,35-04-M01187,35,KARSIYAKA,YALI,8.35,892.674,0,0,0,0,1,0,0.0,0.0,0.0,0.0,892.674,0.0,1,KUCUK_TICARETHANE
62687194,38.47060637,27.09076748,35-04-K00785,35,KARSIYAKA,YALI,8.35,1806.835,0,0,0,0,1,0,0.0,0.0,0.0,0.0,1806.835,0.0,1,KUCUK_TICARETHANE
62687200,38.46881157,27.10579359,35-04-K01624,35,KARSIYAKA,DEDEBASI,8.35,977.705,0,0,0,0,1,0,0.0,0.0,0.0,0.0,977.705,0.0,1,KUCUK_TICARETHANE
62687215,38.4576826,27.11003113,35-04-K01589,35,KARSIYAKA,BAHRIYE UCOK,8.08,11473.38,1,0,0,0,0,0,11473.38,0.0,0.0,0.0,0.0,0.0,0,AYDINLATMA
62687221,38.47469783,27.11397179,35-04-M01265,35,KARSIYAKA,ORNEKKOY,8.35,1185.512,0,0,0,0,1,0,0.0,0.0,0.0,0.0,1185.512,0.0,1,KUCUK_TICARETHANE
62687231,38.48976192,27.11054615,35-04-K02447,35,KARSIYAKA,ZUBEYDE HANIM,5.0,16086.67,0,0,0,0,1,0,0.0,0.0,0.0,0.0,16086.67,0.0,1,ORTA_TICARETHANE
62687254,38.49574185,27.10778063,35-04-M02874,35,KARSIYAKA,ZUBEYDE HANIM,0.716,1311.443,1,0,0,0,0,0,1311.443,0.0,0.0,0.0,0.0,0.0,0,AYDINLATMA
62687259,38.45802737,27.12048366,35-04-K00928,35,KARSIYAKA,TUNA,5.0,0.0,0,0,0,0,1,0,0.0,0.0,0.0,0.0,0.0,0.0,1,KUCUK_TICARETHANE
62687270,38.45814984,27.12594358,35-04-K00363,35,KARSIYAKA,ALAYBEY,5.0,8679.665,0,0,0,0,1,0,0.0,0.0,0.0,0.0,8679.665,0.0,1,KUCUK_TICARETHANE
62687281,38.46944965,27.09753014,35-04-K01422,35,KARSIYAKA,SEMIKLER,5.0,4991.999,1,0,0,0,0,0,4991.999,0.0,0.0,0.0,0.0,0.0,0,AYDINLATMA
62687286,38.46589188,27.09816508,35-04-M01174,35,KARSIYAKA,YALI,8.35,17161.87,0,0,0,0,1,0,0.0,0.0,0.0,0.0,17161.87,0.0,1,ORTA_TICARETHANE
62687288,38.46292447,27.09774109,35-04-K01695,35,KARSIYAKA,BOSTANLI,8.35,1092.578,0,0,0,0,1,0,0.0,0.0,0.0,0.0,1092.578,0.0,1,KUCUK_TICARETHANE
62687290,38.46477989,27.12356696,35-04-K03723,35,KARSIYAKA,BAHCELIEVLER,8.35,2773.745,0,0,0,0,1,0,0.0,0.0,0.0,0.0,2773.745,0.0,1,KUCUK_TICARETHANE
62687301,38.47536371,27.10255318,35-04-M01374,35,KARSIYAKA,FIKRI ALTAY,8.333,1032.744,0,0,0,0,1,0,0.0,0.0,0.0,0.0,1032.744,0.0,1,KUCUK_TICARETHANE
62687307,38.46621168,27.10300232,35-04-K03038,35,KARSIYAKA,DEDEBASI,1.483,4859.519,1,0,0,0,0,0,4859.519,0.0,0.0,0.0,0.0,0.0,0,AYDINLATMA
62687310,38.48187207,27.11128237,35-04-M01173,35,KARSIYAKA,ORNEKKOY,8.35,6750.801,0,0,0,0,1,0,0.0,0.0,0.0,0.0,6750.801,0.0,1,KUCUK_TICARETHANE
62687353,38.4710733,27.09365068,35-04-K00197,35,KARSIYAKA,SEMIKLER,8.35,2726.101,0,0,0,0,1,0,0.0,0.0,0.0,0.0,2726.101,0.0,1,KUCUK_TICARETHANE
62687355,38.46746878,27.10099886,35-04-K03148,35,KARSIYAKA,DEMIRKOPRU,0.629,2310.296,1,0,0,0,0,0,2310.296,0.0,0.0,0.0,0.0,0.0,0,AYDINLATMA
62687362,38.47472915,27.0895858,35-04-K03022,35,KARSIYAKA,YALI,8.333,984.604,0,0,0,0,1,0,0.0,0.0,0.0,0.0,984.604,0.0,1,KUCUK_TICARETHANE
62687363,38.46843046,27.08756908,35-04-K01450,35,KARSIYAKA,YALI,8.35,2427.425,0,0,0,0,1,0,0.0,0.0,0.0,0.0,2427.425,0.0,1,KUCUK_TICARETHANE
62687364,38.4539042,27.10630219,35-04-K00277,35,KARSIYAKA,AKSOY,6.56,145.52,1,0,0,0,0,0,145.52,0.0,0.0,0.0,0.0,0.0,0,AYDINLATMA
62687368,38.47749683,27.10548484,35-04-M01028,35,KARSIYAKA,IMBATLI,8.35,1832.18,0,0,0,0,1,0,0.0,0.0,0.0,0.0,1832.18,0.0,1,KUCUK_TICARETHANE
62687371,38.46812326,27.08445145,35-04-K01542,35,KARSIYAKA,ATAKENT,8.333,746.601,0,0,0,0,1,0,0.0,0.0,0.0,0.0,746.601,0.0,1,KUCUK_TICARETHANE
62687374,38.46205523,27.11228909,35-04-K01065,35,KARSIYAKA,BAHRIYE UCOK,8.35,1147.345,0,0,0,0,1,0,0.0,0.0,0.0,0.0,1147.345,0.0,1,KUCUK_TICARETHANE
62687402,38.46889041,27.10998215,35-04-K03036,35,KARSIYAKA,DEDEBASI,5.0,6354.776,1,0,0,0,0,0,6354.776,0.0,0.0,0.0,0.0,0.0,0,AYDINLATMA
62687408,38.46846028,27.08843323,35-04-K01450,35,KARSIYAKA,YALI,7.5,949.851,1,0,0,0,0,0,949.851,0.0,0.0,0.0,0.0,0.0,0,AYDINLATMA
62687413,38.46262653,27.09358768,35-04-K01483,35,KARSIYAKA,BOSTANLI,8.35,1296.743,0,0,0,0,1,0,0.0,0.0,0.0,0.0,1296.743,0.0,1,KUCUK_TICARETHANE
62687414,38.47875131,27.11499686,35-04-M01029,35,KARSIYAKA,ORNEKKOY,1.109,3563.041,1,0,0,0,0,0,3563.041,0.0,0.0,0.0,0.0,0.0,0,AYDINLATMA
62687417,38.4672678,27.09724804,35-04-M01182,35,KARSIYAKA,DEMIRKOPRU,8.35,2898.072,0,0,0,0,1,0,0.0,0.0,0.0,0.0,2898.072,0.0,1,KUCUK_TICARETHANE
62687418,38.47490145,27.11358167,35-04-M01305,35,KARSIYAKA,ORNEKKOY,8.35,2830.711,0,0,0,0,1,0,0.0,0.0,0.0,0.0,2830.711,0.0,1,KUCUK_TICARETHANE
62687423,38.48089908,27.07833914,35-04-M00949,35,KARSIYAKA,YALI,16.13,2513.915,1,0,0,0,0,0,2513.915,0.0,0.0,0.0,0.0,0.0,0,AYDINLATMA
62687434,38.46141253,27.12568865,35-04-K01670,35,KARSIYAKA,TERSANE,8.35,2586.573,0,0,0,0,1,0,0.0,0.0,0.0,0.0,2586.573,0.0,1,KUCUK_TICARETHANE
62687438,38.46556408,27.09007225,35-04-K00885,35,KARSIYAKA,ATAKENT,5.0,6342.069,0,0,0,0,1,0,0.0,0.0,0.0,0.0,6342.069,0.0,1,KUCUK_TICARETHANE
62687442,38.45979174,27.09363851,35-04-K03184,35,KARSIYAKA,BOSTANLI,8.35,358.145,0,0,0,0,1,0,0.0,0.0,0.0,0.0,358.145,0.0,1,KUCUK_TICARETHANE
62687464,38.46460867,27.09094204,35-04-M01035,35,KARSIYAKA,ATAKENT,8.35,2100.343,0,0,0,0,1,0,0.0,0.0,0.0,0.0,2100.343,0.0,1,KUCUK_TICARETHANE
62687475,38.46205223,27.11492851,35-04-K00055,35,KARSIYAKA,BAHARIYE,0.534,4370.629,1,0,0,0,0,0,4370.629,0.0,0.0,0.0,0.0,0.0,0,AYDINLATMA
62687476,38.45721524,27.09831073,35-04-M02777,35,KARSIYAKA,BOSTANLI,0.275,2381.99,1,0,0,0,0,0,2381.99,0.0,0.0,0.0,0.0,0.0,0,AYDINLATMA
62687481,38.46041339,27.12252526,35-04-K04000,35,KARSIYAKA,ALAYBEY,8.35,1160.828,0,0,0,0,1,0,0.0,0.0,0.0,0.0,1160.828,0.0,1,KUCUK_TICARETHANE
62687486,38.45711134,27.10597995,35-04-M03251,35,KARSIYAKA,BOSTANLI,1.007,3683.203,1,0,0,0,0,0,3683.203,0.0,0.0,0.0,0.0,0.0,0,AYDINLATMA
62687487,38.49082521,27.11536241,35-04-K03082,35,KARSIYAKA,LATIFE HANIM,5.0,24002.35,1,0,0,0,0,0,24002.35,0.0,0.0,0.0,0.0,0.0,0,AYDINLATMA
62687491,38.45796854,27.11654582,35-04-K00692,35,KARSIYAKA,TUNA,5.0,0.0,0,0,0,0,1,0,0.0,0.0,0.0,0.0,0.0,0.0,1,KUCUK_TICARETHANE
62687493,38.45829548,27.11992207,35-04-K00928,35,KARSIYAKA,TUNA,5.0,0.0,0,0,0,0,1,0,0.0,0.0,0.0,0.0,0.0,0.0,1,KUCUK_TICARETHANE
62687497,38.45960231,27.09055172,35-04-M03576,35,KARSIYAKA,BOSTANLI,5.35,28292.51,0,0,0,0,1,0,0.0,0.0,0.0,0.0,28292.51,0.0,1,ORTA_TICARETHANE
62687499,38.4667127,27.08355441,35-04-K01542,35,KARSIYAKA,ATAKENT,8.333,704.667,0,0,0,0,1,0,0.0,0.0,0.0,0.0,704.667,0.0,1,KUCUK_TICARETHANE
62687517,38.46769673,27.08936414,35-04-K03010,35,KARSIYAKA,YALI,8.35,3281.787,0,0,0,0,1,0,0.0,0.0,0.0,0.0,3281.787,0.0,1,KUCUK_TICARETHANE
62687523,38.48952567,27.10572842,35-04-K04610,35,KARSIYAKA,ZUBEYDE HANIM,0.678,1348.288,1,0,0,0,0,0,1348.288,0.0,0.0,0.0,0.0,0.0,0,AYDINLATMA
62687531,38.47169033,27.10432516,35-04-M01442,35,KARSIYAKA,DEDEBASI,8.35,773.435,0,0,0,0,1,0,0.0,0.0,0.0,0.0,773.435,0.0,1,KUCUK_TICARETHANE
62687554,38.48090059,27.10464339,35-04-K01227,35,KARSIYAKA,ORNEKKOY,1.452,4036.832,1,0,0,0,0,0,4036.832,0.0,0.0,0.0,0.0,0.0,0,AYDINLATMA
62687569,38.48453426,27.11273042,35-04-M03260,35,KARSIYAKA,ORNEKKOY,5.0,67935.45,1,0,0,0,0,0,67935.45,0.0,0.0,0.0,0.0,0.0,0,AYDINLATMA
62687571,38.46690817,27.12349877,35-04-K01067,35,KARSIYAKA,BAHCELIEVLER,8.35,3229.283,0,0,0,0,1,0,0.0,0.0,0.0,0.0,3229.283,0.0,1,KUCUK_TICARETHANE
62687575,38.46320409,27.10181461,35-04-K02732,35,KARSIYAKA,NERGIZ,8.35,1660.859,0,0,0,0,1,0,0.0,0.0,0.0,0.0,1660.859,0.0,1,KUCUK_TICARETHANE
62687584,38.47100298,27.10919676,35-04-K01735,35,KARSIYAKA,DEDEBASI,1.348,4398.783,1,0,0,0,0,0,4398.783,0.0,0.0,0.0,0.0,0.0,0,AYDINLATMA
62687586,38.46785419,27.10515343,35-04-K01433,35,KARSIYAKA,DEDEBASI,8.35,679.354,0,0,0,0,1,0,0.0,0.0,0.0,0.0,679.354,0.0,1,KUCUK_TICARETHANE
62687597,38.4678295,27.10897325,35-04-K03850,35,KARSIYAKA,GONCALAR,8.35,924.635,0,0,0,0,1,0,0.0,0.0,0.0,0.0,924.635,0.0,1,KUCUK_TICARETHANE
62687604,38.45773552,27.10574933,35-04-M03251,35,KARSIYAKA,BOSTANLI,8.35,20693.11,0,0,0,0,1,0,0.0,0.0,0.0,0.0,20693.11,0.0,1,ORTA_TICARETHANE
62687607,38.45633206,27.11601135,35-04-K01746,35,KARSIYAKA,DONANMACI,5.0,0.0,0,0,0,0,1,0,0.0,0.0,0.0,0.0,0.0,0.0,1,KUCUK_TICARETHANE
62687619,38.46244401,27.09826163,35-04-K01695,35,KARSIYAKA,BOSTANLI,8.35,3250.167,1,0,0,0,0,0,3250.167,0.0,0.0,0.0,0.0,0.0,0,AYDINLATMA
62687624,38.47249754,27.09942498,35-04-K03083,35,KARSIYAKA,FIKRI ALTAY,8.35,1760.16,0,0,0,0,1,0,0.0,0.0,0.0,0.0,1760.16,0.0,1,KUCUK_TICARETHANE
62687629,38.48227786,27.10563067,35-04-K01227,35,KARSIYAKA,ORNEKKOY,2.51,3591.517,1,0,0,0,0,0,3591.517,0.0,0.0,0.0,0.0,0.0,0,AYDINLATMA
62687637,38.46746195,27.10239437,35-04-M01188,35,KARSIYAKA,DEDEBASI,8.35,919.464,0,0,0,0,1,0,0.0,0.0,0.0,0.0,919.464,0.0,1,KUCUK_TICARETHANE
62687638,38.467717,27.09551032,35-04-K02578,35,KARSIYAKA,YALI,5.4,12616.77,1,0,0,0,0,0,12616.77,0.0,0.0,0.0,0.0,0.0,0,AYDINLATMA
62687667,38.46499751,27.12653072,35-04-K04059,35,KARSIYAKA,BAHCELIEVLER,8.35,2898.236,0,0,0,0,1,0,0.0,0.0,0.0,0.0,2898.236,0.0,1,KUCUK_TICARETHANE
62687675,38.45960242,27.09055119,35-04-M03576,35,KARSIYAKA,BOSTANLI,5.0,31086.13,0,0,0,0,1,0,0.0,0.0,0.0,0.0,31086.13,0.0,1,ORTA_TICARETHANE
62687678,38.46357932,27.11532302,35-04-K01591,35,KARSIYAKA,BAHARIYE,0.327,2594.502,1,0,0,0,0,0,2594.502,0.0,0.0,0.0,0.0,0.0,0,AYDINLATMA
62687684,38.46247215,27.08554693,35-04-K01116,35,KARSIYAKA,ATAKENT,1.26,6490.241,1,0,0,0,0,0,6490.241,0.0,0.0,0.0,0.0,0.0,0,AYDINLATMA
62687691,38.45421336,27.1175745,35-04-K01316,35,KARSIYAKA,DONANMACI,8.8,28369.9,1,0,0,0,0,0,28369.9,0.0,0.0,0.0,0.0,0.0,0,AYDINLATMA
62687693,38.46330397,27.12045659,35-04-K00627,35,KARSIYAKA,BAHCELIEVLER,8.35,2321.513,0,0,0,0,1,0,0.0,0.0,0.0,0.0,2321.513,0.0,1,KUCUK_TICARETHANE
62687694,38.45564737,27.09882153,35-04-K02313,35,KARSIYAKA,BOSTANLI,28.34,18010.05,1,0,0,0,0,0,18010.05,0.0,0.0,0.0,0.0,0.0,0,AYDINLATMA
62687709,38.45564895,27.10228186,35-04-K01249,35,KARSIYAKA,BOSTANLI,8.35,2186.048,0,0,0,0,1,0,0.0,0.0,0.0,0.0,2186.048,0.0,1,KUCUK_TICARETHANE
62687711,38.48480765,27.09432491,35-04-K00243,35,KARSIYAKA,CUMHURIYET,5.0,2671.05,1,0,0,0,0,0,2671.05,0.0,0.0,0.0,0.0,0.0,0,AYDINLATMA
62687713,38.46149091,27.11163063,35-04-K01065,35,KARSIYAKA,BAHRIYE UCOK,5.0,908.453,0,0,0,0,1,0,0.0,0.0,0.0,0.0,908.453,0.0,1,KUCUK_TICARETHANE
62687718,38.4749644,27.0987565,35-04-M02425,35,KARSIYAKA,SEMIKLER,8.35,908.799,0,0,0,0,1,0,0.0,0.0,0.0,0.0,908.799,0.0,1,KUCUK_TICARETHANE
62687731,38.49266553,27.10429913,35-04-K02375,35,KARSIYAKA,ZUBEYDE HANIM,5.3,18484.63,0,0,0,0,1,0,0.0,0.0,0.0,0.0,18484.63,0.0,1,ORTA_TICARETHANE
62687741,38.4768671,27.09694542,35-04-K02940,35,KARSIYAKA,SEMIKLER,1.22,1646.967,1,0,0,0,0,0,1646.967,0.0,0.0,0.0,0.0,0.0,0,AYDINLATMA
62687756,38.47617116,27.09720741,35-04-K02940,35,KARSIYAKA,SEMIKLER,8.35,598.353,0,0,0,0,1,0,0.0,0.0,0.0,0.0,598.353,0.0,1,KUCUK_TICARETHANE
62687759,38.47153495,27.09621847,35-04-K04628,35,KARSIYAKA,SEMIKLER,8.333,798.423,0,0,0,0,1,0,0.0,0.0,0.0,0.0,798.423,0.0,1,KUCUK_TICARETHANE
62687767,38.46985457,27.0881001,35-04-M01268,35,KARSIYAKA,YALI,8.35,5846.289,0,0,0,0,1,0,0.0,0.0,0.0,0.0,5846.289,0.0,1,KUCUK_TICARETHANE
62687770,38.46153656,27.09157462,35-04-K00191,35,KARSIYAKA,BOSTANLI,8.35,1384.818,0,0,0,0,1,0,0.0,0.0,0.0,0.0,1384.818,0.0,1,KUCUK_TICARETHANE
62687775,38.46821462,27.09286613,35-04-K03975,35,KARSIYAKA,YALI,8.35,1037.889,0,0,0,0,1,0,0.0,0.0,0.0,0.0,1037.889,0.0,1,KUCUK_TICARETHANE
62687788,38.45960465,27.09054991,35-04-M03576,35,KARSIYAKA,BOSTANLI,5.0,24843.64,0,0,0,0,1,0,0.0,0.0,0.0,0.0,24843.64,0.0,1,ORTA_TICARETHANE
62687793,38.45887343,27.09376471,35-04-K00476,35,KARSIYAKA,BOSTANLI,8.35,3888.119,0,0,0,0,1,0,0.0,0.0,0.0,0.0,3888.119,0.0,1,KUCUK_TICARETHANE
62687799,38.4658933,27.09816509,35-04-M01174,35,KARSIYAKA,YALI,8.35,22332.45,0,0,0,0,1,0,0.0,0.0,0.0,0.0,22332.45,0.0,1,ORTA_TICARETHANE
62687801,38.45631929,27.11516668,35-04-K00018,35,KARSIYAKA,DONANMACI,5.0,9.559,0,0,0,0,1,0,0.0,0.0,0.0,0.0,9.559,0.0,1,KUCUK_TICARETHANE
62687803,38.45625605,27.10054205,35-04-K00111,35,KARSIYAKA,BOSTANLI,8.35,1319.668,0,0,0,0,1,0,0.0,0.0,0.0,0.0,1319.668,0.0,1,KUCUK_TICARETHANE
62687804,38.46508425,27.12077283,35-04-K00294,35,KARSIYAKA,BAHCELIEVLER,8.35,2611.655,0,0,0,0,1,0,0.0,0.0,0.0,0.0,2611.655,0.0,1,KUCUK_TICARETHANE
62687806,38.47616678,27.09662139,35-04-K02940,35,KARSIYAKA,SEMIKLER,0.631,1488.606,1,0,0,0,0,0,1488.606,0.0,0.0,0.0,0.0,0.0,0,AYDINLATMA
62687809,38.46760343,27.10961621,35-04-M02957,35,KARSIYAKA,BAHCELIEVLER,0.465,3706.791,1,0,0,0,0,0,3706.791,0.0,0.0,0.0,0.0,0.0,0,AYDINLATMA
62687812,38.47064096,27.10762688,35-04-K03903,35,KARSIYAKA,DEDEBASI,1.034,3343.43,1,0,0,0,0,0,3343.43,0.0,0.0,0.0,0.0,0.0,0,AYDINLATMA
62687814,38.46003269,27.12473062,35-04-K00288,35,KARSIYAKA,ALAYBEY,8.35,3365.766,0,0,0,0,1,0,0.0,0.0,0.0,0.0,3365.766,0.0,1,KUCUK_TICARETHANE
62687819,38.47174258,27.10305072,35-04-M01185,35,KARSIYAKA,FIKRI ALTAY,8.35,0.0,0,0,0,0,1,0,0.0,0.0,0.0,0.0,0.0,0.0,1,KUCUK_TICARETHANE
62687823,38.46675848,27.12434223,35-04-K02875,35,KARSIYAKA,BAHCELIEVLER,8.35,967.303,0,0,0,0,1,0,0.0,0.0,0.0,0.0,967.303,0.0,1,KUCUK_TICARETHANE
62687833,38.46318502,27.09659278,35-04-K01695,35,KARSIYAKA,BOSTANLI,8.35,2575.155,1,0,0,0,0,0,2575.155,0.0,0.0,0.0,0.0,0.0,0,AYDINLATMA
62687838,38.46570003,27.12212174,35-04-K01285,35,KARSIYAKA,BAHCELIEVLER,0.154,1272.362,1,0,0,0,0,0,1272.362,0.0,0.0,0.0,0.0,0.0,0,AYDINLATMA
62687840,38.47504333,27.09727007,35-04-K03018,35,KARSIYAKA,SEMIKLER,8.35,425.041,0,0,0,0,1,0,0.0,0.0,0.0,0.0,425.041,0.0,1,KUCUK_TICARETHANE
62687848,38.47079006,27.07055994,35-04-K02598,35,KARSIYAKA,MAVISEHIR,18.14,13694.6,0,0,0,0,1,0,0.0,0.0,0.0,0.0,13694.6,0.0,1,ORTA_TICARETHANE
62687880,38.47980773,27.1015616,35-04-K02323,35,KARSIYAKA,CUMHURIYET,0.644,1805.249,1,0,0,0,0,0,1805.249,0.0,0.0,0.0,0.0,0.0,0,AYDINLATMA
62687887,38.46279384,27.12414794,35-04-K00766,35,KARSIYAKA,BAHCELIEVLER,0.719,2156.874,1,0,0,0,0,0,2156.874,0.0,0.0,0.0,0.0,0.0,0,AYDINLATMA
62687890,38.48681085,27.10641585,35-04-M02893,35,KARSIYAKA,ORNEKKOY,8.35,20865.32,0,0,0,0,1,0,0.0,0.0,0.0,0.0,20865.32,0.0,1,ORTA_TICARETHANE
62687894,38.47248771,27.10207494,35-04-K02676,35,KARSIYAKA,FIKRI ALTAY,8.35,2302.953,0,0,0,0,1,0,0.0,0.0,0.0,0.0,2302.953,0.0,1,KUCUK_TICARETHANE
62687896,38.47753977,27.0772863,35-04-M00936,35,KARSIYAKA,YALI,8.35,4575.014,0,0,0,0,1,0,0.0,0.0,0.0,0.0,4575.014,0.0,1,KUCUK_TICARETHANE
62687904,38.45859143,27.09977732,35-04-M01038,35,KARSIYAKA,BOSTANLI,0.197,1533.949,1,0,0,0,0,0,1533.949,0.0,0.0,0.0,0.0,0.0,0,AYDINLATMA
62687914,38.47162617,27.1128151,35-04-M01030,35,KARSIYAKA,IMBATLI,2.615,10667.13,1,0,0,0,0,0,10667.13,0.0,0.0,0.0,0.0,0.0,0,AYDINLATMA
62687916,38.47111844,27.10672697,35-04-K03214,35,KARSIYAKA,DEDEBASI,3.135,10698.14,1,0,0,0,0,0,10698.14,0.0,0.0,0.0,0.0,0.0,0,AYDINLATMA
62687917,38.46703501,27.09228105,35-04-K03848,35,KARSIYAKA,YALI,8.35,2162.288,0,0,0,0,1,0,0.0,0.0,0.0,0.0,2162.288,0.0,1,KUCUK_TICARETHANE
62687938,38.47131994,27.08668657,,35,KARSIYAKA,YALI,5.0,33930.73,1,0,0,0,0,0,33930.73,0.0,0.0,0.0,0.0,0.0,0,AYDINLATMA
62687954,38.4632241,27.09821598,35-04-M03253,35,KARSIYAKA,BOSTANLI,8.35,1615.967,0,0,0,0,1,0,0.0,0.0,0.0,0.0,1615.967,0.0,1,KUCUK_TICARETHANE
62687956,38.46769364,27.09115247,35-04-K03010,35,KARSIYAKA,YALI,8.35,2232.587,0,0,0,0,1,0,0.0,0.0,0.0,0.0,2232.587,0.0,1,KUCUK_TICARETHANE
62687960,38.48709231,27.09214708,35-04-M01726,35,KARSIYAKA,INONU,0.238,2430.937,1,0,0,0,0,0,2430.937,0.0,0.0,0.0,0.0,0.0,0,AYDINLATMA
62687962,38.455107,27.09694001,35-04-K00587,35,KARSIYAKA,BOSTANLI,16.94,43285.43,1,0,0,0,0,0,43285.43,0.0,0.0,0.0,0.0,0.0,0,AYDINLATMA
62687967,38.47100899,27.08819413,35-04-K02760,35,KARSIYAKA,YALI,8.35,5264.363,1,0,0,0,0,0,5264.363,0.0,0.0,0.0,0.0,0.0,0,AYDINLATMA
62687979,38.46403889,27.10149625,35-04-K01411,35,KARSIYAKA,GONCALAR,8.35,804.019,0,0,0,0,1,0,0.0,0.0,0.0,0.0,804.019,0.0,1,KUCUK_TICARETHANE
62732019,38.49619738,27.05974271,35-09-K01864,35,CIGLI,KUCUK CIGLI,5.0,530.707,0,0,0,0,1,0,0.0,0.0,0.0,0.0,530.707,0.0,1,KUCUK_TICARETHANE
62733272,38.49399966,27.06237006,35-09-M02551,35,CIGLI,KOYICI,5.0,1645.998,0,0,0,0,1,0,0.0,0.0,0.0,0.0,1645.998,0.0,1,KUCUK_TICARETHANE
62748016,38.48758564,27.07828825,35-09-M01608,35,CIGLI,AYDINLIKEVLER,216.696,27771.84,0,0,0,0,1,0,0.0,0.0,0.0,0.0,27771.84,0.0,1,ORTA_TICARETHANE
62768430,38.52413658,27.0443532,35-09-M00845,35,CIGLI,UGUR MUMCU,9.58,830.827,0,0,0,0,1,0,0.0,0.0,0.0,0.0,830.827,0.0,1,KUCUK_TICARETHANE
62861157,38.50180634,27.05574602,35-09-K03321,35,CIGLI,KUCUK CIGLI,5.0,870.867,0,0,0,0,1,0,0.0,0.0,0.0,0.0,870.867,0.0,1,KUCUK_TICARETHANE
62861974,38.49561274,27.05415199,35-09-K01879,35,CIGLI,YENI MAHALLE,5.0,655.59,0,0,0,0,1,0,0.0,0.0,0.0,0.0,655.59,0.0,1,KUCUK_TICARETHANE
62862029,38.49903085,27.05154079,35-09-M03090,35,CIGLI,YENI MAHALLE,5.0,1100.419,0,0,0,0,1,0,0.0,0.0,0.0,0.0,1100.419,0.0,1,KUCUK_TICARETHANE
62870439,38.48840536,27.08008305,35-09-K02499,35,CIGLI,AYDINLIKEVLER,5.493,18564.15,1,0,0,0,0,0,18564.15,0.0,0.0,0.0,0.0,0.0,0,AYDINLATMA
62913382,38.50775029,27.0447807,35-09-M02390,35,CIGLI,BALATCIK,7.9245,61855.36,2,0,0,0,0,0,61855.36,0.0,0.0,0.0,0.0,0.0,0,AYDINLATMA
62915527,38.49816222,27.06566901,35-09-K04307,35,CIGLI,KOYICI,5.88,25083.29,1,0,0,0,0,0,25083.29,0.0,0.0,0.0,0.0,0.0,0,AYDINLATMA
62929265,38.52867521,27.04718196,35-09-M00212,35,CIGLI,INONU,9.94,191712.03900000002,0,0,0,0,11,0,0.0,0.0,0.0,0.0,191712.03900000002,0.0,11,ORTA_TICARETHANE
62937012,38.5194081,27.03955326,35-09-M00625,35,CIGLI,AHMET EFENDI,5.0,1563.176,0,0,0,0,1,0,0.0,0.0,0.0,0.0,1563.176,0.0,1,KUCUK_TICARETHANE
62937316,38.51890854,27.03989781,35-09-M00103,35,CIGLI,BALATCIK,5.0,333.718,0,0,0,0,1,0,0.0,0.0,0.0,0.0,333.718,0.0,1,KUCUK_TICARETHANE
62982373,38.47829664,27.10895506,35-04-K00358,35,KARSIYAKA,ORNEKKOY,5.0,1670.247,0,0,0,0,1,0,0.0,0.0,0.0,0.0,1670.247,0.0,1,KUCUK_TICARETHANE
63000585,38.49035739,27.10692185,35-04-M02871,35,KARSIYAKA,ZUBEYDE HANIM,285.693,46894.0,0,0,0,0,1,0,0.0,0.0,0.0,0.0,46894.0,0.0,1,ORTA_TICARETHANE
63004854,38.49970649,27.11692541,35-04-K04184,35,KARSIYAKA,LATIFE HANIM,29.187,118155.04000000001,0,0,1,0,1,0,0.0,0.0,105283.1,0.0,12871.94,0.0,2,ORTA_SANAYI
63005977,38.51975994,27.15329768,35-04-K01183,35,KARSIYAKA,SANCAKLI,5.0,41.963,0,0,0,0,1,0,0.0,0.0,0.0,0.0,41.963,0.0,1,KUCUK_TICARETHANE
63044230,38.47952186,27.11019372,35-04-K00358,35,KARSIYAKA,ORNEKKOY,15.01,4215.444,0,0,0,0,1,0,0.0,0.0,0.0,0.0,4215.444,0.0,1,ORTA_TICARETHANE
63047434,38.48206519,27.11377599,35-04-M01300,35,KARSIYAKA,ORNEKKOY,41.837,12075.08,0,0,0,0,1,0,0.0,0.0,0.0,0.0,12075.08,0.0,1,ORTA_TICARETHANE
63050306,38.47478692,27.10438556,35-04-K00427,35,KARSIYAKA,IMBATLI,5.0,25442.845999999998,0,1,0,0,1,0,0.0,8992.326,0.0,0.0,16450.52,0.0,2,ORTA_TICARETHANE
63050470,38.47175315,27.110104,35-04-M02560,35,KARSIYAKA,IMBATLI,5.0,18.489,0,0,0,0,1,0,0.0,0.0,0.0,0.0,18.489,0.0,1,KUCUK_TICARETHANE
63052775,38.48154292,27.09960563,35-04-M01026,35,KARSIYAKA,CUMHURIYET,5.0,743.411,0,0,0,0,1,0,0.0,0.0,0.0,0.0,743.411,0.0,1,KUCUK_TICARETHANE
63055813,38.45588921,27.09373741,35-04-K00525,35,KARSIYAKA,BOSTANLI,8.35,10501.23,0,0,0,0,1,0,0.0,0.0,0.0,0.0,10501.23,0.0,1,ORTA_TICARETHANE
63056220,38.47739572,27.07127995,35-04-M01087,35,KARSIYAKA,YALI,85.0,50719.69,0,0,0,0,1,0,0.0,0.0,0.0,0.0,50719.69,0.0,1,ORTA_TICARETHANE
63056289,38.47119777,27.10622895,35-04-K03903,35,KARSIYAKA,DEDEBASI,8.35,1006.687,0,0,0,0,1,0,0.0,0.0,0.0,0.0,1006.687,0.0,1,KUCUK_TICARETHANE
63941614,38.46926892,27.07656732,35-04-K02423,35,KARSIYAKA,MAVISEHIR,15.01,37176.32,0,0,0,0,1,0,0.0,0.0,0.0,0.0,37176.32,0.0,1,ORTA_TICARETHANE
63942359,38.47734432,27.11478131,35-04-M01265,35,KARSIYAKA,ORNEKKOY,11.8675,24044.597999999998,0,3,0,0,5,0,0.0,3572.468,0.0,0.0,20472.129999999997,0.0,8,ORTA_TICARETHANE
63945275,38.47411519,27.11480388,35-04-M01265,35,KARSIYAKA,IMBATLI,8.35,5128.054,0,0,0,0,1,0,0.0,0.0,0.0,0.0,5128.054,0.0,1,KUCUK_TICARETHANE
63946191,38.48188513,27.10541282,35-04-K01227,35,KARSIYAKA,ORNEKKOY,6.2,19268.32,0,0,0,0,1,0,0.0,0.0,0.0,0.0,19268.32,0.0,1,ORTA_TICARETHANE
63946257,38.49313704,27.11196221,35-04-K03799,35,KARSIYAKA,ZUBEYDE HANIM,8.4,4666.778,0,0,0,0,1,0,0.0,0.0,0.0,0.0,4666.778,0.0,1,KUCUK_TICARETHANE
63946945,38.47333117,27.1136843,35-04-M01030,35,KARSIYAKA,IMBATLI,8.35,4390.764,0,0,0,0,1,0,0.0,0.0,0.0,0.0,4390.764,0.0,1,KUCUK_TICARETHANE
63974816,38.47727129,27.10421872,35-04-M01180,35,KARSIYAKA,ORNEKKOY,5.38,743.056,0,0,0,0,1,0,0.0,0.0,0.0,0.0,743.056,0.0,1,KUCUK_TICARETHANE
63976730,38.49447046,27.11315985,35-04-K04288,35,KARSIYAKA,ZUBEYDE HANIM,572.0,503544.3,0,0,0,0,1,0,0.0,0.0,0.0,0.0,503544.3,0.0,1,BUYUK_TICARETHANE
63980099,38.54264204,27.13409206,35-04-K01182,35,KARSIYAKA,YAMANLAR,5.0,8984.689,0,0,0,0,1,0,0.0,0.0,0.0,0.0,8984.689,0.0,1,KUCUK_TICARETHANE
63982980,38.51927,27.15366014,35-04-K01183,35,KARSIYAKA,SANCAKLI,5.0,16.504,0,0,0,0,1,0,0.0,0.0,0.0,0.0,16.504,0.0,1,KUCUK_TICARETHANE
64005490,38.4582038,27.11503575,35-04-K00590,35,KARSIYAKA,BAHARIYE,30.2,56495.84,0,0,0,0,1,0,0.0,0.0,0.0,0.0,56495.84,0.0,1,ORTA_TICARETHANE
64160660,38.4639352,27.1323857,35-04-K00127Ã–,35,KARSIYAKA,TERSANE,2100.0,2816284.0,0,0,1,0,0,0,0.0,0.0,2816284.0,0.0,0.0,0.0,1,BUYUK_SANAYI
64183986,38.48658114,27.0601101,35-09-K04169,35,CIGLI,ATASEHIR,8.898,7177.206,0,0,0,0,1,0,0.0,0.0,0.0,0.0,7177.206,0.0,1,KUCUK_TICARETHANE
64211776,38.51908021,27.03713556,35-09-M01091,35,CIGLI,AHMET EFENDI,19.237142857142857,158695.70500000002,0,0,0,0,7,0,0.0,0.0,0.0,0.0,158695.70500000002,0.0,7,ORTA_TICARETHANE
64280150,38.46535483,27.13177169,35-04-K00127,35,KARSIYAKA,TERSANE,10.11,81830.9,2,0,0,0,0,0,81830.9,0.0,0.0,0.0,0.0,0.0,0,AYDINLATMA
64280766,38.46535826,27.13163898,35-04-K00127,35,KARSIYAKA,TERSANE,0.06,675.099,1,0,0,0,0,0,675.099,0.0,0.0,0.0,0.0,0.0,0,AYDINLATMA
64285034,38.47563185,27.08110816,35-04-M01583,35,KARSIYAKA,YALI,8.35,17826.07,0,0,0,0,1,0,0.0,0.0,0.0,0.0,17826.07,0.0,1,ORTA_TICARETHANE
64285145,38.47563338,27.08112486,35-04-M01583,35,KARSIYAKA,YALI,5.34,19456.34,0,0,0,0,1,0,0.0,0.0,0.0,0.0,19456.34,0.0,1,ORTA_TICARETHANE
64285197,38.47563245,27.08115669,35-04-M01583,35,KARSIYAKA,YALI,5.34,24107.71,0,0,0,0,1,0,0.0,0.0,0.0,0.0,24107.71,0.0,1,ORTA_TICARETHANE
64485165,38.46531727,27.09629328,35-04-M01186,35,KARSIYAKA,YALI,8.35,1805.754,0,0,0,0,1,0,0.0,0.0,0.0,0.0,1805.754,0.0,1,KUCUK_TICARETHANE
64485325,38.46649596,27.09634718,35-04-M01187,35,KARSIYAKA,YALI,8.333,0.42,0,0,0,0,1,0,0.0,0.0,0.0,0.0,0.42,0.0,1,KUCUK_TICARETHANE
64515936,38.47325382,27.10860773,35-04-M02100,35,KARSIYAKA,IMBATLI,5.2,7562.917,0,0,0,0,1,0,0.0,0.0,0.0,0.0,7562.917,0.0,1,KUCUK_TICARETHANE
64548180,38.51924399,27.03681659,35-09-M01091,35,CIGLI,AHMET EFENDI,18.439999999999998,9000.177,0,0,0,0,2,0,0.0,0.0,0.0,0.0,9000.177,0.0,2,ORTA_TICARETHANE
64667720,38.46420918,27.12743169,35-04-K04059,35,KARSIYAKA,BAHCELIEVLER,5.0,6174.866,0,0,0,0,1,0,0.0,0.0,0.0,0.0,6174.866,0.0,1,KUCUK_TICARETHANE
64683173,38.51302734,27.07352538,35-09-K03364,35,CIGLI,YAKAKENT,4.66,17223.19,1,0,0,0,0,0,17223.19,0.0,0.0,0.0,0.0,0.0,0,AYDINLATMA
64733911,38.48309718,27.08972528,35-04-K04013,35,KARSIYAKA,CUMHURIYET,14.349,34306.42,1,0,0,0,0,0,34306.42,0.0,0.0,0.0,0.0,0.0,0,AYDINLATMA
64736257,38.51003633,27.04166033,35-09-M01932,35,CIGLI,BALATCIK,10.253333333333334,2439.513,0,2,0,0,1,0,0.0,2408.675,0.0,0.0,30.838,0.0,3,KUCUK_TICARETHANE
64742350,38.54558219,27.05786206,35-09-M00217,35,CIGLI,CUMHURIYET,5.1,33450.61,0,0,0,0,1,0,0.0,0.0,0.0,0.0,33450.61,0.0,1,ORTA_TICARETHANE
65200825,38.51112153,26.9883206,35-09-M00256,35,CIGLI,KAKLIC,78.5,8411.76,0,0,0,0,1,0,0.0,0.0,0.0,0.0,8411.76,0.0,1,ORTA_TICARETHANE
65207063,38.45834789,27.09474768,35-04-K04689,35,KARSIYAKA,BOSTANLI,12.0,57.322,0,0,0,0,1,0,0.0,0.0,0.0,0.0,57.322,0.0,1,KUCUK_TICARETHANE
65391449,38.51243443,27.03987417,35-09-M00999,35,CIGLI,BALATCIK,5.0,1921.061,0,0,0,0,1,0,0.0,0.0,0.0,0.0,1921.061,0.0,1,KUCUK_TICARETHANE
65446595,38.49827155,27.12382263,35-04-K02990Ã–,35,KARSIYAKA,LATIFE HANIM,100.0,14912.16,0,0,0,0,1,0,0.0,0.0,0.0,0.0,14912.16,0.0,1,ORTA_TICARETHANE
65450481,38.46737543,27.12431208,35-04-K01898Ã–,35,KARSIYAKA,BAHCELIEVLER,400.0,77679.0,0,0,0,0,1,0,0.0,0.0,0.0,0.0,77679.0,0.0,1,ORTA_TICARETHANE
65451033,38.4528436,27.0973002,35-04-K01687Ã–,35,KARSIYAKA,BOSTANLI,472.5,1322000.0,0,0,0,0,1,0,0.0,0.0,0.0,0.0,1322000.0,0.0,1,BUYUK_TICARETHANE
65530824,38.48324823,27.10535848,35-04-K04583,35,KARSIYAKA,ORNEKKOY,3.136,11389.2,1,0,0,0,0,0,11389.2,0.0,0.0,0.0,0.0,0.0,0,AYDINLATMA
65587115,38.48052467,27.05311477,35-09-K02537,35,CIGLI,ATASEHIR,5.0,10179.93,0,0,0,0,1,0,0.0,0.0,0.0,0.0,10179.93,0.0,1,ORTA_TICARETHANE
65639464,38.495186,27.062319,35-09-M02110Ã–,35,CIGLI,KOYICI,1250.0,369277.7,0,0,0,0,1,0,0.0,0.0,0.0,0.0,369277.7,0.0,1,BUYUK_TICARETHANE
65639470,38.50174138,27.04410315,35-09-M02549,35,CIGLI,KUCUK CIGLI,8.001,25787.02,1,0,0,0,0,0,25787.02,0.0,0.0,0.0,0.0,0.0,0,AYDINLATMA
65639502,38.4739155,27.1147704,35-04-K00912Ã–,35,KARSIYAKA,IMBATLI,340.2,642838.1,0,0,1,0,0,0,0.0,0.0,642838.1,0.0,0.0,0.0,1,BUYUK_SANAYI
65639505,38.466176,27.119873,35-04-K01375Ã–,35,KARSIYAKA,BAHCELIEVLER,630.0,902254.9,0,0,0,0,1,0,0.0,0.0,0.0,0.0,902254.9,0.0,1,BUYUK_TICARETHANE
65641479,38.47449263,27.10488143,35-04-K00427,35,KARSIYAKA,IMBATLI,270.0,98103.6,0,0,0,0,1,0,0.0,0.0,0.0,0.0,98103.6,0.0,1,ORTA_TICARETHANE
65642659,38.47396391,27.11257454,35-04-M01381,35,KARSIYAKA,IMBATLI,1.89,6645.746,1,0,0,0,0,0,6645.746,0.0,0.0,0.0,0.0,0.0,0,AYDINLATMA
65652254,38.4790411,27.0737913,35-04-M02718Ã–,35,KARSIYAKA,YALI,12000.0,23700000.0,0,0,0,0,1,0,0.0,0.0,0.0,0.0,23700000.0,0.0,1,BUYUK_TICARETHANE
65652861,38.50288778,27.07150978,35-09-M01977,35,CIGLI,YAKAKENT,8.839,36164.8,1,0,0,0,0,0,36164.8,0.0,0.0,0.0,0.0,0.0,0,AYDINLATMA
65657474,38.47680502,27.09656002,35-04-K02940,35,KARSIYAKA,SEMIKLER,8.86,2268.482,0,0,0,0,1,0,0.0,0.0,0.0,0.0,2268.482,0.0,1,KUCUK_TICARETHANE
65661149,38.48963919,27.0786474,35-09-K02499,35,CIGLI,AYDINLIKEVLER,32.74,33885.31,0,0,0,0,1,0,0.0,0.0,0.0,0.0,33885.31,0.0,1,ORTA_TICARETHANE
65664986,38.5087063,27.0513942,35-09-K01943Ã–,35,CIGLI,ESENTEPE,579.0,1370986.7000000002,0,0,0,0,2,0,0.0,0.0,0.0,0.0,1370986.7000000002,0.0,2,BUYUK_TICARETHANE
65668600,38.45303323,27.10510248,35-04-K00053,35,KARSIYAKA,BOSTANLI,8.2,910.642,0,0,0,0,1,0,0.0,0.0,0.0,0.0,910.642,0.0,1,KUCUK_TICARETHANE
65668610,38.47616773,27.076234,35-04-M00933,35,KARSIYAKA,YALI,5.0,3937.958,0,0,0,0,1,0,0.0,0.0,0.0,0.0,3937.958,0.0,1,KUCUK_TICARETHANE
65671754,38.50981576,27.04243124,35-09-M02089,35,CIGLI,BALATCIK,2.158,8804.623,1,0,0,0,0,0,8804.623,0.0,0.0,0.0,0.0,0.0,0,AYDINLATMA
65679939,38.46469409,27.09266069,35-04-M01035,35,KARSIYAKA,ATAKENT,2.804,8485.928,1,0,0,0,0,0,8485.928,0.0,0.0,0.0,0.0,0.0,0,AYDINLATMA
65762463,38.46426853,27.0934677,35-04-M01036,35,KARSIYAKA,YALI,6.4315,43082.566999999995,2,0,0,0,0,0,43082.566999999995,0.0,0.0,0.0,0.0,0.0,0,AYDINLATMA
65772057,38.50029028,27.04480738,35-09-M02548,35,CIGLI,KUCUK CIGLI,7.914,24705.02,1,0,0,0,0,0,24705.02,0.0,0.0,0.0,0.0,0.0,0,AYDINLATMA
65772286,38.49903827,27.04585922,35-09-M02547,35,CIGLI,KUCUK CIGLI,9.632,16976.83,1,0,0,0,0,0,16976.83,0.0,0.0,0.0,0.0,0.0,0,AYDINLATMA
65774308,38.49414634,27.06254618,35-09-M02551,35,CIGLI,KOYICI,8.841999999999999,55452.75,2,0,0,0,0,0,55452.75,0.0,0.0,0.0,0.0,0.0,0,AYDINLATMA
65774552,38.49195732,27.06936839,35-09-M02552,35,CIGLI,SIRINTEPE,12.943,48150.12,1,0,0,0,0,0,48150.12,0.0,0.0,0.0,0.0,0.0,0,AYDINLATMA
65777565,38.47234871,27.07347323,35-04-K02593,35,KARSIYAKA,MAVISEHIR,19.741,105752.99,2,0,0,0,0,0,105752.99,0.0,0.0,0.0,0.0,0.0,0,AYDINLATMA
65778181,38.47267548,27.06796815,35-04-K02595,35,KARSIYAKA,MAVISEHIR,10.15,18547.7,1,0,0,0,0,0,18547.7,0.0,0.0,0.0,0.0,0.0,0,AYDINLATMA
65779732,38.4708312,27.07393307,35-04-K02599,35,KARSIYAKA,MAVISEHIR,8.424,29147.83,1,0,0,0,0,0,29147.83,0.0,0.0,0.0,0.0,0.0,0,AYDINLATMA
65796810,38.4918717,27.062569,35-09-K01882,35,CIGLI,ATASEHIR,14.8025,209331.84,0,0,0,0,8,0,0.0,0.0,0.0,0.0,209331.84,0.0,8,ORTA_TICARETHANE
65842574,38.51985066,27.03130416,35-09-M02724Ã–,35,CIGLI,BALATCIK,400.0,119639.9,0,0,0,0,1,0,0.0,0.0,0.0,0.0,119639.9,0.0,1,ORTA_TICARETHANE
65859830,38.45454396,27.11944416,35-04-K00133,35,KARSIYAKA,DONANMACI,8.4,158.604,0,0,0,0,1,0,0.0,0.0,0.0,0.0,158.604,0.0,1,KUCUK_TICARETHANE
65861492,38.486605,27.06116281,35-09-K02669,35,CIGLI,ATASEHIR,0.5,3046.271,1,0,0,0,0,0,3046.271,0.0,0.0,0.0,0.0,0.0,0,AYDINLATMA
65868015,38.4976292,27.1116424,35-04-K04417,35,KARSIYAKA,ZUBEYDE HANIM,3.637,12973.13,1,0,0,0,0,0,12973.13,0.0,0.0,0.0,0.0,0.0,0,AYDINLATMA
65882168,38.48918478,27.08775274,35-09-K01320,35,CIGLI,AYDINLIKEVLER,5.0,12706.42,0,0,0,0,1,0,0.0,0.0,0.0,0.0,12706.42,0.0,1,ORTA_TICARETHANE
65891630,38.49806968,27.1232576,35-04-K04756,35,KARSIYAKA,LATIFE HANIM,6.652,12398.93,0,0,0,0,1,0,0.0,0.0,0.0,0.0,12398.93,0.0,1,ORTA_TICARETHANE
65914547,38.4772463,27.11464361,35-04-K03969,35,KARSIYAKA,ORNEKKOY,8.35,959.357,0,0,0,0,1,0,0.0,0.0,0.0,0.0,959.357,0.0,1,KUCUK_TICARETHANE
65940791,38.48448554,27.08669801,35-04-K01141,35,KARSIYAKA,CUMHURIYET,5.0,2846.673,0,0,0,0,1,0,0.0,0.0,0.0,0.0,2846.673,0.0,1,KUCUK_TICARETHANE
65941221,38.48314645,27.09223826,35-04-M01025,35,KARSIYAKA,CUMHURIYET,5.0,2087.48,0,0,0,0,1,0,0.0,0.0,0.0,0.0,2087.48,0.0,1,KUCUK_TICARETHANE
65941414,38.4833663,27.09256727,35-04-M01025,35,KARSIYAKA,CUMHURIYET,5.0,1295.882,0,0,0,0,1,0,0.0,0.0,0.0,0.0,1295.882,0.0,1,KUCUK_TICARETHANE
65952093,38.49913408,27.12485422,35-04-K04757,35,KARSIYAKA,LATIFE HANIM,8.58,50369.74,0,0,0,0,1,0,0.0,0.0,0.0,0.0,50369.74,0.0,1,ORTA_TICARETHANE
65952588,38.49910784,27.1251131,35-04-K04757,35,KARSIYAKA,LATIFE HANIM,8.48,22409.756999999998,0,0,0,0,2,0,0.0,0.0,0.0,0.0,22409.756999999998,0.0,2,ORTA_TICARETHANE
65954196,38.48847183,27.09944755,35-04-K01144,35,KARSIYAKA,INONU,10.34,1801.469,0,1,0,0,1,0,0.0,1655.653,0.0,0.0,145.816,0.0,2,KUCUK_TICARETHANE
65957388,38.49970941,27.12529951,35-04-K04757,35,KARSIYAKA,LATIFE HANIM,5.0,944.23,0,0,0,0,1,0,0.0,0.0,0.0,0.0,944.23,0.0,1,KUCUK_TICARETHANE
65957405,38.49884289,27.12460594,35-04-K04757,35,KARSIYAKA,LATIFE HANIM,40.31,14412.634,0,0,0,0,2,0,0.0,0.0,0.0,0.0,14412.634,0.0,2,ORTA_TICARETHANE
65960030,38.45968448,27.09082242,35-04-K04912Ã–,35,KARSIYAKA,BOSTANLI,1250.0,546353.3,0,0,0,0,1,0,0.0,0.0,0.0,0.0,546353.3,0.0,1,BUYUK_TICARETHANE
65980194,38.51596157,27.04104555,35-09-M00103,35,CIGLI,BALATCIK,7.54,1630.953,0,0,0,0,1,0,0.0,0.0,0.0,0.0,1630.953,0.0,1,KUCUK_TICARETHANE
66052539,38.46256159,27.10171853,35-04-K02732,35,KARSIYAKA,NERGIZ,5.0,960.761,0,0,0,0,1,0,0.0,0.0,0.0,0.0,960.761,0.0,1,KUCUK_TICARETHANE
66065122,38.4806575,27.09262783,35-04-K04013,35,KARSIYAKA,CUMHURIYET,5.0,1565.931,0,0,0,0,1,0,0.0,0.0,0.0,0.0,1565.931,0.0,1,KUCUK_TICARETHANE
66065158,38.48053945,27.09305071,35-04-M01027,35,KARSIYAKA,CUMHURIYET,5.0,3560.68,0,0,0,0,1,0,0.0,0.0,0.0,0.0,3560.68,0.0,1,KUCUK_TICARETHANE
66081266,38.46799618,27.0813137,35-04-K02421,35,KARSIYAKA,MAVISEHIR,5.0,18101.8,0,0,0,0,1,0,0.0,0.0,0.0,0.0,18101.8,0.0,1,ORTA_TICARETHANE
66082880,38.49750768,27.05280592,35-09-K03322,35,CIGLI,YENI MAHALLE,8.0,288.912,0,0,0,0,1,0,0.0,0.0,0.0,0.0,288.912,0.0,1,KUCUK_TICARETHANE
66084322,38.50731904,27.06277922,35-09-M03036,35,CIGLI,IZKENT,5.0,305.99,0,0,0,0,1,0,0.0,0.0,0.0,0.0,305.99,0.0,1,KUCUK_TICARETHANE
66087731,38.49389555,27.0744217,35-09-M01981,35,CIGLI,MALTEPE,7.9,1635.329,0,0,0,0,1,0,0.0,0.0,0.0,0.0,1635.329,0.0,1,KUCUK_TICARETHANE
66131735,38.46880448,27.10017345,35-04-K03148,35,KARSIYAKA,DEMIRKOPRU,15.5,36292.6,0,0,0,0,1,0,0.0,0.0,0.0,0.0,36292.6,0.0,1,ORTA_TICARETHANE
66137216,38.47513549,27.09445222,35-04-K04708,35,KARSIYAKA,SEMIKLER,8.5,70741.9,0,0,0,0,1,0,0.0,0.0,0.0,0.0,70741.9,0.0,1,ORTA_TICARETHANE
66139791,38.4652693,27.096281,35-04-M01186,35,KARSIYAKA,YALI,8.44,9326.744,0,0,0,0,1,0,0.0,0.0,0.0,0.0,9326.744,0.0,1,KUCUK_TICARETHANE
66210002,38.51086145,27.0407005,35-09-M00396,35,CIGLI,BALATCIK,9.03,10455.619999999999,0,3,0,0,3,0,0.0,5771.083,0.0,0.0,4684.537,0.0,6,KUCUK_TICARETHANE
66242478,38.50725425,27.06019884,35-09-K01932,35,CIGLI,EGEKENT,21.024,118871.69,0,0,0,0,5,0,0.0,0.0,0.0,0.0,118871.69,0.0,5,ORTA_TICARETHANE
66330709,38.49142563,27.06299969,35-09-K01882,35,CIGLI,ATASEHIR,5.0,4758.931,0,0,0,0,1,0,0.0,0.0,0.0,0.0,4758.931,0.0,1,KUCUK_TICARETHANE
66331231,38.5321125,27.05017764,35-09-M00215,35,CIGLI,HARMANDALI GAZI MUSTAFA KEMAL ATATURK,7.1,432.972,0,0,0,0,1,0,0.0,0.0,0.0,0.0,432.972,0.0,1,KUCUK_TICARETHANE
66362633,38.50068898,27.04853538,35-09-K01859,35,CIGLI,KUCUK CIGLI,5.0,2136.966,0,0,0,0,1,0,0.0,0.0,0.0,0.0,2136.966,0.0,1,KUCUK_TICARETHANE
66362649,38.49801194,27.04648924,35-09-M02547,35,CIGLI,KUCUK CIGLI,5.0,841.868,0,0,0,0,1,0,0.0,0.0,0.0,0.0,841.868,0.0,1,KUCUK_TICARETHANE
66362663,38.50077406,27.04481705,35-09-M02548,35,CIGLI,KUCUK CIGLI,5.0,1017.438,0,0,0,0,1,0,0.0,0.0,0.0,0.0,1017.438,0.0,1,KUCUK_TICARETHANE
66362756,38.49945194,27.04568495,35-09-M02547,35,CIGLI,KUCUK CIGLI,5.0,1946.223,0,0,0,0,1,0,0.0,0.0,0.0,0.0,1946.223,0.0,1,KUCUK_TICARETHANE
66362988,38.50245346,27.04709351,35-09-K01858,35,CIGLI,KUCUK CIGLI,5.0,792.753,0,0,0,0,1,0,0.0,0.0,0.0,0.0,792.753,0.0,1,KUCUK_TICARETHANE
66383887,38.46944139,27.06560449,35-04-M02444,35,KARSIYAKA,MAVISEHIR,19.66,45579.14,0,3,0,0,2,0,0.0,38956.263,0.0,0.0,6622.877,0.0,5,ORTA_TICARETHANE
66404565,38.48377553,27.11242768,35-04-M03260,35,KARSIYAKA,ORNEKKOY,9.834769230769231,27992.664,0,9,0,0,4,0,0.0,15021.347000000002,0.0,0.0,12971.317000000001,0.0,13,ORTA_TICARETHANE
66409545,38.50095747,27.12215603,35-04-K04756,35,KARSIYAKA,LATIFE HANIM,8.134,4477.379,0,0,0,0,2,0,0.0,0.0,0.0,0.0,4477.379,0.0,2,KUCUK_TICARETHANE
66409801,38.50116677,27.12213309,35-04-K04756,35,KARSIYAKA,LATIFE HANIM,8.134,15104.754,0,0,0,0,4,0,0.0,0.0,0.0,0.0,15104.754,0.0,4,ORTA_TICARETHANE
66419812,38.48369585,27.1060977,35-04-M02875,35,KARSIYAKA,ORNEKKOY,5.0,3878.458,0,0,0,0,1,0,0.0,0.0,0.0,0.0,3878.458,0.0,1,KUCUK_TICARETHANE
66419831,38.48163728,27.10525113,35-04-K01227,35,KARSIYAKA,ORNEKKOY,5.0,4021.706,0,0,0,0,1,0,0.0,0.0,0.0,0.0,4021.706,0.0,1,KUCUK_TICARETHANE
66420050,38.48711432,27.1001342,35-04-K01144,35,KARSIYAKA,INONU,5.0,3468.947,0,0,0,0,1,0,0.0,0.0,0.0,0.0,3468.947,0.0,1,KUCUK_TICARETHANE
66420231,38.4847824,27.09654997,35-04-K03773,35,KARSIYAKA,CUMHURIYET,5.0,3787.524,0,0,0,0,1,0,0.0,0.0,0.0,0.0,3787.524,0.0,1,KUCUK_TICARETHANE
66420346,38.47818801,27.09851,35-04-M01834,35,KARSIYAKA,CUMHURIYET,5.0,3292.464,0,0,0,0,1,0,0.0,0.0,0.0,0.0,3292.464,0.0,1,KUCUK_TICARETHANE
66420453,38.48128257,27.09597958,35-04-M01027,35,KARSIYAKA,CUMHURIYET,5.0,2917.403,0,0,0,0,1,0,0.0,0.0,0.0,0.0,2917.403,0.0,1,KUCUK_TICARETHANE
66428544,38.50072315,27.05101947,35-09-M03090,35,CIGLI,YENI MAHALLE,10.703076923076923,22239.914,0,9,0,0,4,0,0.0,17467.448,0.0,0.0,4772.466,0.0,13,KUCUK_TICARETHANE
66439015,38.51608662,27.03852975,35-09-M00400,35,CIGLI,BALATCIK,23.892,6415.183,0,0,0,0,1,0,0.0,0.0,0.0,0.0,6415.183,0.0,1,ORTA_TICARETHANE
66439191,38.47734438,27.09824472,35-04-K02940,35,KARSIYAKA,SEMIKLER,77.924,31761.75,0,0,0,0,1,0,0.0,0.0,0.0,0.0,31761.75,0.0,1,ORTA_TICARETHANE
66462636,38.47555283,27.08619306,35-04-M01892,35,KARSIYAKA,YALI,8.5,85974.27,0,0,0,0,1,0,0.0,0.0,0.0,0.0,85974.27,0.0,1,ORTA_TICARETHANE
66462688,38.45063779,27.11383351,35-04-K00665,35,KARSIYAKA,DONANMACI,14.229999999999999,89713.13,0,0,0,0,3,0,0.0,0.0,0.0,0.0,89713.13,0.0,3,ORTA_TICARETHANE
66462841,38.45765389,27.12566824,35-04-K00363,35,KARSIYAKA,ALAYBEY,13.613,27751.17,0,0,0,0,1,0,0.0,0.0,0.0,0.0,27751.17,0.0,1,ORTA_TICARETHANE
66482389,38.5342353,27.0564177,35-09-M00207,35,CIGLI,CUMHURIYET,6.2,3319.71,0,0,0,0,1,0,0.0,0.0,0.0,0.0,3319.71,0.0,1,KUCUK_TICARETHANE
66519152,38.52103101,27.05663857,35-09-K02766,35,CIGLI,EVKA-5,9.855,27512.05,1,0,0,0,0,0,27512.05,0.0,0.0,0.0,0.0,0.0,0,AYDINLATMA
66553289,38.45261083,27.10377931,35-04-K01091,35,KARSIYAKA,BOSTANLI,5.0,2257.438,0,0,0,0,1,0,0.0,0.0,0.0,0.0,2257.438,0.0,1,KUCUK_TICARETHANE
66559578,38.47226139,27.11005507,35-04-M02560,35,KARSIYAKA,IMBATLI,3.82,15301.81,1,0,0,0,0,0,15301.81,0.0,0.0,0.0,0.0,0.0,0,AYDINLATMA
66559682,38.47318994,27.1090699,35-04-M02716,35,KARSIYAKA,IMBATLI,3.768,13770.96,1,0,0,0,0,0,13770.96,0.0,0.0,0.0,0.0,0.0,0,AYDINLATMA
66564898,38.48900251,27.0764325,35-09-K03705,35,CIGLI,MALTEPE,19.753333333333334,64842.32,0,0,0,0,3,0,0.0,0.0,0.0,0.0,64842.32,0.0,3,ORTA_TICARETHANE
66565906,38.50351266,27.04405128,35-09-M02549,35,CIGLI,KUCUK CIGLI,24.15,10796.3,0,0,0,0,1,0,0.0,0.0,0.0,0.0,10796.3,0.0,1,ORTA_TICARETHANE
66571011,38.469743,27.08779148,35-04-M01268,35,KARSIYAKA,YALI,2.971,10536.32,1,0,0,0,0,0,10536.32,0.0,0.0,0.0,0.0,0.0,0,AYDINLATMA
66588280,38.52450905,27.04534748,35-09-M00845,35,CIGLI,UGUR MUMCU,5.0,3574.285,0,0,0,0,1,0,0.0,0.0,0.0,0.0,3574.285,0.0,1,KUCUK_TICARETHANE
66671452,38.48305918,27.09753787,35-04-K00243,35,KARSIYAKA,CUMHURIYET,7.148,14177.06,0,0,0,0,1,0,0.0,0.0,0.0,0.0,14177.06,0.0,1,ORTA_TICARETHANE
66677700,38.51013962,27.05247025,35-09-M01990,35,CIGLI,ESENTEPE,9.3,18.612001,0,0,0,0,4,0,0.0,0.0,0.0,0.0,18.612001,0.0,4,KUCUK_TICARETHANE
66743411,38.47842939,27.07003817,35-09-M01464,35,CIGLI,ATASEHIR,175.0,11810.1,0,0,0,0,1,0,0.0,0.0,0.0,0.0,11810.1,0.0,1,ORTA_TICARETHANE
66756569,38.48888631,27.05723105,35-09-M01860,35,CIGLI,ATASEHIR,2.103,7705.277,1,0,0,0,0,0,7705.277,0.0,0.0,0.0,0.0,0.0,0,AYDINLATMA
66799403,38.5034372,27.0475218,35-09-M02465,35,CIGLI,KUCUK CIGLI,9.169,29762.83,1,0,0,0,0,0,29762.83,0.0,0.0,0.0,0.0,0.0,0,AYDINLATMA
66799420,38.49031362,27.11233111,35-04-K04402,35,KARSIYAKA,ZUBEYDE HANIM,0.53,1372.846,1,0,0,0,0,0,1372.846,0.0,0.0,0.0,0.0,0.0,0,AYDINLATMA
66811297,38.50035473,27.05761712,35-09-K01464,35,CIGLI,KUCUK CIGLI,11.841,47389.884,0,1,0,0,2,0,0.0,914.011,0.0,0.0,46475.873,0.0,3,ORTA_TICARETHANE
66861296,38.46033529,27.11332911,35-04-K00254,35,KARSIYAKA,BAHRIYE UCOK,5.0,647.578,0,0,0,0,1,0,0.0,0.0,0.0,0.0,647.578,0.0,1,KUCUK_TICARETHANE
66861386,38.45706486,27.11703112,35-04-K00289,35,KARSIYAKA,TUNA,5.0,1568.819,0,0,0,0,1,0,0.0,0.0,0.0,0.0,1568.819,0.0,1,KUCUK_TICARETHANE
66864119,38.45644719,27.11723793,35-04-K02433,35,KARSIYAKA,DONANMACI,5.0,895.771,0,0,0,0,1,0,0.0,0.0,0.0,0.0,895.771,0.0,1,KUCUK_TICARETHANE
66864214,38.45622663,27.11579954,35-04-K01746,35,KARSIYAKA,DONANMACI,5.0,1875.406,0,0,0,0,1,0,0.0,0.0,0.0,0.0,1875.406,0.0,1,KUCUK_TICARETHANE
66864270,38.45629311,27.1157166,35-04-K01746,35,KARSIYAKA,DONANMACI,5.0,1486.221,0,0,0,0,1,0,0.0,0.0,0.0,0.0,1486.221,0.0,1,KUCUK_TICARETHANE
66864309,38.45672656,27.11741979,35-04-K00289,35,KARSIYAKA,DONANMACI,5.0,1850.716,0,0,0,0,1,0,0.0,0.0,0.0,0.0,1850.716,0.0,1,KUCUK_TICARETHANE
66864321,38.45692788,27.11708739,35-04-K00289,35,KARSIYAKA,DONANMACI,5.0,1704.322,0,0,0,0,1,0,0.0,0.0,0.0,0.0,1704.322,0.0,1,KUCUK_TICARETHANE
66937237,38.4906953,27.08922122,35-04-M00943,35,KARSIYAKA,MUSTAFA KEMAL,4.73,14459.38,1,0,0,0,0,0,14459.38,0.0,0.0,0.0,0.0,0.0,0,AYDINLATMA
66939335,38.48764747,27.10639662,35-04-K04750,35,KARSIYAKA,ORNEKKOY,1.533,6342.663,1,0,0,0,0,0,6342.663,0.0,0.0,0.0,0.0,0.0,0,AYDINLATMA
66940901,38.47319195,27.09819076,35-04-K04375,35,KARSIYAKA,SEMIKLER,3.005,10176.49,1,0,0,0,0,0,10176.49,0.0,0.0,0.0,0.0,0.0,0,AYDINLATMA
66947729,38.45878988,27.10725686,35-04-K00930,35,KARSIYAKA,NERGIZ,5.0,1314.301,0,0,0,0,1,0,0.0,0.0,0.0,0.0,1314.301,0.0,1,KUCUK_TICARETHANE
66963267,38.48458283,27.11263878,35-04-M03260,35,KARSIYAKA,ORNEKKOY,5.0,934.6,1,0,0,0,0,0,934.6,0.0,0.0,0.0,0.0,0.0,0,AYDINLATMA
67059157,38.48771504,27.10067036,35-04-K01144,35,KARSIYAKA,INONU,5.478,22104.24,1,0,0,0,0,0,22104.24,0.0,0.0,0.0,0.0,0.0,0,AYDINLATMA
67096525,38.52741402,27.04970758,35-09-M00213,35,CIGLI,INONU,5.0,3128.167,0,0,0,0,1,0,0.0,0.0,0.0,0.0,3128.167,0.0,1,KUCUK_TICARETHANE
67096700,38.50044026,27.08235802,35-09-M01974,35,CIGLI,EVKA - 2,5.0,1363.873,0,0,0,0,1,0,0.0,0.0,0.0,0.0,1363.873,0.0,1,KUCUK_TICARETHANE
67096793,38.52664735,27.04875832,35-09-M00211,35,CIGLI,INONU,5.0,1269.968,0,0,0,0,1,0,0.0,0.0,0.0,0.0,1269.968,0.0,1,KUCUK_TICARETHANE
67096977,38.49907772,27.08158711,35-09-M01974,35,CIGLI,EVKA - 2,5.0,1396.989,0,0,0,0,1,0,0.0,0.0,0.0,0.0,1396.989,0.0,1,KUCUK_TICARETHANE
67097127,38.49967188,27.08256504,35-09-M01974,35,CIGLI,EVKA - 2,5.0,1338.872,0,0,0,0,1,0,0.0,0.0,0.0,0.0,1338.872,0.0,1,KUCUK_TICARETHANE
67097184,38.52832496,27.05071688,35-09-M00213,35,CIGLI,INONU,5.0,1277.61,0,0,0,0,1,0,0.0,0.0,0.0,0.0,1277.61,0.0,1,KUCUK_TICARETHANE
67102199,38.47630665,27.10457029,35-04-M02647,35,KARSIYAKA,IMBATLI,5.0,2144.117,1,0,0,0,0,0,2144.117,0.0,0.0,0.0,0.0,0.0,0,AYDINLATMA
67102216,38.47628848,27.1045923,35-04-M02647,35,KARSIYAKA,IMBATLI,8.35,7115.267,0,0,0,0,1,0,0.0,0.0,0.0,0.0,7115.267,0.0,1,KUCUK_TICARETHANE
67102286,38.46256308,27.09065362,35-04-K00661,35,KARSIYAKA,ATAKENT,7.6,3535.967,1,0,0,0,0,0,3535.967,0.0,0.0,0.0,0.0,0.0,0,AYDINLATMA
67108912,38.50682925,27.04348809,35-09-M02390,35,CIGLI,BALATCIK,11.358222222222222,30018.947,0,0,0,0,9,0,0.0,0.0,0.0,0.0,30018.947,0.0,9,ORTA_TICARETHANE
67145480,38.45837284,27.0931829,35-04-K00476,35,KARSIYAKA,BOSTANLI,0.638,3398.353,1,0,0,0,0,0,3398.353,0.0,0.0,0.0,0.0,0.0,0,AYDINLATMA
67146147,38.4708477,27.06958765,35-04-K02598,35,KARSIYAKA,MAVISEHIR,14.600000000000001,36191.7,0,0,0,0,2,0,0.0,0.0,0.0,0.0,36191.7,0.0,2,ORTA_TICARETHANE
67146182,38.47239461,27.07351475,35-04-K02593,35,KARSIYAKA,MAVISEHIR,8.35,1092.578,0,0,0,0,1,0,0.0,0.0,0.0,0.0,1092.578,0.0,1,KUCUK_TICARETHANE
67146532,38.47406108,27.11506692,35-04-K02729,35,KARSIYAKA,IMBATLI,8.35,3985.359,0,0,0,0,1,0,0.0,0.0,0.0,0.0,3985.359,0.0,1,KUCUK_TICARETHANE
67146618,38.4926278,27.10781637,35-04-K02472,35,KARSIYAKA,ZUBEYDE HANIM,17.51,14736.26,1,0,0,0,0,0,14736.26,0.0,0.0,0.0,0.0,0.0,0,AYDINLATMA
67149091,38.49064673,27.10868668,35-04-K01963,35,KARSIYAKA,ZUBEYDE HANIM,8.35,4906.384,0,0,0,0,1,0,0.0,0.0,0.0,0.0,4906.384,0.0,1,KUCUK_TICARETHANE
67149112,38.48773585,27.10667248,35-04-M02893,35,KARSIYAKA,ORNEKKOY,8.35,22655.03,0,0,0,0,1,0,0.0,0.0,0.0,0.0,22655.03,0.0,1,ORTA_TICARETHANE
67149157,38.46813943,27.12362812,35-04-K02875,35,KARSIYAKA,BAHCELIEVLER,15.01,41127.2,1,0,0,0,0,0,41127.2,0.0,0.0,0.0,0.0,0.0,0,AYDINLATMA
67149204,38.46604295,27.12018812,35-04-K01285,35,KARSIYAKA,BAHCELIEVLER,8.35,2508.631,0,0,0,0,1,0,0.0,0.0,0.0,0.0,2508.631,0.0,1,KUCUK_TICARETHANE
67149242,38.46287073,27.12266,35-04-K00766,35,KARSIYAKA,BAHCELIEVLER,8.35,1722.185,0,0,0,0,1,0,0.0,0.0,0.0,0.0,1722.185,0.0,1,KUCUK_TICARETHANE
67149275,38.47160974,27.09145041,35-04-K00785,35,KARSIYAKA,YALI,5.0,6701.012,1,0,0,0,0,0,6701.012,0.0,0.0,0.0,0.0,0.0,0,AYDINLATMA
67150423,38.46655783,27.10560391,35-04-K01433,35,KARSIYAKA,DEDEBASI,0.314,2127.715,1,0,0,0,0,0,2127.715,0.0,0.0,0.0,0.0,0.0,0,AYDINLATMA
67151950,38.46632055,27.08253379,35-04-K01542,35,KARSIYAKA,ATAKENT,120.0,29857.82,1,0,0,0,0,0,29857.82,0.0,0.0,0.0,0.0,0.0,0,AYDINLATMA
67152055,38.45583437,27.09371829,35-04-K00525,35,KARSIYAKA,BOSTANLI,5.0,13021.42,0,0,0,0,1,0,0.0,0.0,0.0,0.0,13021.42,0.0,1,ORTA_TICARETHANE
67152082,38.4558904,27.09376633,35-04-K00525,35,KARSIYAKA,BOSTANLI,20.5,31856.3,0,0,0,0,1,0,0.0,0.0,0.0,0.0,31856.3,0.0,1,ORTA_TICARETHANE
67152095,38.45588914,27.09375887,35-04-K00525,35,KARSIYAKA,BOSTANLI,9.254,18308.26,1,0,0,0,0,0,18308.26,0.0,0.0,0.0,0.0,0.0,0,AYDINLATMA
67152123,38.45593108,27.09379061,35-04-K00525,35,KARSIYAKA,BOSTANLI,11.535,41815.42,1,0,0,0,0,0,41815.42,0.0,0.0,0.0,0.0,0.0,0,AYDINLATMA
67152148,38.45484867,27.09586321,35-04-K00525,35,KARSIYAKA,BOSTANLI,5.0,19083.52,0,0,0,0,1,0,0.0,0.0,0.0,0.0,19083.52,0.0,1,ORTA_TICARETHANE
67152352,38.47094453,27.08983802,35-04-K02760,35,KARSIYAKA,YALI,5.0,3551.964,1,0,0,0,0,0,3551.964,0.0,0.0,0.0,0.0,0.0,0,AYDINLATMA
67153258,38.49104948,27.10805776,35-04-K01963,35,KARSIYAKA,ZUBEYDE HANIM,6.009,19647.26,1,0,0,0,0,0,19647.26,0.0,0.0,0.0,0.0,0.0,0,AYDINLATMA
67153279,38.48398267,27.08834922,35-04-K04918,35,KARSIYAKA,CUMHURIYET,2.44,6887.961,1,0,0,0,0,0,6887.961,0.0,0.0,0.0,0.0,0.0,0,AYDINLATMA
67153315,38.49313386,27.1144338,35-04-K03792,35,KARSIYAKA,ZUBEYDE HANIM,6.133,11383.79,1,0,0,0,0,0,11383.79,0.0,0.0,0.0,0.0,0.0,0,AYDINLATMA
67153383,38.46530024,27.08270163,35-04-K01542,35,KARSIYAKA,ATAKENT,8.35,28377.64,0,0,0,0,1,0,0.0,0.0,0.0,0.0,28377.64,0.0,1,ORTA_TICARETHANE
67153431,38.46373126,27.10229563,35-04-K02732,35,KARSIYAKA,NERGIZ,8.35,2454.512,0,0,0,0,1,0,0.0,0.0,0.0,0.0,2454.512,0.0,1,KUCUK_TICARETHANE
67153464,38.47260115,27.10912488,35-04-M02100,35,KARSIYAKA,IMBATLI,8.35,1226.736,0,0,0,0,1,0,0.0,0.0,0.0,0.0,1226.736,0.0,1,KUCUK_TICARETHANE
67154753,38.48031533,27.1133909,35-04-M01150,35,KARSIYAKA,ORNEKKOY,1.142,2416.348,1,0,0,0,0,0,2416.348,0.0,0.0,0.0,0.0,0.0,0,AYDINLATMA
67154775,38.48006065,27.11480706,35-04-M01029,35,KARSIYAKA,ORNEKKOY,0.363,4472.775,1,0,0,0,0,0,4472.775,0.0,0.0,0.0,0.0,0.0,0,AYDINLATMA
67154795,38.49062551,27.11500871,35-04-K03082,35,KARSIYAKA,ZUBEYDE HANIM,0.36,2952.862,1,0,0,0,0,0,2952.862,0.0,0.0,0.0,0.0,0.0,0,AYDINLATMA
67154823,38.47818239,27.11093359,35-04-K00358,35,KARSIYAKA,ORNEKKOY,8.35,1038.338,0,0,0,0,1,0,0.0,0.0,0.0,0.0,1038.338,0.0,1,KUCUK_TICARETHANE
67154885,38.46364398,27.10184717,35-04-K02732,35,KARSIYAKA,NERGIZ,8.35,1049.833,0,0,0,0,1,0,0.0,0.0,0.0,0.0,1049.833,0.0,1,KUCUK_TICARETHANE
67154914,38.46242498,27.10175445,35-04-M01037,35,KARSIYAKA,BOSTANLI,13.84,8138.0,0,0,0,0,1,0,0.0,0.0,0.0,0.0,8138.0,0.0,1,KUCUK_TICARETHANE
67155141,38.48764026,27.09675868,35-04-K03488,35,KARSIYAKA,INONU,8.35,8560.847,1,0,0,0,0,0,8560.847,0.0,0.0,0.0,0.0,0.0,0,AYDINLATMA
67155503,38.47782945,27.09115452,35-04-K00215,35,KARSIYAKA,SEMIKLER,6.798,12981.21,1,0,0,0,0,0,12981.21,0.0,0.0,0.0,0.0,0.0,0,AYDINLATMA
67155588,38.47028512,27.10255307,35-04-M01185,35,KARSIYAKA,FIKRI ALTAY,0.286,2479.698,1,0,0,0,0,0,2479.698,0.0,0.0,0.0,0.0,0.0,0,AYDINLATMA
67160448,38.46434392,27.10174351,35-04-K01411,35,KARSIYAKA,GONCALAR,0.474,2396.569,1,0,0,0,0,0,2396.569,0.0,0.0,0.0,0.0,0.0,0,AYDINLATMA
67161367,38.45887043,27.10582801,35-04-M03251,35,KARSIYAKA,BOSTANLI,7.669,9422.385,1,0,0,0,0,0,9422.385,0.0,0.0,0.0,0.0,0.0,0,AYDINLATMA
67161580,38.45846264,27.11468552,35-04-K00590,35,KARSIYAKA,BAHARIYE,0.391,3746.893,1,0,0,0,0,0,3746.893,0.0,0.0,0.0,0.0,0.0,0,AYDINLATMA
67161594,38.45847449,27.11481838,35-04-K00590,35,KARSIYAKA,BAHARIYE,8.35,3983.842,0,0,0,0,1,0,0.0,0.0,0.0,0.0,3983.842,0.0,1,KUCUK_TICARETHANE
67161627,38.46840351,27.10574117,35-04-K01624,35,KARSIYAKA,DEDEBASI,0.854,1850.116,1,0,0,0,0,0,1850.116,0.0,0.0,0.0,0.0,0.0,0,AYDINLATMA
67161646,38.46998458,27.08869048,35-04-M01178,35,KARSIYAKA,YALI,8.35,2184.72,0,0,0,0,1,0,0.0,0.0,0.0,0.0,2184.72,0.0,1,KUCUK_TICARETHANE
67161663,38.47032911,27.09409009,35-04-K03871,35,KARSIYAKA,YALI,8.35,6238.792,0,0,0,0,1,0,0.0,0.0,0.0,0.0,6238.792,0.0,1,KUCUK_TICARETHANE
67163815,38.46591613,27.11585238,35-04-K00907,35,KARSIYAKA,BAHCELIEVLER,8.35,37951.39,0,0,0,0,3,0,0.0,0.0,0.0,0.0,37951.39,0.0,3,ORTA_TICARETHANE
67163954,38.47763067,27.07159958,35-04-M01087,35,KARSIYAKA,YALI,5.102,16816.96,1,0,0,0,0,0,16816.96,0.0,0.0,0.0,0.0,0.0,0,AYDINLATMA
67164220,38.48847714,27.10646199,35-04-M02871,35,KARSIYAKA,ZUBEYDE HANIM,5.0,48414.39,1,0,0,0,0,0,48414.39,0.0,0.0,0.0,0.0,0.0,0,AYDINLATMA
67164280,38.45990037,27.08981992,35-04-K03303,35,KARSIYAKA,ATAKENT,24.2,21582.51,1,0,0,0,0,0,21582.51,0.0,0.0,0.0,0.0,0.0,0,AYDINLATMA
67164304,38.45818408,27.1160921,35-04-K00590,35,KARSIYAKA,BAHARIYE,8.35,14955.29,0,0,0,0,1,0,0.0,0.0,0.0,0.0,14955.29,0.0,1,ORTA_TICARETHANE
67164310,38.45812899,27.11612266,35-04-K00590,35,KARSIYAKA,BAHARIYE,17.8,3474.979,1,0,0,0,0,0,3474.979,0.0,0.0,0.0,0.0,0.0,0,AYDINLATMA
67164628,38.46167388,27.12761264,35-04-K00037,35,KARSIYAKA,TERSANE,0.876,914.116,1,0,0,0,0,0,914.116,0.0,0.0,0.0,0.0,0.0,0,AYDINLATMA
67164639,38.47262436,27.08421679,35-04-K03390,35,KARSIYAKA,YALI,2.08,3605.207,1,0,0,0,0,0,3605.207,0.0,0.0,0.0,0.0,0.0,0,AYDINLATMA
67164663,38.47216843,27.07437679,35-04-K02593,35,KARSIYAKA,MAVISEHIR,0.276,1833.823,1,0,0,0,0,0,1833.823,0.0,0.0,0.0,0.0,0.0,0,AYDINLATMA
67164677,38.47217562,27.07528464,35-04-K02593,35,KARSIYAKA,MAVISEHIR,0.194,1499.805,1,0,0,0,0,0,1499.805,0.0,0.0,0.0,0.0,0.0,0,AYDINLATMA
67166251,38.467684,27.11341244,35-04-M01889,35,KARSIYAKA,BAHCELIEVLER,1.261,3504.63,1,0,0,0,0,0,3504.63,0.0,0.0,0.0,0.0,0.0,0,AYDINLATMA
67166276,38.45982275,27.10136956,,35,KARSIYAKA,BOSTANLI,8.35,1327.556,0,0,0,0,1,0,0.0,0.0,0.0,0.0,1327.556,0.0,1,KUCUK_TICARETHANE
67176197,38.49598598,27.05393486,35-09-K01879,35,CIGLI,YENI MAHALLE,8.5,8721.424,0,0,0,0,1,0,0.0,0.0,0.0,0.0,8721.424,0.0,1,KUCUK_TICARETHANE
67176551,38.49516261,27.05712813,35-09-K01879,35,CIGLI,YENI MAHALLE,5.0,904.907,0,0,0,0,1,0,0.0,0.0,0.0,0.0,904.907,0.0,1,KUCUK_TICARETHANE
67176786,38.50618038,26.99442673,35-09-M01260,35,CIGLI,KAKLIC,5.28,37168.691,0,0,0,0,3,0,0.0,0.0,0.0,0.0,37168.691,0.0,3,ORTA_TICARETHANE
5000000236,38.5140713,27.03616848,35-09-M01357,35,CIGLI,BALATCIK,78.7,229058.8,0,0,0,0,1,0,0.0,0.0,0.0,0.0,229058.8,0.0,1,ORTA_TICARETHANE
5000000514,38.50652512,26.95949651,35-09-M01192,35,CIGLI,SASALLI MERKEZ,30.8,12429.02,0,0,0,0,1,0,0.0,0.0,0.0,0.0,12429.02,0.0,1,ORTA_TICARETHANE
5000006238,38.53195681,27.07419139,35-09-M02815Ã–,35,CIGLI,ATATURK,39690.0,7736.0,0,0,0,0,0,1,0.0,0.0,0.0,0.0,0.0,7736.0,0,
5000008690,38.4614321,27.11636629,35-04-K00055,35,KARSIYAKA,BAHARIYE,4.074,33589.53,2,0,0,0,0,0,33589.53,0.0,0.0,0.0,0.0,0.0,0,AYDINLATMA
5000008694,38.46002995,27.11043731,35-04-K01781,35,KARSIYAKA,BAHRIYE UCOK,1.222,5208.356,1,0,0,0,0,0,5208.356,0.0,0.0,0.0,0.0,0.0,0,AYDINLATMA
5000009307,38.49251489,27.09702961,35-04-M00924,35,KARSIYAKA,MUSTAFA KEMAL,1.695,4917.414,1,0,0,0,0,0,4917.414,0.0,0.0,0.0,0.0,0.0,0,AYDINLATMA
5000012875,38.4981089,27.0491394,35-09-M02464,35,CIGLI,YENI MAHALLE,10.558285714285715,9915.507,0,2,0,0,5,0,0.0,986.716,0.0,0.0,8928.791000000001,0.0,7,KUCUK_TICARETHANE
5000026195,38.45823104,27.11556851,35-04-K00590,35,KARSIYAKA,BAHARIYE,5.12,3611.714,0,0,0,0,1,0,0.0,0.0,0.0,0.0,3611.714,0.0,1,KUCUK_TICARETHANE
5000028457,38.49882276,27.12380004,35-04-K04757,35,KARSIYAKA,LATIFE HANIM,8.54,22336.37,0,0,0,0,1,0,0.0,0.0,0.0,0.0,22336.37,0.0,1,ORTA_TICARETHANE
5000037527,38.49056321,26.94537013,35-09-M02365Ã–,35,CIGLI,SASALLI MERKEZ,400.0,157523.6,0,0,1,0,0,0,0.0,0.0,157523.6,0.0,0.0,0.0,1,ORTA_SANAYI
5000038289,38.50507764,26.99180226,35-09-M01145,35,CIGLI,KAKLIC,14.947999999999999,16928.689,0,0,0,0,5,0,0.0,0.0,0.0,0.0,16928.689,0.0,5,ORTA_TICARETHANE
5000043404,38.4735496,27.10713407,35-04-M02100,35,KARSIYAKA,IMBATLI,434.22,47346.4,0,0,0,0,1,0,0.0,0.0,0.0,0.0,47346.4,0.0,1,ORTA_TICARETHANE
5000044614,38.4631618,27.10600583,35-04-K01692,35,KARSIYAKA,GONCALAR,5.0,6026.477,0,0,0,0,1,0,0.0,0.0,0.0,0.0,6026.477,0.0,1,KUCUK_TICARETHANE
5000047970,38.4773818,27.10269455,35-04-M02404,35,KARSIYAKA,CUMHURIYET,6.297,23980.07,1,0,0,0,0,0,23980.07,0.0,0.0,0.0,0.0,0.0,0,AYDINLATMA
5000048327,38.49405043,27.05810345,35-09-K04020,35,CIGLI,YENI MAHALLE,6.033,21418.73,1,0,0,0,0,0,21418.73,0.0,0.0,0.0,0.0,0.0,0,AYDINLATMA
5000048334,38.50044465,26.95844132,35-09-M00910,35,CIGLI,SASALLI MERKEZ,2.308,5025.844,1,0,0,0,0,0,5025.844,0.0,0.0,0.0,0.0,0.0,0,AYDINLATMA
5000048399,38.46788439,27.11383603,35-04-M01889,35,KARSIYAKA,BAHCELIEVLER,14.598307692307694,165871.585,0,1,0,0,38,0,0.0,1966.197,0.0,0.0,163905.388,0.0,39,ORTA_TICARETHANE
5000048603,38.4856897,27.0702598,35-09-M01945,35,CIGLI,ATASEHIR,4.381,13740.5,1,0,0,0,0,0,13740.5,0.0,0.0,0.0,0.0,0.0,0,AYDINLATMA
5000048995,38.503412,26.943951,35-09-M00631Ã–,35,CIGLI,SASALLI MERKEZ,1000.0,431771.7,0,0,1,0,0,0,0.0,0.0,431771.7,0.0,0.0,0.0,1,BUYUK_SANAYI
5000054155,38.50057083,27.12101143,35-04-K04756,35,KARSIYAKA,LATIFE HANIM,154.3,115878.9,0,0,0,0,1,0,0.0,0.0,0.0,0.0,115878.9,0.0,1,ORTA_TICARETHANE
5000055480,38.50055245,26.94246838,35-09-M00387Ã–,35,CIGLI,SASALLI MERKEZ,250.0,39363.6,0,0,1,0,0,0,0.0,0.0,39363.6,0.0,0.0,0.0,1,ORTA_SANAYI
5000055489,38.50055659,26.94190105,35-09-M00898Ã–,35,CIGLI,SASALLI MERKEZ,400.0,418929.3,0,0,1,0,0,0,0.0,0.0,418929.3,0.0,0.0,0.0,1,BUYUK_SANAYI
5000055492,38.500252,26.94190318,35-09-M01079Ã–,35,CIGLI,SASALLI MERKEZ,400.0,158145.7,0,0,0,0,1,0,0.0,0.0,0.0,0.0,158145.7,0.0,1,ORTA_TICARETHANE
5000056750,38.49807174,27.12336466,35-04-K04756,35,KARSIYAKA,LATIFE HANIM,8.42,5486.375,0,0,0,0,1,0,0.0,0.0,0.0,0.0,5486.375,0.0,1,KUCUK_TICARETHANE
5000057592,38.4749333,27.07531238,35-04-K02593,35,KARSIYAKA,MAVISEHIR,50.3,75506.8,0,0,0,0,1,0,0.0,0.0,0.0,0.0,75506.8,0.0,1,ORTA_TICARETHANE
5000065737,38.46041883,27.12393752,35-04-K03102,35,KARSIYAKA,ALAYBEY,9.649,35592.908,0,8,0,0,4,0,0.0,14978.626,0.0,0.0,20614.282,0.0,12,ORTA_TICARETHANE
5000069364,38.51061204,27.04138486,35-09-M01932,35,CIGLI,BALATCIK,8.62,36604.112,0,0,0,0,10,0,0.0,0.0,0.0,0.0,36604.112,0.0,10,ORTA_TICARETHANE
5000071726,38.470409,27.0808753,35-04-K04721,35,KARSIYAKA,MAVISEHIR,43.232,9402.573,0,0,0,0,1,0,0.0,0.0,0.0,0.0,9402.573,0.0,1,ORTA_TICARETHANE
5000074022,38.49110893,27.0774673,35-09-K04899Ã–,35,CIGLI,AYDINLIKEVLER,630.0,278180.3,0,0,0,0,1,0,0.0,0.0,0.0,0.0,278180.3,0.0,1,BUYUK_TICARETHANE
5000076407,38.4982188,27.12336912,35-04-K04756,35,KARSIYAKA,LATIFE HANIM,8.42,6927.333,0,0,0,0,1,0,0.0,0.0,0.0,0.0,6927.333,0.0,1,KUCUK_TICARETHANE
5000080836,38.47509371,27.09985538,35-04-M02425,35,KARSIYAKA,SEMIKLER,6.614,49129.41,2,0,0,0,0,0,49129.41,0.0,0.0,0.0,0.0,0.0,0,AYDINLATMA
5000083815,38.46794708,27.06638628,35-04-M01801,35,KARSIYAKA,MAVISEHIR,10.72,15286.29,1,0,0,0,0,0,15286.29,0.0,0.0,0.0,0.0,0.0,0,AYDINLATMA
5000087423,38.50428993,27.0510788,35-09-M02439,35,CIGLI,KUCUK CIGLI,5.3,0.96,0,0,0,0,1,0,0.0,0.0,0.0,0.0,0.96,0.0,1,KUCUK_TICARETHANE
5000088864,38.53360243,27.0495942,35-09-M00219,35,CIGLI,HARMANDALI GAZI MUSTAFA KEMAL ATATURK,3.39,2107.299,1,0,0,0,0,0,2107.299,0.0,0.0,0.0,0.0,0.0,0,AYDINLATMA
5000090861,38.45200846,27.11624401,35-04-K00681,35,KARSIYAKA,DONANMACI,27.33,23162.34,0,0,0,0,1,0,0.0,0.0,0.0,0.0,23162.34,0.0,1,ORTA_TICARETHANE
5000090865,38.45453571,27.11930258,35-04-K00133,35,KARSIYAKA,DONANMACI,12.752,26811.778,0,0,0,0,3,0,0.0,0.0,0.0,0.0,26811.778,0.0,3,ORTA_TICARETHANE
5000096318,38.468681,27.07243,35-04-M02361Ã–,35,KARSIYAKA,MAVISEHIR,630.0,650221.1,0,0,0,0,1,0,0.0,0.0,0.0,0.0,650221.1,0.0,1,BUYUK_TICARETHANE
5000099776,38.47490155,27.11485106,35-04-M01265,35,KARSIYAKA,ORNEKKOY,10.975,23070.232,0,0,0,0,4,0,0.0,0.0,0.0,0.0,23070.232,0.0,4,ORTA_TICARETHANE
5000102795,38.47726282,27.09938058,35-04-M01834,35,KARSIYAKA,CUMHURIYET,4.5,11952.0,1,0,0,0,0,0,11952.0,0.0,0.0,0.0,0.0,0.0,0,AYDINLATMA
5000105628,38.49102779,27.06983943,35-09-M01951,35,CIGLI,MALTEPE,8.96,18364.97,0,0,0,0,1,0,0.0,0.0,0.0,0.0,18364.97,0.0,1,ORTA_TICARETHANE
5000106835,38.4746639,27.1074302,35-04-K00427,35,KARSIYAKA,IMBATLI,8.5,8898.644,0,0,0,0,1,0,0.0,0.0,0.0,0.0,8898.644,0.0,1,KUCUK_TICARETHANE
5000111235,38.49778633,27.06196451,,35,CIGLI,KUCUK CIGLI,5.0,3712.532,0,0,0,0,1,0,0.0,0.0,0.0,0.0,3712.532,0.0,1,KUCUK_TICARETHANE
5000111696,38.51111429,27.04044418,35-09-M00999,35,CIGLI,BALATCIK,10.114285714285714,52574.352999999996,0,4,0,0,3,0,0.0,6228.707,0.0,0.0,46345.64599999999,0.0,7,ORTA_TICARETHANE
5000114235,38.50478086,27.10019635,35-04-M02856Ã–,35,KARSIYAKA,ZUBEYDE HANIM,100.0,14722.98,0,0,0,0,1,0,0.0,0.0,0.0,0.0,14722.98,0.0,1,ORTA_TICARETHANE
5000115329,38.4827176,27.0942094,35-04-M01360,35,KARSIYAKA,CUMHURIYET,7.947,31197.12,1,0,0,0,0,0,31197.12,0.0,0.0,0.0,0.0,0.0,0,AYDINLATMA
5000122184,38.47472486,27.10443594,35-04-K00427,35,KARSIYAKA,IMBATLI,5.0,2000.216,0,0,0,0,1,0,0.0,0.0,0.0,0.0,2000.216,0.0,1,KUCUK_TICARETHANE
5000124111,38.45870609,27.11567919,35-04-K00590,35,KARSIYAKA,BAHARIYE,11.698285714285715,15526.572,0,2,0,0,5,0,0.0,1985.502,0.0,0.0,13541.07,0.0,7,ORTA_TICARETHANE
5000125517,38.45829471,27.1214242,35-04-K00017,35,KARSIYAKA,ALAYBEY,5.0,1954.002,0,0,0,0,1,0,0.0,0.0,0.0,0.0,1954.002,0.0,1,KUCUK_TICARETHANE
5000125535,38.45745812,27.11741664,35-04-K04188,35,KARSIYAKA,TUNA,5.0,2047.028,0,0,0,0,1,0,0.0,0.0,0.0,0.0,2047.028,0.0,1,KUCUK_TICARETHANE
5000125538,38.45880305,27.11878823,35-04-K04188,35,KARSIYAKA,TUNA,5.0,2037.741,0,0,0,0,1,0,0.0,0.0,0.0,0.0,2037.741,0.0,1,KUCUK_TICARETHANE
5000125542,38.46103791,27.11540461,35-04-K00055,35,KARSIYAKA,BAHARIYE,5.0,855.485,0,0,0,0,1,0,0.0,0.0,0.0,0.0,855.485,0.0,1,KUCUK_TICARETHANE
5000125547,38.4604649,27.11641326,35-04-K00055,35,KARSIYAKA,BAHARIYE,5.0,2103.396,0,0,0,0,1,0,0.0,0.0,0.0,0.0,2103.396,0.0,1,KUCUK_TICARETHANE
5000125552,38.45551656,27.11778661,35-04-K03224,35,KARSIYAKA,DONANMACI,5.0,1110.037,0,0,0,0,1,0,0.0,0.0,0.0,0.0,1110.037,0.0,1,KUCUK_TICARETHANE
5000125555,38.45741674,27.12270237,35-04-K00893,35,KARSIYAKA,TUNA,5.0,1075.259,0,0,0,0,1,0,0.0,0.0,0.0,0.0,1075.259,0.0,1,KUCUK_TICARETHANE
5000125558,38.45748544,27.12361133,35-04-K03109,35,KARSIYAKA,TUNA,5.0,659.486,0,0,0,0,1,0,0.0,0.0,0.0,0.0,659.486,0.0,1,KUCUK_TICARETHANE
5000125561,38.45920608,27.11994245,35-04-K00017,35,KARSIYAKA,ALAYBEY,5.0,943.297,0,0,0,0,1,0,0.0,0.0,0.0,0.0,943.297,0.0,1,KUCUK_TICARETHANE
5000125564,38.45815765,27.12218053,35-04-K00017,35,KARSIYAKA,TUNA,5.0,1843.496,0,0,0,0,1,0,0.0,0.0,0.0,0.0,1843.496,0.0,1,KUCUK_TICARETHANE
5000125567,38.45829428,27.12396332,35-04-K03109,35,KARSIYAKA,ALAYBEY,5.0,1028.484,0,0,0,0,1,0,0.0,0.0,0.0,0.0,1028.484,0.0,1,KUCUK_TICARETHANE
5000125570,38.45836686,27.1230383,35-04-K03109,35,KARSIYAKA,ALAYBEY,5.0,1770.052,0,0,0,0,1,0,0.0,0.0,0.0,0.0,1770.052,0.0,1,KUCUK_TICARETHANE
5000125573,38.45767479,27.12218103,35-04-K00893,35,KARSIYAKA,TUNA,5.0,939.241,0,0,0,0,1,0,0.0,0.0,0.0,0.0,939.241,0.0,1,KUCUK_TICARETHANE
5000125576,38.45509746,27.117779,35-04-K03224,35,KARSIYAKA,DONANMACI,5.0,2010.804,0,0,0,0,1,0,0.0,0.0,0.0,0.0,2010.804,0.0,1,KUCUK_TICARETHANE
5000127794,38.49808479,27.12291712,35-04-K04756,35,KARSIYAKA,LATIFE HANIM,9.752,6339.779,0,0,0,0,1,0,0.0,0.0,0.0,0.0,6339.779,0.0,1,KUCUK_TICARETHANE
5000127966,38.49809647,27.12268018,35-04-K04756,35,KARSIYAKA,LATIFE HANIM,10.028,3418.742,0,0,0,0,1,0,0.0,0.0,0.0,0.0,3418.742,0.0,1,KUCUK_TICARETHANE
5000128000,38.49808729,27.12279821,35-04-K04756,35,KARSIYAKA,LATIFE HANIM,9.76,4907.773,0,0,0,0,1,0,0.0,0.0,0.0,0.0,4907.773,0.0,1,KUCUK_TICARETHANE
5000128138,38.51096704,26.98850738,35-09-M00256,35,CIGLI,KAKLIC,5.5,6321.77,0,0,0,0,1,0,0.0,0.0,0.0,0.0,6321.77,0.0,1,KUCUK_TICARETHANE
5000131183,38.48333764,27.08699979,35-04-K01141,35,KARSIYAKA,CUMHURIYET,5.44,4371.291,0,0,0,0,1,0,0.0,0.0,0.0,0.0,4371.291,0.0,1,KUCUK_TICARETHANE
5000131261,38.47212928,27.08048774,35-04-K02426,35,KARSIYAKA,MAVISEHIR,20.859,636.34,0,0,0,0,1,0,0.0,0.0,0.0,0.0,636.34,0.0,1,ORTA_TICARETHANE
5000136789,38.49207512,27.07818784,35-09-K03320,35,CIGLI,AYDINLIKEVLER,50.629999999999995,59992.152,0,1,0,0,2,0,0.0,40460.41,0.0,0.0,19531.742,0.0,3,ORTA_TICARETHANE
5000138903,38.48966172,27.1103137,35-04-K02447,35,KARSIYAKA,ZUBEYDE HANIM,5.0,1605.32,0,0,0,0,1,0,0.0,0.0,0.0,0.0,1605.32,0.0,1,KUCUK_TICARETHANE
5000138906,38.48503248,27.10626242,35-04-M02893,35,KARSIYAKA,ORNEKKOY,5.0,1112.927,0,0,0,0,1,0,0.0,0.0,0.0,0.0,1112.927,0.0,1,KUCUK_TICARETHANE
5000138909,38.49656699,27.11259976,35-04-K04171,35,KARSIYAKA,ZUBEYDE HANIM,5.0,770.6,0,0,0,0,1,0,0.0,0.0,0.0,0.0,770.6,0.0,1,KUCUK_TICARETHANE
5000138980,38.48017941,27.09866381,35-04-K02323,35,KARSIYAKA,CUMHURIYET,5.0,5850.547,0,0,0,0,1,0,0.0,0.0,0.0,0.0,5850.547,0.0,1,KUCUK_TICARETHANE
5000139035,38.4982259,27.12326293,35-04-K04756,35,KARSIYAKA,LATIFE HANIM,9.76,22693.68,0,0,0,0,1,0,0.0,0.0,0.0,0.0,22693.68,0.0,1,ORTA_TICARETHANE
5000139902,38.48643061,27.06890615,35-09-M01945,35,CIGLI,ATASEHIR,8.82,8177.915,0,0,0,0,1,0,0.0,0.0,0.0,0.0,8177.915,0.0,1,KUCUK_TICARETHANE
5000140857,38.49809784,27.12257005,35-04-K04756,35,KARSIYAKA,LATIFE HANIM,9.76,3364.045,0,0,0,0,1,0,0.0,0.0,0.0,0.0,3364.045,0.0,1,KUCUK_TICARETHANE
5000142284,38.50561234,27.04678853,35-09-K01869,35,CIGLI,BALATCIK,10.453333333333333,3289.073,0,2,0,0,1,0,0.0,1785.542,0.0,0.0,1503.531,0.0,3,KUCUK_TICARETHANE
5000144919,38.47842694,27.10488221,35-04-M02555,35,KARSIYAKA,ORNEKKOY,8.347,13105.8,1,0,0,0,0,0,13105.8,0.0,0.0,0.0,0.0,0.0,0,AYDINLATMA
5000149339,38.47736208,27.09350787,35-04-K00215,35,KARSIYAKA,SEMIKLER,5.0,6935.187,0,0,0,0,1,0,0.0,0.0,0.0,0.0,6935.187,0.0,1,KUCUK_TICARETHANE
5000151757,38.48110582,27.08486341,35-04-K01664,35,KARSIYAKA,SEMIKLER,7.2,10929.18,0,0,0,0,1,0,0.0,0.0,0.0,0.0,10929.18,0.0,1,ORTA_TICARETHANE
5000152678,38.45677632,27.11086684,35-04-K00872,35,KARSIYAKA,AKSOY,5.0,1860.157,0,0,0,0,1,0,0.0,0.0,0.0,0.0,1860.157,0.0,1,KUCUK_TICARETHANE
5000152681,38.45665588,27.11591976,35-04-K01746,35,KARSIYAKA,DONANMACI,5.0,857.0,0,0,0,0,1,0,0.0,0.0,0.0,0.0,857.0,0.0,1,KUCUK_TICARETHANE
5000152684,38.45635311,27.10907605,35-04-K03074,35,KARSIYAKA,AKSOY,5.0,1755.364,0,0,0,0,1,0,0.0,0.0,0.0,0.0,1755.364,0.0,1,KUCUK_TICARETHANE
5000152687,38.4558285,27.11671387,35-04-K01746,35,KARSIYAKA,DONANMACI,5.0,1870.398,0,0,0,0,1,0,0.0,0.0,0.0,0.0,1870.398,0.0,1,KUCUK_TICARETHANE
5000152690,38.45732285,27.11947544,35-04-K03844,35,KARSIYAKA,TUNA,5.0,2110.334,0,0,0,0,1,0,0.0,0.0,0.0,0.0,2110.334,0.0,1,KUCUK_TICARETHANE
5000152733,38.45380182,27.11206045,35-04-K00282,35,KARSIYAKA,DONANMACI,5.0,1353.798,0,0,0,0,1,0,0.0,0.0,0.0,0.0,1353.798,0.0,1,KUCUK_TICARETHANE
5000152736,38.45684268,27.11844134,35-04-K01681,35,KARSIYAKA,TUNA,5.0,2001.841,0,0,0,0,1,0,0.0,0.0,0.0,0.0,2001.841,0.0,1,KUCUK_TICARETHANE
5000152739,38.45457192,27.11200694,35-04-K01293,35,KARSIYAKA,AKSOY,5.0,1367.961,0,0,0,0,1,0,0.0,0.0,0.0,0.0,1367.961,0.0,1,KUCUK_TICARETHANE
5000152745,38.45724508,27.11242801,35-04-K03204,35,KARSIYAKA,DONANMACI,5.0,1525.606,0,0,0,0,1,0,0.0,0.0,0.0,0.0,1525.606,0.0,1,KUCUK_TICARETHANE
5000152749,38.45417556,27.11460902,35-04-K00018,35,KARSIYAKA,DONANMACI,5.0,1600.632,0,0,0,0,1,0,0.0,0.0,0.0,0.0,1600.632,0.0,1,KUCUK_TICARETHANE
5000152754,38.45493006,27.10969413,35-04-K03074,35,KARSIYAKA,AKSOY,5.0,1687.132,0,0,0,0,1,0,0.0,0.0,0.0,0.0,1687.132,0.0,1,KUCUK_TICARETHANE
5000152759,38.45386228,27.10848071,35-04-K00753,35,KARSIYAKA,AKSOY,5.0,1533.535,0,0,0,0,1,0,0.0,0.0,0.0,0.0,1533.535,0.0,1,KUCUK_TICARETHANE
5000152762,38.45345188,27.11431916,35-04-K03185,35,KARSIYAKA,DONANMACI,5.0,851.179,0,0,0,0,1,0,0.0,0.0,0.0,0.0,851.179,0.0,1,KUCUK_TICARETHANE
5000152767,38.45480804,27.11033694,35-04-K03074,35,KARSIYAKA,AKSOY,5.0,1028.063,0,0,0,0,1,0,0.0,0.0,0.0,0.0,1028.063,0.0,1,KUCUK_TICARETHANE
5000152770,38.45174989,27.10798003,35-04-K00753,35,KARSIYAKA,AKSOY,5.0,1612.492,0,0,0,0,1,0,0.0,0.0,0.0,0.0,1612.492,0.0,1,KUCUK_TICARETHANE
5000152833,38.45676366,27.11532228,35-04-K01746,35,KARSIYAKA,DONANMACI,5.0,2033.22,0,0,0,0,1,0,0.0,0.0,0.0,0.0,2033.22,0.0,1,KUCUK_TICARETHANE
5000152836,38.45626582,27.11520236,35-04-K00018,35,KARSIYAKA,DONANMACI,5.0,1856.1,0,0,0,0,1,0,0.0,0.0,0.0,0.0,1856.1,0.0,1,KUCUK_TICARETHANE
5000152839,38.45649116,27.11208284,35-04-K00872,35,KARSIYAKA,AKSOY,5.0,901.919,0,0,0,0,1,0,0.0,0.0,0.0,0.0,901.919,0.0,1,KUCUK_TICARETHANE
5000152842,38.4585055,27.11538168,35-04-K00590,35,KARSIYAKA,BAHARIYE,5.0,1497.711,0,0,0,0,1,0,0.0,0.0,0.0,0.0,1497.711,0.0,1,KUCUK_TICARETHANE
5000152847,38.4564926,27.10710078,35-04-M03251,35,KARSIYAKA,AKSOY,5.0,1552.291,0,0,0,0,1,0,0.0,0.0,0.0,0.0,1552.291,0.0,1,KUCUK_TICARETHANE
5000152852,38.45508401,27.10695119,35-04-K00277,35,KARSIYAKA,AKSOY,5.0,1302.86,0,0,0,0,1,0,0.0,0.0,0.0,0.0,1302.86,0.0,1,KUCUK_TICARETHANE
5000152897,38.45139329,27.1049095,35-04-K02618,35,KARSIYAKA,AKSOY,5.0,1069.935,0,0,0,0,1,0,0.0,0.0,0.0,0.0,1069.935,0.0,1,KUCUK_TICARETHANE
5000152902,38.45686165,27.11850681,35-04-K01681,35,KARSIYAKA,TUNA,5.0,936.896,0,0,0,0,1,0,0.0,0.0,0.0,0.0,936.896,0.0,1,KUCUK_TICARETHANE
5000152922,38.45316108,27.11191646,35-04-K00282,35,KARSIYAKA,DONANMACI,5.0,1846.283,0,0,0,0,1,0,0.0,0.0,0.0,0.0,1846.283,0.0,1,KUCUK_TICARETHANE
5000152956,38.4572317,27.11991365,35-04-K00928,35,KARSIYAKA,TUNA,5.0,1812.128,0,0,0,0,1,0,0.0,0.0,0.0,0.0,1812.128,0.0,1,KUCUK_TICARETHANE
5000153829,38.46009136,27.1067266,35-04-K00706,35,KARSIYAKA,NERGIZ,8.5,0.0,0,0,0,0,1,0,0.0,0.0,0.0,0.0,0.0,0.0,1,KUCUK_TICARETHANE
5000157430,38.50063333,27.12207418,35-04-K04756,35,KARSIYAKA,LATIFE HANIM,8.134,23969.686999999998,0,0,0,0,5,0,0.0,0.0,0.0,0.0,23969.686999999998,0.0,5,ORTA_TICARETHANE
5000157451,38.50032618,27.12212949,35-04-K04756,35,KARSIYAKA,LATIFE HANIM,8.134,15972.349001,0,0,0,0,4,0,0.0,0.0,0.0,0.0,15972.349001,0.0,4,ORTA_TICARETHANE
5000457507,38.49522876,27.08248549,35-09-K01954,35,CIGLI,AHMET TANER KISLALI,93.094,122181.804,0,0,0,0,2,0,0.0,0.0,0.0,0.0,122181.804,0.0,2,ORTA_TICARETHANE
5000459512,38.4792983,27.06659,35-09-M01458,35,CIGLI,ATASEHIR,7.56625,40584.105,0,0,0,0,4,0,0.0,0.0,0.0,0.0,40584.105,0.0,4,ORTA_TICARETHANE
5000459570,38.49810952,27.12245861,35-04-K04756,35,KARSIYAKA,LATIFE HANIM,9.76,4664.157,0,0,0,0,1,0,0.0,0.0,0.0,0.0,4664.157,0.0,1,KUCUK_TICARETHANE
5000459682,38.4982504,27.12232785,35-04-K04756,35,KARSIYAKA,LATIFE HANIM,9.752,2765.772,0,0,0,0,1,0,0.0,0.0,0.0,0.0,2765.772,0.0,1,KUCUK_TICARETHANE
5000459683,38.4982401,27.12246036,35-04-K04756,35,KARSIYAKA,LATIFE HANIM,9.76,570.528,0,0,0,0,1,0,0.0,0.0,0.0,0.0,570.528,0.0,1,KUCUK_TICARETHANE
5000459692,38.49824431,27.12257707,35-04-K04756,35,KARSIYAKA,LATIFE HANIM,9.76,611.225,0,0,0,0,1,0,0.0,0.0,0.0,0.0,611.225,0.0,1,KUCUK_TICARETHANE
5000459696,38.49823684,27.1226973,35-04-K04756,35,KARSIYAKA,LATIFE HANIM,9.76,2170.227,0,0,0,0,1,0,0.0,0.0,0.0,0.0,2170.227,0.0,1,KUCUK_TICARETHANE
5000460145,38.49822585,27.12280962,35-04-K04756,35,KARSIYAKA,LATIFE HANIM,9.76,10593.16,0,0,0,0,1,0,0.0,0.0,0.0,0.0,10593.16,0.0,1,ORTA_TICARETHANE
5000460179,38.49823253,27.12303653,35-04-K04756,35,KARSIYAKA,LATIFE HANIM,9.76,647.165,0,0,0,0,1,0,0.0,0.0,0.0,0.0,647.165,0.0,1,KUCUK_TICARETHANE
5000467646,38.45829567,27.11833692,35-04-K04188,35,KARSIYAKA,TUNA,5.0,2787.947,0,0,0,0,1,0,0.0,0.0,0.0,0.0,2787.947,0.0,1,KUCUK_TICARETHANE
5000467649,38.45503499,27.10886529,35-04-K03074,35,KARSIYAKA,AKSOY,5.0,852.199,0,0,0,0,1,0,0.0,0.0,0.0,0.0,852.199,0.0,1,KUCUK_TICARETHANE
5000468766,38.50427699,27.04797253,35-09-M02465,35,CIGLI,KUCUK CIGLI,10.836666666666666,5256.4,0,2,0,0,1,0,0.0,4565.806,0.0,0.0,690.594,0.0,3,KUCUK_TICARETHANE
5000468847,38.50270034,27.04293728,35-09-M02549,35,CIGLI,KUCUK CIGLI,12.0,1041.707,0,0,0,0,1,0,0.0,0.0,0.0,0.0,1041.707,0.0,1,KUCUK_TICARETHANE
5000468861,38.45534389,27.12032858,35-04-K01990,35,KARSIYAKA,TUNA,60.0,11108.47,0,0,0,0,1,0,0.0,0.0,0.0,0.0,11108.47,0.0,1,ORTA_TICARETHANE
5000468931,38.45663634,27.09417459,35-04-K00525,35,KARSIYAKA,BOSTANLI,30.0,0.0,0,0,0,0,1,0,0.0,0.0,0.0,0.0,0.0,0.0,1,ORTA_TICARETHANE
5000471885,38.52016345,27.03875023,35-09-M00625,35,CIGLI,AHMET EFENDI,5.4,2619.701,0,0,0,0,1,0,0.0,0.0,0.0,0.0,2619.701,0.0,1,KUCUK_TICARETHANE
5000471990,38.50084412,27.05445385,35-09-K01866,35,CIGLI,KUCUK CIGLI,5.4,7003.003,0,0,0,0,1,0,0.0,0.0,0.0,0.0,7003.003,0.0,1,KUCUK_TICARETHANE
5000472006,38.51705566,27.06078307,35-09-K04390,35,CIGLI,ATATURK,5.4,3.808,0,0,0,0,1,0,0.0,0.0,0.0,0.0,3.808,0.0,1,KUCUK_TICARETHANE
5000472864,38.49394639,27.07764627,35-09-M01981,35,CIGLI,MALTEPE,188.53,84384.35,0,0,0,0,1,0,0.0,0.0,0.0,0.0,84384.35,0.0,1,ORTA_TICARETHANE
5000476221,38.47492168,27.07018424,35-04-M02659,35,KARSIYAKA,MAVISEHIR,45.55659090909091,321250.429,0,15,0,0,7,0,0.0,51807.969,0.0,0.0,269442.46,0.0,22,ORTA_TICARETHANE
5000476222,38.47492168,27.07109689,35-04-M02659,35,KARSIYAKA,MAVISEHIR,41.12682352941176,274307.245,0,10,0,0,7,0,0.0,44530.936,0.0,0.0,229776.30899999998,0.0,17,ORTA_TICARETHANE
5000476231,38.47425721,27.07004294,35-04-M02659,35,KARSIYAKA,MAVISEHIR,42.497,7949.25,0,1,0,0,1,0,0.0,2744.385,0.0,0.0,5204.865,0.0,2,ORTA_TICARETHANE
5000480159,38.49822395,27.12315149,35-04-K04756,35,KARSIYAKA,LATIFE HANIM,9.76,7020.053,0,0,0,0,1,0,0.0,0.0,0.0,0.0,7020.053,0.0,1,KUCUK_TICARETHANE
5000489365,38.49810231,27.12235067,35-04-K04756,35,KARSIYAKA,LATIFE HANIM,9.752,2853.581,0,0,0,0,1,0,0.0,0.0,0.0,0.0,2853.581,0.0,1,KUCUK_TICARETHANE
5000489945,38.4732867,27.09262495,35-04-K03211,35,KARSIYAKA,SEMIKLER,8.5,0.0,0,0,0,0,1,0,0.0,0.0,0.0,0.0,0.0,0.0,1,KUCUK_TICARETHANE
5000490551,38.52815512,27.04723862,35-09-M00212,35,CIGLI,INONU,5.0,2774.605,0,0,0,0,1,0,0.0,0.0,0.0,0.0,2774.605,0.0,1,KUCUK_TICARETHANE
5000492300,38.45088301,27.10684754,35-04-K00491,35,KARSIYAKA,AKSOY,8.6,7782.086,0,0,0,0,1,0,0.0,0.0,0.0,0.0,7782.086,0.0,1,KUCUK_TICARETHANE
5000495702,38.46020481,27.1214749,35-04-K00166,35,KARSIYAKA,ALAYBEY,8.5,3878.257,0,0,0,0,1,0,0.0,0.0,0.0,0.0,3878.257,0.0,1,KUCUK_TICARETHANE
5000499320,38.48779694,27.07826615,35-09-M01608,35,CIGLI,AYDINLIKEVLER,142.11,90074.34,0,0,0,0,1,0,0.0,0.0,0.0,0.0,90074.34,0.0,1,ORTA_TICARETHANE
5000500491,38.46520381,27.12017213,35-04-K01758,35,KARSIYAKA,BAHCELIEVLER,8.2,14675.13,0,0,0,0,1,0,0.0,0.0,0.0,0.0,14675.13,0.0,1,ORTA_TICARETHANE
5000501105,38.50419787,27.11350259,,35,KARSIYAKA,ZUBEYDE HANIM,10.0,28875.8,0,0,0,0,1,0,0.0,0.0,0.0,0.0,28875.8,0.0,1,ORTA_TICARETHANE
5000501872,38.47882496,27.10188192,35-04-K02323,35,KARSIYAKA,CUMHURIYET,5.0,3154.079,0,0,0,0,1,0,0.0,0.0,0.0,0.0,3154.079,0.0,1,KUCUK_TICARETHANE
5000501877,38.48301805,27.09592227,35-04-K00243,35,KARSIYAKA,CUMHURIYET,5.0,2595.993,0,0,0,0,1,0,0.0,0.0,0.0,0.0,2595.993,0.0,1,KUCUK_TICARETHANE
5000501882,38.47727355,27.10256968,35-04-M02404,35,KARSIYAKA,CUMHURIYET,5.0,3179.19,0,0,0,0,1,0,0.0,0.0,0.0,0.0,3179.19,0.0,1,KUCUK_TICARETHANE
5000501885,38.48134412,27.09919092,35-04-M01026,35,KARSIYAKA,CUMHURIYET,5.0,2922.19,0,0,0,0,1,0,0.0,0.0,0.0,0.0,2922.19,0.0,1,KUCUK_TICARETHANE
5000501888,38.48297175,27.09596419,35-04-K00243,35,KARSIYAKA,CUMHURIYET,5.0,1385.273,0,0,0,0,1,0,0.0,0.0,0.0,0.0,1385.273,0.0,1,KUCUK_TICARETHANE
5000501932,38.48288473,27.09789176,35-04-K00243,35,KARSIYAKA,CUMHURIYET,5.0,2684.389,0,0,0,0,1,0,0.0,0.0,0.0,0.0,2684.389,0.0,1,KUCUK_TICARETHANE
5000501935,38.48253033,27.10254103,35-04-K04012,35,KARSIYAKA,ORNEKKOY,5.0,2891.12,0,0,0,0,1,0,0.0,0.0,0.0,0.0,2891.12,0.0,1,KUCUK_TICARETHANE
5000501938,38.48424978,27.09986612,35-04-M02466,35,KARSIYAKA,INONU,5.0,2827.44,0,0,0,0,1,0,0.0,0.0,0.0,0.0,2827.44,0.0,1,KUCUK_TICARETHANE
5000501941,38.47843349,27.09927348,35-04-M01834,35,KARSIYAKA,CUMHURIYET,5.0,2351.114,0,0,0,0,1,0,0.0,0.0,0.0,0.0,2351.114,0.0,1,KUCUK_TICARETHANE
5000501944,38.47963283,27.10274285,35-04-K00244,35,KARSIYAKA,CUMHURIYET,5.0,1107.083,0,0,0,0,1,0,0.0,0.0,0.0,0.0,1107.083,0.0,1,KUCUK_TICARETHANE
5000501949,38.47604773,27.10277698,35-04-M01180,35,KARSIYAKA,CUMHURIYET,5.0,1165.992,0,0,0,0,1,0,0.0,0.0,0.0,0.0,1165.992,0.0,1,KUCUK_TICARETHANE
5000506372,38.49632341,27.05802513,35-09-K01864,35,CIGLI,YENI MAHALLE,8.5,166.942,0,0,0,0,1,0,0.0,0.0,0.0,0.0,166.942,0.0,1,KUCUK_TICARETHANE
5000506389,38.47189487,27.10894177,35-04-M02100,35,KARSIYAKA,IMBATLI,5.3,39169.43,0,0,0,0,1,0,0.0,0.0,0.0,0.0,39169.43,0.0,1,ORTA_TICARETHANE
5000507032,38.50794555,27.06021618,35-09-K01932,35,CIGLI,EGEKENT,251.21,35218.9,0,0,0,0,1,0,0.0,0.0,0.0,0.0,35218.9,0.0,1,ORTA_TICARETHANE
5000510565,38.52462625,27.04582085,35-09-M00845,35,CIGLI,UGUR MUMCU,32.346666666666664,37601.028,0,0,0,0,3,0,0.0,0.0,0.0,0.0,37601.028,0.0,3,ORTA_TICARETHANE
5000511853,38.50933464,27.04082742,35-09-M00396,35,CIGLI,BALATCIK,8.066666666666666,19976.699,0,0,0,0,6,0,0.0,0.0,0.0,0.0,19976.699,0.0,6,ORTA_TICARETHANE
5000512481,38.45639368,27.09971956,35-04-K02313,35,KARSIYAKA,BOSTANLI,5.0,351.232,0,0,0,0,1,0,0.0,0.0,0.0,0.0,351.232,0.0,1,KUCUK_TICARETHANE
5000513143,38.45734687,27.0945804,35-04-K00525,35,KARSIYAKA,BOSTANLI,8.5,4692.424,0,0,0,0,1,0,0.0,0.0,0.0,0.0,4692.424,0.0,1,KUCUK_TICARETHANE
5000513810,38.472985,27.0767383,35-04-K02592,35,KARSIYAKA,MAVISEHIR,584.0,12502.8,0,0,0,0,1,0,0.0,0.0,0.0,0.0,12502.8,0.0,1,ORTA_TICARETHANE
5000514721,38.48949382,27.06416461,35-09-M02083,35,CIGLI,ATASEHIR,4.74,18119.41,1,0,0,0,0,0,18119.41,0.0,0.0,0.0,0.0,0.0,0,AYDINLATMA
5000514724,38.5438332,27.05415886,35-09-M02078,35,CIGLI,CUMHURIYET,1.2,4466.033,1,0,0,0,0,0,4466.033,0.0,0.0,0.0,0.0,0.0,0,AYDINLATMA
5000515101,38.45340995,27.10742058,35-04-K03169,35,KARSIYAKA,AKSOY,5.0,863.479,0,0,0,0,1,0,0.0,0.0,0.0,0.0,863.479,0.0,1,KUCUK_TICARETHANE
5000515104,38.45037916,27.10891575,35-04-K03385,35,KARSIYAKA,AKSOY,5.0,712.618,0,0,0,0,1,0,0.0,0.0,0.0,0.0,712.618,0.0,1,KUCUK_TICARETHANE
5000515107,38.45918573,27.12031443,35-04-K00017,35,KARSIYAKA,ALAYBEY,5.0,2206.996,0,0,0,0,1,0,0.0,0.0,0.0,0.0,2206.996,0.0,1,KUCUK_TICARETHANE
5000515110,38.45695026,27.11385459,35-04-K00833,35,KARSIYAKA,DONANMACI,5.0,931.268,0,0,0,0,1,0,0.0,0.0,0.0,0.0,931.268,0.0,1,KUCUK_TICARETHANE
5000515153,38.45572884,27.11188125,35-04-K03204,35,KARSIYAKA,AKSOY,5.0,881.628,0,0,0,0,1,0,0.0,0.0,0.0,0.0,881.628,0.0,1,KUCUK_TICARETHANE
5000515156,38.45023665,27.11141751,35-04-K01191,35,KARSIYAKA,DONANMACI,5.0,681.981,0,0,0,0,1,0,0.0,0.0,0.0,0.0,681.981,0.0,1,KUCUK_TICARETHANE
5000515159,38.45692871,27.11397069,35-04-K00833,35,KARSIYAKA,DONANMACI,5.0,908.554,0,0,0,0,1,0,0.0,0.0,0.0,0.0,908.554,0.0,1,KUCUK_TICARETHANE
5000515162,38.45522396,27.11369277,35-04-K01293,35,KARSIYAKA,DONANMACI,5.0,906.601,0,0,0,0,1,0,0.0,0.0,0.0,0.0,906.601,0.0,1,KUCUK_TICARETHANE
5000515165,38.45494965,27.11484745,35-04-K00018,35,KARSIYAKA,DONANMACI,5.0,2159.467,0,0,0,0,1,0,0.0,0.0,0.0,0.0,2159.467,0.0,1,KUCUK_TICARETHANE
5000515168,38.45517509,27.11418545,35-04-K00833,35,KARSIYAKA,DONANMACI,5.0,951.765,0,0,0,0,1,0,0.0,0.0,0.0,0.0,951.765,0.0,1,KUCUK_TICARETHANE
5000515171,38.45373897,27.11583115,35-04-K00681,35,KARSIYAKA,DONANMACI,5.0,1397.085,0,0,0,0,1,0,0.0,0.0,0.0,0.0,1397.085,0.0,1,KUCUK_TICARETHANE
5000515197,38.45592995,27.11339987,35-04-K03204,35,KARSIYAKA,DONANMACI,5.0,954.922,0,0,0,0,1,0,0.0,0.0,0.0,0.0,954.922,0.0,1,KUCUK_TICARETHANE
5000515200,38.45240816,27.11588312,35-04-K00681,35,KARSIYAKA,DONANMACI,5.0,812.579,0,0,0,0,1,0,0.0,0.0,0.0,0.0,812.579,0.0,1,KUCUK_TICARETHANE
5000515203,38.45827743,27.11991986,35-04-K00928,35,KARSIYAKA,TUNA,5.0,1042.499,0,0,0,0,1,0,0.0,0.0,0.0,0.0,1042.499,0.0,1,KUCUK_TICARETHANE
5000515206,38.45899308,27.12144359,35-04-K00017,35,KARSIYAKA,ALAYBEY,5.0,1174.792,0,0,0,0,1,0,0.0,0.0,0.0,0.0,1174.792,0.0,1,KUCUK_TICARETHANE
5000515209,38.45845174,27.11998879,35-04-K00928,35,KARSIYAKA,TUNA,5.0,966.165,0,0,0,0,1,0,0.0,0.0,0.0,0.0,966.165,0.0,1,KUCUK_TICARETHANE
5000515869,38.45157381,27.10548768,35-04-K00491,35,KARSIYAKA,AKSOY,5.0,851.047,0,0,0,0,1,0,0.0,0.0,0.0,0.0,851.047,0.0,1,KUCUK_TICARETHANE
5000515892,38.45588942,27.11385363,35-04-K03204,35,KARSIYAKA,DONANMACI,5.0,859.866,0,0,0,0,1,0,0.0,0.0,0.0,0.0,859.866,0.0,1,KUCUK_TICARETHANE
5000515973,38.45100934,27.11361308,35-04-K00665,35,KARSIYAKA,DONANMACI,5.0,1405.431,0,0,0,0,1,0,0.0,0.0,0.0,0.0,1405.431,0.0,1,KUCUK_TICARETHANE
5000515976,38.45543587,27.10387863,,35,KARSIYAKA,BOSTANLI,5.0,854.276,0,0,0,0,1,0,0.0,0.0,0.0,0.0,854.276,0.0,1,KUCUK_TICARETHANE
5000515982,38.45310676,27.11228623,35-04-K00282,35,KARSIYAKA,DONANMACI,5.0,989.87,0,0,0,0,1,0,0.0,0.0,0.0,0.0,989.87,0.0,1,KUCUK_TICARETHANE
5000515988,38.45288245,27.10715123,35-04-K03169,35,KARSIYAKA,AKSOY,5.0,852.256,0,0,0,0,1,0,0.0,0.0,0.0,0.0,852.256,0.0,1,KUCUK_TICARETHANE
5000516018,38.45644126,27.11400448,35-04-K03204,35,KARSIYAKA,DONANMACI,5.0,1635.382,0,0,0,0,1,0,0.0,0.0,0.0,0.0,1635.382,0.0,1,KUCUK_TICARETHANE
5000516030,38.45489241,27.10766511,35-04-K00277,35,KARSIYAKA,AKSOY,5.0,1024.593,0,0,0,0,1,0,0.0,0.0,0.0,0.0,1024.593,0.0,1,KUCUK_TICARETHANE
5000516034,38.4527344,27.10375444,35-04-K01091,35,KARSIYAKA,BOSTANLI,5.0,694.853,0,0,0,0,1,0,0.0,0.0,0.0,0.0,694.853,0.0,1,KUCUK_TICARETHANE
5000516046,38.45136096,27.11426881,35-04-K00665,35,KARSIYAKA,DONANMACI,5.0,1234.164,0,0,0,0,1,0,0.0,0.0,0.0,0.0,1234.164,0.0,1,KUCUK_TICARETHANE
5000516063,38.45949518,27.116002,35-04-K01360,35,KARSIYAKA,BAHARIYE,5.0,2426.736,0,0,0,0,1,0,0.0,0.0,0.0,0.0,2426.736,0.0,1,KUCUK_TICARETHANE
5000516095,38.481644,27.1126995,35-04-K00928,35,KARSIYAKA,TUNA,5.94,11533.64,0,0,0,0,1,0,0.0,0.0,0.0,0.0,11533.64,0.0,1,ORTA_TICARETHANE
5000516100,38.45897219,27.12143298,35-04-K00017,35,KARSIYAKA,ALAYBEY,5.0,1024.493,0,0,0,0,1,0,0.0,0.0,0.0,0.0,1024.493,0.0,1,KUCUK_TICARETHANE
5000516220,38.48048227,27.05619984,35-09-K02537,35,CIGLI,ATASEHIR,8.35,32911.65,1,0,0,0,0,0,32911.65,0.0,0.0,0.0,0.0,0.0,0,AYDINLATMA
5000516223,38.47829121,27.04844559,35-09-K02537,35,CIGLI,ATATURK OSB,8.35,30009.75,1,0,0,0,0,0,30009.75,0.0,0.0,0.0,0.0,0.0,0,AYDINLATMA
5000518786,38.49256805,27.07500165,35-09-K03317,35,CIGLI,MALTEPE,5.0,3165.283,0,0,0,0,1,0,0.0,0.0,0.0,0.0,3165.283,0.0,1,KUCUK_TICARETHANE
5000520868,38.45818641,27.09914705,35-04-K02927Ã–,35,KARSIYAKA,BOSTANLI,950.0,1067757.0,0,0,0,0,1,0,0.0,0.0,0.0,0.0,1067757.0,0.0,1,BUYUK_TICARETHANE
5000522119,38.498575,27.0904867,35-09-M00233,35,CIGLI,EVKA - 2,75.75,442135.3,0,0,0,0,1,0,0.0,0.0,0.0,0.0,442135.3,0.0,1,ORTA_TICARETHANE
5000527144,38.45847763,27.12250862,35-04-K03109,35,KARSIYAKA,ALAYBEY,8.9,50049.48,0,0,0,0,1,0,0.0,0.0,0.0,0.0,50049.48,0.0,1,ORTA_TICARETHANE
5000527323,38.51900883,27.04231517,35-09-M01685,35,CIGLI,BALATCIK,8.2,4608.785,0,0,0,0,1,0,0.0,0.0,0.0,0.0,4608.785,0.0,1,KUCUK_TICARETHANE
5000530839,38.47701034,27.09440721,35-04-M02441,35,KARSIYAKA,SEMIKLER,8.5,2980.032,0,0,0,0,1,0,0.0,0.0,0.0,0.0,2980.032,0.0,1,KUCUK_TICARETHANE
5000536471,38.46371733,27.10543541,35-04-K04246,35,KARSIYAKA,NERGIZ,5.0,1013.956,0,0,0,0,1,0,0.0,0.0,0.0,0.0,1013.956,0.0,1,KUCUK_TICARETHANE
5000536489,38.46091648,27.10781693,35-04-K00807,35,KARSIYAKA,NERGIZ,5.0,1728.654,0,0,0,0,1,0,0.0,0.0,0.0,0.0,1728.654,0.0,1,KUCUK_TICARETHANE
5000536501,38.46468373,27.10571028,35-04-K00115,35,KARSIYAKA,GONCALAR,5.0,1528.088,0,0,0,0,1,0,0.0,0.0,0.0,0.0,1528.088,0.0,1,KUCUK_TICARETHANE
5000536554,38.46131231,27.10551293,35-04-K01692,35,KARSIYAKA,NERGIZ,5.0,1765.056,0,0,0,0,1,0,0.0,0.0,0.0,0.0,1765.056,0.0,1,KUCUK_TICARETHANE
5000536561,38.45767823,27.10847583,35-04-K03074,35,KARSIYAKA,AKSOY,5.0,1597.66,0,0,0,0,1,0,0.0,0.0,0.0,0.0,1597.66,0.0,1,KUCUK_TICARETHANE
5000536569,38.45835391,27.10637881,35-04-M03251,35,KARSIYAKA,BOSTANLI,5.0,1614.618,0,0,0,0,1,0,0.0,0.0,0.0,0.0,1614.618,0.0,1,KUCUK_TICARETHANE
5000536630,38.45315665,27.10295451,35-04-K00488,35,KARSIYAKA,BOSTANLI,5.0,1243.637,0,0,0,0,1,0,0.0,0.0,0.0,0.0,1243.637,0.0,1,KUCUK_TICARETHANE
5000536655,38.45546437,27.11523393,35-04-K00018,35,KARSIYAKA,DONANMACI,5.0,1838.042,0,0,0,0,1,0,0.0,0.0,0.0,0.0,1838.042,0.0,1,KUCUK_TICARETHANE
5000536658,38.45865857,27.11282423,35-04-K00489,35,KARSIYAKA,BAHRIYE UCOK,5.0,1173.767,0,0,0,0,1,0,0.0,0.0,0.0,0.0,1173.767,0.0,1,KUCUK_TICARETHANE
5000536664,38.45734375,27.11118693,35-04-K00872,35,KARSIYAKA,AKSOY,5.0,1589.6,0,0,0,0,1,0,0.0,0.0,0.0,0.0,1589.6,0.0,1,KUCUK_TICARETHANE
5000536669,38.46128241,27.10364808,35-04-K02815,35,KARSIYAKA,NERGIZ,5.0,1654.457,0,0,0,0,1,0,0.0,0.0,0.0,0.0,1654.457,0.0,1,KUCUK_TICARETHANE
5000536672,38.46165112,27.10386758,35-04-K02815,35,KARSIYAKA,NERGIZ,5.0,1139.683,0,0,0,0,1,0,0.0,0.0,0.0,0.0,1139.683,0.0,1,KUCUK_TICARETHANE
5000536675,38.45528316,27.10604645,35-04-K03734,35,KARSIYAKA,BOSTANLI,5.0,1254.961,0,0,0,0,1,0,0.0,0.0,0.0,0.0,1254.961,0.0,1,KUCUK_TICARETHANE
5000536680,38.46405686,27.10554707,35-04-K00115,35,KARSIYAKA,GONCALAR,5.0,2311.51,0,0,0,0,1,0,0.0,0.0,0.0,0.0,2311.51,0.0,1,KUCUK_TICARETHANE
5000536685,38.45588473,27.11825045,35-04-K01555,35,KARSIYAKA,DONANMACI,5.0,1172.505,0,0,0,0,1,0,0.0,0.0,0.0,0.0,1172.505,0.0,1,KUCUK_TICARETHANE
5000536716,38.45942435,27.10694056,35-04-K00930,35,KARSIYAKA,NERGIZ,5.0,1725.599,0,0,0,0,1,0,0.0,0.0,0.0,0.0,1725.599,0.0,1,KUCUK_TICARETHANE
5000536723,38.45303016,27.10827056,35-04-K00753,35,KARSIYAKA,AKSOY,5.0,1392.514,0,0,0,0,1,0,0.0,0.0,0.0,0.0,1392.514,0.0,1,KUCUK_TICARETHANE
5000536731,38.45471027,27.11104045,35-04-K00282,35,KARSIYAKA,AKSOY,5.0,916.615,0,0,0,0,1,0,0.0,0.0,0.0,0.0,916.615,0.0,1,KUCUK_TICARETHANE
5000536738,38.45668543,27.10583629,35-04-M03251,35,KARSIYAKA,BOSTANLI,5.0,1427.627,0,0,0,0,1,0,0.0,0.0,0.0,0.0,1427.627,0.0,1,KUCUK_TICARETHANE
5000536741,38.46362723,27.1052348,35-04-K04246,35,KARSIYAKA,NERGIZ,5.0,1770.421,0,0,0,0,1,0,0.0,0.0,0.0,0.0,1770.421,0.0,1,KUCUK_TICARETHANE
5000536744,38.45504889,27.10370332,35-04-K01249,35,KARSIYAKA,BOSTANLI,5.0,1230.977,0,0,0,0,1,0,0.0,0.0,0.0,0.0,1230.977,0.0,1,KUCUK_TICARETHANE
5000538879,38.50138241,27.12170027,35-04-K04756,35,KARSIYAKA,LATIFE HANIM,35.3,18838.495,0,0,0,0,2,0,0.0,0.0,0.0,0.0,18838.495,0.0,2,ORTA_TICARETHANE
5000539081,38.47624355,27.10815779,35-04-M01832,35,KARSIYAKA,IMBATLI,7.9,1283.149,0,0,0,0,1,0,0.0,0.0,0.0,0.0,1283.149,0.0,1,KUCUK_TICARETHANE
5000539670,38.49792727,27.12278088,35-04-K04756,35,KARSIYAKA,LATIFE HANIM,8.5,43812.43,0,0,0,0,1,0,0.0,0.0,0.0,0.0,43812.43,0.0,1,ORTA_TICARETHANE
5000542738,38.48014515,27.07433453,35-09-M01314,35,CIGLI,ATASEHIR,5.0,5129.842,0,0,0,0,1,0,0.0,0.0,0.0,0.0,5129.842,0.0,1,KUCUK_TICARETHANE
5000550813,38.47183952,27.07418252,35-04-K02593,35,KARSIYAKA,MAVISEHIR,58.55,182593.7,0,0,0,0,2,0,0.0,0.0,0.0,0.0,182593.7,0.0,2,ORTA_TICARETHANE
5000550825,38.50764258,27.04121297,35-09-M02088,35,CIGLI,BALATCIK,8.0,350.277,0,0,0,0,1,0,0.0,0.0,0.0,0.0,350.277,0.0,1,KUCUK_TICARETHANE
5000551811,38.51755579,27.03772224,35-09-M00400,35,CIGLI,BALATCIK,11.796,54223.78999999999,2,0,0,0,0,0,54223.78999999999,0.0,0.0,0.0,0.0,0.0,0,AYDINLATMA
5000554938,38.46345127,27.10996164,35-04-K01051,35,KARSIYAKA,BAHRIYE UCOK,8.5,745.016,0,0,0,0,1,0,0.0,0.0,0.0,0.0,745.016,0.0,1,KUCUK_TICARETHANE
5000556205,38.50021576,27.12112902,35-04-K04756,35,KARSIYAKA,LATIFE HANIM,7.416,20004.775999999998,0,0,0,0,2,0,0.0,0.0,0.0,0.0,20004.775999999998,0.0,2,ORTA_TICARETHANE
5000559784,38.50899722,27.04134716,35-09-M01932,35,CIGLI,BALATCIK,5.4,5489.812,0,0,0,0,1,0,0.0,0.0,0.0,0.0,5489.812,0.0,1,KUCUK_TICARETHANE
5000563095,38.4676941,27.12517062,35-04-K02875,35,KARSIYAKA,BAHCELIEVLER,8.5,1089.708,0,0,0,0,1,0,0.0,0.0,0.0,0.0,1089.708,0.0,1,KUCUK_TICARETHANE
5000564418,38.45557227,27.1220787,35-04-K00133,35,KARSIYAKA,TUNA,8.976666666666667,35456.486,0,0,0,0,3,0,0.0,0.0,0.0,0.0,35456.486,0.0,3,ORTA_TICARETHANE
5000566581,38.50613507,27.04308069,35-09-M02390,35,CIGLI,BALATCIK,13.448333333333332,113976.696,0,0,0,0,12,0,0.0,0.0,0.0,0.0,113976.696,0.0,12,ORTA_TICARETHANE
5000567134,38.49141767,27.09185692,35-04-M00947,35,KARSIYAKA,MUSTAFA KEMAL,103.89,197051.9,0,0,0,0,1,0,0.0,0.0,0.0,0.0,197051.9,0.0,1,ORTA_TICARETHANE
5000576756,38.47199521,27.08630497,35-04-M01373,35,KARSIYAKA,YALI,30.0,30550.71,0,0,0,0,1,0,0.0,0.0,0.0,0.0,30550.71,0.0,1,ORTA_TICARETHANE
5000577307,38.50546284,27.04684303,35-09-K01869,35,CIGLI,BALATCIK,8.5,582.147,0,0,0,0,1,0,0.0,0.0,0.0,0.0,582.147,0.0,1,KUCUK_TICARETHANE
5000577736,38.494381,27.0024572,35-09-M00251,35,CIGLI,KAKLIC,17.6,60201.18,1,0,0,0,0,0,60201.18,0.0,0.0,0.0,0.0,0.0,0,AYDINLATMA
5000577742,38.49356503,26.96995476,35-09-M00263,35,CIGLI,KAKLIC,15.76,67270.73,1,0,0,0,0,0,67270.73,0.0,0.0,0.0,0.0,0.0,0,AYDINLATMA
5000579172,38.49212086,27.07943655,35-09-K03320,35,CIGLI,AYDINLIKEVLER,5.0,184.009,0,0,0,0,1,0,0.0,0.0,0.0,0.0,184.009,0.0,1,KUCUK_TICARETHANE
5000581790,38.51097775,27.04824165,35-09-K02771,35,CIGLI,BALATCIK,5.0,7772.939,0,0,0,0,1,0,0.0,0.0,0.0,0.0,7772.939,0.0,1,KUCUK_TICARETHANE
5000586387,38.49234246,27.0796845,35-09-K03320,35,CIGLI,AYDINLIKEVLER,7.9,0.059,0,0,0,0,1,0,0.0,0.0,0.0,0.0,0.059,0.0,1,KUCUK_TICARETHANE
5000588626,38.47159452,27.10959409,35-04-M02560,35,KARSIYAKA,IMBATLI,125.0,41675.52,0,0,0,0,1,0,0.0,0.0,0.0,0.0,41675.52,0.0,1,ORTA_TICARETHANE
5000597457,38.46550006,27.09504161,35-04-M01186,35,KARSIYAKA,YALI,171.45,39963.65,0,0,0,0,1,0,0.0,0.0,0.0,0.0,39963.65,0.0,1,ORTA_TICARETHANE
5000597831,38.47231829,27.08810289,35-04-M01178,35,KARSIYAKA,YALI,8.35,788.87,0,0,0,0,1,0,0.0,0.0,0.0,0.0,788.87,0.0,1,KUCUK_TICARETHANE
5000599727,38.53243556,27.05257198,35-09-M00210,35,CIGLI,HARMANDALI GAZI MUSTAFA KEMAL ATATURK,5.0,1081.923,0,0,0,0,1,0,0.0,0.0,0.0,0.0,1081.923,0.0,1,KUCUK_TICARETHANE
5000599731,38.53112728,27.05218726,35-09-M00214,35,CIGLI,HARMANDALI GAZI MUSTAFA KEMAL ATATURK,5.0,1308.678,0,0,0,0,1,0,0.0,0.0,0.0,0.0,1308.678,0.0,1,KUCUK_TICARETHANE
5000600387,38.52274259,27.04463978,35-09-M00626,35,CIGLI,UGUR MUMCU,10.792727272727273,52004.159,0,0,0,0,11,0,0.0,0.0,0.0,0.0,52004.159,0.0,11,ORTA_TICARETHANE
5000602958,38.48099635,27.10696448,35-04-M02663,35,KARSIYAKA,ORNEKKOY,80.5,22432.0,0,0,0,0,1,0,0.0,0.0,0.0,0.0,22432.0,0.0,1,ORTA_TICARETHANE
5000603399,38.47777686,27.10969459,35-04-M02922,35,KARSIYAKA,ORNEKKOY,8.5,20.803,0,0,0,0,1,0,0.0,0.0,0.0,0.0,20.803,0.0,1,KUCUK_TICARETHANE
5000603734,38.4832534,27.07118468,35-09-K03330,35,CIGLI,ATASEHIR,5.0,25598.58,0,0,0,0,1,0,0.0,0.0,0.0,0.0,25598.58,0.0,1,ORTA_TICARETHANE
5000605308,38.5124475,27.04080443,35-09-M00999,35,CIGLI,BALATCIK,5.0,12219.69,0,0,0,0,1,0,0.0,0.0,0.0,0.0,12219.69,0.0,1,ORTA_TICARETHANE
5000605712,38.49318641,26.96896149,35-09-M02949Ã–,35,CIGLI,SASALLI MERKEZ,80.0,98395.26599999999,0,0,0,0,3,0,0.0,0.0,0.0,0.0,98395.26599999999,0.0,3,ORTA_TICARETHANE
5000606804,38.49037196,27.05001396,35-09-K01862,35,CIGLI,ATASEHIR,14.869375,122941.018,0,37,0,0,27,0,0.0,66376.111,0.0,0.0,56564.907,0.0,64,ORTA_TICARETHANE
5000607831,38.49301122,27.04850299,35-09-M02689,35,CIGLI,ATASEHIR,14.592393617021276,161379.082,0,59,0,0,35,0,0.0,104402.849,0.0,0.0,56976.233,0.0,94,ORTA_TICARETHANE
5000609281,38.47795956,27.0928409,35-04-K00215,35,KARSIYAKA,SEMIKLER,8.5,516.717,0,0,0,0,1,0,0.0,0.0,0.0,0.0,516.717,0.0,1,KUCUK_TICARETHANE
5000609673,38.46607354,27.11988228,35-04-K01285,35,KARSIYAKA,BAHCELIEVLER,5.0,4497.586,0,0,0,0,1,0,0.0,0.0,0.0,0.0,4497.586,0.0,1,KUCUK_TICARETHANE
5000610647,38.49127977,27.05003513,35-09-M02688,35,CIGLI,ATASEHIR,14.6458125,162579.177,0,48,0,0,32,0,0.0,105315.329,0.0,0.0,57263.848,0.0,80,ORTA_TICARETHANE
5000612923,38.48991113,27.11645646,35-04-K03082,35,KARSIYAKA,LATIFE HANIM,5.32,1208.344,0,0,0,0,1,0,0.0,0.0,0.0,0.0,1208.344,0.0,1,KUCUK_TICARETHANE
5000615104,38.47098454,27.09480208,35-04-K04628,35,KARSIYAKA,SEMIKLER,8.5,6371.953,0,0,0,0,1,0,0.0,0.0,0.0,0.0,6371.953,0.0,1,KUCUK_TICARETHANE
5000615107,38.51097262,27.06090457,35-09-M02023,35,CIGLI,ESENTEPE,8.5,2035.98,0,0,0,0,1,0,0.0,0.0,0.0,0.0,2035.98,0.0,1,KUCUK_TICARETHANE
5000620492,38.52304228,27.04391647,35-09-M00627,35,CIGLI,UGUR MUMCU,11.325,16769.293999999998,0,1,0,0,1,0,0.0,39.264,0.0,0.0,16730.03,0.0,2,ORTA_TICARETHANE
5000621616,38.48539909,27.05284883,35-09-K02817,35,CIGLI,ATASEHIR,7.22,5581.078,0,0,0,0,1,0,0.0,0.0,0.0,0.0,5581.078,0.0,1,KUCUK_TICARETHANE
5000622548,38.51210324,27.05725418,35-09-M03052,35,CIGLI,ESENTEPE,8.5,733.984,0,0,0,0,1,0,0.0,0.0,0.0,0.0,733.984,0.0,1,KUCUK_TICARETHANE
5000623308,38.49987253,27.12379493,35-04-K04757,35,KARSIYAKA,LATIFE HANIM,8.5,540.484,0,0,0,0,1,0,0.0,0.0,0.0,0.0,540.484,0.0,1,KUCUK_TICARETHANE
5000624690,38.50852824,27.07011466,35-09-M02650,35,CIGLI,YAKAKENT,34.064,114405.85,0,1,0,0,1,0,0.0,82428.7,0.0,0.0,31977.15,0.0,2,ORTA_TICARETHANE
5000624967,38.50905821,27.03979674,35-09-M00396,35,CIGLI,BALATCIK,8.5,16073.35,0,0,0,0,1,0,0.0,0.0,0.0,0.0,16073.35,0.0,1,ORTA_TICARETHANE
5000625417,38.45865837,27.1110135,35-04-K01589,35,KARSIYAKA,BAHRIYE UCOK,19.5,60980.7,0,1,0,0,1,0,0.0,16478.94,0.0,0.0,44501.76,0.0,2,ORTA_TICARETHANE
5000628393,38.47352702,27.05657066,35-09-M02862Ã–,35,CIGLI,ATASEHIR,10500.0,22000000.0,0,0,1,0,0,0,0.0,0.0,22000000.0,0.0,0.0,0.0,1,BUYUK_SANAYI
5000628744,38.49012102,27.07568361,35-09-K03705,35,CIGLI,MALTEPE,5.3,34.642,0,0,0,0,1,0,0.0,0.0,0.0,0.0,34.642,0.0,1,KUCUK_TICARETHANE
5000628928,38.49807518,27.12312948,35-04-K04756,35,KARSIYAKA,LATIFE HANIM,5.08,4130.155,0,0,0,0,1,0,0.0,0.0,0.0,0.0,4130.155,0.0,1,KUCUK_TICARETHANE
5000629132,38.49410921,27.09611333,35-04-K02436,35,KARSIYAKA,MUSTAFA KEMAL,5.0,9813.26,0,0,0,0,2,0,0.0,0.0,0.0,0.0,9813.26,0.0,2,KUCUK_TICARETHANE
5000631125,38.50621318,27.06359542,35-09-M03053,35,CIGLI,EGEKENT,39.25,8854.245,0,0,0,0,1,0,0.0,0.0,0.0,0.0,8854.245,0.0,1,ORTA_TICARETHANE
5000634641,38.5031753,27.04383751,35-09-M02549,35,CIGLI,KUCUK CIGLI,8.5,12666.88,0,0,0,0,1,0,0.0,0.0,0.0,0.0,12666.88,0.0,1,ORTA_TICARETHANE
5000635519,38.49159142,27.10979859,35-04-M02872,35,KARSIYAKA,ZUBEYDE HANIM,5.0,6739.31,0,0,0,0,1,0,0.0,0.0,0.0,0.0,6739.31,0.0,1,KUCUK_TICARETHANE
5000636400,38.48704132,27.10788216,35-04-M02870,35,KARSIYAKA,ORNEKKOY,4.5685,19013.573,2,0,0,0,0,0,19013.573,0.0,0.0,0.0,0.0,0.0,0,AYDINLATMA
5000637298,38.49185827,27.11033236,35-04-M02872,35,KARSIYAKA,ZUBEYDE HANIM,4.367,14635.2,1,0,0,0,0,0,14635.2,0.0,0.0,0.0,0.0,0.0,0,AYDINLATMA
5000637499,38.49997254,27.06503506,35-09-M01978,35,CIGLI,KOYICI,6.16,6651.664,0,0,0,0,1,0,0.0,0.0,0.0,0.0,6651.664,0.0,1,KUCUK_TICARETHANE
5000638307,38.49305955,27.10706011,35-04-M02873,35,KARSIYAKA,ZUBEYDE HANIM,3.464,8940.407,1,0,0,0,0,0,8940.407,0.0,0.0,0.0,0.0,0.0,0,AYDINLATMA
5000638572,38.46691615,27.08857473,35-04-K00885,35,KARSIYAKA,ATAKENT,3.7,7601.563,1,0,0,0,1,0,6250.078,0.0,0.0,0.0,1351.485,0.0,1,KUCUK_TICARETHANE
5000639796,38.46640666,27.11645304,35-04-K00907,35,KARSIYAKA,BAHCELIEVLER,5.0,1747.789,0,0,0,0,1,0,0.0,0.0,0.0,0.0,1747.789,0.0,1,KUCUK_TICARETHANE
5000642481,38.47161469,27.10540594,35-04-M01442,35,KARSIYAKA,DEDEBASI,8.5,2119.395,0,0,0,0,1,0,0.0,0.0,0.0,0.0,2119.395,0.0,1,KUCUK_TICARETHANE
5000643029,38.45574219,27.11932038,35-04-K01990,35,KARSIYAKA,TUNA,5.0,2596.956,1,0,0,0,0,0,2596.956,0.0,0.0,0.0,0.0,0.0,0,AYDINLATMA
5000643056,38.45813534,27.12048243,35-04-K00928,35,KARSIYAKA,TUNA,5.0,1185.781,1,0,0,0,0,0,1185.781,0.0,0.0,0.0,0.0,0.0,0,AYDINLATMA
5000645062,38.5058871,27.06437564,35-09-M03036,35,CIGLI,EGEKENT,5.4,6387.546,0,0,0,0,1,0,0.0,0.0,0.0,0.0,6387.546,0.0,1,KUCUK_TICARETHANE
5000645415,38.49247019,27.08980274,35-04-M00944,35,KARSIYAKA,MUSTAFA KEMAL,152.2825,57771.739,0,0,0,0,2,0,0.0,0.0,0.0,0.0,57771.739,0.0,2,ORTA_TICARETHANE
5000645773,38.51790221,27.06515737,35-09-K04579,35,CIGLI,ATATURK,5.06,4699.986,0,0,0,0,1,0,0.0,0.0,0.0,0.0,4699.986,0.0,1,KUCUK_TICARETHANE
5000647066,38.50814818,27.04303977,35-09-M02533,35,CIGLI,BALATCIK,1.241,3525.98,1,0,0,0,0,0,3525.98,0.0,0.0,0.0,0.0,0.0,0,AYDINLATMA
5000647896,38.50533902,26.99347939,35-09-M01260,35,CIGLI,KAKLIC,23.7,22204.697,0,0,0,0,3,0,0.0,0.0,0.0,0.0,22204.697,0.0,3,ORTA_TICARETHANE
5000647953,38.49020124,27.07301124,35-09-K04681,35,CIGLI,MALTEPE,7.86,7461.463,0,0,0,0,1,0,0.0,0.0,0.0,0.0,7461.463,0.0,1,KUCUK_TICARETHANE
5000648283,38.49543058,27.08504424,35-09-K01954,35,CIGLI,AHMET TANER KISLALI,8.5,818.7549,0,0,0,0,1,0,0.0,0.0,0.0,0.0,818.7549,0.0,1,KUCUK_TICARETHANE
5000649974,38.50615676,27.07819195,35-09-M02776,35,CIGLI,YAKAKENT,7.5,18068.16,0,0,0,0,1,0,0.0,0.0,0.0,0.0,18068.16,0.0,1,ORTA_TICARETHANE
5000653066,38.49861504,27.05648643,35-09-K04282,35,CIGLI,KUCUK CIGLI,49.662,5220.498,0,0,0,0,1,0,0.0,0.0,0.0,0.0,5220.498,0.0,1,ORTA_TICARETHANE
5000653492,38.46511002,27.12912244,35-04-K03343,35,KARSIYAKA,BAHCELIEVLER,8.0,148.273,0,0,0,0,1,0,0.0,0.0,0.0,0.0,148.273,0.0,1,KUCUK_TICARETHANE
5000654660,38.4962809,27.04739044,35-09-M01896,35,CIGLI,YENI MAHALLE,134.92,215527.1,0,0,0,0,1,0,0.0,0.0,0.0,0.0,215527.1,0.0,1,ORTA_TICARETHANE
5000656198,38.50414186,27.0796875,35-09-M01975,35,CIGLI,YAKAKENT,34.4,15555.36,0,0,0,0,1,0,0.0,0.0,0.0,0.0,15555.36,0.0,1,ORTA_TICARETHANE
5000657968,38.47225275,27.09698852,35-04-K04133,35,KARSIYAKA,SEMIKLER,5.3,19745.41,0,0,0,0,1,0,0.0,0.0,0.0,0.0,19745.41,0.0,1,ORTA_TICARETHANE
5000661281,38.50004557,26.95324897,35-09-M00447,35,CIGLI,SASALLI MERKEZ,20.0,7278.209,0,0,0,0,1,0,0.0,0.0,0.0,0.0,7278.209,0.0,1,ORTA_TICARETHANE
5000662639,38.49337343,27.09398864,35-04-K02435,35,KARSIYAKA,MUSTAFA KEMAL,5.0,1534.653,0,0,0,0,1,0,0.0,0.0,0.0,0.0,1534.653,0.0,1,KUCUK_TICARETHANE
5000662651,38.49259179,27.08319692,35-09-K01958,35,CIGLI,AYDINLIKEVLER,5.0,2785.785,0,0,0,0,1,0,0.0,0.0,0.0,0.0,2785.785,0.0,1,KUCUK_TICARETHANE
5000662689,38.48865127,27.08347882,35-09-K01320,35,CIGLI,AYDINLIKEVLER,5.0,2739.035,0,0,0,0,1,0,0.0,0.0,0.0,0.0,2739.035,0.0,1,KUCUK_TICARETHANE
5000662803,38.4896935,27.08396682,35-09-K01320,35,CIGLI,AYDINLIKEVLER,5.0,1511.885,0,0,0,0,1,0,0.0,0.0,0.0,0.0,1511.885,0.0,1,KUCUK_TICARETHANE
5000663941,38.50329452,26.99485856,35-09-M02098,35,CIGLI,KAKLIC,5.307,19095.86,1,0,0,0,0,0,19095.86,0.0,0.0,0.0,0.0,0.0,0,AYDINLATMA
5000663959,38.50021863,26.99019675,35-09-M02348,35,CIGLI,KAKLIC,5.63,18201.7,1,0,0,0,0,0,18201.7,0.0,0.0,0.0,0.0,0.0,0,AYDINLATMA
5000663963,38.47659358,27.11017212,35-04-M02326,35,KARSIYAKA,ORNEKKOY,7.591,30662.06,1,0,0,0,0,0,30662.06,0.0,0.0,0.0,0.0,0.0,0,AYDINLATMA
5000663966,38.50677932,27.03924274,35-09-M02088,35,CIGLI,BALATCIK,5.975,23178.44,1,0,0,0,0,0,23178.44,0.0,0.0,0.0,0.0,0.0,0,AYDINLATMA
5000664068,38.49333857,27.08643585,35-09-K01321,35,CIGLI,AYDINLIKEVLER,5.0,2644.235,0,0,0,0,1,0,0.0,0.0,0.0,0.0,2644.235,0.0,1,KUCUK_TICARETHANE
5000664071,38.49142157,27.08240507,35-09-K04124,35,CIGLI,AYDINLIKEVLER,5.0,1500.824,0,0,0,0,1,0,0.0,0.0,0.0,0.0,1500.824,0.0,1,KUCUK_TICARETHANE
5000664156,38.49060444,27.08491479,35-09-K01320,35,CIGLI,AYDINLIKEVLER,5.0,1289.501,0,0,0,0,1,0,0.0,0.0,0.0,0.0,1289.501,0.0,1,KUCUK_TICARETHANE
5000664189,38.50240717,27.04323169,35-09-M02549,35,CIGLI,KUCUK CIGLI,50.22,3661.111,0,0,0,0,1,0,0.0,0.0,0.0,0.0,3661.111,0.0,1,ORTA_TICARETHANE
5000664219,38.4874064,27.0821358,35-09-K01006,35,CIGLI,AYDINLIKEVLER,5.0,1573.656,0,0,0,0,1,0,0.0,0.0,0.0,0.0,1573.656,0.0,1,KUCUK_TICARETHANE
5000664228,38.4785045,27.09139244,35-04-K00215,35,KARSIYAKA,SEMIKLER,8.5,2887.271,0,0,0,0,1,0,0.0,0.0,0.0,0.0,2887.271,0.0,1,KUCUK_TICARETHANE
5000665362,38.46482152,27.10572426,35-04-K00115,35,KARSIYAKA,GONCALAR,5.0,14642.43,0,0,0,0,1,0,0.0,0.0,0.0,0.0,14642.43,0.0,1,ORTA_TICARETHANE
5000665721,38.4670228,27.10022148,,35,KARSIYAKA,DEMIRKOPRU,8.35,51025.56,0,0,0,0,1,0,0.0,0.0,0.0,0.0,51025.56,0.0,1,ORTA_TICARETHANE
5000665783,38.46702217,27.10022287,,35,KARSIYAKA,DEMIRKOPRU,8.35,12913.93,0,0,0,0,1,0,0.0,0.0,0.0,0.0,12913.93,0.0,1,ORTA_TICARETHANE
5001168037,38.4968868,27.05126333,35-09-K03322,35,CIGLI,YENI MAHALLE,8.5,2356.262,0,0,0,0,1,0,0.0,0.0,0.0,0.0,2356.262,0.0,1,KUCUK_TICARETHANE
5001170370,38.50883977,27.04889958,35-09-M01992,35,CIGLI,ESENTEPE,50.0,27283.86,0,0,0,0,1,0,0.0,0.0,0.0,0.0,27283.86,0.0,1,ORTA_TICARETHANE
5001170410,38.46199302,27.10713405,35-04-K03849,35,KARSIYAKA,NERGIZ,8.5,422.363,0,0,0,0,1,0,0.0,0.0,0.0,0.0,422.363,0.0,1,KUCUK_TICARETHANE
5001170641,38.50232652,26.98854567,35-09-M03003Ã–,35,CIGLI,KAKLIC,1000.0,54173.28,0,0,0,0,1,0,0.0,0.0,0.0,0.0,54173.28,0.0,1,ORTA_TICARETHANE
5001173524,38.52286998,27.04384213,35-09-M00627,35,CIGLI,UGUR MUMCU,11.593333333333334,6078.825000000001,0,2,0,0,1,0,0.0,5836.291,0.0,0.0,242.534,0.0,3,KUCUK_TICARETHANE
5001173557,38.51294777,27.05519279,35-09-M01994,35,CIGLI,ESENTEPE,12.48907142857143,82082.9119999,0,0,0,0,28,0,0.0,0.0,0.0,0.0,82082.9119999,0.0,28,ORTA_TICARETHANE
5001173587,38.48888095,27.07646891,35-09-K03705,35,CIGLI,MALTEPE,33.480000000000004,18799.387000000002,0,1,0,0,1,0,0.0,15669.95,0.0,0.0,3129.437,0.0,2,ORTA_TICARETHANE
5001174836,38.50629995,26.96260333,35-09-M01387,35,CIGLI,SASALLI MERKEZ,8.3,638.66,0,0,0,0,1,0,0.0,0.0,0.0,0.0,638.66,0.0,1,KUCUK_TICARETHANE
5001175058,38.45170543,27.10403935,35-04-K01091,35,KARSIYAKA,BOSTANLI,5.0,7830.174,0,0,0,0,1,0,0.0,0.0,0.0,0.0,7830.174,0.0,1,KUCUK_TICARETHANE
5001175060,38.45237387,27.11595881,35-04-K00681,35,KARSIYAKA,DONANMACI,5.0,4464.651,0,0,0,0,1,0,0.0,0.0,0.0,0.0,4464.651,0.0,1,KUCUK_TICARETHANE
5001175062,38.47850791,27.11511009,35-04-M01029,35,KARSIYAKA,ORNEKKOY,5.0,14111.71,0,0,0,0,1,0,0.0,0.0,0.0,0.0,14111.71,0.0,1,ORTA_TICARETHANE
5001175511,38.46498583,27.11011291,35-04-M01487,35,KARSIYAKA,BAHCELIEVLER,1.178,2508.125,1,0,0,0,0,0,2508.125,0.0,0.0,0.0,0.0,0.0,0,AYDINLATMA
5001178345,38.50935664,26.98684932,35-09-M00256,35,CIGLI,KAKLIC,6.73,8225.95,0,1,0,0,1,0,0.0,4435.482,0.0,0.0,3790.468,0.0,2,KUCUK_TICARETHANE
5001178393,38.50323107,27.05710372,35-09-K01936,35,CIGLI,CAGDAS,5.0,2060.35,0,0,0,0,1,0,0.0,0.0,0.0,0.0,2060.35,0.0,1,KUCUK_TICARETHANE
5001180206,38.52773953,27.05545236,35-09-M01869,35,CIGLI,INONU,5.0,17703.44,0,0,0,0,1,0,0.0,0.0,0.0,0.0,17703.44,0.0,1,ORTA_TICARETHANE
5001181934,38.48242486,27.110794,35-04-M01173,35,KARSIYAKA,ORNEKKOY,100.0,202200.4,0,0,0,0,1,0,0.0,0.0,0.0,0.0,202200.4,0.0,1,ORTA_TICARETHANE
5001184035,38.49201234,27.11343081,35-04-K04503,35,KARSIYAKA,,7.531,29553.44,1,0,0,0,0,0,29553.44,0.0,0.0,0.0,0.0,0.0,0,AYDINLATMA
5001184457,38.49417457,27.06259476,35-09-M02551,35,CIGLI,KOYICI,5.5,4944.682,0,0,0,0,1,0,0.0,0.0,0.0,0.0,4944.682,0.0,1,KUCUK_TICARETHANE
5001186484,38.4927174,27.06441963,35-09-K04221,35,CIGLI,KOYICI,21.3165,59186.661,0,0,0,0,2,0,0.0,0.0,0.0,0.0,59186.661,0.0,2,ORTA_TICARETHANE
5001186621,38.48962194,27.05327585,35-09-K02341,35,CIGLI,ATASEHIR,37.41775,155462.08299999998,0,1,0,0,7,0,0.0,9996.596,0.0,0.0,145465.487,0.0,8,ORTA_TICARETHANE
5001187131,38.49491351,27.09745666,35-04-K02436,35,KARSIYAKA,MUSTAFA KEMAL,5.0,1333.108,0,0,0,0,1,0,0.0,0.0,0.0,0.0,1333.108,0.0,1,KUCUK_TICARETHANE
5001187274,38.48879585,27.08006382,35-09-K02499,35,CIGLI,AYDINLIKEVLER,5.0,2322.717,0,0,0,0,1,0,0.0,0.0,0.0,0.0,2322.717,0.0,1,KUCUK_TICARETHANE
5001187276,38.48802457,27.0804599,35-09-K02499,35,CIGLI,AYDINLIKEVLER,5.0,1933.535,0,0,0,0,1,0,0.0,0.0,0.0,0.0,1933.535,0.0,1,KUCUK_TICARETHANE
5001187278,38.49365474,27.09273309,35-04-M00946,35,KARSIYAKA,MUSTAFA KEMAL,5.0,690.586,0,0,0,0,1,0,0.0,0.0,0.0,0.0,690.586,0.0,1,KUCUK_TICARETHANE
5001187321,38.51995662,27.03931223,35-09-M00625,35,CIGLI,AHMET EFENDI,10.408,7754.543,0,1,0,0,1,0,0.0,6522.331,0.0,0.0,1232.212,0.0,2,KUCUK_TICARETHANE
5001188548,38.49374543,27.02485005,35-09-M01279,35,CIGLI,KAKLIC,8.35,370096.8,1,0,0,0,0,0,370096.8,0.0,0.0,0.0,0.0,0.0,0,AYDINLATMA
5001191419,38.45704079,27.10222273,35-04-K00832,35,KARSIYAKA,BOSTANLI,8.5,7866.449,0,0,0,0,1,0,0.0,0.0,0.0,0.0,7866.449,0.0,1,KUCUK_TICARETHANE
5001191530,38.46074508,27.10095233,35-04-M01038,35,KARSIYAKA,BOSTANLI,8.5,7787.443,0,0,0,0,1,0,0.0,0.0,0.0,0.0,7787.443,0.0,1,KUCUK_TICARETHANE
5001191835,38.49174161,27.05540307,35-09-K01880,35,CIGLI,ATASEHIR,7.9,7478.444,0,0,0,0,1,0,0.0,0.0,0.0,0.0,7478.444,0.0,1,KUCUK_TICARETHANE
5001193654,38.52350101,27.0462619,35-09-M00845,35,CIGLI,UGUR MUMCU,8.5,2502.69,0,0,0,0,1,0,0.0,0.0,0.0,0.0,2502.69,0.0,1,KUCUK_TICARETHANE
5001194542,38.5139983,27.0158153,35-09-M00817Ã–,35,CIGLI,KAKLIC,4300.0,11700000.0,0,0,1,0,0,0,0.0,0.0,11700000.0,0.0,0.0,0.0,1,BUYUK_SANAYI
5001195026,38.46928003,27.07970941,,35,KARSIYAKA,MAVISEHIR,8.0,1017.031,0,0,0,0,1,0,0.0,0.0,0.0,0.0,1017.031,0.0,1,KUCUK_TICARETHANE
5001197542,38.5220756,27.03723485,35-09-M01308,35,CIGLI,AHMET EFENDI,126.85,101967.5,0,0,0,0,1,0,0.0,0.0,0.0,0.0,101967.5,0.0,1,ORTA_TICARETHANE
5001197580,38.51484789,27.06143372,35-09-M01999,35,CIGLI,ATATURK,8.0,22173.18,0,0,0,0,1,0,0.0,0.0,0.0,0.0,22173.18,0.0,1,ORTA_TICARETHANE
5001200879,38.47791831,27.11478791,35-04-K03969,35,KARSIYAKA,ORNEKKOY,8.5,1221.241,0,0,0,0,1,0,0.0,0.0,0.0,0.0,1221.241,0.0,1,KUCUK_TICARETHANE
5001201708,38.46961576,27.09428542,35-04-K03975,35,KARSIYAKA,YALI,5.0,1057.585,0,0,0,0,1,0,0.0,0.0,0.0,0.0,1057.585,0.0,1,KUCUK_TICARETHANE
5001202547,38.50306434,27.04467111,35-09-M02549,35,CIGLI,KUCUK CIGLI,11.79,4505.135,0,1,0,0,1,0,0.0,3717.091,0.0,0.0,788.044,0.0,2,KUCUK_TICARETHANE
5001203423,38.47388204,27.09067233,35-04-K03022,35,KARSIYAKA,YALI,11.81,31143.93,0,0,0,0,1,0,0.0,0.0,0.0,0.0,31143.93,0.0,1,ORTA_TICARETHANE
5001203778,38.50188423,27.08965687,35-09-K02793,35,CIGLI,EVKA - 6,5.0,1073.364,0,0,0,0,1,0,0.0,0.0,0.0,0.0,1073.364,0.0,1,KUCUK_TICARETHANE
5001203784,38.49797464,27.09019144,35-09-M00233,35,CIGLI,EVKA - 2,5.0,863.497,0,0,0,0,1,0,0.0,0.0,0.0,0.0,863.497,0.0,1,KUCUK_TICARETHANE
5001204581,38.49209444,27.06183269,35-09-K02730,35,CIGLI,ATASEHIR,7.08,17171.62,0,0,0,0,1,0,0.0,0.0,0.0,0.0,17171.62,0.0,1,ORTA_TICARETHANE
5001206005,38.52234222,27.04377667,35-09-M00626,35,CIGLI,UGUR MUMCU,14.515,15758.253,0,2,0,0,2,0,0.0,3936.468,0.0,0.0,11821.785,0.0,4,ORTA_TICARETHANE
5001207351,38.49808617,27.12302843,35-04-K04756,35,KARSIYAKA,LATIFE HANIM,5.08,2405.431,0,0,0,0,1,0,0.0,0.0,0.0,0.0,2405.431,0.0,1,KUCUK_TICARETHANE
5001208231,38.49985588,27.12388859,35-04-K04757,35,KARSIYAKA,LATIFE HANIM,8.5,2490.052,0,0,0,0,1,0,0.0,0.0,0.0,0.0,2490.052,0.0,1,KUCUK_TICARETHANE
5001210510,38.50079698,27.08551658,35-09-K01953,35,CIGLI,EVKA - 2,5.0,1534.522,0,0,0,0,1,0,0.0,0.0,0.0,0.0,1534.522,0.0,1,KUCUK_TICARETHANE
5001210512,38.49785838,27.08311872,35-09-M01974,35,CIGLI,EVKA - 2,5.0,2470.45,0,0,0,0,1,0,0.0,0.0,0.0,0.0,2470.45,0.0,1,KUCUK_TICARETHANE
5001210517,38.50121718,27.08511109,35-09-K01953,35,CIGLI,EVKA - 2,5.0,2882.432,0,0,0,0,1,0,0.0,0.0,0.0,0.0,2882.432,0.0,1,KUCUK_TICARETHANE
5001210520,38.49699929,27.08409058,35-09-M01984,35,CIGLI,AHMET TANER KISLALI,5.0,1327.938,0,0,0,0,1,0,0.0,0.0,0.0,0.0,1327.938,0.0,1,KUCUK_TICARETHANE
5001210533,38.49605631,27.08372321,35-09-M01984,35,CIGLI,AHMET TANER KISLALI,5.0,2425.266,0,0,0,0,1,0,0.0,0.0,0.0,0.0,2425.266,0.0,1,KUCUK_TICARETHANE
5001210543,38.49569314,27.08341376,35-09-M01984,35,CIGLI,AHMET TANER KISLALI,5.0,1230.95,0,0,0,0,1,0,0.0,0.0,0.0,0.0,1230.95,0.0,1,KUCUK_TICARETHANE
5001210553,38.49538169,27.08123798,35-09-M01983,35,CIGLI,AHMET TANER KISLALI,5.0,2607.078,0,0,0,0,1,0,0.0,0.0,0.0,0.0,2607.078,0.0,1,KUCUK_TICARETHANE
5001210558,38.49457609,27.08047619,35-09-M01983,35,CIGLI,AHMET TANER KISLALI,5.0,1328.678,0,0,0,0,1,0,0.0,0.0,0.0,0.0,1328.678,0.0,1,KUCUK_TICARETHANE
5001210560,38.49952207,27.08752856,35-09-M01985,35,CIGLI,EVKA - 2,5.0,1412.478,0,0,0,0,1,0,0.0,0.0,0.0,0.0,1412.478,0.0,1,KUCUK_TICARETHANE
5001210762,38.4944255,27.08762568,35-09-M01986,35,CIGLI,AHMET TANER KISLALI,5.0,2696.151,0,0,0,0,1,0,0.0,0.0,0.0,0.0,2696.151,0.0,1,KUCUK_TICARETHANE
5001211466,38.49643224,27.08854531,35-09-M01985,35,CIGLI,AHMET TANER KISLALI,5.0,1016.484,0,0,0,0,1,0,0.0,0.0,0.0,0.0,1016.484,0.0,1,KUCUK_TICARETHANE
5001211592,38.49562116,27.08865236,35-09-M01985,35,CIGLI,AHMET TANER KISLALI,5.0,1098.353,0,0,0,0,1,0,0.0,0.0,0.0,0.0,1098.353,0.0,1,KUCUK_TICARETHANE
5001211594,38.50002187,27.09230371,35-04-M00838,35,KARSIYAKA,MUSTAFA KEMAL,5.0,853.826,0,0,0,0,1,0,0.0,0.0,0.0,0.0,853.826,0.0,1,KUCUK_TICARETHANE
5001213508,38.46518269,27.09873077,,35,KARSIYAKA,YALI,13.0,8438.436,0,0,0,0,1,0,0.0,0.0,0.0,0.0,8438.436,0.0,1,KUCUK_TICARETHANE
5001220879,38.48766764,27.08300083,35-09-K01006,35,CIGLI,AYDINLIKEVLER,13.58,5805.47,0,0,0,0,1,0,0.0,0.0,0.0,0.0,5805.47,0.0,1,KUCUK_TICARETHANE
5001222004,38.47578476,27.088062,35-04-K03376,35,KARSIYAKA,YALI,8.5,2344.57,0,0,0,0,1,0,0.0,0.0,0.0,0.0,2344.57,0.0,1,KUCUK_TICARETHANE
5001223297,38.49903277,26.95944363,35-09-M00910,35,CIGLI,SASALLI MERKEZ,8.5,33824.34,0,0,0,0,1,0,0.0,0.0,0.0,0.0,33824.34,0.0,1,ORTA_TICARETHANE
5001223969,38.47332038,27.08466997,35-04-K03390,35,KARSIYAKA,YALI,20.246,76812.986,0,1,0,0,9,0,0.0,2886.318,0.0,0.0,73926.668,0.0,10,ORTA_TICARETHANE
5001226338,38.47609346,27.10834048,35-04-M01832,35,KARSIYAKA,IMBATLI,2.399,9757.154,1,0,0,0,0,0,9757.154,0.0,0.0,0.0,0.0,0.0,0,AYDINLATMA
5001226675,38.50041368,27.05069106,35-09-M01883Ã–,35,CIGLI,YENI MAHALLE,10000.0,12600000.0,0,0,0,0,1,0,0.0,0.0,0.0,0.0,12600000.0,0.0,1,BUYUK_TICARETHANE
5001226713,38.46661161,27.0974714,35-04-M01174,35,KARSIYAKA,YALI,2.575,7774.316,1,0,0,0,0,0,7774.316,0.0,0.0,0.0,0.0,0.0,0,AYDINLATMA
5001226812,38.45870677,27.11970538,35-04-K00017,35,KARSIYAKA,ALAYBEY,4.45,17047.88,1,0,0,0,0,0,17047.88,0.0,0.0,0.0,0.0,0.0,0,AYDINLATMA
5001226853,38.52581136,27.04463335,35-09-M02781,35,CIGLI,UGUR MUMCU,2.207,8601.96,1,0,0,0,0,0,8601.96,0.0,0.0,0.0,0.0,0.0,0,AYDINLATMA
5001227111,38.45983068,27.12617774,35-04-K01670,35,KARSIYAKA,ALAYBEY,10.92,35676.3,1,0,0,0,0,0,35676.3,0.0,0.0,0.0,0.0,0.0,0,AYDINLATMA
5001227112,38.45968928,27.12469611,35-04-K00288,35,KARSIYAKA,ALAYBEY,5.234999999999999,36151.51,2,0,0,0,0,0,36151.51,0.0,0.0,0.0,0.0,0.0,0,AYDINLATMA
5001227518,38.4832708,27.08499943,35-04-K04676Ã–,35,KARSIYAKA,SEMIKLER,1000.0,1115951.0,0,0,0,0,1,0,0.0,0.0,0.0,0.0,1115951.0,0.0,1,BUYUK_TICARETHANE
5001227784,38.45568666,27.11936688,35-04-K01990,35,KARSIYAKA,TUNA,1.974,6959.607,1,0,0,0,0,0,6959.607,0.0,0.0,0.0,0.0,0.0,0,AYDINLATMA
5001227785,38.45804227,27.1203943,35-04-K00928,35,KARSIYAKA,TUNA,4.729,18798.6,1,0,0,0,0,0,18798.6,0.0,0.0,0.0,0.0,0.0,0,AYDINLATMA
5001228356,38.47203488,27.10270006,35-04-K02676,35,KARSIYAKA,FIKRI ALTAY,5.615,19713.46,1,0,0,0,0,0,19713.46,0.0,0.0,0.0,0.0,0.0,0,AYDINLATMA
5001228615,38.46600295,27.12726149,35-04-M00794Ã–,35,KARSIYAKA,BAHCELIEVLER,5275.0,17191132.0,0,0,2,0,0,0,0.0,0.0,17191132.0,0.0,0.0,0.0,2,BUYUK_SANAYI
5001228737,38.46786248,27.11286932,35-04-M01889,35,KARSIYAKA,BAHCELIEVLER,2.366,7990.359,1,0,0,0,0,0,7990.359,0.0,0.0,0.0,0.0,0.0,0,AYDINLATMA
5001228917,38.46973134,27.1053918,35-04-K03058,35,KARSIYAKA,DEDEBASI,2.529,9911.059,1,0,0,0,0,0,9911.059,0.0,0.0,0.0,0.0,0.0,0,AYDINLATMA
5001228948,38.48643864,27.10580075,35-04-K02376,35,KARSIYAKA,ORNEKKOY,4.594,16761.41,1,0,0,0,0,0,16761.41,0.0,0.0,0.0,0.0,0.0,0,AYDINLATMA
5001229017,38.45769523,27.11208465,35-04-K00489,35,KARSIYAKA,BAHRIYE UCOK,2.653,10592.77,1,0,0,0,0,0,10592.77,0.0,0.0,0.0,0.0,0.0,0,AYDINLATMA
5001229161,38.45775822,27.10129733,35-04-K04641,35,KARSIYAKA,BOSTANLI,4.039,15272.86,1,0,0,0,0,0,15272.86,0.0,0.0,0.0,0.0,0.0,0,AYDINLATMA
5001229184,38.50489759,26.98835186,35-09-M00350Ã–,35,CIGLI,KAKLIC,400.0,216987.7,0,0,1,0,0,0,0.0,0.0,216987.7,0.0,0.0,0.0,1,ORTA_SANAYI
5001229438,38.48742809,27.07984122,35-09-K02544Ã–,35,CIGLI,AYDINLIKEVLER,1250.0,1103179.0,0,0,1,0,0,0,0.0,0.0,1103179.0,0.0,0.0,0.0,1,BUYUK_SANAYI
5001229522,38.49862359,27.08666712,35-09-K03728Ã–,35,CIGLI,EVKA - 2,400.0,244826.9,0,0,0,0,1,0,0.0,0.0,0.0,0.0,244826.9,0.0,1,BUYUK_TICARETHANE
5001229663,38.48189459,27.0911876,35-04-M01738Ã–,35,KARSIYAKA,CUMHURIYET,630.0,159361.0,0,0,0,0,1,0,0.0,0.0,0.0,0.0,159361.0,0.0,1,ORTA_TICARETHANE
5001229789,38.45591902,27.09550279,35-04-K00525,35,KARSIYAKA,BOSTANLI,3.098,12177.08,1,0,0,0,0,0,12177.08,0.0,0.0,0.0,0.0,0.0,0,AYDINLATMA
5001229790,38.46437278,27.10551793,35-04-K00115,35,KARSIYAKA,GONCALAR,5.781,21362.85,1,0,0,0,0,0,21362.85,0.0,0.0,0.0,0.0,0.0,0,AYDINLATMA
5001230034,38.45297101,27.10234142,35-04-K00488,35,KARSIYAKA,BOSTANLI,10.29,58521.700000000004,2,0,0,0,0,0,58521.700000000004,0.0,0.0,0.0,0.0,0.0,0,AYDINLATMA
5001230089,38.47091406,27.08680418,35-04-M01176,35,KARSIYAKA,YALI,0.7,3700.306,1,0,0,0,0,0,3700.306,0.0,0.0,0.0,0.0,0.0,0,AYDINLATMA
5001230289,38.46654798,27.09995656,35-04-M01643,35,KARSIYAKA,DEMIRKOPRU,2.077,9392.56,1,0,0,0,0,0,9392.56,0.0,0.0,0.0,0.0,0.0,0,AYDINLATMA
5001230363,38.46513582,27.08644073,35-04-K01540,35,KARSIYAKA,ATAKENT,2.09,5638.258,1,0,0,0,0,0,5638.258,0.0,0.0,0.0,0.0,0.0,0,AYDINLATMA
5001230723,38.49000544,27.10381101,35-04-K04610,35,KARSIYAKA,ZUBEYDE HANIM,6.423,23550.82,1,0,0,0,0,0,23550.82,0.0,0.0,0.0,0.0,0.0,0,AYDINLATMA
5001230737,38.46055811,27.10823086,35-04-K00807,35,KARSIYAKA,BAHRIYE UCOK,6.84,28276.67,1,0,0,0,0,0,28276.67,0.0,0.0,0.0,0.0,0.0,0,AYDINLATMA
5001230743,38.45896712,27.10640205,35-04-K00930,35,KARSIYAKA,NERGIZ,4.376,17097.11,1,0,0,0,0,0,17097.11,0.0,0.0,0.0,0.0,0.0,0,AYDINLATMA
5001230828,38.48832367,27.11107832,35-04-K03908,35,KARSIYAKA,ZUBEYDE HANIM,3.9,10540.01,1,0,0,0,0,0,10540.01,0.0,0.0,0.0,0.0,0.0,0,AYDINLATMA
5001230861,38.45526987,27.11881012,35-04-K01555,35,KARSIYAKA,DONANMACI,1.249,3014.408,1,0,0,0,0,0,3014.408,0.0,0.0,0.0,0.0,0.0,0,AYDINLATMA
5001231035,38.47505616,27.06422306,35-04-K03808,35,KARSIYAKA,MAVISEHIR,5.2,11237.96,1,0,0,0,0,0,11237.96,0.0,0.0,0.0,0.0,0.0,0,AYDINLATMA
5001231047,38.46275009,27.12368231,35-04-K00766,35,KARSIYAKA,BAHARIYE,3.979,16224.41,1,0,0,0,0,0,16224.41,0.0,0.0,0.0,0.0,0.0,0,AYDINLATMA
5001231061,38.47632489,27.09467771,35-04-M02441,35,KARSIYAKA,SEMIKLER,5.209,17083.95,1,0,0,0,0,0,17083.95,0.0,0.0,0.0,0.0,0.0,0,AYDINLATMA
5001231146,38.48039129,27.1031605,35-04-K00244,35,KARSIYAKA,CUMHURIYET,11.557,38544.57,1,0,0,0,0,0,38544.57,0.0,0.0,0.0,0.0,0.0,0,AYDINLATMA
5001231318,38.47100513,27.09395307,35-04-K00197,35,KARSIYAKA,SEMIKLER,5.987,26888.921000000002,2,0,0,0,0,0,26888.921000000002,0.0,0.0,0.0,0.0,0.0,0,AYDINLATMA
5001231329,38.45659141,27.11062496,35-04-K00872,35,KARSIYAKA,AKSOY,3.322,11426.98,1,0,0,0,0,0,11426.98,0.0,0.0,0.0,0.0,0.0,0,AYDINLATMA
5001231541,38.4565919,27.1238248,35-04-K00363,35,KARSIYAKA,TUNA,4.58,12443.17,1,0,0,0,0,0,12443.17,0.0,0.0,0.0,0.0,0.0,0,AYDINLATMA
5001232000,38.51184399,27.04263732,35-09-M02090,35,CIGLI,BALATCIK,1.705,5838.36,1,0,0,0,0,0,5838.36,0.0,0.0,0.0,0.0,0.0,0,AYDINLATMA
5001232033,38.47827155,27.0727036,35-04-M02717Ã–,35,KARSIYAKA,YALI,800.0,2135946.0,0,0,0,0,1,0,0.0,0.0,0.0,0.0,2135946.0,0.0,1,BUYUK_TICARETHANE
5001232042,38.47765013,27.10633176,35-04-M02423,35,KARSIYAKA,ORNEKKOY,2.583,10210.49,1,0,0,0,0,0,10210.49,0.0,0.0,0.0,0.0,0.0,0,AYDINLATMA
5001232055,38.52676163,27.05141881,35-09-M02405,35,CIGLI,INONU,1.694,2391.96,1,0,0,0,0,0,2391.96,0.0,0.0,0.0,0.0,0.0,0,AYDINLATMA
5001232238,38.49081051,27.05090866,35-09-M02687,35,CIGLI,ATASEHIR,5.2,4852.309,1,0,0,0,0,0,4852.309,0.0,0.0,0.0,0.0,0.0,0,AYDINLATMA
5001232239,38.49091927,27.05087957,35-09-M02688,35,CIGLI,ATASEHIR,0.885,1070.482,1,0,0,0,0,0,1070.482,0.0,0.0,0.0,0.0,0.0,0,AYDINLATMA
5001232240,38.49216888,27.04916237,35-09-M02689,35,CIGLI,ATASEHIR,0.75,1501.986,1,0,0,0,0,0,1501.986,0.0,0.0,0.0,0.0,0.0,0,AYDINLATMA
5001232302,38.47026743,27.09228884,35-04-K03871,35,KARSIYAKA,YALI,0.943,4219.353,1,0,0,0,0,0,4219.353,0.0,0.0,0.0,0.0,0.0,0,AYDINLATMA
5001232595,38.45679136,27.0990378,35-04-K00111,35,KARSIYAKA,BOSTANLI,7.735,27143.66,1,0,0,0,0,0,27143.66,0.0,0.0,0.0,0.0,0.0,0,AYDINLATMA
5001232597,38.46077587,27.12062448,35-04-K02900,35,KARSIYAKA,BAHARIYE,1.795,8436.199,1,0,0,0,0,0,8436.199,0.0,0.0,0.0,0.0,0.0,0,AYDINLATMA
5001232665,38.49814014,27.04964835,35-09-M02464,35,CIGLI,YENI MAHALLE,3.953,11429.69,1,0,0,0,0,0,11429.69,0.0,0.0,0.0,0.0,0.0,0,AYDINLATMA
5001232669,38.49740594,27.05687136,35-09-K04282,35,CIGLI,KUCUK CIGLI,3.393,13887.15,1,0,0,0,0,0,13887.15,0.0,0.0,0.0,0.0,0.0,0,AYDINLATMA
5001232672,38.49969061,26.9528886,35-09-M00362,35,CIGLI,SASALLI MERKEZ,0.55,1457.447,1,0,0,0,0,0,1457.447,0.0,0.0,0.0,0.0,0.0,0,AYDINLATMA
5001233190,38.47146725,27.07517844,,35,KARSIYAKA,MAVISEHIR,4800.0,3696809.0,0,0,0,0,0,1,0.0,0.0,0.0,0.0,0.0,3696809.0,0,
5001233213,38.48701273,27.065142,35-09-K02733,35,CIGLI,ATASEHIR,9.855,28635.07,1,0,0,0,0,0,28635.07,0.0,0.0,0.0,0.0,0.0,0,AYDINLATMA
5001233484,38.46341786,27.11304087,35-04-M02956,35,KARSIYAKA,BAHRIYE UCOK,4.655,18511.92,1,0,0,0,0,0,18511.92,0.0,0.0,0.0,0.0,0.0,0,AYDINLATMA
5001233485,38.4665455,27.11071264,35-04-M02957,35,KARSIYAKA,BAHCELIEVLER,7.215,21665.85,1,0,0,0,0,0,21665.85,0.0,0.0,0.0,0.0,0.0,0,AYDINLATMA
5001233486,38.46581896,27.11383114,35-04-M02958,35,KARSIYAKA,BAHCELIEVLER,5.419,22987.07,1,0,0,0,0,0,22987.07,0.0,0.0,0.0,0.0,0.0,0,AYDINLATMA
5001233487,38.46522215,27.11080062,35-04-M02959,35,KARSIYAKA,BAHCELIEVLER,3.15,8322.896,1,0,0,0,0,0,8322.896,0.0,0.0,0.0,0.0,0.0,0,AYDINLATMA
5001233541,38.49570289,27.10787118,35-04-M02874,35,KARSIYAKA,ZUBEYDE HANIM,8.955,49263.270000000004,2,0,0,0,0,0,49263.270000000004,0.0,0.0,0.0,0.0,0.0,0,AYDINLATMA
5001233602,38.47844437,27.10862515,35-04-M02922,35,KARSIYAKA,ORNEKKOY,6.0,17627.48,1,0,0,0,0,0,17627.48,0.0,0.0,0.0,0.0,0.0,0,AYDINLATMA
5001233955,38.47491831,27.08777458,35-04-K03376,35,KARSIYAKA,YALI,11.174952380952382,25247.201,0,7,0,0,14,0,0.0,11773.904,0.0,0.0,13473.296999999999,0.0,21,ORTA_TICARETHANE
5001233970,38.47605382,27.08767464,35-04-K03376,35,KARSIYAKA,YALI,8.5,1346.277,0,0,0,0,1,0,0.0,0.0,0.0,0.0,1346.277,0.0,1,KUCUK_TICARETHANE
5001235625,38.49353805,27.08515782,35-09-K01321,35,CIGLI,AYDINLIKEVLER,8.5,1726.805,0,0,0,0,1,0,0.0,0.0,0.0,0.0,1726.805,0.0,1,KUCUK_TICARETHANE
5001238066,38.51194759,27.06122947,35-09-M03052,35,CIGLI,ESENTEPE,8.5,115.817,0,0,0,0,1,0,0.0,0.0,0.0,0.0,115.817,0.0,1,KUCUK_TICARETHANE
5001238550,38.45356678,27.11305653,35-04-K01293,35,KARSIYAKA,DONANMACI,26.5,9628.957,0,0,0,0,1,0,0.0,0.0,0.0,0.0,9628.957,0.0,1,ORTA_TICARETHANE
5001239333,38.49880876,26.95161777,35-09-M00447,35,CIGLI,SASALLI MERKEZ,8.78,606.479,0,0,0,0,1,0,0.0,0.0,0.0,0.0,606.479,0.0,1,KUCUK_TICARETHANE
5001240581,38.48633299,27.10009549,35-04-K01144,35,KARSIYAKA,INONU,7.666666666666667,3726.5939999999996,0,2,0,0,1,0,0.0,3722.6040000000003,0.0,0.0,3.99,0.0,3,KUCUK_TICARETHANE
5001245833,38.50558089,27.06022373,35-09-K04046,35,CIGLI,EGEKENT,0.339,960.488,1,0,0,0,0,0,960.488,0.0,0.0,0.0,0.0,0.0,0,AYDINLATMA
5001245836,38.4951537,27.0738285,35-09-M01982,35,CIGLI,SIRINTEPE,0.21,745.584,1,0,0,0,0,0,745.584,0.0,0.0,0.0,0.0,0.0,0,AYDINLATMA
5001246106,38.47133175,27.09489032,35-04-K04628,35,KARSIYAKA,SEMIKLER,8.5,3225.592,0,0,0,0,1,0,0.0,0.0,0.0,0.0,3225.592,0.0,1,KUCUK_TICARETHANE
5001246482,38.4915678,26.94642214,35-09-M00347,35,CIGLI,SASALLI MERKEZ,5.4,5990.73,0,0,0,0,1,0,0.0,0.0,0.0,0.0,5990.73,0.0,1,KUCUK_TICARETHANE
5001247540,38.49958454,27.12370578,35-04-K04756,35,KARSIYAKA,LATIFE HANIM,26.240000000000002,17156.128,0,0,0,0,2,0,0.0,0.0,0.0,0.0,17156.128,0.0,2,ORTA_TICARETHANE
5001249824,38.48390845,27.08825798,35-04-K04918,35,KARSIYAKA,CUMHURIYET,3.137,11995.37,1,0,0,0,0,0,11995.37,0.0,0.0,0.0,0.0,0.0,0,AYDINLATMA
5001249835,38.47638569,27.10472518,35-04-M02647,35,KARSIYAKA,IMBATLI,1.817,6354.492,1,0,0,0,0,0,6354.492,0.0,0.0,0.0,0.0,0.0,0,AYDINLATMA
5001249887,38.51627222,27.06684729,35-09-M03032,35,CIGLI,IZKENT,5.6,26909.86,1,0,0,0,0,0,26909.86,0.0,0.0,0.0,0.0,0.0,0,AYDINLATMA
5001250015,38.50533702,27.0646205,35-09-M03036,35,CIGLI,EGEKENT,7.0,39272.95,1,0,0,0,0,0,39272.95,0.0,0.0,0.0,0.0,0.0,0,AYDINLATMA
5001250016,38.50177332,27.06466175,35-09-M03037,35,CIGLI,CAGDAS,5.5,93532.73,1,0,0,0,0,0,93532.73,0.0,0.0,0.0,0.0,0.0,0,AYDINLATMA
5001250019,38.50789697,27.06724337,35-09-M03039,35,CIGLI,EGEKENT,6.4,31126.03,1,0,0,0,0,0,31126.03,0.0,0.0,0.0,0.0,0.0,0,AYDINLATMA
5001250022,38.51034504,27.06716827,35-09-M03040,35,CIGLI,IZKENT,8.046,36231.47,1,0,0,0,0,0,36231.47,0.0,0.0,0.0,0.0,0.0,0,AYDINLATMA
5001250619,38.46318379,27.10190959,35-04-K02732,35,KARSIYAKA,NERGIZ,7.9,6451.354,0,0,0,0,1,0,0.0,0.0,0.0,0.0,6451.354,0.0,1,KUCUK_TICARETHANE
5001250770,38.46698359,27.10547569,35-04-K01433,35,KARSIYAKA,DEDEBASI,5.0,239.625,0,0,0,0,1,0,0.0,0.0,0.0,0.0,239.625,0.0,1,KUCUK_TICARETHANE
5001252427,38.50075396,27.09665215,35-04-M00840,35,KARSIYAKA,MUSTAFA KEMAL,5.0,16114.37,0,0,0,0,1,0,0.0,0.0,0.0,0.0,16114.37,0.0,1,ORTA_TICARETHANE
5001252944,38.45597505,27.1023973,35-04-K01249,35,KARSIYAKA,BOSTANLI,8.5,193.836,0,0,0,0,1,0,0.0,0.0,0.0,0.0,193.836,0.0,1,KUCUK_TICARETHANE
5001253660,38.5033942,27.0572233,35-09-K04053,35,CIGLI,EGEKENT,2.152,8218.621,1,0,0,0,0,0,8218.621,0.0,0.0,0.0,0.0,0.0,0,AYDINLATMA
5001254811,38.51425459,27.0609714,35-09-M03051,35,CIGLI,ATATURK,11.5,21134.17,1,0,0,0,0,0,21134.17,0.0,0.0,0.0,0.0,0.0,0,AYDINLATMA
5001256418,38.50345018,27.05359578,35-09-K01867,35,CIGLI,KUCUK CIGLI,8.5,3901.597,0,0,0,0,1,0,0.0,0.0,0.0,0.0,3901.597,0.0,1,KUCUK_TICARETHANE
5001256827,38.50228466,26.95837189,35-09-M01346,35,CIGLI,SASALLI MERKEZ,8.5,0.0,0,0,0,0,1,0,0.0,0.0,0.0,0.0,0.0,0.0,1,KUCUK_TICARETHANE
5001258586,38.47612717,27.1118421,35-04-K03766,35,KARSIYAKA,ORNEKKOY,8.5,160.209,0,0,0,0,1,0,0.0,0.0,0.0,0.0,160.209,0.0,1,KUCUK_TICARETHANE
5001260565,38.48016908,27.0873586,35-04-K03872,35,KARSIYAKA,SEMIKLER,8.4,903.263,0,0,0,0,1,0,0.0,0.0,0.0,0.0,903.263,0.0,1,KUCUK_TICARETHANE
5001261513,38.48855318,27.07505667,35-09-M01950,35,CIGLI,MALTEPE,50.91,43507.0,0,0,0,0,1,0,0.0,0.0,0.0,0.0,43507.0,0.0,1,ORTA_TICARETHANE
5001262317,38.49096013,27.08071631,35-09-K04124,35,CIGLI,AYDINLIKEVLER,27.9,9708.221,0,0,0,0,1,0,0.0,0.0,0.0,0.0,9708.221,0.0,1,ORTA_TICARETHANE
5001262364,38.49163686,27.07992642,35-09-K03320,35,CIGLI,AYDINLIKEVLER,8.5,71.444,0,0,0,0,1,0,0.0,0.0,0.0,0.0,71.444,0.0,1,KUCUK_TICARETHANE
5001262906,38.46079515,27.09633798,35-04-K01695,35,KARSIYAKA,BOSTANLI,8.5,303.501,0,0,0,0,1,0,0.0,0.0,0.0,0.0,303.501,0.0,1,KUCUK_TICARETHANE
5001267230,38.50612758,27.04904257,35-09-K01869,35,CIGLI,KUCUK CIGLI,5.3,578.329,0,0,0,0,1,0,0.0,0.0,0.0,0.0,578.329,0.0,1,KUCUK_TICARETHANE
5001267278,38.4726403,27.07186678,35-04-K02593,35,KARSIYAKA,MAVISEHIR,133.6775,196769.15000000002,0,0,0,0,2,0,0.0,0.0,0.0,0.0,196769.15000000002,0.0,2,ORTA_TICARETHANE
5001268516,38.50245212,27.05109968,35-09-K04597,35,CIGLI,KUCUK CIGLI,8.0,249.152,0,0,0,0,1,0,0.0,0.0,0.0,0.0,249.152,0.0,1,KUCUK_TICARETHANE
5001269390,38.49616919,27.05410832,35-09-K01879,35,CIGLI,YENI MAHALLE,8.35,1720.59,0,0,0,0,1,0,0.0,0.0,0.0,0.0,1720.59,0.0,1,KUCUK_TICARETHANE
5001270768,38.48845905,27.05064239,35-09-K01862,35,CIGLI,ATASEHIR,199.183,62824.08,0,0,0,0,1,0,0.0,0.0,0.0,0.0,62824.08,0.0,1,ORTA_TICARETHANE
5001271657,38.50246237,27.0511855,35-09-K04597,35,CIGLI,KUCUK CIGLI,5.0,27.835,0,0,0,0,1,0,0.0,0.0,0.0,0.0,27.835,0.0,1,KUCUK_TICARETHANE
5001271964,38.4588908,27.12515441,35-04-K00288,35,KARSIYAKA,ALAYBEY,7.9,0.0,0,0,0,0,1,0,0.0,0.0,0.0,0.0,0.0,0.0,1,KUCUK_TICARETHANE
5001272640,38.49611314,27.05236814,35-09-K03322,35,CIGLI,YENI MAHALLE,7.9,417.0,0,0,0,0,1,0,0.0,0.0,0.0,0.0,417.0,0.0,1,KUCUK_TICARETHANE
5001274969,38.51648292,27.0497057,35-09-M03062,35,CIGLI,EVKA-5,11.808,22469.95,1,0,0,0,0,0,22469.95,0.0,0.0,0.0,0.0,0.0,0,AYDINLATMA
5001274974,38.51546451,27.05174056,35-09-M03063,35,CIGLI,EVKA-5,18.844,30605.54,1,0,0,0,0,0,30605.54,0.0,0.0,0.0,0.0,0.0,0,AYDINLATMA
5001274977,38.51947717,27.05423372,35-09-M03064,35,CIGLI,EVKA-5,23.999,66804.46,1,0,0,0,0,0,66804.46,0.0,0.0,0.0,0.0,0.0,0,AYDINLATMA
5001275626,38.48860551,27.05674274,35-09-M01860,35,CIGLI,ATASEHIR,2.1,7584.933,1,0,0,0,0,0,7584.933,0.0,0.0,0.0,0.0,0.0,0,AYDINLATMA
5001277220,38.50537579,27.0468169,35-09-K01869,35,CIGLI,BALATCIK,5.1,0.0,0,0,0,0,1,0,0.0,0.0,0.0,0.0,0.0,0.0,1,KUCUK_TICARETHANE
5001277814,38.49579743,27.09678731,35-04-K02436,35,KARSIYAKA,MUSTAFA KEMAL,8.5,49759.36,0,0,0,0,1,0,0.0,0.0,0.0,0.0,49759.36,0.0,1,ORTA_TICARETHANE
5001278864,38.5005902,27.05823895,35-09-K01464,35,CIGLI,KUCUK CIGLI,8.5,4211.697,0,0,0,0,1,0,0.0,0.0,0.0,0.0,4211.697,0.0,1,KUCUK_TICARETHANE
5001280280,38.46571656,27.09143367,35-04-K00817,35,KARSIYAKA,YALI,8.5,0.0,0,0,0,0,1,0,0.0,0.0,0.0,0.0,0.0,0.0,1,KUCUK_TICARETHANE
5001281098,38.49653904,27.07011216,35-09-K01873,35,CIGLI,SIRINTEPE,8.5,14881.54,0,0,0,0,1,0,0.0,0.0,0.0,0.0,14881.54,0.0,1,ORTA_TICARETHANE
5001286717,38.47799368,27.06649417,35-09-M01067Ã–,35,CIGLI,ATASEHIR,2250.0,2250573.0,0,0,0,0,1,0,0.0,0.0,0.0,0.0,2250573.0,0.0,1,BUYUK_TICARETHANE
5001288816,38.5065985,27.04035709,35-09-M02088,35,CIGLI,BALATCIK,8.5,583.817,0,0,0,0,1,0,0.0,0.0,0.0,0.0,583.817,0.0,1,KUCUK_TICARETHANE
5001290959,38.49928786,27.05140331,35-09-M03090,35,CIGLI,YENI MAHALLE,9.352,31032.61,1,0,0,0,0,0,31032.61,0.0,0.0,0.0,0.0,0.0,0,AYDINLATMA
5001292436,38.49583899,27.11448959,35-04-K01115,35,KARSIYAKA,ZUBEYDE HANIM,5.0,1551.105,0,0,0,0,1,0,0.0,0.0,0.0,0.0,1551.105,0.0,1,KUCUK_TICARETHANE
5001292447,38.51220388,27.06256132,35-09-M02023,35,CIGLI,ESENTEPE,5.0,3302.942,0,0,0,0,1,0,0.0,0.0,0.0,0.0,3302.942,0.0,1,KUCUK_TICARETHANE
5001293189,38.45908234,27.09794379,35-04-M02777,35,KARSIYAKA,BOSTANLI,2.9395,21833.347,2,0,0,0,0,0,21833.347,0.0,0.0,0.0,0.0,0.0,0,AYDINLATMA
5001303171,38.46271953,27.10825717,35-04-M01040,35,KARSIYAKA,GONCALAR,16.073999999999998,65004.627,0,1,0,0,3,0,0.0,1570.501,0.0,0.0,63434.126,0.0,4,ORTA_TICARETHANE
5001303435,38.45739945,27.11029271,35-04-K00872,35,KARSIYAKA,AKSOY,42.0,5539.805,0,0,0,0,1,0,0.0,0.0,0.0,0.0,5539.805,0.0,1,ORTA_TICARETHANE
5001305990,38.497765,27.087211,35-09-M01985,35,CIGLI,EVKA - 2,2.8,11117.65,1,0,0,0,0,0,11117.65,0.0,0.0,0.0,0.0,0.0,0,AYDINLATMA
5001306029,38.49293193,27.11795544,35-04-K04477,35,KARSIYAKA,LATIFE HANIM,8.5,24294.63,0,0,0,0,1,0,0.0,0.0,0.0,0.0,24294.63,0.0,1,ORTA_TICARETHANE
5001306034,38.47075117,27.10191626,35-04-M01185,35,KARSIYAKA,FIKRI ALTAY,8.5,5034.818,0,0,0,0,1,0,0.0,0.0,0.0,0.0,5034.818,0.0,1,KUCUK_TICARETHANE
5001306931,38.50249295,27.06271697,35-09-M01979,35,CIGLI,EGEKENT,8.0,9870.025,0,0,0,0,1,0,0.0,0.0,0.0,0.0,9870.025,0.0,1,KUCUK_TICARETHANE
5001307990,38.47161091,27.08683651,35-04-M01373,35,KARSIYAKA,YALI,15.617241379310347,125424.476,0,12,0,0,17,0,0.0,22306.959,0.0,0.0,103117.51699999999,0.0,29,ORTA_TICARETHANE
5001308085,38.47734181,27.10792244,35-04-M01028,35,KARSIYAKA,IMBATLI,8.5,3571.935,0,0,0,0,1,0,0.0,0.0,0.0,0.0,3571.935,0.0,1,KUCUK_TICARETHANE
5001310803,38.50328131,27.04454064,35-09-M02549,35,CIGLI,KUCUK CIGLI,7.0760000000000005,3342.928,0,2,0,0,1,0,0.0,2445.431,0.0,0.0,897.497,0.0,3,KUCUK_TICARETHANE
5001314078,38.5151681,27.03708816,35-09-M01357,35,CIGLI,BALATCIK,8.5,15844.3,0,0,0,0,1,0,0.0,0.0,0.0,0.0,15844.3,0.0,1,ORTA_TICARETHANE
5001314443,38.47452276,27.1082805,35-04-M02100,35,KARSIYAKA,IMBATLI,7.9,24549.33,0,0,0,0,1,0,0.0,0.0,0.0,0.0,24549.33,0.0,1,ORTA_TICARETHANE
5001314770,38.4938534,27.07696566,35-09-M01981,35,CIGLI,MALTEPE,50.0,37968.23,0,0,0,0,1,0,0.0,0.0,0.0,0.0,37968.23,0.0,1,ORTA_TICARETHANE
5001314809,38.47388983,27.06595547,35-04-M01144,35,KARSIYAKA,MAVISEHIR,8.0,2964.0,0,0,0,0,1,0,0.0,0.0,0.0,0.0,2964.0,0.0,1,KUCUK_TICARETHANE
5001315080,38.47056201,27.08719538,35-04-M01268,35,KARSIYAKA,YALI,8.5,5208.623,0,0,0,0,1,0,0.0,0.0,0.0,0.0,5208.623,0.0,1,KUCUK_TICARETHANE
5001315921,38.47071122,27.09569199,35-04-K04628,35,KARSIYAKA,SEMIKLER,5.0,6097.381,0,0,0,0,1,0,0.0,0.0,0.0,0.0,6097.381,0.0,1,KUCUK_TICARETHANE
5001316169,38.46506761,27.12149359,35-04-K00294,35,KARSIYAKA,BAHCELIEVLER,8.5,3367.753,0,0,0,0,1,0,0.0,0.0,0.0,0.0,3367.753,0.0,1,KUCUK_TICARETHANE
5001316601,38.50896963,27.03751569,35-09-M00396,35,CIGLI,BALATCIK,8.0,907.65,0,0,0,0,1,0,0.0,0.0,0.0,0.0,907.65,0.0,1,KUCUK_TICARETHANE
5001317855,38.47186917,27.09504786,35-04-K00197,35,KARSIYAKA,SEMIKLER,7.9,7863.361,0,0,0,0,1,0,0.0,0.0,0.0,0.0,7863.361,0.0,1,KUCUK_TICARETHANE
5001319856,38.4755773,27.10030097,35-04-M02425,35,KARSIYAKA,SEMIKLER,8.5,3182.294,0,0,0,0,1,0,0.0,0.0,0.0,0.0,3182.294,0.0,1,KUCUK_TICARETHANE
5001320901,38.47764672,27.09484671,35-04-K04131,35,KARSIYAKA,SEMIKLER,7.66,9249.138,0,0,0,0,1,0,0.0,0.0,0.0,0.0,9249.138,0.0,1,KUCUK_TICARETHANE
5001323171,38.4602383,27.09461738,35-04-K03184,35,KARSIYAKA,BOSTANLI,6.6665,3295.815,0,0,0,0,2,0,0.0,0.0,0.0,0.0,3295.815,0.0,2,KUCUK_TICARETHANE
5001323327,38.50532958,27.044011,35-09-K01869,35,CIGLI,BALATCIK,8.0,391.169,0,0,0,0,1,0,0.0,0.0,0.0,0.0,391.169,0.0,1,KUCUK_TICARETHANE
5001323436,38.4638483,27.12826469,35-04-K00846,35,KARSIYAKA,TERSANE,2.3813333333333335,30536.86,3,0,0,0,0,0,30536.86,0.0,0.0,0.0,0.0,0.0,0,AYDINLATMA
5001324423,38.47301685,27.10720347,35-04-M02100,35,KARSIYAKA,IMBATLI,5.0,2868.973,0,0,0,0,1,0,0.0,0.0,0.0,0.0,2868.973,0.0,1,KUCUK_TICARETHANE
5001324443,38.47262964,27.10897128,35-04-M02100,35,KARSIYAKA,IMBATLI,5.0,1745.424,0,0,0,0,1,0,0.0,0.0,0.0,0.0,1745.424,0.0,1,KUCUK_TICARETHANE
5001326249,38.49872765,27.05426993,35-09-K04314,35,CIGLI,KUCUK CIGLI,5.0,5633.183,0,0,0,0,1,0,0.0,0.0,0.0,0.0,5633.183,0.0,1,KUCUK_TICARETHANE
5001326766,38.52687295,27.05371937,35-09-M01869,35,CIGLI,INONU,8.0,9027.262,0,0,0,0,1,0,0.0,0.0,0.0,0.0,9027.262,0.0,1,KUCUK_TICARETHANE
5001327119,38.53126227,27.18680793,35-04-M01699,35,KARSIYAKA,SANCAKLI,79.46,317314.9,0,0,0,0,1,0,0.0,0.0,0.0,0.0,317314.9,0.0,1,ORTA_TICARETHANE
5001327367,38.46439643,27.09139418,35-04-M01035,35,KARSIYAKA,ATAKENT,8.5,20.137,0,0,0,0,1,0,0.0,0.0,0.0,0.0,20.137,0.0,1,KUCUK_TICARETHANE
5001328313,38.46000952,27.10265554,35-04-M01038,35,KARSIYAKA,BOSTANLI,150.0,128029.6,0,0,0,0,1,0,0.0,0.0,0.0,0.0,128029.6,0.0,1,ORTA_TICARETHANE
5001330229,38.45687354,27.10268492,35-04-M03250,35,KARSIYAKA,BOSTANLI,8.5,7505.226,0,0,0,0,1,0,0.0,0.0,0.0,0.0,7505.226,0.0,1,KUCUK_TICARETHANE
5001333262,38.4954277,27.08108441,35-09-M01983,35,CIGLI,AHMET TANER KISLALI,5.0,1330.338,0,0,0,0,1,0,0.0,0.0,0.0,0.0,1330.338,0.0,1,KUCUK_TICARETHANE
5001335385,38.50401817,27.07755474,35-09-M01976,35,CIGLI,YAKAKENT,5.0,1509.0,0,0,0,0,1,0,0.0,0.0,0.0,0.0,1509.0,0.0,1,KUCUK_TICARETHANE
5001337270,38.5044714,27.05827831,35-09-K01936,35,CIGLI,CAGDAS,5.932,2593.266,0,0,0,0,1,0,0.0,0.0,0.0,0.0,2593.266,0.0,1,KUCUK_TICARETHANE
5001338190,38.51051625,27.04067384,35-09-M00396,35,CIGLI,BALATCIK,10.01911111111111,15195.118,0,6,0,0,3,0,0.0,8824.929,0.0,0.0,6370.189,0.0,9,KUCUK_TICARETHANE
5001338438,38.46960665,27.09870592,35-04-K01034,35,KARSIYAKA,DEMIRKOPRU,5.0,13284.55,0,0,0,0,1,0,0.0,0.0,0.0,0.0,13284.55,0.0,1,ORTA_TICARETHANE
5001341294,38.49370105,27.05529071,35-09-K03313,35,CIGLI,YENI MAHALLE,5.4,0.884,0,0,0,0,1,0,0.0,0.0,0.0,0.0,0.884,0.0,1,KUCUK_TICARETHANE
5001341424,38.48875823,27.07647816,35-09-K03705,35,CIGLI,MALTEPE,10.42,5244.685,0,1,0,0,1,0,0.0,3316.11,0.0,0.0,1928.575,0.0,2,KUCUK_TICARETHANE
5001341428,38.49183761,27.08009658,35-09-K03320,35,CIGLI,AYDINLIKEVLER,7.9,181.054,0,0,0,0,1,0,0.0,0.0,0.0,0.0,181.054,0.0,1,KUCUK_TICARETHANE
5001341557,38.45400052,27.10585701,35-04-K00053,35,KARSIYAKA,BOSTANLI,8.5,1642.151,0,0,0,0,1,0,0.0,0.0,0.0,0.0,1642.151,0.0,1,KUCUK_TICARETHANE
5001342742,38.4608405,27.12472567,35-04-K00288,35,KARSIYAKA,TERSANE,5.0,1292.524,0,0,0,0,1,0,0.0,0.0,0.0,0.0,1292.524,0.0,1,KUCUK_TICARETHANE
5001343026,38.4854192,27.05197309,35-09-K02817,35,CIGLI,ATASEHIR,19.9,1216.296,0,0,0,0,1,0,0.0,0.0,0.0,0.0,1216.296,0.0,1,ORTA_TICARETHANE
5001343066,38.49324783,27.05258406,35-09-K03314,35,CIGLI,ATASEHIR,19.9,122.433,0,0,0,0,1,0,0.0,0.0,0.0,0.0,122.433,0.0,1,ORTA_TICARETHANE
5001343071,38.48645278,27.06108454,35-09-K02669,35,CIGLI,ATASEHIR,19.9,7698.322,0,0,0,0,1,0,0.0,0.0,0.0,0.0,7698.322,0.0,1,ORTA_TICARETHANE
5001345247,38.50337573,27.04451395,35-09-M02549,35,CIGLI,KUCUK CIGLI,7.45,7076.182,0,0,0,0,1,0,0.0,0.0,0.0,0.0,7076.182,0.0,1,KUCUK_TICARETHANE
5001345286,38.49110899,27.11282249,35-04-K02447,35,KARSIYAKA,ZUBEYDE HANIM,8.0,1791.806,0,0,0,0,1,0,0.0,0.0,0.0,0.0,1791.806,0.0,1,KUCUK_TICARETHANE
5001346163,38.50012303,26.95628087,35-09-M00910,35,CIGLI,SASALLI MERKEZ,23.0,13502.23,0,0,0,0,1,0,0.0,0.0,0.0,0.0,13502.23,0.0,1,ORTA_TICARETHANE
5001346903,38.5100966,27.05826977,35-09-M02024,35,CIGLI,ESENTEPE,5.3,5551.137,0,0,0,0,1,0,0.0,0.0,0.0,0.0,5551.137,0.0,1,KUCUK_TICARETHANE
5001347111,38.53765841,27.05612173,35-09-M00202,35,CIGLI,CUMHURIYET,5.0,1230.925,0,0,0,0,1,0,0.0,0.0,0.0,0.0,1230.925,0.0,1,KUCUK_TICARETHANE
5001347138,38.5374626,27.05258762,35-09-M00207,35,CIGLI,CUMHURIYET,5.0,2157.662,0,0,0,0,1,0,0.0,0.0,0.0,0.0,2157.662,0.0,1,KUCUK_TICARETHANE
5001347179,38.53941839,27.05338285,35-09-M00201,35,CIGLI,CUMHURIYET,5.0,1186.11,0,0,0,0,1,0,0.0,0.0,0.0,0.0,1186.11,0.0,1,KUCUK_TICARETHANE
5001347181,38.54062037,27.05783488,35-09-M00204,35,CIGLI,CUMHURIYET,5.0,969.642,0,0,0,0,1,0,0.0,0.0,0.0,0.0,969.642,0.0,1,KUCUK_TICARETHANE
5001347183,38.53973597,27.05625189,35-09-M00203,35,CIGLI,CUMHURIYET,5.0,1231.402,0,0,0,0,1,0,0.0,0.0,0.0,0.0,1231.402,0.0,1,KUCUK_TICARETHANE
5001348155,38.4651652,27.10048565,35-04-K01411,35,KARSIYAKA,GONCALAR,7.9,344.961,0,0,0,0,1,0,0.0,0.0,0.0,0.0,344.961,0.0,1,KUCUK_TICARETHANE
5001348289,38.47326086,27.09895816,35-04-K04375,35,KARSIYAKA,SEMIKLER,8.5,138.94,0,0,0,0,1,0,0.0,0.0,0.0,0.0,138.94,0.0,1,KUCUK_TICARETHANE
5001348326,38.54178625,27.05529316,35-09-M00218,35,CIGLI,CUMHURIYET,5.0,1148.794,0,0,0,0,1,0,0.0,0.0,0.0,0.0,1148.794,0.0,1,KUCUK_TICARETHANE
5001348330,38.50073416,27.12175764,35-04-K04756,35,KARSIYAKA,LATIFE HANIM,10.712,30744.73,0,0,0,0,1,0,0.0,0.0,0.0,0.0,30744.73,0.0,1,ORTA_TICARETHANE
5001348331,38.50068064,27.12176406,35-04-K04756,35,KARSIYAKA,LATIFE HANIM,10.712,794.529,0,0,0,0,1,0,0.0,0.0,0.0,0.0,794.529,0.0,1,KUCUK_TICARETHANE
5001348332,38.50062705,27.12177296,35-04-K04756,35,KARSIYAKA,LATIFE HANIM,10.712,2321.084,0,0,0,0,1,0,0.0,0.0,0.0,0.0,2321.084,0.0,1,KUCUK_TICARETHANE
5001348333,38.50057327,27.12177904,35-04-K04756,35,KARSIYAKA,LATIFE HANIM,10.712,13118.7,0,0,0,0,1,0,0.0,0.0,0.0,0.0,13118.7,0.0,1,ORTA_TICARETHANE
5001348334,38.5005192,27.12178591,35-04-K04756,35,KARSIYAKA,LATIFE HANIM,10.712,3261.841,0,0,0,0,1,0,0.0,0.0,0.0,0.0,3261.841,0.0,1,KUCUK_TICARETHANE
5001348335,38.50046602,27.12179286,35-04-K04756,35,KARSIYAKA,LATIFE HANIM,10.712,780.225,0,0,0,0,1,0,0.0,0.0,0.0,0.0,780.225,0.0,1,KUCUK_TICARETHANE
5001349422,38.47207947,27.10029506,35-04-K03083,35,KARSIYAKA,FIKRI ALTAY,5.0,1117.874,0,0,0,0,1,0,0.0,0.0,0.0,0.0,1117.874,0.0,1,KUCUK_TICARETHANE
5001349650,38.4800868,27.08851289,35-04-M01676,35,KARSIYAKA,SEMIKLER,5.0,18604.62,0,0,0,0,1,0,0.0,0.0,0.0,0.0,18604.62,0.0,1,ORTA_TICARETHANE
5001349764,38.45525614,27.10874234,35-04-K03074,35,KARSIYAKA,AKSOY,8.5,44.187,0,0,0,0,1,0,0.0,0.0,0.0,0.0,44.187,0.0,1,KUCUK_TICARETHANE
5001349785,38.50132052,27.07235229,35-09-K01480,35,CIGLI,YAKAKENT,8.5,6197.183,0,0,0,0,1,0,0.0,0.0,0.0,0.0,6197.183,0.0,1,KUCUK_TICARETHANE
5001354898,38.46237785,27.08985325,35-04-K00660,35,KARSIYAKA,ATAKENT,8.5,5386.875,0,0,0,0,1,0,0.0,0.0,0.0,0.0,5386.875,0.0,1,KUCUK_TICARETHANE
5001356601,38.45835922,27.11269134,35-04-K00489,35,KARSIYAKA,BAHRIYE UCOK,8.5,2982.921,0,0,0,0,1,0,0.0,0.0,0.0,0.0,2982.921,0.0,1,KUCUK_TICARETHANE
5001357485,38.46600375,27.0969408,35-04-M01174,35,KARSIYAKA,YALI,8.5,61.0,0,0,0,0,1,0,0.0,0.0,0.0,0.0,61.0,0.0,1,KUCUK_TICARETHANE
5001360615,38.46292957,27.12631949,35-04-K00037,35,KARSIYAKA,TERSANE,8.5,17.073,0,0,0,0,1,0,0.0,0.0,0.0,0.0,17.073,0.0,1,KUCUK_TICARETHANE
5001362058,38.52557049,27.04385164,35-09-M02781,35,CIGLI,UGUR MUMCU,8.0,2123.595,0,0,0,0,1,0,0.0,0.0,0.0,0.0,2123.595,0.0,1,KUCUK_TICARETHANE
5001366697,38.48613315,27.07250503,35-09-K02778,35,CIGLI,ATASEHIR,136.0,75383.94,0,0,0,0,1,0,0.0,0.0,0.0,0.0,75383.94,0.0,1,ORTA_TICARETHANE
5001367056,38.46385061,27.09524926,35-04-K01483,35,KARSIYAKA,BOSTANLI,8.9,3724.395,0,0,0,0,1,0,0.0,0.0,0.0,0.0,3724.395,0.0,1,KUCUK_TICARETHANE
5001367077,38.45955,27.11153229,35-04-K01781,35,KARSIYAKA,BAHRIYE UCOK,24.0,3855.293,0,0,0,0,1,0,0.0,0.0,0.0,0.0,3855.293,0.0,1,ORTA_TICARETHANE
5001367539,38.51573948,27.03717485,35-09-M01357,35,CIGLI,BALATCIK,5.1,2927.39,0,0,0,0,1,0,0.0,0.0,0.0,0.0,2927.39,0.0,1,KUCUK_TICARETHANE
5001367866,38.50597014,27.04252217,35-09-M02390,35,CIGLI,BALATCIK,19.9,969.048,0,0,0,0,1,0,0.0,0.0,0.0,0.0,969.048,0.0,1,ORTA_TICARETHANE
5001368440,38.47288606,27.09003822,35-04-M01743,35,KARSIYAKA,YALI,8.5,25.312,0,0,0,0,1,0,0.0,0.0,0.0,0.0,25.312,0.0,1,KUCUK_TICARETHANE
5001371679,38.502618,27.077441,35-09-K01874,35,CIGLI,YAKAKENT,1.873,7385.83,1,0,0,0,0,0,7385.83,0.0,0.0,0.0,0.0,0.0,0,AYDINLATMA
5001372042,38.47851774,27.09282826,35-04-K00215,35,KARSIYAKA,SEMIKLER,8.5,1824.282,0,0,0,0,1,0,0.0,0.0,0.0,0.0,1824.282,0.0,1,KUCUK_TICARETHANE
5001372053,38.46292563,27.10521441,35-04-K01692,35,KARSIYAKA,NERGIZ,8.5,2024.256,0,0,0,0,1,0,0.0,0.0,0.0,0.0,2024.256,0.0,1,KUCUK_TICARETHANE
5001375626,38.49182622,27.05993279,35-09-K02730,35,CIGLI,ATASEHIR,7.9,0.0,0,0,0,0,1,0,0.0,0.0,0.0,0.0,0.0,0.0,1,KUCUK_TICARETHANE
5001375950,38.45191744,27.10678409,35-04-K03169,35,KARSIYAKA,AKSOY,8.5,944.31,0,0,0,0,1,0,0.0,0.0,0.0,0.0,944.31,0.0,1,KUCUK_TICARETHANE
5001379083,38.45492406,27.11260932,35-04-K01293,35,KARSIYAKA,DONANMACI,17.0,8818.646,0,0,0,0,1,0,0.0,0.0,0.0,0.0,8818.646,0.0,1,ORTA_TICARETHANE
5001379217,38.48119797,27.11323941,35-04-M01566,35,KARSIYAKA,ORNEKKOY,8.35,16087.66,0,0,0,0,1,0,0.0,0.0,0.0,0.0,16087.66,0.0,1,ORTA_TICARETHANE
5001380247,38.47722707,27.10886308,35-04-M02326,35,KARSIYAKA,IMBATLI,8.5,4357.431,0,0,0,0,1,0,0.0,0.0,0.0,0.0,4357.431,0.0,1,KUCUK_TICARETHANE
5001381306,38.49631257,27.07315728,35-09-K01873,35,CIGLI,SIRINTEPE,5.5,1445.765,0,0,0,0,1,0,0.0,0.0,0.0,0.0,1445.765,0.0,1,KUCUK_TICARETHANE
5001381910,38.50430137,26.96451846,35-09-M01387,35,CIGLI,SASALLI MERKEZ,23.0,27716.68,0,0,0,0,1,0,0.0,0.0,0.0,0.0,27716.68,0.0,1,ORTA_TICARETHANE
5001387273,38.51815105,27.06416173,35-09-K04579,35,CIGLI,ATATURK,5.0,1580.019,0,0,0,0,1,0,0.0,0.0,0.0,0.0,1580.019,0.0,1,KUCUK_TICARETHANE
5001387676,38.51828362,27.04213493,35-09-M01304,35,CIGLI,BALATCIK,5.4,35984.48,0,0,0,0,1,0,0.0,0.0,0.0,0.0,35984.48,0.0,1,ORTA_TICARETHANE
5001389090,38.47775492,27.11212223,35-04-M02326,35,KARSIYAKA,ORNEKKOY,8.5,2921.289,0,0,0,0,1,0,0.0,0.0,0.0,0.0,2921.289,0.0,1,KUCUK_TICARETHANE
5001390501,38.46829458,27.09922622,35-04-K03776,35,KARSIYAKA,DEMIRKOPRU,5.3,485.144,0,0,0,0,1,0,0.0,0.0,0.0,0.0,485.144,0.0,1,KUCUK_TICARETHANE
5001391250,38.47108977,27.0946696,35-04-K00197,35,KARSIYAKA,SEMIKLER,8.5,313.875,0,0,0,0,1,0,0.0,0.0,0.0,0.0,313.875,0.0,1,KUCUK_TICARETHANE
5001391427,38.47612695,27.09563316,35-04-K02940,35,KARSIYAKA,SEMIKLER,8.5,2786.47,0,0,0,0,1,0,0.0,0.0,0.0,0.0,2786.47,0.0,1,KUCUK_TICARETHANE
5001393304,38.50295319,27.0454265,35-09-M02465,35,CIGLI,KUCUK CIGLI,121.8,106050.0,0,0,1,0,0,0,0.0,0.0,106050.0,0.0,0.0,0.0,1,ORTA_SANAYI
5001395930,38.45762752,27.10702374,35-04-M03251,35,KARSIYAKA,BOSTANLI,8.5,5295.167,0,0,0,0,1,0,0.0,0.0,0.0,0.0,5295.167,0.0,1,KUCUK_TICARETHANE
5001401656,38.46583601,27.09110382,35-04-K00885,35,KARSIYAKA,YALI,5.5,551.554,0,0,0,0,1,0,0.0,0.0,0.0,0.0,551.554,0.0,1,KUCUK_TICARETHANE
5001402411,38.4524912,27.11178519,35-04-K01088,35,KARSIYAKA,DONANMACI,5.5,3800.979,0,0,0,0,1,0,0.0,0.0,0.0,0.0,3800.979,0.0,1,KUCUK_TICARETHANE
5001402418,38.4677668,27.10037876,35-04-K03776,35,KARSIYAKA,DEMIRKOPRU,5.0,560.516,0,0,0,0,1,0,0.0,0.0,0.0,0.0,560.516,0.0,1,KUCUK_TICARETHANE
5001403172,38.49735996,26.95496375,35-09-M00483,35,CIGLI,SASALLI MERKEZ,8.5,9632.651,0,0,0,0,1,0,0.0,0.0,0.0,0.0,9632.651,0.0,1,KUCUK_TICARETHANE
5001405271,38.48440504,27.05538583,35-09-K02867,35,CIGLI,ATASEHIR,1.719,5906.308,1,0,0,0,0,0,5906.308,0.0,0.0,0.0,0.0,0.0,0,AYDINLATMA
5001405293,38.4686453,27.134432,35-09-K01874,35,CIGLI,YAKAKENT,0.37,1213.649,1,0,0,0,0,0,1213.649,0.0,0.0,0.0,0.0,0.0,0,AYDINLATMA
5001406966,38.45809285,27.10382629,35-04-M03250,35,KARSIYAKA,BOSTANLI,3.229,13570.2,1,0,0,0,0,0,13570.2,0.0,0.0,0.0,0.0,0.0,0,AYDINLATMA
5001407062,38.46399066,27.09864965,35-04-M03252,35,KARSIYAKA,BOSTANLI,8.0045,47960.88,2,0,0,0,0,0,47960.88,0.0,0.0,0.0,0.0,0.0,0,AYDINLATMA
5001407065,38.46279667,27.09921776,35-04-M03253,35,KARSIYAKA,BOSTANLI,3.624,14852.6,1,0,0,0,0,0,14852.6,0.0,0.0,0.0,0.0,0.0,0,AYDINLATMA
5001407563,38.49696137,26.94810678,35-09-M01148,35,CIGLI,SASALLI MERKEZ,100.0,26258.24,0,0,0,0,1,0,0.0,0.0,0.0,0.0,26258.24,0.0,1,ORTA_TICARETHANE
5001407607,38.46794571,27.10376793,35-04-M01188,35,KARSIYAKA,DEDEBASI,5.4,4443.761,0,0,0,0,1,0,0.0,0.0,0.0,0.0,4443.761,0.0,1,KUCUK_TICARETHANE
5001407630,38.48792227,27.06370226,35-09-K04389,35,CIGLI,ATASEHIR,7.9,1985.272,0,0,0,0,1,0,0.0,0.0,0.0,0.0,1985.272,0.0,1,KUCUK_TICARETHANE
5001411230,38.51600778,27.03772643,35-09-M01798,35,CIGLI,BALATCIK,43.46,53387.88,0,0,0,0,1,0,0.0,0.0,0.0,0.0,53387.88,0.0,1,ORTA_TICARETHANE
5001412348,38.45270768,27.10484951,35-04-K01091,35,KARSIYAKA,BOSTANLI,23.0,11041.87,0,0,0,0,1,0,0.0,0.0,0.0,0.0,11041.87,0.0,1,ORTA_TICARETHANE
5001412356,38.52511102,27.04325503,35-09-M00647,35,CIGLI,UGUR MUMCU,8.5,15766.77,0,0,0,0,1,0,0.0,0.0,0.0,0.0,15766.77,0.0,1,ORTA_TICARETHANE
5001412735,38.45687267,27.1015636,35-04-K04641,35,KARSIYAKA,BOSTANLI,5.0,1359.737,0,0,0,0,1,0,0.0,0.0,0.0,0.0,1359.737,0.0,1,KUCUK_TICARETHANE
5001414470,38.45372255,27.10232169,35-04-K00488,35,KARSIYAKA,BOSTANLI,8.5,6771.948,0,0,0,0,1,0,0.0,0.0,0.0,0.0,6771.948,0.0,1,KUCUK_TICARETHANE
5001414828,38.47730489,27.10494207,35-04-M02647,35,KARSIYAKA,IMBATLI,8.5,4736.451,0,0,0,0,1,0,0.0,0.0,0.0,0.0,4736.451,0.0,1,KUCUK_TICARETHANE
5001416437,38.50688226,27.04721069,35-09-K03315,35,CIGLI,KUCUK CIGLI,7.9,2522.784,0,0,0,0,1,0,0.0,0.0,0.0,0.0,2522.784,0.0,1,KUCUK_TICARETHANE
5001416723,38.45676138,27.12131824,35-04-K00893,35,KARSIYAKA,TUNA,180.52,56213.34,0,0,0,0,1,0,0.0,0.0,0.0,0.0,56213.34,0.0,1,ORTA_TICARETHANE
5001416831,38.45920471,27.11979319,35-04-K00017,35,KARSIYAKA,ALAYBEY,5.4,1911.124,0,0,0,0,1,0,0.0,0.0,0.0,0.0,1911.124,0.0,1,KUCUK_TICARETHANE
5001417075,38.46234154,27.11068351,35-04-K01065,35,KARSIYAKA,BAHRIYE UCOK,9.253333333333332,8489.478,0,1,0,0,2,0,0.0,0.0,0.0,0.0,8489.478,0.0,3,KUCUK_TICARETHANE
5001417083,38.46935882,27.10079622,35-04-K03148,35,KARSIYAKA,DEMIRKOPRU,8.5,8470.231,0,0,0,0,1,0,0.0,0.0,0.0,0.0,8470.231,0.0,1,KUCUK_TICARETHANE
5001418703,38.49695624,26.94287489,35-09-M00540,35,CIGLI,SASALLI MERKEZ,5.0,4406.218,0,0,0,0,1,0,0.0,0.0,0.0,0.0,4406.218,0.0,1,KUCUK_TICARETHANE
5001418835,38.47740464,27.11005698,35-04-M02922,35,KARSIYAKA,IMBATLI,8.5,14936.07,0,0,0,0,1,0,0.0,0.0,0.0,0.0,14936.07,0.0,1,ORTA_TICARETHANE
5001419863,38.46375479,27.11798013,35-04-K02395,35,KARSIYAKA,BAHCELIEVLER,8.2,1692.714,0,0,0,0,1,0,0.0,0.0,0.0,0.0,1692.714,0.0,1,KUCUK_TICARETHANE
5001421655,38.48462375,27.11269002,35-04-M03260,35,KARSIYAKA,ORNEKKOY,11.4815,56757.7,2,0,0,0,0,0,56757.7,0.0,0.0,0.0,0.0,0.0,0,AYDINLATMA
5001422407,38.46518374,27.12034425,35-04-K01758,35,KARSIYAKA,BAHCELIEVLER,8.3,11753.92,0,0,0,0,1,0,0.0,0.0,0.0,0.0,11753.92,0.0,1,ORTA_TICARETHANE
5001422566,38.5266548,27.04722392,35-09-M00211,35,CIGLI,INONU,7.64,3334.152,0,0,0,0,1,0,0.0,0.0,0.0,0.0,3334.152,0.0,1,KUCUK_TICARETHANE
5001422770,38.48182091,27.11101526,35-04-M01173,35,KARSIYAKA,ORNEKKOY,140.0,302753.8,0,0,0,0,1,0,0.0,0.0,0.0,0.0,302753.8,0.0,1,ORTA_TICARETHANE
5001423659,38.47203684,27.10385953,35-04-M01442,35,KARSIYAKA,DEDEBASI,8.5,68.209,0,0,0,0,1,0,0.0,0.0,0.0,0.0,68.209,0.0,1,KUCUK_TICARETHANE
5001425360,38.49314231,27.04902568,35-09-M02689,35,CIGLI,ATASEHIR,416.667,186321.8,0,0,0,0,1,0,0.0,0.0,0.0,0.0,186321.8,0.0,1,ORTA_TICARETHANE
5001427165,38.4879658,27.08272605,35-09-K01006,35,CIGLI,AYDINLIKEVLER,8.0,1833.238,0,0,0,0,1,0,0.0,0.0,0.0,0.0,1833.238,0.0,1,KUCUK_TICARETHANE
5001427392,38.48415676,27.10873332,35-04-M02875,35,KARSIYAKA,ORNEKKOY,2.615,7824.929,1,0,0,0,0,0,7824.929,0.0,0.0,0.0,0.0,0.0,0,AYDINLATMA
5001428354,38.46226301,27.1205968,35-04-K02900,35,KARSIYAKA,BAHARIYE,5.0,348.823,0,0,0,0,1,0,0.0,0.0,0.0,0.0,348.823,0.0,1,KUCUK_TICARETHANE
5001428556,38.50329959,26.95424876,35-09-M00932,35,CIGLI,SASALLI MERKEZ,8.5,4768.831,0,0,0,0,1,0,0.0,0.0,0.0,0.0,4768.831,0.0,1,KUCUK_TICARETHANE
5001430124,38.46867493,27.09880804,35-04-K01034,35,KARSIYAKA,DEMIRKOPRU,8.5,7942.544,0,0,0,0,1,0,0.0,0.0,0.0,0.0,7942.544,0.0,1,KUCUK_TICARETHANE
5001431550,38.50731,27.04036763,35-09-M02088,35,CIGLI,BALATCIK,5.5,1.596,0,0,0,0,1,0,0.0,0.0,0.0,0.0,1.596,0.0,1,KUCUK_TICARETHANE
5001432518,38.53136372,27.18692523,35-04-M01699,35,KARSIYAKA,SANCAKLI,8.7,26963.32,0,0,0,0,1,0,0.0,0.0,0.0,0.0,26963.32,0.0,1,ORTA_TICARETHANE
5001434926,38.46896256,27.09193248,35-04-K03037,35,KARSIYAKA,YALI,8.175,2288.471,0,0,0,0,2,0,0.0,0.0,0.0,0.0,2288.471,0.0,2,KUCUK_TICARETHANE
5001436025,38.54515745,27.06492426,35-09-M01531,35,CIGLI,CUMHURIYET,5.66,840.2,0,0,0,0,1,0,0.0,0.0,0.0,0.0,840.2,0.0,1,KUCUK_TICARETHANE
5001436205,38.45692133,27.09602515,35-04-K00525,35,KARSIYAKA,BOSTANLI,8.5,7365.262,0,0,0,0,1,0,0.0,0.0,0.0,0.0,7365.262,0.0,1,KUCUK_TICARETHANE
5001438065,38.49584424,27.05337655,35-09-K01879,35,CIGLI,YENI MAHALLE,7.9,5495.483,0,0,0,0,1,0,0.0,0.0,0.0,0.0,5495.483,0.0,1,KUCUK_TICARETHANE
5001438936,38.45363478,27.10600593,35-04-K00277,35,KARSIYAKA,AKSOY,8.5,5397.361,0,0,0,0,1,0,0.0,0.0,0.0,0.0,5397.361,0.0,1,KUCUK_TICARETHANE
5001439711,38.49788436,26.95986752,35-09-M00483,35,CIGLI,SASALLI MERKEZ,25.0,31668.28,0,0,0,0,1,0,0.0,0.0,0.0,0.0,31668.28,0.0,1,ORTA_TICARETHANE
5001439910,38.47372425,27.09854676,35-04-K04618,35,KARSIYAKA,SEMIKLER,5.0,6786.813,0,0,0,0,1,0,0.0,0.0,0.0,0.0,6786.813,0.0,1,KUCUK_TICARETHANE
5001442102,38.45560642,27.10817371,35-04-K03074,35,KARSIYAKA,AKSOY,5.5,7474.207,0,0,0,0,1,0,0.0,0.0,0.0,0.0,7474.207,0.0,1,KUCUK_TICARETHANE
5001442133,38.4888037,27.0986121,35-04-K01144,35,KARSIYAKA,INONU,5.0,3853.234,0,0,0,0,1,0,0.0,0.0,0.0,0.0,3853.234,0.0,1,KUCUK_TICARETHANE
5001444235,38.47777379,27.10611394,35-15-A00005,35,KARSIYAKA,ORNEKKOY,0.417,1233.016,1,0,0,0,0,0,1233.016,0.0,0.0,0.0,0.0,0.0,0,AYDINLATMA
5001444316,38.45062855,27.10895381,35-04-K03385,35,KARSIYAKA,AKSOY,8.5,6644.123,0,0,0,0,1,0,0.0,0.0,0.0,0.0,6644.123,0.0,1,KUCUK_TICARETHANE
5002347531,38.50480028,27.05283034,35-09-K01867,35,CIGLI,KUCUK CIGLI,7.9,4114.06,0,0,0,0,1,0,0.0,0.0,0.0,0.0,4114.06,0.0,1,KUCUK_TICARETHANE
5002348135,38.51259408,27.0733961,35-09-K03363,35,CIGLI,YAKAKENT,8.5,35410.83,0,0,0,0,1,0,0.0,0.0,0.0,0.0,35410.83,0.0,1,ORTA_TICARETHANE
5002348145,38.457425,27.1162652,35-04-K00289,35,KARSIYAKA,DONANMACI,5.0,2059.665,0,0,0,0,1,0,0.0,0.0,0.0,0.0,2059.665,0.0,1,KUCUK_TICARETHANE
5002349129,38.49693081,27.05169162,35-09-K03322,35,CIGLI,YENI MAHALLE,8.68,2285.244,0,0,0,0,1,0,0.0,0.0,0.0,0.0,2285.244,0.0,1,KUCUK_TICARETHANE
5002349241,38.47958241,27.11321179,35-04-M01029,35,KARSIYAKA,ORNEKKOY,5.0,114.0,0,0,0,0,1,0,0.0,0.0,0.0,0.0,114.0,0.0,1,KUCUK_TICARETHANE
5002350181,38.531394,27.186997,35-04-K01183,35,KARSIYAKA,SANCAKLI,8.7,42215.84,0,0,0,0,1,0,0.0,0.0,0.0,0.0,42215.84,0.0,1,ORTA_TICARETHANE
5002350650,38.4603666,27.1258802,35-04-K00037,35,KARSIYAKA,TERSANE,8.5,230.838,0,0,0,0,1,0,0.0,0.0,0.0,0.0,230.838,0.0,1,KUCUK_TICARETHANE
5002350684,38.51305531,27.04065825,35-09-M02091,35,CIGLI,BALATCIK,7.9,9465.881,0,0,0,0,1,0,0.0,0.0,0.0,0.0,9465.881,0.0,1,KUCUK_TICARETHANE
5002350837,38.51181885,27.06383794,35-09-M03035,35,CIGLI,IZKENT,5.137,17213.99,1,0,0,0,0,0,17213.99,0.0,0.0,0.0,0.0,0.0,0,AYDINLATMA
5002350841,38.509813,27.060823,35-09-K01936,35,CIGLI,ESENTEPE,1.98,2991.483,1,0,0,0,0,0,2991.483,0.0,0.0,0.0,0.0,0.0,0,AYDINLATMA
5002350843,38.50353843,27.06390406,35-09-K04053,35,CIGLI,EGEKENT,1.944,7527.306,1,0,0,0,0,0,7527.306,0.0,0.0,0.0,0.0,0.0,0,AYDINLATMA
5002350845,38.48781259,27.05147444,35-09-K01862,35,CIGLI,ATASEHIR,5.65,13597.96,1,0,0,0,0,0,13597.96,0.0,0.0,0.0,0.0,0.0,0,AYDINLATMA
5002351879,38.45678994,27.09531301,35-04-K00525,35,KARSIYAKA,BOSTANLI,8.5,25382.91,0,0,0,0,1,0,0.0,0.0,0.0,0.0,25382.91,0.0,1,ORTA_TICARETHANE
5002352107,38.45199442,27.10379834,35-04-K01091,35,KARSIYAKA,BOSTANLI,8.5,10551.44,0,0,0,0,1,0,0.0,0.0,0.0,0.0,10551.44,0.0,1,ORTA_TICARETHANE
5002352219,38.4933408,27.0652309,35-09-M02551,35,CIGLI,KOYICI,5.4,2505.214,0,0,0,0,1,0,0.0,0.0,0.0,0.0,2505.214,0.0,1,KUCUK_TICARETHANE
5002355288,38.46036787,27.10209909,35-04-M01038,35,KARSIYAKA,BOSTANLI,8.5,9003.877,0,0,0,0,1,0,0.0,0.0,0.0,0.0,9003.877,0.0,1,KUCUK_TICARETHANE
5002357038,38.50678457,27.04490722,35-09-M02390,35,CIGLI,BALATCIK,90.0,62973.04,0,0,0,0,1,0,0.0,0.0,0.0,0.0,62973.04,0.0,1,ORTA_TICARETHANE
5002357176,38.51530913,27.05873369,35-09-M03051,35,CIGLI,ATATURK,8.0,7545.245,0,0,0,0,1,0,0.0,0.0,0.0,0.0,7545.245,0.0,1,KUCUK_TICARETHANE
5002357337,38.51697074,27.06270455,35-09-K04579,35,CIGLI,ATATURK,8.0,6918.308,0,0,0,0,1,0,0.0,0.0,0.0,0.0,6918.308,0.0,1,KUCUK_TICARETHANE
5002357374,38.47969133,27.10656336,35-04-M02555,35,KARSIYAKA,ORNEKKOY,85.0,109123.2,0,0,0,0,1,0,0.0,0.0,0.0,0.0,109123.2,0.0,1,ORTA_TICARETHANE
5002357454,38.50819522,27.04126794,35-09-M00396,35,CIGLI,BALATCIK,8.5,363.117,0,0,0,0,1,0,0.0,0.0,0.0,0.0,363.117,0.0,1,KUCUK_TICARETHANE
5002362518,38.50498195,27.05229975,35-09-K01867,35,CIGLI,KUCUK CIGLI,7.9,3873.646,0,0,0,0,1,0,0.0,0.0,0.0,0.0,3873.646,0.0,1,KUCUK_TICARETHANE
5002362752,38.50178687,26.9606793,35-09-M01302,35,CIGLI,SASALLI MERKEZ,35.2,23577.55,0,0,0,0,1,0,0.0,0.0,0.0,0.0,23577.55,0.0,1,ORTA_TICARETHANE
5002362764,38.48073942,27.08857931,35-04-K00308,35,KARSIYAKA,SEMIKLER,5.0,0.0,0,0,0,0,1,0,0.0,0.0,0.0,0.0,0.0,0.0,1,KUCUK_TICARETHANE
5002363766,38.53584527,27.053594,35-09-M00205,35,CIGLI,CUMHURIYET,17.426,2540.721,0,0,0,0,1,0,0.0,0.0,0.0,0.0,2540.721,0.0,1,ORTA_TICARETHANE
5002364586,38.49881768,26.94855825,35-09-M01148,35,CIGLI,SASALLI MERKEZ,80.06,13696.04,0,0,0,0,1,0,0.0,0.0,0.0,0.0,13696.04,0.0,1,ORTA_TICARETHANE
5002364783,38.48903239,27.11650407,35-04-K03082,35,KARSIYAKA,LATIFE HANIM,8.0,846.4691,0,0,0,0,1,0,0.0,0.0,0.0,0.0,846.4691,0.0,1,KUCUK_TICARETHANE
5002365057,38.47096301,27.10220127,35-04-M01185,35,KARSIYAKA,FIKRI ALTAY,0.639,793.841,1,0,0,0,0,0,793.841,0.0,0.0,0.0,0.0,0.0,0,AYDINLATMA
5002365515,38.51158764,27.06046189,35-09-M02023,35,CIGLI,ESENTEPE,8.5,10788.65,0,0,0,0,1,0,0.0,0.0,0.0,0.0,10788.65,0.0,1,ORTA_TICARETHANE
5002365722,38.46705232,27.12300676,35-04-K02875,35,KARSIYAKA,BAHCELIEVLER,0.653,2469.087,1,0,0,0,0,0,2469.087,0.0,0.0,0.0,0.0,0.0,0,AYDINLATMA
5002365729,38.46234371,27.12770073,35-04-K00037,35,KARSIYAKA,TERSANE,1.204,4482.065,1,0,0,0,0,0,4482.065,0.0,0.0,0.0,0.0,0.0,0,AYDINLATMA
5002365730,38.4659342,27.12112002,35-04-K01285,35,KARSIYAKA,BAHCELIEVLER,0.155,1146.604,1,0,0,0,0,0,1146.604,0.0,0.0,0.0,0.0,0.0,0,AYDINLATMA
5002366057,38.45000545,27.11162533,35-04-K01191,35,KARSIYAKA,DONANMACI,3.233,2044.941,1,0,0,0,0,0,2044.941,0.0,0.0,0.0,0.0,0.0,0,AYDINLATMA
5002366126,38.45291888,27.10764414,35-04-K03169,35,KARSIYAKA,AKSOY,0.955,2163.97,1,0,0,0,0,0,2163.97,0.0,0.0,0.0,0.0,0.0,0,AYDINLATMA
5002366195,38.48218284,27.09201062,35-04-M01025,35,KARSIYAKA,CUMHURIYET,1.047,4025.117,1,0,0,0,0,0,4025.117,0.0,0.0,0.0,0.0,0.0,0,AYDINLATMA
5002366201,38.45651367,27.09449559,35-04-K00525,35,KARSIYAKA,BOSTANLI,0.225,1074.24,1,0,0,0,0,0,1074.24,0.0,0.0,0.0,0.0,0.0,0,AYDINLATMA
5002366211,38.48112738,27.09254281,35-04-M01025,35,KARSIYAKA,CUMHURIYET,0.576,2554.051,1,0,0,0,0,0,2554.051,0.0,0.0,0.0,0.0,0.0,0,AYDINLATMA
5002366232,38.47574489,27.10137746,35-04-M02425,35,KARSIYAKA,SEMIKLER,0.351,3419.534,1,0,0,0,0,0,3419.534,0.0,0.0,0.0,0.0,0.0,0,AYDINLATMA
5002366234,38.46221843,27.09250553,35-04-K00191,35,KARSIYAKA,BOSTANLI,0.205,1844.688,1,0,0,0,0,0,1844.688,0.0,0.0,0.0,0.0,0.0,0,AYDINLATMA
5002366237,38.4635445,27.09256978,35-04-M01036,35,KARSIYAKA,ATAKENT,0.504,1776.789,1,0,0,0,0,0,1776.789,0.0,0.0,0.0,0.0,0.0,0,AYDINLATMA
5002366242,38.45845402,27.09198979,35-04-K00476,35,KARSIYAKA,BOSTANLI,1.533,6288.479,1,0,0,0,0,0,6288.479,0.0,0.0,0.0,0.0,0.0,0,AYDINLATMA
5002366243,38.46553487,27.1089354,35-04-K02316,35,KARSIYAKA,GONCALAR,0.173,1441.742,1,0,0,0,0,0,1441.742,0.0,0.0,0.0,0.0,0.0,0,AYDINLATMA
5002366442,38.4597644,27.10551743,35-04-K00930,35,KARSIYAKA,NERGIZ,5.0,2797.569,0,0,0,0,1,0,0.0,0.0,0.0,0.0,2797.569,0.0,1,KUCUK_TICARETHANE
5002366621,38.49984682,26.99188723,35-09-M00430Ã–,35,CIGLI,KAKLIC,22.16,5913.624,0,0,0,0,1,0,0.0,0.0,0.0,0.0,5913.624,0.0,1,ORTA_TICARETHANE
5002366674,38.48891854,27.07492319,35-09-M01950,35,CIGLI,MALTEPE,8.5,483.413,0,0,0,0,1,0,0.0,0.0,0.0,0.0,483.413,0.0,1,KUCUK_TICARETHANE
5002366770,38.47829133,27.0881369,35-04-K00215,35,KARSIYAKA,SEMIKLER,8.5,2587.2,0,0,0,0,1,0,0.0,0.0,0.0,0.0,2587.2,0.0,1,KUCUK_TICARETHANE
5002366893,38.48242982,27.08216729,35-04-M00951,35,KARSIYAKA,YALI,8.85,7568.088,0,0,0,0,1,0,0.0,0.0,0.0,0.0,7568.088,0.0,1,KUCUK_TICARETHANE
5002367291,38.460378,27.10132876,35-04-M01038,35,KARSIYAKA,BOSTANLI,0.892,2622.586,1,0,0,0,0,0,2622.586,0.0,0.0,0.0,0.0,0.0,0,AYDINLATMA
5002367312,38.45269907,27.10709593,35-04-K03169,35,KARSIYAKA,AKSOY,1.177,3280.425,1,0,0,0,0,0,3280.425,0.0,0.0,0.0,0.0,0.0,0,AYDINLATMA
5002367324,38.48721131,27.05416211,35-09-K03327,35,CIGLI,ATASEHIR,0.976,2692.026,1,0,0,0,0,0,2692.026,0.0,0.0,0.0,0.0,0.0,0,AYDINLATMA
5002368125,38.48952377,27.07272882,35-09-M01950,35,CIGLI,MALTEPE,5.4,9032.491,0,0,0,0,1,0,0.0,0.0,0.0,0.0,9032.491,0.0,1,KUCUK_TICARETHANE
5002368202,38.4679839,27.11417925,35-04-M01033,35,KARSIYAKA,BAHCELIEVLER,0.821,1827.026,1,0,0,0,0,0,1827.026,0.0,0.0,0.0,0.0,0.0,0,AYDINLATMA
5002368204,38.45247316,27.11598362,35-04-K00681,35,KARSIYAKA,DONANMACI,0.479,3285.167,1,0,0,0,0,0,3285.167,0.0,0.0,0.0,0.0,0.0,0,AYDINLATMA
5002368490,38.467038,27.09508962,35-04-K03848,35,KARSIYAKA,YALI,0.243,692.741,1,0,0,0,0,0,692.741,0.0,0.0,0.0,0.0,0.0,0,AYDINLATMA
5002369013,38.46120313,27.12792946,35-04-K01670,35,KARSIYAKA,TERSANE,0.994,353.649,1,0,0,0,0,0,353.649,0.0,0.0,0.0,0.0,0.0,0,AYDINLATMA
5002369120,38.46127144,27.12716038,35-04-K00037,35,KARSIYAKA,TERSANE,1.271,1949.084,1,0,0,0,0,0,1949.084,0.0,0.0,0.0,0.0,0.0,0,AYDINLATMA
5002369172,38.45768356,27.12507008,35-04-K00363,35,KARSIYAKA,ALAYBEY,0.253,1738.864,1,0,0,0,0,0,1738.864,0.0,0.0,0.0,0.0,0.0,0,AYDINLATMA
5002369173,38.48022211,27.09198568,35-04-K04013,35,KARSIYAKA,CUMHURIYET,0.147,2301.793,1,0,0,0,0,0,2301.793,0.0,0.0,0.0,0.0,0.0,0,AYDINLATMA
5002369191,38.46620766,27.10677207,35-04-K02316,35,KARSIYAKA,GONCALAR,0.169,1137.773,1,0,0,0,0,0,1137.773,0.0,0.0,0.0,0.0,0.0,0,AYDINLATMA
5002369266,38.46883295,27.10469066,35-04-M01181,35,KARSIYAKA,DEDEBASI,0.215,922.565,1,0,0,0,0,0,922.565,0.0,0.0,0.0,0.0,0.0,0,AYDINLATMA
5002369834,38.50310698,26.96467444,35-09-M01387,35,CIGLI,SASALLI MERKEZ,8.5,12181.8,0,0,0,0,1,0,0.0,0.0,0.0,0.0,12181.8,0.0,1,ORTA_TICARETHANE
5002370006,38.48984411,27.07407376,35-09-M01950,35,CIGLI,MALTEPE,8.0,16.325,0,0,0,0,1,0,0.0,0.0,0.0,0.0,16.325,0.0,1,KUCUK_TICARETHANE
5002371145,38.46549117,27.12552935,35-04-K03723,35,KARSIYAKA,BAHCELIEVLER,0.304,2457.462,1,0,0,0,0,0,2457.462,0.0,0.0,0.0,0.0,0.0,0,AYDINLATMA
5002371261,38.46642619,27.11712845,35-04-M01033,35,KARSIYAKA,BAHCELIEVLER,0.147,1353.769,1,0,0,0,0,0,1353.769,0.0,0.0,0.0,0.0,0.0,0,AYDINLATMA
5002371439,38.47474177,27.08856428,35-04-K03022,35,KARSIYAKA,YALI,1.036,4235.001,1,0,0,0,0,0,4235.001,0.0,0.0,0.0,0.0,0.0,0,AYDINLATMA
5002374145,38.47611442,27.10007656,35-04-M02425,35,KARSIYAKA,SEMIKLER,8.5,1342.646,0,0,0,0,1,0,0.0,0.0,0.0,0.0,1342.646,0.0,1,KUCUK_TICARETHANE
5002375095,38.48752427,27.10016564,35-04-K01144,35,KARSIYAKA,INONU,5.0,997.242,0,0,0,0,1,0,0.0,0.0,0.0,0.0,997.242,0.0,1,KUCUK_TICARETHANE
5002375626,38.48019255,27.10234239,35-04-K00244,35,KARSIYAKA,CUMHURIYET,5.0,1010.294,0,0,0,0,1,0,0.0,0.0,0.0,0.0,1010.294,0.0,1,KUCUK_TICARETHANE
5002376365,38.49775663,27.11418184,35-04-K04171,35,KARSIYAKA,ZUBEYDE HANIM,5.0,956.875,0,0,0,0,1,0,0.0,0.0,0.0,0.0,956.875,0.0,1,KUCUK_TICARETHANE
5002377037,38.48066652,27.09897915,35-04-K02323,35,KARSIYAKA,CUMHURIYET,5.0,1010.335,0,0,0,0,1,0,0.0,0.0,0.0,0.0,1010.335,0.0,1,KUCUK_TICARETHANE
5002377889,38.48781162,27.0997642,35-04-K01144,35,KARSIYAKA,INONU,5.0,1014.576,0,0,0,0,1,0,0.0,0.0,0.0,0.0,1014.576,0.0,1,KUCUK_TICARETHANE
5002380575,38.47699866,27.11054615,35-04-M02326,35,KARSIYAKA,ORNEKKOY,8.5,231.513,0,0,0,0,1,0,0.0,0.0,0.0,0.0,231.513,0.0,1,KUCUK_TICARETHANE
5002382096,38.50002736,26.96320138,35-09-M00910,35,CIGLI,SASALLI MERKEZ,8.5,41806.73,0,0,0,0,1,0,0.0,0.0,0.0,0.0,41806.73,0.0,1,ORTA_TICARETHANE
5002382210,38.50587538,27.04476988,35-09-K01869,35,CIGLI,BALATCIK,7.9,884.131,0,0,0,0,1,0,0.0,0.0,0.0,0.0,884.131,0.0,1,KUCUK_TICARETHANE
5002382710,38.5148367,27.0656828,35-09-M03035,35,CIGLI,IZKENT,1.0,3174.284,1,0,0,0,0,0,3174.284,0.0,0.0,0.0,0.0,0.0,0,AYDINLATMA
5002382733,38.49060428,27.05236142,35-09-K02341,35,CIGLI,ATASEHIR,9.576,38257.53,1,0,0,0,0,0,38257.53,0.0,0.0,0.0,0.0,0.0,0,AYDINLATMA
5002382734,38.51119268,27.06278074,35-09-M03033,35,CIGLI,IZKENT,1.243,4961.416,1,0,0,0,0,0,4961.416,0.0,0.0,0.0,0.0,0.0,0,AYDINLATMA
5002382743,38.48405572,27.06813726,35-09-K03330,35,CIGLI,ATASEHIR,1.873,7168.275,1,0,0,0,0,0,7168.275,0.0,0.0,0.0,0.0,0.0,0,AYDINLATMA
5002383149,38.51833677,27.06405781,35-09-K04579,35,CIGLI,ATATURK,5.0,7165.111,0,0,0,0,1,0,0.0,0.0,0.0,0.0,7165.111,0.0,1,KUCUK_TICARETHANE
5002383376,38.47279158,27.10131984,35-04-M01184,35,KARSIYAKA,FIKRI ALTAY,7.77,1262.324,0,0,0,0,1,0,0.0,0.0,0.0,0.0,1262.324,0.0,1,KUCUK_TICARETHANE
5002384624,38.47570075,27.09254796,35-04-K04619,35,KARSIYAKA,SEMIKLER,8.5,5848.107,0,0,0,0,1,0,0.0,0.0,0.0,0.0,5848.107,0.0,1,KUCUK_TICARETHANE
5002385056,38.46026839,27.10035568,35-04-M01038,35,KARSIYAKA,BOSTANLI,5.4,2545.028,0,0,0,0,1,0,0.0,0.0,0.0,0.0,2545.028,0.0,1,KUCUK_TICARETHANE
5002385149,38.48351239,27.11225328,35-04-M03260,35,KARSIYAKA,ORNEKKOY,10.850000000000001,3558.776,0,1,0,0,1,0,0.0,2619.96,0.0,0.0,938.816,0.0,2,KUCUK_TICARETHANE
5002385872,38.50619696,27.04842117,35-09-K03315,35,CIGLI,KUCUK CIGLI,8.5,5575.866,0,0,0,0,1,0,0.0,0.0,0.0,0.0,5575.866,0.0,1,KUCUK_TICARETHANE
5002389305,38.45326243,27.10739565,35-04-K03169,35,KARSIYAKA,AKSOY,8.5,6777.232,0,0,0,0,1,0,0.0,0.0,0.0,0.0,6777.232,0.0,1,KUCUK_TICARETHANE
5002391239,38.45726322,27.0944949,35-04-K00525,35,KARSIYAKA,BOSTANLI,7.9,6260.102,0,0,0,0,1,0,0.0,0.0,0.0,0.0,6260.102,0.0,1,KUCUK_TICARETHANE
5002391782,38.48113727,27.10603553,35-04-M02663,35,KARSIYAKA,ORNEKKOY,8.16,15365.22,0,0,0,0,1,0,0.0,0.0,0.0,0.0,15365.22,0.0,1,ORTA_TICARETHANE
5002393761,38.53551105,27.0439066,35-09-M03325Ã–,35,CIGLI,HARMANDALI GAZI MUSTAFA KEMAL ATATURK,250.0,94339.44,0,0,0,0,1,0,0.0,0.0,0.0,0.0,94339.44,0.0,1,ORTA_TICARETHANE
5002393786,38.45758871,27.09550207,35-04-K04689,35,KARSIYAKA,BOSTANLI,8.9,8730.936,0,0,0,0,1,0,0.0,0.0,0.0,0.0,8730.936,0.0,1,KUCUK_TICARETHANE
5002393949,38.5079997,26.98838044,35-09-M00255,35,CIGLI,KAKLIC,6.58,4023.578,0,0,0,0,1,0,0.0,0.0,0.0,0.0,4023.578,0.0,1,KUCUK_TICARETHANE
5002394001,38.50852814,26.94342285,35-09-M00538,35,CIGLI,SASALLI MERKEZ,7.9,25008.2,0,0,0,0,1,0,0.0,0.0,0.0,0.0,25008.2,0.0,1,ORTA_TICARETHANE
5002394022,38.49663924,27.07171751,35-09-K01873,35,CIGLI,SIRINTEPE,8.0,15.002,0,0,0,0,1,0,0.0,0.0,0.0,0.0,15.002,0.0,1,KUCUK_TICARETHANE
5002396953,38.46753312,27.12219326,35-04-K02875,35,KARSIYAKA,BAHCELIEVLER,8.5,4307.834,0,0,0,0,1,0,0.0,0.0,0.0,0.0,4307.834,0.0,1,KUCUK_TICARETHANE
5002396957,38.45820814,27.1104455,35-04-K01589,35,KARSIYAKA,BAHRIYE UCOK,7.9,5166.39,0,0,0,0,1,0,0.0,0.0,0.0,0.0,5166.39,0.0,1,KUCUK_TICARETHANE
5002397099,38.45925381,27.09565632,35-04-K00849,35,KARSIYAKA,BOSTANLI,8.5,3779.535,0,0,0,0,1,0,0.0,0.0,0.0,0.0,3779.535,0.0,1,KUCUK_TICARETHANE
5002397193,38.47315429,27.0905215,35-04-M01743,35,KARSIYAKA,YALI,5.0,7258.511,0,0,0,0,1,0,0.0,0.0,0.0,0.0,7258.511,0.0,1,KUCUK_TICARETHANE
5002397235,38.46847114,27.09922135,35-04-K03776,35,KARSIYAKA,DEMIRKOPRU,8.5,11685.01,0,0,0,0,1,0,0.0,0.0,0.0,0.0,11685.01,0.0,1,ORTA_TICARETHANE
5002397248,38.53569934,27.04418967,35-09-M01460,35,CIGLI,HARMANDALI GAZI MUSTAFA KEMAL ATATURK,8.0,17938.87,0,0,0,0,1,0,0.0,0.0,0.0,0.0,17938.87,0.0,1,ORTA_TICARETHANE
5002397275,38.46273657,27.1101248,35-04-K03724,35,KARSIYAKA,BAHRIYE UCOK,5.0,2657.625,0,0,0,0,1,0,0.0,0.0,0.0,0.0,2657.625,0.0,1,KUCUK_TICARETHANE
5002397298,38.46394391,27.10417819,35-04-K04246,35,KARSIYAKA,GONCALAR,5.0,3545.15,0,0,0,0,1,0,0.0,0.0,0.0,0.0,3545.15,0.0,1,KUCUK_TICARETHANE
5002397378,38.47063054,27.08889824,35-04-K02760,35,KARSIYAKA,YALI,6.675,12631.614,0,0,0,0,2,0,0.0,0.0,0.0,0.0,12631.614,0.0,2,ORTA_TICARETHANE
5002397991,38.49674439,26.94753002,35-09-M01148,35,CIGLI,SASALLI MERKEZ,80.0,12258.12,0,0,0,0,1,0,0.0,0.0,0.0,0.0,12258.12,0.0,1,ORTA_TICARETHANE
5002400458,38.48344462,27.08761287,35-04-K01141,35,KARSIYAKA,CUMHURIYET,6.2,1445.059,0,0,0,0,1,0,0.0,0.0,0.0,0.0,1445.059,0.0,1,KUCUK_TICARETHANE
5002401029,38.49751162,27.11469895,35-04-K04171,35,KARSIYAKA,ZUBEYDE HANIM,8.5,1600.945,0,0,0,0,1,0,0.0,0.0,0.0,0.0,1600.945,0.0,1,KUCUK_TICARETHANE
5002401429,38.46523222,27.10832587,35-04-K02316,35,KARSIYAKA,GONCALAR,7.9,7230.258,0,0,0,0,1,0,0.0,0.0,0.0,0.0,7230.258,0.0,1,KUCUK_TICARETHANE
5002402796,38.46847286,27.10268098,35-04-M01188,35,KARSIYAKA,DEDEBASI,5.0,1018.375,0,0,0,0,1,0,0.0,0.0,0.0,0.0,1018.375,0.0,1,KUCUK_TICARETHANE
5002402841,38.49307865,27.05841628,35-09-K01878,35,CIGLI,YENI MAHALLE,7.9,3896.512,0,0,0,0,1,0,0.0,0.0,0.0,0.0,3896.512,0.0,1,KUCUK_TICARETHANE
5002403417,38.5011001,26.95334268,35-09-M00447,35,CIGLI,SASALLI MERKEZ,7.9,15535.88,0,0,0,0,1,0,0.0,0.0,0.0,0.0,15535.88,0.0,1,ORTA_TICARETHANE
5002405298,38.46637731,27.1086757,35-04-K03850,35,KARSIYAKA,GONCALAR,8.5,4274.137,0,0,0,0,1,0,0.0,0.0,0.0,0.0,4274.137,0.0,1,KUCUK_TICARETHANE
5002405963,38.46193278,27.12148978,35-04-K00166,35,KARSIYAKA,BAHARIYE,0.63,1886.587,1,0,0,0,0,0,1886.587,0.0,0.0,0.0,0.0,0.0,0,AYDINLATMA
5002406613,38.46872628,27.08855291,35-04-K01450,35,KARSIYAKA,YALI,8.425,2206.155,0,0,0,0,2,0,0.0,0.0,0.0,0.0,2206.155,0.0,2,KUCUK_TICARETHANE
5002406671,38.52415683,27.04942151,35-09-M00646,35,CIGLI,UGUR MUMCU,8.5,849.109,0,0,0,0,1,0,0.0,0.0,0.0,0.0,849.109,0.0,1,KUCUK_TICARETHANE
5002406683,38.49793237,27.05653047,35-09-K04282,35,CIGLI,KUCUK CIGLI,8.5,497.921,0,0,0,0,1,0,0.0,0.0,0.0,0.0,497.921,0.0,1,KUCUK_TICARETHANE
5002406702,38.49610559,27.05448374,35-09-K01879,35,CIGLI,YENI MAHALLE,8.5,1919.027,0,0,0,0,1,0,0.0,0.0,0.0,0.0,1919.027,0.0,1,KUCUK_TICARETHANE
5002406933,38.45948577,27.12550162,35-04-K01670,35,KARSIYAKA,ALAYBEY,8.5,305.793,0,0,0,0,1,0,0.0,0.0,0.0,0.0,305.793,0.0,1,KUCUK_TICARETHANE
5002407625,38.4933873,27.05399663,35-09-K01878,35,CIGLI,YENI MAHALLE,5.4,1896.884,0,0,0,0,1,0,0.0,0.0,0.0,0.0,1896.884,0.0,1,KUCUK_TICARETHANE
5002407648,38.45183684,27.10854601,35-04-K03385,35,KARSIYAKA,AKSOY,8.5,52.82,0,0,0,0,1,0,0.0,0.0,0.0,0.0,52.82,0.0,1,KUCUK_TICARETHANE
5002407733,38.51336822,27.05951368,35-09-M02023,35,CIGLI,ESENTEPE,5.3,9536.424,0,0,0,0,1,0,0.0,0.0,0.0,0.0,9536.424,0.0,1,KUCUK_TICARETHANE
5002408052,38.48257378,27.08773995,35-04-K03872,35,KARSIYAKA,SEMIKLER,200.0,11694.56,0,0,0,0,1,0,0.0,0.0,0.0,0.0,11694.56,0.0,1,ORTA_TICARETHANE
5002408385,38.46540232,27.11436162,35-04-M02958,35,KARSIYAKA,BAHCELIEVLER,8.5,7752.83,0,0,0,0,1,0,0.0,0.0,0.0,0.0,7752.83,0.0,1,KUCUK_TICARETHANE
5002408725,38.4517997,27.11509819,35-04-K00681,35,KARSIYAKA,DONANMACI,6.95,12181.75,0,1,0,0,1,0,0.0,0.0,0.0,0.0,12181.75,0.0,2,ORTA_TICARETHANE
5002408986,38.48968861,27.07489561,35-09-M01950,35,CIGLI,MALTEPE,8.0,305.807,0,0,0,0,1,0,0.0,0.0,0.0,0.0,305.807,0.0,1,KUCUK_TICARETHANE
5002409033,38.5097579,27.04062255,35-09-M00396,35,CIGLI,BALATCIK,5.4,606.692,0,0,0,0,1,0,0.0,0.0,0.0,0.0,606.692,0.0,1,KUCUK_TICARETHANE
5002409114,38.4594692,27.10459228,35-04-M01039,35,KARSIYAKA,BOSTANLI,8.5,3544.354,0,0,0,0,1,0,0.0,0.0,0.0,0.0,3544.354,0.0,1,KUCUK_TICARETHANE
5002410776,38.47737779,27.11384138,35-04-M01305,35,KARSIYAKA,ORNEKKOY,8.5,2078.847,0,0,0,0,1,0,0.0,0.0,0.0,0.0,2078.847,0.0,1,KUCUK_TICARETHANE
5002410958,38.49275542,27.06138262,35-09-K04438,35,CIGLI,ATASEHIR,6.53,4885.538,0,0,0,0,1,0,0.0,0.0,0.0,0.0,4885.538,0.0,1,KUCUK_TICARETHANE
5002411827,38.45333444,27.11686562,35-04-K00681,35,KARSIYAKA,DONANMACI,8.9,24472.22,0,0,0,0,1,0,0.0,0.0,0.0,0.0,24472.22,0.0,1,ORTA_TICARETHANE
5002414133,38.50051192,26.96198898,35-09-M01302,35,CIGLI,SASALLI MERKEZ,23.0,15270.79,0,0,0,0,1,0,0.0,0.0,0.0,0.0,15270.79,0.0,1,ORTA_TICARETHANE
5002414328,38.46291589,27.10782276,35-04-M01040,35,KARSIYAKA,GONCALAR,5.0,3850.94,0,0,0,0,1,0,0.0,0.0,0.0,0.0,3850.94,0.0,1,KUCUK_TICARETHANE
5002419671,38.51727298,27.06229719,35-09-K04390,35,CIGLI,ATATURK,5.4,2243.785,0,0,0,0,1,0,0.0,0.0,0.0,0.0,2243.785,0.0,1,KUCUK_TICARETHANE
5002422869,38.46427543,27.09969985,35-04-M03252,35,KARSIYAKA,BOSTANLI,8.5,3022.557,0,0,0,0,1,0,0.0,0.0,0.0,0.0,3022.557,0.0,1,KUCUK_TICARETHANE
5002422992,38.4522056,27.10445512,35-04-K01091,35,KARSIYAKA,BOSTANLI,5.4,3174.577,0,0,0,0,1,0,0.0,0.0,0.0,0.0,3174.577,0.0,1,KUCUK_TICARETHANE
5002424051,38.48877027,27.11585937,35-04-K03082,35,KARSIYAKA,LATIFE HANIM,8.5,2928.338,0,0,0,0,1,0,0.0,0.0,0.0,0.0,2928.338,0.0,1,KUCUK_TICARETHANE
5002424053,38.45740419,27.09571884,35-04-K04689,35,KARSIYAKA,BOSTANLI,8.5,1513.749,0,0,0,0,1,0,0.0,0.0,0.0,0.0,1513.749,0.0,1,KUCUK_TICARETHANE
5002425876,38.49620828,27.07317958,35-09-K01873,35,CIGLI,SIRINTEPE,8.92,2671.755,0,0,0,0,1,0,0.0,0.0,0.0,0.0,2671.755,0.0,1,KUCUK_TICARETHANE
5002425883,38.50379031,27.05244961,35-09-K01867,35,CIGLI,KUCUK CIGLI,47.0,12876.97,0,0,0,0,1,0,0.0,0.0,0.0,0.0,12876.97,0.0,1,ORTA_TICARETHANE
5002425954,38.50573701,26.96401513,35-09-M01387,35,CIGLI,SASALLI MERKEZ,35.0,6725.005,0,0,0,0,1,0,0.0,0.0,0.0,0.0,6725.005,0.0,1,ORTA_TICARETHANE
5002427188,38.46319452,27.12407774,35-04-K00766,35,KARSIYAKA,BAHCELIEVLER,5.0,1508.0,0,0,0,0,1,0,0.0,0.0,0.0,0.0,1508.0,0.0,1,KUCUK_TICARETHANE
5002427339,38.47447606,27.10220883,35-04-M01184,35,KARSIYAKA,FIKRI ALTAY,5.5,4015.891,0,0,0,0,1,0,0.0,0.0,0.0,0.0,4015.891,0.0,1,KUCUK_TICARETHANE
5002428459,38.46215258,27.12452559,35-04-K03102,35,KARSIYAKA,TERSANE,5.0,2208.877,0,0,0,0,1,0,0.0,0.0,0.0,0.0,2208.877,0.0,1,KUCUK_TICARETHANE
5002430432,38.45729784,27.11642559,35-04-K01746,35,KARSIYAKA,DONANMACI,5.4,2968.585,0,0,0,0,1,0,0.0,0.0,0.0,0.0,2968.585,0.0,1,KUCUK_TICARETHANE
5002431102,38.49731064,27.05241364,35-09-K03322,35,CIGLI,YENI MAHALLE,5.4,162.756,0,0,0,0,1,0,0.0,0.0,0.0,0.0,162.756,0.0,1,KUCUK_TICARETHANE
5002436219,38.48577947,27.0619077,35-09-K03492,35,CIGLI,ATASEHIR,5.0,6732.611,0,0,0,0,1,0,0.0,0.0,0.0,0.0,6732.611,0.0,1,KUCUK_TICARETHANE
5002436356,38.47289541,27.10422434,35-04-K03214,35,KARSIYAKA,DEDEBASI,8.5,1919.56,0,0,0,0,1,0,0.0,0.0,0.0,0.0,1919.56,0.0,1,KUCUK_TICARETHANE
5002436366,38.46120074,27.12339409,35-04-K03102,35,KARSIYAKA,TERSANE,5.0,320.485,0,0,0,0,1,0,0.0,0.0,0.0,0.0,320.485,0.0,1,KUCUK_TICARETHANE
5002436408,38.52045877,27.03884969,35-09-M01308,35,CIGLI,AHMET EFENDI,7.9,2494.597,0,0,0,0,1,0,0.0,0.0,0.0,0.0,2494.597,0.0,1,KUCUK_TICARETHANE
5002436495,38.45984048,27.12133576,35-04-K00166,35,KARSIYAKA,ALAYBEY,5.5,1994.085,0,0,0,0,1,0,0.0,0.0,0.0,0.0,1994.085,0.0,1,KUCUK_TICARETHANE
5002436667,38.46997878,27.0662222,35-04-M02444,35,KARSIYAKA,MAVISEHIR,16.03,3824.89,0,0,0,0,1,0,0.0,0.0,0.0,0.0,3824.89,0.0,1,ORTA_TICARETHANE
5002439126,38.49085205,26.94758063,35-09-M00347,35,CIGLI,SASALLI MERKEZ,5.1,1696.503,0,0,0,0,1,0,0.0,0.0,0.0,0.0,1696.503,0.0,1,KUCUK_TICARETHANE
5002439150,38.50094328,27.05753385,35-09-K01464,35,CIGLI,KUCUK CIGLI,5.4,175.186,0,0,0,0,1,0,0.0,0.0,0.0,0.0,175.186,0.0,1,KUCUK_TICARETHANE
5002439589,38.53469359,27.04437938,35-09-M01460,35,CIGLI,HARMANDALI GAZI MUSTAFA KEMAL ATATURK,5.3,8418.999,0,0,0,0,1,0,0.0,0.0,0.0,0.0,8418.999,0.0,1,KUCUK_TICARETHANE
5002439924,38.4758318,27.09915272,35-04-K02940,35,KARSIYAKA,SEMIKLER,5.0,1630.224,0,0,0,0,1,0,0.0,0.0,0.0,0.0,1630.224,0.0,1,KUCUK_TICARETHANE
5002439977,38.47076789,27.10487236,35-04-M01442,35,KARSIYAKA,DEDEBASI,8.5,3098.85,0,0,0,0,1,0,0.0,0.0,0.0,0.0,3098.85,0.0,1,KUCUK_TICARETHANE
5002440529,38.45577323,27.10778624,35-04-K03074,35,KARSIYAKA,AKSOY,5.4,8363.969,0,0,0,0,1,0,0.0,0.0,0.0,0.0,8363.969,0.0,1,KUCUK_TICARETHANE
5002440875,38.47393678,27.09641727,35-04-K01482,35,KARSIYAKA,SEMIKLER,8.3,12177.12,0,0,0,0,1,0,0.0,0.0,0.0,0.0,12177.12,0.0,1,ORTA_TICARETHANE
5002441175,38.51858326,26.99216538,35-09-M03422Ã–,35,CIGLI,KAKLIC,250.0,2948.16,0,0,0,0,1,0,0.0,0.0,0.0,0.0,2948.16,0.0,1,ORTA_TICARETHANE
5002441723,38.4621855,27.09344328,35-04-K00191,35,KARSIYAKA,BOSTANLI,8.5,3679.418,0,0,0,0,1,0,0.0,0.0,0.0,0.0,3679.418,0.0,1,KUCUK_TICARETHANE
5002441752,38.47768098,27.11012813,35-04-M02326,35,KARSIYAKA,ORNEKKOY,5.0,7099.0,0,0,0,0,1,0,0.0,0.0,0.0,0.0,7099.0,0.0,1,KUCUK_TICARETHANE
5002443405,38.49977081,27.12351451,35-04-K04757,35,KARSIYAKA,LATIFE HANIM,8.84,12949.519999999999,0,0,0,0,2,0,0.0,0.0,0.0,0.0,12949.519999999999,0.0,2,ORTA_TICARETHANE
5002443481,38.49975366,27.12363102,35-04-K04757,35,KARSIYAKA,LATIFE HANIM,8.84,3983.666,0,0,0,0,2,0,0.0,0.0,0.0,0.0,3983.666,0.0,2,KUCUK_TICARETHANE
5002443486,38.45875214,27.10725595,35-04-K00930,35,KARSIYAKA,NERGIZ,5.3,3455.532,0,0,0,0,1,0,0.0,0.0,0.0,0.0,3455.532,0.0,1,KUCUK_TICARETHANE
5002443555,38.49534065,27.05109569,35-09-K03312,35,CIGLI,YENI MAHALLE,14.316666666666666,41457.997,0,12,0,0,9,0,0.0,24799.63,0.0,0.0,16658.367,0.0,21,ORTA_TICARETHANE
5002443706,38.5205916,27.04070021,35-09-M00625,35,CIGLI,AHMET EFENDI,7.9,2876.402,0,0,0,0,1,0,0.0,0.0,0.0,0.0,2876.402,0.0,1,KUCUK_TICARETHANE
5002443750,38.46242211,27.1277781,35-04-K00037,35,KARSIYAKA,TERSANE,5.0,1111.125,0,0,0,0,1,0,0.0,0.0,0.0,0.0,1111.125,0.0,1,KUCUK_TICARETHANE
5002444382,38.47874505,27.08773656,35-04-M01676,35,KARSIYAKA,SEMIKLER,5.0,3706.21,0,0,0,0,1,0,0.0,0.0,0.0,0.0,3706.21,0.0,1,KUCUK_TICARETHANE
5002444765,38.47304542,27.08530913,35-04-M01892,35,KARSIYAKA,YALI,5.0,5565.106,0,0,0,0,1,0,0.0,0.0,0.0,0.0,5565.106,0.0,1,KUCUK_TICARETHANE
5002445707,38.49963286,27.12336626,35-04-K04756,35,KARSIYAKA,LATIFE HANIM,80.08,42994.47,0,0,0,0,1,0,0.0,0.0,0.0,0.0,42994.47,0.0,1,ORTA_TICARETHANE
5002446851,38.50269446,26.95653801,35-09-M00932,35,CIGLI,SASALLI MERKEZ,8.5,43794.36,0,0,0,0,1,0,0.0,0.0,0.0,0.0,43794.36,0.0,1,ORTA_TICARETHANE
5002446859,38.4712743,27.09859884,35-04-K04709,35,KARSIYAKA,SEMIKLER,8.5,2258.939,0,0,0,0,1,0,0.0,0.0,0.0,0.0,2258.939,0.0,1,KUCUK_TICARETHANE
5002447529,38.45794626,27.11134574,35-04-K00489,35,KARSIYAKA,BAHRIYE UCOK,5.0,3737.841,0,0,0,0,1,0,0.0,0.0,0.0,0.0,3737.841,0.0,1,KUCUK_TICARETHANE
5002447634,38.49411457,27.05073331,35-09-K03313,35,CIGLI,YENI MAHALLE,5.0,385.047,0,0,0,0,1,0,0.0,0.0,0.0,0.0,385.047,0.0,1,KUCUK_TICARETHANE
5002448545,38.46807633,27.08874108,35-04-K01450,35,KARSIYAKA,YALI,8.5,5548.159,0,0,0,0,1,0,0.0,0.0,0.0,0.0,5548.159,0.0,1,KUCUK_TICARETHANE
5002448597,38.46013185,27.09888551,35-04-M01037,35,KARSIYAKA,BOSTANLI,8.5,3152.276,0,0,0,0,1,0,0.0,0.0,0.0,0.0,3152.276,0.0,1,KUCUK_TICARETHANE
5002448814,38.49083329,26.9474451,35-09-M00347,35,CIGLI,SASALLI MERKEZ,8.0,1074.067,0,0,0,0,1,0,0.0,0.0,0.0,0.0,1074.067,0.0,1,KUCUK_TICARETHANE
5002449616,38.50472822,27.05390246,35-09-K01867,35,CIGLI,KUCUK CIGLI,20.0,8188.333,0,0,0,0,1,0,0.0,0.0,0.0,0.0,8188.333,0.0,1,ORTA_TICARETHANE
5002451265,38.49669143,27.05394093,35-09-K01863,35,CIGLI,YENI MAHALLE,7.9,666.332,0,0,0,0,1,0,0.0,0.0,0.0,0.0,666.332,0.0,1,KUCUK_TICARETHANE
5002451289,38.52291582,27.04453412,35-09-M00626,35,CIGLI,UGUR MUMCU,5.4,2877.788,0,0,0,0,1,0,0.0,0.0,0.0,0.0,2877.788,0.0,1,KUCUK_TICARETHANE
5002451299,38.50956875,27.04126938,35-09-M01932,35,CIGLI,BALATCIK,8.5,10668.68,0,0,0,0,1,0,0.0,0.0,0.0,0.0,10668.68,0.0,1,ORTA_TICARETHANE
5002451881,38.46745303,27.10123941,,35,KARSIYAKA,DEMIRKOPRU,0.3,681.983,1,0,0,0,0,0,681.983,0.0,0.0,0.0,0.0,0.0,0,AYDINLATMA
5002452259,38.50214876,27.07153431,35-09-K01480,35,CIGLI,YAKAKENT,2.4,2330.039,1,0,0,0,0,0,2330.039,0.0,0.0,0.0,0.0,0.0,0,AYDINLATMA
5002452260,38.50302882,27.06146945,35-09-M01979,35,CIGLI,EGEKENT,0.8,1374.068,1,0,0,0,0,0,1374.068,0.0,0.0,0.0,0.0,0.0,0,AYDINLATMA
5002452262,38.50322112,27.08933575,35-09-K02792,35,CIGLI,EVKA - 6,4.6,13653.81,1,0,0,0,0,0,13653.81,0.0,0.0,0.0,0.0,0.0,0,AYDINLATMA
5002452263,38.50043676,27.05808939,35-09-K01464,35,CIGLI,KUCUK CIGLI,1.668,6840.712,1,0,0,0,0,0,6840.712,0.0,0.0,0.0,0.0,0.0,0,AYDINLATMA
5002452264,38.49610373,27.0876354,35-09-M01985,35,CIGLI,AHMET TANER KISLALI,4.0,6788.543,1,0,0,0,0,0,6788.543,0.0,0.0,0.0,0.0,0.0,0,AYDINLATMA
5002452265,38.457088,27.051599,35-09-M02464,35,CIGLI,YENI MAHALLE,0.874,3362.118,1,0,0,0,0,0,3362.118,0.0,0.0,0.0,0.0,0.0,0,AYDINLATMA
5002452270,38.48749453,27.08328721,35-09-K01006,35,CIGLI,AYDINLIKEVLER,0.56,1709.287,1,0,0,0,0,0,1709.287,0.0,0.0,0.0,0.0,0.0,0,AYDINLATMA
5002452271,38.49652498,27.08304702,35-09-M01974,35,CIGLI,AHMET TANER KISLALI,2.5,12535.92,1,0,0,0,0,0,12535.92,0.0,0.0,0.0,0.0,0.0,0,AYDINLATMA
5002453971,38.50423051,27.11355666,35-04-K04985Ã–,35,KARSIYAKA,ZUBEYDE HANIM,115.0,54579.27,0,0,0,0,1,0,0.0,0.0,0.0,0.0,54579.27,0.0,1,ORTA_TICARETHANE
5002454183,38.45778373,27.12462663,35-04-K03109,35,KARSIYAKA,ALAYBEY,5.0,3353.74,0,0,0,0,1,0,0.0,0.0,0.0,0.0,3353.74,0.0,1,KUCUK_TICARETHANE
5002454390,38.49906738,27.05814988,35-09-K01464,35,CIGLI,KUCUK CIGLI,8.5,1750.883,0,0,0,0,1,0,0.0,0.0,0.0,0.0,1750.883,0.0,1,KUCUK_TICARETHANE
5002457051,38.47177666,27.10820339,35-04-K01735,35,KARSIYAKA,DEDEBASI,5.28,9618.204,0,0,0,0,1,0,0.0,0.0,0.0,0.0,9618.204,0.0,1,KUCUK_TICARETHANE
5002457462,38.50713486,27.04065283,35-09-M02088,35,CIGLI,BALATCIK,7.9,21.149,0,0,0,0,1,0,0.0,0.0,0.0,0.0,21.149,0.0,1,KUCUK_TICARETHANE
5002457464,38.49838343,27.05987876,35-09-K01865,35,CIGLI,KUCUK CIGLI,5.0,168.697,0,0,0,0,1,0,0.0,0.0,0.0,0.0,168.697,0.0,1,KUCUK_TICARETHANE
5002460144,38.45682592,27.10713113,35-04-M03251,35,KARSIYAKA,AKSOY,8.5,4094.764,0,0,0,0,1,0,0.0,0.0,0.0,0.0,4094.764,0.0,1,KUCUK_TICARETHANE
5002461888,38.50487507,27.04420103,35-09-K01869,35,CIGLI,BALATCIK,5.3,4383.387,0,0,0,0,1,0,0.0,0.0,0.0,0.0,4383.387,0.0,1,KUCUK_TICARETHANE
5002463118,38.52970526,27.04643416,35-09-M00212,35,CIGLI,INONU,8.5,10010.29,0,0,0,0,1,0,0.0,0.0,0.0,0.0,10010.29,0.0,1,ORTA_TICARETHANE
5002463126,38.50815786,27.04122879,35-09-M00396,35,CIGLI,BALATCIK,8.5,340.123,0,0,0,0,1,0,0.0,0.0,0.0,0.0,340.123,0.0,1,KUCUK_TICARETHANE
5002464728,38.46396885,27.11223137,35-04-K01051,35,KARSIYAKA,BAHRIYE UCOK,68.882,25986.63,0,0,0,0,1,0,0.0,0.0,0.0,0.0,25986.63,0.0,1,ORTA_TICARETHANE
5002464861,38.4976942,27.05969757,35-09-K01865,35,CIGLI,KUCUK CIGLI,5.0,5941.915,0,0,0,0,1,0,0.0,0.0,0.0,0.0,5941.915,0.0,1,KUCUK_TICARETHANE
5002465040,38.46037955,27.09281819,35-04-K03184,35,KARSIYAKA,BOSTANLI,8.5,3215.804,0,0,0,0,1,0,0.0,0.0,0.0,0.0,3215.804,0.0,1,KUCUK_TICARETHANE
5002467226,38.46237311,27.10793128,35-04-M01040,35,KARSIYAKA,GONCALAR,5.3,7801.981,0,0,0,0,1,0,0.0,0.0,0.0,0.0,7801.981,0.0,1,KUCUK_TICARETHANE
5002467590,38.45724559,27.10105297,35-04-K04641,35,KARSIYAKA,BOSTANLI,5.3,3317.626,0,0,0,0,1,0,0.0,0.0,0.0,0.0,3317.626,0.0,1,KUCUK_TICARETHANE
5002467917,38.48289627,27.09165373,35-04-M01873,35,KARSIYAKA,CUMHURIYET,3.056,12660.67,1,0,0,0,0,0,12660.67,0.0,0.0,0.0,0.0,0.0,0,AYDINLATMA
5002468640,38.47608933,27.10011193,35-04-M02425,35,KARSIYAKA,SEMIKLER,8.5,4114.978,0,0,0,0,1,0,0.0,0.0,0.0,0.0,4114.978,0.0,1,KUCUK_TICARETHANE
5002469057,38.45414147,27.11418804,35-04-K03185,35,KARSIYAKA,DONANMACI,7.5,2198.301,0,0,0,0,1,0,0.0,0.0,0.0,0.0,2198.301,0.0,1,KUCUK_TICARETHANE
5002471072,38.49600499,27.05520727,35-09-K01879,35,CIGLI,YENI MAHALLE,8.5,705.263,0,0,0,0,1,0,0.0,0.0,0.0,0.0,705.263,0.0,1,KUCUK_TICARETHANE
5002471181,38.49385622,27.05718157,35-09-K04020,35,CIGLI,YENI MAHALLE,8.2,5930.26,0,0,0,0,1,0,0.0,0.0,0.0,0.0,5930.26,0.0,1,KUCUK_TICARETHANE
5002473799,38.46167966,27.1215443,35-04-K00166,35,KARSIYAKA,BAHARIYE,7.9,2722.658,0,0,0,0,1,0,0.0,0.0,0.0,0.0,2722.658,0.0,1,KUCUK_TICARETHANE
5002473875,38.53171968,27.04086489,35-09-M01683,35,CIGLI,INONU,120.0,318.1,0,0,0,0,1,0,0.0,0.0,0.0,0.0,318.1,0.0,1,ORTA_TICARETHANE
5002474151,38.45348281,27.10391196,35-04-K00053,35,KARSIYAKA,BOSTANLI,8.5,2492.596,0,0,0,0,1,0,0.0,0.0,0.0,0.0,2492.596,0.0,1,KUCUK_TICARETHANE
5002474153,38.45750674,27.09459652,35-04-K00525,35,KARSIYAKA,BOSTANLI,8.5,3523.543,0,0,0,0,1,0,0.0,0.0,0.0,0.0,3523.543,0.0,1,KUCUK_TICARETHANE
5002474737,38.4969371,27.1126309,35-04-K04171,35,KARSIYAKA,ZUBEYDE HANIM,5.0,3118.342,0,0,0,0,1,0,0.0,0.0,0.0,0.0,3118.342,0.0,1,KUCUK_TICARETHANE
5002474767,38.45970248,27.10771516,35-04-K00807,35,KARSIYAKA,BAHRIYE UCOK,8.5,7776.1,0,0,0,0,1,0,0.0,0.0,0.0,0.0,7776.1,0.0,1,KUCUK_TICARETHANE
5002476535,38.50379952,26.99308489,35-09-M01145,35,CIGLI,KAKLIC,5.54,194.807,0,0,0,0,1,0,0.0,0.0,0.0,0.0,194.807,0.0,1,KUCUK_TICARETHANE
5002476555,38.50325113,27.04644374,35-09-M02465,35,CIGLI,KUCUK CIGLI,5.4,1223.291,0,0,0,0,1,0,0.0,0.0,0.0,0.0,1223.291,0.0,1,KUCUK_TICARETHANE
5002476559,38.46484943,27.12250634,35-04-K00294,35,KARSIYAKA,BAHCELIEVLER,8.5,524.686,0,0,0,0,1,0,0.0,0.0,0.0,0.0,524.686,0.0,1,KUCUK_TICARETHANE
5002476561,38.46030394,27.1067563,35-04-K00706,35,KARSIYAKA,NERGIZ,8.5,3455.483,0,0,0,0,1,0,0.0,0.0,0.0,0.0,3455.483,0.0,1,KUCUK_TICARETHANE
5002476588,38.47632523,27.09706899,35-04-K02940,35,KARSIYAKA,SEMIKLER,7.9,3701.748,0,0,0,0,1,0,0.0,0.0,0.0,0.0,3701.748,0.0,1,KUCUK_TICARETHANE
5002476773,38.48801117,27.07216432,35-09-K01887,35,CIGLI,ATASEHIR,8.5,5289.757,0,0,0,0,1,0,0.0,0.0,0.0,0.0,5289.757,0.0,1,KUCUK_TICARETHANE
5002478707,38.52953858,27.04492722,35-09-M00220,35,CIGLI,INONU,8.5,2217.783,0,0,0,0,1,0,0.0,0.0,0.0,0.0,2217.783,0.0,1,KUCUK_TICARETHANE
5002478713,38.50267696,27.04323044,35-09-M02549,35,CIGLI,KUCUK CIGLI,8.0,2886.004,0,0,0,0,1,0,0.0,0.0,0.0,0.0,2886.004,0.0,1,KUCUK_TICARETHANE
5002479777,38.50346917,26.99514489,35-09-M02098,35,CIGLI,KAKLIC,5.3,798.447,0,0,0,0,1,0,0.0,0.0,0.0,0.0,798.447,0.0,1,KUCUK_TICARETHANE
5002479780,38.49046943,27.07894334,35-09-K03320,35,CIGLI,AYDINLIKEVLER,8.5,3095.371,0,0,0,0,1,0,0.0,0.0,0.0,0.0,3095.371,0.0,1,KUCUK_TICARETHANE
5002479782,38.46577068,27.09146417,35-04-K00817,35,KARSIYAKA,YALI,8.5,2121.455,0,0,0,0,1,0,0.0,0.0,0.0,0.0,2121.455,0.0,1,KUCUK_TICARETHANE
5002479814,38.4627712,27.10676805,35-04-K03849,35,KARSIYAKA,GONCALAR,8.5,1401.856,0,0,0,0,1,0,0.0,0.0,0.0,0.0,1401.856,0.0,1,KUCUK_TICARETHANE
5002479949,38.4990579,26.94763332,35-09-M01148,35,CIGLI,SASALLI MERKEZ,90.0,11658.75,0,0,0,0,1,0,0.0,0.0,0.0,0.0,11658.75,0.0,1,ORTA_TICARETHANE
5002483151,38.47013574,27.08873633,35-04-M01178,35,KARSIYAKA,YALI,7.9,9813.018,0,0,0,0,1,0,0.0,0.0,0.0,0.0,9813.018,0.0,1,KUCUK_TICARETHANE
5002483450,38.50708036,27.04032293,35-09-M02088,35,CIGLI,BALATCIK,5.4,5351.911,0,0,0,0,1,0,0.0,0.0,0.0,0.0,5351.911,0.0,1,KUCUK_TICARETHANE
5002483787,38.49352189,27.0574163,35-09-K04020,35,CIGLI,YENI MAHALLE,8.5,2447.716,0,0,0,0,1,0,0.0,0.0,0.0,0.0,2447.716,0.0,1,KUCUK_TICARETHANE
5002486856,38.48539674,27.10475626,35-04-K02376,35,KARSIYAKA,ORNEKKOY,8.5,3753.14,0,0,0,0,1,0,0.0,0.0,0.0,0.0,3753.14,0.0,1,KUCUK_TICARETHANE
5002487082,38.46775007,27.09748494,35-04-K01422,35,KARSIYAKA,DEMIRKOPRU,5.3,1474.753,0,0,0,0,1,0,0.0,0.0,0.0,0.0,1474.753,0.0,1,KUCUK_TICARETHANE
5002487820,38.49601991,27.05370328,35-09-K01879,35,CIGLI,YENI MAHALLE,8.0,1880.606,0,0,0,0,1,0,0.0,0.0,0.0,0.0,1880.606,0.0,1,KUCUK_TICARETHANE
5002487864,38.46431151,27.12349333,35-04-K03723,35,KARSIYAKA,BAHCELIEVLER,8.5,983.241,0,0,0,0,1,0,0.0,0.0,0.0,0.0,983.241,0.0,1,KUCUK_TICARETHANE
5002491031,38.49098035,27.08165827,35-09-K04124,35,CIGLI,AYDINLIKEVLER,8.2,7837.928,0,0,0,0,1,0,0.0,0.0,0.0,0.0,7837.928,0.0,1,KUCUK_TICARETHANE
5002491171,38.45991225,27.09880695,35-04-M02777,35,KARSIYAKA,BOSTANLI,5.0,3549.921,0,0,0,0,1,0,0.0,0.0,0.0,0.0,3549.921,0.0,1,KUCUK_TICARETHANE
5002491219,38.49056953,27.1114643,35-04-K02447,35,KARSIYAKA,ZUBEYDE HANIM,8.3,3239.117,0,0,0,0,1,0,0.0,0.0,0.0,0.0,3239.117,0.0,1,KUCUK_TICARETHANE
5002491246,38.49325153,27.0658903,35-09-K01875,35,CIGLI,SIRINTEPE,8.5,1798.842,0,0,0,0,1,0,0.0,0.0,0.0,0.0,1798.842,0.0,1,KUCUK_TICARETHANE
5002491832,38.45387965,27.10626572,35-04-K00277,35,KARSIYAKA,AKSOY,5.4,7394.638,0,0,0,0,1,0,0.0,0.0,0.0,0.0,7394.638,0.0,1,KUCUK_TICARETHANE
5002491906,38.47392889,27.10144458,35-04-M01184,35,KARSIYAKA,FIKRI ALTAY,5.3,3212.338,0,0,0,0,1,0,0.0,0.0,0.0,0.0,3212.338,0.0,1,KUCUK_TICARETHANE
5002492334,38.46740628,27.09942792,35-04-K03776,35,KARSIYAKA,DEMIRKOPRU,8.5,1604.184,0,0,0,0,1,0,0.0,0.0,0.0,0.0,1604.184,0.0,1,KUCUK_TICARETHANE
5002492765,38.50170222,27.06275079,35-09-M01979,35,CIGLI,EGEKENT,102.449,31291.92,0,0,0,0,1,0,0.0,0.0,0.0,0.0,31291.92,0.0,1,ORTA_TICARETHANE
5002493438,38.49188107,27.08073359,35-09-K03320,35,CIGLI,AYDINLIKEVLER,7.9,4931.31,0,0,0,0,1,0,0.0,0.0,0.0,0.0,4931.31,0.0,1,KUCUK_TICARETHANE
5002493737,38.45478286,27.10860149,35-04-K03074,35,KARSIYAKA,AKSOY,8.5,2393.373,0,0,0,0,1,0,0.0,0.0,0.0,0.0,2393.373,0.0,1,KUCUK_TICARETHANE
5002494073,38.51791101,27.06116693,35-09-K04390,35,CIGLI,ATATURK,13.054,7484.035,1,0,0,0,0,0,7484.035,0.0,0.0,0.0,0.0,0.0,0,AYDINLATMA
5002496917,38.51185291,27.06160206,35-09-M02023,35,CIGLI,ESENTEPE,7.9,3763.214,0,0,0,0,1,0,0.0,0.0,0.0,0.0,3763.214,0.0,1,KUCUK_TICARETHANE
5002496923,38.49222067,27.11363699,35-04-K04503,35,KARSIYAKA,ZUBEYDE HANIM,5.0,136.011,0,0,0,0,1,0,0.0,0.0,0.0,0.0,136.011,0.0,1,KUCUK_TICARETHANE
5002496952,38.49003178,27.11648119,35-04-K03082,35,KARSIYAKA,LATIFE HANIM,5.0,1185.146,0,0,0,0,1,0,0.0,0.0,0.0,0.0,1185.146,0.0,1,KUCUK_TICARETHANE
5002497041,38.48931942,27.11666166,35-04-K03082,35,KARSIYAKA,LATIFE HANIM,5.0,1370.635,0,0,0,0,1,0,0.0,0.0,0.0,0.0,1370.635,0.0,1,KUCUK_TICARETHANE
5002497088,38.48992119,27.11677786,35-04-K03082,35,KARSIYAKA,LATIFE HANIM,5.0,1555.613,0,0,0,0,1,0,0.0,0.0,0.0,0.0,1555.613,0.0,1,KUCUK_TICARETHANE
5002497101,38.49130078,27.11459827,35-04-K04503,35,KARSIYAKA,ZUBEYDE HANIM,5.0,426.235,0,0,0,0,1,0,0.0,0.0,0.0,0.0,426.235,0.0,1,KUCUK_TICARETHANE
5002497127,38.49259725,27.11778904,35-04-K04477,35,KARSIYAKA,LATIFE HANIM,5.0,1117.655,0,0,0,0,1,0,0.0,0.0,0.0,0.0,1117.655,0.0,1,KUCUK_TICARETHANE
5002499329,38.48081546,27.08732891,35-04-K01664,35,KARSIYAKA,SEMIKLER,5.0,3581.26,0,0,0,0,1,0,0.0,0.0,0.0,0.0,3581.26,0.0,1,KUCUK_TICARETHANE
5002499793,38.50175432,26.95603616,35-09-M01346,35,CIGLI,SASALLI MERKEZ,8.5,31662.38,0,0,0,0,1,0,0.0,0.0,0.0,0.0,31662.38,0.0,1,ORTA_TICARETHANE
5002500671,38.45282548,27.11427559,35-04-K03185,35,KARSIYAKA,DONANMACI,8.5,5911.816,0,0,0,0,1,0,0.0,0.0,0.0,0.0,5911.816,0.0,1,KUCUK_TICARETHANE
5002515088,38.51526629,27.03857659,35-09-M02091,35,CIGLI,BALATCIK,5.4,8395.372,0,0,0,0,1,0,0.0,0.0,0.0,0.0,8395.372,0.0,1,KUCUK_TICARETHANE
5002515824,38.53022308,27.05057624,35-09-M00219,35,CIGLI,INONU,8.0,911.841,0,0,0,0,1,0,0.0,0.0,0.0,0.0,911.841,0.0,1,KUCUK_TICARETHANE
5002515849,38.50257137,27.0439595,35-09-M02549,35,CIGLI,KUCUK CIGLI,8.0,535.46,0,0,0,0,1,0,0.0,0.0,0.0,0.0,535.46,0.0,1,KUCUK_TICARETHANE
5002515861,38.48088106,27.11244123,35-04-M01150,35,KARSIYAKA,ORNEKKOY,8.4,2810.918,0,0,0,0,1,0,0.0,0.0,0.0,0.0,2810.918,0.0,1,KUCUK_TICARETHANE
5002517545,38.50439635,26.99282787,35-09-M01145,35,CIGLI,KAKLIC,6.76,270.706,0,0,0,0,1,0,0.0,0.0,0.0,0.0,270.706,0.0,1,KUCUK_TICARETHANE
5002517626,38.4624156,27.10695552,35-04-K03849,35,KARSIYAKA,NERGIZ,5.0,989.098,0,0,0,0,1,0,0.0,0.0,0.0,0.0,989.098,0.0,1,KUCUK_TICARETHANE
5002517709,38.50726,27.044,35-09-M02390,35,CIGLI,BALATCIK,0.8,3826.768,1,0,0,0,0,0,3826.768,0.0,0.0,0.0,0.0,0.0,0,AYDINLATMA
5002517715,38.50252,27.08841,35-09-K02793,35,CIGLI,EVKA - 2,0.8,3620.861,1,0,0,0,0,0,3620.861,0.0,0.0,0.0,0.0,0.0,0,AYDINLATMA
5002519225,38.47009362,27.10399222,35-04-M01442,35,KARSIYAKA,DEDEBASI,5.0,1433.126,1,0,0,0,0,0,1433.126,0.0,0.0,0.0,0.0,0.0,0,AYDINLATMA
5002519625,38.46919818,27.10106942,35-04-K03148,35,KARSIYAKA,DEMIRKOPRU,5.4,742.208,0,0,0,0,1,0,0.0,0.0,0.0,0.0,742.208,0.0,1,KUCUK_TICARETHANE
5002520040,38.47546724,27.10890066,35-04-M01755,35,KARSIYAKA,IMBATLI,8.5,4651.905,0,0,0,0,1,0,0.0,0.0,0.0,0.0,4651.905,0.0,1,KUCUK_TICARETHANE
5002524941,38.45505656,27.11106288,35-04-K00282,35,KARSIYAKA,AKSOY,8.5,2692.689,0,0,0,0,1,0,0.0,0.0,0.0,0.0,2692.689,0.0,1,KUCUK_TICARETHANE
5002524945,38.45988624,27.0924676,35-04-K03184,35,KARSIYAKA,BOSTANLI,8.3,2281.596,0,0,0,0,1,0,0.0,0.0,0.0,0.0,2281.596,0.0,1,KUCUK_TICARETHANE
5002524968,38.45671196,27.10907368,35-04-K03074,35,KARSIYAKA,AKSOY,8.5,3184.521,0,0,0,0,1,0,0.0,0.0,0.0,0.0,3184.521,0.0,1,KUCUK_TICARETHANE
5002525328,38.51013467,26.99000434,35-09-M00256,35,CIGLI,KAKLIC,8.35,3302.544,0,0,0,0,1,0,0.0,0.0,0.0,0.0,3302.544,0.0,1,KUCUK_TICARETHANE
5002528401,38.5022424,26.95952395,35-09-M01346,35,CIGLI,SASALLI MERKEZ,25.0,2560.092,0,0,0,0,1,0,0.0,0.0,0.0,0.0,2560.092,0.0,1,ORTA_TICARETHANE
5002528405,38.49720356,27.05168691,35-09-K03322,35,CIGLI,YENI MAHALLE,8.0,1506.882,0,0,0,0,1,0,0.0,0.0,0.0,0.0,1506.882,0.0,1,KUCUK_TICARETHANE
5002528696,38.50251015,27.07597127,35-09-K01874,35,CIGLI,YAKAKENT,5.0,578.239,0,0,0,0,1,0,0.0,0.0,0.0,0.0,578.239,0.0,1,KUCUK_TICARETHANE
5002529638,38.49191978,26.94754274,35-09-M00347,35,CIGLI,SASALLI MERKEZ,5.0,3175.112,0,0,0,0,1,0,0.0,0.0,0.0,0.0,3175.112,0.0,1,KUCUK_TICARETHANE
5002529645,38.48895541,27.05371785,35-09-K02341,35,CIGLI,ATASEHIR,5.0,6197.7,0,0,0,0,1,0,0.0,0.0,0.0,0.0,6197.7,0.0,1,KUCUK_TICARETHANE
5002529709,38.4992508,27.05958297,35-09-K01464,35,CIGLI,KUCUK CIGLI,8.5,1343.661,0,0,0,0,1,0,0.0,0.0,0.0,0.0,1343.661,0.0,1,KUCUK_TICARETHANE
5002530085,38.48583983,27.11015531,35-04-M02025,35,KARSIYAKA,ORNEKKOY,3.223,11495.52,1,0,0,0,0,0,11495.52,0.0,0.0,0.0,0.0,0.0,0,AYDINLATMA
5002533727,38.51102583,27.06111558,35-09-M02023,35,CIGLI,ESENTEPE,8.5,2545.195,0,0,0,0,1,0,0.0,0.0,0.0,0.0,2545.195,0.0,1,KUCUK_TICARETHANE
5002533729,38.45316728,27.10832691,35-04-K00753,35,KARSIYAKA,AKSOY,8.3,4556.369,0,0,0,0,1,0,0.0,0.0,0.0,0.0,4556.369,0.0,1,KUCUK_TICARETHANE
5002533743,38.45951106,27.09307845,35-04-K03184,35,KARSIYAKA,BOSTANLI,8.5,2364.022,0,0,0,0,1,0,0.0,0.0,0.0,0.0,2364.022,0.0,1,KUCUK_TICARETHANE
5002533745,38.49458217,26.95084291,35-09-M00257,35,CIGLI,SASALLI MERKEZ,5.0,126.332,0,0,0,0,1,0,0.0,0.0,0.0,0.0,126.332,0.0,1,KUCUK_TICARETHANE
5002535199,38.4928922,27.06198179,35-09-M03520,35,CIGLI,ATASEHIR,1.364,1392.053,1,0,0,0,0,0,1392.053,0.0,0.0,0.0,0.0,0.0,0,AYDINLATMA
5002535420,38.47832759,27.08776724,35-04-K00215,35,KARSIYAKA,SEMIKLER,8.5,3644.422,0,0,0,0,1,0,0.0,0.0,0.0,0.0,3644.422,0.0,1,KUCUK_TICARETHANE
5002536343,38.4633063,27.12635784,35-04-K00846,35,KARSIYAKA,TERSANE,8.5,4111.872,0,0,0,0,1,0,0.0,0.0,0.0,0.0,4111.872,0.0,1,KUCUK_TICARETHANE
5002536410,38.45191893,27.10756955,35-04-K03169,35,KARSIYAKA,AKSOY,8.5,2373.271,0,0,0,0,1,0,0.0,0.0,0.0,0.0,2373.271,0.0,1,KUCUK_TICARETHANE
5002537579,38.45908117,27.12598742,35-04-K01670,35,KARSIYAKA,ALAYBEY,8.5,1660.219,0,0,0,0,1,0,0.0,0.0,0.0,0.0,1660.219,0.0,1,KUCUK_TICARETHANE
5002539473,38.49956742,27.12381775,35-04-K04756,35,KARSIYAKA,LATIFE HANIM,10.2,4403.505,0,0,0,0,2,0,0.0,0.0,0.0,0.0,4403.505,0.0,2,KUCUK_TICARETHANE
5002539480,38.49959999,27.1235898,35-04-K04756,35,KARSIYAKA,LATIFE HANIM,8.5,445.985,0,0,0,0,2,0,0.0,0.0,0.0,0.0,445.985,0.0,2,KUCUK_TICARETHANE
5002541253,38.5204434,27.04066807,35-09-M00625,35,CIGLI,AHMET EFENDI,8.5,164.068,0,0,0,0,1,0,0.0,0.0,0.0,0.0,164.068,0.0,1,KUCUK_TICARETHANE
5002541331,38.50725487,27.04036942,35-09-M02088,35,CIGLI,BALATCIK,9.8535,5208.419,0,2,0,0,2,0,0.0,3690.272,0.0,0.0,1518.147,0.0,4,KUCUK_TICARETHANE
5002542669,38.50716153,27.0403539,35-09-M02088,35,CIGLI,BALATCIK,7.494666666666666,3469.892,0,2,0,0,1,0,0.0,2627.147,0.0,0.0,842.745,0.0,3,KUCUK_TICARETHANE
5002542674,38.45947246,27.11230313,35-04-K03676,35,KARSIYAKA,BAHRIYE UCOK,5.4,1901.232,0,0,0,0,1,0,0.0,0.0,0.0,0.0,1901.232,0.0,1,KUCUK_TICARETHANE
5002542682,38.46090009,27.1215644,35-04-K00166,35,KARSIYAKA,BAHARIYE,5.0,4360.973,0,1,0,0,1,0,0.0,3109.47,0.0,0.0,1251.503,0.0,2,KUCUK_TICARETHANE
5002542714,38.48631051,27.07084849,35-09-K02778,35,CIGLI,ATASEHIR,5.0,5269.792,0,0,0,0,1,0,0.0,0.0,0.0,0.0,5269.792,0.0,1,KUCUK_TICARETHANE
5002542727,38.50991006,27.039075,35-09-M00396,35,CIGLI,BALATCIK,5.0,4286.336,0,0,0,0,1,0,0.0,0.0,0.0,0.0,4286.336,0.0,1,KUCUK_TICARETHANE
5002543283,38.51588179,27.04504834,35-09-M02165,35,CIGLI,BALATCIK,7.9,4114.703,0,0,0,0,1,0,0.0,0.0,0.0,0.0,4114.703,0.0,1,KUCUK_TICARETHANE
5002545002,38.47801672,27.11268534,35-04-K00358,35,KARSIYAKA,ORNEKKOY,5.3,1900.001,0,0,0,0,1,0,0.0,0.0,0.0,0.0,1900.001,0.0,1,KUCUK_TICARETHANE
5002545004,38.48998851,27.06206688,35-09-M01898,35,CIGLI,ATASEHIR,5.0,5982.283,0,0,0,0,1,0,0.0,0.0,0.0,0.0,5982.283,0.0,1,KUCUK_TICARETHANE
5002545591,38.49213334,27.06574565,35-09-K01875,35,CIGLI,SIRINTEPE,5.0,3315.965,0,0,0,0,1,0,0.0,0.0,0.0,0.0,3315.965,0.0,1,KUCUK_TICARETHANE
5002547329,38.47314415,27.1025228,35-04-M01442,35,KARSIYAKA,FIKRI ALTAY,8.35,1257.516,0,0,0,0,1,0,0.0,0.0,0.0,0.0,1257.516,0.0,1,KUCUK_TICARETHANE
5002548059,38.4719028,27.07435722,35-04-K02593,35,KARSIYAKA,MAVISEHIR,116.626,264190.5,0,0,0,0,1,0,0.0,0.0,0.0,0.0,264190.5,0.0,1,ORTA_TICARETHANE
5002548405,38.47951832,27.11095312,35-04-M01741,35,KARSIYAKA,ORNEKKOY,5.4,4230.066,0,0,0,0,1,0,0.0,0.0,0.0,0.0,4230.066,0.0,1,KUCUK_TICARETHANE
5002549334,38.47302064,27.10147966,35-04-M01184,35,KARSIYAKA,FIKRI ALTAY,5.0,489.276,0,0,0,0,1,0,0.0,0.0,0.0,0.0,489.276,0.0,1,KUCUK_TICARETHANE
5002551214,38.52269797,27.04459387,35-09-M00626,35,CIGLI,UGUR MUMCU,8.433333333333334,2968.815,0,2,0,0,1,0,0.0,2653.79,0.0,0.0,315.025,0.0,3,KUCUK_TICARETHANE
5002551984,38.45889875,27.11574291,35-04-K00692,35,KARSIYAKA,BAHARIYE,5.0,3898.659,0,0,0,0,1,0,0.0,0.0,0.0,0.0,3898.659,0.0,1,KUCUK_TICARETHANE
5002552718,38.49964883,27.06121489,35-09-K04306,35,CIGLI,CAGDAS,57.699333333333335,151062.33,0,0,0,0,3,0,0.0,0.0,0.0,0.0,151062.33,0.0,3,ORTA_TICARETHANE
5002554006,38.51749404,27.04213615,35-09-M00103,35,CIGLI,BALATCIK,5.05,9317.887,0,0,0,0,1,0,0.0,0.0,0.0,0.0,9317.887,0.0,1,KUCUK_TICARETHANE
5002555212,38.46666192,27.09554603,35-04-M01187,35,KARSIYAKA,YALI,7.9,2464.153,0,0,0,0,1,0,0.0,0.0,0.0,0.0,2464.153,0.0,1,KUCUK_TICARETHANE
5002555314,38.50198412,27.05554181,35-09-K03321,35,CIGLI,KUCUK CIGLI,8.5,528.089,0,0,0,0,1,0,0.0,0.0,0.0,0.0,528.089,0.0,1,KUCUK_TICARETHANE
5002555357,38.45369362,27.10850923,35-04-K00753,35,KARSIYAKA,AKSOY,8.5,1074.295,0,0,0,0,1,0,0.0,0.0,0.0,0.0,1074.295,0.0,1,KUCUK_TICARETHANE
5002556496,38.45185021,27.10916832,35-04-K03385,35,KARSIYAKA,AKSOY,8.5,4968.172,0,0,0,0,1,0,0.0,0.0,0.0,0.0,4968.172,0.0,1,KUCUK_TICARETHANE
5002556631,38.47709614,27.06669661,35-09-M01088,35,CIGLI,ATASEHIR,22.5,25721.47,0,0,0,0,1,0,0.0,0.0,0.0,0.0,25721.47,0.0,1,ORTA_TICARETHANE
5002556849,38.45513574,27.11938546,35-04-K01555,35,KARSIYAKA,DONANMACI,22.5,23214.27,0,0,0,0,1,0,0.0,0.0,0.0,0.0,23214.27,0.0,1,ORTA_TICARETHANE
5002558758,38.48822884,27.06395387,35-09-K04389,35,CIGLI,ATASEHIR,8.5,1242.423,0,0,0,0,1,0,0.0,0.0,0.0,0.0,1242.423,0.0,1,KUCUK_TICARETHANE
5002558824,38.47115427,27.09626049,35-04-K04628,35,KARSIYAKA,SEMIKLER,5.5,1985.163,0,0,0,0,1,0,0.0,0.0,0.0,0.0,1985.163,0.0,1,KUCUK_TICARETHANE
5002568029,38.47329519,27.11017964,35-04-M02560,35,KARSIYAKA,IMBATLI,7.9,4522.504,0,0,0,0,1,0,0.0,0.0,0.0,0.0,4522.504,0.0,1,KUCUK_TICARETHANE
5002568031,38.45389908,27.1155138,35-04-K03185,35,KARSIYAKA,DONANMACI,5.5,5958.65,0,0,0,0,1,0,0.0,0.0,0.0,0.0,5958.65,0.0,1,KUCUK_TICARETHANE
5002570041,38.5105434,27.06764313,35-09-M03532Ã–,35,CIGLI,IZKENT,400.0,82371.36,0,0,0,0,1,0,0.0,0.0,0.0,0.0,82371.36,0.0,1,ORTA_TICARETHANE
5002570823,38.48639514,27.05332564,35-09-K02817,35,CIGLI,ATASEHIR,120.0,51788.55,0,0,0,0,1,0,0.0,0.0,0.0,0.0,51788.55,0.0,1,ORTA_TICARETHANE
5002571987,38.50734097,27.04515517,35-09-M02390,35,CIGLI,BALATCIK,5.0,294.432,0,0,0,0,1,0,0.0,0.0,0.0,0.0,294.432,0.0,1,KUCUK_TICARETHANE
5002573638,38.49735717,27.09551231,35-04-M00843,35,KARSIYAKA,MUSTAFA KEMAL,8.5,32309.23,0,0,0,0,1,0,0.0,0.0,0.0,0.0,32309.23,0.0,1,ORTA_TICARETHANE
5002574374,38.50875865,27.04818212,35-09-M01992,35,CIGLI,ESENTEPE,8.5,4906.969,0,0,0,0,1,0,0.0,0.0,0.0,0.0,4906.969,0.0,1,KUCUK_TICARETHANE
5002574639,38.4940801,27.08502873,35-09-K01954,35,CIGLI,AYDINLIKEVLER,8.4,3006.365,0,0,0,0,1,0,0.0,0.0,0.0,0.0,3006.365,0.0,1,KUCUK_TICARETHANE
5002575211,38.51498,27.04149,35-09-M01880,35,CIGLI,BALATCIK,3.2,14487.91,1,0,0,0,0,0,14487.91,0.0,0.0,0.0,0.0,0.0,0,AYDINLATMA
5002575213,38.50707,27.04003,35-09-M02088,35,CIGLI,BALATCIK,1.2,2575.706,1,0,0,0,0,0,2575.706,0.0,0.0,0.0,0.0,0.0,0,AYDINLATMA
5002580112,38.50937262,27.04029401,35-09-M00999,35,CIGLI,BALATCIK,8.5,7686.255,0,0,0,0,1,0,0.0,0.0,0.0,0.0,7686.255,0.0,1,KUCUK_TICARETHANE
5002581687,38.46125779,27.11331349,35-04-K00254,35,KARSIYAKA,BAHRIYE UCOK,8.5,2229.967,0,0,0,0,1,0,0.0,0.0,0.0,0.0,2229.967,0.0,1,KUCUK_TICARETHANE
5002582312,38.46354393,27.1099671,35-04-K01051,35,KARSIYAKA,BAHRIYE UCOK,5.4,2693.633,0,0,0,0,1,0,0.0,0.0,0.0,0.0,2693.633,0.0,1,KUCUK_TICARETHANE
5002585391,38.49497007,27.05580657,35-09-K01879,35,CIGLI,YENI MAHALLE,8.5,2941.31,0,0,0,0,1,0,0.0,0.0,0.0,0.0,2941.31,0.0,1,KUCUK_TICARETHANE
5002586649,38.45708881,27.12323739,35-04-K00363,35,KARSIYAKA,TUNA,5.4,467.81,0,0,0,0,1,0,0.0,0.0,0.0,0.0,467.81,0.0,1,KUCUK_TICARETHANE
5002586652,38.463079,27.1118779,35-04-K01051,35,KARSIYAKA,BAHRIYE UCOK,8.5,7110.088,0,0,0,0,1,0,0.0,0.0,0.0,0.0,7110.088,0.0,1,KUCUK_TICARETHANE
5002586697,38.49812743,26.94843244,35-09-M01148,35,CIGLI,SASALLI MERKEZ,160.0,6128.46,0,0,0,0,1,0,0.0,0.0,0.0,0.0,6128.46,0.0,1,ORTA_TICARETHANE
5002589924,38.50281616,27.04436079,35-09-M02549,35,CIGLI,KUCUK CIGLI,30.84,388.152,0,0,0,0,1,0,0.0,0.0,0.0,0.0,388.152,0.0,1,ORTA_TICARETHANE
5002590162,38.46038104,27.10640932,35-04-K00706,35,KARSIYAKA,NERGIZ,5.0,2882.001,0,0,0,0,1,0,0.0,0.0,0.0,0.0,2882.001,0.0,1,KUCUK_TICARETHANE
5002591575,38.49972077,27.12385528,35-04-K04757,35,KARSIYAKA,LATIFE HANIM,8.84,1366.51,0,0,0,0,1,0,0.0,0.0,0.0,0.0,1366.51,0.0,1,KUCUK_TICARETHANE
5002591582,38.50377675,27.0508526,35-09-K04597,35,CIGLI,KUCUK CIGLI,8.5,1400.634,0,0,0,0,1,0,0.0,0.0,0.0,0.0,1400.634,0.0,1,KUCUK_TICARETHANE
5002594557,38.51570622,27.03995958,35-09-M02784,35,CIGLI,BALATCIK,1.808,6336.63,1,0,0,0,0,0,6336.63,0.0,0.0,0.0,0.0,0.0,0,AYDINLATMA
5002595608,38.46052928,27.11518115,35-04-K01360,35,KARSIYAKA,BAHARIYE,8.5,233.226,0,0,0,0,1,0,0.0,0.0,0.0,0.0,233.226,0.0,1,KUCUK_TICARETHANE
5002595611,38.45608109,27.10083615,35-04-K04641,35,KARSIYAKA,BOSTANLI,8.5,702.89,0,0,0,0,1,0,0.0,0.0,0.0,0.0,702.89,0.0,1,KUCUK_TICARETHANE
5002595689,38.49776382,27.05081362,35-09-K03322,35,CIGLI,YENI MAHALLE,8.5,862.471,0,0,0,0,1,0,0.0,0.0,0.0,0.0,862.471,0.0,1,KUCUK_TICARETHANE
5002595796,38.4740618,27.08717314,,35,KARSIYAKA,YALI,8.5,6350.552,0,0,0,0,1,0,0.0,0.0,0.0,0.0,6350.552,0.0,1,KUCUK_TICARETHANE
5002596221,38.4701492,27.09370354,35-04-K04521,35,KARSIYAKA,YALI,8.5,2112.023,0,0,0,0,1,0,0.0,0.0,0.0,0.0,2112.023,0.0,1,KUCUK_TICARETHANE
5002598476,38.49285859,27.11321439,35-04-K03799,35,KARSIYAKA,ZUBEYDE HANIM,8.5,116.362,0,0,0,0,1,0,0.0,0.0,0.0,0.0,116.362,0.0,1,KUCUK_TICARETHANE
5002598486,38.48980352,27.0784418,35-09-K02499,35,CIGLI,AYDINLIKEVLER,8.5,515.65,0,0,0,0,1,0,0.0,0.0,0.0,0.0,515.65,0.0,1,KUCUK_TICARETHANE
5002599269,38.48566477,27.05936959,35-09-M03547Ã–,35,CIGLI,ATASEHIR,1250.0,1558350.0,0,0,0,0,1,0,0.0,0.0,0.0,0.0,1558350.0,0.0,1,BUYUK_TICARETHANE
5002599713,38.46463912,27.09262189,35-04-M01035,35,KARSIYAKA,ATAKENT,5.0,6189.821,0,0,0,0,1,0,0.0,0.0,0.0,0.0,6189.821,0.0,1,KUCUK_TICARETHANE
5002600469,38.49820514,27.05431742,35-09-K04314,35,CIGLI,KUCUK CIGLI,8.0,3282.855,0,0,0,0,1,0,0.0,0.0,0.0,0.0,3282.855,0.0,1,KUCUK_TICARETHANE
5002601262,38.47750226,27.11081058,35-04-K00358,35,KARSIYAKA,ORNEKKOY,8.5,990.183,0,0,0,0,1,0,0.0,0.0,0.0,0.0,990.183,0.0,1,KUCUK_TICARETHANE
5002601876,38.46118426,27.11398716,35-04-K00254,35,KARSIYAKA,BAHRIYE UCOK,5.0,907.903,0,0,0,0,1,0,0.0,0.0,0.0,0.0,907.903,0.0,1,KUCUK_TICARETHANE
5002603364,38.494487,27.05598351,35-09-K03313,35,CIGLI,YENI MAHALLE,7.9,1922.809,0,0,0,0,1,0,0.0,0.0,0.0,0.0,1922.809,0.0,1,KUCUK_TICARETHANE
5002603450,38.50703493,27.04877443,35-09-M01992,35,CIGLI,ESENTEPE,8.5,3453.386,0,0,0,0,1,0,0.0,0.0,0.0,0.0,3453.386,0.0,1,KUCUK_TICARETHANE
5002603823,38.47249328,27.10164471,35-04-K02676,35,KARSIYAKA,FIKRI ALTAY,8.5,1224.465,0,0,0,0,1,0,0.0,0.0,0.0,0.0,1224.465,0.0,1,KUCUK_TICARETHANE
5002603939,38.4504585,27.10898906,35-04-K03385,35,KARSIYAKA,AKSOY,8.5,1885.533,0,0,0,0,1,0,0.0,0.0,0.0,0.0,1885.533,0.0,1,KUCUK_TICARETHANE
5002604141,38.49628843,27.06725522,35-09-K01871,35,CIGLI,SIRINTEPE,8.35,224.213,0,0,0,0,1,0,0.0,0.0,0.0,0.0,224.213,0.0,1,KUCUK_TICARETHANE
5002605011,38.45513065,27.09986031,35-04-K02313,35,KARSIYAKA,BOSTANLI,7.9,3055.592,0,0,0,0,1,0,0.0,0.0,0.0,0.0,3055.592,0.0,1,KUCUK_TICARETHANE
5002605015,38.50680455,27.04953889,35-09-K03315,35,CIGLI,ESENTEPE,8.5,2975.291,0,0,0,0,1,0,0.0,0.0,0.0,0.0,2975.291,0.0,1,KUCUK_TICARETHANE
5002606015,38.46038519,27.10520929,35-04-K00930,35,KARSIYAKA,NERGIZ,5.3,288.427,0,0,0,0,1,0,0.0,0.0,0.0,0.0,288.427,0.0,1,KUCUK_TICARETHANE
5002606036,38.5071636,27.04388469,35-09-M02390,35,CIGLI,BALATCIK,5.4,3856.19,0,0,0,0,1,0,0.0,0.0,0.0,0.0,3856.19,0.0,1,KUCUK_TICARETHANE
5002606045,38.46410737,27.10158385,35-04-K01411,35,KARSIYAKA,GONCALAR,5.4,968.028,0,0,0,0,1,0,0.0,0.0,0.0,0.0,968.028,0.0,1,KUCUK_TICARETHANE
5002606639,38.51696619,27.15497785,35-04-K01183,35,KARSIYAKA,SANCAKLI,5.5,508.609,0,0,0,0,1,0,0.0,0.0,0.0,0.0,508.609,0.0,1,KUCUK_TICARETHANE
5002606864,38.50757352,26.94286724,35-09-M00538,35,CIGLI,SASALLI MERKEZ,90.0,15823.9,0,0,0,0,1,0,0.0,0.0,0.0,0.0,15823.9,0.0,1,ORTA_TICARETHANE
5002607479,38.49125315,27.08492059,35-09-K01321,35,CIGLI,AYDINLIKEVLER,52.797,0.0,0,0,0,0,1,0,0.0,0.0,0.0,0.0,0.0,0.0,1,ORTA_TICARETHANE
5002608310,38.47060312,27.0916146,35-04-K00785,35,KARSIYAKA,YALI,8.5,4378.125,0,0,0,0,1,0,0.0,0.0,0.0,0.0,4378.125,0.0,1,KUCUK_TICARETHANE
5002608316,38.45045617,27.10871949,35-04-K03385,35,KARSIYAKA,AKSOY,5.4,5693.971,0,0,0,0,1,0,0.0,0.0,0.0,0.0,5693.971,0.0,1,KUCUK_TICARETHANE
5002609866,38.46038084,27.11856707,35-04-K01064,35,KARSIYAKA,BAHARIYE,5.3,536.78,0,0,0,0,1,0,0.0,0.0,0.0,0.0,536.78,0.0,1,KUCUK_TICARETHANE
5002611462,38.4929815,27.11604632,35-04-K03082,35,KARSIYAKA,LATIFE HANIM,7.248,8741.553,0,2,0,0,3,0,0.0,2539.328,0.0,0.0,6202.225,0.0,5,KUCUK_TICARETHANE
5002612779,38.49014966,27.07201522,35-09-M01950,35,CIGLI,MALTEPE,8.5,1779.372,0,0,0,0,1,0,0.0,0.0,0.0,0.0,1779.372,0.0,1,KUCUK_TICARETHANE
5002613063,38.50356828,27.04990844,35-09-K04597,35,CIGLI,KUCUK CIGLI,8.0,833.246,0,0,0,0,1,0,0.0,0.0,0.0,0.0,833.246,0.0,1,KUCUK_TICARETHANE
5002613169,38.46664979,27.068436,35-04-K03388,35,KARSIYAKA,MAVISEHIR,5.0,0.002,0,0,0,0,1,0,0.0,0.0,0.0,0.0,0.002,0.0,1,KUCUK_TICARETHANE
5002614865,38.46796872,27.07565951,35-04-K02423,35,KARSIYAKA,MAVISEHIR,8.5,30349.14,0,0,0,0,1,0,0.0,0.0,0.0,0.0,30349.14,0.0,1,ORTA_TICARETHANE
5002618764,38.49155002,27.08726462,35-09-K01321,35,CIGLI,AYDINLIKEVLER,5.3,880.257,0,0,0,0,1,0,0.0,0.0,0.0,0.0,880.257,0.0,1,KUCUK_TICARETHANE
5002624367,38.45126419,27.11225419,35-04-K01088,35,KARSIYAKA,DONANMACI,5.0,3143.345,0,0,0,0,1,0,0.0,0.0,0.0,0.0,3143.345,0.0,1,KUCUK_TICARETHANE
5002624922,38.50500993,26.98851252,35-09-M00254,35,CIGLI,KAKLIC,6.74,1818.661,0,0,0,0,2,0,0.0,0.0,0.0,0.0,1818.661,0.0,2,KUCUK_TICARETHANE
5002624959,38.46516699,27.10881411,35-04-K02316,35,KARSIYAKA,GONCALAR,8.5,1554.915,0,0,0,0,1,0,0.0,0.0,0.0,0.0,1554.915,0.0,1,KUCUK_TICARETHANE
5002626628,38.4989101,27.05152406,35-09-M03090,35,CIGLI,YENI MAHALLE,8.446666666666667,1134.234,0,2,0,0,1,0,0.0,1045.652,0.0,0.0,88.582,0.0,3,KUCUK_TICARETHANE
5002628968,38.47976205,27.08853218,35-04-M01676,35,KARSIYAKA,SEMIKLER,5.0,775.125,0,0,0,0,1,0,0.0,0.0,0.0,0.0,775.125,0.0,1,KUCUK_TICARETHANE
5002629462,38.4765005,27.094539,35-04-M02441,35,KARSIYAKA,SEMIKLER,8.0,2491.962,0,0,0,0,1,0,0.0,0.0,0.0,0.0,2491.962,0.0,1,KUCUK_TICARETHANE
5002630635,38.46627753,27.10869685,,35,KARSIYAKA,GONCALAR,7.8780769230769225,1463.17601,0,9,0,0,4,0,0.0,1186.27101,0.0,0.0,276.905,0.0,13,KUCUK_TICARETHANE
5002631563,38.49013274,27.06144697,35-09-M01898,35,CIGLI,ATASEHIR,5.0,20241.65,0,0,0,0,1,0,0.0,0.0,0.0,0.0,20241.65,0.0,1,ORTA_TICARETHANE
5002634652,38.45980805,27.11075074,35-04-K01781,35,KARSIYAKA,BAHRIYE UCOK,8.5,2030.834,0,0,0,0,1,0,0.0,0.0,0.0,0.0,2030.834,0.0,1,KUCUK_TICARETHANE
5002634920,38.50728574,26.94116148,35-09-M00538,35,CIGLI,SASALLI MERKEZ,9.0,3043.109,0,0,0,0,1,0,0.0,0.0,0.0,0.0,3043.109,0.0,1,KUCUK_TICARETHANE
5002636614,38.52044799,27.03189701,35-09-M03596Ã–,35,CIGLI,BALATCIK,250.0,49551.84,0,0,0,0,1,0,0.0,0.0,0.0,0.0,49551.84,0.0,1,ORTA_TICARETHANE
5002636878,38.47448869,27.10161145,35-04-M01184,35,KARSIYAKA,FIKRI ALTAY,5.4,1893.745,0,0,0,0,1,0,0.0,0.0,0.0,0.0,1893.745,0.0,1,KUCUK_TICARETHANE
5002637005,38.50712358,27.04573535,35-09-M02390,35,CIGLI,BALATCIK,5.0,424.342,0,0,0,0,1,0,0.0,0.0,0.0,0.0,424.342,0.0,1,KUCUK_TICARETHANE
5002637054,38.47762891,27.10870292,35-04-M02922,35,KARSIYAKA,ORNEKKOY,5.4,260.838,0,0,0,0,1,0,0.0,0.0,0.0,0.0,260.838,0.0,1,KUCUK_TICARETHANE
5002637569,38.45173175,27.11490303,35-04-K00681,35,KARSIYAKA,DONANMACI,8.5,5285.293,0,0,0,0,1,0,0.0,0.0,0.0,0.0,5285.293,0.0,1,KUCUK_TICARETHANE
5002638306,38.49599101,27.08780977,35-09-M01985,35,CIGLI,AHMET TANER KISLALI,16.202,1157.323,0,0,0,0,1,0,0.0,0.0,0.0,0.0,1157.323,0.0,1,ORTA_TICARETHANE
5002639988,38.49685235,27.04994262,35-09-K03322,35,CIGLI,YENI MAHALLE,7.9,56.386,0,0,0,0,1,0,0.0,0.0,0.0,0.0,56.386,0.0,1,KUCUK_TICARETHANE
5002640006,38.47806664,27.0877578,35-04-K00215,35,KARSIYAKA,SEMIKLER,5.5,2244.035,0,0,0,0,1,0,0.0,0.0,0.0,0.0,2244.035,0.0,1,KUCUK_TICARETHANE
5002640313,38.47145004,27.08864093,35-04-K02760,35,KARSIYAKA,YALI,5.0,3977.485,0,0,0,0,1,0,0.0,0.0,0.0,0.0,3977.485,0.0,1,KUCUK_TICARETHANE
5002640318,38.4665076,27.10161539,35-04-M01607,35,KARSIYAKA,DEDEBASI,5.4,2307.971,0,0,0,0,1,0,0.0,0.0,0.0,0.0,2307.971,0.0,1,KUCUK_TICARETHANE
5002641730,38.46901252,27.09135534,35-04-K01449,35,KARSIYAKA,YALI,7.9,525.49,0,0,0,0,1,0,0.0,0.0,0.0,0.0,525.49,0.0,1,KUCUK_TICARETHANE
5002641938,38.49402783,26.95179676,35-09-M00257,35,CIGLI,SASALLI MERKEZ,8.06,12358.2,0,0,0,0,1,0,0.0,0.0,0.0,0.0,12358.2,0.0,1,ORTA_TICARETHANE
5002643154,38.47198824,27.07949952,35-04-K02425,35,KARSIYAKA,MAVISEHIR,40.0,48679.8,0,0,0,0,1,0,0.0,0.0,0.0,0.0,48679.8,0.0,1,ORTA_TICARETHANE
5002646525,38.48494947,27.05301204,35-09-K02817,35,CIGLI,ATASEHIR,5.4,20663.95,0,0,0,0,1,0,0.0,0.0,0.0,0.0,20663.95,0.0,1,ORTA_TICARETHANE
5002646966,38.46793214,27.10951942,35-04-K03036,35,KARSIYAKA,DEDEBASI,49.1,7495.527,0,0,0,0,1,0,0.0,0.0,0.0,0.0,7495.527,0.0,1,ORTA_TICARETHANE
5002647458,38.48779,27.06217,35-09-K04389,35,CIGLI,ATASEHIR,1.0,3752.534,1,0,0,0,0,0,3752.534,0.0,0.0,0.0,0.0,0.0,0,AYDINLATMA
5002647459,38.49066,27.07911,35-09-K03320,35,CIGLI,AYDINLIKEVLER,1.2,4423.077,1,0,0,0,0,0,4423.077,0.0,0.0,0.0,0.0,0.0,0,AYDINLATMA
5002647461,38.49475,27.08873,35-09-K01956,35,CIGLI,AHMET TANER KISLALI,4.4,7538.199,1,0,0,0,0,0,7538.199,0.0,0.0,0.0,0.0,0.0,0,AYDINLATMA
5002647462,38.49603,27.08842,35-09-M01985,35,CIGLI,AHMET TANER KISLALI,3.5,12803.71,1,0,0,0,0,0,12803.71,0.0,0.0,0.0,0.0,0.0,0,AYDINLATMA
5002647541,38.48948941,27.1157569,35-04-K03082,35,KARSIYAKA,LATIFE HANIM,8.5,2304.766,0,0,0,0,1,0,0.0,0.0,0.0,0.0,2304.766,0.0,1,KUCUK_TICARETHANE
5002648205,38.45173507,27.11253472,35-04-K01088,35,KARSIYAKA,DONANMACI,5.0,1005.813,0,0,0,0,1,0,0.0,0.0,0.0,0.0,1005.813,0.0,1,KUCUK_TICARETHANE
5002648229,38.479159,27.09488438,35-04-K01608,35,KARSIYAKA,CUMHURIYET,8.5,2108.313,0,0,0,0,1,0,0.0,0.0,0.0,0.0,2108.313,0.0,1,KUCUK_TICARETHANE
5002648740,38.49323417,27.08967892,35-04-M00945,35,KARSIYAKA,MUSTAFA KEMAL,5.0,6702.689,0,0,0,0,1,0,0.0,0.0,0.0,0.0,6702.689,0.0,1,KUCUK_TICARETHANE
5002648770,38.49121548,27.05926463,35-09-K01880,35,CIGLI,ATASEHIR,5.4,603.696,0,0,0,0,1,0,0.0,0.0,0.0,0.0,603.696,0.0,1,KUCUK_TICARETHANE
5002649666,38.46444723,27.10560972,35-04-K00115,35,KARSIYAKA,GONCALAR,5.3,1875.321,0,0,0,0,1,0,0.0,0.0,0.0,0.0,1875.321,0.0,1,KUCUK_TICARETHANE
5002650621,38.46587335,27.09023491,35-04-K00885,35,KARSIYAKA,YALI,8.5,2590.921,0,0,0,0,1,0,0.0,0.0,0.0,0.0,2590.921,0.0,1,KUCUK_TICARETHANE
5002650630,38.46010364,27.09898452,35-04-M01037,35,KARSIYAKA,BOSTANLI,8.2,435.394,0,0,0,0,1,0,0.0,0.0,0.0,0.0,435.394,0.0,1,KUCUK_TICARETHANE
5002651208,38.51613558,27.04379653,35-09-M02165,35,CIGLI,BALATCIK,8.5,146.298,0,0,0,0,1,0,0.0,0.0,0.0,0.0,146.298,0.0,1,KUCUK_TICARETHANE
5002651230,38.47310065,27.0908393,35-04-M01743,35,KARSIYAKA,YALI,40.0,16665.57,0,0,0,0,1,0,0.0,0.0,0.0,0.0,16665.57,0.0,1,ORTA_TICARETHANE
5002651451,38.49017955,27.07289209,35-09-K04681,35,CIGLI,MALTEPE,5.0,1770.294,0,0,0,0,1,0,0.0,0.0,0.0,0.0,1770.294,0.0,1,KUCUK_TICARETHANE
5002652850,38.47506682,27.09026873,35-04-K04619,35,KARSIYAKA,SEMIKLER,5.0,4068.923,0,0,0,0,1,0,0.0,0.0,0.0,0.0,4068.923,0.0,1,KUCUK_TICARETHANE
5002653239,38.49807532,27.05088678,35-09-K03322,35,CIGLI,YENI MAHALLE,8.0,2895.448,0,0,0,0,1,0,0.0,0.0,0.0,0.0,2895.448,0.0,1,KUCUK_TICARETHANE
5002653417,38.47149171,27.08630183,,35,KARSIYAKA,YALI,5.0,583.453,0,0,0,0,1,0,0.0,0.0,0.0,0.0,583.453,0.0,1,KUCUK_TICARETHANE
5002654012,38.51049781,27.03974222,35-09-M00999,35,CIGLI,BALATCIK,5.0,870.297,0,0,0,0,1,0,0.0,0.0,0.0,0.0,870.297,0.0,1,KUCUK_TICARETHANE
5002655455,38.46888896,27.09883509,35-04-K01034,35,KARSIYAKA,DEMIRKOPRU,8.5,608.833,0,0,0,0,1,0,0.0,0.0,0.0,0.0,608.833,0.0,1,KUCUK_TICARETHANE
5002656268,38.46069501,27.10086182,35-04-M01038,35,KARSIYAKA,BOSTANLI,8.35,1356.989,0,0,0,0,1,0,0.0,0.0,0.0,0.0,1356.989,0.0,1,KUCUK_TICARETHANE
5002657910,38.45230798,27.10310978,35-04-K01091,35,KARSIYAKA,BOSTANLI,100.0,7706.12,0,0,0,0,1,0,0.0,0.0,0.0,0.0,7706.12,0.0,1,ORTA_TICARETHANE
5002658709,38.4535029,27.10585924,35-04-K00277,35,KARSIYAKA,AKSOY,5.4,273.699,0,0,0,0,1,0,0.0,0.0,0.0,0.0,273.699,0.0,1,KUCUK_TICARETHANE
5002658748,38.45965276,27.12425514,35-04-K00288,35,KARSIYAKA,ALAYBEY,5.0,51.926,0,0,0,0,1,0,0.0,0.0,0.0,0.0,51.926,0.0,1,KUCUK_TICARETHANE
5002659073,38.49973716,27.12374476,35-04-K04757,35,KARSIYAKA,LATIFE HANIM,7.174,707.272,0,0,0,0,1,0,0.0,0.0,0.0,0.0,707.272,0.0,1,KUCUK_TICARETHANE
5002659997,38.50356802,27.04710285,35-09-M02465,35,CIGLI,KUCUK CIGLI,10.893333333333333,1075.411,0,2,0,0,1,0,0.0,383.168,0.0,0.0,692.243,0.0,3,KUCUK_TICARETHANE
5002660721,38.50348097,27.04479129,35-09-M02549,35,CIGLI,KUCUK CIGLI,7.9,211.018,0,0,0,0,1,0,0.0,0.0,0.0,0.0,211.018,0.0,1,KUCUK_TICARETHANE
5002661661,38.49598323,27.09649104,35-04-M01928,35,KARSIYAKA,MUSTAFA KEMAL,701.565,26033.6,0,0,0,0,1,0,0.0,0.0,0.0,0.0,26033.6,0.0,1,ORTA_TICARETHANE
5002661688,38.48458609,27.08719647,35-04-K01141,35,KARSIYAKA,CUMHURIYET,8.5,0.002,0,0,0,0,1,0,0.0,0.0,0.0,0.0,0.002,0.0,1,KUCUK_TICARETHANE
5002663570,38.46416208,27.09427757,35-04-M01036,35,KARSIYAKA,BOSTANLI,8.5,1972.911,0,0,0,0,1,0,0.0,0.0,0.0,0.0,1972.911,0.0,1,KUCUK_TICARETHANE
5002664546,38.50949676,27.05645847,35-09-K04293,35,CIGLI,ESENTEPE,5.0,2398.011,0,0,0,0,1,0,0.0,0.0,0.0,0.0,2398.011,0.0,1,KUCUK_TICARETHANE
5002664548,38.45545299,27.11966089,35-04-K01555,35,KARSIYAKA,TUNA,5.0,104.494,0,0,0,0,1,0,0.0,0.0,0.0,0.0,104.494,0.0,1,KUCUK_TICARETHANE
5002668547,38.46021373,27.12487596,35-04-K00288,35,KARSIYAKA,ALAYBEY,20.0,22025.26,0,0,0,0,1,0,0.0,0.0,0.0,0.0,22025.26,0.0,1,ORTA_TICARETHANE
5002669478,38.52310352,27.04258343,35-09-M00627,35,CIGLI,UGUR MUMCU,7.9,111.595,0,0,0,0,1,0,0.0,0.0,0.0,0.0,111.595,0.0,1,KUCUK_TICARETHANE
5002670323,38.46228673,27.10142414,35-04-M01037,35,KARSIYAKA,BOSTANLI,8.5,6186.336,0,0,0,0,1,0,0.0,0.0,0.0,0.0,6186.336,0.0,1,KUCUK_TICARETHANE
5002670467,38.45737642,27.10551282,35-04-M03251,35,KARSIYAKA,BOSTANLI,5.5615000000000006,42451.81,2,0,0,0,0,0,42451.81,0.0,0.0,0.0,0.0,0.0,0,AYDINLATMA
5002670664,38.49792813,27.07147349,35-09-K01873,35,CIGLI,GUZELTEPE,5.0,498.04,0,0,0,0,1,0,0.0,0.0,0.0,0.0,498.04,0.0,1,KUCUK_TICARETHANE
5002671185,38.51019498,27.06248076,35-09-M03033,35,CIGLI,IZKENT,10.8,44745.89,1,0,0,0,0,0,44745.89,0.0,0.0,0.0,0.0,0.0,0,AYDINLATMA
5002671240,38.50888171,27.06502291,35-09-M03034,35,CIGLI,IZKENT,7.15,78678.93,2,0,0,0,0,0,78678.93,0.0,0.0,0.0,0.0,0.0,0,AYDINLATMA
5002671390,38.51327916,27.06485785,35-09-M03035,35,CIGLI,IZKENT,3.7,25523.63,1,0,0,0,0,0,25523.63,0.0,0.0,0.0,0.0,0.0,0,AYDINLATMA
5002671488,38.50809181,27.04227393,35-09-M02533,35,CIGLI,BALATCIK,68.5,17448.78,0,0,0,0,1,0,0.0,0.0,0.0,0.0,17448.78,0.0,1,ORTA_TICARETHANE
5002671803,38.50571553,27.05500181,35-09-K01936,35,CIGLI,KUCUK CIGLI,6.0,3889.403,0,0,0,0,1,0,0.0,0.0,0.0,0.0,3889.403,0.0,1,KUCUK_TICARETHANE
5002672066,38.50965139,26.98837594,35-09-M00256,35,CIGLI,KAKLIC,5.3,336.573,0,0,0,0,1,0,0.0,0.0,0.0,0.0,336.573,0.0,1,KUCUK_TICARETHANE
5002672236,38.50477285,27.06667328,35-09-M03038,35,CIGLI,EGEKENT,11.8,65194.78,1,0,0,0,0,0,65194.78,0.0,0.0,0.0,0.0,0.0,0,AYDINLATMA
5002672576,38.49658,27.09252,,35,KARSIYAKA,MUSTAFA KEMAL,0.3,491.624,1,0,0,0,0,0,491.624,0.0,0.0,0.0,0.0,0.0,0,AYDINLATMA
5002672609,38.49443695,27.05603386,35-09-K03313,35,CIGLI,YENI MAHALLE,5.4,13.838,0,0,0,0,1,0,0.0,0.0,0.0,0.0,13.838,0.0,1,KUCUK_TICARETHANE
5002672775,38.51545131,27.03836927,35-09-M02091,35,CIGLI,BALATCIK,7.5,2673.994,0,0,0,0,1,0,0.0,0.0,0.0,0.0,2673.994,0.0,1,KUCUK_TICARETHANE
5002672865,38.46322104,27.1204881,35-04-K00294,35,KARSIYAKA,BAHARIYE,8.9,21532.51,0,0,0,0,1,0,0.0,0.0,0.0,0.0,21532.51,0.0,1,ORTA_TICARETHANE
5002673881,38.46538457,27.11670197,35-04-K00907,35,KARSIYAKA,BAHCELIEVLER,8.5,1897.758,0,0,0,0,1,0,0.0,0.0,0.0,0.0,1897.758,0.0,1,KUCUK_TICARETHANE
5002674619,38.46839688,27.10229108,35-04-M01188,35,KARSIYAKA,DEDEBASI,7.9,1638.012,0,0,0,0,1,0,0.0,0.0,0.0,0.0,1638.012,0.0,1,KUCUK_TICARETHANE
5002674652,38.45531317,27.10210949,35-04-K01249,35,KARSIYAKA,BOSTANLI,8.5,1116.748,0,0,0,0,1,0,0.0,0.0,0.0,0.0,1116.748,0.0,1,KUCUK_TICARETHANE
5002677701,38.52588469,27.04968301,35-09-M00646,35,CIGLI,UGUR MUMCU,8.0,1113.288,0,0,0,0,1,0,0.0,0.0,0.0,0.0,1113.288,0.0,1,KUCUK_TICARETHANE
5002677724,38.47936357,27.11245699,35-04-M01150,35,KARSIYAKA,ORNEKKOY,8.5,1903.614,0,0,0,0,1,0,0.0,0.0,0.0,0.0,1903.614,0.0,1,KUCUK_TICARETHANE
5002678599,38.4793821,27.1141253,35-04-M01029,35,KARSIYAKA,ORNEKKOY,7.9,1017.683,0,0,0,0,1,0,0.0,0.0,0.0,0.0,1017.683,0.0,1,KUCUK_TICARETHANE
5002679927,38.45872802,27.0957693,35-04-K00849,35,KARSIYAKA,BOSTANLI,8.3,839.852,0,0,0,0,1,0,0.0,0.0,0.0,0.0,839.852,0.0,1,KUCUK_TICARETHANE
5002680881,38.48806921,27.07660492,35-09-M01608,35,CIGLI,AYDINLIKEVLER,46.0,3815.607,0,0,0,0,1,0,0.0,0.0,0.0,0.0,3815.607,0.0,1,ORTA_TICARETHANE
5002682089,38.51103485,27.05710659,35-09-M01995,35,CIGLI,ESENTEPE,7.9,1251.592,0,0,0,0,1,0,0.0,0.0,0.0,0.0,1251.592,0.0,1,KUCUK_TICARETHANE
5002685250,38.50330856,26.99258352,35-09-M01145,35,CIGLI,KAKLIC,5.78,664.971,0,0,0,0,1,0,0.0,0.0,0.0,0.0,664.971,0.0,1,KUCUK_TICARETHANE
5002685258,38.51845438,27.03588135,35-09-M01383,35,CIGLI,BALATCIK,75.0,17279.32,0,0,0,0,1,0,0.0,0.0,0.0,0.0,17279.32,0.0,1,ORTA_TICARETHANE
5002685289,38.472778,27.072946,35-04-K02593,35,KARSIYAKA,MAVISEHIR,224.0,26567.6,0,0,0,0,1,0,0.0,0.0,0.0,0.0,26567.6,0.0,1,ORTA_TICARETHANE
5002685549,38.49649728,27.05270201,35-09-K03322,35,CIGLI,YENI MAHALLE,8.5,258.104,0,0,0,0,1,0,0.0,0.0,0.0,0.0,258.104,0.0,1,KUCUK_TICARETHANE
5002686066,38.46272673,27.12733903,35-04-K00037,35,KARSIYAKA,TERSANE,5.4,409.489,0,0,0,0,1,0,0.0,0.0,0.0,0.0,409.489,0.0,1,KUCUK_TICARETHANE
5002687095,38.46588146,27.12019791,35-04-K01285,35,KARSIYAKA,BAHCELIEVLER,8.5,464.787,0,0,0,0,1,0,0.0,0.0,0.0,0.0,464.787,0.0,1,KUCUK_TICARETHANE
5002687149,38.52462551,27.04270861,35-09-M00647,35,CIGLI,UGUR MUMCU,7.9,1722.864,0,0,0,0,1,0,0.0,0.0,0.0,0.0,1722.864,0.0,1,KUCUK_TICARETHANE
5002687368,38.48477566,27.08737975,35-04-K01141,35,KARSIYAKA,CUMHURIYET,5.0,918.76,0,0,0,0,1,0,0.0,0.0,0.0,0.0,918.76,0.0,1,KUCUK_TICARETHANE
5002687372,38.46687213,27.10714085,35-04-K01433,35,KARSIYAKA,GONCALAR,8.3,702.438,0,0,0,0,1,0,0.0,0.0,0.0,0.0,702.438,0.0,1,KUCUK_TICARETHANE
5002689863,38.51733141,27.0403165,35-09-M00103,35,CIGLI,BALATCIK,8.5,1065.834,0,0,0,0,1,0,0.0,0.0,0.0,0.0,1065.834,0.0,1,KUCUK_TICARETHANE
5002689903,38.49893167,26.94631333,35-09-M03689Ã–,35,CIGLI,SASALLI MERKEZ,100.0,1310.208,0,0,0,0,1,0,0.0,0.0,0.0,0.0,1310.208,0.0,1,ORTA_TICARETHANE
5002690580,38.49102917,27.11227861,35-04-K04402,35,KARSIYAKA,ZUBEYDE HANIM,164.672,13417.691,0,0,0,0,2,0,0.0,0.0,0.0,0.0,13417.691,0.0,2,ORTA_TICARETHANE
5002690654,38.50228562,27.06273528,35-09-M01979,35,CIGLI,EGEKENT,134.166,17243.922,0,0,0,0,2,0,0.0,0.0,0.0,0.0,17243.922,0.0,2,ORTA_TICARETHANE
5002691586,38.498747,27.094082,,35,KARSIYAKA,MUSTAFA KEMAL,3.429,3477.961,1,0,0,0,0,0,3477.961,0.0,0.0,0.0,0.0,0.0,0,AYDINLATMA
5002691985,38.46568883,27.10209472,35-04-M01607,35,KARSIYAKA,DEDEBASI,5.4,1335.789,0,0,0,0,1,0,0.0,0.0,0.0,0.0,1335.789,0.0,1,KUCUK_TICARETHANE
5002692030,38.49791393,27.05498761,35-09-K04314,35,CIGLI,KUCUK CIGLI,5.0,599.532,0,0,0,0,1,0,0.0,0.0,0.0,0.0,599.532,0.0,1,KUCUK_TICARETHANE
5002692416,38.518032,27.061356,35-09-K01869,35,CIGLI,BALATCIK,5.9,6900.374,1,0,0,0,0,0,6900.374,0.0,0.0,0.0,0.0,0.0,0,AYDINLATMA
5002692424,38.49216215,26.94956686,35-09-M00258,35,CIGLI,SASALLI MERKEZ,1.05,2960.682,1,0,0,0,0,0,2960.682,0.0,0.0,0.0,0.0,0.0,0,AYDINLATMA
5002692427,38.48333923,27.05939843,35-09-K02522,35,CIGLI,ATASEHIR,1.2,3786.499,1,0,0,0,0,0,3786.499,0.0,0.0,0.0,0.0,0.0,0,AYDINLATMA
5002692637,38.49340969,27.09247101,,35,KARSIYAKA,MUSTAFA KEMAL,0.4,783.66,1,0,0,0,0,0,783.66,0.0,0.0,0.0,0.0,0.0,0,AYDINLATMA
5002693085,38.49837919,27.06520291,35-09-K04307,35,CIGLI,KOYICI,8.5,4169.04,0,0,0,0,1,0,0.0,0.0,0.0,0.0,4169.04,0.0,1,KUCUK_TICARETHANE
5002693921,38.47745427,27.10957423,35-04-M02922,35,KARSIYAKA,IMBATLI,8.2,695.058,0,0,0,0,1,0,0.0,0.0,0.0,0.0,695.058,0.0,1,KUCUK_TICARETHANE
5002695608,38.50876538,27.04007902,35-09-M00396,35,CIGLI,BALATCIK,8.0,248.437,0,0,0,0,1,0,0.0,0.0,0.0,0.0,248.437,0.0,1,KUCUK_TICARETHANE
5002695610,38.4985872,27.05139553,35-09-M03090,35,CIGLI,YENI MAHALLE,5.0,684.049,0,0,0,0,1,0,0.0,0.0,0.0,0.0,684.049,0.0,1,KUCUK_TICARETHANE
5002696794,38.51132152,27.04047045,35-09-M00999,35,CIGLI,BALATCIK,6.26,434.89,0,0,0,0,1,0,0.0,0.0,0.0,0.0,434.89,0.0,1,KUCUK_TICARETHANE
5002696868,38.50483101,27.04409174,35-09-K01869,35,CIGLI,BALATCIK,10.02,4695.991,0,0,0,0,4,0,0.0,0.0,0.0,0.0,4695.991,0.0,4,KUCUK_TICARETHANE
5002697361,38.45158504,27.11477762,35-04-K00681,35,KARSIYAKA,DONANMACI,5.4,1966.214,0,0,0,0,1,0,0.0,0.0,0.0,0.0,1966.214,0.0,1,KUCUK_TICARETHANE
5002697552,38.51701444,27.15455953,35-04-K01183,35,KARSIYAKA,SANCAKLI,5.0,0.0,0,0,0,0,1,0,0.0,0.0,0.0,0.0,0.0,0.0,1,KUCUK_TICARETHANE
5002701191,38.50846249,27.04130431,35-09-M00396,35,CIGLI,BALATCIK,8.0,2180.329,0,0,0,0,1,0,0.0,0.0,0.0,0.0,2180.329,0.0,1,KUCUK_TICARETHANE
5002704522,38.46764616,27.12233244,35-04-K02875,35,KARSIYAKA,BAHCELIEVLER,22.0,2077.513,0,0,0,0,1,0,0.0,0.0,0.0,0.0,2077.513,0.0,1,ORTA_TICARETHANE
5002704888,38.46128133,27.10942189,35-04-M01616,35,KARSIYAKA,BAHRIYE UCOK,22.0,61.028,0,0,0,0,1,0,0.0,0.0,0.0,0.0,61.028,0.0,1,ORTA_TICARETHANE
5002705514,38.51579361,27.0432297,35-09-M02165,35,CIGLI,BALATCIK,75.0,7801.984,0,0,0,0,1,0,0.0,0.0,0.0,0.0,7801.984,0.0,1,ORTA_TICARETHANE
5002705517,38.49311606,27.06634003,35-09-K01875,35,CIGLI,SIRINTEPE,5.0,358.282,0,0,0,0,1,0,0.0,0.0,0.0,0.0,358.282,0.0,1,KUCUK_TICARETHANE
5002706114,38.49504152,27.05122576,35-09-K03313,35,CIGLI,YENI MAHALLE,5.0,1273.394,0,0,0,0,1,0,0.0,0.0,0.0,0.0,1273.394,0.0,1,KUCUK_TICARETHANE
5002706545,38.47386117,27.11203322,35-04-M01381Ã–,35,KARSIYAKA,IMBATLI,8000.0,9559482.0,0,0,0,0,1,0,0.0,0.0,0.0,0.0,9559482.0,0.0,1,BUYUK_TICARETHANE
5002707159,38.47641738,27.07579723,,35,KARSIYAKA,YALI,7.1,3671.256,1,0,0,0,0,0,3671.256,0.0,0.0,0.0,0.0,0.0,0,AYDINLATMA
5002707160,38.4843633,27.1126,,35,KARSIYAKA,ORNEKKOY,1.2,1891.496,1,0,0,0,0,0,1891.496,0.0,0.0,0.0,0.0,0.0,0,AYDINLATMA
5002707163,38.506665,27.0553367,35-09-K01936,35,CIGLI,CAGDAS,1.65,2275.931,1,0,0,0,0,0,2275.931,0.0,0.0,0.0,0.0,0.0,0,AYDINLATMA
5002707191,38.51298,27.0394783,35-09-M02091,35,CIGLI,BALATCIK,1.4,2322.747,1,0,0,0,0,0,2322.747,0.0,0.0,0.0,0.0,0.0,0,AYDINLATMA
5002707192,38.5320033,27.055495,35-09-M00210,35,CIGLI,HARMANDALI GAZI MUSTAFA KEMAL ATATURK,2.1,3466.312,1,0,0,0,0,0,3466.312,0.0,0.0,0.0,0.0,0.0,0,AYDINLATMA
5002707195,38.5046337,27.0625743,35-09-K01938,35,CIGLI,EGEKENT,1.5,2454.195,1,0,0,0,0,0,2454.195,0.0,0.0,0.0,0.0,0.0,0,AYDINLATMA
5002707205,38.4670083,27.1162817,,35,KARSIYAKA,BAHCELIEVLER,2.5,4026.061,1,0,0,0,0,0,4026.061,0.0,0.0,0.0,0.0,0.0,0,AYDINLATMA
5002707207,38.48090738,27.078416,,35,KARSIYAKA,YALI,3.92,2574.883,1,0,0,0,0,0,2574.883,0.0,0.0,0.0,0.0,0.0,0,AYDINLATMA
5002707211,38.46231,27.08672,,35,KARSIYAKA,ATAKENT,12.15,21164.18,1,0,0,0,0,0,21164.18,0.0,0.0,0.0,0.0,0.0,0,AYDINLATMA
5002707214,38.4898793,27.0851275,35-09-K01320,35,CIGLI,AYDINLIKEVLER,5.8,7256.336,1,0,0,0,0,0,7256.336,0.0,0.0,0.0,0.0,0.0,0,AYDINLATMA
5002707216,38.48861349,27.081867,35-09-K01006,35,CIGLI,AYDINLIKEVLER,9.1,16701.21,1,0,0,0,0,0,16701.21,0.0,0.0,0.0,0.0,0.0,0,AYDINLATMA
5002707217,38.49985,27.08864,35-09-M00233,35,CIGLI,EVKA - 2,3.5,3726.002,1,0,0,0,0,0,3726.002,0.0,0.0,0.0,0.0,0.0,0,AYDINLATMA
5002707218,38.5162302,27.0523855,35-09-M01678,35,CIGLI,EVKA-5,12.5,9104.84,1,0,0,0,0,0,9104.84,0.0,0.0,0.0,0.0,0.0,0,AYDINLATMA
5002707220,38.511128,27.047398,35-09-K04169,35,CIGLI,ATASEHIR,2.7,2228.908,1,0,0,0,0,0,2228.908,0.0,0.0,0.0,0.0,0.0,0,AYDINLATMA
5002707224,38.48678,27.05903,35-09-K04169,35,CIGLI,ATASEHIR,3.4,4817.706,1,0,0,0,0,0,4817.706,0.0,0.0,0.0,0.0,0.0,0,AYDINLATMA
5002711612,38.49048811,27.07522374,35-09-K03705,35,CIGLI,MALTEPE,5.4,763.739,0,0,0,0,1,0,0.0,0.0,0.0,0.0,763.739,0.0,1,KUCUK_TICARETHANE
5002714650,38.47375663,27.07585758,35-04-K03661,35,KARSIYAKA,MAVISEHIR,22.0,1222.48,0,0,0,0,1,0,0.0,0.0,0.0,0.0,1222.48,0.0,1,ORTA_TICARETHANE
5002715206,38.49501884,27.05793687,35-09-K04020,35,CIGLI,YENI MAHALLE,8.5,286.086,0,0,0,0,1,0,0.0,0.0,0.0,0.0,286.086,0.0,1,KUCUK_TICARETHANE
5002715786,38.50306862,26.95882022,35-09-M01346,35,CIGLI,SASALLI MERKEZ,5.0,2461.381,0,0,0,0,1,0,0.0,0.0,0.0,0.0,2461.381,0.0,1,KUCUK_TICARETHANE
5002715859,38.46595358,27.10294534,35-04-K03038,35,KARSIYAKA,DEDEBASI,5.4,819.399,0,0,0,0,1,0,0.0,0.0,0.0,0.0,819.399,0.0,1,KUCUK_TICARETHANE
5002716653,38.5202333,27.0346675,35-09-M01383,35,CIGLI,BALATCIK,55.0,4302.78,0,0,0,0,1,0,0.0,0.0,0.0,0.0,4302.78,0.0,1,ORTA_TICARETHANE
5002716742,38.5060457,27.04593097,35-09-K01869,35,CIGLI,BALATCIK,8.5,19534.41,0,0,0,0,1,0,0.0,0.0,0.0,0.0,19534.41,0.0,1,ORTA_TICARETHANE
5002717088,38.49717062,27.11445703,35-04-K04171,35,KARSIYAKA,ZUBEYDE HANIM,8.5,170.193,0,0,0,0,1,0,0.0,0.0,0.0,0.0,170.193,0.0,1,KUCUK_TICARETHANE
5002717139,38.50885008,27.06655716,35-09-M03034,35,CIGLI,IZKENT,5.4,3221.439,0,0,0,0,1,0,0.0,0.0,0.0,0.0,3221.439,0.0,1,KUCUK_TICARETHANE
5002719141,38.46163503,27.09805893,35-04-K01695,35,KARSIYAKA,BOSTANLI,8.5,1425.836,0,0,0,0,1,0,0.0,0.0,0.0,0.0,1425.836,0.0,1,KUCUK_TICARETHANE
5002720984,38.5018077,27.14522875,35-04-K05000Ã–,35,KARSIYAKA,SANCAKLI,400.0,13125.84,0,0,0,0,1,0,0.0,0.0,0.0,0.0,13125.84,0.0,1,ORTA_TICARETHANE
5002722724,38.47419432,27.10547533,35-04-K00427,35,KARSIYAKA,IMBATLI,5.4,79.0,0,0,0,0,1,0,0.0,0.0,0.0,0.0,79.0,0.0,1,KUCUK_TICARETHANE
5002723297,38.4899425,27.0762016,35-09-K03705,35,CIGLI,MALTEPE,8.5,761.523,0,0,0,0,1,0,0.0,0.0,0.0,0.0,761.523,0.0,1,KUCUK_TICARETHANE
5002723489,38.50900294,27.04245461,35-09-M02089,35,CIGLI,BALATCIK,8.632,205.887,0,0,0,0,1,0,0.0,0.0,0.0,0.0,205.887,0.0,1,KUCUK_TICARETHANE
5002724532,38.47354813,27.09428861,35-04-K04328,35,KARSIYAKA,SEMIKLER,8.5,847.095,0,0,0,0,1,0,0.0,0.0,0.0,0.0,847.095,0.0,1,KUCUK_TICARETHANE
5002724534,38.50686807,27.04332722,35-09-M02390,35,CIGLI,BALATCIK,7.9,90.924,0,0,0,0,1,0,0.0,0.0,0.0,0.0,90.924,0.0,1,KUCUK_TICARETHANE
5002724542,38.46280091,27.10415541,35-04-K02732,35,KARSIYAKA,NERGIZ,8.5,387.111,0,0,0,0,1,0,0.0,0.0,0.0,0.0,387.111,0.0,1,KUCUK_TICARETHANE
5002724549,38.49110827,26.94774303,35-09-M00347,35,CIGLI,SASALLI MERKEZ,5.4,692.588,0,0,0,0,1,0,0.0,0.0,0.0,0.0,692.588,0.0,1,KUCUK_TICARETHANE
5002725244,38.49944675,27.12386862,35-04-K04756,35,KARSIYAKA,LATIFE HANIM,8.5,1052.27,0,0,0,0,1,0,0.0,0.0,0.0,0.0,1052.27,0.0,1,KUCUK_TICARETHANE
5002725246,38.50921067,27.05926911,35-09-M02024,35,CIGLI,ESENTEPE,8.5,600.621,0,0,0,0,1,0,0.0,0.0,0.0,0.0,600.621,0.0,1,KUCUK_TICARETHANE
5002725269,38.48418209,27.11170806,35-04-M03260,35,KARSIYAKA,ORNEKKOY,8.5,259.503,0,0,0,0,1,0,0.0,0.0,0.0,0.0,259.503,0.0,1,KUCUK_TICARETHANE
5002725275,38.49969656,26.95763707,35-09-M01147,35,CIGLI,SASALLI MERKEZ,30.0,22998.98,0,0,0,0,1,0,0.0,0.0,0.0,0.0,22998.98,0.0,1,ORTA_TICARETHANE
5002727971,38.45419914,27.1177875,35-04-K01316,35,KARSIYAKA,DONANMACI,5.0,1618.849,0,0,0,0,1,0,0.0,0.0,0.0,0.0,1618.849,0.0,1,KUCUK_TICARETHANE
5002728109,38.48089859,27.08683081,35-04-K01664,35,KARSIYAKA,SEMIKLER,40.0,5799.683,0,0,0,0,1,0,0.0,0.0,0.0,0.0,5799.683,0.0,1,ORTA_TICARETHANE
5002728940,38.50255193,26.96167372,35-09-M01302,35,CIGLI,SASALLI MERKEZ,48.0,617.938,0,0,0,0,1,0,0.0,0.0,0.0,0.0,617.938,0.0,1,ORTA_TICARETHANE
5002728948,38.47692941,27.09465014,35-04-M02441,35,KARSIYAKA,SEMIKLER,8.5,690.722,0,0,0,0,1,0,0.0,0.0,0.0,0.0,690.722,0.0,1,KUCUK_TICARETHANE
5002733589,38.49413365,26.94364498,35-09-M00347,35,CIGLI,SASALLI MERKEZ,5.3,4513.263,0,0,0,0,1,0,0.0,0.0,0.0,0.0,4513.263,0.0,1,KUCUK_TICARETHANE
5002733650,38.4622954,27.09508451,35-04-K01483,35,KARSIYAKA,BOSTANLI,8.5,147.999,0,0,0,0,1,0,0.0,0.0,0.0,0.0,147.999,0.0,1,KUCUK_TICARETHANE
5002734899,38.46650663,27.0910821,35-04-K00885,35,KARSIYAKA,YALI,7.9,893.158,0,0,0,0,1,0,0.0,0.0,0.0,0.0,893.158,0.0,1,KUCUK_TICARETHANE
5002735226,38.48649665,27.07286432,35-09-K05001Ã–,35,CIGLI,ATASEHIR,1000.0,112384.4,0,0,0,0,1,0,0.0,0.0,0.0,0.0,112384.4,0.0,1,ORTA_TICARETHANE
5002737818,38.50863161,27.04391606,35-09-M02390,35,CIGLI,BALATCIK,8.0,1364.558,0,0,0,0,1,0,0.0,0.0,0.0,0.0,1364.558,0.0,1,KUCUK_TICARETHANE
5002738877,38.45715852,27.10694871,35-04-M03251,35,KARSIYAKA,BOSTANLI,8.9,1531.112,0,0,0,0,1,0,0.0,0.0,0.0,0.0,1531.112,0.0,1,KUCUK_TICARETHANE
5002738896,38.45981627,27.1066242,35-04-K00706,35,KARSIYAKA,NERGIZ,5.3,563.032,0,0,0,0,1,0,0.0,0.0,0.0,0.0,563.032,0.0,1,KUCUK_TICARETHANE
5002741958,38.50333294,27.05332855,35-09-K01867,35,CIGLI,KUCUK CIGLI,5.0,838.959,0,0,0,0,1,0,0.0,0.0,0.0,0.0,838.959,0.0,1,KUCUK_TICARETHANE
5002741990,38.49626689,27.05213173,35-09-K03312,35,CIGLI,YENI MAHALLE,8.3,3413.085,0,0,0,0,1,0,0.0,0.0,0.0,0.0,3413.085,0.0,1,KUCUK_TICARETHANE
5002742033,38.49608958,26.95960459,35-09-M01147,35,CIGLI,SASALLI MERKEZ,90.0,12706.4,0,0,0,0,1,0,0.0,0.0,0.0,0.0,12706.4,0.0,1,ORTA_TICARETHANE
5002742363,38.48421582,27.08736655,35-04-K04918,35,KARSIYAKA,CUMHURIYET,5.0,592.811,0,0,0,0,1,0,0.0,0.0,0.0,0.0,592.811,0.0,1,KUCUK_TICARETHANE
5002743508,38.49794584,27.04975402,35-09-M02464,35,CIGLI,YENI MAHALLE,7.9,42.443,0,0,0,0,1,0,0.0,0.0,0.0,0.0,42.443,0.0,1,KUCUK_TICARETHANE
5002744434,38.4625631,27.0906536,35-04-K00661,35,KARSIYAKA,ATAKENT,0.9,1863.922,1,0,0,0,0,0,1863.922,0.0,0.0,0.0,0.0,0.0,0,AYDINLATMA
5002744437,38.46242103,27.09822781,,35,KARSIYAKA,BOSTANLI,1.3,3315.189,1,0,0,0,0,0,3315.189,0.0,0.0,0.0,0.0,0.0,0,AYDINLATMA
5002744446,38.4654872,27.0922913,,35,KARSIYAKA,YALI,0.6,1548.512,1,0,0,0,0,0,1548.512,0.0,0.0,0.0,0.0,0.0,0,AYDINLATMA
5002744451,38.45377007,27.10512504,,35,KARSIYAKA,BOSTANLI,1.4,5079.687,1,0,0,0,0,0,5079.687,0.0,0.0,0.0,0.0,0.0,0,AYDINLATMA
5002744452,38.4896243,27.1090487,,35,KARSIYAKA,ZUBEYDE HANIM,1.0,3048.397,1,0,0,0,0,0,3048.397,0.0,0.0,0.0,0.0,0.0,0,AYDINLATMA
5002744453,38.46768111,27.09551973,,35,KARSIYAKA,YALI,1.0,11531.77,1,0,0,0,0,0,11531.77,0.0,0.0,0.0,0.0,0.0,0,AYDINLATMA
5002744454,38.4808441,27.0967548,,35,KARSIYAKA,CUMHURIYET,1.5,3249.094,1,0,0,0,0,0,3249.094,0.0,0.0,0.0,0.0,0.0,0,AYDINLATMA
5002744469,38.461999,27.1182701,,35,KARSIYAKA,BAHARIYE,0.4,1150.259,1,0,0,0,0,0,1150.259,0.0,0.0,0.0,0.0,0.0,0,AYDINLATMA
5002744470,38.4673525,27.1246456,,35,KARSIYAKA,BAHCELIEVLER,0.3,916.893,1,0,0,0,0,0,916.893,0.0,0.0,0.0,0.0,0.0,0,AYDINLATMA
5002744471,38.4689592,27.0891724,,35,KARSIYAKA,YALI,0.2,819.603,1,0,0,0,0,0,819.603,0.0,0.0,0.0,0.0,0.0,0,AYDINLATMA
5002744473,38.4831334,27.094551,,35,KARSIYAKA,CUMHURIYET,0.8,1748.58,1,0,0,0,0,0,1748.58,0.0,0.0,0.0,0.0,0.0,0,AYDINLATMA
5002744474,38.471009,27.0881941,,35,KARSIYAKA,YALI,1.4,4623.13,1,0,0,0,0,0,4623.13,0.0,0.0,0.0,0.0,0.0,0,AYDINLATMA
5002744477,38.4716097,27.0914504,,35,KARSIYAKA,YALI,1.9,5519.729,1,0,0,0,0,0,5519.729,0.0,0.0,0.0,0.0,0.0,0,AYDINLATMA
5002744479,38.4704995,27.0931786,,35,KARSIYAKA,YALI,0.3,644.988,1,0,0,0,0,0,644.988,0.0,0.0,0.0,0.0,0.0,0,AYDINLATMA
5002744480,38.46970222,27.08815654,,35,KARSIYAKA,YALI,0.4,996.467,1,0,0,0,0,0,996.467,0.0,0.0,0.0,0.0,0.0,0,AYDINLATMA
5002744481,38.4618157,27.1113054,,35,KARSIYAKA,BAHRIYE UCOK,0.6,1951.941,1,0,0,0,0,0,1951.941,0.0,0.0,0.0,0.0,0.0,0,AYDINLATMA
5002744484,38.46884948,27.10997748,,35,KARSIYAKA,DEDEBASI,0.6,2668.973,1,0,0,0,0,0,2668.973,0.0,0.0,0.0,0.0,0.0,0,AYDINLATMA
5002744485,38.4635753,27.1133913,,35,KARSIYAKA,BAHRIYE UCOK,1.0,1518.55,1,0,0,0,0,0,1518.55,0.0,0.0,0.0,0.0,0.0,0,AYDINLATMA
5002744486,38.4727563,27.1119962,,35,KARSIYAKA,IMBATLI,1.0,4706.219,1,0,0,0,0,0,4706.219,0.0,0.0,0.0,0.0,0.0,0,AYDINLATMA
5002744487,38.47633583,27.10456637,,35,KARSIYAKA,IMBATLI,0.6,1689.508,1,0,0,0,0,0,1689.508,0.0,0.0,0.0,0.0,0.0,0,AYDINLATMA
5002744514,38.46319787,27.10159543,,35,KARSIYAKA,NERGIZ,0.6,1542.313,1,0,0,0,0,0,1542.313,0.0,0.0,0.0,0.0,0.0,0,AYDINLATMA
5002744515,38.47096819,27.08983014,,35,KARSIYAKA,YALI,0.9,1877.182,1,0,0,0,0,0,1877.182,0.0,0.0,0.0,0.0,0.0,0,AYDINLATMA
5002744516,38.46658818,27.10801007,,35,KARSIYAKA,GONCALAR,0.6,1812.074,1,0,0,0,0,0,1812.074,0.0,0.0,0.0,0.0,0.0,0,AYDINLATMA
5002744517,38.48307568,27.11318341,,35,KARSIYAKA,ORNEKKOY,2.5,6368.745,1,0,0,0,0,0,6368.745,0.0,0.0,0.0,0.0,0.0,0,AYDINLATMA
5002744518,38.47477274,27.11259938,,35,KARSIYAKA,IMBATLI,1.4,2948.217,1,0,0,0,0,0,2948.217,0.0,0.0,0.0,0.0,0.0,0,AYDINLATMA
5002744524,38.48190641,27.09859096,,35,KARSIYAKA,CUMHURIYET,0.6,2284.508,1,0,0,0,0,0,2284.508,0.0,0.0,0.0,0.0,0.0,0,AYDINLATMA
5002744526,38.46634994,27.1162494,,35,KARSIYAKA,BAHCELIEVLER,1.0,3118.213,1,0,0,0,0,0,3118.213,0.0,0.0,0.0,0.0,0.0,0,AYDINLATMA
5002744527,38.45834229,27.12368985,,35,KARSIYAKA,ALAYBEY,1.8,4019.588,1,0,0,0,0,0,4019.588,0.0,0.0,0.0,0.0,0.0,0,AYDINLATMA
5002744788,38.48286376,27.08394033,35-04-K01664,35,KARSIYAKA,SEMIKLER,100.0,7517.76,0,0,0,0,1,0,0.0,0.0,0.0,0.0,7517.76,0.0,1,ORTA_TICARETHANE
5002746724,38.52339893,27.04357032,35-09-M00627,35,CIGLI,UGUR MUMCU,5.0,100.906,0,0,0,0,1,0,0.0,0.0,0.0,0.0,100.906,0.0,1,KUCUK_TICARETHANE
5002751067,38.47083826,27.08305594,35-04-K04721,35,KARSIYAKA,MAVISEHIR,8.5,6714.01,0,0,0,0,1,0,0.0,0.0,0.0,0.0,6714.01,0.0,1,KUCUK_TICARETHANE
5002751599,38.5205323,27.04074543,35-09-M00625,35,CIGLI,AHMET EFENDI,9.713333333333333,565.2479999999999,0,2,0,0,1,0,0.0,545.539,0.0,0.0,19.709,0.0,3,KUCUK_TICARETHANE
5002751894,38.54387498,27.06429141,35-09-M01531,35,CIGLI,CUMHURIYET,6.8,575.139,0,0,0,0,1,0,0.0,0.0,0.0,0.0,575.139,0.0,1,KUCUK_TICARETHANE
5002752072,38.45526063,27.11628575,35-04-K00018,35,KARSIYAKA,DONANMACI,5.4,310.253,0,0,0,0,1,0,0.0,0.0,0.0,0.0,310.253,0.0,1,KUCUK_TICARETHANE
5002755425,38.47798006,27.08761959,35-04-K00215,35,KARSIYAKA,SEMIKLER,5.0,4609.527,0,0,0,0,1,0,0.0,0.0,0.0,0.0,4609.527,0.0,1,KUCUK_TICARETHANE
5002757950,38.49066519,27.11659925,35-04-K03082,35,KARSIYAKA,LATIFE HANIM,5.0,77.936,0,0,0,0,1,0,0.0,0.0,0.0,0.0,77.936,0.0,1,KUCUK_TICARETHANE
5002758172,38.49120414,27.0602482,35-09-K02730,35,CIGLI,ATASEHIR,5.0,28.776,0,0,0,0,1,0,0.0,0.0,0.0,0.0,28.776,0.0,1,KUCUK_TICARETHANE
5002759197,38.45834339,27.12100541,35-04-K00017,35,KARSIYAKA,TUNA,8.5,210.442,0,0,0,0,1,0,0.0,0.0,0.0,0.0,210.442,0.0,1,KUCUK_TICARETHANE
5002759301,38.4531768,27.11668128,35-04-K00681,35,KARSIYAKA,DONANMACI,5.4,4172.56,0,0,0,0,1,0,0.0,0.0,0.0,0.0,4172.56,0.0,1,KUCUK_TICARETHANE
5002761182,38.46655498,27.09115881,35-04-K00885,35,KARSIYAKA,YALI,5.4,497.121,0,0,0,0,1,0,0.0,0.0,0.0,0.0,497.121,0.0,1,KUCUK_TICARETHANE
5002764064,38.47702166,27.11122209,35-04-M02326,35,KARSIYAKA,ORNEKKOY,5.0,404.869,0,0,0,0,1,0,0.0,0.0,0.0,0.0,404.869,0.0,1,KUCUK_TICARETHANE
5002766293,38.5185355,27.0356237,35-09-M01383,35,CIGLI,BALATCIK,7.445,19084.16,1,0,0,0,0,0,19084.16,0.0,0.0,0.0,0.0,0.0,0,AYDINLATMA
5002766526,38.49314154,27.06733011,35-09-K01875,35,CIGLI,SIRINTEPE,5.0,40.882,0,0,0,0,1,0,0.0,0.0,0.0,0.0,40.882,0.0,1,KUCUK_TICARETHANE
5002766572,38.47474549,27.09410158,35-04-K04708,35,KARSIYAKA,SEMIKLER,5.0,1000.822,0,0,0,0,1,0,0.0,0.0,0.0,0.0,1000.822,0.0,1,KUCUK_TICARETHANE
5002767464,38.47076025,27.09899171,35-04-K04709,35,KARSIYAKA,DEMIRKOPRU,91.06,14656.32,0,0,0,0,1,0,0.0,0.0,0.0,0.0,14656.32,0.0,1,ORTA_TICARETHANE
5002767993,38.46560831,27.10288734,35-04-K03038,35,KARSIYAKA,DEDEBASI,8.5,242.159,0,0,0,0,1,0,0.0,0.0,0.0,0.0,242.159,0.0,1,KUCUK_TICARETHANE
5002768284,38.490834,27.07159438,35-09-M01950,35,CIGLI,MALTEPE,5.3,499.195,0,0,0,0,1,0,0.0,0.0,0.0,0.0,499.195,0.0,1,KUCUK_TICARETHANE
5002769413,38.45516756,27.11179931,35-04-K00282,35,KARSIYAKA,AKSOY,5.4,1488.994,0,0,0,0,1,0,0.0,0.0,0.0,0.0,1488.994,0.0,1,KUCUK_TICARETHANE
5002769462,38.45900231,27.09350403,35-04-K00476,35,KARSIYAKA,BOSTANLI,8.5,778.724,0,0,0,0,1,0,0.0,0.0,0.0,0.0,778.724,0.0,1,KUCUK_TICARETHANE
5002769845,38.48013709,27.08807328,35-04-M01676,35,KARSIYAKA,SEMIKLER,5.5,502.485,0,0,0,0,1,0,0.0,0.0,0.0,0.0,502.485,0.0,1,KUCUK_TICARETHANE
5002770603,38.47598105,27.09684908,35-04-K02940,35,KARSIYAKA,SEMIKLER,8.5,663.067,0,0,0,0,1,0,0.0,0.0,0.0,0.0,663.067,0.0,1,KUCUK_TICARETHANE
5002770872,38.5041583,27.04739353,35-09-M02465,35,CIGLI,KUCUK CIGLI,6.0,160.763,0,0,0,0,1,0,0.0,0.0,0.0,0.0,160.763,0.0,1,KUCUK_TICARETHANE
5002770879,38.48892861,27.07895771,35-09-K02499,35,CIGLI,AYDINLIKEVLER,8.5,576.277,0,0,0,0,1,0,0.0,0.0,0.0,0.0,576.277,0.0,1,KUCUK_TICARETHANE
5002770932,38.46855201,27.09164912,35-04-K01449,35,KARSIYAKA,YALI,8.5,373.357,0,0,0,0,1,0,0.0,0.0,0.0,0.0,373.357,0.0,1,KUCUK_TICARETHANE
5002770969,38.46391236,27.10953892,35-04-K01051,35,KARSIYAKA,BAHRIYE UCOK,8.5,443.983,0,0,0,0,1,0,0.0,0.0,0.0,0.0,443.983,0.0,1,KUCUK_TICARETHANE
5002773459,38.45053742,27.10888548,35-04-K03385,35,KARSIYAKA,AKSOY,7.9,52.77,0,0,0,0,1,0,0.0,0.0,0.0,0.0,52.77,0.0,1,KUCUK_TICARETHANE
5002773836,38.49748759,27.04983971,35-09-M02464,35,CIGLI,YENI MAHALLE,5.0,104.427,0,0,0,0,1,0,0.0,0.0,0.0,0.0,104.427,0.0,1,KUCUK_TICARETHANE
5002774405,38.4937587,26.9477215,35-09-M00257,35,CIGLI,SASALLI MERKEZ,15.0,9533.435,1,0,0,0,0,0,9533.435,0.0,0.0,0.0,0.0,0.0,0,AYDINLATMA
5002774406,38.52126545,27.03960485,35-09-M01308,35,CIGLI,AHMET EFENDI,5.4,5679.723,1,0,0,0,0,0,5679.723,0.0,0.0,0.0,0.0,0.0,0,AYDINLATMA
5002774428,38.4582155,27.11608627,,35,KARSIYAKA,BAHARIYE,1.1,4842.99,1,0,0,0,0,0,4842.99,0.0,0.0,0.0,0.0,0.0,0,AYDINLATMA
5002774429,38.45122154,27.1035355,,35,KARSIYAKA,BOSTANLI,17.0,17867.57,1,0,0,0,0,0,17867.57,0.0,0.0,0.0,0.0,0.0,0,AYDINLATMA
5002774432,38.45597,27.1242267,,35,KARSIYAKA,TUNA,6.0,820.618,1,0,0,0,0,0,820.618,0.0,0.0,0.0,0.0,0.0,0,AYDINLATMA
5002774433,38.46373,27.12814,,35,KARSIYAKA,TERSANE,0.8,817.694,1,0,0,0,0,0,817.694,0.0,0.0,0.0,0.0,0.0,0,AYDINLATMA
5002774434,38.45830507,27.11499943,,35,KARSIYAKA,BAHARIYE,1.7,1247.68,1,0,0,0,0,0,1247.68,0.0,0.0,0.0,0.0,0.0,0,AYDINLATMA
5002774436,38.45545846,27.09720607,,35,KARSIYAKA,BOSTANLI,15200.0,7536.275,1,0,0,0,0,0,7536.275,0.0,0.0,0.0,0.0,0.0,0,AYDINLATMA
5002774437,38.46573277,27.08147393,,35,KARSIYAKA,MAVISEHIR,20500.0,23211.95,1,0,0,0,0,0,23211.95,0.0,0.0,0.0,0.0,0.0,0,AYDINLATMA
5002774441,38.49417538,27.06096414,35-09-K01876,35,CIGLI,YENI MAHALLE,4.6,1654.604,1,0,0,0,0,0,1654.604,0.0,0.0,0.0,0.0,0.0,0,AYDINLATMA
5002774442,38.47028662,27.10126393,,35,KARSIYAKA,DEMIRKOPRU,2.9,1165.764,1,0,0,0,0,0,1165.764,0.0,0.0,0.0,0.0,0.0,0,AYDINLATMA
5002774731,38.46318454,27.12257837,35-04-K00294,35,KARSIYAKA,BAHCELIEVLER,7.9,365.039,0,0,0,0,1,0,0.0,0.0,0.0,0.0,365.039,0.0,1,KUCUK_TICARETHANE
5002774790,38.49160232,26.94827503,35-09-M00347,35,CIGLI,SASALLI MERKEZ,6.233333333333333,2803.409,0,2,0,0,1,0,0.0,700.893,0.0,0.0,2102.516,0.0,3,KUCUK_TICARETHANE
5002775883,38.4923625,26.95126587,35-09-M00258,35,CIGLI,SASALLI MERKEZ,8.56,2325.698,0,0,0,0,1,0,0.0,0.0,0.0,0.0,2325.698,0.0,1,KUCUK_TICARETHANE
5002776483,38.46624182,27.12706092,35-04-K01756,35,KARSIYAKA,BAHCELIEVLER,5.3,298.503,0,0,0,0,1,0,0.0,0.0,0.0,0.0,298.503,0.0,1,KUCUK_TICARETHANE
5002776894,38.50519691,26.98811084,35-09-M00254,35,CIGLI,KAKLIC,7.086666666666666,15743.433,0,0,0,0,3,0,0.0,0.0,0.0,0.0,15743.433,0.0,3,ORTA_TICARETHANE
5002780447,38.45863472,27.11683575,35-04-K00692,35,KARSIYAKA,BAHARIYE,1.654,13160.005000000001,2,0,0,0,0,0,13160.005000000001,0.0,0.0,0.0,0.0,0.0,0,AYDINLATMA
5002780762,38.45864127,27.12184709,35-04-K03109,35,KARSIYAKA,ALAYBEY,5.0,434.581,0,0,0,0,1,0,0.0,0.0,0.0,0.0,434.581,0.0,1,KUCUK_TICARETHANE
5002781351,38.49858539,26.95173141,35-09-M00447,35,CIGLI,SASALLI MERKEZ,5.14,119.591,0,0,0,0,1,0,0.0,0.0,0.0,0.0,119.591,0.0,1,KUCUK_TICARETHANE
5002782512,38.4742083,27.10675811,35-04-K00427,35,KARSIYAKA,IMBATLI,5.36,125.106,0,0,0,0,1,0,0.0,0.0,0.0,0.0,125.106,0.0,1,KUCUK_TICARETHANE
5002783512,38.46253283,27.10809309,35-04-M01040,35,KARSIYAKA,GONCALAR,5.3,468.526,0,0,0,0,1,0,0.0,0.0,0.0,0.0,468.526,0.0,1,KUCUK_TICARETHANE
5002783590,38.47467044,27.10142217,35-04-M01184,35,KARSIYAKA,FIKRI ALTAY,8.5,133.491,0,0,0,0,1,0,0.0,0.0,0.0,0.0,133.491,0.0,1,KUCUK_TICARETHANE
5002784249,38.49563519,26.96036538,35-09-M01147,35,CIGLI,SASALLI MERKEZ,75.0,20332.14,0,0,0,0,1,0,0.0,0.0,0.0,0.0,20332.14,0.0,1,ORTA_TICARETHANE
5002788623,38.48165001,27.08860259,35-04-K03872,35,KARSIYAKA,SEMIKLER,5.5,233.51,0,0,0,0,1,0,0.0,0.0,0.0,0.0,233.51,0.0,1,KUCUK_TICARETHANE
5002788625,38.4646065,27.09175515,35-04-M01035,35,KARSIYAKA,ATAKENT,8.5,473.744,0,0,0,0,1,0,0.0,0.0,0.0,0.0,473.744,0.0,1,KUCUK_TICARETHANE
5002788766,38.47132892,27.10454037,35-04-M01442,35,KARSIYAKA,DEDEBASI,8.5,407.187,0,0,0,0,1,0,0.0,0.0,0.0,0.0,407.187,0.0,1,KUCUK_TICARETHANE
5002789070,38.47740529,27.06662848,35-09-M01088,35,CIGLI,ATASEHIR,13.183,37727.8,1,0,0,0,0,0,37727.8,0.0,0.0,0.0,0.0,0.0,0,AYDINLATMA
5002789164,38.45315879,27.10124458,35-04-K00488,35,KARSIYAKA,BOSTANLI,60.0,874.025,0,0,0,0,1,0,0.0,0.0,0.0,0.0,874.025,0.0,1,ORTA_TICARETHANE
5002789283,38.46354878,27.10222315,35-04-K02732,35,KARSIYAKA,NERGIZ,5.0,1170.98,0,0,0,0,1,0,0.0,0.0,0.0,0.0,1170.98,0.0,1,KUCUK_TICARETHANE
5002789310,38.46423817,27.08822862,35-04-K00707,35,KARSIYAKA,ATAKENT,60.0,6102.95,0,0,0,0,1,0,0.0,0.0,0.0,0.0,6102.95,0.0,1,ORTA_TICARETHANE
5002790404,38.45527297,27.1186777,35-04-K01555,35,KARSIYAKA,DONANMACI,27.433333333333334,127026.084,0,4,0,0,2,0,0.0,11044.665,0.0,0.0,115981.419,0.0,6,ORTA_TICARETHANE
5002790853,38.4777607,27.0656091,35-09-M03755Ã–,35,CIGLI,ATASEHIR,630.0,114513.5,0,0,0,0,1,0,0.0,0.0,0.0,0.0,114513.5,0.0,1,ORTA_TICARETHANE
5002792761,38.46021101,27.11643197,35-04-K00055,35,KARSIYAKA,BAHARIYE,5.3,77.486,0,0,0,0,1,0,0.0,0.0,0.0,0.0,77.486,0.0,1,KUCUK_TICARETHANE
5002792767,38.48190482,27.09737097,35-04-K00243,35,KARSIYAKA,CUMHURIYET,36.5,8350.875,0,0,0,0,1,0,0.0,0.0,0.0,0.0,8350.875,0.0,1,ORTA_TICARETHANE
5002793341,38.45551307,27.11994111,35-04-K01990,35,KARSIYAKA,TUNA,7.9,12.033,0,0,0,0,1,0,0.0,0.0,0.0,0.0,12.033,0.0,1,KUCUK_TICARETHANE
5002793550,38.4915559,26.9471599,35-09-M00347,35,CIGLI,SASALLI MERKEZ,5.0,259.714,0,0,0,0,1,0,0.0,0.0,0.0,0.0,259.714,0.0,1,KUCUK_TICARETHANE
5002794546,38.47445,27.10287,,35,KARSIYAKA,FIKRI ALTAY,0.4,508.118,1,0,0,0,0,0,508.118,0.0,0.0,0.0,0.0,0.0,0,AYDINLATMA
5002795207,38.46779469,27.11101991,35-04-M01041,35,KARSIYAKA,BAHCELIEVLER,5.0,161.754,0,0,0,0,1,0,0.0,0.0,0.0,0.0,161.754,0.0,1,KUCUK_TICARETHANE
5002795956,38.46134103,27.11456574,35-04-K03676,35,KARSIYAKA,BAHRIYE UCOK,6.6,17.253,0,0,0,0,1,0,0.0,0.0,0.0,0.0,17.253,0.0,1,KUCUK_TICARETHANE
5002797321,38.48973199,27.07254458,35-09-M01950,35,CIGLI,MALTEPE,8.5,37.467,0,0,0,0,1,0,0.0,0.0,0.0,0.0,37.467,0.0,1,KUCUK_TICARETHANE
5002800960,38.51787392,27.03941185,35-09-M00103,35,CIGLI,BALATCIK,8.5,123.602,0,0,0,0,1,0,0.0,0.0,0.0,0.0,123.602,0.0,1,KUCUK_TICARETHANE
5002801833,38.5068968,26.96240728,35-09-M01387,35,CIGLI,SASALLI MERKEZ,7.9,483.025,0,0,0,0,1,0,0.0,0.0,0.0,0.0,483.025,0.0,1,KUCUK_TICARETHANE
5002801874,38.45716905,27.10650569,35-04-K00932,35,KARSIYAKA,BOSTANLI,6.12,3483.327,1,0,0,0,0,0,3483.327,0.0,0.0,0.0,0.0,0.0,0,AYDINLATMA
5002803425,38.50318888,27.04710081,35-09-M02465,35,CIGLI,KUCUK CIGLI,8.5,135.313,0,0,0,0,1,0,0.0,0.0,0.0,0.0,135.313,0.0,1,KUCUK_TICARETHANE
5002805254,38.464478,27.08982527,35-04-K01116,35,KARSIYAKA,ATAKENT,7.9,434.0,0,0,0,0,1,0,0.0,0.0,0.0,0.0,434.0,0.0,1,KUCUK_TICARETHANE
5002807570,38.45442912,27.11223519,35-04-K01293,35,KARSIYAKA,DONANMACI,8.5,104.432,0,0,0,0,1,0,0.0,0.0,0.0,0.0,104.432,0.0,1,KUCUK_TICARETHANE
5002807592,38.47164448,27.10301547,35-04-K02676,35,KARSIYAKA,FIKRI ALTAY,8.5,53.119,0,0,0,0,1,0,0.0,0.0,0.0,0.0,53.119,0.0,1,KUCUK_TICARETHANE
5002809302,38.4677604,27.10129159,35-04-K03148,35,KARSIYAKA,DEMIRKOPRU,7.9,200.016,0,0,0,0,1,0,0.0,0.0,0.0,0.0,200.016,0.0,1,KUCUK_TICARETHANE
5002813836,38.48245829,27.05929881,35-09-K04095,35,CIGLI,ATASEHIR,2.4,1064.454,1,0,0,0,0,0,1064.454,0.0,0.0,0.0,0.0,0.0,0,AYDINLATMA
5002816679,38.45446279,27.11823113,35-04-K03224,35,KARSIYAKA,DONANMACI,7.9,113.3,0,0,0,0,1,0,0.0,0.0,0.0,0.0,113.3,0.0,1,KUCUK_TICARETHANE
5002817741,38.50148151,27.08995017,35-09-K01953,35,CIGLI,EVKA - 2,1.2,13581.29,1,0,0,0,0,0,13581.29,0.0,0.0,0.0,0.0,0.0,0,AYDINLATMA
5002819718,38.49176436,27.06201741,35-09-K02730,35,CIGLI,ATASEHIR,49.0,121812.5,0,0,0,0,1,0,0.0,0.0,0.0,0.0,121812.5,0.0,1,ORTA_TICARETHANE
5002825266,38.52640434,27.04820726,35-09-M00216,35,CIGLI,INONU,8.0,2.243,0,0,0,0,1,0,0.0,0.0,0.0,0.0,2.243,0.0,1,KUCUK_TICARETHANE
5002827338,38.49056314,27.08229825,35-09-K04124,35,CIGLI,AYDINLIKEVLER,4.0,5436.968,1,0,0,0,0,0,5436.968,0.0,0.0,0.0,0.0,0.0,0,AYDINLATMA
5002827363,38.49535347,27.07798847,35-09-M01982,35,CIGLI,SIRINTEPE,14.19,41552.4,1,0,0,0,0,0,41552.4,0.0,0.0,0.0,0.0,0.0,0,AYDINLATMA
5002832523,38.50375377,26.96231611,35-09-M01387,35,CIGLI,KAKLIC,10.0,4386.91,0,0,0,0,1,0,0.0,0.0,0.0,0.0,4386.91,0.0,1,KUCUK_TICARETHANE
5002840409,38.49687212,27.05471557,35-09-K01863,35,CIGLI,YENI MAHALLE,37.9,54935.83,0,0,0,0,1,0,0.0,0.0,0.0,0.0,54935.83,0.0,1,ORTA_TICARETHANE
5002843402,38.47248289,27.09711731,35-04-M03507,35,KARSIYAKA,SEMIKLER,0.2,319.499,1,0,0,0,0,0,319.499,0.0,0.0,0.0,0.0,0.0,0,AYDINLATMA
5002852961,38.49734111,26.95538718,35-09-M04885,35,CIGLI,SASALLI MERKEZ,1.332,5090.73,1,0,0,0,0,0,5090.73,0.0,0.0,0.0,0.0,0.0,0,AYDINLATMA
