ADR_BINA_ID,Y_KOORDINAT,X_KOORDINAT,ENERJI_TABLO_KAYIT_KODU,ORT_BAG_GUCU,2023_Tuketim,AYDINLATMA_count,MESKEN_count,SANAYI_count,TARIMSALSULAMA_count,TICARETHANE_count,AYDINLATMA_tuketim,MESKEN_tuketim,SANAYI_tuketim,TARIMSALSULAMA_tuketim,TICARETHANE_tuketim,MESKEN_SANAYI_TICARETHANE_SAYISI,BINA_TIPI
1000825026.0,39.76715064,30.46832248,26010913.0,3.0,1296.0,0,0,0,0,1,0.0,0.0,0.0,0.0,1296.0,1,KUCUK_TICARETHANE
1000825433.0,39.79287785,30.45565164,26010915.0,6.64,2457.835,0,0,0,0,1,0.0,0.0,0.0,0.0,2457.835,1,KUCUK_TICARETHANE
1000825559.0,39.77910082,30.46149791,26010840.0,4.9719999999999995,49910.847,0,2,0,0,3,0.0,7620.983,0.0,0.0,42289.864,5,ORTA_TICARETHANE
1000825959.0,39.72484589,30.38797551,26007088.0,96.0,56187.45,0,0,0,0,1,0.0,0.0,0.0,0.0,56187.45,1,ORTA_TICARETHANE
1000826070.0,39.78548565,30.51916831,26006025.0,5.132,37270.361000000004,1,2,0,0,7,5455.207,2889.436,0.0,0.0,28925.718,9,ORTA_TICARETHANE
1000826134.0,39.78406201,30.51743613,26010673.0,5.868571428571428,19422.613,0,2,0,0,12,0.0,6041.5779999999995,0.0,0.0,13381.035,14,ORTA_TICARETHANE
1000826858.0,39.78376504,30.46831184,26013545.0,5.01,4978.0,0,0,0,0,1,0.0,0.0,0.0,0.0,4978.0,1,KUCUK_TICARETHANE
1000827078.0,39.79385674,30.52897969,26013568.0,5.01,2542.226,0,1,0,0,1,0.0,1761.0,0.0,0.0,781.226,2,KUCUK_TICARETHANE
1000827303.0,39.82907126,30.50877779,26006466.0,5.01,922.76,0,0,0,0,1,0.0,0.0,0.0,0.0,922.76,1,KUCUK_TICARETHANE
1000827586.0,39.79208284,30.54641697,26005690.0,5.01,10048.39,0,0,0,0,1,0.0,0.0,0.0,0.0,10048.39,1,ORTA_TICARETHANE
1000828085.0,39.816163,30.49076604,26006778.0,5.01,3126.033,0,0,0,0,1,0.0,0.0,0.0,0.0,3126.033,1,KUCUK_TICARETHANE
1000828163.0,39.77603521,30.52061343,26005910.0,3.0,1102.198,0,0,0,0,1,0.0,0.0,0.0,0.0,1102.198,1,KUCUK_TICARETHANE
1000828253.0,39.78012805,30.50299476,26000798.0,4.005,3279.036,0,0,0,0,2,0.0,0.0,0.0,0.0,3279.036,2,KUCUK_TICARETHANE
1000828499.0,39.7887987,30.47467378,26005993.0,5.01,2841.2,0,0,0,0,1,0.0,0.0,0.0,0.0,2841.2,1,KUCUK_TICARETHANE
1000828584.0,39.80065179,30.49184962,26010545.0,3.0,2864.441,0,0,0,0,1,0.0,0.0,0.0,0.0,2864.441,1,KUCUK_TICARETHANE
1000828628.0,39.77951151,30.51667556,26006385.0,5.01,6964.147000000001,0,0,0,0,2,0.0,0.0,0.0,0.0,6964.147000000001,2,KUCUK_TICARETHANE
1000828744.0,39.79044328,30.54352615,26005443.0,5.01,3216.518,0,0,0,0,1,0.0,0.0,0.0,0.0,3216.518,1,KUCUK_TICARETHANE
1000828746.0,39.77864847,30.51806268,26005146.0,5.01,955.723,0,0,0,0,1,0.0,0.0,0.0,0.0,955.723,1,KUCUK_TICARETHANE
1000828772.0,39.79571271,30.50758384,26010526.0,5.01,20554.216,0,0,0,0,1,0.0,0.0,0.0,0.0,20554.216,1,ORTA_TICARETHANE
1000828859.0,39.77846958,30.51900075,26005146.0,5.9366666666666665,18475.449,0,1,0,0,5,0.0,2633.298,0.0,0.0,15842.151,6,ORTA_TICARETHANE
1000828873.0,39.78353415,30.46666411,26013545.0,5.01,2944.143,0,0,0,0,1,0.0,0.0,0.0,0.0,2944.143,1,KUCUK_TICARETHANE
1000828902.0,39.77530988,30.46662679,26010843.0,3.0,8070.366,0,2,0,0,1,0.0,4875.003000000001,0.0,0.0,3195.363,3,KUCUK_TICARETHANE
1000828944.0,39.81353356,30.44626894,26010370.0,6.44,3286.412,0,0,0,0,1,0.0,0.0,0.0,0.0,3286.412,1,KUCUK_TICARETHANE
1000829299.0,39.7799052,30.46008505,,3.0,1393.683,0,0,0,0,1,0.0,0.0,0.0,0.0,1393.683,1,KUCUK_TICARETHANE
1000829482.0,39.78198662,30.48232975,26006004.0,3.0,12331.287,1,0,0,0,0,12331.287,0.0,0.0,0.0,0.0,0,AYDINLATMA
1000829553.0,39.79324063,30.45760869,26007421.0,18.0,12327.302,0,0,0,0,1,0.0,0.0,0.0,0.0,12327.302,1,ORTA_TICARETHANE
1000829596.0,39.77968249,30.5157357,26006385.0,5.0,2234.352,1,0,0,0,0,2234.352,0.0,0.0,0.0,0.0,0,AYDINLATMA
1000830046.0,39.78809581,30.46577782,26010456.0,5.01,725.663,0,0,0,0,1,0.0,0.0,0.0,0.0,725.663,1,KUCUK_TICARETHANE
1000830191.0,39.77811894,30.52207531,26005910.0,3.0,485.142,0,0,0,0,1,0.0,0.0,0.0,0.0,485.142,1,KUCUK_TICARETHANE
1000830235.0,39.77102493,30.47801562,26010904.0,3.936666666666666,16384.775,0,2,0,0,1,0.0,4036.7529999999997,0.0,0.0,12348.022,3,ORTA_TICARETHANE
1000830669.0,39.77757221,30.52626305,26006473.0,5.46,6285.6849999999995,0,3,0,0,2,0.0,6171.518,0.0,0.0,114.167,5,KUCUK_TICARETHANE
1000831760.0,39.7859565,30.47365422,26013549.0,5.01,4482.0,0,0,0,0,1,0.0,0.0,0.0,0.0,4482.0,1,KUCUK_TICARETHANE
1000831840.0,39.78803418,30.5166912,26010678.0,4.50875,27299.184,0,3,0,0,5,0.0,13914.693,0.0,0.0,13384.491,8,ORTA_TICARETHANE
1000831918.0,39.78255096,30.46741409,26013545.0,5.01,2875.908,0,0,0,0,1,0.0,0.0,0.0,0.0,2875.908,1,KUCUK_TICARETHANE
1000832283.0,39.79548471,30.47477909,26006044.0,4.005,17401.656000000003,0,2,0,0,2,0.0,2832.0,0.0,0.0,14569.656,4,ORTA_TICARETHANE
1000832370.0,39.78540492,30.47285626,26013548.0,3.0,589.0,0,0,0,0,2,0.0,0.0,0.0,0.0,589.0,2,KUCUK_TICARETHANE
1000832545.0,39.77576338,30.53096061,26005713.0,6.824999999999999,3210.39,0,2,0,0,2,0.0,2552.265,0.0,0.0,658.125,4,KUCUK_TICARETHANE
1000833266.0,39.78924725,30.51684678,26010680.0,7.949999999999999,61505.873,0,6,0,0,3,0.0,9721.153,0.0,0.0,51784.72,9,ORTA_TICARETHANE
1000833537.0,39.77623094,30.44593846,26010833.0,5.01,152.517,0,0,0,0,1,0.0,0.0,0.0,0.0,152.517,1,KUCUK_TICARETHANE
1000833542.0,39.77919761,30.51880705,26005146.0,3.67,2593.474,0,1,0,0,2,0.0,2285.107,0.0,0.0,308.36699999999996,3,KUCUK_TICARETHANE
1000833548.0,39.79625018,30.51203924,26010524.0,4.005,12004.255000000001,0,2,0,0,2,0.0,2347.255,0.0,0.0,9657.0,4,KUCUK_TICARETHANE
1000834089.0,39.79619957,30.57415512,26009785.0,5.01,6379.762,0,0,0,1,0,0.0,0.0,0.0,6379.762,0.0,0,TARIMSAL_SULAMA
1000834137.0,39.77775398,30.5246095,26005908.0,4.2863999999999995,58236.214,0,16,0,0,9,0.0,25285.463,0.0,0.0,32950.751000000004,25,ORTA_TICARETHANE
1000834273.0,39.78190293,30.45730761,26005121.0,4.596666666666667,7320.914000000001,0,2,0,0,1,0.0,1385.52,0.0,0.0,5935.394,3,KUCUK_TICARETHANE
1000834458.0,39.78455973,30.46925895,26013546.0,5.01,800.0,0,0,0,0,1,0.0,0.0,0.0,0.0,800.0,1,KUCUK_TICARETHANE
1000834773.0,39.78501895,30.51874173,26010761.0,5.01,11309.993,0,0,0,0,4,0.0,0.0,0.0,0.0,11309.993,4,ORTA_TICARETHANE
1000834972.0,39.77980998,30.5191634,26005726.0,5.01,7560.113,0,0,0,0,1,0.0,0.0,0.0,0.0,7560.113,1,KUCUK_TICARETHANE
1000835565.0,39.79364996,30.52639796,26013568.0,5.01,7367.606,0,0,0,0,1,0.0,0.0,0.0,0.0,7367.606,1,KUCUK_TICARETHANE
1000835566.0,39.79158557,30.55092393,26005223.0,5.01,1532.228,0,1,0,0,1,0.0,242.211,0.0,0.0,1290.017,2,KUCUK_TICARETHANE
1000835633.0,39.77854365,30.5163816,26005147.0,6.84,14694.897,0,4,0,0,2,0.0,1773.527,0.0,0.0,12921.37,6,ORTA_TICARETHANE
1000835887.0,39.84691807,30.74704066,26002763.0,30.0,22584.4,0,0,0,0,1,0.0,0.0,0.0,0.0,22584.4,1,ORTA_TICARETHANE
1000835903.0,39.77945193,30.51609509,26006385.0,5.296666666666667,30876.7,0,1,0,0,2,0.0,4999.453,0.0,0.0,25877.247,3,ORTA_TICARETHANE
1000836231.0,39.7782854,30.51873655,26005146.0,5.981379310344828,31234.461,0,4,0,0,25,0.0,6126.441,0.0,0.0,25108.02,29,ORTA_TICARETHANE
1000836264.0,39.78891481,30.4856662,26005893.0,12.54,95315.893,0,0,0,0,1,0.0,0.0,0.0,0.0,95315.893,1,ORTA_TICARETHANE
1000836615.0,39.78709836,30.5148205,26010675.0,5.717333333333333,26401.218999999997,0,5,0,0,10,0.0,5731.011,0.0,0.0,20670.208,15,ORTA_TICARETHANE
1000836784.0,39.78346508,30.47462234,26013550.0,5.01,5020.0,0,0,0,0,1,0.0,0.0,0.0,0.0,5020.0,1,KUCUK_TICARETHANE
1000837038.0,39.79086863,30.48422498,26010072.0,4.608,9034.498,0,3,0,0,2,0.0,4201.544,0.0,0.0,4832.954,5,KUCUK_TICARETHANE
1000837125.0,39.88649009,30.42067339,26002231.0,6.0,2991.9930000000004,0,0,0,0,5,0.0,0.0,0.0,0.0,2991.9930000000004,5,KUCUK_TICARETHANE
1000837335.0,39.89516378,30.87809556,26008440.0,30.0,100566.06,0,0,0,1,0,0.0,0.0,0.0,100566.06,0.0,0,TARIMSAL_SULAMA
1000837522.0,39.79756915,30.50130268,26010533.0,3.67,3300.681,0,1,0,0,2,0.0,2417.962,0.0,0.0,882.719,3,KUCUK_TICARETHANE
1000837571.0,39.77456357,30.52986909,26005713.0,4.608,5390.01,0,0,0,0,5,0.0,0.0,0.0,0.0,5390.01,5,KUCUK_TICARETHANE
1000837785.0,39.81316211,30.44508401,26010370.0,10.13,5723.132,0,0,0,0,2,0.0,0.0,0.0,0.0,5723.132,2,KUCUK_TICARETHANE
1000838075.0,39.78271572,30.46733182,26013545.0,9.56,3384.92,0,0,0,0,1,0.0,0.0,0.0,0.0,3384.92,1,KUCUK_TICARETHANE
1000838084.0,39.78186018,30.49266696,26005912.0,5.3566666666666665,3612.16,0,1,0,0,2,0.0,1498.358,0.0,0.0,2113.8019999999997,3,KUCUK_TICARETHANE
1000838598.0,39.78641912,30.47499989,26013549.0,4.08,2504.0,0,0,0,0,1,0.0,0.0,0.0,0.0,2504.0,1,KUCUK_TICARETHANE
1000838685.0,39.78635941,30.47503346,26013549.0,5.01,5640.334,0,0,0,0,1,0.0,0.0,0.0,0.0,5640.334,1,KUCUK_TICARETHANE
1000839026.0,39.80312411,30.59857913,26003675.0,5.01,7520.626,0,0,0,1,1,0.0,0.0,0.0,6640.426,880.2,1,KUCUK_TICARETHANE
1000839106.0,39.78083314,30.51586359,26006385.0,4.005,30986.293,0,0,0,0,2,0.0,0.0,0.0,0.0,30986.293,2,ORTA_TICARETHANE
1000839429.0,39.78463976,30.47509396,26013550.0,8.9,1850.728,0,0,0,0,1,0.0,0.0,0.0,0.0,1850.728,1,KUCUK_TICARETHANE
1000839500.0,39.77536229,30.46528596,26010843.0,5.9725,40951.913,0,13,0,0,7,0.0,20632.148,0.0,0.0,20319.765,20,ORTA_TICARETHANE
1000839508.0,39.77747768,30.51730042,26005192.0,7.608,24455.56,0,0,0,0,5,0.0,0.0,0.0,0.0,24455.56,5,ORTA_TICARETHANE
1000839580.0,39.77681747,30.52694934,26006473.0,3.0,8666.377,1,0,0,0,0,8666.377,0.0,0.0,0.0,0.0,0,AYDINLATMA
1000839743.0,39.78027136,30.46005043,26010101.0,3.0,1558.645,0,0,0,0,1,0.0,0.0,0.0,0.0,1558.645,1,KUCUK_TICARETHANE
1000840123.0,39.79000538,30.48401602,26005892.0,3.0,26933.698,1,0,0,0,0,26933.698,0.0,0.0,0.0,0.0,0,AYDINLATMA
1000840340.0,39.78479461,30.46951381,26013546.0,3.0,175.0,0,0,0,0,1,0.0,0.0,0.0,0.0,175.0,1,KUCUK_TICARETHANE
1000840480.0,39.78403647,30.47519174,26013550.0,5.01,3312.0,0,0,0,0,1,0.0,0.0,0.0,0.0,3312.0,1,KUCUK_TICARETHANE
1000840539.0,39.79476055,30.531431,26013570.0,3.0,3638.879,0,0,0,0,1,0.0,0.0,0.0,0.0,3638.879,1,KUCUK_TICARETHANE
1000841195.0,39.77649856,30.51972209,26005890.0,4.005,29026.258,0,0,0,0,2,0.0,0.0,0.0,0.0,29026.258,2,ORTA_TICARETHANE
1000841308.0,39.782955,30.47799962,26001518.0,5.01,1624.036,0,0,0,0,1,0.0,0.0,0.0,0.0,1624.036,1,KUCUK_TICARETHANE
1000841343.0,39.7700632,30.47086279,26010914.0,17.94,16598.303,0,0,0,0,1,0.0,0.0,0.0,0.0,16598.303,1,ORTA_TICARETHANE
1000841643.0,39.80258625,30.56332286,26005233.0,5.335,4706.596,0,1,0,0,1,0.0,4538.0,0.0,0.0,168.596,2,KUCUK_TICARETHANE
1000841687.0,39.78659788,30.47249377,26013551.0,7.29,346.0,0,0,0,0,1,0.0,0.0,0.0,0.0,346.0,1,KUCUK_TICARETHANE
1000842689.0,39.79752152,30.51421405,26010517.0,4.34,2212.214,0,2,0,0,1,0.0,1996.6850000000002,0.0,0.0,215.529,3,KUCUK_TICARETHANE
1000842721.0,39.78659813,30.47350418,26013551.0,3.0,3115.446,0,0,0,0,1,0.0,0.0,0.0,0.0,3115.446,1,KUCUK_TICARETHANE
1000843021.0,39.79121979,30.45877044,26010445.0,5.01,19568.775,1,0,0,0,0,19568.775,0.0,0.0,0.0,0.0,0,AYDINLATMA
1000843059.0,39.78082388,30.45142801,26010835.0,5.2700000000000005,9313.67,0,4,0,0,2,0.0,5971.813999999999,0.0,0.0,3341.8559999999998,6,KUCUK_TICARETHANE
1000843161.0,39.79323977,30.45765334,26007421.0,8.7,59991.141,0,0,0,0,1,0.0,0.0,0.0,0.0,59991.141,1,ORTA_TICARETHANE
1000843265.0,39.77976925,30.46908428,26013543.0,6.953333333333333,52568.082,0,0,0,0,3,0.0,0.0,0.0,0.0,52568.082,3,ORTA_TICARETHANE
1000843420.0,39.79025586,30.52560217,26010292.0,5.946666666666666,9796.232,0,2,0,0,1,0.0,1014.519,0.0,0.0,8781.713,3,KUCUK_TICARETHANE
1000843555.0,39.78736445,30.48157604,26006181.0,3.0,25651.515,1,0,0,0,0,25651.515,0.0,0.0,0.0,0.0,0,AYDINLATMA
1000843862.0,39.78678999,30.47320589,26013551.0,5.01,1365.0,0,0,0,0,1,0.0,0.0,0.0,0.0,1365.0,1,KUCUK_TICARETHANE
1000844107.0,39.79304469,30.44672567,26005951.0,3.0,2336.082,0,0,0,0,1,0.0,0.0,0.0,0.0,2336.082,1,KUCUK_TICARETHANE
1000844286.0,39.78291517,30.47017701,26013546.0,5.01,4145.878,0,0,0,0,1,0.0,0.0,0.0,0.0,4145.878,1,KUCUK_TICARETHANE
1000844353.0,39.80360026,30.56084566,26005233.0,5.01,14483.1,1,0,0,0,1,13976.647,0.0,0.0,0.0,506.453,1,KUCUK_TICARETHANE
1000844382.0,39.78743012,30.48338499,26006181.0,4.79,30737.344999999998,0,4,0,0,5,0.0,7043.655999999999,0.0,0.0,23693.689,9,ORTA_TICARETHANE
1000844641.0,39.77468709,30.47266391,26010845.0,4.263333333333333,1225.0,0,1,0,0,2,0.0,478.0,0.0,0.0,747.0,3,KUCUK_TICARETHANE
1000844721.0,39.80337324,30.50926677,26010520.0,3.0,758.007,0,1,0,0,1,0.0,741.007,0.0,0.0,17.0,2,KUCUK_TICARETHANE
1000845278.0,39.77858471,30.51472869,26005189.0,16.23,186116.84399999998,0,0,0,0,4,0.0,0.0,0.0,0.0,186116.84399999998,4,ORTA_TICARETHANE
1000845504.0,39.95381926,30.49295746,26009351.0,15.0,26130.658,0,0,0,0,1,0.0,0.0,0.0,0.0,26130.658,1,ORTA_TICARETHANE
1000845860.0,39.78256655,30.46515284,26005120.0,3.0,334.0,0,0,0,0,1,0.0,0.0,0.0,0.0,334.0,1,KUCUK_TICARETHANE
1000846056.0,39.80337898,30.55465974,26005232.0,5.01,1373.375,0,0,0,0,1,0.0,0.0,0.0,0.0,1373.375,1,KUCUK_TICARETHANE
1000846241.0,39.78965358,30.45529812,26005119.0,5.01,23950.863,1,0,0,0,0,23950.863,0.0,0.0,0.0,0.0,0,AYDINLATMA
1000846488.0,39.77959725,30.51546479,26005145.0,4.34,8294.106,0,0,0,0,3,0.0,0.0,0.0,0.0,8294.106,3,KUCUK_TICARETHANE
1000846534.0,39.79173799,30.45185747,26005957.0,4.005,32172.447,1,0,0,0,1,27566.822,0.0,0.0,0.0,4605.625,1,KUCUK_TICARETHANE
1000846641.0,39.79786664,30.49389903,26010541.0,5.674285714285714,13224.338,0,4,0,0,3,0.0,5357.3,0.0,0.0,7867.038,7,KUCUK_TICARETHANE
1000846787.0,39.79180519,30.44677962,26005951.0,3.0,29697.923,1,0,0,0,0,29697.923,0.0,0.0,0.0,0.0,0,AYDINLATMA
1000846842.0,39.77832659,30.46274773,26010840.0,4.005,15503.856000000002,0,1,0,0,1,0.0,1805.941,0.0,0.0,13697.915,2,ORTA_TICARETHANE
1000847529.0,39.77635032,30.52431472,26005908.0,4.279090909090909,49015.705,0,3,0,0,8,0.0,2666.011,0.0,0.0,46349.694,11,ORTA_TICARETHANE
1000847651.0,39.77921449,30.48375563,26010294.0,3.0,57.058,0,0,0,0,1,0.0,0.0,0.0,0.0,57.058,1,KUCUK_TICARETHANE
1000847687.0,39.79115753,30.39874062,26000287.0,15.0,24990.368,0,0,0,0,1,0.0,0.0,0.0,0.0,24990.368,1,ORTA_TICARETHANE
1000847873.0,39.78436479,30.52151864,26006026.0,5.01,5957.159000000001,0,2,0,0,1,0.0,4928.104,0.0,0.0,1029.055,3,KUCUK_TICARETHANE
1000847890.0,39.79029945,30.50964164,26010667.0,5.01,35073.291,1,0,0,0,0,35073.291,0.0,0.0,0.0,0.0,0,AYDINLATMA
1000848355.0,39.77570983,30.52127724,26010155.0,5.01,6466.841,0,0,0,0,1,0.0,0.0,0.0,0.0,6466.841,1,KUCUK_TICARETHANE
1000848467.0,39.78947257,30.48459158,26005893.0,4.005,33543.866,0,1,0,0,1,0.0,11013.0,0.0,0.0,22530.866,2,ORTA_TICARETHANE
1000848469.0,39.78824365,30.46386376,26010197.0,8.64,3814.723,0,0,0,0,1,0.0,0.0,0.0,0.0,3814.723,1,KUCUK_TICARETHANE
1000848478.0,39.78530319,30.47208956,26013548.0,28.28,8923.266,0,0,0,0,1,0.0,0.0,0.0,0.0,8923.266,1,ORTA_TICARETHANE
1000848604.0,39.78675576,30.47341878,26013551.0,3.0,1149.0,0,0,0,0,1,0.0,0.0,0.0,0.0,1149.0,1,KUCUK_TICARETHANE
1000848648.0,39.79116839,30.54861086,26005223.0,5.503333333333333,8134.034000000001,0,2,0,0,1,0.0,143.483,0.0,0.0,7990.551,3,KUCUK_TICARETHANE
1000848756.0,39.7791989,30.52122491,26005910.0,6.348888888888889,19277.983,0,6,0,0,3,0.0,9223.508,0.0,0.0,10054.475,9,ORTA_TICARETHANE
1000848940.0,39.79966804,30.45979813,26013635.0,5.01,212.247,0,0,0,1,0,0.0,0.0,0.0,212.247,0.0,0,TARIMSAL_SULAMA
1000848961.0,39.78778584,30.52873127,26013564.0,5.8,3409.7490000000003,0,1,0,0,1,0.0,280.668,0.0,0.0,3129.081,2,KUCUK_TICARETHANE
1000849117.0,39.7829773,30.47663152,26001518.0,5.01,7.774,0,0,0,0,1,0.0,0.0,0.0,0.0,7.774,1,KUCUK_TICARETHANE
1000849176.0,39.78569326,30.47503943,26013549.0,7.44,7380.604,0,0,2,0,1,0.0,0.0,2082.0,0.0,5298.604,3,KUCUK_SANAYI
1000849714.0,39.77554634,30.52046809,26005723.0,5.01,5071.265,0,0,0,0,1,0.0,0.0,0.0,0.0,5071.265,1,KUCUK_TICARETHANE
1000849801.0,39.7997038,30.502263,26010536.0,5.01,42045.309,1,0,0,0,0,42045.309,0.0,0.0,0.0,0.0,0,AYDINLATMA
1000850000.0,39.78811318,30.53564134,26005927.0,5.01,13302.082,0,0,0,0,1,0.0,0.0,0.0,0.0,13302.082,1,ORTA_TICARETHANE
1000850069.0,39.79073083,30.47888041,26006046.0,8.643333333333333,22980.073,0,1,0,0,2,0.0,1628.66,0.0,0.0,21351.413,3,ORTA_TICARETHANE
1000850232.0,39.8078956,30.53971705,26014272.0,14.57,25748.992,0,0,0,1,0,0.0,0.0,0.0,25748.992,0.0,0,TARIMSAL_SULAMA
1000850346.0,39.78705766,30.47394079,26013551.0,5.01,30843.006,0,0,0,0,1,0.0,0.0,0.0,0.0,30843.006,1,ORTA_TICARETHANE
1000850757.0,39.78313991,30.47133516,26013546.0,3.4019999999999997,4875.457,0,0,0,0,5,0.0,0.0,0.0,0.0,4875.457,5,KUCUK_TICARETHANE
1000850777.0,39.78000953,30.51309942,26005194.0,31.57,13.94,0,0,0,0,1,0.0,0.0,0.0,0.0,13.94,1,ORTA_TICARETHANE
1000850847.0,39.79316789,30.51237337,26010569.0,5.01,4954.942,0,0,0,0,1,0.0,0.0,0.0,0.0,4954.942,1,KUCUK_TICARETHANE
1000850883.0,39.78126585,30.51873006,26005726.0,5.01,922.406,0,0,0,0,1,0.0,0.0,0.0,0.0,922.406,1,KUCUK_TICARETHANE
1000850885.0,39.77590017,30.47410795,26005696.0,3.0,984.949,0,0,0,0,1,0.0,0.0,0.0,0.0,984.949,1,KUCUK_TICARETHANE
1000851038.0,39.77827343,30.53481327,26006170.0,3.0,1942.0,0,0,0,0,1,0.0,0.0,0.0,0.0,1942.0,1,KUCUK_TICARETHANE
1000851087.0,39.76479661,30.47309633,26010902.0,5.01,22656.872,0,0,0,0,2,0.0,0.0,0.0,0.0,22656.872,2,ORTA_TICARETHANE
1000851473.0,39.78609985,30.46402236,26010455.0,5.01,2949.028,0,0,0,0,1,0.0,0.0,0.0,0.0,2949.028,1,KUCUK_TICARETHANE
1000851485.0,39.78485246,30.47494408,26013550.0,3.0,4002.094,0,0,0,0,1,0.0,0.0,0.0,0.0,4002.094,1,KUCUK_TICARETHANE
1000851530.0,39.79928469,30.51690634,26010515.0,3.804,2375.797,0,3,0,0,2,0.0,1772.797,0.0,0.0,603.0,5,KUCUK_TICARETHANE
1000851765.0,39.77479414,30.4793415,26005721.0,17.82,15331.884,0,0,0,0,1,0.0,0.0,0.0,0.0,15331.884,1,ORTA_TICARETHANE
1000851960.0,39.79732576,30.50027527,26010533.0,5.216666666666666,12663.887,0,0,0,0,3,0.0,0.0,0.0,0.0,12663.887,3,ORTA_TICARETHANE
1000852113.0,39.77466691,30.4589564,26010848.0,4.005,4573.611,0,2,0,0,2,0.0,2364.307,0.0,0.0,2209.304,4,KUCUK_TICARETHANE
1000852238.0,39.78749828,30.47449766,26010454.0,18.26,188944.044,0,0,0,0,1,0.0,0.0,0.0,0.0,188944.044,1,ORTA_TICARETHANE
1000852506.0,39.77512234,30.46230852,26010842.0,14.55,57956.693,0,0,0,0,1,0.0,0.0,0.0,0.0,57956.693,1,ORTA_TICARETHANE
1000852583.0,39.77849667,30.51758372,26005146.0,4.005,1861.811,0,0,0,0,2,0.0,0.0,0.0,0.0,1861.811,2,KUCUK_TICARETHANE
1000852641.0,39.81294644,30.44477671,26010370.0,10.13,3187.57,0,0,0,0,1,0.0,0.0,0.0,0.0,3187.57,1,KUCUK_TICARETHANE
1000852654.0,39.77854136,30.453178,26010837.0,3.0,3212.0,0,0,0,0,1,0.0,0.0,0.0,0.0,3212.0,1,KUCUK_TICARETHANE
1000852846.0,39.80046827,30.56633653,26009784.0,3.0,1161.627,0,0,0,1,0,0.0,0.0,0.0,1161.627,0.0,0,TARIMSAL_SULAMA
1000853124.0,39.77049101,30.47131375,26010914.0,17.6,12005.601,0,0,0,0,1,0.0,0.0,0.0,0.0,12005.601,1,ORTA_TICARETHANE
1000853304.0,39.77812118,30.51988647,26005910.0,5.01,7517.545,0,0,0,0,1,0.0,0.0,0.0,0.0,7517.545,1,KUCUK_TICARETHANE
1000853404.0,39.81891402,30.48766072,26005126.0,5.01,2804.233,0,0,0,1,0,0.0,0.0,0.0,2804.233,0.0,0,TARIMSAL_SULAMA
1000853562.0,39.80030967,30.4930538,26010544.0,3.0,35681.234,1,0,0,0,0,35681.234,0.0,0.0,0.0,0.0,0,AYDINLATMA
1000853583.0,39.79702251,30.49928287,26010533.0,5.01,2641.856,0,0,0,0,1,0.0,0.0,0.0,0.0,2641.856,1,KUCUK_TICARETHANE
1000853609.0,39.79764208,30.50096956,26010533.0,5.01,4111.996999999999,0,1,0,0,1,0.0,716.0,0.0,0.0,3395.997,2,KUCUK_TICARETHANE
1000853708.0,39.77746459,30.51667356,26005192.0,4.279090909090909,81988.65299999999,0,3,0,0,8,0.0,8211.6,0.0,0.0,73777.053,11,ORTA_TICARETHANE
1000853740.0,39.79077864,30.48396971,26010072.0,5.01,4586.558,0,0,0,0,2,0.0,0.0,0.0,0.0,4586.558,2,KUCUK_TICARETHANE
1000854257.0,39.7960048,30.55767062,26009783.0,5.01,2836.713,0,0,0,0,1,0.0,0.0,0.0,0.0,2836.713,1,KUCUK_TICARETHANE
1000854462.0,39.77602977,30.52174427,26005723.0,5.01,1158.499,0,0,0,0,1,0.0,0.0,0.0,0.0,1158.499,1,KUCUK_TICARETHANE
1000854572.0,39.77998128,30.46617988,26005120.0,5.01,249.724,0,0,0,0,1,0.0,0.0,0.0,0.0,249.724,1,KUCUK_TICARETHANE
1000854602.0,39.78252217,30.47523042,26001518.0,3.0,4093.0,0,0,0,0,1,0.0,0.0,0.0,0.0,4093.0,1,KUCUK_TICARETHANE
1000854853.0,39.79541354,30.46796113,26006123.0,5.01,3883.0,0,0,0,0,1,0.0,0.0,0.0,0.0,3883.0,1,KUCUK_TICARETHANE
1000854943.0,39.79350194,30.50975098,26010525.0,5.01,3571.197,0,0,0,0,1,0.0,0.0,0.0,0.0,3571.197,1,KUCUK_TICARETHANE
1000855284.0,39.80127857,30.55780889,26005233.0,5.01,4904.8369999999995,0,0,0,0,2,0.0,0.0,0.0,0.0,4904.8369999999995,2,KUCUK_TICARETHANE
1000855396.0,39.7841791,30.46845364,26013546.0,5.01,4572.66,0,0,0,0,1,0.0,0.0,0.0,0.0,4572.66,1,KUCUK_TICARETHANE
1000855444.0,39.77629776,30.4749738,26005696.0,3.0,52408.391,1,0,0,0,0,52408.391,0.0,0.0,0.0,0.0,0,AYDINLATMA
1000855805.0,39.81444271,30.49001231,26006760.0,12.12,11571.691,0,0,0,0,1,0.0,0.0,0.0,0.0,11571.691,1,ORTA_TICARETHANE
1000855929.0,39.78149297,30.51535269,26010672.0,5.01,1410.609,0,0,0,0,1,0.0,0.0,0.0,0.0,1410.609,1,KUCUK_TICARETHANE
1000856397.0,39.78316839,30.46918154,26013546.0,3.0,918.0,0,0,0,0,1,0.0,0.0,0.0,0.0,918.0,1,KUCUK_TICARETHANE
1000856814.0,39.78748639,30.52184008,26010216.0,5.664,6494.035,0,0,0,0,5,0.0,0.0,0.0,0.0,6494.035,5,KUCUK_TICARETHANE
1000856853.0,39.79269944,30.46205999,26010446.0,5.01,2449.907,0,0,0,0,1,0.0,0.0,0.0,0.0,2449.907,1,KUCUK_TICARETHANE
1000856949.0,39.78862234,30.54448371,26005222.0,3.0,6121.285,0,1,0,0,1,0.0,2694.0,0.0,0.0,3427.285,2,KUCUK_TICARETHANE
1000857036.0,39.7758268,30.52429372,26010373.0,5.01,24098.81,0,0,0,0,1,0.0,0.0,0.0,0.0,24098.81,1,ORTA_TICARETHANE
1000857047.0,39.80211662,30.49719031,26010537.0,4.6225000000000005,7862.0869999999995,0,2,0,0,2,0.0,3274.4089999999997,0.0,0.0,4587.678,4,KUCUK_TICARETHANE
1000857105.0,39.81073459,30.58812711,26005231.0,5.01,1841.708,0,0,0,1,0,0.0,0.0,0.0,1841.708,0.0,0,TARIMSAL_SULAMA
1000857344.0,39.78417477,30.47357059,26013548.0,3.0,3797.611,0,0,0,0,1,0.0,0.0,0.0,0.0,3797.611,1,KUCUK_TICARETHANE
1000857475.0,39.7772749,30.5245085,26005908.0,4.005,53073.878000000004,1,0,0,0,1,14972.057,0.0,0.0,0.0,38101.821,1,ORTA_TICARETHANE
1000857705.0,39.7834122,30.47700646,26001518.0,5.88,1041.0,0,0,0,0,1,0.0,0.0,0.0,0.0,1041.0,1,KUCUK_TICARETHANE
1000857721.0,39.76173176,30.45474564,26010894.0,4.005,2589.4049999999997,0,1,0,0,1,0.0,2018.595,0.0,0.0,570.81,2,KUCUK_TICARETHANE
1000857741.0,39.80401752,30.55389248,26005232.0,5.01,611.863,0,0,0,1,0,0.0,0.0,0.0,611.863,0.0,0,TARIMSAL_SULAMA
1000857833.0,39.77722819,30.47708982,26005696.0,34.9,28290.423000000003,0,1,0,0,1,0.0,1891.113,0.0,0.0,26399.31,2,ORTA_TICARETHANE
1000857917.0,39.78960367,30.5228665,26010292.0,7.8549999999999995,16519.064,0,0,0,0,2,0.0,0.0,0.0,0.0,16519.064,2,ORTA_TICARETHANE
1000858245.0,39.78648897,30.48463155,26006001.0,5.01,1769.67,1,0,0,0,0,1769.67,0.0,0.0,0.0,0.0,0,AYDINLATMA
1000858534.0,39.78822045,30.46438148,26010456.0,12.0,10256.996,0,0,0,0,1,0.0,0.0,0.0,0.0,10256.996,1,ORTA_TICARETHANE
1000858853.0,39.80535437,30.53768723,26014272.0,5.01,2539.817,0,0,0,0,1,0.0,0.0,0.0,0.0,2539.817,1,KUCUK_TICARETHANE
1000859021.0,39.77121063,30.46805982,26010900.0,48.0,62589.63,0,0,0,0,1,0.0,0.0,0.0,0.0,62589.63,1,ORTA_TICARETHANE
1000859256.0,39.79973167,30.49927563,26010535.0,4.34,941.5409999999999,0,1,0,0,2,0.0,611.0,0.0,0.0,330.541,3,KUCUK_TICARETHANE
1000859352.0,39.78613721,30.51885353,26005915.0,8.695,41420.008,0,0,0,0,2,0.0,0.0,0.0,0.0,41420.008,2,ORTA_TICARETHANE
1000859439.0,39.78481847,30.50503602,26010550.0,5.02,29681.058,1,0,0,0,0,29681.058,0.0,0.0,0.0,0.0,0,AYDINLATMA
1000859614.0,39.78240788,30.51268799,26010672.0,13.996666666666668,64083.013,0,0,0,0,3,0.0,0.0,0.0,0.0,64083.013,3,ORTA_TICARETHANE
1000859719.0,39.79035371,30.57447721,26005236.0,5.01,835.272,0,0,0,0,1,0.0,0.0,0.0,0.0,835.272,1,KUCUK_TICARETHANE
1000860240.0,39.78178711,30.47408093,26010805.0,5.09,1690.0,0,0,0,0,1,0.0,0.0,0.0,0.0,1690.0,1,KUCUK_TICARETHANE
1000860831.0,39.78626732,30.52812413,26013564.0,3.0,69.913,0,0,0,0,1,0.0,0.0,0.0,0.0,69.913,1,KUCUK_TICARETHANE
1000860958.0,39.78926002,30.48551418,26005893.0,3.9825,42150.454,0,0,0,0,12,0.0,0.0,0.0,0.0,42150.454,12,ORTA_TICARETHANE
1000860991.0,39.77627664,30.51974319,26005890.0,13.616,101903.43900000001,0,0,0,0,5,0.0,0.0,0.0,0.0,101903.43900000001,5,ORTA_TICARETHANE
1000861191.0,39.8019017,30.58426504,26009785.0,5.01,15860.65,0,0,0,1,0,0.0,0.0,0.0,15860.65,0.0,0,TARIMSAL_SULAMA
1000861449.0,39.7839582,30.47291739,26013548.0,3.0,2630.0,0,0,0,0,1,0.0,0.0,0.0,0.0,2630.0,1,KUCUK_TICARETHANE
1000861486.0,39.7770885,30.4795496,26005697.0,14.64,55349.904,1,0,0,0,1,34183.699,0.0,0.0,0.0,21166.205,1,ORTA_TICARETHANE
1000861621.0,39.78802074,30.51993576,26010679.0,5.01,1417.82,0,0,0,0,1,0.0,0.0,0.0,0.0,1417.82,1,KUCUK_TICARETHANE
1000861642.0,39.7846302,30.46892276,26013546.0,3.0,1017.0,0,0,0,0,1,0.0,0.0,0.0,0.0,1017.0,1,KUCUK_TICARETHANE
1000862023.0,39.79836643,30.43646523,26006210.0,413.21,356954.08,0,0,0,0,1,0.0,0.0,0.0,0.0,356954.08,1,BUYUK_TICARETHANE
1000862086.0,39.78912224,30.48030846,26006157.0,15.71,13023.92,0,0,0,0,1,0.0,0.0,0.0,0.0,13023.92,1,ORTA_TICARETHANE
1000862756.0,39.77824405,30.45677313,26010838.0,5.645,17936.162,0,5,0,0,3,0.0,5577.106,0.0,0.0,12359.056,8,ORTA_TICARETHANE
1000862763.0,39.78450018,30.4577034,26005973.0,3.0,47303.014,1,0,0,0,0,47303.014,0.0,0.0,0.0,0.0,0,AYDINLATMA
1000862853.0,39.77847249,30.45395277,26010837.0,5.115,26307.032,0,4,0,0,4,0.0,4490.8189999999995,0.0,0.0,21816.213,8,ORTA_TICARETHANE
1000862868.0,39.78393469,30.47284001,26013548.0,5.01,1914.0,0,0,0,0,1,0.0,0.0,0.0,0.0,1914.0,1,KUCUK_TICARETHANE
1000862959.0,39.79059793,30.51693366,26010681.0,5.01,7326.72,0,0,0,0,1,0.0,0.0,0.0,0.0,7326.72,1,KUCUK_TICARETHANE
1000863068.0,39.77888611,30.45351168,26010837.0,5.359999999999999,10757.622,0,4,0,0,2,0.0,5146.254,0.0,0.0,5611.368,6,KUCUK_TICARETHANE
1000863267.0,39.78523612,30.47301199,26013548.0,3.0,19953.353,1,0,0,0,0,19953.353,0.0,0.0,0.0,0.0,0,AYDINLATMA
1000863362.0,39.78091046,30.48903117,,5.01,17142.518,0,0,0,0,1,0.0,0.0,0.0,0.0,17142.518,1,ORTA_TICARETHANE
1000863520.0,39.78659966,30.52482677,26013564.0,4.5075,9170.82,0,5,0,0,3,0.0,5700.954,0.0,0.0,3469.866,8,KUCUK_TICARETHANE
1000863604.0,39.78459162,30.46714758,26013544.0,3.0,689.0,0,0,0,0,1,0.0,0.0,0.0,0.0,689.0,1,KUCUK_TICARETHANE
1000863766.0,39.77870288,30.51659117,26005145.0,5.005,16295.699,1,0,0,0,1,11115.324,0.0,0.0,0.0,5180.375,1,KUCUK_TICARETHANE
1000863913.0,39.78769828,30.53534964,26005686.0,5.598333333333333,13741.053,0,3,0,0,3,0.0,4723.657,0.0,0.0,9017.396,6,KUCUK_TICARETHANE
1000864187.0,39.79611173,30.48897033,26005899.0,5.01,4414.505,0,0,0,0,1,0.0,0.0,0.0,0.0,4414.505,1,KUCUK_TICARETHANE
1000864342.0,39.77848488,30.53036393,26006179.0,5.01,8035.874,0,0,0,0,1,0.0,0.0,0.0,0.0,8035.874,1,KUCUK_TICARETHANE
1000864382.0,39.77540811,30.52199648,26005723.0,5.01,3679.9,0,0,0,0,1,0.0,0.0,0.0,0.0,3679.9,1,KUCUK_TICARETHANE
1000864501.0,39.78204243,30.49959705,26000798.0,7.105,20048.678999999996,0,1,0,0,1,0.0,3428.83,0.0,0.0,16619.849,2,ORTA_TICARETHANE
1000864526.0,39.78443135,30.46794881,26013545.0,48.05,40309.14,0,0,0,0,1,0.0,0.0,0.0,0.0,40309.14,1,ORTA_TICARETHANE
1000864842.0,39.77692472,30.52203917,26005723.0,3.0,1228.0,0,0,0,0,1,0.0,0.0,0.0,0.0,1228.0,1,KUCUK_TICARETHANE
1000864934.0,39.77723773,30.51989247,26005890.0,5.01,19232.258,0,0,0,0,15,0.0,0.0,0.0,0.0,19232.258,15,ORTA_TICARETHANE
1000865111.0,39.79910788,30.49462335,26010543.0,5.01,49143.037,1,0,0,0,0,49143.037,0.0,0.0,0.0,0.0,0,AYDINLATMA
1000865224.0,39.78515256,30.44777956,26005681.0,5.01,4189.276,0,0,0,0,1,0.0,0.0,0.0,0.0,4189.276,1,KUCUK_TICARETHANE
1000865614.0,39.78415001,30.46739403,26013545.0,5.01,933.0,0,0,0,0,1,0.0,0.0,0.0,0.0,933.0,1,KUCUK_TICARETHANE
1000865651.0,39.78831996,30.46913633,26010451.0,5.01,5762.403,0,0,0,0,1,0.0,0.0,0.0,0.0,5762.403,1,KUCUK_TICARETHANE
1000865784.0,39.77855623,30.5172849,26005146.0,5.45625,33981.854999999996,0,11,0,0,5,0.0,11485.446,0.0,0.0,22496.409,16,ORTA_TICARETHANE
1000865914.0,39.78341287,30.52669095,26013563.0,9.0,49549.718,1,0,0,0,0,49549.718,0.0,0.0,0.0,0.0,0,AYDINLATMA
1000866510.0,39.77930449,30.51535286,26005145.0,4.675,19913.535,0,2,0,0,4,0.0,2088.737,0.0,0.0,17824.798,6,ORTA_TICARETHANE
1000866559.0,39.77651718,30.51938322,26005890.0,6.567692307692307,160457.727,0,0,0,0,39,0.0,0.0,0.0,0.0,160457.727,39,ORTA_TICARETHANE
1000866765.0,39.79708201,30.48180485,26006125.0,5.01,1637.422,0,0,0,0,2,0.0,0.0,0.0,0.0,1637.422,2,KUCUK_TICARETHANE
1000866998.0,39.78338799,30.51160032,26010685.0,21.53,163010.87300000002,0,0,0,0,3,0.0,0.0,0.0,0.0,163010.87300000002,3,ORTA_TICARETHANE
1000867012.0,39.79334326,30.47825159,26006203.0,6.108823529411764,46894.422000000006,0,10,0,0,7,0.0,14114.455,0.0,0.0,32779.967000000004,17,ORTA_TICARETHANE
1000867125.0,39.80020384,30.50161097,26010536.0,3.0,1991.0,0,1,0,0,1,0.0,1947.0,0.0,0.0,44.0,2,KUCUK_TICARETHANE
1000867311.0,39.78462184,30.4692223,26013546.0,3.0,265.0,0,0,0,0,1,0.0,0.0,0.0,0.0,265.0,1,KUCUK_TICARETHANE
1000867533.0,39.78421162,30.47213151,26013547.0,5.01,1544.0,0,0,0,0,1,0.0,0.0,0.0,0.0,1544.0,1,KUCUK_TICARETHANE
1000867601.0,39.79273786,30.47221616,26006045.0,3.0,32553.64,1,0,0,0,0,32553.64,0.0,0.0,0.0,0.0,0,AYDINLATMA
1000867762.0,39.77535902,30.46739149,26010843.0,5.01,11550.083,0,1,0,0,2,0.0,2761.534,0.0,0.0,8788.548999999999,3,KUCUK_TICARETHANE
1000867818.0,39.77799287,30.51607277,26005192.0,17.655,74771.269,0,0,0,0,2,0.0,0.0,0.0,0.0,74771.269,2,ORTA_TICARETHANE
1000867825.0,39.78081571,30.4712411,26010805.0,18.83,1413.464,0,0,0,0,1,0.0,0.0,0.0,0.0,1413.464,1,ORTA_TICARETHANE
1000867901.0,39.77761883,30.43643887,26009789.0,3.0,35801.916,1,0,0,0,0,35801.916,0.0,0.0,0.0,0.0,0,AYDINLATMA
1000868118.0,39.78763431,30.50857262,26010668.0,8.78,32585.163,0,0,0,0,1,0.0,0.0,0.0,0.0,32585.163,1,ORTA_TICARETHANE
1000868262.0,39.79082069,30.46905636,26010450.0,36.57,119888.062,0,0,0,0,1,0.0,0.0,0.0,0.0,119888.062,1,ORTA_TICARETHANE
1000868500.0,39.77917657,30.52555558,26006079.0,4.005,36861.205,1,0,0,0,1,35421.9,0.0,0.0,0.0,1439.305,1,KUCUK_TICARETHANE
1000869451.0,39.78408034,30.47611555,26013550.0,8.756666666666668,9573.062,0,0,0,0,3,0.0,0.0,0.0,0.0,9573.062,3,KUCUK_TICARETHANE
1000869477.0,39.79145632,30.51028755,26010664.0,249.98,30436.175,0,0,0,0,1,0.0,0.0,0.0,0.0,30436.175,1,ORTA_TICARETHANE
1000869789.0,39.77686874,30.51068947,26005188.0,8.64,21618.879,0,0,0,0,1,0.0,0.0,0.0,0.0,21618.879,1,ORTA_TICARETHANE
1000869909.0,39.781839,30.46906407,26013543.0,3.0,8701.936,0,0,0,0,1,0.0,0.0,0.0,0.0,8701.936,1,KUCUK_TICARETHANE
1000870021.0,39.772843,30.45315999,26004553.0,5.01,3554.428,0,1,0,0,1,0.0,2096.875,0.0,0.0,1457.553,2,KUCUK_TICARETHANE
1000870105.0,39.78258091,30.47454187,26013550.0,9.129999999999999,24005.342,0,0,0,0,2,0.0,0.0,0.0,0.0,24005.342,2,ORTA_TICARETHANE
1000870175.0,39.7963875,30.53303355,26001547.0,150.0,290048.72,0,0,0,0,1,0.0,0.0,0.0,0.0,290048.72,1,ORTA_TICARETHANE
1000870274.0,39.77610407,30.47697514,26005695.0,5.01,6398.39,0,0,0,0,1,0.0,0.0,0.0,0.0,6398.39,1,KUCUK_TICARETHANE
1000870341.0,39.77867099,30.51720051,26005146.0,5.01,6170.597,0,0,0,0,3,0.0,0.0,0.0,0.0,6170.597,3,KUCUK_TICARETHANE
1000870670.0,39.77925672,30.51777903,26005146.0,5.01,7577.281,0,0,0,0,2,0.0,0.0,0.0,0.0,7577.281,2,KUCUK_TICARETHANE
1000870770.0,39.79577831,30.43590195,26006174.0,3.0,35201.105,1,0,0,0,0,35201.105,0.0,0.0,0.0,0.0,0,AYDINLATMA
1000870830.0,39.77841142,30.51794587,26005146.0,5.554285714285714,21698.018,0,8,0,0,6,0.0,7889.608,0.0,0.0,13808.41,14,ORTA_TICARETHANE
1000870861.0,39.79583527,30.52644477,26013572.0,5.01,262.0,0,0,0,0,1,0.0,0.0,0.0,0.0,262.0,1,KUCUK_TICARETHANE
1000870932.0,39.78646172,30.47257315,26013551.0,5.01,1429.0,0,0,0,0,1,0.0,0.0,0.0,0.0,1429.0,1,KUCUK_TICARETHANE
1000871240.0,39.80323574,30.4877092,26012160.0,3.0,1524.552,0,0,0,0,1,0.0,0.0,0.0,0.0,1524.552,1,KUCUK_TICARETHANE
1000871295.0,39.78665387,30.51342029,26010676.0,5.028333333333333,9008.372,0,0,0,0,6,0.0,0.0,0.0,0.0,9008.372,6,KUCUK_TICARETHANE
1000871311.0,39.78422839,30.49243465,26006141.0,15.0,25394.451,0,0,0,0,2,0.0,0.0,0.0,0.0,25394.451,2,ORTA_TICARETHANE
1000871399.0,39.77881447,30.52418048,26006453.0,3.0,3382.734,0,0,0,0,1,0.0,0.0,0.0,0.0,3382.734,1,KUCUK_TICARETHANE
1000871713.0,39.78241443,30.47593697,26001518.0,3.15,3476.0,0,0,0,0,2,0.0,0.0,0.0,0.0,3476.0,2,KUCUK_TICARETHANE
1000871828.0,39.83183587,30.55584306,26006560.0,60.0,4593.96,0,0,0,1,0,0.0,0.0,0.0,4593.96,0.0,0,TARIMSAL_SULAMA
1000872718.0,39.80068575,30.51697029,26010515.0,5.01,2352.0,0,1,0,0,1,0.0,2206.0,0.0,0.0,146.0,2,KUCUK_TICARETHANE
1000872789.0,39.78549738,30.47180054,26013548.0,5.01,15066.993,0,0,0,0,1,0.0,0.0,0.0,0.0,15066.993,1,ORTA_TICARETHANE
1000872988.0,39.78553188,30.47314674,26013548.0,5.01,7791.24,0,0,0,0,1,0.0,0.0,0.0,0.0,7791.24,1,KUCUK_TICARETHANE
1000873163.0,39.8128848,30.44469289,26010370.0,10.13,2021.371,0,0,0,0,1,0.0,0.0,0.0,0.0,2021.371,1,KUCUK_TICARETHANE
1000873177.0,39.7805652,30.4698369,26013543.0,5.01,1050.19,0,0,0,0,1,0.0,0.0,0.0,0.0,1050.19,1,KUCUK_TICARETHANE
1000873384.0,39.77929685,30.52929025,26006400.0,3.0,23627.992,1,0,0,0,0,23627.992,0.0,0.0,0.0,0.0,0,AYDINLATMA
1000873769.0,39.78762312,30.47628697,26006468.0,47.79,12423.22,0,0,0,0,1,0.0,0.0,0.0,0.0,12423.22,1,ORTA_TICARETHANE
1000873992.0,39.78273858,30.47740024,26001518.0,16.815,8273.771,0,0,0,0,2,0.0,0.0,0.0,0.0,8273.771,2,ORTA_TICARETHANE
1000874128.0,39.79667414,30.49172119,26010542.0,4.005,3846.097,0,1,0,0,1,0.0,1449.0,0.0,0.0,2397.097,2,KUCUK_TICARETHANE
1000874214.0,39.78449499,30.51399418,26010673.0,5.01,494.478,0,0,0,0,1,0.0,0.0,0.0,0.0,494.478,1,KUCUK_TICARETHANE
1000874229.0,39.77958158,30.47921272,26005698.0,4.005,3687.872,0,1,0,0,1,0.0,3607.172,0.0,0.0,80.7,2,KUCUK_TICARETHANE
1000874374.0,39.79324089,30.45760282,26007421.0,15.396,203501.70799999998,0,0,0,0,5,0.0,0.0,0.0,0.0,203501.70799999998,5,ORTA_TICARETHANE
1000874588.0,39.77625768,30.47833433,26005697.0,15.42,25118.56,0,0,0,0,1,0.0,0.0,0.0,0.0,25118.56,1,ORTA_TICARETHANE
1000874592.0,39.77602418,30.55262219,26007722.0,4.005,1289.079,0,0,0,0,2,0.0,0.0,0.0,0.0,1289.079,2,KUCUK_TICARETHANE
1000874843.0,39.81765744,30.49831616,26013510.0,5.895,2180.244,0,2,0,0,2,0.0,1154.374,0.0,0.0,1025.87,4,KUCUK_TICARETHANE
1000875303.0,39.77566779,30.52325216,26006345.0,4.206,9810.931,0,0,0,0,5,0.0,0.0,0.0,0.0,9810.931,5,KUCUK_TICARETHANE
1000875505.0,39.78797714,30.50793322,26010668.0,164.1,204296.16,0,0,0,0,1,0.0,0.0,0.0,0.0,204296.16,1,ORTA_TICARETHANE
1000875597.0,39.78332257,30.48420167,26006002.0,5.01,1953.965,1,0,0,0,0,1953.965,0.0,0.0,0.0,0.0,0,AYDINLATMA
1000875817.0,39.78006804,30.52269271,26005911.0,5.579999999999999,7158.043,0,4,0,0,2,0.0,5457.218,0.0,0.0,1700.825,6,KUCUK_TICARETHANE
1000875977.0,39.79520494,30.48034037,26006124.0,5.01,4259.783,0,0,0,0,1,0.0,0.0,0.0,0.0,4259.783,1,KUCUK_TICARETHANE
1000876015.0,39.80166985,30.55874947,26005233.0,5.01,5500.66,0,0,0,1,0,0.0,0.0,0.0,5500.66,0.0,0,TARIMSAL_SULAMA
1000876407.0,39.79905367,30.56240824,26009784.0,3.0,27938.702,1,0,0,0,0,27938.702,0.0,0.0,0.0,0.0,0,AYDINLATMA
1000876531.0,39.78360716,30.46687772,26013545.0,37.23,6065.969,0,0,0,0,2,0.0,0.0,0.0,0.0,6065.969,2,ORTA_TICARETHANE
1000876947.0,39.79921675,30.50725055,26010528.0,5.01,526.831,0,0,0,0,3,0.0,0.0,0.0,0.0,526.831,3,KUCUK_TICARETHANE
1000876996.0,39.80716341,30.61563492,26003675.0,5.01,1581.756,0,0,0,0,1,0.0,0.0,0.0,0.0,1581.756,1,KUCUK_TICARETHANE
1000877163.0,39.77975148,30.4689357,26013543.0,15.9,2847.224,0,0,0,0,1,0.0,0.0,0.0,0.0,2847.224,1,ORTA_TICARETHANE
1000877352.0,39.79845336,30.50773217,26010528.0,4.005,2489.925,0,1,0,0,1,0.0,2345.925,0.0,0.0,144.0,2,KUCUK_TICARETHANE
1000877613.0,39.79796676,30.49422043,26010543.0,5.01,4046.721,0,0,0,0,1,0.0,0.0,0.0,0.0,4046.721,1,KUCUK_TICARETHANE
1000877711.0,39.79467342,30.52399014,26010154.0,5.01,14229.753,0,0,0,0,1,0.0,0.0,0.0,0.0,14229.753,1,ORTA_TICARETHANE
1000877780.0,39.78584615,30.4755285,26013549.0,7.0649999999999995,1108.5410000000002,0,0,0,0,2,0.0,0.0,0.0,0.0,1108.5410000000002,2,KUCUK_TICARETHANE
1000877813.0,39.78177952,30.45526525,26005972.0,5.7299999999999995,2865.572,0,2,0,0,3,0.0,1196.553,0.0,0.0,1669.019,5,KUCUK_TICARETHANE
1000877865.0,39.78986431,30.44356531,26009969.0,3.0,30157.275,1,0,0,0,0,30157.275,0.0,0.0,0.0,0.0,0,AYDINLATMA
1000878033.0,39.7883327,30.49007093,26005975.0,6.275294117647058,56094.013,0,23,0,0,11,0.0,28072.512,0.0,0.0,28021.501,34,ORTA_TICARETHANE
1000878092.0,39.77554304,30.46647709,26010843.0,5.01,37658.774000000005,0,1,0,0,1,0.0,5924.0,0.0,0.0,31734.774,2,ORTA_TICARETHANE
1000878108.0,39.78967877,30.46919786,26010450.0,3.0,6515.542,0,1,0,0,1,0.0,2462.76,0.0,0.0,4052.782,2,KUCUK_TICARETHANE
1000878235.0,39.80238434,30.49963824,26010537.0,5.01,56608.078,1,0,0,0,0,56608.078,0.0,0.0,0.0,0.0,0,AYDINLATMA
1000878944.0,39.79177082,30.47071083,26006045.0,13.61,3250.851,0,0,0,0,1,0.0,0.0,0.0,0.0,3250.851,1,KUCUK_TICARETHANE
1000878945.0,39.79079731,30.43928479,26012451.0,3.0,42233.731,1,0,0,0,0,42233.731,0.0,0.0,0.0,0.0,0,AYDINLATMA
1000879596.0,39.82271843,30.49302399,26006750.0,5.01,38.009,0,0,0,0,1,0.0,0.0,0.0,0.0,38.009,1,KUCUK_TICARETHANE
1000879793.0,39.79861615,30.49244406,26010542.0,5.01,1925.708,0,0,0,0,1,0.0,0.0,0.0,0.0,1925.708,1,KUCUK_TICARETHANE
1000880011.0,39.79622731,30.51138792,26010524.0,5.01,47957.162,1,0,0,0,0,47957.162,0.0,0.0,0.0,0.0,0,AYDINLATMA
1000880279.0,39.78662633,30.45807116,26005123.0,5.01,51026.756,1,0,0,0,0,51026.756,0.0,0.0,0.0,0.0,0,AYDINLATMA
1000880732.0,39.78277501,30.4685831,26013545.0,5.01,3810.482,0,0,0,0,1,0.0,0.0,0.0,0.0,3810.482,1,KUCUK_TICARETHANE
1000880757.0,39.80063855,30.57421722,26009785.0,5.01,2776.452,0,0,0,1,0,0.0,0.0,0.0,2776.452,0.0,0,TARIMSAL_SULAMA
1000881221.0,39.78368337,30.46906183,26013546.0,3.0,830.0,0,0,0,0,1,0.0,0.0,0.0,0.0,830.0,1,KUCUK_TICARETHANE
1000881396.0,39.79487813,30.50032385,26010533.0,5.01,27308.595,0,0,0,0,1,0.0,0.0,0.0,0.0,27308.595,1,ORTA_TICARETHANE
1000881875.0,39.78818071,30.52973893,26013564.0,5.01,1586.216,0,0,0,0,1,0.0,0.0,0.0,0.0,1586.216,1,KUCUK_TICARETHANE
1000881938.0,39.78531327,30.53589622,26005686.0,7.8,2313.518,0,0,0,0,1,0.0,0.0,0.0,0.0,2313.518,1,KUCUK_TICARETHANE
1000882235.0,39.79367764,30.53282332,26013569.0,5.83,11797.719000000001,0,1,0,0,1,0.0,1939.877,0.0,0.0,9857.842,2,KUCUK_TICARETHANE
1000882719.0,39.78421601,30.46875658,26013546.0,3.0,561.0,0,0,0,0,1,0.0,0.0,0.0,0.0,561.0,1,KUCUK_TICARETHANE
1000882876.0,39.8037362,30.59055686,26009785.0,3.0,3771.0,0,0,0,1,0,0.0,0.0,0.0,3771.0,0.0,0,TARIMSAL_SULAMA
1000883017.0,39.83923245,30.39005595,26002271.0,60.0,22489.65,0,0,0,1,0,0.0,0.0,0.0,22489.65,0.0,0,TARIMSAL_SULAMA
1000883339.0,39.7817774,30.52864775,26005928.0,5.01,4721.8060000000005,0,1,0,0,1,0.0,2224.023,0.0,0.0,2497.783,2,KUCUK_TICARETHANE
1000883895.0,39.77590164,30.52074769,26005910.0,5.01,4804.557,0,0,0,0,1,0.0,0.0,0.0,0.0,4804.557,1,KUCUK_TICARETHANE
1000884030.0,39.7849265,30.47490134,26013550.0,3.0,1842.545,0,0,0,0,1,0.0,0.0,0.0,0.0,1842.545,1,KUCUK_TICARETHANE
1000884118.0,39.79506111,30.50867016,26010526.0,5.01,29897.953,1,0,0,0,0,29897.953,0.0,0.0,0.0,0.0,0,AYDINLATMA
1000884240.0,39.78727106,30.48974596,26005997.0,99.07,84498.54,0,0,0,0,1,0.0,0.0,0.0,0.0,84498.54,1,ORTA_TICARETHANE
1000884315.0,39.79241207,30.5322899,26013569.0,3.0,321.346,0,0,0,0,1,0.0,0.0,0.0,0.0,321.346,1,KUCUK_TICARETHANE
1000884431.0,39.77522598,30.55346987,26007722.0,3.0,4260.901,0,0,0,0,1,0.0,0.0,0.0,0.0,4260.901,1,KUCUK_TICARETHANE
1000884708.0,39.78502434,30.52213683,26006026.0,5.01,37578.665,0,4,0,0,3,0.0,4489.3189999999995,0.0,0.0,33089.346000000005,7,ORTA_TICARETHANE
1000885092.0,39.7909487,30.50819795,26010664.0,5.724285714285714,20326.266,0,0,0,0,28,0.0,0.0,0.0,0.0,20326.266,28,ORTA_TICARETHANE
1000885158.0,39.78172082,30.47339172,26010805.0,5.27,1072.43,0,0,0,0,1,0.0,0.0,0.0,0.0,1072.43,1,KUCUK_TICARETHANE
1000885438.0,39.791896,30.52731725,26013567.0,5.16,4051.65,0,0,0,0,1,0.0,0.0,0.0,0.0,4051.65,1,KUCUK_TICARETHANE
1000886122.0,39.77030051,30.47855464,26010904.0,5.0,1669.464,1,0,0,0,0,1669.464,0.0,0.0,0.0,0.0,0,AYDINLATMA
1000886513.0,39.78672804,30.47413003,26013551.0,5.01,3087.65,0,0,0,0,1,0.0,0.0,0.0,0.0,3087.65,1,KUCUK_TICARETHANE
1000886524.0,39.78669435,30.47327002,26013551.0,11.34,697.0,0,0,0,0,1,0.0,0.0,0.0,0.0,697.0,1,KUCUK_TICARETHANE
1000886673.0,39.79876846,30.51045298,26010523.0,5.16,45956.763999999996,0,10,0,0,7,0.0,15331.561,0.0,0.0,30625.203,17,ORTA_TICARETHANE
1000886854.0,39.78167798,30.46732171,26013545.0,5.01,7152.671,0,0,0,0,1,0.0,0.0,0.0,0.0,7152.671,1,KUCUK_TICARETHANE
1000887184.0,39.7836289,30.46838814,26013545.0,9.36,483.0,0,0,0,0,1,0.0,0.0,0.0,0.0,483.0,1,KUCUK_TICARETHANE
1000887745.0,39.80085864,30.49259926,26010545.0,4.206,4372.5869999999995,0,3,0,0,2,0.0,2180.0,0.0,0.0,2192.587,5,KUCUK_TICARETHANE
1000887833.0,39.79972643,30.51033089,26010521.0,4.435714285714285,12270.444,0,4,0,0,3,0.0,6360.693,0.0,0.0,5909.751,7,KUCUK_TICARETHANE
1000887923.0,39.80626664,30.6029974,26003675.0,5.01,1635.345,0,0,0,0,1,0.0,0.0,0.0,0.0,1635.345,1,KUCUK_TICARETHANE
1000888247.0,39.80471062,30.59055109,26005231.0,5.01,2316.533,0,0,0,0,1,0.0,0.0,0.0,0.0,2316.533,1,KUCUK_TICARETHANE
1000888455.0,39.79904386,30.55758779,26005233.0,3.0,1922.517,0,0,0,1,0,0.0,0.0,0.0,1922.517,0.0,0,TARIMSAL_SULAMA
1000888871.0,39.78536563,30.4709752,26013547.0,3.0,1302.0,0,0,0,0,2,0.0,0.0,0.0,0.0,1302.0,2,KUCUK_TICARETHANE
1000888973.0,39.78253445,30.46796375,26013545.0,3.0,1056.0,0,0,0,0,1,0.0,0.0,0.0,0.0,1056.0,1,KUCUK_TICARETHANE
1000889060.0,39.77681773,30.52400536,26005909.0,5.01,165.0,0,0,0,0,1,0.0,0.0,0.0,0.0,165.0,1,KUCUK_TICARETHANE
1000889454.0,39.78641394,30.47260371,26013551.0,5.01,2213.0,0,0,0,0,2,0.0,0.0,0.0,0.0,2213.0,2,KUCUK_TICARETHANE
1000889530.0,39.78310028,30.49696407,26001148.0,6.614315789473684,344314.29099999997,0,4,0,0,91,0.0,161613.394,0.0,0.0,182700.897,95,ORTA_TICARETHANE
1000889597.0,39.79324008,30.45766909,26007421.0,8.7,3648.222,0,0,0,0,1,0.0,0.0,0.0,0.0,3648.222,1,KUCUK_TICARETHANE
1000889649.0,39.78796194,30.49176498,26005896.0,378.0,312908.0,0,0,0,0,1,0.0,0.0,0.0,0.0,312908.0,1,ORTA_TICARETHANE
1000889672.0,39.78883771,30.56553411,26006164.0,5.01,1997.91,0,0,0,0,1,0.0,0.0,0.0,0.0,1997.91,1,KUCUK_TICARETHANE
1000890062.0,,,,5.01,7105.573,0,0,0,0,1,0.0,0.0,0.0,0.0,7105.573,1,KUCUK_TICARETHANE
1000890276.0,39.77744076,30.48629959,26005907.0,3.0,43060.216,1,0,0,0,1,38032.145,0.0,0.0,0.0,5028.071,1,KUCUK_TICARETHANE
1000890693.0,39.78255521,30.51256526,26010671.0,6.846428571428571,121876.55900000001,0,1,0,0,13,0.0,6499.865,0.0,0.0,115376.694,14,ORTA_TICARETHANE
1000890797.0,39.8101667,30.58417571,26005231.0,5.01,365.424,0,0,0,0,1,0.0,0.0,0.0,0.0,365.424,1,KUCUK_TICARETHANE
1000890876.0,39.7759437,30.52350842,26005700.0,5.01,668.822,0,0,0,0,1,0.0,0.0,0.0,0.0,668.822,1,KUCUK_TICARETHANE
1000891044.0,39.75946843,30.44987834,26010892.0,5.01,33145.057,0,0,0,1,0,0.0,0.0,0.0,33145.057,0.0,0,TARIMSAL_SULAMA
1000891072.0,39.80228079,30.49107431,26010545.0,5.02,54785.596,1,0,0,0,0,54785.596,0.0,0.0,0.0,0.0,0,AYDINLATMA
1000891155.0,39.79128063,30.53012721,26013567.0,3.0,1302.856,0,0,0,0,1,0.0,0.0,0.0,0.0,1302.856,1,KUCUK_TICARETHANE
1000891191.0,39.77642013,30.4631415,26010840.0,5.01,14237.443,0,0,0,0,1,0.0,0.0,0.0,0.0,14237.443,1,ORTA_TICARETHANE
1000891306.0,39.79956108,30.51452392,26010519.0,5.01,272.961,0,0,0,0,1,0.0,0.0,0.0,0.0,272.961,1,KUCUK_TICARETHANE
1000891411.0,39.79324021,30.45766383,26007421.0,8.7,7715.342,0,0,0,0,1,0.0,0.0,0.0,0.0,7715.342,1,KUCUK_TICARETHANE
1000891480.0,39.7642812,30.47534955,26010902.0,5.01,1583.758,0,0,0,0,3,0.0,0.0,0.0,0.0,1583.758,3,KUCUK_TICARETHANE
1000891585.0,39.7825739,30.47656196,26001518.0,11.4,3643.0,0,0,0,0,1,0.0,0.0,0.0,0.0,3643.0,1,KUCUK_TICARETHANE
1000891657.0,39.79148131,30.48392051,26010072.0,5.635000000000001,8044.032999999999,0,4,0,0,2,0.0,5229.6,0.0,0.0,2814.433,6,KUCUK_TICARETHANE
1000891681.0,39.7895356,30.48740661,26005897.0,28.785,132256.961,0,0,0,0,2,0.0,0.0,0.0,0.0,132256.961,2,ORTA_TICARETHANE
1000891807.0,39.78770427,30.46797381,26010451.0,3.0,91.0,0,0,0,0,1,0.0,0.0,0.0,0.0,91.0,1,KUCUK_TICARETHANE
1000892260.0,39.8040336,30.59326454,26009785.0,5.01,3941.048,0,0,0,1,0,0.0,0.0,0.0,3941.048,0.0,0,TARIMSAL_SULAMA
1000892302.0,39.778639,30.45913508,26010136.0,5.01,1584.631,0,0,0,0,1,0.0,0.0,0.0,0.0,1584.631,1,KUCUK_TICARETHANE
1000892385.0,39.79146574,30.54745754,26005690.0,6.305,13710.992,0,1,0,0,1,0.0,1932.0,0.0,0.0,11778.992,2,ORTA_TICARETHANE
1000892435.0,39.77667227,30.4654492,26010843.0,4.005,2524.176,0,1,0,0,1,0.0,1102.0,0.0,0.0,1422.176,2,KUCUK_TICARETHANE
1000892516.0,39.79656027,30.44141388,26006226.0,3.0,23366.447,1,0,0,0,0,23366.447,0.0,0.0,0.0,0.0,0,AYDINLATMA
1000893012.0,39.79378291,30.44957263,26005952.0,8.475000000000001,7746.591,0,1,0,0,1,0.0,3631.232,0.0,0.0,4115.359,2,KUCUK_TICARETHANE
1000893302.0,39.78363895,30.50493974,26010547.0,27.6,131566.46,0,0,0,0,1,0.0,0.0,0.0,0.0,131566.46,1,ORTA_TICARETHANE
1000893739.0,39.77515181,30.52358717,26006345.0,5.01,10173.508,0,0,0,0,1,0.0,0.0,0.0,0.0,10173.508,1,ORTA_TICARETHANE
1000893784.0,39.79920476,30.49414692,26010543.0,5.01,6531.03,0,1,0,0,1,0.0,1531.0,0.0,0.0,5000.03,2,KUCUK_TICARETHANE
1000893851.0,39.7793796,30.50055105,26000521.0,96.0,32369.75,0,0,0,0,1,0.0,0.0,0.0,0.0,32369.75,1,ORTA_TICARETHANE
1000893942.0,39.78821343,30.46206525,26010198.0,75.0,123687.81,0,0,1,0,0,0.0,0.0,123687.81,0.0,0.0,1,ORTA_SANAYI
1000893959.0,39.78770978,30.53510739,26005686.0,5.01,698.804,0,0,0,0,1,0.0,0.0,0.0,0.0,698.804,1,KUCUK_TICARETHANE
1000893982.0,39.78712916,30.48453385,26006181.0,5.01,5529.261,0,0,0,0,1,0.0,0.0,0.0,0.0,5529.261,1,KUCUK_TICARETHANE
1000894024.0,39.79819271,30.48445481,26006125.0,5.01,2246.013,0,0,0,0,1,0.0,0.0,0.0,0.0,2246.013,1,KUCUK_TICARETHANE
1000894041.0,39.79148804,30.45175533,26005957.0,3.0,11705.0,0,0,0,0,1,0.0,0.0,0.0,0.0,11705.0,1,ORTA_TICARETHANE
1000894113.0,39.78415622,30.50384946,26010547.0,5.01,12078.043,0,0,0,0,1,0.0,0.0,0.0,0.0,12078.043,1,ORTA_TICARETHANE
1000894227.0,39.79604133,30.53788658,26005693.0,3.0,5998.302,0,1,0,0,1,0.0,712.0,0.0,0.0,5286.302,2,KUCUK_TICARETHANE
1000894358.0,39.7941411,30.51434778,26010569.0,28.71,169375.485,2,0,0,0,2,139003.78,0.0,0.0,0.0,30371.705,2,ORTA_TICARETHANE
1000894453.0,39.78320615,30.47296681,26010805.0,12.0,6129.933,0,0,0,0,1,0.0,0.0,0.0,0.0,6129.933,1,KUCUK_TICARETHANE
1000894516.0,39.78422359,30.46805859,26013545.0,3.0,828.0,0,0,0,0,1,0.0,0.0,0.0,0.0,828.0,1,KUCUK_TICARETHANE
1000894853.0,39.79663142,30.56011537,26009784.0,5.01,1870.482,0,0,0,1,0,0.0,0.0,0.0,1870.482,0.0,0,TARIMSAL_SULAMA
1000895006.0,39.79053258,30.48423807,26010072.0,4.25625,56915.388999999996,0,1,0,0,7,0.0,1792.506,0.0,0.0,55122.883,8,ORTA_TICARETHANE
1000895053.0,39.81203748,30.538841,26006447.0,91.85,18492.44,0,0,0,0,1,0.0,0.0,0.0,0.0,18492.44,1,ORTA_TICARETHANE
1000895231.0,39.78070013,30.51410883,26005145.0,5.01,28075.255,0,0,0,0,1,0.0,0.0,0.0,0.0,28075.255,1,ORTA_TICARETHANE
1000895260.0,39.76955621,30.48304353,26010564.0,3.0,14881.7,1,0,0,0,0,14881.7,0.0,0.0,0.0,0.0,0,AYDINLATMA
1000895478.0,39.79764612,30.48089751,26006125.0,5.01,3806.1,1,0,0,0,0,3806.1,0.0,0.0,0.0,0.0,0,AYDINLATMA
1000895537.0,39.76107092,30.45410019,26010894.0,3.0,147.0,0,0,0,0,1,0.0,0.0,0.0,0.0,147.0,1,KUCUK_TICARETHANE
1000895762.0,39.84414724,30.56556861,26010303.0,3.0,11870.108,1,0,0,0,0,11870.108,0.0,0.0,0.0,0.0,0,AYDINLATMA
1000896159.0,39.79823507,30.51079751,26010522.0,3.5025,14104.949,0,2,0,0,2,0.0,5881.441,0.0,0.0,8223.508,4,KUCUK_TICARETHANE
1000896218.0,39.79548809,30.46841114,26006123.0,5.01,616.882,0,0,0,0,1,0.0,0.0,0.0,0.0,616.882,1,KUCUK_TICARETHANE
1000896602.0,39.76267487,30.45284746,26010894.0,3.0,653.614,0,0,0,1,0,0.0,0.0,0.0,653.614,0.0,0,TARIMSAL_SULAMA
1000897008.0,39.78080575,30.4686896,26013543.0,5.01,5408.96,0,0,0,0,1,0.0,0.0,0.0,0.0,5408.96,1,KUCUK_TICARETHANE
1000897136.0,39.81261336,30.44541361,26010370.0,10.13,6345.14,0,0,0,0,1,0.0,0.0,0.0,0.0,6345.14,1,KUCUK_TICARETHANE
1000897207.0,39.77883042,30.51549243,26005145.0,4.5633333333333335,23041.08,0,4,0,0,5,0.0,5008.257,0.0,0.0,18032.823,9,ORTA_TICARETHANE
1000897257.0,39.78888647,30.48103758,26006157.0,5.01,42126.406,0,0,0,0,1,0.0,0.0,0.0,0.0,42126.406,1,ORTA_TICARETHANE
1000897699.0,39.78929836,30.48683224,26005975.0,4.25,2731.822,0,1,0,0,1,0.0,2627.05,0.0,0.0,104.772,2,KUCUK_TICARETHANE
1000897720.0,39.78174923,30.47034248,26010805.0,116.18,21626.24,0,0,0,0,1,0.0,0.0,0.0,0.0,21626.24,1,ORTA_TICARETHANE
1000897737.0,39.78042768,30.45122659,26010835.0,5.01,8949.372,0,1,0,0,1,0.0,1291.549,0.0,0.0,7657.823,2,KUCUK_TICARETHANE
1000897823.0,39.80436343,30.49140754,26012160.0,5.01,93.81,0,0,0,0,1,0.0,0.0,0.0,0.0,93.81,1,KUCUK_TICARETHANE
1000898111.0,39.78089875,30.51904116,26006230.0,5.01,2463.79,0,1,0,0,1,0.0,2031.692,0.0,0.0,432.098,2,KUCUK_TICARETHANE
1000898199.0,39.77589776,30.45449626,26010839.0,3.0,907.963,0,0,0,0,1,0.0,0.0,0.0,0.0,907.963,1,KUCUK_TICARETHANE
1000899068.0,39.81336991,30.44537867,26010370.0,10.13,3324.446,0,0,0,0,1,0.0,0.0,0.0,0.0,3324.446,1,KUCUK_TICARETHANE
1000899462.0,39.78822433,30.5075897,26010668.0,51.51,95910.92,0,0,0,0,1,0.0,0.0,0.0,0.0,95910.92,1,ORTA_TICARETHANE
1000899661.0,39.78625456,30.4745345,26013549.0,5.01,3937.694,0,0,0,0,1,0.0,0.0,0.0,0.0,3937.694,1,KUCUK_TICARETHANE
1000899701.0,39.78595541,30.54648738,26006860.0,30.0,3489.28,0,0,0,0,1,0.0,0.0,0.0,0.0,3489.28,1,ORTA_TICARETHANE
1000899865.0,39.7794572,30.5133148,26005195.0,8.6025,118178.841,0,2,0,0,6,0.0,4794.259,0.0,0.0,113384.582,8,ORTA_TICARETHANE
1000899916.0,39.802292,30.50947333,26010520.0,5.991818181818181,32923.724,0,7,0,0,4,0.0,9318.633,0.0,0.0,23605.091,11,ORTA_TICARETHANE
1000899922.0,39.78486934,30.47212674,26013548.0,5.01,6885.399,0,0,0,0,1,0.0,0.0,0.0,0.0,6885.399,1,KUCUK_TICARETHANE
1000899994.0,39.78643109,30.47067328,26013547.0,5.01,1153.4,0,0,0,0,1,0.0,0.0,0.0,0.0,1153.4,1,KUCUK_TICARETHANE
1000900037.0,39.78191542,30.4730039,26010805.0,14.82,2866.066,0,0,0,0,1,0.0,0.0,0.0,0.0,2866.066,1,KUCUK_TICARETHANE
1000900064.0,39.7761923,30.52065538,26005910.0,5.01,10064.074,0,0,0,0,1,0.0,0.0,0.0,0.0,10064.074,1,ORTA_TICARETHANE
1000900066.0,39.7882726,30.44097289,26010823.0,5.01,10121.036,0,0,0,0,1,0.0,0.0,0.0,0.0,10121.036,1,ORTA_TICARETHANE
1000900153.0,39.77850351,30.51537666,26005195.0,6.058888888888889,71951.909,0,6,0,0,3,0.0,4337.782999999999,0.0,0.0,67614.126,9,ORTA_TICARETHANE
1000900936.0,39.78124298,30.4736973,26010805.0,3.0,11591.0,0,0,0,0,2,0.0,0.0,0.0,0.0,11591.0,2,ORTA_TICARETHANE
1000901107.0,39.78380617,30.51209883,26010684.0,5.1555,28609.985,0,1,0,0,19,0.0,1302.83,0.0,0.0,27307.155,20,ORTA_TICARETHANE
1000901509.0,39.78498213,30.46822618,26013544.0,3.0,1440.0,0,0,0,0,1,0.0,0.0,0.0,0.0,1440.0,1,KUCUK_TICARETHANE
1000901521.0,39.78610909,30.47707343,26006468.0,5.01,74.211,0,0,0,0,1,0.0,0.0,0.0,0.0,74.211,1,KUCUK_TICARETHANE
1000902111.0,39.78172118,30.51781589,26010314.0,8.638333333333334,104421.927,0,0,0,0,6,0.0,0.0,0.0,0.0,104421.927,6,ORTA_TICARETHANE
1000902212.0,39.77953722,30.51867819,26005146.0,5.191666666666666,5542.205,0,4,0,0,2,0.0,3095.307,0.0,0.0,2446.898,6,KUCUK_TICARETHANE
1000902357.0,39.77713394,30.45587101,26010848.0,4.005,4350.009,0,1,0,0,1,0.0,1813.453,0.0,0.0,2536.556,2,KUCUK_TICARETHANE
1000902435.0,39.77542489,30.46795205,26010843.0,5.01,5629.293,0,0,0,0,1,0.0,0.0,0.0,0.0,5629.293,1,KUCUK_TICARETHANE
1000902611.0,39.78331017,30.47565003,26013550.0,3.0,3314.0,0,0,0,0,1,0.0,0.0,0.0,0.0,3314.0,1,KUCUK_TICARETHANE
1000902731.0,39.79177387,30.48869157,26005901.0,5.01,5711.937,0,0,0,0,1,0.0,0.0,0.0,0.0,5711.937,1,KUCUK_TICARETHANE
1000902741.0,39.78846592,30.48385751,26005892.0,5.01,4005.737,0,2,0,0,2,0.0,2767.7690000000002,0.0,0.0,1237.9679999999998,4,KUCUK_TICARETHANE
1000903450.0,39.78321322,30.51784099,26010314.0,5.644285714285714,23858.877,0,4,0,0,3,0.0,5990.834,0.0,0.0,17868.043,7,ORTA_TICARETHANE
1000903464.0,39.78600239,30.51063608,26010683.0,4.42,1459.019,0,1,0,0,1,0.0,1178.797,0.0,0.0,280.222,2,KUCUK_TICARETHANE
1000903671.0,39.77237667,30.46998541,26010900.0,5.01,2807.77,0,0,0,0,2,0.0,0.0,0.0,0.0,2807.77,2,KUCUK_TICARETHANE
1000903810.0,39.79267731,30.48363983,26005900.0,5.569,14126.13,0,6,0,0,4,0.0,8514.94,0.0,0.0,5611.19,10,KUCUK_TICARETHANE
1000903864.0,39.78919688,30.51205903,26005134.0,4.7,31494.436999999998,0,3,0,0,2,0.0,2933.374,0.0,0.0,28561.063000000002,5,ORTA_TICARETHANE
1000903958.0,,,,5.16,10951.277,0,0,0,0,1,0.0,0.0,0.0,0.0,10951.277,1,ORTA_TICARETHANE
1000904294.0,39.83706446,30.58004811,26000020.0,15.0,15282.778,0,0,0,0,1,0.0,0.0,0.0,0.0,15282.778,1,ORTA_TICARETHANE
1000904608.0,39.80844697,30.54827302,26002734.0,3.0,2173.502,0,0,0,0,1,0.0,0.0,0.0,0.0,2173.502,1,KUCUK_TICARETHANE
1000904978.0,39.78245083,30.46801569,26013545.0,5.01,765.0,0,0,0,0,1,0.0,0.0,0.0,0.0,765.0,1,KUCUK_TICARETHANE
1000905043.0,39.79093211,30.48373912,26010072.0,5.01,10093.931,0,1,0,0,1,0.0,3711.083,0.0,0.0,6382.848,2,KUCUK_TICARETHANE
1000905407.0,39.78513553,30.47050668,26013547.0,3.0,1414.0,0,0,0,0,1,0.0,0.0,0.0,0.0,1414.0,1,KUCUK_TICARETHANE
1000905479.0,39.77785934,30.50900723,26005186.0,5.24,15811.884,0,0,0,0,2,0.0,0.0,0.0,0.0,15811.884,2,ORTA_TICARETHANE
1000905492.0,39.84793226,30.48222713,26005650.0,5.01,2635.0,0,0,0,1,0,0.0,0.0,0.0,2635.0,0.0,0,TARIMSAL_SULAMA
1000906006.0,39.7780349,30.52236946,26006453.0,5.3999999999999995,10761.794,0,0,0,0,3,0.0,0.0,0.0,0.0,10761.794,3,ORTA_TICARETHANE
1000906249.0,39.79440165,30.50071404,26010533.0,5.752857142857143,8923.224,0,2,0,0,5,0.0,1910.431,0.0,0.0,7012.793,7,KUCUK_TICARETHANE
1000906287.0,39.79534007,30.46921219,26006123.0,13.4,1575.167,0,0,0,0,1,0.0,0.0,0.0,0.0,1575.167,1,KUCUK_TICARETHANE
1000906428.0,39.77729685,30.52101763,26005910.0,3.67,7113.925,0,4,0,0,2,0.0,6111.02,0.0,0.0,1002.905,6,KUCUK_TICARETHANE
1000906586.0,39.78333553,30.46994204,26013546.0,12.4,2979.86,0,0,0,0,1,0.0,0.0,0.0,0.0,2979.86,1,KUCUK_TICARETHANE
1000906908.0,39.7815805,30.51931838,26006230.0,5.01,921.66,0,0,0,0,1,0.0,0.0,0.0,0.0,921.66,1,KUCUK_TICARETHANE
1000907164.0,39.78531621,30.46201237,26005904.0,3.0,4333.919,0,0,0,0,1,0.0,0.0,0.0,0.0,4333.919,1,KUCUK_TICARETHANE
1000907360.0,39.79533473,30.49892965,26010534.0,37.67,17981.31,0,0,0,0,1,0.0,0.0,0.0,0.0,17981.31,1,ORTA_TICARETHANE
1000907496.0,39.78215939,30.51228983,26010671.0,7.911,52207.903999999995,0,0,0,0,10,0.0,0.0,0.0,0.0,52207.903999999995,10,ORTA_TICARETHANE
1000907716.0,39.79620329,30.49695921,26010534.0,5.01,34256.694,1,0,0,0,0,34256.694,0.0,0.0,0.0,0.0,0,AYDINLATMA
1000907762.0,39.78027604,30.50229503,26000798.0,10.2,26724.58,0,0,0,0,1,0.0,0.0,0.0,0.0,26724.58,1,ORTA_TICARETHANE
1000908140.0,39.79341251,30.5552503,26006232.0,5.01,12898.429,0,0,0,0,1,0.0,0.0,0.0,0.0,12898.429,1,ORTA_TICARETHANE
1000908208.0,39.77565028,30.55267602,26007722.0,5.02,537.136,0,0,0,0,1,0.0,0.0,0.0,0.0,537.136,1,KUCUK_TICARETHANE
1000908230.0,39.785013,30.4725447,26013548.0,4.005,11678.0,0,0,0,0,2,0.0,0.0,0.0,0.0,11678.0,2,ORTA_TICARETHANE
1000908350.0,39.78598661,30.54330485,26006467.0,3.0,109413.56,1,0,0,0,0,109413.56,0.0,0.0,0.0,0.0,0,AYDINLATMA
1000908537.0,39.79075895,30.54846446,26005690.0,5.01,9248.341,0,0,0,0,1,0.0,0.0,0.0,0.0,9248.341,1,KUCUK_TICARETHANE
1000908556.0,39.87025206,30.79694189,26008750.0,240.0,571878.84,0,0,1,0,0,0.0,0.0,571878.84,0.0,0.0,1,BUYUK_SANAYI
1000908887.0,39.77886954,30.48041353,26005698.0,3.0,11.754,0,0,0,0,1,0.0,0.0,0.0,0.0,11.754,1,KUCUK_TICARETHANE
1000909011.0,39.77601718,30.52513981,26010373.0,5.01,14702.731,0,0,0,0,1,0.0,0.0,0.0,0.0,14702.731,1,ORTA_TICARETHANE
1000909154.0,39.78409508,30.46742454,26013545.0,5.01,335.0,0,0,0,0,1,0.0,0.0,0.0,0.0,335.0,1,KUCUK_TICARETHANE
1000909155.0,39.78596977,30.51509195,26010675.0,5.479,9150.126,0,2,0,0,8,0.0,1133.118,0.0,0.0,8017.008,10,KUCUK_TICARETHANE
1000909402.0,39.84249352,30.4997736,26006450.0,4.005,12870.618,0,0,0,0,2,0.0,0.0,0.0,0.0,12870.618,2,ORTA_TICARETHANE
1000909512.0,39.79957075,30.48669376,26006287.0,5.01,4389.75,0,0,0,0,1,0.0,0.0,0.0,0.0,4389.75,1,KUCUK_TICARETHANE
1000909772.0,39.78505176,30.47145089,26013547.0,5.01,9096.745,0,0,0,0,1,0.0,0.0,0.0,0.0,9096.745,1,KUCUK_TICARETHANE
1000909941.0,39.77275924,30.46261808,26010908.0,3.0,38.0,0,0,0,1,0,0.0,0.0,0.0,38.0,0.0,0,TARIMSAL_SULAMA
1000910102.0,39.78426785,30.46771914,26013545.0,3.64,4704.0,0,0,0,0,1,0.0,0.0,0.0,0.0,4704.0,1,KUCUK_TICARETHANE
1000910543.0,39.78077674,30.51888317,26005726.0,5.01,2136.546,0,0,0,0,1,0.0,0.0,0.0,0.0,2136.546,1,KUCUK_TICARETHANE
1000910808.0,39.78475695,30.47498975,26013550.0,8.54,2745.277,0,0,0,0,1,0.0,0.0,0.0,0.0,2745.277,1,KUCUK_TICARETHANE
1000910999.0,39.78618055,30.47139749,26013551.0,5.01,1177.0,0,0,0,0,2,0.0,0.0,0.0,0.0,1177.0,2,KUCUK_TICARETHANE
1000911159.0,39.77537091,30.55286203,26007722.0,5.01,2415.0,0,0,0,0,1,0.0,0.0,0.0,0.0,2415.0,1,KUCUK_TICARETHANE
1000911289.0,39.78650917,30.52669302,26013564.0,3.0,10204.265,0,0,0,0,2,0.0,0.0,0.0,0.0,10204.265,2,ORTA_TICARETHANE
1000911643.0,39.78908952,30.49182131,26005975.0,5.01,3116.259,0,0,0,0,1,0.0,0.0,0.0,0.0,3116.259,1,KUCUK_TICARETHANE
1000911680.0,39.78265977,30.47744293,26001518.0,5.01,38.685,0,0,0,0,1,0.0,0.0,0.0,0.0,38.685,1,KUCUK_TICARETHANE
1000912282.0,39.78508286,30.46857565,26013544.0,5.01,3298.0,0,0,0,0,1,0.0,0.0,0.0,0.0,3298.0,1,KUCUK_TICARETHANE
1000912499.0,39.79419386,30.51845536,26010288.0,5.496666666666666,10191.228,0,1,0,0,2,0.0,1775.805,0.0,0.0,8415.423,3,KUCUK_TICARETHANE
1000912567.0,39.78300195,30.50550557,26010547.0,5.01,5150.938,0,0,0,0,1,0.0,0.0,0.0,0.0,5150.938,1,KUCUK_TICARETHANE
1000912684.0,39.78113985,30.51875586,26005726.0,5.01,3267.255,0,0,0,0,1,0.0,0.0,0.0,0.0,3267.255,1,KUCUK_TICARETHANE
1000912850.0,39.78481546,30.46907227,26013546.0,5.01,100.304,0,0,0,0,1,0.0,0.0,0.0,0.0,100.304,1,KUCUK_TICARETHANE
1000913033.0,39.77910069,30.4481049,26010835.0,19.705,18029.106,0,0,0,0,2,0.0,0.0,0.0,0.0,18029.106,2,ORTA_TICARETHANE
1000913060.0,39.77786297,30.51833828,26005146.0,3.0,869.843,0,0,0,0,1,0.0,0.0,0.0,0.0,869.843,1,KUCUK_TICARETHANE
1000913101.0,39.78337299,30.4777616,26001518.0,7.73,1789.0,0,0,0,0,1,0.0,0.0,0.0,0.0,1789.0,1,KUCUK_TICARETHANE
1000913396.0,39.77767774,30.5186297,26005146.0,5.897777777777778,11527.517,0,0,0,0,9,0.0,0.0,0.0,0.0,11527.517,9,ORTA_TICARETHANE
1000913436.0,39.77834946,30.52300623,26006453.0,3.0,15108.434,1,0,0,0,0,15108.434,0.0,0.0,0.0,0.0,0,AYDINLATMA
1000913529.0,39.89134348,30.56871955,26007911.0,120.0,817150.5700000001,0,0,0,0,2,0.0,0.0,0.0,0.0,817150.5700000001,2,ORTA_TICARETHANE
1000913601.0,39.78552539,30.46926898,26013546.0,5.01,4056.0,0,0,0,0,1,0.0,0.0,0.0,0.0,4056.0,1,KUCUK_TICARETHANE
1000913622.0,39.77269021,30.46944395,26010900.0,3.0,21999.541,1,0,0,0,0,21999.541,0.0,0.0,0.0,0.0,0,AYDINLATMA
1000913752.0,39.77669309,30.52089201,26005910.0,68.64,183872.32,0,0,0,0,1,0.0,0.0,0.0,0.0,183872.32,1,ORTA_TICARETHANE
1000913945.0,39.77833337,30.50899655,26005186.0,106.15,38525.76,0,0,0,0,1,0.0,0.0,0.0,0.0,38525.76,1,ORTA_TICARETHANE
1000914087.0,39.7908841,30.46577057,26010449.0,5.365,962.3720000000001,0,0,0,0,2,0.0,0.0,0.0,0.0,962.3720000000001,2,KUCUK_TICARETHANE
1000914125.0,39.78398958,30.46082616,26005904.0,3.0,6801.0,0,0,0,0,1,0.0,0.0,0.0,0.0,6801.0,1,KUCUK_TICARETHANE
1000914223.0,39.7980224,30.50229489,26010532.0,5.01,2209.884,0,0,0,0,3,0.0,0.0,0.0,0.0,2209.884,3,KUCUK_TICARETHANE
1000914570.0,39.77840541,30.51925957,26005146.0,6.585,3928.09,0,1,0,0,1,0.0,1355.613,0.0,0.0,2572.477,2,KUCUK_TICARETHANE
1000914720.0,39.80280446,30.51133959,26010520.0,5.580000000000001,8500.369,0,2,0,0,1,0.0,2177.314,0.0,0.0,6323.055,3,KUCUK_TICARETHANE
1000914759.0,39.78111231,30.4548032,26005121.0,5.01,8489.706,0,0,0,0,1,0.0,0.0,0.0,0.0,8489.706,1,KUCUK_TICARETHANE
1000914784.0,39.77976327,30.46523186,26010101.0,5.01,10761.948,0,0,0,0,1,0.0,0.0,0.0,0.0,10761.948,1,ORTA_TICARETHANE
1000914868.0,39.80158646,30.54054153,26014272.0,3.0,3063.377,0,0,0,1,0,0.0,0.0,0.0,3063.377,0.0,0,TARIMSAL_SULAMA
1000914956.0,39.81351999,30.44558999,26010370.0,10.13,5915.256,0,0,0,0,1,0.0,0.0,0.0,0.0,5915.256,1,KUCUK_TICARETHANE
1000915163.0,39.78371395,30.47262539,26013548.0,5.01,6562.858,0,0,0,0,1,0.0,0.0,0.0,0.0,6562.858,1,KUCUK_TICARETHANE
1000915531.0,39.7780392,30.5191028,26005146.0,5.733333333333333,31438.118,0,0,0,0,3,0.0,0.0,0.0,0.0,31438.118,3,ORTA_TICARETHANE
1000915557.0,39.81331362,30.44662914,26010370.0,6.24,11862.446,0,0,0,0,1,0.0,0.0,0.0,0.0,11862.446,1,ORTA_TICARETHANE
1000915640.0,39.78178593,30.54468327,26006186.0,71.65,45352.12,0,0,0,0,1,0.0,0.0,0.0,0.0,45352.12,1,ORTA_TICARETHANE
1000915958.0,39.78251149,30.46312069,26005904.0,5.01,5549.278,0,0,0,0,1,0.0,0.0,0.0,0.0,5549.278,1,KUCUK_TICARETHANE
1000916446.0,39.78808683,30.52736445,26013565.0,5.01,16472.614,0,2,0,0,1,0.0,2387.402,0.0,0.0,14085.212,3,ORTA_TICARETHANE
1000916692.0,39.78878686,30.47070649,26010451.0,5.332,8897.25,0,3,0,0,2,0.0,3569.83,0.0,0.0,5327.42,5,KUCUK_TICARETHANE
1000917071.0,39.77032356,30.47179652,26010914.0,3.0,1052.0,0,0,0,0,1,0.0,0.0,0.0,0.0,1052.0,1,KUCUK_TICARETHANE
1000917155.0,39.78973225,30.5053226,26010666.0,72.72,61138.26,1,0,0,0,0,61138.26,0.0,0.0,0.0,0.0,0,AYDINLATMA
1000917351.0,39.7922279,30.46925664,26005930.0,19.2,98715.165,0,0,0,0,1,0.0,0.0,0.0,0.0,98715.165,1,ORTA_TICARETHANE
1000917769.0,39.78459323,30.47321825,26013548.0,3.0,998.0,0,0,0,0,2,0.0,0.0,0.0,0.0,998.0,2,KUCUK_TICARETHANE
1000917804.0,39.77539747,30.52350211,26006345.0,4.005,914.8929999999999,0,0,0,0,2,0.0,0.0,0.0,0.0,914.8929999999999,2,KUCUK_TICARETHANE
1000918369.0,39.793511,30.53751455,26005435.0,6.6,1912.487,0,0,0,0,1,0.0,0.0,0.0,0.0,1912.487,1,KUCUK_TICARETHANE
1000918652.0,39.78347841,30.46847977,26013545.0,5.01,3077.89,0,0,0,0,1,0.0,0.0,0.0,0.0,3077.89,1,KUCUK_TICARETHANE
1000918657.0,39.77916889,30.51723509,26005146.0,4.005,12164.737000000001,0,5,0,0,3,0.0,4103.009,0.0,0.0,8061.728,8,KUCUK_TICARETHANE
1000918745.0,39.7993014,30.48499981,26005687.0,5.01,6168.345,0,0,0,0,1,0.0,0.0,0.0,0.0,6168.345,1,KUCUK_TICARETHANE
1000918940.0,39.77719161,30.45848148,26010136.0,4.005,2273.467,0,1,0,0,1,0.0,2080.0,0.0,0.0,193.467,2,KUCUK_TICARETHANE
1000918942.0,39.78880818,30.50638483,26010666.0,77.65333333333332,467123.63,0,0,0,0,3,0.0,0.0,0.0,0.0,467123.63,3,ORTA_TICARETHANE
1000919014.0,39.78560812,30.47429755,26013549.0,3.0,220.0,0,0,0,0,2,0.0,0.0,0.0,0.0,220.0,2,KUCUK_TICARETHANE
1000919031.0,39.78290549,30.49563852,26001148.0,85.95,16614.6,0,0,0,0,1,0.0,0.0,0.0,0.0,16614.6,1,ORTA_TICARETHANE
1000919658.0,39.78172974,30.51781289,26010314.0,5.01,177.992,0,0,0,0,1,0.0,0.0,0.0,0.0,177.992,1,KUCUK_TICARETHANE
1000919782.0,39.78578275,30.47298476,26013548.0,7.96,1583.0,0,0,0,0,1,0.0,0.0,0.0,0.0,1583.0,1,KUCUK_TICARETHANE
1000919831.0,39.7772093,30.51957915,26005890.0,8.24,13480.838,0,0,0,0,3,0.0,0.0,0.0,0.0,13480.838,3,ORTA_TICARETHANE
1000919849.0,39.79196506,30.48103734,26006047.0,3.0,9097.591,0,0,0,0,1,0.0,0.0,0.0,0.0,9097.591,1,KUCUK_TICARETHANE
1000920038.0,39.79952112,30.5047709,26010528.0,3.0,268.464,0,0,0,0,1,0.0,0.0,0.0,0.0,268.464,1,KUCUK_TICARETHANE
1000920064.0,39.79478307,30.5327709,26013570.0,5.8237499999999995,14235.692000000001,0,3,0,0,5,0.0,5877.228,0.0,0.0,8358.464,8,KUCUK_TICARETHANE
1000920256.0,39.79445175,30.47087756,26006044.0,4.005,17437.608,0,0,0,0,2,0.0,0.0,0.0,0.0,17437.608,2,ORTA_TICARETHANE
1000920290.0,39.80029128,30.46188446,26013558.0,5.01,393.194,0,0,0,0,1,0.0,0.0,0.0,0.0,393.194,1,KUCUK_TICARETHANE
1000920320.0,39.78612156,30.47242565,26013548.0,5.01,11188.065,0,0,0,0,1,0.0,0.0,0.0,0.0,11188.065,1,ORTA_TICARETHANE
1000920433.0,39.78355147,30.47549726,26013550.0,18.0,9209.069,0,0,0,0,1,0.0,0.0,0.0,0.0,9209.069,1,ORTA_TICARETHANE
1000920488.0,39.79098952,30.48437719,26010072.0,5.01,8599.271,0,0,0,0,4,0.0,0.0,0.0,0.0,8599.271,4,KUCUK_TICARETHANE
1000920495.0,39.77959764,30.4516908,26010837.0,5.01,61.311,0,0,0,0,1,0.0,0.0,0.0,0.0,61.311,1,KUCUK_TICARETHANE
1000920591.0,39.77921966,30.51782192,26005146.0,3.0,58083.293,1,0,0,0,0,58083.293,0.0,0.0,0.0,0.0,0,AYDINLATMA
1000920597.0,39.7792327,30.51773246,26005146.0,7.12,4705.266,0,0,0,0,1,0.0,0.0,0.0,0.0,4705.266,1,KUCUK_TICARETHANE
1000920599.0,39.78977915,30.54202261,26005435.0,5.01,10808.981,0,0,0,0,1,0.0,0.0,0.0,0.0,10808.981,1,ORTA_TICARETHANE
1000920690.0,39.7930425,30.51820382,26010288.0,5.534000000000001,5316.21,0,3,0,0,2,0.0,3093.722,0.0,0.0,2222.4880000000003,5,KUCUK_TICARETHANE
1000920847.0,39.78746648,30.51137769,26010676.0,8.753333333333332,63820.488,0,2,0,0,1,0.0,3764.986,0.0,0.0,60055.502,3,ORTA_TICARETHANE
1000921179.0,39.80719593,30.49691589,26010538.0,3.0,558.0,0,0,0,0,1,0.0,0.0,0.0,0.0,558.0,1,KUCUK_TICARETHANE
1000921339.0,39.79768782,30.4968852,26010535.0,12.5,43476.456,0,0,1,0,0,0.0,0.0,43476.456,0.0,0.0,1,ORTA_SANAYI
1000921408.0,39.79295715,30.47430711,26006045.0,3.67,4227.401,0,2,0,0,1,0.0,2836.504,0.0,0.0,1390.897,3,KUCUK_TICARETHANE
1000921933.0,39.78148921,30.47244406,26010805.0,5.01,16861.67,0,0,0,0,2,0.0,0.0,0.0,0.0,16861.67,2,ORTA_TICARETHANE
1000922372.0,39.78182975,30.47482473,26013550.0,3.0,280.0,0,0,0,0,1,0.0,0.0,0.0,0.0,280.0,1,KUCUK_TICARETHANE
1000922617.0,39.78657842,30.50819973,26010552.0,15.11,101900.905,0,0,0,0,2,0.0,0.0,0.0,0.0,101900.905,2,ORTA_TICARETHANE
1000923116.0,39.78556411,30.470593,26013547.0,5.01,763.491,0,0,0,0,1,0.0,0.0,0.0,0.0,763.491,1,KUCUK_TICARETHANE
1000923423.0,39.7608041,30.46103064,26010890.0,5.01,3268.364,0,0,0,0,1,0.0,0.0,0.0,0.0,3268.364,1,KUCUK_TICARETHANE
1000923605.0,39.7892897,30.54390594,26005222.0,4.005,3554.409,0,1,0,0,1,0.0,2424.409,0.0,0.0,1130.0,2,KUCUK_TICARETHANE
1000923651.0,39.84746071,30.49984507,26006793.0,48.0,131043.05,0,0,0,0,1,0.0,0.0,0.0,0.0,131043.05,1,ORTA_TICARETHANE
1000924238.0,39.81967928,30.48735642,26005126.0,5.01,731.125,0,0,0,1,0,0.0,0.0,0.0,731.125,0.0,0,TARIMSAL_SULAMA
1000924269.0,39.83567305,30.49808073,26010613.0,5.01,388.877,0,0,0,0,1,0.0,0.0,0.0,0.0,388.877,1,KUCUK_TICARETHANE
1000924291.0,39.8132529,30.44604015,26010370.0,8.68,3443.687,0,0,0,0,1,0.0,0.0,0.0,0.0,3443.687,1,KUCUK_TICARETHANE
1000924307.0,39.8017296,30.49697206,26010539.0,48.0,13755.42,0,0,0,0,1,0.0,0.0,0.0,0.0,13755.42,1,ORTA_TICARETHANE
1000924487.0,39.77549679,30.5210413,26005723.0,5.01,2627.195,0,0,0,0,1,0.0,0.0,0.0,0.0,2627.195,1,KUCUK_TICARETHANE
1000924609.0,39.79012843,30.50906825,26010667.0,5.01,7965.316,0,0,0,0,1,0.0,0.0,0.0,0.0,7965.316,1,KUCUK_TICARETHANE
1000924692.0,39.77557337,30.4540554,26010836.0,5.276666666666666,3374.807,0,1,0,0,2,0.0,1498.122,0.0,0.0,1876.685,3,KUCUK_TICARETHANE
1000924820.0,39.7762509,30.52065953,26005910.0,3.0,1505.72,0,0,0,0,1,0.0,0.0,0.0,0.0,1505.72,1,KUCUK_TICARETHANE
1000924970.0,39.8021176,30.53583726,26006844.0,150.0,431534.88,0,0,0,0,1,0.0,0.0,0.0,0.0,431534.88,1,ORTA_TICARETHANE
1000925035.0,39.78455712,30.47374055,26013548.0,3.0,238.0,0,0,0,0,1,0.0,0.0,0.0,0.0,238.0,1,KUCUK_TICARETHANE
1000925341.0,39.78127001,30.51118316,26010671.0,5.01,22608.834,0,0,0,0,1,0.0,0.0,0.0,0.0,22608.834,1,ORTA_TICARETHANE
1000925769.0,39.79022325,30.53583021,26005872.0,5.01,17356.243,0,0,0,0,1,0.0,0.0,0.0,0.0,17356.243,1,ORTA_TICARETHANE
1000925999.0,39.88240228,30.50191548,26007953.0,240.0,286013.28,0,0,1,0,0,0.0,0.0,286013.28,0.0,0.0,1,ORTA_SANAYI
1000926020.0,39.79901138,30.50496798,26010528.0,3.804,5778.243,0,3,0,0,2,0.0,4511.075,0.0,0.0,1267.1680000000001,5,KUCUK_TICARETHANE
1000926193.0,39.78539273,30.47852342,26008460.0,1000.0,796824.075,0,0,0,0,1,0.0,0.0,0.0,0.0,796824.075,1,BUYUK_TICARETHANE
1000926247.0,39.78077907,30.48584443,26005907.0,5.35,2105.342,0,0,0,0,1,0.0,0.0,0.0,0.0,2105.342,1,KUCUK_TICARETHANE
1000926279.0,39.78228586,30.51850962,26005722.0,5.01,30266.759,0,1,0,0,2,0.0,5827.049,0.0,0.0,24439.71,3,ORTA_TICARETHANE
1000926365.0,39.76771263,30.46965466,26010914.0,4.593333333333333,4409.769,0,2,0,0,1,0.0,2891.7690000000002,0.0,0.0,1518.0,3,KUCUK_TICARETHANE
1000926380.0,39.77613632,30.52307991,26005700.0,3.0,3232.946,0,1,0,0,2,0.0,291.0,0.0,0.0,2941.946,3,KUCUK_TICARETHANE
1000926566.0,39.78463346,30.5177958,26010761.0,10.23,9007.337,0,0,0,0,1,0.0,0.0,0.0,0.0,9007.337,1,KUCUK_TICARETHANE
1000926715.0,39.77900811,30.51411358,26005189.0,5.01,7064.695,0,0,0,0,1,0.0,0.0,0.0,0.0,7064.695,1,KUCUK_TICARETHANE
1000926728.0,39.77360007,30.40890864,26007013.0,60.0,86218.88,0,0,0,0,1,0.0,0.0,0.0,0.0,86218.88,1,ORTA_TICARETHANE
1000927325.0,39.7758465,30.52055601,26005910.0,5.01,4566.064,0,0,0,0,2,0.0,0.0,0.0,0.0,4566.064,2,KUCUK_TICARETHANE
1000927331.0,39.78282206,30.46873477,26013545.0,23.44,2544.0,0,0,0,0,1,0.0,0.0,0.0,0.0,2544.0,1,ORTA_TICARETHANE
1000927377.0,39.78366794,30.46875286,26013546.0,5.01,2407.0,0,0,0,0,1,0.0,0.0,0.0,0.0,2407.0,1,KUCUK_TICARETHANE
1000927542.0,39.78965797,30.51427253,26005134.0,13.544999999999998,26260.687,0,0,0,0,2,0.0,0.0,0.0,0.0,26260.687,2,ORTA_TICARETHANE
1000927567.0,39.78219119,30.51297547,26010672.0,29.91,97406.36,0,0,0,0,1,0.0,0.0,0.0,0.0,97406.36,1,ORTA_TICARETHANE
1000927596.0,39.77868292,30.51685876,26005147.0,5.01,9475.946,0,0,0,0,2,0.0,0.0,0.0,0.0,9475.946,2,KUCUK_TICARETHANE
1000927943.0,39.81252096,30.44551478,26010370.0,10.13,2573.689,0,0,0,0,1,0.0,0.0,0.0,0.0,2573.689,1,KUCUK_TICARETHANE
1000928815.0,39.80951362,30.49743477,26010538.0,3.0,1884.0,0,0,0,1,0,0.0,0.0,0.0,1884.0,0.0,0,TARIMSAL_SULAMA
1000928867.0,39.78894957,30.46046259,26010445.0,5.01,59626.572,0,0,0,0,1,0.0,0.0,0.0,0.0,59626.572,1,ORTA_TICARETHANE
1000928933.0,39.77017199,30.46392316,26010899.0,12.0,6970.419,0,0,0,0,1,0.0,0.0,0.0,0.0,6970.419,1,KUCUK_TICARETHANE
1000929038.0,39.77444848,30.47410268,26005695.0,5.6499999999999995,18814.269,0,0,0,0,3,0.0,0.0,0.0,0.0,18814.269,3,ORTA_TICARETHANE
1000929060.0,39.8034573,30.53669531,26014272.0,17.76,55255.872,0,0,0,0,1,0.0,0.0,0.0,0.0,55255.872,1,ORTA_TICARETHANE
1000929300.0,39.79879853,30.50410779,26010532.0,4.005,20786.006,0,1,0,0,1,0.0,2865.418,0.0,0.0,17920.588,2,ORTA_TICARETHANE
1000929503.0,39.80172066,30.55977681,26005233.0,3.0,1485.201,0,0,0,1,0,0.0,0.0,0.0,1485.201,0.0,0,TARIMSAL_SULAMA
1000929544.0,39.79320521,30.5470137,26005690.0,6.2620000000000005,11930.497,0,2,0,0,3,0.0,3698.191,0.0,0.0,8232.306,5,KUCUK_TICARETHANE
1000929665.0,39.76444014,30.47447717,26010902.0,5.01,15377.254,0,0,0,0,1,0.0,0.0,0.0,0.0,15377.254,1,ORTA_TICARETHANE
1000929682.0,39.78493204,30.5320595,26013563.0,4.5075,13653.544,0,2,0,0,2,0.0,2924.727,0.0,0.0,10728.817,4,ORTA_TICARETHANE
1000929815.0,39.77593944,30.52060715,26005910.0,3.0,2324.0,0,0,0,0,1,0.0,0.0,0.0,0.0,2324.0,1,KUCUK_TICARETHANE
1000929940.0,39.79057943,30.51625047,26010681.0,6.32,44600.467,0,1,0,0,1,0.0,1961.308,0.0,0.0,42639.159,2,ORTA_TICARETHANE
1000930133.0,39.76122653,30.45460331,26010894.0,3.0,446.0,0,0,0,2,0,0.0,0.0,0.0,446.0,0.0,0,TARIMSAL_SULAMA
1000930246.0,39.77517405,30.52330246,26006345.0,4.5075,5549.136,0,0,0,0,4,0.0,0.0,0.0,0.0,5549.136,4,KUCUK_TICARETHANE
1000930288.0,39.80429099,30.50755836,26010529.0,5.01,3246.276,0,0,0,0,1,0.0,0.0,0.0,0.0,3246.276,1,KUCUK_TICARETHANE
1000930445.0,39.80586869,30.48623698,26012160.0,5.01,59.169,0,0,0,0,1,0.0,0.0,0.0,0.0,59.169,1,KUCUK_TICARETHANE
1000930577.0,39.7757497,30.52172132,26005723.0,3.0,9757.041000000001,0,0,0,0,2,0.0,0.0,0.0,0.0,9757.041000000001,2,KUCUK_TICARETHANE
1000930592.0,39.76460817,30.47383214,26010902.0,5.02,15136.825,0,0,0,0,1,0.0,0.0,0.0,0.0,15136.825,1,ORTA_TICARETHANE
1000930611.0,39.79922862,30.49974393,26010535.0,4.005,1521.0,0,1,0,0,1,0.0,1238.0,0.0,0.0,283.0,2,KUCUK_TICARETHANE
1000930970.0,39.77880283,30.52324492,26006453.0,3.67,14800.93,0,5,0,0,4,0.0,6568.529,0.0,0.0,8232.401,9,KUCUK_TICARETHANE
1000931411.0,39.778891,30.5157271,26005145.0,5.01,23730.064,0,1,0,0,6,0.0,97.025,0.0,0.0,23633.039,7,ORTA_TICARETHANE
1000931415.0,,,,108.94333333333334,511233.32000000007,0,0,0,0,3,0.0,0.0,0.0,0.0,511233.32000000007,3,ORTA_TICARETHANE
1000931435.0,39.78450502,30.47264315,26013547.0,13.15,990.0,0,0,0,0,1,0.0,0.0,0.0,0.0,990.0,1,KUCUK_TICARETHANE
1000931586.0,39.77651346,30.52193135,26005723.0,3.67,2259.0,0,0,0,0,3,0.0,0.0,0.0,0.0,2259.0,3,KUCUK_TICARETHANE
1000931843.0,39.76484025,30.46882988,26010916.0,5.01,6.187,0,0,0,0,1,0.0,0.0,0.0,0.0,6.187,1,KUCUK_TICARETHANE
1000932193.0,39.79025465,30.51960728,26010590.0,5.901666666666666,8347.167,0,4,0,0,2,0.0,5394.07,0.0,0.0,2953.0969999999998,6,KUCUK_TICARETHANE
1000932987.0,39.78732671,30.50705211,26010552.0,5.02,22989.912,1,0,0,0,0,22989.912,0.0,0.0,0.0,0.0,0,AYDINLATMA
1000933007.0,39.79552528,30.52620685,26013572.0,5.01,2711.921,0,0,0,0,2,0.0,0.0,0.0,0.0,2711.921,2,KUCUK_TICARETHANE
1000933027.0,39.79684199,30.4997017,26010533.0,4.34,9745.383,0,0,0,0,3,0.0,0.0,0.0,0.0,9745.383,3,KUCUK_TICARETHANE
1000933210.0,39.78940034,30.47032749,26010451.0,4.756,15753.752,0,3,0,0,2,0.0,1176.106,0.0,0.0,14577.646,5,ORTA_TICARETHANE
1000933480.0,39.79974257,30.5095774,26010523.0,5.01,11002.073,0,0,0,0,1,0.0,0.0,0.0,0.0,11002.073,1,ORTA_TICARETHANE
1000933605.0,39.80526549,30.48601327,26012160.0,5.01,595.327,0,0,0,0,1,0.0,0.0,0.0,0.0,595.327,1,KUCUK_TICARETHANE
1000933627.0,39.79687903,30.49358922,26010541.0,4.52,1449.625,0,2,0,0,1,0.0,1013.4490000000001,0.0,0.0,436.176,3,KUCUK_TICARETHANE
1000933901.0,39.78541376,30.51096062,26010683.0,5.01,4950.423000000001,0,0,0,0,2,0.0,0.0,0.0,0.0,4950.423000000001,2,KUCUK_TICARETHANE
1000934004.0,39.79542829,30.47438936,26006044.0,3.0,59356.195,1,0,0,0,0,59356.195,0.0,0.0,0.0,0.0,0,AYDINLATMA
1000934037.0,39.79059436,30.54376352,26005690.0,3.0,808.0,0,0,0,0,2,0.0,0.0,0.0,0.0,808.0,2,KUCUK_TICARETHANE
1000934089.0,39.78444348,30.46724541,26013544.0,5.01,2629.43,0,0,0,0,1,0.0,0.0,0.0,0.0,2629.43,1,KUCUK_TICARETHANE
1000934170.0,39.78820116,30.48673517,26005893.0,5.831666666666667,8800.655,0,4,0,0,2,0.0,4867.081,0.0,0.0,3933.574,6,KUCUK_TICARETHANE
1000934228.0,39.77756456,30.5164384,26005192.0,4.53,7502.09,0,0,0,0,1,0.0,0.0,0.0,0.0,7502.09,1,KUCUK_TICARETHANE
1000934315.0,39.78191337,30.47477125,26013550.0,5.01,3796.753,0,0,0,0,1,0.0,0.0,0.0,0.0,3796.753,1,KUCUK_TICARETHANE
1000934353.0,39.79281029,30.4583945,26006410.0,15.200000000000001,41761.556000000004,0,1,0,0,2,0.0,689.915,0.0,0.0,41071.641,3,ORTA_TICARETHANE
1000934473.0,39.7980061,30.50220827,26010532.0,5.01,4273.659,0,1,0,0,1,0.0,2618.0,0.0,0.0,1655.659,2,KUCUK_TICARETHANE
1000934700.0,39.78980918,30.54445692,26005222.0,3.0,3119.099,0,0,0,0,1,0.0,0.0,0.0,0.0,3119.099,1,KUCUK_TICARETHANE
1000934705.0,39.8214029,30.67694363,26009253.0,24.0,21281.366,0,0,0,0,1,0.0,0.0,0.0,0.0,21281.366,1,ORTA_TICARETHANE
1000934738.0,39.80091147,30.49789745,26010539.0,4.005,10105.487,0,1,0,0,1,0.0,912.22,0.0,0.0,9193.267,2,KUCUK_TICARETHANE
1000934779.0,39.77781844,30.48303015,26010294.0,37.2,11726.041,0,0,0,0,1,0.0,0.0,0.0,0.0,11726.041,1,ORTA_TICARETHANE
1000934859.0,39.81926894,30.44823303,26006003.0,3.0,3824.052,1,0,0,0,0,3824.052,0.0,0.0,0.0,0.0,0,AYDINLATMA
1000934901.0,39.77542256,30.55325727,26007722.0,5.01,1100.0,0,0,0,0,2,0.0,0.0,0.0,0.0,1100.0,2,KUCUK_TICARETHANE
1000934945.0,39.78354438,30.47213313,26013547.0,5.01,1218.224,0,0,0,0,1,0.0,0.0,0.0,0.0,1218.224,1,KUCUK_TICARETHANE
1000935041.0,39.79431928,30.54352425,26005440.0,3.0,748.262,0,0,0,0,2,0.0,0.0,0.0,0.0,748.262,2,KUCUK_TICARETHANE
1000935157.0,39.78940158,30.51232051,26005134.0,5.01,6680.45,0,0,0,0,1,0.0,0.0,0.0,0.0,6680.45,1,KUCUK_TICARETHANE
1000935228.0,39.78884327,30.53296725,26005927.0,5.01,431.812,0,0,0,1,0,0.0,0.0,0.0,431.812,0.0,0,TARIMSAL_SULAMA
1000935269.0,39.78084665,30.47132789,26010805.0,150.0,11516.88,0,0,0,0,1,0.0,0.0,0.0,0.0,11516.88,1,ORTA_TICARETHANE
1000935276.0,39.79621132,30.48207487,26005900.0,5.01,11808.762,0,1,0,0,1,0.0,2768.662,0.0,0.0,9040.1,2,KUCUK_TICARETHANE
1000935302.0,39.78591949,30.47396593,26013549.0,5.01,1427.0,0,0,0,0,1,0.0,0.0,0.0,0.0,1427.0,1,KUCUK_TICARETHANE
1000935512.0,39.78667072,30.47635824,26006468.0,5.01,19413.63,0,0,0,0,1,0.0,0.0,0.0,0.0,19413.63,1,ORTA_TICARETHANE
1000935837.0,39.77563108,30.52304476,26006345.0,3.0,1646.0,0,0,0,0,1,0.0,0.0,0.0,0.0,1646.0,1,KUCUK_TICARETHANE
1000935994.0,39.77678441,30.46642019,26010843.0,5.01,5014.645,0,0,0,0,1,0.0,0.0,0.0,0.0,5014.645,1,KUCUK_TICARETHANE
1000936069.0,39.7997844,30.49898913,26010535.0,5.01,2636.6870000000004,0,1,0,0,1,0.0,2547.934,0.0,0.0,88.753,2,KUCUK_TICARETHANE
1000936076.0,39.78802983,30.5082876,26010668.0,4.8843749999999995,69117.988,0,9,0,0,7,0.0,10747.762999999999,0.0,0.0,58370.225,16,ORTA_TICARETHANE
1000936434.0,39.78972711,30.45973663,26010445.0,5.72,5315.175,0,0,0,0,6,0.0,0.0,0.0,0.0,5315.175,6,KUCUK_TICARETHANE
1000936583.0,39.78849124,30.48407082,26005892.0,4.206,9960.904,0,2,0,0,3,0.0,3300.152,0.0,0.0,6660.752,5,KUCUK_TICARETHANE
1000936708.0,39.77848413,30.53387837,26006170.0,3.0,16966.846,1,0,0,0,0,16966.846,0.0,0.0,0.0,0.0,0,AYDINLATMA
1000937198.0,39.7850003,30.51498826,26010673.0,10.346666666666666,44892.971,0,0,0,0,3,0.0,0.0,0.0,0.0,44892.971,3,ORTA_TICARETHANE
1000937444.0,39.79349175,30.48376601,26005900.0,5.817692307692307,37491.888,0,7,0,0,6,0.0,12569.105,0.0,0.0,24922.783,13,ORTA_TICARETHANE
1000937529.0,39.79433431,30.48827431,26005901.0,4.32,9755.348,0,1,0,0,1,0.0,323.462,0.0,0.0,9431.886,2,KUCUK_TICARETHANE
1000937600.0,39.78138712,30.53174636,26005928.0,5.01,8530.977,0,0,0,0,1,0.0,0.0,0.0,0.0,8530.977,1,KUCUK_TICARETHANE
1000937721.0,39.81362463,30.44614241,26010370.0,7.4,6068.44,0,0,0,0,1,0.0,0.0,0.0,0.0,6068.44,1,KUCUK_TICARETHANE
1000937748.0,39.78838167,30.50813822,26010668.0,5.01,22626.76,0,0,0,0,1,0.0,0.0,0.0,0.0,22626.76,1,ORTA_TICARETHANE
1000937852.0,39.78135167,30.47169998,26010805.0,5.52,1698.0,0,0,0,0,1,0.0,0.0,0.0,0.0,1698.0,1,KUCUK_TICARETHANE
1000937871.0,39.78316484,30.474088,26013550.0,5.01,345.0,0,0,0,0,1,0.0,0.0,0.0,0.0,345.0,1,KUCUK_TICARETHANE
1000938321.0,39.78176454,30.46338503,26005904.0,3.0,3286.441,0,0,0,0,1,0.0,0.0,0.0,0.0,3286.441,1,KUCUK_TICARETHANE
1000938471.0,39.78179709,30.44302602,26010827.0,240.0,94684.2,0,0,0,0,1,0.0,0.0,0.0,0.0,94684.2,1,ORTA_TICARETHANE
1000938645.0,39.77867385,30.5181061,26005146.0,5.01,972.693,0,0,0,0,1,0.0,0.0,0.0,0.0,972.693,1,KUCUK_TICARETHANE
1000938851.0,39.77681505,30.52161303,26005723.0,4.072,19224.299,0,9,0,0,6,0.0,14746.17,0.0,0.0,4478.129,15,KUCUK_TICARETHANE
1000938950.0,39.77839222,30.51305631,26005188.0,21.810000000000002,289341.904,0,0,0,0,8,0.0,0.0,0.0,0.0,289341.904,8,ORTA_TICARETHANE
1000939282.0,39.77956045,30.51316227,26005195.0,7.44,22715.637,0,0,0,0,2,0.0,0.0,0.0,0.0,22715.637,2,ORTA_TICARETHANE
1000939333.0,39.78567526,30.47304889,26013548.0,3.0,354.21799999999996,0,0,0,0,2,0.0,0.0,0.0,0.0,354.21799999999996,2,KUCUK_TICARETHANE
1000939628.0,39.79048222,30.54156764,26005435.0,30.0,76124.488,0,0,0,0,1,0.0,0.0,0.0,0.0,76124.488,1,ORTA_TICARETHANE
1000939784.0,39.78717504,30.50920607,26010670.0,5.947272727272727,54349.924,0,0,0,0,11,0.0,0.0,0.0,0.0,54349.924,11,ORTA_TICARETHANE
1000940479.0,39.78289223,30.46925112,26013545.0,5.01,954.964,0,0,0,0,1,0.0,0.0,0.0,0.0,954.964,1,KUCUK_TICARETHANE
1000940580.0,39.79060409,30.48296767,26010072.0,5.01,924.321,0,0,0,0,1,0.0,0.0,0.0,0.0,924.321,1,KUCUK_TICARETHANE
1000941306.0,39.88887658,30.6276035,26008372.0,30.0,4966.96,0,0,0,0,1,0.0,0.0,0.0,0.0,4966.96,1,ORTA_TICARETHANE
1000941454.0,39.7912632,30.54443601,26005690.0,3.0,11889.007,0,0,0,0,1,0.0,0.0,0.0,0.0,11889.007,1,ORTA_TICARETHANE
1000941615.0,39.7980806,30.49387477,26010541.0,5.01,1912.82,0,0,0,0,1,0.0,0.0,0.0,0.0,1912.82,1,KUCUK_TICARETHANE
1000941656.0,39.81284854,30.44462754,26010370.0,10.13,1650.002,0,0,0,0,1,0.0,0.0,0.0,0.0,1650.002,1,KUCUK_TICARETHANE
1000941885.0,39.78596725,30.47394155,26013549.0,5.01,1996.258,0,0,0,0,1,0.0,0.0,0.0,0.0,1996.258,1,KUCUK_TICARETHANE
1000941938.0,39.78486558,30.47067163,26013547.0,5.01,35006.0,0,0,0,0,1,0.0,0.0,0.0,0.0,35006.0,1,ORTA_TICARETHANE
1000942134.0,39.78855588,30.51859412,26010680.0,5.87,6765.447,0,2,0,0,1,0.0,2986.611,0.0,0.0,3778.836,3,KUCUK_TICARETHANE
1000942470.0,39.79613104,30.50157164,26010533.0,3.0,757.261,0,0,0,0,1,0.0,0.0,0.0,0.0,757.261,1,KUCUK_TICARETHANE
1000942751.0,39.77582284,30.52072209,26005723.0,5.525,14559.579,0,0,0,0,2,0.0,0.0,0.0,0.0,14559.579,2,ORTA_TICARETHANE
1000942895.0,39.7974728,30.49204629,26010542.0,3.0,46628.477,1,0,0,0,0,46628.477,0.0,0.0,0.0,0.0,0,AYDINLATMA
1000943206.0,39.78342159,30.46903192,26013546.0,5.01,91.0,0,0,0,0,1,0.0,0.0,0.0,0.0,91.0,1,KUCUK_TICARETHANE
1000943347.0,39.78480278,30.46778946,26013544.0,5.01,2163.0,0,0,0,0,1,0.0,0.0,0.0,0.0,2163.0,1,KUCUK_TICARETHANE
1000944052.0,39.77833669,30.51393824,26005188.0,9.49,8870.436,0,0,0,0,1,0.0,0.0,0.0,0.0,8870.436,1,KUCUK_TICARETHANE
1000944338.0,39.77909148,30.5143881,26005195.0,7.444347826086957,263555.448,0,10,0,0,13,0.0,16757.467,0.0,0.0,246797.98099999997,23,ORTA_TICARETHANE
1000944496.0,39.78670741,30.55000784,26006049.0,3.0,31358.684,1,0,0,0,0,31358.684,0.0,0.0,0.0,0.0,0,AYDINLATMA
1000944733.0,39.78426624,30.46871059,26013546.0,5.01,720.825,0,0,0,0,1,0.0,0.0,0.0,0.0,720.825,1,KUCUK_TICARETHANE
1000945183.0,39.77623986,30.5249797,26010355.0,3.0,6026.839,1,0,0,0,1,3503.678,0.0,0.0,0.0,2523.161,1,KUCUK_TICARETHANE
1000945366.0,39.80032228,30.51039293,26010521.0,5.01,618.992,0,0,0,0,1,0.0,0.0,0.0,0.0,618.992,1,KUCUK_TICARETHANE
1000945449.0,39.78093309,30.46902094,26013543.0,12.78,10185.0,0,0,0,0,1,0.0,0.0,0.0,0.0,10185.0,1,ORTA_TICARETHANE
1000945473.0,39.79728144,30.5006055,26010533.0,4.005,2243.611,0,1,0,0,1,0.0,555.0,0.0,0.0,1688.611,2,KUCUK_TICARETHANE
1000945569.0,39.79255132,30.48987434,26006361.0,3.0,40650.41,1,0,0,0,0,40650.41,0.0,0.0,0.0,0.0,0,AYDINLATMA
1000945823.0,39.78435377,30.45851657,26005972.0,5.01,13349.412999999999,0,0,0,0,2,0.0,0.0,0.0,0.0,13349.412999999999,2,ORTA_TICARETHANE
1000946063.0,39.78038629,30.51904393,26005726.0,13.52,3297.541,0,0,0,0,1,0.0,0.0,0.0,0.0,3297.541,1,KUCUK_TICARETHANE
1000946097.0,39.7935233,30.46953332,26006044.0,5.01,4076.943,0,0,0,0,1,0.0,0.0,0.0,0.0,4076.943,1,KUCUK_TICARETHANE
1000946121.0,39.77954915,30.51359875,26005195.0,5.01,37311.466,0,0,0,0,1,0.0,0.0,0.0,0.0,37311.466,1,ORTA_TICARETHANE
1000946464.0,39.80717652,30.61698469,26003675.0,5.01,5529.048,0,0,0,0,1,0.0,0.0,0.0,0.0,5529.048,1,KUCUK_TICARETHANE
1000946597.0,39.77647949,30.5262127,26010355.0,4.005,9193.462,0,2,0,0,2,0.0,4606.985,0.0,0.0,4586.477,4,KUCUK_TICARETHANE
1000946922.0,39.78855782,30.48896451,26005975.0,5.01,565.494,0,0,0,0,1,0.0,0.0,0.0,0.0,565.494,1,KUCUK_TICARETHANE
1000947249.0,39.78325434,30.46998164,26013546.0,3.0,1733.0,0,0,0,0,1,0.0,0.0,0.0,0.0,1733.0,1,KUCUK_TICARETHANE
1000947295.0,39.79956518,30.4346511,26000289.0,300.0,262686.105,0,0,0,0,1,0.0,0.0,0.0,0.0,262686.105,1,ORTA_TICARETHANE
1000947426.0,39.81885319,30.50471667,26005543.0,3.4019999999999997,1671.268,0,3,0,0,2,0.0,1653.924,0.0,0.0,17.344,5,KUCUK_TICARETHANE
1000947431.0,39.79238418,30.48721226,26005901.0,5.01,2292.0,0,0,0,0,1,0.0,0.0,0.0,0.0,2292.0,1,KUCUK_TICARETHANE
1000947625.0,39.79076476,30.46917864,26010450.0,5.773999999999999,42647.064,0,3,0,0,2,0.0,4198.874,0.0,0.0,38448.19,5,ORTA_TICARETHANE
1000947890.0,39.7896645,30.53972354,26005434.0,4.73,1792.619,0,1,0,0,1,0.0,74.619,0.0,0.0,1718.0,2,KUCUK_TICARETHANE
1000947937.0,39.77585081,30.55260104,26007722.0,5.01,2195.0,0,0,0,0,2,0.0,0.0,0.0,0.0,2195.0,2,KUCUK_TICARETHANE
1000948229.0,39.78492482,30.47473145,26013550.0,5.01,19786.57,0,0,0,0,1,0.0,0.0,0.0,0.0,19786.57,1,ORTA_TICARETHANE
1000948311.0,39.79800672,30.4859129,26005687.0,3.0,1877.267,0,0,0,0,1,0.0,0.0,0.0,0.0,1877.267,1,KUCUK_TICARETHANE
1000948380.0,39.78856803,30.50653725,26010666.0,115.405,603338.52,0,0,0,0,2,0.0,0.0,0.0,0.0,603338.52,2,ORTA_TICARETHANE
1000948894.0,39.79710197,30.50022731,26010533.0,3.5742857142857143,14643.8,0,3,0,0,4,0.0,3470.5820000000003,0.0,0.0,11173.218,7,ORTA_TICARETHANE
1000949005.0,39.78600613,30.45237908,26010103.0,5.01,47930.846,1,0,0,0,0,47930.846,0.0,0.0,0.0,0.0,0,AYDINLATMA
1000949230.0,39.77640873,30.52044814,26005910.0,4.005,2282.0,0,0,0,0,2,0.0,0.0,0.0,0.0,2282.0,2,KUCUK_TICARETHANE
1000949566.0,39.80551,30.53752778,26014272.0,5.01,18122.04,0,0,0,0,1,0.0,0.0,0.0,0.0,18122.04,1,ORTA_TICARETHANE
1000949668.0,39.78855953,30.53530918,26005927.0,5.6,19681.61,0,1,0,0,1,0.0,1458.0,0.0,0.0,18223.61,2,ORTA_TICARETHANE
1000949883.0,39.78947993,30.48558251,26005975.0,5.01,4845.335,0,0,0,0,1,0.0,0.0,0.0,0.0,4845.335,1,KUCUK_TICARETHANE
1000949924.0,39.81646376,30.44486223,26006497.0,5.01,6238.4,0,0,0,0,1,0.0,0.0,0.0,0.0,6238.4,1,KUCUK_TICARETHANE
1000950169.0,39.80311143,30.49637258,26010538.0,5.01,2548.8089999999997,0,1,0,0,1,0.0,209.258,0.0,0.0,2339.551,2,KUCUK_TICARETHANE
1000950294.0,39.78517467,30.47423589,26013549.0,5.01,1345.0,0,0,0,0,1,0.0,0.0,0.0,0.0,1345.0,1,KUCUK_TICARETHANE
1000950428.0,39.79148074,30.47816233,26006046.0,3.0,17622.518,1,0,0,0,0,17622.518,0.0,0.0,0.0,0.0,0,AYDINLATMA
1000950434.0,39.785606,30.4692232,26013546.0,5.01,665.11,0,0,0,0,1,0.0,0.0,0.0,0.0,665.11,1,KUCUK_TICARETHANE
1000950680.0,39.7922107,30.51814569,26010290.0,3.0,33485.055,1,0,0,0,0,33485.055,0.0,0.0,0.0,0.0,0,AYDINLATMA
1000950786.0,39.78665546,30.4734706,26013551.0,5.01,1766.0,0,0,0,0,1,0.0,0.0,0.0,0.0,1766.0,1,KUCUK_TICARETHANE
1000951053.0,39.79524984,30.50789279,26010526.0,5.246666666666666,5248.9580000000005,0,2,0,0,1,0.0,4420.0,0.0,0.0,828.958,3,KUCUK_TICARETHANE
1000951185.0,39.78323755,30.5116877,26010685.0,16.169999999999998,74218.538,0,0,0,0,2,0.0,0.0,0.0,0.0,74218.538,2,ORTA_TICARETHANE
1000951322.0,39.78837498,30.46556966,26010456.0,6.843333333333334,2542.08,0,2,0,0,1,0.0,2432.305,0.0,0.0,109.775,3,KUCUK_TICARETHANE
1000951437.0,39.79056214,30.47666418,26005994.0,3.0,62136.912,1,0,0,0,0,62136.912,0.0,0.0,0.0,0.0,0,AYDINLATMA
1000951641.0,39.78454111,30.46767649,26013544.0,3.0,68.0,0,0,0,0,1,0.0,0.0,0.0,0.0,68.0,1,KUCUK_TICARETHANE
1000951650.0,39.77590635,30.52201979,26005723.0,5.13,1091.0,0,0,0,0,2,0.0,0.0,0.0,0.0,1091.0,2,KUCUK_TICARETHANE
1000951803.0,39.77772395,30.51723431,26005147.0,3.7921052631578944,23007.96,0,13,0,0,6,0.0,17045.208,0.0,0.0,5962.752,19,KUCUK_TICARETHANE
1000951851.0,39.78257027,30.49699392,26010566.0,5.01,37605.996,1,0,0,0,0,37605.996,0.0,0.0,0.0,0.0,0,AYDINLATMA
1000951875.0,39.78177574,30.52419887,26006263.0,5.01,1393.546,0,0,0,0,1,0.0,0.0,0.0,0.0,1393.546,1,KUCUK_TICARETHANE
1000952121.0,39.79742842,30.48855081,26005688.0,4.984,16796.064,0,3,0,0,2,0.0,2979.041,0.0,0.0,13817.023000000001,5,ORTA_TICARETHANE
1000952233.0,39.78178094,30.52415043,26006263.0,4.91,1644.829,0,1,0,0,1,0.0,1295.829,0.0,0.0,349.0,2,KUCUK_TICARETHANE
1000952384.0,39.80419902,30.49736788,26010538.0,5.01,6460.654,0,0,0,0,1,0.0,0.0,0.0,0.0,6460.654,1,KUCUK_TICARETHANE
1000952387.0,39.78238268,30.46689098,26013545.0,3.0,829.0,0,0,0,0,1,0.0,0.0,0.0,0.0,829.0,1,KUCUK_TICARETHANE
1000952436.0,39.78569789,30.47051051,26013547.0,4.005,626.0,0,0,0,0,2,0.0,0.0,0.0,0.0,626.0,2,KUCUK_TICARETHANE
1000952485.0,39.76095378,30.46124144,26010890.0,3.0,839.034,0,0,0,0,1,0.0,0.0,0.0,0.0,839.034,1,KUCUK_TICARETHANE
1000952826.0,39.7902782,30.53087964,26013566.0,4.5075,12722.601999999999,0,1,0,0,3,0.0,3351.0,0.0,0.0,9371.601999999999,4,KUCUK_TICARETHANE
1000952852.0,39.7971519,30.49416434,26010541.0,3.9379999999999997,4415.536,0,3,0,0,2,0.0,3433.536,0.0,0.0,982.0,5,KUCUK_TICARETHANE
1000953044.0,39.7837277,30.46870694,26013546.0,4.005,1684.0,0,0,0,0,2,0.0,0.0,0.0,0.0,1684.0,2,KUCUK_TICARETHANE
1000953624.0,39.81335681,30.43532194,,96.0,374074.7,0,0,0,0,1,0.0,0.0,0.0,0.0,374074.7,1,ORTA_TICARETHANE
1000953627.0,39.79448977,30.51407156,26010569.0,5.06,17.813,0,0,0,0,1,0.0,0.0,0.0,0.0,17.813,1,KUCUK_TICARETHANE
1000953762.0,39.78300207,30.50473824,26010547.0,11.700714285714286,361076.08999999997,0,1,0,0,13,0.0,2153.849,0.0,0.0,358922.241,14,ORTA_TICARETHANE
1000954068.0,39.90582373,30.84770615,26006511.0,150.0,471845.28,0,0,0,1,0,0.0,0.0,0.0,471845.28,0.0,0,TARIMSAL_SULAMA
1000954083.0,39.80551534,30.59868471,26003675.0,5.01,106.225,0,0,0,1,0,0.0,0.0,0.0,106.225,0.0,0,TARIMSAL_SULAMA
1000954997.0,39.78903309,30.51085664,26010669.0,3.8614285714285717,12406.65,0,4,0,0,3,0.0,5886.57,0.0,0.0,6520.08,7,KUCUK_TICARETHANE
1000955251.0,39.79010173,30.46607697,26010449.0,3.0,4407.736,0,1,0,0,1,0.0,2275.754,0.0,0.0,2131.982,2,KUCUK_TICARETHANE
1000955252.0,39.77928962,30.51359793,26005195.0,5.6872727272727275,42570.337,0,7,0,0,4,0.0,5680.775,0.0,0.0,36889.562000000005,11,ORTA_TICARETHANE
1000955626.0,39.78198597,30.51350396,26010671.0,4.34,6998.82,0,1,0,0,2,0.0,1442.237,0.0,0.0,5556.5830000000005,3,KUCUK_TICARETHANE
1000955663.0,39.79392117,30.4770062,26006203.0,4.3933333333333335,2699.117,0,2,0,0,1,0.0,2500.117,0.0,0.0,199.0,3,KUCUK_TICARETHANE
1000956073.0,39.78993895,30.53412519,26005872.0,5.16,5822.066,0,0,0,0,1,0.0,0.0,0.0,0.0,5822.066,1,KUCUK_TICARETHANE
1000956104.0,39.77973859,30.51919985,26005726.0,4.56,4943.658,0,0,0,0,1,0.0,0.0,0.0,0.0,4943.658,1,KUCUK_TICARETHANE
1000956622.0,39.7776624,30.51618258,26005192.0,13.713333333333333,56195.517,0,0,0,0,3,0.0,0.0,0.0,0.0,56195.517,3,ORTA_TICARETHANE
1000956952.0,39.78406076,30.46983662,26013546.0,3.0,38950.611,1,0,0,0,0,38950.611,0.0,0.0,0.0,0.0,0,AYDINLATMA
1000956958.0,39.79059912,30.4902412,26005975.0,3.0,7419.211,0,0,0,0,1,0.0,0.0,0.0,0.0,7419.211,1,KUCUK_TICARETHANE
1000957206.0,39.79303472,30.50724222,26010525.0,5.01,3214.918,0,0,0,0,1,0.0,0.0,0.0,0.0,3214.918,1,KUCUK_TICARETHANE
1000957380.0,39.78542812,30.47184022,26013548.0,5.01,5433.0,0,0,0,0,1,0.0,0.0,0.0,0.0,5433.0,1,KUCUK_TICARETHANE
1000957710.0,39.8383783,30.50283175,26006450.0,3.67,36815.136,0,1,0,1,1,0.0,772.0,0.0,35994.866,48.27,2,KUCUK_TICARETHANE
1000957849.0,39.77746094,30.5224602,26006453.0,4.632727272727273,22649.747000000003,0,5,0,0,6,0.0,9191.738,0.0,0.0,13458.009,11,ORTA_TICARETHANE
1000958243.0,39.78597198,30.47170494,26013551.0,5.01,757.642,0,0,0,0,1,0.0,0.0,0.0,0.0,757.642,1,KUCUK_TICARETHANE
1000958389.0,39.78166251,30.50053421,26000798.0,5.01,4279.181,1,0,0,0,0,4279.181,0.0,0.0,0.0,0.0,0,AYDINLATMA
1000958448.0,39.79725633,30.49979525,26010533.0,3.5025,7042.898,0,2,0,0,2,0.0,3025.898,0.0,0.0,4017.0,4,KUCUK_TICARETHANE
1000958828.0,39.81683067,30.4981302,26013510.0,4.005,9044.656,0,1,0,1,4,0.0,1161.739,0.0,3285.427,4597.49,5,KUCUK_TICARETHANE
1000960009.0,39.81212086,30.44549721,26010370.0,10.13,5935.469,0,0,0,0,1,0.0,0.0,0.0,0.0,5935.469,1,KUCUK_TICARETHANE
1000960142.0,39.81177686,30.59216297,26005231.0,5.01,3710.279,0,0,0,1,0,0.0,0.0,0.0,3710.279,0.0,0,TARIMSAL_SULAMA
1000960397.0,39.7825497,30.46890897,26013545.0,5.01,3288.954,0,0,0,0,1,0.0,0.0,0.0,0.0,3288.954,1,KUCUK_TICARETHANE
1000960481.0,39.77731378,30.46597626,26010843.0,5.01,7707.637,0,0,0,0,1,0.0,0.0,0.0,0.0,7707.637,1,KUCUK_TICARETHANE
1000960636.0,39.78553866,30.51084479,26010683.0,5.01,2560.0,0,0,0,0,1,0.0,0.0,0.0,0.0,2560.0,1,KUCUK_TICARETHANE
1000960676.0,39.81031207,30.5423062,,3.0,51.234,0,0,0,0,1,0.0,0.0,0.0,0.0,51.234,1,KUCUK_TICARETHANE
1000961234.0,39.79280803,30.45600859,26010915.0,6.64,1746.852,0,0,0,0,1,0.0,0.0,0.0,0.0,1746.852,1,KUCUK_TICARETHANE
1000961293.0,39.78879756,30.46853338,26010451.0,5.596666666666667,11633.369,0,3,0,0,3,0.0,3925.3770000000004,0.0,0.0,7707.992,6,KUCUK_TICARETHANE
1000961353.0,39.78414136,30.46282225,26005904.0,3.0,61158.998,1,0,0,0,0,61158.998,0.0,0.0,0.0,0.0,0,AYDINLATMA
1000961402.0,39.7960991,30.54361406,26009783.0,5.01,5845.0,0,1,0,0,1,0.0,2956.0,0.0,0.0,2889.0,2,KUCUK_TICARETHANE
1000961619.0,39.78442324,30.51136348,26010684.0,6.335625,7338.929,0,3,0,0,13,0.0,1254.2359999999999,0.0,0.0,6084.693,16,KUCUK_TICARETHANE
1000962070.0,39.81254818,30.44634669,26010370.0,3.0,24486.939,1,0,0,0,0,24486.939,0.0,0.0,0.0,0.0,0,AYDINLATMA
1000962131.0,39.77538069,30.52355109,26006345.0,5.01,7055.594,1,0,0,0,0,7055.594,0.0,0.0,0.0,0.0,0,AYDINLATMA
1000962169.0,39.79888214,30.56517182,26009784.0,3.0,11172.0,0,0,0,1,1,0.0,0.0,0.0,11132.0,40.0,1,KUCUK_TICARETHANE
1000962315.0,39.77914368,30.48359453,26010294.0,7.0699999999999985,49155.683,0,3,0,0,2,0.0,4403.639,0.0,0.0,44752.043999999994,5,ORTA_TICARETHANE
1000962442.0,39.77942781,30.51674288,26006385.0,5.360833333333333,48760.419,0,6,0,0,6,0.0,5207.764,0.0,0.0,43552.655,12,ORTA_TICARETHANE
1000962487.0,39.79596101,30.53306161,26005693.0,8.84,3952.849,0,0,0,0,1,0.0,0.0,0.0,0.0,3952.849,1,KUCUK_TICARETHANE
1000962715.0,39.81320172,30.60090759,26003675.0,5.01,8117.649,0,0,0,0,1,0.0,0.0,0.0,0.0,8117.649,1,KUCUK_TICARETHANE
1000962847.0,39.78548647,30.47034846,26013547.0,5.01,2123.1949999999997,0,0,0,0,2,0.0,0.0,0.0,0.0,2123.1949999999997,2,KUCUK_TICARETHANE
1000963027.0,39.8000186,30.48193503,26006286.0,108.23,46128.12,0,0,0,0,1,0.0,0.0,0.0,0.0,46128.12,1,ORTA_TICARETHANE
1000963301.0,39.781938,30.44972836,26006212.0,5.01,8192.834,0,0,0,0,1,0.0,0.0,0.0,0.0,8192.834,1,KUCUK_TICARETHANE
1000963316.0,39.79225419,30.47553504,26005199.0,5.01,395.0,0,0,0,0,1,0.0,0.0,0.0,0.0,395.0,1,KUCUK_TICARETHANE
1000963320.0,39.76455714,30.47405584,26010902.0,5.01,11693.945,0,0,0,0,1,0.0,0.0,0.0,0.0,11693.945,1,ORTA_TICARETHANE
1000963906.0,39.79907677,30.51068078,26010522.0,3.5025,4913.331,0,2,0,0,2,0.0,2635.847,0.0,0.0,2277.484,4,KUCUK_TICARETHANE
1000964189.0,39.77682418,30.47304504,26010846.0,3.4019999999999997,6039.553,0,3,0,0,2,0.0,1303.995,0.0,0.0,4735.558,5,KUCUK_TICARETHANE
1000965050.0,39.80086458,30.5860463,26009785.0,5.01,2412.923,0,0,0,0,1,0.0,0.0,0.0,0.0,2412.923,1,KUCUK_TICARETHANE
1000965329.0,39.77787017,30.51636409,26005192.0,5.04375,21034.193,0,0,0,0,8,0.0,0.0,0.0,0.0,21034.193,8,ORTA_TICARETHANE
1000965737.0,39.7968456,30.51170734,26010524.0,13.67,34288.523,0,0,0,0,1,0.0,0.0,0.0,0.0,34288.523,1,ORTA_TICARETHANE
1000965815.0,39.77544502,30.55294368,26007722.0,5.01,12077.359,0,0,0,0,2,0.0,0.0,0.0,0.0,12077.359,2,ORTA_TICARETHANE
1000965829.0,39.77899174,30.51518807,26005145.0,5.26,29403.073,0,1,0,0,9,0.0,610.822,0.0,0.0,28792.251,10,ORTA_TICARETHANE
1000966173.0,39.79038481,30.47548013,26005994.0,6.0200000000000005,9520.36,0,3,0,0,2,0.0,6101.136,0.0,0.0,3419.224,5,KUCUK_TICARETHANE
1000966375.0,39.77635408,30.52562436,26010355.0,5.01,5881.0,0,0,0,0,1,0.0,0.0,0.0,0.0,5881.0,1,KUCUK_TICARETHANE
1000966424.0,39.77815431,30.52008513,26005910.0,3.804,6567.562,0,1,0,0,4,0.0,14.0,0.0,0.0,6553.562,5,KUCUK_TICARETHANE
1000966681.0,39.7853671,30.46937215,26013546.0,5.01,901.0,0,0,0,0,1,0.0,0.0,0.0,0.0,901.0,1,KUCUK_TICARETHANE
1000966688.0,39.79610505,30.5355211,26005693.0,5.14125,18615.671000000002,0,4,0,0,4,0.0,1484.366,0.0,0.0,17131.305,8,ORTA_TICARETHANE
1000966706.0,39.79899282,30.51069622,26010522.0,3.67,4586.021,0,2,0,0,1,0.0,3783.0209999999997,0.0,0.0,803.0,3,KUCUK_TICARETHANE
1000966717.0,39.77685089,30.51100899,26005188.0,3.0,4392.633,0,0,0,0,3,0.0,0.0,0.0,0.0,4392.633,3,KUCUK_TICARETHANE
1000966782.0,39.79216524,30.4435437,26006211.0,3.0,64163.035,1,0,0,0,0,64163.035,0.0,0.0,0.0,0.0,0,AYDINLATMA
1000966916.0,39.77930996,30.51510007,26005145.0,21.84,53135.314,0,0,0,0,1,0.0,0.0,0.0,0.0,53135.314,1,ORTA_TICARETHANE
1000967326.0,39.78653705,30.47221536,26013551.0,7.52,2541.225,0,0,0,0,2,0.0,0.0,0.0,0.0,2541.225,2,KUCUK_TICARETHANE
1000967340.0,39.78105757,30.51831663,26006215.0,4.675,11019.33,0,4,0,0,2,0.0,5953.33,0.0,0.0,5066.0,6,KUCUK_TICARETHANE
1000967481.0,39.77751104,30.51881931,26005146.0,3.67,2872.804,0,2,0,0,1,0.0,1786.0,0.0,0.0,1086.804,3,KUCUK_TICARETHANE
1000967491.0,39.92454836,30.67685774,26008671.0,30.0,11786.248,0,0,0,0,1,0.0,0.0,0.0,0.0,11786.248,1,ORTA_TICARETHANE
1000967619.0,39.78375307,30.47335904,26013550.0,12.27,48786.768,0,0,0,0,4,0.0,0.0,0.0,0.0,48786.768,4,ORTA_TICARETHANE
1000967674.0,39.78507328,30.51114603,26010683.0,5.484999999999999,15800.576000000001,0,2,0,0,2,0.0,1398.714,0.0,0.0,14401.862000000001,4,ORTA_TICARETHANE
1000968440.0,39.77682792,30.51051537,26005188.0,5.01,38795.039000000004,0,4,0,0,14,0.0,3798.21,0.0,0.0,34996.829,18,ORTA_TICARETHANE
1000968619.0,39.777489,30.4558951,26010838.0,3.0,1488.0,0,0,0,0,2,0.0,0.0,0.0,0.0,1488.0,2,KUCUK_TICARETHANE
1000968878.0,39.78308002,30.46858517,26013545.0,23.41,71.86,0,0,0,0,1,0.0,0.0,0.0,0.0,71.86,1,ORTA_TICARETHANE
1000969011.0,39.7937079,30.4772951,26006203.0,5.694,13897.892,0,3,0,0,2,0.0,4429.148,0.0,0.0,9468.743999999999,5,KUCUK_TICARETHANE
1000969192.0,39.78087164,30.46694222,26013543.0,5.01,1575.0,0,0,0,0,1,0.0,0.0,0.0,0.0,1575.0,1,KUCUK_TICARETHANE
1000969542.0,39.78392833,30.46859402,26013546.0,56.15,6239.4,0,0,0,0,1,0.0,0.0,0.0,0.0,6239.4,1,ORTA_TICARETHANE
1000969774.0,39.78013398,30.45828819,26005121.0,5.01,2259.368,0,0,0,0,1,0.0,0.0,0.0,0.0,2259.368,1,KUCUK_TICARETHANE
1000969905.0,39.78910828,30.46368179,26010456.0,32.4,1780.0,0,0,0,0,1,0.0,0.0,0.0,0.0,1780.0,1,ORTA_TICARETHANE
1000970025.0,39.78250555,30.54418242,26006186.0,4.8425,51826.339,0,1,0,0,11,0.0,7878.196,0.0,0.0,43948.143,12,ORTA_TICARETHANE
1000970310.0,39.79738722,30.49463887,26010541.0,5.462,12081.539,0,3,0,0,2,0.0,3251.219,0.0,0.0,8830.32,5,KUCUK_TICARETHANE
1000970477.0,39.79729464,30.49478012,26010541.0,5.2,4004.897,0,3,0,0,3,0.0,1571.5549999999998,0.0,0.0,2433.3419999999996,6,KUCUK_TICARETHANE
1000970703.0,39.79104489,30.52848003,26013567.0,5.01,17281.347999999998,0,0,0,0,2,0.0,0.0,0.0,0.0,17281.347999999998,2,ORTA_TICARETHANE
1000970733.0,39.793921,30.53019624,26013570.0,5.046666666666667,10420.994999999999,0,2,0,0,1,0.0,3310.995,0.0,0.0,7110.0,3,KUCUK_TICARETHANE
1000970880.0,39.78595609,30.47151024,26013551.0,9.12,4533.0,0,0,0,0,1,0.0,0.0,0.0,0.0,4533.0,1,KUCUK_TICARETHANE
1000971288.0,39.7789769,30.51584842,26005145.0,4.005,7399.562,0,0,0,0,2,0.0,0.0,0.0,0.0,7399.562,2,KUCUK_TICARETHANE
1000971687.0,39.79913913,30.56016576,26009784.0,6.073333333333333,5419.075,0,2,0,0,1,0.0,5301.075,0.0,0.0,118.0,3,KUCUK_TICARETHANE
1000972306.0,39.79269666,30.52216419,26010289.0,5.253333333333333,2811.573,0,2,0,0,1,0.0,2633.573,0.0,0.0,178.0,3,KUCUK_TICARETHANE
1000972668.0,39.80733654,30.58256181,26005231.0,5.01,22951.788,1,0,0,0,0,22951.788,0.0,0.0,0.0,0.0,0,AYDINLATMA
1000972794.0,39.78776428,30.51668048,26010677.0,5.01,3785.447,0,0,0,0,1,0.0,0.0,0.0,0.0,3785.447,1,KUCUK_TICARETHANE
1000972855.0,39.76271716,30.45635612,26010894.0,5.01,2152.534,0,1,0,0,1,0.0,2041.0,0.0,0.0,111.534,2,KUCUK_TICARETHANE
1000973279.0,39.79813881,30.57451884,26009785.0,5.01,12236.319,0,0,0,1,0,0.0,0.0,0.0,12236.319,0.0,0,TARIMSAL_SULAMA
1000973389.0,39.79633685,30.49146238,26010542.0,5.01,2980.043,0,0,0,0,1,0.0,0.0,0.0,0.0,2980.043,1,KUCUK_TICARETHANE
1000973784.0,39.78926663,30.48986875,26005975.0,4.827272727272727,148814.653,1,0,0,0,10,89077.24,0.0,0.0,0.0,59737.413,10,ORTA_TICARETHANE
1000974346.0,39.78063349,30.49051107,26006140.0,3.0,37649.872,1,0,0,0,0,37649.872,0.0,0.0,0.0,0.0,0,AYDINLATMA
1000974443.0,39.78517088,30.47341426,26013548.0,5.01,2560.0,0,0,0,0,1,0.0,0.0,0.0,0.0,2560.0,1,KUCUK_TICARETHANE
1000974459.0,39.78429876,30.46615038,26013544.0,3.0,773.0,0,0,0,0,1,0.0,0.0,0.0,0.0,773.0,1,KUCUK_TICARETHANE
1000974759.0,39.79793479,30.48883551,26005688.0,5.446666666666666,7602.349,0,2,0,0,1,0.0,3207.349,0.0,0.0,4395.0,3,KUCUK_TICARETHANE
1000975238.0,39.77612243,30.52002845,26005890.0,5.01,9886.191,0,0,0,0,1,0.0,0.0,0.0,0.0,9886.191,1,KUCUK_TICARETHANE
1000975261.0,39.78208761,30.47470141,26013550.0,5.01,8521.885,0,0,0,0,1,0.0,0.0,0.0,0.0,8521.885,1,KUCUK_TICARETHANE
1000975268.0,39.78496311,30.47352403,26013548.0,3.0,402.0,0,0,0,0,1,0.0,0.0,0.0,0.0,402.0,1,KUCUK_TICARETHANE
1000975294.0,39.79746178,30.49447877,26010541.0,5.01,11393.547,0,1,0,0,1,0.0,1753.0,0.0,0.0,9640.547,2,KUCUK_TICARETHANE
1000975312.0,39.7807914,30.52417968,26006263.0,5.887499999999999,7807.939,0,2,0,0,2,0.0,2966.1440000000002,0.0,0.0,4841.795,4,KUCUK_TICARETHANE
1000975341.0,39.77974869,30.51396338,26005145.0,5.01,3551.108,0,0,0,0,1,0.0,0.0,0.0,0.0,3551.108,1,KUCUK_TICARETHANE
1000975425.0,39.80207751,30.33074645,26002719.0,15.0,25201.729,0,1,0,0,1,0.0,8853.591,0.0,0.0,16348.138,2,ORTA_TICARETHANE
1000975505.0,39.77854941,30.50894241,26005186.0,3.0,24807.882,1,0,0,0,0,24807.882,0.0,0.0,0.0,0.0,0,AYDINLATMA
1000975562.0,39.78378514,30.51847318,26010761.0,8.894,95206.725,0,3,0,0,2,0.0,4245.395,0.0,0.0,90961.32999999999,5,ORTA_TICARETHANE
1000975613.0,39.80685966,30.41574394,26006820.0,240.0,352768.08,0,0,1,0,0,0.0,0.0,352768.08,0.0,0.0,1,BUYUK_SANAYI
1000975642.0,39.77793706,30.51755309,26005146.0,4.128333333333334,25385.339,0,2,0,0,16,0.0,1061.0,0.0,0.0,24324.339,18,ORTA_TICARETHANE
1000975918.0,39.77537942,30.55350893,26007722.0,14.93,76669.78,0,0,0,0,1,0.0,0.0,0.0,0.0,76669.78,1,ORTA_TICARETHANE
1000976337.0,39.78375506,30.4690129,26013546.0,3.45,2421.0,0,0,0,0,1,0.0,0.0,0.0,0.0,2421.0,1,KUCUK_TICARETHANE
1000976509.0,39.78418334,30.4720541,26013547.0,5.01,3282.0,0,0,0,0,2,0.0,0.0,0.0,0.0,3282.0,2,KUCUK_TICARETHANE
1000976658.0,39.74028572,30.21888114,26008317.0,15.0,1785.626,0,0,1,0,0,0.0,0.0,1785.626,0.0,0.0,1,KUCUK_SANAYI
1000977517.0,39.78794998,30.48357444,26006181.0,3.0,5031.4130000000005,0,2,0,0,3,0.0,2725.918,0.0,0.0,2305.495,5,KUCUK_TICARETHANE
1000977696.0,39.79441061,30.48674151,26005901.0,4.756666666666667,7392.512,0,2,0,0,1,0.0,4718.401,0.0,0.0,2674.111,3,KUCUK_TICARETHANE
1000977789.0,39.78102716,30.51880583,26005726.0,3.0,1598.621,0,0,0,0,1,0.0,0.0,0.0,0.0,1598.621,1,KUCUK_TICARETHANE
1000978282.0,39.77636572,30.51972189,26005890.0,4.0807142857142855,25794.04,0,2,0,0,12,0.0,5354.639999999999,0.0,0.0,20439.4,14,ORTA_TICARETHANE
1000978283.0,39.78273795,30.51174472,26010671.0,20.189999999999998,63935.738999999994,0,1,0,0,1,0.0,1801.899,0.0,0.0,62133.84,2,ORTA_TICARETHANE
1000978346.0,39.80063577,30.51033831,26010521.0,4.34,5315.986,0,1,0,0,2,0.0,2825.567,0.0,0.0,2490.419,3,KUCUK_TICARETHANE
1000978558.0,39.78672182,30.46342361,26010198.0,114.0,18284.94,0,0,0,0,1,0.0,0.0,0.0,0.0,18284.94,1,ORTA_TICARETHANE
1000978560.0,39.78133791,30.48936579,26006141.0,7.446363636363636,36900.609,0,7,0,0,4,0.0,7579.368,0.0,0.0,29321.241,11,ORTA_TICARETHANE
1000978610.0,39.80971856,30.60127218,26003675.0,5.01,133.919,0,0,0,0,1,0.0,0.0,0.0,0.0,133.919,1,KUCUK_TICARETHANE
1000978805.0,39.78407554,30.4681348,26013545.0,3.0,1368.0,0,0,0,0,1,0.0,0.0,0.0,0.0,1368.0,1,KUCUK_TICARETHANE
1000979156.0,39.79043265,30.52227423,26010292.0,2.1999999999999997,2573.239,0,1,0,0,2,0.0,108.239,0.0,0.0,2465.0,3,KUCUK_TICARETHANE
1000979185.0,39.78420101,30.46774957,26013545.0,3.0,3404.0,0,0,0,0,1,0.0,0.0,0.0,0.0,3404.0,1,KUCUK_TICARETHANE
1000979208.0,39.78679062,30.46555209,26010455.0,24.0,4216.4,0,0,0,0,1,0.0,0.0,0.0,0.0,4216.4,1,ORTA_TICARETHANE
1000979746.0,39.78390602,30.4659204,26013544.0,5.01,3249.87,0,0,0,0,1,0.0,0.0,0.0,0.0,3249.87,1,KUCUK_TICARETHANE
1000979984.0,39.78382401,30.47251495,26013548.0,6.255,6537.45,0,0,0,0,2,0.0,0.0,0.0,0.0,6537.45,2,KUCUK_TICARETHANE
1000980127.0,39.77126173,30.48350578,26006342.0,3.67,4223.0830000000005,0,2,0,0,1,0.0,3205.083,0.0,0.0,1018.0,3,KUCUK_TICARETHANE
1000980177.0,39.77882861,30.48096282,26005698.0,3.0,29196.855,1,0,0,0,0,29196.855,0.0,0.0,0.0,0.0,0,AYDINLATMA
1000980211.0,39.796223,30.50071322,26010533.0,3.0,42306.363,1,0,0,0,0,42306.363,0.0,0.0,0.0,0.0,0,AYDINLATMA
1000980293.0,39.77883132,30.51834279,26005146.0,5.283333333333333,4946.416,0,2,0,0,1,0.0,4002.398,0.0,0.0,944.018,3,KUCUK_TICARETHANE
1000980565.0,39.7766298,30.47244884,26010846.0,3.0,32402.791,1,0,0,0,0,32402.791,0.0,0.0,0.0,0.0,0,AYDINLATMA
1000980647.0,39.78490154,30.47575983,26013550.0,4.005,1608.9799999999998,0,0,0,0,2,0.0,0.0,0.0,0.0,1608.9799999999998,2,KUCUK_TICARETHANE
1000980810.0,39.78346366,30.47773443,26001518.0,3.0,1014.0,0,0,0,0,1,0.0,0.0,0.0,0.0,1014.0,1,KUCUK_TICARETHANE
1000981035.0,39.78679161,30.46389172,26010197.0,3.0,6600.0,0,0,0,0,1,0.0,0.0,0.0,0.0,6600.0,1,KUCUK_TICARETHANE
1000981067.0,39.8028449,30.50888236,26010520.0,3.67,4006.174,0,2,0,0,1,0.0,3628.174,0.0,0.0,378.0,3,KUCUK_TICARETHANE
1000981297.0,39.76724221,30.46878435,26010913.0,3.0,87.136,0,0,0,0,1,0.0,0.0,0.0,0.0,87.136,1,KUCUK_TICARETHANE
1000981352.0,39.7853177,30.47127541,26013547.0,5.01,3013.0,0,0,0,0,1,0.0,0.0,0.0,0.0,3013.0,1,KUCUK_TICARETHANE
1000981416.0,39.78851409,30.48430573,26005892.0,4.005,6022.356,0,0,0,0,2,0.0,0.0,0.0,0.0,6022.356,2,KUCUK_TICARETHANE
1000981586.0,39.78644366,30.4734012,26013551.0,29.4,5163.6,0,0,1,0,0,0.0,0.0,5163.6,0.0,0.0,1,KUCUK_SANAYI
1000981604.0,39.77929338,30.46149426,26010840.0,4.53,5193.227,0,2,0,0,1,0.0,3310.547,0.0,0.0,1882.68,3,KUCUK_TICARETHANE
1000981628.0,39.77585769,30.52103092,26005723.0,13.99,27712.945,0,0,0,0,1,0.0,0.0,0.0,0.0,27712.945,1,ORTA_TICARETHANE
1000981948.0,39.77908675,30.51579674,26005145.0,5.01,80027.303,0,1,0,0,4,0.0,3454.872,0.0,0.0,76572.43100000001,5,ORTA_TICARETHANE
1000982390.0,39.77947397,30.52329712,26005911.0,4.005,18947.11,0,2,0,0,6,0.0,2665.7039999999997,0.0,0.0,16281.405999999999,8,ORTA_TICARETHANE
1000982455.0,39.78633033,30.47265564,26013551.0,5.01,2907.0,0,0,0,0,1,0.0,0.0,0.0,0.0,2907.0,1,KUCUK_TICARETHANE
1000982968.0,39.78229105,30.51445272,26010672.0,5.01,79387.468,0,0,0,0,1,0.0,0.0,0.0,0.0,79387.468,1,ORTA_TICARETHANE
1000983031.0,39.78633619,30.47345915,26013551.0,5.01,1892.0,0,0,0,0,1,0.0,0.0,0.0,0.0,1892.0,1,KUCUK_TICARETHANE
1000983138.0,39.78582473,30.47088104,26013547.0,5.01,688.016,0,0,0,0,1,0.0,0.0,0.0,0.0,688.016,1,KUCUK_TICARETHANE
1000983470.0,39.79568689,30.48900803,26005899.0,3.0,39968.124,1,0,0,0,0,39968.124,0.0,0.0,0.0,0.0,0,AYDINLATMA
1000983488.0,39.78473581,30.4868671,26006001.0,5.01,1336.176,0,0,0,0,1,0.0,0.0,0.0,0.0,1336.176,1,KUCUK_TICARETHANE
1000983565.0,39.79086068,30.48441645,26010072.0,3.67,1707.365,0,1,0,0,2,0.0,218.596,0.0,0.0,1488.769,3,KUCUK_TICARETHANE
1000983587.0,39.80874648,30.4091626,26007837.0,240.0,107956.48,0,0,0,0,1,0.0,0.0,0.0,0.0,107956.48,1,ORTA_TICARETHANE
1000983609.0,39.79182235,30.54602013,26005690.0,6.38,5856.805,0,1,0,0,1,0.0,2783.626,0.0,0.0,3073.179,2,KUCUK_TICARETHANE
1000983613.0,39.78435426,30.46939036,26013546.0,5.01,307.0,0,0,0,0,1,0.0,0.0,0.0,0.0,307.0,1,KUCUK_TICARETHANE
1000983805.0,39.79749616,30.51434237,26010517.0,5.01,8309.004,0,1,0,0,1,0.0,1972.004,0.0,0.0,6337.0,2,KUCUK_TICARETHANE
1000983948.0,39.78609301,30.48169085,26005996.0,3.0,16411.605,0,0,0,0,1,0.0,0.0,0.0,0.0,16411.605,1,ORTA_TICARETHANE
1000984195.0,39.78058525,30.51894196,26005726.0,5.01,9884.34,0,0,0,0,2,0.0,0.0,0.0,0.0,9884.34,2,KUCUK_TICARETHANE
1000984785.0,39.78781243,30.5151273,26010678.0,20.849999999999998,67252.85399999999,0,0,0,0,3,0.0,0.0,0.0,0.0,67252.85399999999,3,ORTA_TICARETHANE
1000984913.0,39.78914594,30.50804836,26010668.0,31.26,11579.96,0,0,0,0,1,0.0,0.0,0.0,0.0,11579.96,1,ORTA_TICARETHANE
1000984922.0,39.77581563,30.47040826,26010843.0,3.0,6315.488,0,2,0,0,1,0.0,6212.72,0.0,0.0,102.768,3,KUCUK_TICARETHANE
1000985066.0,39.78582871,30.47402091,26013549.0,6.0,4905.244,0,0,0,0,1,0.0,0.0,0.0,0.0,4905.244,1,KUCUK_TICARETHANE
1000985245.0,39.79853831,30.50840943,26010528.0,5.01,6864.922,0,0,0,0,1,0.0,0.0,0.0,0.0,6864.922,1,KUCUK_TICARETHANE
1000985526.0,39.79047668,30.46420604,26010448.0,4.1883333333333335,23323.168,0,4,0,0,2,0.0,8128.496,0.0,0.0,15194.672,6,ORTA_TICARETHANE
1000985532.0,39.78645106,30.50796816,26010551.0,5.01,1298.639,0,0,0,0,1,0.0,0.0,0.0,0.0,1298.639,1,KUCUK_TICARETHANE
1000985659.0,39.79934194,30.47787426,26006286.0,15.91,13437.714,0,0,0,0,1,0.0,0.0,0.0,0.0,13437.714,1,ORTA_TICARETHANE
1000986029.0,39.82369542,30.5057662,26005773.0,5.335555555555555,20647.093,0,5,0,1,3,0.0,7725.469,0.0,9019.661,3901.9629999999997,8,KUCUK_TICARETHANE
1000986032.0,39.79786208,30.50189829,26010532.0,26.4,130688.988,0,0,0,0,1,0.0,0.0,0.0,0.0,130688.988,1,ORTA_TICARETHANE
1000986400.0,39.80310963,30.49623663,26010537.0,5.01,2964.067,0,1,0,0,1,0.0,1511.0,0.0,0.0,1453.067,2,KUCUK_TICARETHANE
1000986420.0,39.78928474,30.46055131,26010447.0,7.5,4020.067,0,0,0,0,1,0.0,0.0,0.0,0.0,4020.067,1,KUCUK_TICARETHANE
1000986492.0,39.79801868,30.51580665,26010517.0,4.255,1565.714,0,1,0,0,1,0.0,520.481,0.0,0.0,1045.233,2,KUCUK_TICARETHANE
1000986720.0,39.78143814,30.51549952,26010672.0,5.01,12827.873,0,0,0,0,1,0.0,0.0,0.0,0.0,12827.873,1,ORTA_TICARETHANE
1000986723.0,39.7781548,30.51593629,26005192.0,4.261724137931035,60518.501000000004,0,9,0,0,20,0.0,19808.887,0.0,0.0,40709.614,29,ORTA_TICARETHANE
1000986983.0,39.78138065,30.51089581,26010671.0,5.01,14369.53,0,0,0,0,1,0.0,0.0,0.0,0.0,14369.53,1,ORTA_TICARETHANE
1000987316.0,39.78877522,30.47632775,26005994.0,130.8,39597.36,0,0,0,0,1,0.0,0.0,0.0,0.0,39597.36,1,ORTA_TICARETHANE
1000987364.0,39.78165113,30.49915272,26000798.0,7.433333333333334,17916.515,0,2,0,0,1,0.0,7869.253000000001,0.0,0.0,10047.262,3,ORTA_TICARETHANE
1000987375.0,39.78320055,30.47980486,26006153.0,24.0,12881.94,0,0,0,0,1,0.0,0.0,0.0,0.0,12881.94,1,ORTA_TICARETHANE
1000987440.0,39.78453986,30.48811125,26000737.0,3000.0,11771758.8,0,0,0,0,1,0.0,0.0,0.0,0.0,11771758.8,1,BUYUK_TICARETHANE
1000987571.0,39.7861404,30.53939221,26005429.0,5.01,36436.322,0,0,0,0,1,0.0,0.0,0.0,0.0,36436.322,1,ORTA_TICARETHANE
1000987621.0,39.779917,30.51296417,26005185.0,5.495,36800.875,0,4,0,0,4,0.0,12864.683,0.0,0.0,23936.192,8,ORTA_TICARETHANE
1000987992.0,39.78485673,30.49548016,26008331.0,5.01,711.803,0,0,0,0,1,0.0,0.0,0.0,0.0,711.803,1,KUCUK_TICARETHANE
1000988009.0,39.79807306,30.51078889,26010522.0,4.6866666666666665,5997.351,0,2,0,0,1,0.0,3374.727,0.0,0.0,2622.624,3,KUCUK_TICARETHANE
1000988192.0,39.7828067,30.46781734,26013545.0,5.01,4512.539,0,0,0,0,1,0.0,0.0,0.0,0.0,4512.539,1,KUCUK_TICARETHANE
1000988719.0,39.79454934,30.51354894,26010524.0,6.77,11300.037,0,0,0,0,2,0.0,0.0,0.0,0.0,11300.037,2,ORTA_TICARETHANE
1000989063.0,39.79227798,30.47537026,26005199.0,4.005,6306.385,0,1,0,0,1,0.0,1291.0,0.0,0.0,5015.385,2,KUCUK_TICARETHANE
1000989131.0,39.7770797,30.52408712,26005909.0,5.01,1249.115,0,0,0,0,1,0.0,0.0,0.0,0.0,1249.115,1,KUCUK_TICARETHANE
1000989206.0,39.78505065,30.51028525,26010683.0,5.01,38411.607,0,0,0,0,4,0.0,0.0,0.0,0.0,38411.607,4,ORTA_TICARETHANE
1000989325.0,39.7914278,30.46680681,26010450.0,15.49,15789.259,0,0,0,0,1,0.0,0.0,0.0,0.0,15789.259,1,ORTA_TICARETHANE
1000989381.0,39.79131552,30.48419894,26010072.0,5.815555555555556,11969.487,0,6,0,0,3,0.0,6721.669,0.0,0.0,5247.817999999999,9,KUCUK_TICARETHANE
1000989464.0,39.79612461,30.49757398,26010534.0,5.01,749.945,1,0,0,0,0,749.945,0.0,0.0,0.0,0.0,0,AYDINLATMA
1000989526.0,39.78244119,30.52094371,26005722.0,3.0,28152.416,1,0,0,0,0,28152.416,0.0,0.0,0.0,0.0,0,AYDINLATMA
1000989935.0,39.79913156,30.49959494,26010535.0,3.0,365.639,0,0,0,0,1,0.0,0.0,0.0,0.0,365.639,1,KUCUK_TICARETHANE
1000989952.0,39.77220304,30.4588462,26010909.0,3.0,1342.0,0,0,0,0,1,0.0,0.0,0.0,0.0,1342.0,1,KUCUK_TICARETHANE
1000989972.0,39.79423859,30.48353338,26005900.0,4.873125,78545.641,0,20,0,0,12,0.0,29666.171000000002,0.0,0.0,48879.47,32,ORTA_TICARETHANE
1000990064.0,39.78455917,30.47280414,26013548.0,5.01,9391.893,0,0,0,0,1,0.0,0.0,0.0,0.0,9391.893,1,KUCUK_TICARETHANE
1000990106.0,39.78116255,30.51761906,26006215.0,3.0,18624.85,1,0,0,0,0,18624.85,0.0,0.0,0.0,0.0,0,AYDINLATMA
1000990586.0,39.78541237,30.47040355,26013547.0,7.92,3517.86,0,0,0,0,1,0.0,0.0,0.0,0.0,3517.86,1,KUCUK_TICARETHANE
1000990677.0,39.78971895,30.48495436,26005994.0,5.01,6917.887,0,0,0,0,1,0.0,0.0,0.0,0.0,6917.887,1,KUCUK_TICARETHANE
1000990750.0,39.77438437,30.48337411,26010905.0,26.78,1441.153,0,0,0,0,1,0.0,0.0,0.0,0.0,1441.153,1,ORTA_TICARETHANE
1000990922.0,39.81307607,30.44495036,26010370.0,10.13,2849.592,0,0,0,0,1,0.0,0.0,0.0,0.0,2849.592,1,KUCUK_TICARETHANE
1000991871.0,39.77712918,30.51085663,26005188.0,5.01,1343.832,0,0,0,0,1,0.0,0.0,0.0,0.0,1343.832,1,KUCUK_TICARETHANE
1000991939.0,39.77789901,30.5187008,26005146.0,3.5025,10472.969,0,2,0,0,2,0.0,5816.112999999999,0.0,0.0,4656.856,4,KUCUK_TICARETHANE
1000992161.0,39.7968843,30.49466616,26010540.0,5.01,4526.454,0,0,0,0,1,0.0,0.0,0.0,0.0,4526.454,1,KUCUK_TICARETHANE
1000992420.0,39.78555948,30.47511882,26010135.0,5.01,1344.734,0,0,0,0,1,0.0,0.0,0.0,0.0,1344.734,1,KUCUK_TICARETHANE
1000992496.0,39.81336405,30.44586297,26010370.0,8.59,12508.291,0,0,0,0,1,0.0,0.0,0.0,0.0,12508.291,1,ORTA_TICARETHANE
1000992912.0,39.79855583,30.50347579,26010532.0,14.305,46049.198,0,1,0,0,1,0.0,887.0,0.0,0.0,45162.198,2,ORTA_TICARETHANE
1000992918.0,39.77796489,30.51084892,26005185.0,8.955714285714285,27130.506,0,0,0,0,7,0.0,0.0,0.0,0.0,27130.506,7,ORTA_TICARETHANE
1000992998.0,39.7881091,30.51679279,26010678.0,3.0,37300.92,1,0,0,0,0,37300.92,0.0,0.0,0.0,0.0,0,AYDINLATMA
1000993037.0,39.78246343,30.52617112,26006077.0,12.0,51093.570999999996,1,0,0,0,1,19469.386,0.0,0.0,0.0,31624.185,1,ORTA_TICARETHANE
1000993183.0,39.7828347,30.51000067,26010546.0,88.12,196934.04,0,0,0,0,1,0.0,0.0,0.0,0.0,196934.04,1,ORTA_TICARETHANE
1000993280.0,39.78021185,30.51876515,26006024.0,5.01,19873.362,0,0,0,0,2,0.0,0.0,0.0,0.0,19873.362,2,ORTA_TICARETHANE
1000993318.0,39.78307069,30.46695131,26013545.0,24.6,9812.0,0,0,0,0,1,0.0,0.0,0.0,0.0,9812.0,1,ORTA_TICARETHANE
1000993459.0,39.78867509,30.51682192,26010678.0,5.01,6017.063,0,0,0,0,2,0.0,0.0,0.0,0.0,6017.063,2,KUCUK_TICARETHANE
1000993870.0,39.78246999,30.51851207,26005722.0,3.0,4829.264999999999,0,0,0,0,2,0.0,0.0,0.0,0.0,4829.264999999999,2,KUCUK_TICARETHANE
1000993964.0,39.78562792,30.51909412,26006025.0,4.5075,15532.173,0,5,0,0,3,0.0,5239.157,0.0,0.0,10293.016,8,ORTA_TICARETHANE
1000994034.0,39.78217595,30.51365115,26010672.0,5.01,14988.575,0,0,0,0,1,0.0,0.0,0.0,0.0,14988.575,1,ORTA_TICARETHANE
1000994108.0,39.78671369,30.45800634,26005123.0,5.01,14880.507,0,0,0,0,1,0.0,0.0,0.0,0.0,14880.507,1,ORTA_TICARETHANE
1000994598.0,39.77728423,30.51847112,26005146.0,4.005,1687.021,0,1,0,0,1,0.0,1034.509,0.0,0.0,652.512,2,KUCUK_TICARETHANE
1000994628.0,39.77589244,30.52040338,26005723.0,5.01,14084.369,0,0,0,0,1,0.0,0.0,0.0,0.0,14084.369,1,ORTA_TICARETHANE
1000994635.0,39.77991232,30.52164105,26005911.0,5.01,10501.519,0,0,0,0,1,0.0,0.0,0.0,0.0,10501.519,1,ORTA_TICARETHANE
1000994853.0,39.78237485,30.51850288,26005722.0,5.01,7182.569,0,1,0,0,1,0.0,1106.0,0.0,0.0,6076.569,2,KUCUK_TICARETHANE
1000995147.0,39.78868509,30.51729438,26010680.0,3.0,19391.197,1,0,0,0,0,19391.197,0.0,0.0,0.0,0.0,0,AYDINLATMA
1000995187.0,39.78123932,30.52194635,26005917.0,4.930000000000001,4164.152,0,4,0,0,2,0.0,3472.152,0.0,0.0,692.0,6,KUCUK_TICARETHANE
1000995435.0,39.7902798,30.46983267,26010450.0,5.609999999999999,35972.903000000006,0,7,0,0,5,0.0,15943.249,0.0,0.0,20029.654000000002,12,ORTA_TICARETHANE
1000995627.0,39.775436,30.52215734,26005723.0,5.01,3818.335,0,0,0,0,1,0.0,0.0,0.0,0.0,3818.335,1,KUCUK_TICARETHANE
1000995693.0,39.78588537,30.47011334,26013547.0,5.01,1019.0,0,0,0,0,1,0.0,0.0,0.0,0.0,1019.0,1,KUCUK_TICARETHANE
1000996051.0,39.8051542,30.5006754,26010538.0,3.0,4604.398,0,0,0,0,1,0.0,0.0,0.0,0.0,4604.398,1,KUCUK_TICARETHANE
1000996127.0,39.78732139,30.54724625,26006050.0,4.34,41123.504,0,1,0,0,2,0.0,1194.0,0.0,0.0,39929.504,3,ORTA_TICARETHANE
1000996766.0,39.77822283,30.51657659,26005147.0,10.885000000000002,41003.039000000004,0,0,0,0,2,0.0,0.0,0.0,0.0,41003.039000000004,2,ORTA_TICARETHANE
1000996860.0,39.77592929,30.52026015,26005723.0,25.41,116692.236,0,0,0,0,2,0.0,0.0,0.0,0.0,116692.236,2,ORTA_TICARETHANE
1000996965.0,39.78062059,30.47028202,26010805.0,12.87,55.0,0,0,0,0,1,0.0,0.0,0.0,0.0,55.0,1,KUCUK_TICARETHANE
1000996967.0,39.78683571,30.47452399,26013551.0,5.01,1977.258,0,0,0,0,1,0.0,0.0,0.0,0.0,1977.258,1,KUCUK_TICARETHANE
1000997260.0,39.82350749,30.51045326,26005543.0,5.01,1362.308,0,0,0,0,2,0.0,0.0,0.0,0.0,1362.308,2,KUCUK_TICARETHANE
1000997349.0,39.78660481,30.46530127,26010455.0,19.28,3341.64,0,0,0,0,1,0.0,0.0,0.0,0.0,3341.64,1,ORTA_TICARETHANE
1000997406.0,39.78515401,30.46815013,26013544.0,15.94,5837.92,0,0,0,0,1,0.0,0.0,0.0,0.0,5837.92,1,ORTA_TICARETHANE
1000998034.0,39.78397545,30.45437277,26005973.0,5.78,4672.118,0,0,0,0,2,0.0,0.0,0.0,0.0,4672.118,2,KUCUK_TICARETHANE
1000998643.0,39.78359846,30.47231264,26013547.0,51.48,12163.11,0,0,0,0,1,0.0,0.0,0.0,0.0,12163.11,1,ORTA_TICARETHANE
1000998944.0,39.78757229,30.48724658,26005893.0,75.29,28632.99,0,0,0,0,1,0.0,0.0,0.0,0.0,28632.99,1,ORTA_TICARETHANE
1000999015.0,39.77421358,30.56854146,,5880.0,10965100.5,0,0,1,0,0,0.0,0.0,10965100.5,0.0,0.0,1,BUYUK_SANAYI
1000999088.0,39.78806979,30.46347957,26010197.0,129.0,102635.58,0,0,0,0,1,0.0,0.0,0.0,0.0,102635.58,1,ORTA_TICARETHANE
1000999102.0,39.7825641,30.4768634,26001518.0,17.76,703.0,0,0,0,0,1,0.0,0.0,0.0,0.0,703.0,1,ORTA_TICARETHANE
1000999297.0,39.7760641,30.51918414,26005890.0,4.383333333333333,14264.796,0,0,0,0,9,0.0,0.0,0.0,0.0,14264.796,9,ORTA_TICARETHANE
1000999504.0,39.78364029,30.47198862,26013547.0,5.01,17429.085,0,0,0,0,1,0.0,0.0,0.0,0.0,17429.085,1,ORTA_TICARETHANE
1000999690.0,39.81319391,30.44698102,26010370.0,10.13,10340.03,0,0,0,0,1,0.0,0.0,0.0,0.0,10340.03,1,ORTA_TICARETHANE
1000999734.0,39.78385907,30.46863061,26013546.0,3.0,931.0,0,0,0,0,1,0.0,0.0,0.0,0.0,931.0,1,KUCUK_TICARETHANE
1000999817.0,39.76722085,30.47587806,,1200.0,1065180.6,0,0,0,0,1,0.0,0.0,0.0,0.0,1065180.6,1,BUYUK_TICARETHANE
1000999982.0,39.77889098,30.52181175,26005910.0,3.0,635.134,0,0,0,0,1,0.0,0.0,0.0,0.0,635.134,1,KUCUK_TICARETHANE
1001000035.0,39.79979279,30.5105946,26010521.0,5.01,10338.617,0,2,0,0,1,0.0,2292.757,0.0,0.0,8045.86,3,KUCUK_TICARETHANE
1001000769.0,39.77635038,30.52079369,26005910.0,5.01,647.0,0,0,0,0,1,0.0,0.0,0.0,0.0,647.0,1,KUCUK_TICARETHANE
1001000774.0,39.77815253,30.5153703,26005192.0,4.1440624999999995,50225.232,0,1,0,0,31,0.0,592.456,0.0,0.0,49632.776,32,ORTA_TICARETHANE
1001000930.0,39.79237615,30.47955285,26006046.0,3.0,87.0,0,0,0,0,1,0.0,0.0,0.0,0.0,87.0,1,KUCUK_TICARETHANE
1001001205.0,39.79279762,30.47869326,26006203.0,5.01,2167.672,0,2,0,0,1,0.0,1610.93,0.0,0.0,556.742,3,KUCUK_TICARETHANE
1001001607.0,39.77940481,30.51386123,26005195.0,13.15,27112.343,0,0,0,0,1,0.0,0.0,0.0,0.0,27112.343,1,ORTA_TICARETHANE
1001001882.0,39.78156694,30.51922214,26006230.0,3.0,115.0,0,0,0,0,1,0.0,0.0,0.0,0.0,115.0,1,KUCUK_TICARETHANE
1001001889.0,39.79991013,30.51010634,26010523.0,5.01,15146.746000000001,0,1,0,0,1,0.0,96.012,0.0,0.0,15050.734,2,ORTA_TICARETHANE
1001002014.0,39.79176712,30.54590664,26005690.0,4.5075,5070.689,0,2,0,0,2,0.0,4496.689,0.0,0.0,574.0,4,KUCUK_TICARETHANE
1001002197.0,39.78681918,30.53662536,26005686.0,7.24,8051.6900000000005,0,1,0,0,3,0.0,6094.698,0.0,0.0,1956.992,4,KUCUK_TICARETHANE
1001002468.0,39.78055718,30.51895565,26005726.0,5.01,2514.84,0,0,0,0,1,0.0,0.0,0.0,0.0,2514.84,1,KUCUK_TICARETHANE
1001002532.0,39.79437112,30.5106613,26010525.0,5.01,18524.342,0,0,0,0,1,0.0,0.0,0.0,0.0,18524.342,1,ORTA_TICARETHANE
1001002584.0,39.78208469,30.51359611,26010672.0,5.265,7442.912,0,2,0,0,2,0.0,3051.169,0.0,0.0,4391.743,4,KUCUK_TICARETHANE
1001003031.0,39.78902868,30.51890965,26010680.0,5.01,6715.702,0,0,0,0,1,0.0,0.0,0.0,0.0,6715.702,1,KUCUK_TICARETHANE
1001003673.0,39.78507583,30.47053716,26013547.0,5.01,7553.0,0,0,0,0,2,0.0,0.0,0.0,0.0,7553.0,2,KUCUK_TICARETHANE
1001003727.0,39.77715294,30.52122408,26005910.0,3.804,1690.018,0,3,0,0,2,0.0,1510.0179999999998,0.0,0.0,180.0,5,KUCUK_TICARETHANE
1001003825.0,39.78516774,30.47199597,26013548.0,5.01,5244.731,0,0,0,0,1,0.0,0.0,0.0,0.0,5244.731,1,KUCUK_TICARETHANE
1001003929.0,39.80871658,30.49349101,26010538.0,5.01,2356.356,0,0,0,0,1,0.0,0.0,0.0,0.0,2356.356,1,KUCUK_TICARETHANE
1001004040.0,39.79826782,30.55270767,26009783.0,3.0,10160.258,0,0,0,1,0,0.0,0.0,0.0,10160.258,0.0,0,TARIMSAL_SULAMA
1001004142.0,39.79716063,30.50043781,26010533.0,3.0,2766.786,0,1,0,0,2,0.0,1191.365,0.0,0.0,1575.421,3,KUCUK_TICARETHANE
1001004379.0,39.77761455,30.51869408,26005146.0,10.445,126861.338,0,3,0,0,3,0.0,1038.0620000000001,0.0,0.0,125823.27600000001,6,ORTA_TICARETHANE
1001004741.0,39.78319715,30.48374318,26006002.0,9.0,12890.098,1,0,0,0,0,12890.098,0.0,0.0,0.0,0.0,0,AYDINLATMA
1001004756.0,39.78602762,30.45242351,26010103.0,5.01,2898.058,1,0,0,0,0,2898.058,0.0,0.0,0.0,0.0,0,AYDINLATMA
1001004852.0,39.78380605,30.46759555,26013545.0,3.0,1142.0,0,0,0,0,1,0.0,0.0,0.0,0.0,1142.0,1,KUCUK_TICARETHANE
1001004956.0,39.78582432,30.47490937,26013549.0,6.5,21.746,0,0,0,0,1,0.0,0.0,0.0,0.0,21.746,1,KUCUK_TICARETHANE
1001004959.0,39.77644916,30.52607041,26010355.0,3.2874999999999996,3225.0,0,2,0,0,2,0.0,1999.0,0.0,0.0,1226.0,4,KUCUK_TICARETHANE
1001005163.0,39.76037304,30.45310914,26010894.0,6.88,1370.527,0,0,0,0,1,0.0,0.0,0.0,0.0,1370.527,1,KUCUK_TICARETHANE
1001005363.0,39.78738403,30.48657862,26005893.0,9.0,48510.531,1,0,0,0,0,48510.531,0.0,0.0,0.0,0.0,0,AYDINLATMA
1001005665.0,39.78295881,30.52380723,26006394.0,3.0,28757.119,1,0,0,0,0,28757.119,0.0,0.0,0.0,0.0,0,AYDINLATMA
1001005674.0,39.79615631,30.51429876,26010524.0,4.005,4423.3279999999995,0,1,0,0,1,0.0,2392.0,0.0,0.0,2031.328,2,KUCUK_TICARETHANE
1001005918.0,39.81278925,30.444553,26010370.0,10.13,3366.855,0,0,0,0,1,0.0,0.0,0.0,0.0,3366.855,1,KUCUK_TICARETHANE
1001005973.0,39.78409184,30.4688206,26013546.0,5.01,894.933,0,0,0,0,1,0.0,0.0,0.0,0.0,894.933,1,KUCUK_TICARETHANE
1001006141.0,39.77572299,30.46718183,26010843.0,5.01,19408.852,0,0,0,0,2,0.0,0.0,0.0,0.0,19408.852,2,ORTA_TICARETHANE
1001006397.0,39.78502195,30.47612185,26010135.0,16.04,2380.749,0,0,0,0,1,0.0,0.0,0.0,0.0,2380.749,1,ORTA_TICARETHANE
1001007414.0,39.79630992,30.51200261,26010524.0,3.67,12293.091,0,4,0,0,2,0.0,4837.323,0.0,0.0,7455.768,6,KUCUK_TICARETHANE
1001007511.0,39.79846313,30.55361511,26009783.0,5.01,1493.023,0,0,0,1,0,0.0,0.0,0.0,1493.023,0.0,0,TARIMSAL_SULAMA
1001007556.0,39.77890837,30.52330317,26006453.0,9.094999999999999,61978.075,0,0,0,0,2,0.0,0.0,0.0,0.0,61978.075,2,ORTA_TICARETHANE
1001007566.0,39.78890674,30.46899359,26010451.0,6.035,13751.59,0,4,0,0,2,0.0,9645.756,0.0,0.0,4105.834,6,KUCUK_TICARETHANE
1001007658.0,39.81989063,30.49197202,26006744.0,5.756666666666667,14273.312000000002,0,1,0,1,1,0.0,3365.529,0.0,5416.734,5491.049,2,KUCUK_TICARETHANE
1001007690.0,39.78864043,30.46687743,26010451.0,5.01,1019.612,0,0,0,0,2,0.0,0.0,0.0,0.0,1019.612,2,KUCUK_TICARETHANE
1001007765.0,39.78237475,30.51818593,26010314.0,5.01,5972.668,0,1,0,0,1,0.0,1429.524,0.0,0.0,4543.144,2,KUCUK_TICARETHANE
1001008131.0,39.7866262,30.49274958,26005997.0,5.01,10607.978,0,0,0,0,1,0.0,0.0,0.0,0.0,10607.978,1,ORTA_TICARETHANE
1001008385.0,39.73732648,30.38367798,26008547.0,50.0,21588.71,0,0,0,0,1,0.0,0.0,0.0,0.0,21588.71,1,ORTA_TICARETHANE
1001008568.0,39.78854268,30.48655534,26005893.0,3.0,15729.0,0,0,0,0,2,0.0,0.0,0.0,0.0,15729.0,2,ORTA_TICARETHANE
1001008834.0,39.79836954,30.49420787,26010541.0,5.01,5764.191,0,0,0,0,1,0.0,0.0,0.0,0.0,5764.191,1,KUCUK_TICARETHANE
1001009378.0,39.79776156,30.59137563,26012453.0,5.01,900.308,0,0,0,0,1,0.0,0.0,0.0,0.0,900.308,1,KUCUK_TICARETHANE
1001009486.0,39.78759286,30.46956182,26010451.0,5.894,5464.23,0,3,0,0,2,0.0,3484.1319999999996,0.0,0.0,1980.098,5,KUCUK_TICARETHANE
1001009650.0,39.78294445,30.51210808,26010685.0,11.440000000000001,83162.887,0,0,0,0,5,0.0,0.0,0.0,0.0,83162.887,5,ORTA_TICARETHANE
1001009834.0,39.78299096,30.47597183,26001518.0,5.01,1160.167,0,0,0,0,1,0.0,0.0,0.0,0.0,1160.167,1,KUCUK_TICARETHANE
1001010097.0,39.78527754,30.46942173,26013546.0,5.01,83.0,0,0,0,0,1,0.0,0.0,0.0,0.0,83.0,1,KUCUK_TICARETHANE
1001010104.0,39.7825254,30.51825006,26010314.0,3.75375,10373.98,0,5,0,0,3,0.0,5274.419,0.0,0.0,5099.561,8,KUCUK_TICARETHANE
1001010277.0,39.77916868,30.51761594,26005147.0,5.01,665.725,0,0,0,0,1,0.0,0.0,0.0,0.0,665.725,1,KUCUK_TICARETHANE
1001010445.0,39.77872564,30.51820879,26005146.0,5.494285714285715,14297.137999999999,0,1,0,0,6,0.0,171.182,0.0,0.0,14125.956,7,ORTA_TICARETHANE
1001010499.0,39.78370044,30.51588949,26010673.0,5.627692307692308,27172.004,0,0,0,0,13,0.0,0.0,0.0,0.0,27172.004,13,ORTA_TICARETHANE
1001010533.0,39.78887985,30.46471763,26010456.0,5.01,2009.9769999999999,0,0,0,0,2,0.0,0.0,0.0,0.0,2009.9769999999999,2,KUCUK_TICARETHANE
1001011079.0,39.8089616,30.49779847,26010538.0,5.01,195.857,0,0,0,0,1,0.0,0.0,0.0,0.0,195.857,1,KUCUK_TICARETHANE
1001011172.0,39.77774352,30.45519133,26010838.0,3.0,10.0,0,0,0,0,1,0.0,0.0,0.0,0.0,10.0,1,KUCUK_TICARETHANE
1001011809.0,39.8076206,30.58386602,26005231.0,5.01,16299.577,0,0,0,1,1,0.0,0.0,0.0,14722.802,1576.775,1,KUCUK_TICARETHANE
1001012011.0,39.78999501,30.47001607,26010450.0,5.743333333333333,19900.5,0,3,0,0,3,0.0,4060.74,0.0,0.0,15839.76,6,ORTA_TICARETHANE
1001012158.0,39.80593224,30.54421252,26002734.0,5.01,809.81,0,0,0,0,2,0.0,0.0,0.0,0.0,809.81,2,KUCUK_TICARETHANE
1001012163.0,39.78385155,30.46936841,26013546.0,26.4,124237.82,0,0,1,0,0,0.0,0.0,124237.82,0.0,0.0,1,ORTA_SANAYI
1001012200.0,39.81272208,30.44636213,26010370.0,8.42,5667.4220000000005,0,0,0,0,2,0.0,0.0,0.0,0.0,5667.4220000000005,2,KUCUK_TICARETHANE
1001012314.0,39.80076087,30.48747045,26005689.0,141.47,151311.04,0,0,0,0,1,0.0,0.0,0.0,0.0,151311.04,1,ORTA_TICARETHANE
1001012511.0,39.78520766,30.45344768,26005971.0,6.141666666666667,7149.813,0,4,0,0,2,0.0,2765.712,0.0,0.0,4384.101,6,KUCUK_TICARETHANE
1001012520.0,39.77655331,30.52052,26005910.0,24.78,31389.443,0,0,0,0,1,0.0,0.0,0.0,0.0,31389.443,1,ORTA_TICARETHANE
1001012736.0,39.80082298,30.49574688,26010543.0,3.0,9061.311,0,0,0,0,1,0.0,0.0,0.0,0.0,9061.311,1,KUCUK_TICARETHANE
1001013166.0,39.79646841,30.51764986,26010516.0,5.01,7829.507,0,0,0,0,1,0.0,0.0,0.0,0.0,7829.507,1,KUCUK_TICARETHANE
1001013246.0,39.84308328,30.49227983,26006785.0,24.0,5646.31,0,0,0,0,1,0.0,0.0,0.0,0.0,5646.31,1,ORTA_TICARETHANE
1001013294.0,39.80211703,30.58079297,26009785.0,5.01,26958.838,0,0,0,1,0,0.0,0.0,0.0,26958.838,0.0,0,TARIMSAL_SULAMA
1001013524.0,39.78505927,30.47564972,26013550.0,5.01,1045.951,0,0,0,0,1,0.0,0.0,0.0,0.0,1045.951,1,KUCUK_TICARETHANE
1001013592.0,39.78754786,30.45265432,26005959.0,5.01,14489.782,1,0,0,0,0,14489.782,0.0,0.0,0.0,0.0,0,AYDINLATMA
1001013652.0,39.79185519,30.54911052,26005690.0,4.720000000000001,3541.4480000000003,0,1,0,0,1,0.0,1771.448,0.0,0.0,1770.0,2,KUCUK_TICARETHANE
1001013776.0,39.78878167,30.48455276,26005892.0,6.087777777777777,18264.563000000002,0,6,0,0,3,0.0,9946.362000000001,0.0,0.0,8318.201,9,KUCUK_TICARETHANE
1001013958.0,39.778037,30.5302571,26006179.0,4.796666666666667,4211.118,0,2,0,0,1,0.0,1503.799,0.0,0.0,2707.319,3,KUCUK_TICARETHANE
1001014419.0,39.80049608,30.48074607,26006286.0,3.0,58717.318,1,0,0,0,0,58717.318,0.0,0.0,0.0,0.0,0,AYDINLATMA
1001014732.0,39.81613962,30.49622363,26013510.0,5.01,2331.6400000000003,0,0,0,0,2,0.0,0.0,0.0,0.0,2331.6400000000003,2,KUCUK_TICARETHANE
1001015175.0,39.80516549,30.59232933,26005231.0,5.01,5746.644,0,0,0,0,1,0.0,0.0,0.0,0.0,5746.644,1,KUCUK_TICARETHANE
1001015287.0,39.78373291,30.46800585,26013545.0,3.0,127.0,0,0,0,0,1,0.0,0.0,0.0,0.0,127.0,1,KUCUK_TICARETHANE
1001015380.0,39.78649541,30.47356835,26013551.0,5.01,91467.258,0,0,0,0,2,0.0,0.0,0.0,0.0,91467.258,2,ORTA_TICARETHANE
1001015486.0,39.78915612,30.53197154,26005883.0,5.01,18179.482,0,0,0,0,3,0.0,0.0,0.0,0.0,18179.482,3,ORTA_TICARETHANE
1001016155.0,39.78659638,30.47527884,26013549.0,21.935000000000002,55657.546,0,0,0,0,2,0.0,0.0,0.0,0.0,55657.546,2,ORTA_TICARETHANE
1001016264.0,39.7710864,30.47966705,26006342.0,5.01,355.307,0,0,0,0,1,0.0,0.0,0.0,0.0,355.307,1,KUCUK_TICARETHANE
1001016322.0,39.7912504,30.46445798,26010448.0,5.88,7419.5,0,0,0,0,4,0.0,0.0,0.0,0.0,7419.5,4,KUCUK_TICARETHANE
1001016637.0,39.7779945,30.52298212,26006453.0,4.34,2129.483,0,2,0,0,1,0.0,1785.538,0.0,0.0,343.945,3,KUCUK_TICARETHANE
1001016643.0,39.78407328,30.51180303,26010684.0,6.391428571428571,34599.991,0,2,0,0,12,0.0,1095.297,0.0,0.0,33504.694,14,ORTA_TICARETHANE
1001016757.0,39.79732952,30.50821552,26010527.0,4.005,14035.716,0,1,0,0,1,0.0,66.444,0.0,0.0,13969.272,2,ORTA_TICARETHANE
1001016849.0,39.77717872,30.51825031,26005146.0,8.067499999999999,96862.70000000001,0,0,0,0,8,0.0,0.0,0.0,0.0,96862.70000000001,8,ORTA_TICARETHANE
1001017063.0,39.79748633,30.51721652,26010516.0,52.8,203780.64,0,0,0,0,1,0.0,0.0,0.0,0.0,203780.64,1,ORTA_TICARETHANE
1001017229.0,39.80173082,30.51461736,26010518.0,4.005,46810.38,1,0,0,0,1,32903.602,0.0,0.0,0.0,13906.778,1,ORTA_TICARETHANE
1001017489.0,39.77500616,30.4746008,26005695.0,3.0,7447.655,0,3,0,0,3,0.0,4211.698,0.0,0.0,3235.9570000000003,6,KUCUK_TICARETHANE
1001017889.0,39.8045746,30.48644973,26012160.0,5.01,47298.472,1,0,0,0,0,47298.472,0.0,0.0,0.0,0.0,0,AYDINLATMA
1001017892.0,39.80365214,30.50815149,26010529.0,4.005,1202.0,0,1,0,0,1,0.0,742.0,0.0,0.0,460.0,2,KUCUK_TICARETHANE
1001017915.0,39.79597111,30.54089385,26005693.0,13.95,7872.899,0,0,0,0,1,0.0,0.0,0.0,0.0,7872.899,1,KUCUK_TICARETHANE
1001018079.0,39.78355293,30.46772665,26013545.0,5.01,657.0,0,0,0,0,1,0.0,0.0,0.0,0.0,657.0,1,KUCUK_TICARETHANE
1001018190.0,39.78345159,30.49781857,26007730.0,2400.0,5155818.0,0,0,0,0,1,0.0,0.0,0.0,0.0,5155818.0,1,BUYUK_TICARETHANE
1001018274.0,39.79272276,30.48716522,26005901.0,4.005,15749.791000000001,0,1,0,0,1,0.0,2031.737,0.0,0.0,13718.054,2,ORTA_TICARETHANE
1001018315.0,39.7980449,30.50715713,26010528.0,5.16,17127.177,0,0,0,0,1,0.0,0.0,0.0,0.0,17127.177,1,ORTA_TICARETHANE
1001018583.0,39.80455573,30.59533875,26003675.0,5.01,1594.3,0,0,0,0,1,0.0,0.0,0.0,0.0,1594.3,1,KUCUK_TICARETHANE
1001018586.0,39.80332994,30.50892324,26010520.0,6.2375,16110.666000000001,0,8,0,0,4,0.0,12110.057,0.0,0.0,4000.609,12,KUCUK_TICARETHANE
1001018679.0,39.78330248,30.47330105,26010805.0,29.88,80827.454,0,0,0,0,2,0.0,0.0,0.0,0.0,80827.454,2,ORTA_TICARETHANE
1001018988.0,39.7972883,30.50012054,26010533.0,3.67,5906.785,0,2,0,0,1,0.0,3499.0,0.0,0.0,2407.785,3,KUCUK_TICARETHANE
1001019071.0,39.8048237,30.59637749,26003675.0,5.01,915.935,0,0,0,0,1,0.0,0.0,0.0,0.0,915.935,1,KUCUK_TICARETHANE
1001019096.0,39.78179246,30.50931283,26010546.0,3.0,11413.607,0,0,0,0,1,0.0,0.0,0.0,0.0,11413.607,1,ORTA_TICARETHANE
1001019160.0,39.78562233,30.4710202,26013547.0,5.01,1284.95,0,0,0,0,1,0.0,0.0,0.0,0.0,1284.95,1,KUCUK_TICARETHANE
1001019643.0,39.78451555,30.47298298,26013548.0,7.98,3022.671,0,0,0,0,1,0.0,0.0,0.0,0.0,3022.671,1,KUCUK_TICARETHANE
1001019849.0,39.78621609,30.47511587,26013549.0,5.01,3657.278,0,0,0,0,1,0.0,0.0,0.0,0.0,3657.278,1,KUCUK_TICARETHANE
1001020623.0,39.77927893,30.50877075,26005186.0,4.326,93643.555,0,0,0,0,5,0.0,0.0,0.0,0.0,93643.555,5,ORTA_TICARETHANE
1001020726.0,39.78503782,30.47118702,26013547.0,8.51,3730.912,0,0,0,0,1,0.0,0.0,0.0,0.0,3730.912,1,KUCUK_TICARETHANE
1001020966.0,39.80568625,30.54254719,26002734.0,5.6,1962.484,0,1,0,0,1,0.0,1924.299,0.0,0.0,38.185,2,KUCUK_TICARETHANE
1001021247.0,39.82120962,30.51652343,26005543.0,5.01,314.552,0,0,0,0,1,0.0,0.0,0.0,0.0,314.552,1,KUCUK_TICARETHANE
1001021248.0,39.77657581,30.55130264,26007722.0,37.17333333333334,239011.398,0,0,0,0,3,0.0,0.0,0.0,0.0,239011.398,3,ORTA_TICARETHANE
1001021359.0,39.78525994,30.46847207,26013544.0,5.01,2920.0,0,0,0,0,1,0.0,0.0,0.0,0.0,2920.0,1,KUCUK_TICARETHANE
1001022051.0,39.77952113,30.45096262,26010837.0,5.01,30395.748,0,0,0,0,1,0.0,0.0,0.0,0.0,30395.748,1,ORTA_TICARETHANE
1001022247.0,39.800407,30.55390803,26009783.0,5.1850000000000005,1913.443,0,1,0,0,1,0.0,1732.0,0.0,0.0,181.443,2,KUCUK_TICARETHANE
1001022295.0,39.76636149,30.46809554,26010913.0,4.656666666666666,10821.629,0,2,0,0,1,0.0,2078.0,0.0,0.0,8743.629,3,KUCUK_TICARETHANE
1001022324.0,39.77630423,30.52230601,26005700.0,3.8614285714285717,9643.725,0,4,0,0,3,0.0,4813.897,0.0,0.0,4829.8279999999995,7,KUCUK_TICARETHANE
1001022394.0,39.79866635,30.5106969,26010522.0,4.32,1964.529,0,0,0,0,1,0.0,0.0,0.0,0.0,1964.529,1,KUCUK_TICARETHANE
1001022573.0,39.77759427,30.53006851,26013562.0,3.0,4347.127,0,0,0,0,2,0.0,0.0,0.0,0.0,4347.127,2,KUCUK_TICARETHANE
1001022756.0,39.80261746,30.50923289,26010520.0,5.01,9536.133,0,0,0,0,2,0.0,0.0,0.0,0.0,9536.133,2,KUCUK_TICARETHANE
1001022940.0,39.78438452,30.46833457,26013546.0,5.01,185.0,0,0,0,0,1,0.0,0.0,0.0,0.0,185.0,1,KUCUK_TICARETHANE
1001023159.0,39.78800485,30.4645442,26010456.0,59.4,1605.55,0,0,0,0,1,0.0,0.0,0.0,0.0,1605.55,1,ORTA_TICARETHANE
1001023258.0,39.78455854,30.47043612,26013546.0,5.01,6474.912,0,0,0,0,1,0.0,0.0,0.0,0.0,6474.912,1,KUCUK_TICARETHANE
1001023371.0,39.78543538,30.47516429,26010135.0,5.01,1202.0,0,0,0,0,1,0.0,0.0,0.0,0.0,1202.0,1,KUCUK_TICARETHANE
1001023615.0,39.79024316,30.52364055,26010292.0,3.0,26471.02,1,0,0,0,0,26471.02,0.0,0.0,0.0,0.0,0,AYDINLATMA
1001024025.0,39.77642286,30.52595808,26010355.0,5.1274999999999995,32634.106,0,7,0,0,9,0.0,7720.209,0.0,0.0,24913.896999999997,16,ORTA_TICARETHANE
1001024175.0,39.79889428,30.49430843,26010543.0,3.0,1510.0,0,0,0,0,1,0.0,0.0,0.0,0.0,1510.0,1,KUCUK_TICARETHANE
1001024318.0,39.78291994,30.4665148,26013545.0,36.01,4350.975,0,0,0,0,1,0.0,0.0,0.0,0.0,4350.975,1,ORTA_TICARETHANE
1001024417.0,39.78260407,30.51864192,26010314.0,8.55,44665.829,0,0,0,0,1,0.0,0.0,0.0,0.0,44665.829,1,ORTA_TICARETHANE
1001024541.0,39.79391118,30.48375968,26005900.0,6.039375,24576.241,0,10,0,0,6,0.0,14440.226999999999,0.0,0.0,10136.014,16,ORTA_TICARETHANE
1001024771.0,39.78553955,30.45688683,26005973.0,3.0,2943.35,0,0,0,0,1,0.0,0.0,0.0,0.0,2943.35,1,KUCUK_TICARETHANE
1001024813.0,39.7782135,30.51398921,26005189.0,15.15,142506.912,0,0,0,0,5,0.0,0.0,0.0,0.0,142506.912,5,ORTA_TICARETHANE
1001024932.0,39.78491148,30.46934203,26013546.0,5.01,11002.0,0,0,0,0,1,0.0,0.0,0.0,0.0,11002.0,1,ORTA_TICARETHANE
1001024975.0,39.77485333,30.46740404,26010844.0,4.005,15272.553,0,1,0,0,1,0.0,956.864,0.0,0.0,14315.689,2,ORTA_TICARETHANE
1001025036.0,39.76900436,30.46865717,26010914.0,3.0,499.961,0,0,0,0,1,0.0,0.0,0.0,0.0,499.961,1,KUCUK_TICARETHANE
1001025206.0,39.77838539,30.51501101,26005189.0,4.359411764705882,233003.714,0,11,0,0,23,0.0,23744.034,0.0,0.0,209259.68,34,ORTA_TICARETHANE
1001025393.0,39.77776584,30.45718504,26010838.0,4.916666666666667,6061.639,0,2,0,0,1,0.0,2482.13,0.0,0.0,3579.509,3,KUCUK_TICARETHANE
1001025412.0,39.78539633,30.47203768,26013548.0,3.0,606.0,0,0,0,0,2,0.0,0.0,0.0,0.0,606.0,2,KUCUK_TICARETHANE
1001025488.0,39.78261261,30.46175316,26005903.0,5.486,7338.1630000000005,0,3,0,0,2,0.0,5658.503,0.0,0.0,1679.66,5,KUCUK_TICARETHANE
1001025656.0,39.96485058,30.53658881,26005227.0,15.0,49240.957,0,0,0,0,1,0.0,0.0,0.0,0.0,49240.957,1,ORTA_TICARETHANE
1001025745.0,39.77274477,30.45196469,26004553.0,5.01,41.817,0,0,0,0,1,0.0,0.0,0.0,0.0,41.817,1,KUCUK_TICARETHANE
1001025782.0,39.79339313,30.4869846,26005901.0,5.01,3237.392,0,0,0,0,1,0.0,0.0,0.0,0.0,3237.392,1,KUCUK_TICARETHANE
1001026031.0,39.80217731,30.58316102,26009785.0,5.01,6369.746,0,0,0,0,1,0.0,0.0,0.0,0.0,6369.746,1,KUCUK_TICARETHANE
1001026374.0,39.78722752,30.50941087,26010670.0,4.25625,31246.46,0,4,0,0,4,0.0,7246.092,0.0,0.0,24000.368000000002,8,ORTA_TICARETHANE
1001026419.0,39.78532481,30.48592701,26006001.0,3.0,10785.362,1,0,0,0,0,10785.362,0.0,0.0,0.0,0.0,0,AYDINLATMA
1001026723.0,39.81382808,30.44595521,26010370.0,6.71,5868.671,0,0,0,0,1,0.0,0.0,0.0,0.0,5868.671,1,KUCUK_TICARETHANE
1001026794.0,39.77770641,30.51675046,26005192.0,4.17047619047619,53911.047,0,2,0,0,40,0.0,15393.656,0.0,0.0,38517.391,42,ORTA_TICARETHANE
1001026825.0,39.79773942,30.51038414,26010523.0,5.01,14212.664,1,0,0,0,0,14212.664,0.0,0.0,0.0,0.0,0,AYDINLATMA
1001026864.0,39.78747985,30.48781056,26005893.0,3.0,8154.0,0,0,0,0,1,0.0,0.0,0.0,0.0,8154.0,1,KUCUK_TICARETHANE
1001026930.0,39.79984412,30.49104969,26010544.0,5.1933333333333325,5264.492,0,2,0,0,1,0.0,3582.483,0.0,0.0,1682.009,3,KUCUK_TICARETHANE
1001026942.0,39.78796912,30.4821316,26006181.0,6.021666666666667,34163.865000000005,0,7,0,0,5,0.0,13037.182,0.0,0.0,21126.683,12,ORTA_TICARETHANE
1001027398.0,39.79723327,30.44998977,26006980.0,150.0,206715.36,0,0,0,0,1,0.0,0.0,0.0,0.0,206715.36,1,ORTA_TICARETHANE
1001027437.0,39.78857645,30.46171061,26010198.0,87.11,105967.9,0,0,1,0,0,0.0,0.0,105967.9,0.0,0.0,1,ORTA_SANAYI
1001027448.0,39.78279246,30.46473704,26005120.0,3.0,28942.375,0,0,0,0,1,0.0,0.0,0.0,0.0,28942.375,1,ORTA_TICARETHANE
1001027704.0,39.79248159,30.54725251,26005690.0,3.0,75854.282,1,0,0,0,0,75854.282,0.0,0.0,0.0,0.0,0,AYDINLATMA
1001027810.0,39.80092631,30.56723345,26005234.0,5.01,2161.011,0,0,0,0,1,0.0,0.0,0.0,0.0,2161.011,1,KUCUK_TICARETHANE
1001027835.0,39.81231178,30.44577187,26010370.0,10.13,12932.189,0,0,0,0,2,0.0,0.0,0.0,0.0,12932.189,2,ORTA_TICARETHANE
1001028142.0,39.79101357,30.50867599,26010664.0,225.67,41532.56,0,0,0,0,1,0.0,0.0,0.0,0.0,41532.56,1,ORTA_TICARETHANE
1001028357.0,39.80083887,30.4824733,26006287.0,5.01,3745.188,0,0,0,0,1,0.0,0.0,0.0,0.0,3745.188,1,KUCUK_TICARETHANE
1001028577.0,39.7678134,30.46927975,26010914.0,4.005,2899.266,0,1,0,0,1,0.0,2242.0,0.0,0.0,657.266,2,KUCUK_TICARETHANE
1001028898.0,39.79172822,30.51534348,26010681.0,5.01,212.779,0,0,0,0,1,0.0,0.0,0.0,0.0,212.779,1,KUCUK_TICARETHANE
1001028973.0,39.78828451,30.52319679,26010348.0,5.874,9541.423999999999,0,3,0,0,2,0.0,3688.607,0.0,0.0,5852.817,5,KUCUK_TICARETHANE
1001029100.0,39.77766664,30.51685208,26005192.0,5.081,83971.784,0,0,0,0,20,0.0,0.0,0.0,0.0,83971.784,20,ORTA_TICARETHANE
1001029208.0,39.78492641,30.51854583,26010761.0,3.0,4684.44,0,0,0,0,1,0.0,0.0,0.0,0.0,4684.44,1,KUCUK_TICARETHANE
1001029279.0,39.79129349,30.51556901,26010681.0,3.0,2357.301,0,1,0,0,1,0.0,5.409,0.0,0.0,2351.892,2,KUCUK_TICARETHANE
1001029563.0,39.79379595,30.54298292,26005440.0,4.005,32263.828,0,1,0,0,1,0.0,2691.595,0.0,0.0,29572.233,2,ORTA_TICARETHANE
1001029644.0,39.80535335,30.59063823,26005231.0,5.01,39539.99,0,0,0,1,0,0.0,0.0,0.0,39539.99,0.0,0,TARIMSAL_SULAMA
1001029791.0,39.77667711,30.52821056,26006452.0,3.7780645161290325,113682.715,0,17,0,0,14,0.0,24685.289,0.0,0.0,88997.426,31,ORTA_TICARETHANE
1001029797.0,39.78458502,30.51944833,26010761.0,5.48,872.775,0,0,0,0,1,0.0,0.0,0.0,0.0,872.775,1,KUCUK_TICARETHANE
1001029824.0,39.77717204,30.52997589,26006229.0,3.0,30291.377,1,0,0,0,1,28553.514,0.0,0.0,0.0,1737.863,1,KUCUK_TICARETHANE
1001029832.0,39.77693992,30.4775855,26005697.0,3.0,7130.0,0,0,0,0,1,0.0,0.0,0.0,0.0,7130.0,1,KUCUK_TICARETHANE
1001029930.0,39.7882527,30.52021123,26010679.0,5.686956521739131,62576.389,0,16,0,0,7,0.0,23654.976000000002,0.0,0.0,38921.413,23,ORTA_TICARETHANE
1001030187.0,39.77907586,30.48067495,26005698.0,5.01,41198.123,0,0,0,0,2,0.0,0.0,0.0,0.0,41198.123,2,ORTA_TICARETHANE
1001030425.0,39.78521026,30.48027758,26006180.0,3.0,39807.064,1,0,0,0,0,39807.064,0.0,0.0,0.0,0.0,0,AYDINLATMA
1001031314.0,39.87047139,30.77775482,26000411.0,60.0,15202.86,0,0,0,0,1,0.0,0.0,0.0,0.0,15202.86,1,ORTA_TICARETHANE
1001031426.0,39.8128381,30.59213088,26005231.0,5.01,765.71,0,0,0,0,1,0.0,0.0,0.0,0.0,765.71,1,KUCUK_TICARETHANE
1001031464.0,39.7979518,30.50209048,26010532.0,5.01,3135.438,0,0,0,0,1,0.0,0.0,0.0,0.0,3135.438,1,KUCUK_TICARETHANE
1001031718.0,39.7876399,30.47670237,26006468.0,16.9,28453.155,0,0,0,0,1,0.0,0.0,0.0,0.0,28453.155,1,ORTA_TICARETHANE
1001031903.0,39.7936085,30.48298051,26006047.0,5.01,8083.95,0,0,0,0,1,0.0,0.0,0.0,0.0,8083.95,1,KUCUK_TICARETHANE
1001032150.0,39.78850945,30.51858297,26010680.0,5.01,2557.38,0,0,0,0,1,0.0,0.0,0.0,0.0,2557.38,1,KUCUK_TICARETHANE
1001032164.0,39.79603904,30.51132753,26010524.0,4.34,3634.917,0,2,0,0,1,0.0,3596.917,0.0,0.0,38.0,3,KUCUK_TICARETHANE
1001032319.0,39.78567003,30.47118484,26013547.0,5.79,692.981,0,0,0,0,2,0.0,0.0,0.0,0.0,692.981,2,KUCUK_TICARETHANE
1001032396.0,39.78421339,30.47169602,26013547.0,5.01,5534.958,0,0,0,0,2,0.0,0.0,0.0,0.0,5534.958,2,KUCUK_TICARETHANE
1001032527.0,39.79632819,30.49863718,26010534.0,5.01,9136.081,0,0,0,0,1,0.0,0.0,0.0,0.0,9136.081,1,KUCUK_TICARETHANE
1001033015.0,39.77790274,30.51627323,26005192.0,3.804,22995.072,0,0,0,0,10,0.0,0.0,0.0,0.0,22995.072,10,ORTA_TICARETHANE
1001033255.0,39.77912583,30.51585107,26005145.0,10.8,3226.645,0,0,0,0,1,0.0,0.0,0.0,0.0,3226.645,1,KUCUK_TICARETHANE
1001033496.0,39.78417898,30.4769461,26010135.0,5.26,33368.814,0,0,0,0,3,0.0,0.0,0.0,0.0,33368.814,3,ORTA_TICARETHANE
1001033734.0,39.79572691,30.48822742,26005899.0,4.34,49201.038,0,0,0,0,3,0.0,0.0,0.0,0.0,49201.038,3,ORTA_TICARETHANE
1001033775.0,39.78823601,30.51700933,26010678.0,5.01,2424.451,0,0,0,0,1,0.0,0.0,0.0,0.0,2424.451,1,KUCUK_TICARETHANE
1001033833.0,39.76526434,30.41315,26010335.0,5.01,45964.431,1,0,0,0,0,45964.431,0.0,0.0,0.0,0.0,0,AYDINLATMA
1001034949.0,39.79039952,30.51947714,26010590.0,10.72,35427.556,0,0,0,0,1,0.0,0.0,0.0,0.0,35427.556,1,ORTA_TICARETHANE
1001035106.0,39.79722345,30.49385118,26010541.0,5.68875,12407.753,0,5,0,0,3,0.0,9175.083999999999,0.0,0.0,3232.669,8,KUCUK_TICARETHANE
1001035277.0,39.77767384,30.53035942,26013562.0,5.01,1182.063,0,0,0,0,1,0.0,0.0,0.0,0.0,1182.063,1,KUCUK_TICARETHANE
1001035665.0,39.77640473,30.52040457,26005910.0,4.34,12805.796,0,0,0,0,3,0.0,0.0,0.0,0.0,12805.796,3,ORTA_TICARETHANE
1001035802.0,39.78837272,30.51875203,26010679.0,54.135,122782.401,0,0,0,0,2,0.0,0.0,0.0,0.0,122782.401,2,ORTA_TICARETHANE
1001036017.0,39.78497011,30.45546453,26005973.0,5.01,6736.558,0,0,0,0,1,0.0,0.0,0.0,0.0,6736.558,1,KUCUK_TICARETHANE
1001036022.0,39.80392055,30.55172771,26005232.0,5.01,6907.769,0,0,0,0,1,0.0,0.0,0.0,0.0,6907.769,1,KUCUK_TICARETHANE
1001036296.0,39.79072513,30.54433292,26005690.0,3.0,447.0,0,0,0,0,1,0.0,0.0,0.0,0.0,447.0,1,KUCUK_TICARETHANE
1001036337.0,39.80139161,30.50956518,26010521.0,4.005,1822.038,0,2,0,0,2,0.0,1019.429,0.0,0.0,802.6089999999999,4,KUCUK_TICARETHANE
1001036421.0,39.78701154,30.46758135,26010455.0,4.005,4965.0830000000005,0,1,0,0,1,0.0,1155.0,0.0,0.0,3810.083,2,KUCUK_TICARETHANE
1001036589.0,39.78983831,30.44995481,26010126.0,3.0,37762.52,1,0,0,0,0,37762.52,0.0,0.0,0.0,0.0,0,AYDINLATMA
1001036663.0,39.81035291,30.58067258,26005231.0,5.01,870.972,0,0,0,1,0,0.0,0.0,0.0,870.972,0.0,0,TARIMSAL_SULAMA
1001036944.0,39.80221802,30.53985643,26014272.0,3.0400000000000005,2837.0,0,2,0,0,1,0.0,2620.0,0.0,0.0,217.0,3,KUCUK_TICARETHANE
1001037126.0,39.78724569,30.52666055,26013564.0,5.01,1593.674,0,0,0,0,1,0.0,0.0,0.0,0.0,1593.674,1,KUCUK_TICARETHANE
1001037324.0,39.79887979,30.50502014,26010528.0,3.0,761.965,0,0,0,0,1,0.0,0.0,0.0,0.0,761.965,1,KUCUK_TICARETHANE
1001037382.0,39.7880145,30.46067687,26010100.0,3.0,40592.517,1,0,0,0,0,40592.517,0.0,0.0,0.0,0.0,0,AYDINLATMA
1001037390.0,39.81277979,30.44644516,26010370.0,6.71,2732.228,0,0,0,0,1,0.0,0.0,0.0,0.0,2732.228,1,KUCUK_TICARETHANE
1001037420.0,39.79556472,30.44824366,26010698.0,16.49,5167.257,0,0,0,0,1,0.0,0.0,0.0,0.0,5167.257,1,ORTA_TICARETHANE
1001037752.0,39.88633952,30.48695974,26007956.0,30.0,102082.088,0,0,0,0,1,0.0,0.0,0.0,0.0,102082.088,1,ORTA_TICARETHANE
1001038153.0,39.79601716,30.53648039,26005693.0,5.01,2351.732,0,0,0,0,1,0.0,0.0,0.0,0.0,2351.732,1,KUCUK_TICARETHANE
1001038422.0,39.7823243,30.48119941,26006000.0,4.25625,24331.733,0,1,0,0,7,0.0,1236.016,0.0,0.0,23095.717,8,ORTA_TICARETHANE
1001038612.0,39.79687779,30.5116056,26010524.0,4.005,6519.577,0,1,0,0,1,0.0,1438.0,0.0,0.0,5081.577,2,KUCUK_TICARETHANE
1001038673.0,39.81760496,30.49881757,26013510.0,5.01,1805.199,0,0,0,0,1,0.0,0.0,0.0,0.0,1805.199,1,KUCUK_TICARETHANE
1001038770.0,39.78468099,30.46650507,26013544.0,13.870000000000001,9486.969000000001,0,0,0,0,2,0.0,0.0,0.0,0.0,9486.969000000001,2,KUCUK_TICARETHANE
1001038984.0,39.77582855,30.45668246,26010839.0,5.01,1897.614,0,0,0,0,1,0.0,0.0,0.0,0.0,1897.614,1,KUCUK_TICARETHANE
1001039179.0,39.79600299,30.50088465,26010533.0,3.0,990.0,0,0,0,0,1,0.0,0.0,0.0,0.0,990.0,1,KUCUK_TICARETHANE
1001039539.0,39.79090681,30.47272074,26005993.0,5.01,13073.809,0,0,0,0,1,0.0,0.0,0.0,0.0,13073.809,1,ORTA_TICARETHANE
1001039592.0,39.79404072,30.56543044,26006164.0,5.01,775.0,0,0,0,0,1,0.0,0.0,0.0,0.0,775.0,1,KUCUK_TICARETHANE
1001039852.0,39.78997123,30.48490572,26005994.0,5.01,3563.528,1,0,0,0,0,3563.528,0.0,0.0,0.0,0.0,0,AYDINLATMA
1001039868.0,39.78951757,30.48570015,26005975.0,5.01,4875.792,0,0,0,0,1,0.0,0.0,0.0,0.0,4875.792,1,KUCUK_TICARETHANE
1001040105.0,39.79248108,30.48740446,26005901.0,4.526666666666666,2114.836,0,2,0,0,1,0.0,1752.258,0.0,0.0,362.578,3,KUCUK_TICARETHANE
1001040266.0,39.77636696,30.55018624,26007722.0,6.18,53242.56,0,0,0,0,1,0.0,0.0,0.0,0.0,53242.56,1,ORTA_TICARETHANE
1001040296.0,39.77929337,30.53107422,26006179.0,6.0375,7744.827,0,2,0,0,2,0.0,2431.667,0.0,0.0,5313.16,4,KUCUK_TICARETHANE
1001040549.0,39.78263529,30.47554006,26001518.0,5.01,989.722,0,0,0,0,1,0.0,0.0,0.0,0.0,989.722,1,KUCUK_TICARETHANE
1001040772.0,39.79080874,30.47742958,26006046.0,5.01,1712.266,0,0,0,0,1,0.0,0.0,0.0,0.0,1712.266,1,KUCUK_TICARETHANE
1001041048.0,39.78434163,30.45126045,26005971.0,3.0,3233.064,0,0,0,0,1,0.0,0.0,0.0,0.0,3233.064,1,KUCUK_TICARETHANE
1001041228.0,39.77718693,30.5286967,26005716.0,3.0,17310.384,1,0,0,0,0,17310.384,0.0,0.0,0.0,0.0,0,AYDINLATMA
1001041333.0,39.83928128,30.54609624,26010283.0,3.0,1148.971,1,0,0,0,0,1148.971,0.0,0.0,0.0,0.0,0,AYDINLATMA
1001041624.0,39.80554591,30.48375274,26012160.0,5.01,1827.484,0,0,0,0,1,0.0,0.0,0.0,0.0,1827.484,1,KUCUK_TICARETHANE
1001042080.0,39.79674458,30.51178341,26010524.0,6.214285714285714,74331.583,0,4,0,0,3,0.0,7831.531999999999,0.0,0.0,66500.051,7,ORTA_TICARETHANE
1001042115.0,39.78988141,30.51666876,26010680.0,4.34,40307.14200000001,0,8,0,0,4,0.0,13185.014,0.0,0.0,27122.128000000004,12,ORTA_TICARETHANE
1001042156.0,39.77943608,30.51469786,26005145.0,17.42,21987.439,0,0,0,0,1,0.0,0.0,0.0,0.0,21987.439,1,ORTA_TICARETHANE
1001042252.0,39.78285146,30.46853421,26013545.0,5.01,4187.298,0,0,0,0,1,0.0,0.0,0.0,0.0,4187.298,1,KUCUK_TICARETHANE
1001042426.0,39.78941042,30.54325529,26005222.0,3.11,2072.0,0,0,0,0,1,0.0,0.0,0.0,0.0,2072.0,1,KUCUK_TICARETHANE
1001043165.0,39.78026795,30.46850373,26013543.0,24.47,88115.185,0,0,0,0,1,0.0,0.0,0.0,0.0,88115.185,1,ORTA_TICARETHANE
1001043454.0,39.78689427,30.4733456,26013551.0,3.0,4119.0,0,0,0,0,1,0.0,0.0,0.0,0.0,4119.0,1,KUCUK_TICARETHANE
1001043602.0,39.77931811,30.51581843,26005145.0,5.096153846153846,57035.556,0,0,0,0,13,0.0,0.0,0.0,0.0,57035.556,13,ORTA_TICARETHANE
1001044098.0,39.79219994,30.51669351,26010681.0,298.93333333333334,398873.548,0,2,0,0,1,0.0,3219.308,0.0,0.0,395654.24,3,ORTA_TICARETHANE
1001044129.0,39.78786148,30.53466751,26005927.0,5.423333333333333,6778.019,0,2,0,0,1,0.0,4568.373,0.0,0.0,2209.646,3,KUCUK_TICARETHANE
1001044242.0,39.78159668,30.51945637,26006230.0,5.01,1086.762,0,0,0,0,1,0.0,0.0,0.0,0.0,1086.762,1,KUCUK_TICARETHANE
1001044274.0,39.7954218,30.48591361,26005900.0,5.01,1520.791,0,0,0,0,1,0.0,0.0,0.0,0.0,1520.791,1,KUCUK_TICARETHANE
1001044714.0,39.80275557,30.49771392,26010538.0,3.0,2777.709,1,0,0,0,0,2777.709,0.0,0.0,0.0,0.0,0,AYDINLATMA
1001044886.0,39.77809086,30.52222731,26005910.0,3.0,14.196,0,0,0,0,1,0.0,0.0,0.0,0.0,14.196,1,KUCUK_TICARETHANE
1001044901.0,39.79564222,30.46872243,26006123.0,3.0,45268.614,1,0,0,0,0,45268.614,0.0,0.0,0.0,0.0,0,AYDINLATMA
1001044990.0,39.78658457,30.47332494,26013551.0,8.4,1854.541,0,0,0,0,1,0.0,0.0,0.0,0.0,1854.541,1,KUCUK_TICARETHANE
1001045624.0,39.79003919,30.52854094,26013574.0,8.84,96.325,0,0,0,0,1,0.0,0.0,0.0,0.0,96.325,1,KUCUK_TICARETHANE
1001046717.0,39.81117174,30.59119991,26005231.0,5.01,1316.523,0,0,0,1,0,0.0,0.0,0.0,1316.523,0.0,0,TARIMSAL_SULAMA
1001046750.0,39.87800217,30.45332376,,150.0,5377.84,0,0,0,0,1,0.0,0.0,0.0,0.0,5377.84,1,ORTA_TICARETHANE
1001046774.0,39.78404166,30.51043909,26010549.0,4.5075,15988.882999999998,0,1,0,0,3,0.0,1812.114,0.0,0.0,14176.769,4,ORTA_TICARETHANE
1001046811.0,39.77947007,30.51463401,26005145.0,3.0,3838.565,0,0,0,0,1,0.0,0.0,0.0,0.0,3838.565,1,KUCUK_TICARETHANE
1001046886.0,39.7878575,30.46240141,26010198.0,16.79,30741.896,0,0,0,0,1,0.0,0.0,0.0,0.0,30741.896,1,ORTA_TICARETHANE
1001046907.0,39.79661093,30.49275321,26010542.0,5.01,1466.876,0,0,0,0,1,0.0,0.0,0.0,0.0,1466.876,1,KUCUK_TICARETHANE
1001047121.0,39.79084319,30.48042283,26005994.0,108.79,126989.14,0,0,0,0,1,0.0,0.0,0.0,0.0,126989.14,1,ORTA_TICARETHANE
1001047143.0,39.78899077,30.51708176,26010680.0,5.01,2687.103,0,0,0,0,1,0.0,0.0,0.0,0.0,2687.103,1,KUCUK_TICARETHANE
1001047155.0,39.8391192,30.55156889,26005489.0,3.0,1465.071,1,0,0,0,0,1465.071,0.0,0.0,0.0,0.0,0,AYDINLATMA
1001047393.0,39.79748481,30.52165454,26010516.0,14.68,78620.86,0,0,0,0,1,0.0,0.0,0.0,0.0,78620.86,1,ORTA_TICARETHANE
1001047477.0,39.77929977,30.50888833,26005186.0,8.25,6184.972,0,0,0,0,1,0.0,0.0,0.0,0.0,6184.972,1,KUCUK_TICARETHANE
1001047632.0,39.80424573,30.41941439,26006434.0,3.0,112678.819,1,0,0,0,0,112678.819,0.0,0.0,0.0,0.0,0,AYDINLATMA
1001048073.0,39.77597963,30.54603402,,1038.0,374616.9,0,0,1,0,0,0.0,0.0,374616.9,0.0,0.0,1,BUYUK_SANAYI
1001048401.0,39.80114941,30.45251297,26005256.0,59.95,74421.16,0,0,0,0,1,0.0,0.0,0.0,0.0,74421.16,1,ORTA_TICARETHANE
1001048579.0,39.7671852,30.44963278,26010896.0,3.0,42892.952,1,0,0,0,0,42892.952,0.0,0.0,0.0,0.0,0,AYDINLATMA
1001048629.0,39.78558208,30.47310693,26013548.0,5.01,37.994,0,0,0,0,1,0.0,0.0,0.0,0.0,37.994,1,KUCUK_TICARETHANE
1001049446.0,39.78624269,30.47135158,26013551.0,3.0,1552.0,0,0,0,0,1,0.0,0.0,0.0,0.0,1552.0,1,KUCUK_TICARETHANE
1001049682.0,39.77842552,30.5113349,26005185.0,4.005,13409.216,0,1,0,0,1,0.0,11.471,0.0,0.0,13397.745,2,ORTA_TICARETHANE
1001050317.0,39.78453331,30.47271748,26013548.0,3.0,4272.226,0,0,0,0,1,0.0,0.0,0.0,0.0,4272.226,1,KUCUK_TICARETHANE
1001050543.0,39.77760551,30.51614496,26005192.0,8.51,192102.004,0,4,0,0,14,0.0,10263.09,0.0,0.0,181838.914,18,ORTA_TICARETHANE
1001050557.0,39.7913349,30.4837234,26010072.0,5.8,30076.067000000003,0,10,0,0,5,0.0,13590.951000000001,0.0,0.0,16485.116,15,ORTA_TICARETHANE
1001050629.0,39.783494,30.46657427,26013545.0,5.01,993.0,0,0,0,0,1,0.0,0.0,0.0,0.0,993.0,1,KUCUK_TICARETHANE
1001050883.0,39.78125213,30.51401629,26010672.0,45.265,105657.50899999999,0,0,0,0,2,0.0,0.0,0.0,0.0,105657.50899999999,2,ORTA_TICARETHANE
1001050944.0,39.80156849,30.4588911,26013636.0,3.0,1534.0,0,0,0,0,1,0.0,0.0,0.0,0.0,1534.0,1,KUCUK_TICARETHANE
1001050990.0,39.78540514,30.47440117,26013549.0,3.0,718.0,0,0,0,0,1,0.0,0.0,0.0,0.0,718.0,1,KUCUK_TICARETHANE
1001051043.0,39.791238,30.48894114,26014892.0,201.7,115482.0,0,0,0,0,1,0.0,0.0,0.0,0.0,115482.0,1,ORTA_TICARETHANE
1001051122.0,39.81641772,30.44438718,26006497.0,5.01,11274.286,0,0,0,0,2,0.0,0.0,0.0,0.0,11274.286,2,ORTA_TICARETHANE
1001051227.0,39.77539285,30.55327414,26007722.0,5.01,375.0,0,0,0,0,1,0.0,0.0,0.0,0.0,375.0,1,KUCUK_TICARETHANE
1001051274.0,39.77971291,30.51478181,26005145.0,5.01,8702.369,0,4,0,0,2,0.0,4750.479,0.0,0.0,3951.8900000000003,6,KUCUK_TICARETHANE
1001051288.0,39.79360441,30.5152214,26010569.0,4.005,28029.865,0,0,0,0,2,0.0,0.0,0.0,0.0,28029.865,2,ORTA_TICARETHANE
1001051389.0,39.78401104,30.51876309,26010761.0,5.01,19768.103,0,0,0,0,2,0.0,0.0,0.0,0.0,19768.103,2,ORTA_TICARETHANE
1001051398.0,39.8368063,30.51096417,26006450.0,5.01,22647.845,0,0,0,1,0,0.0,0.0,0.0,22647.845,0.0,0,TARIMSAL_SULAMA
1001051421.0,39.78159102,30.45037686,26006212.0,5.01,2955.305,0,0,0,0,1,0.0,0.0,0.0,0.0,2955.305,1,KUCUK_TICARETHANE
1001051586.0,39.77508519,30.52292811,26006345.0,3.0,726.0,0,0,0,0,1,0.0,0.0,0.0,0.0,726.0,1,KUCUK_TICARETHANE
1001051606.0,39.77840803,30.51552049,26005195.0,26.41,75205.62,0,0,0,0,1,0.0,0.0,0.0,0.0,75205.62,1,ORTA_TICARETHANE
1001052287.0,39.80168721,30.51256292,26010518.0,4.608,51349.115000000005,0,3,0,0,2,0.0,5395.433,0.0,0.0,45953.682,5,ORTA_TICARETHANE
1001052373.0,39.78569953,30.47610593,26010135.0,3.0,8106.16,1,0,0,0,0,8106.16,0.0,0.0,0.0,0.0,0,AYDINLATMA
1001052427.0,39.7859963,30.51878784,26005915.0,3.0,22.092,0,0,0,0,1,0.0,0.0,0.0,0.0,22.092,1,KUCUK_TICARETHANE
1001052439.0,39.77751255,30.50929797,26005186.0,5.01,2932.0,0,0,0,0,1,0.0,0.0,0.0,0.0,2932.0,1,KUCUK_TICARETHANE
1001052581.0,39.78803144,30.50697129,26010666.0,57.03666666666666,123565.508,0,0,0,0,3,0.0,0.0,0.0,0.0,123565.508,3,ORTA_TICARETHANE
1001052751.0,39.80952803,30.58030246,26005231.0,5.01,998.359,0,0,0,1,0,0.0,0.0,0.0,998.359,0.0,0,TARIMSAL_SULAMA
1001052882.0,39.80738555,30.61170901,26003675.0,5.01,10217.552,0,0,0,1,0,0.0,0.0,0.0,10217.552,0.0,0,TARIMSAL_SULAMA
1001052991.0,39.80071851,30.4984367,26010535.0,4.34,4016.722,0,2,0,0,1,0.0,1473.0,0.0,0.0,2543.722,3,KUCUK_TICARETHANE
1001053044.0,39.76303707,30.45466933,26010894.0,5.01,3709.132,0,0,0,0,1,0.0,0.0,0.0,0.0,3709.132,1,KUCUK_TICARETHANE
1001053133.0,39.79334058,30.44359887,26005974.0,3.0,9105.847,1,0,0,0,0,9105.847,0.0,0.0,0.0,0.0,0,AYDINLATMA
1001053474.0,39.78613239,30.46399046,26010455.0,30.93,19079.04,0,0,1,0,0,0.0,0.0,19079.04,0.0,0.0,1,KUCUK_SANAYI
1001053503.0,39.78152448,30.48953162,26006141.0,28.14,5074.52,0,0,0,0,1,0.0,0.0,0.0,0.0,5074.52,1,ORTA_TICARETHANE
1001053643.0,39.80725255,30.59159316,26005231.0,5.01,3243.555,0,0,0,1,0,0.0,0.0,0.0,3243.555,0.0,0,TARIMSAL_SULAMA
1001053663.0,39.78489593,30.46773758,26013544.0,7.14,4632.215,0,0,0,0,1,0.0,0.0,0.0,0.0,4632.215,1,KUCUK_TICARETHANE
1001054333.0,39.78205397,30.46509256,26005120.0,6.535,2674.58,0,1,0,0,1,0.0,2228.046,0.0,0.0,446.534,2,KUCUK_TICARETHANE
1001054357.0,39.78640424,30.46370317,26010198.0,65.17,66066.9,0,0,0,0,1,0.0,0.0,0.0,0.0,66066.9,1,ORTA_TICARETHANE
1001054409.0,39.80037572,30.51761632,26010515.0,3.0,3287.892,0,0,0,0,1,0.0,0.0,0.0,0.0,3287.892,1,KUCUK_TICARETHANE
1001054890.0,39.79264337,30.54717799,26005690.0,5.01,27925.664,0,2,0,0,2,0.0,3032.0,0.0,0.0,24893.664,4,ORTA_TICARETHANE
1001054988.0,39.779449,30.51376443,26005195.0,3.0,3548.0,0,0,0,0,1,0.0,0.0,0.0,0.0,3548.0,1,KUCUK_TICARETHANE
1001055017.0,39.79181533,30.54568832,26005690.0,5.01,23351.800000000003,0,0,0,0,2,0.0,0.0,0.0,0.0,23351.800000000003,2,ORTA_TICARETHANE
1001055045.0,39.797296,30.47207702,26006187.0,3.0,22376.654,1,0,0,0,0,22376.654,0.0,0.0,0.0,0.0,0,AYDINLATMA
1001055168.0,39.78809442,30.47757278,26005994.0,61.870000000000005,21978.493,0,0,0,0,2,0.0,0.0,0.0,0.0,21978.493,2,ORTA_TICARETHANE
1001055389.0,39.78600425,30.47363293,26013549.0,13.6,1722.442,0,0,0,0,1,0.0,0.0,0.0,0.0,1722.442,1,KUCUK_TICARETHANE
1001055419.0,39.78392543,30.46316043,26005904.0,8.09,2871.7799999999997,0,1,0,0,1,0.0,2614.368,0.0,0.0,257.412,2,KUCUK_TICARETHANE
1001056048.0,39.82354122,30.51514824,26004551.0,5.01,2122.546,0,0,0,0,3,0.0,0.0,0.0,0.0,2122.546,3,KUCUK_TICARETHANE
1001056332.0,39.78011354,30.46252407,26010101.0,29.66,42764.07,0,0,0,0,1,0.0,0.0,0.0,0.0,42764.07,1,ORTA_TICARETHANE
1001056913.0,39.79065941,30.46930148,26010450.0,16.97,47848.816,0,0,0,0,1,0.0,0.0,0.0,0.0,47848.816,1,ORTA_TICARETHANE
1001056982.0,39.77949272,30.51369454,26005195.0,5.4,3906.0,0,0,0,0,1,0.0,0.0,0.0,0.0,3906.0,1,KUCUK_TICARETHANE
1001057002.0,39.79017062,30.5468446,26005222.0,5.745,4234.845,0,2,0,0,2,0.0,3501.302,0.0,0.0,733.543,4,KUCUK_TICARETHANE
1001057067.0,39.77622735,30.52244441,26005700.0,3.0,1216.0,0,0,0,0,1,0.0,0.0,0.0,0.0,1216.0,1,KUCUK_TICARETHANE
1001057291.0,39.78781711,30.52970422,26013564.0,31.08,99961.38,0,0,0,0,1,0.0,0.0,0.0,0.0,99961.38,1,ORTA_TICARETHANE
1001057344.0,39.78350986,30.46984748,26013546.0,5.01,7054.403,0,0,0,0,1,0.0,0.0,0.0,0.0,7054.403,1,KUCUK_TICARETHANE
1001057348.0,39.78749591,30.46272517,26010198.0,62.82,726.18,0,0,0,0,1,0.0,0.0,0.0,0.0,726.18,1,ORTA_TICARETHANE
1001057434.0,39.79375438,30.47758271,26006203.0,13.127500000000001,126437.245,0,2,0,0,2,0.0,4926.684,0.0,0.0,121510.56099999999,4,ORTA_TICARETHANE
1001057666.0,39.89496761,30.87794329,26008629.0,30.0,29337.129,0,0,0,1,0,0.0,0.0,0.0,29337.129,0.0,0,TARIMSAL_SULAMA
1001058327.0,39.78619262,30.53437648,26005686.0,3.0,3735.0,0,0,0,0,1,0.0,0.0,0.0,0.0,3735.0,1,KUCUK_TICARETHANE
1001058369.0,39.79068749,30.48423298,26010072.0,3.67,5546.649,0,2,0,0,1,0.0,1226.6750000000002,0.0,0.0,4319.974,3,KUCUK_TICARETHANE
1001058568.0,39.77682584,30.51961329,26005890.0,5.01,5293.02,0,0,0,0,2,0.0,0.0,0.0,0.0,5293.02,2,KUCUK_TICARETHANE
1001058582.0,39.79327111,30.45308152,26006293.0,129.3,285904.5,0,0,0,0,1,0.0,0.0,0.0,0.0,285904.5,1,ORTA_TICARETHANE
1001058722.0,39.77885359,30.51850675,26005146.0,4.25625,22862.475,0,3,0,0,5,0.0,19138.72,0.0,0.0,3723.755,8,KUCUK_TICARETHANE
1001058727.0,39.77594259,30.52043102,26005910.0,5.01,534.0,0,0,0,0,1,0.0,0.0,0.0,0.0,534.0,1,KUCUK_TICARETHANE
1001059233.0,39.79582498,30.533207,26005693.0,3.0,3151.765,0,0,0,0,1,0.0,0.0,0.0,0.0,3151.765,1,KUCUK_TICARETHANE
1001059342.0,39.7803236,30.46911789,26013543.0,15.85,36601.468,0,0,0,0,1,0.0,0.0,0.0,0.0,36601.468,1,ORTA_TICARETHANE
1001059390.0,39.77956339,30.52133729,26005911.0,4.75875,7196.545,0,4,0,0,4,0.0,4712.674,0.0,0.0,2483.871,8,KUCUK_TICARETHANE
1001059467.0,39.78113859,30.5257233,26006079.0,4.005,7522.523,0,0,0,0,2,0.0,0.0,0.0,0.0,7522.523,2,KUCUK_TICARETHANE
1001059902.0,39.77619892,30.52077217,26005910.0,5.01,14025.055,0,0,0,0,1,0.0,0.0,0.0,0.0,14025.055,1,ORTA_TICARETHANE
1001059962.0,39.81239515,30.44506585,26010370.0,10.13,6671.897,0,0,0,0,1,0.0,0.0,0.0,0.0,6671.897,1,KUCUK_TICARETHANE
1001060043.0,39.83848239,30.50358782,26006450.0,3.0,7032.388,0,0,0,1,0,0.0,0.0,0.0,7032.388,0.0,0,TARIMSAL_SULAMA
1001060295.0,39.78315103,30.46750274,26013545.0,3.0,45522.049,1,0,0,0,0,45522.049,0.0,0.0,0.0,0.0,0,AYDINLATMA
1001060398.0,39.78569339,30.46971027,26013546.0,43.97,959.16,0,0,0,0,1,0.0,0.0,0.0,0.0,959.16,1,ORTA_TICARETHANE
1001060539.0,39.77159458,30.47994249,26006342.0,4.005,9145.943,0,1,0,0,1,0.0,3705.0,0.0,0.0,5440.943,2,KUCUK_TICARETHANE
1001060966.0,39.78381047,30.46597782,26013544.0,3.0,2460.0,0,0,0,0,2,0.0,0.0,0.0,0.0,2460.0,2,KUCUK_TICARETHANE
1001061112.0,39.78667935,30.45226535,26010103.0,11.84,4726.9039999999995,0,1,0,0,1,0.0,3113.526,0.0,0.0,1613.378,2,KUCUK_TICARETHANE
1001061133.0,39.79656248,30.49237598,26010542.0,4.52,1978.225,0,2,0,0,1,0.0,1498.0259999999998,0.0,0.0,480.199,3,KUCUK_TICARETHANE
1001061138.0,39.78453428,30.4696603,26013546.0,5.01,16481.184999999998,0,0,0,0,2,0.0,0.0,0.0,0.0,16481.184999999998,2,ORTA_TICARETHANE
1001061220.0,39.78279422,30.46174542,26005903.0,5.715,16993.035,0,5,0,0,3,0.0,7089.039000000001,0.0,0.0,9903.996,8,KUCUK_TICARETHANE
1001062492.0,39.78091678,30.51012298,26005185.0,3.0,84491.859,1,0,0,0,0,84491.859,0.0,0.0,0.0,0.0,0,AYDINLATMA
1001062987.0,39.77774741,30.51664113,26005192.0,4.828679245283019,91703.718,0,1,0,0,52,0.0,985.606,0.0,0.0,90718.112,53,ORTA_TICARETHANE
1001063002.0,39.78574111,30.47446509,26013549.0,5.01,13043.081,0,0,0,0,1,0.0,0.0,0.0,0.0,13043.081,1,ORTA_TICARETHANE
1001063046.0,39.7913639,30.47454212,26005199.0,6.7,17793.979,0,0,0,0,1,0.0,0.0,0.0,0.0,17793.979,1,ORTA_TICARETHANE
1001063145.0,39.79599551,30.44230709,26006226.0,17.213684210526317,453832.37,0,0,0,0,19,0.0,0.0,0.0,0.0,453832.37,19,ORTA_TICARETHANE
1001063468.0,,,,5.01,6034.973,0,0,0,0,1,0.0,0.0,0.0,0.0,6034.973,1,KUCUK_TICARETHANE
1001063544.0,39.79595474,30.48942014,26005899.0,5.01,18726.677,0,0,0,0,1,0.0,0.0,0.0,0.0,18726.677,1,ORTA_TICARETHANE
1001063847.0,39.80073592,30.5102161,26010521.0,5.01,8579.668,0,0,0,0,2,0.0,0.0,0.0,0.0,8579.668,2,KUCUK_TICARETHANE
1001063919.0,39.77600461,30.5217322,26005723.0,5.01,1589.7,0,0,0,0,1,0.0,0.0,0.0,0.0,1589.7,1,KUCUK_TICARETHANE
1001064106.0,39.76025006,30.46122081,26010890.0,5.01,686.701,0,0,0,0,1,0.0,0.0,0.0,0.0,686.701,1,KUCUK_TICARETHANE
1001064177.0,39.78370284,30.47040705,26013546.0,3.0,1577.0,0,0,0,0,1,0.0,0.0,0.0,0.0,1577.0,1,KUCUK_TICARETHANE
1001064374.0,39.79655887,30.4991451,26010534.0,5.01,2651.034,0,1,0,0,2,0.0,728.461,0.0,0.0,1922.5729999999999,3,KUCUK_TICARETHANE
1001064874.0,39.7888386,30.49230152,26005894.0,5.01,10144.705,0,0,0,0,1,0.0,0.0,0.0,0.0,10144.705,1,ORTA_TICARETHANE
1001064937.0,39.77658359,30.5227127,26005700.0,6.05,3928.729,0,0,0,0,1,0.0,0.0,0.0,0.0,3928.729,1,KUCUK_TICARETHANE
1001064998.0,39.78318381,30.46726711,26013545.0,8.7,1416.831,0,0,0,0,1,0.0,0.0,0.0,0.0,1416.831,1,KUCUK_TICARETHANE
1001065358.0,39.78436631,30.50174235,26010555.0,6.264482758620689,121782.78600000001,0,7,0,0,22,0.0,19845.198,0.0,0.0,101937.588,29,ORTA_TICARETHANE
1001065617.0,39.79325811,30.51985619,26010288.0,5.01,4598.182,0,0,0,0,1,0.0,0.0,0.0,0.0,4598.182,1,KUCUK_TICARETHANE
1001065701.0,39.78837303,30.52363872,26010348.0,3.0,62657.466,1,0,0,0,0,62657.466,0.0,0.0,0.0,0.0,0,AYDINLATMA
1001066023.0,39.78231653,30.51376338,26010672.0,5.49,439.152,0,0,0,0,1,0.0,0.0,0.0,0.0,439.152,1,KUCUK_TICARETHANE
1001066290.0,39.79324057,30.45762753,26007421.0,33.72,26903.375,0,0,0,0,1,0.0,0.0,0.0,0.0,26903.375,1,ORTA_TICARETHANE
1001066456.0,39.80177405,30.55848894,26005233.0,5.01,10164.047,0,0,0,1,0,0.0,0.0,0.0,10164.047,0.0,0,TARIMSAL_SULAMA
1001066528.0,39.79807395,30.49390052,26010541.0,5.01,2414.215,0,0,0,0,1,0.0,0.0,0.0,0.0,2414.215,1,KUCUK_TICARETHANE
1001066734.0,39.80506171,30.50632648,26010520.0,5.01,5389.383,0,0,0,0,1,0.0,0.0,0.0,0.0,5389.383,1,KUCUK_TICARETHANE
1001066751.0,39.78659496,30.51903309,26010679.0,9.24,25358.285,0,0,0,0,1,0.0,0.0,0.0,0.0,25358.285,1,ORTA_TICARETHANE
1001067274.0,39.77702232,30.51143681,26005188.0,4.34,14164.222,0,0,0,0,3,0.0,0.0,0.0,0.0,14164.222,3,ORTA_TICARETHANE
1001067508.0,39.77540638,30.52185125,26005723.0,3.0,1712.0,0,0,0,0,1,0.0,0.0,0.0,0.0,1712.0,1,KUCUK_TICARETHANE
1001068192.0,39.80548966,30.50041595,26010538.0,3.0,7577.0,0,0,0,0,1,0.0,0.0,0.0,0.0,7577.0,1,KUCUK_TICARETHANE
1001068324.0,39.78575822,30.47377641,26013549.0,5.01,6007.958,0,0,0,0,1,0.0,0.0,0.0,0.0,6007.958,1,KUCUK_TICARETHANE
1001068520.0,39.78027799,30.51995609,26006230.0,3.0,29243.206,1,0,0,0,0,29243.206,0.0,0.0,0.0,0.0,0,AYDINLATMA
1001068664.0,39.77594077,30.52357944,26005700.0,5.01,2157.878,0,0,0,0,1,0.0,0.0,0.0,0.0,2157.878,1,KUCUK_TICARETHANE
1001069400.0,39.78220485,30.51851363,26005722.0,5.01,4934.402,0,0,0,0,1,0.0,0.0,0.0,0.0,4934.402,1,KUCUK_TICARETHANE
1001070198.0,39.79666523,30.49874155,26010534.0,3.0,3592.8450000000003,0,0,0,0,2,0.0,0.0,0.0,0.0,3592.8450000000003,2,KUCUK_TICARETHANE
1001070696.0,39.80594052,30.57090075,26005234.0,5.01,16633.05,1,0,0,0,0,16633.05,0.0,0.0,0.0,0.0,0,AYDINLATMA
1001070858.0,39.78538251,30.47410759,26013549.0,5.01,2894.0,0,0,0,0,1,0.0,0.0,0.0,0.0,2894.0,1,KUCUK_TICARETHANE
1001071089.0,39.78484551,30.47130678,26013547.0,3.0,3897.0,0,0,0,0,1,0.0,0.0,0.0,0.0,3897.0,1,KUCUK_TICARETHANE
1001071491.0,39.79018232,30.50965476,26010667.0,5.01,16912.638,0,0,0,0,1,0.0,0.0,0.0,0.0,16912.638,1,ORTA_TICARETHANE
1001071583.0,39.77596656,30.52061847,26005910.0,5.01,1120.0,0,0,0,0,1,0.0,0.0,0.0,0.0,1120.0,1,KUCUK_TICARETHANE
1001071599.0,39.79231875,30.45971841,26010445.0,9.19,1412.881,0,0,0,0,1,0.0,0.0,0.0,0.0,1412.881,1,KUCUK_TICARETHANE
1001071654.0,39.83785694,30.50968242,26006796.0,960.0,349807.23,0,0,1,0,0,0.0,0.0,349807.23,0.0,0.0,1,BUYUK_SANAYI
1001072005.0,39.79345088,30.47878691,26006203.0,5.634545454545455,18564.974000000002,0,7,0,0,4,0.0,9317.961,0.0,0.0,9247.012999999999,11,KUCUK_TICARETHANE
1001072414.0,39.7776224,30.51779893,26005146.0,5.01,5270.952,0,0,0,0,2,0.0,0.0,0.0,0.0,5270.952,2,KUCUK_TICARETHANE
1001073413.0,39.79700007,30.4995144,26010533.0,5.01,6024.0,0,0,0,0,1,0.0,0.0,0.0,0.0,6024.0,1,KUCUK_TICARETHANE
1001073460.0,39.7906932,30.48182037,26005994.0,41.82,59269.14,0,0,0,0,1,0.0,0.0,0.0,0.0,59269.14,1,ORTA_TICARETHANE
1001073636.0,39.79350923,30.48714297,26005901.0,5.01,2856.313,0,0,0,0,1,0.0,0.0,0.0,0.0,2856.313,1,KUCUK_TICARETHANE
1001073874.0,39.7784999,30.51440451,26005189.0,6.865714285714286,164113.439,0,1,0,0,6,0.0,4555.654,0.0,0.0,159557.785,7,ORTA_TICARETHANE
1001073932.0,39.78513813,30.53407611,26005686.0,8.72,5.09,0,0,0,0,1,0.0,0.0,0.0,0.0,5.09,1,KUCUK_TICARETHANE
1001074049.0,39.78588448,30.47154064,26013551.0,36.99,69295.92,0,0,1,0,0,0.0,0.0,69295.92,0.0,0.0,1,ORTA_SANAYI
1001074192.0,39.7951882,30.48364761,26005900.0,5.574999999999999,17348.695,0,5,0,0,3,0.0,6153.18,0.0,0.0,11195.515,8,ORTA_TICARETHANE
1001074233.0,39.78398784,30.50283461,26010547.0,7.14,25076.5,0,0,0,0,1,0.0,0.0,0.0,0.0,25076.5,1,ORTA_TICARETHANE
1001074390.0,39.78573019,30.47301837,26013548.0,5.52,3038.0,0,0,0,0,1,0.0,0.0,0.0,0.0,3038.0,1,KUCUK_TICARETHANE
1001074488.0,39.78332221,30.46899151,26013545.0,5.01,558.884,0,0,0,0,1,0.0,0.0,0.0,0.0,558.884,1,KUCUK_TICARETHANE
1001074510.0,39.78516819,30.47112304,26013547.0,3.0,832.0,0,0,0,0,2,0.0,0.0,0.0,0.0,832.0,2,KUCUK_TICARETHANE
1001074571.0,39.81997418,30.44515268,26010367.0,5.01,2698.63,0,0,0,0,2,0.0,0.0,0.0,0.0,2698.63,2,KUCUK_TICARETHANE
1001074631.0,39.79371234,30.45703423,26006410.0,19.322222222222223,145296.911,0,3,0,0,6,0.0,11680.51,0.0,0.0,133616.401,9,ORTA_TICARETHANE
1001075102.0,39.77754951,30.52247755,26006453.0,4.25625,15876.012,0,11,0,0,5,0.0,12054.534,0.0,0.0,3821.478,16,KUCUK_TICARETHANE
1001075149.0,39.78821121,30.54613193,26006050.0,5.01,2107.08,0,0,0,0,1,0.0,0.0,0.0,0.0,2107.08,1,KUCUK_TICARETHANE
1001075440.0,39.78914069,30.4836039,26005892.0,8.08,29844.925,0,0,0,0,1,0.0,0.0,0.0,0.0,29844.925,1,ORTA_TICARETHANE
1001075749.0,39.7919207,30.45808238,26006410.0,5.01,2067.491,0,0,0,0,1,0.0,0.0,0.0,0.0,2067.491,1,KUCUK_TICARETHANE
1001075867.0,39.78279744,30.51278602,26010672.0,4.965555555555556,5400.048000000001,0,6,0,0,3,0.0,4284.813,0.0,0.0,1115.235,9,KUCUK_TICARETHANE
1001075998.0,39.78890939,30.46140147,26010198.0,51.0,66214.36,0,0,1,0,0,0.0,0.0,66214.36,0.0,0.0,1,ORTA_SANAYI
1001076033.0,39.78306662,30.46914421,26013545.0,5.01,156.951,0,0,0,0,1,0.0,0.0,0.0,0.0,156.951,1,KUCUK_TICARETHANE
1001076202.0,39.80252722,30.5092693,26010520.0,7.23,28747.081,0,0,0,0,1,0.0,0.0,0.0,0.0,28747.081,1,ORTA_TICARETHANE
1001076233.0,39.78453909,30.47305418,26013548.0,18.9,6323.315,0,0,0,0,1,0.0,0.0,0.0,0.0,6323.315,1,ORTA_TICARETHANE
1001076348.0,39.7910917,30.48516394,26010072.0,5.01,14189.431,0,0,1,0,0,0.0,0.0,14189.431,0.0,0.0,1,KUCUK_SANAYI
1001076418.0,39.79172299,30.443885,26006211.0,8.7,15789.151,0,0,0,0,1,0.0,0.0,0.0,0.0,15789.151,1,ORTA_TICARETHANE
1001076534.0,39.76425028,30.46579422,26010888.0,5.01,78.59,0,0,0,0,1,0.0,0.0,0.0,0.0,78.59,1,KUCUK_TICARETHANE
1001076566.0,39.8102685,30.49667689,26010538.0,5.01,5965.579,0,0,0,0,1,0.0,0.0,0.0,0.0,5965.579,1,KUCUK_TICARETHANE
1001076775.0,39.7911565,30.48393259,26010072.0,3.0,35879.509,1,0,0,0,0,35879.509,0.0,0.0,0.0,0.0,0,AYDINLATMA
1001076799.0,39.78048149,30.46991354,26013543.0,12.465,25265.978,0,0,0,0,2,0.0,0.0,0.0,0.0,25265.978,2,ORTA_TICARETHANE
1001077472.0,39.77744376,30.51672521,26005192.0,4.316896551724138,36073.761,0,12,0,0,17,0.0,22276.323,0.0,0.0,13797.438,29,ORTA_TICARETHANE
1001077553.0,39.81199698,30.59672794,26003675.0,5.01,663.357,0,0,0,1,0,0.0,0.0,0.0,663.357,0.0,0,TARIMSAL_SULAMA
1001077582.0,39.79730099,30.51407648,26010517.0,3.0,1838.963,0,1,0,0,1,0.0,1552.0,0.0,0.0,286.963,2,KUCUK_TICARETHANE
1001077706.0,39.79833806,30.51078591,26010522.0,4.005,10691.079000000002,0,1,0,0,1,0.0,8402.762,0.0,0.0,2288.317,2,KUCUK_TICARETHANE
1001077788.0,39.77635066,30.52545659,26010355.0,4.0,10048.774,0,0,0,0,2,0.0,0.0,0.0,0.0,10048.774,2,ORTA_TICARETHANE
1001077810.0,39.830394,30.620974,26000100.0,1200.0,1398163.56,0,0,0,0,1,0.0,0.0,0.0,0.0,1398163.56,1,BUYUK_TICARETHANE
1001078103.0,39.77902741,30.51304653,26005195.0,87.0,97174.35,0,0,0,0,1,0.0,0.0,0.0,0.0,97174.35,1,ORTA_TICARETHANE
1001078425.0,39.8096564,30.59781094,26003675.0,5.01,116.915,0,0,0,0,1,0.0,0.0,0.0,0.0,116.915,1,KUCUK_TICARETHANE
1001078630.0,39.78917291,30.48445048,26005893.0,5.01,11817.889,0,4,0,0,2,0.0,4525.623,0.0,0.0,7292.266,6,KUCUK_TICARETHANE
1001078705.0,39.79138577,30.53171933,26013566.0,5.08,27.565,0,0,0,0,1,0.0,0.0,0.0,0.0,27.565,1,KUCUK_TICARETHANE
1001078747.0,39.77881928,30.51581882,26005145.0,5.01,47261.748999999996,0,0,0,0,4,0.0,0.0,0.0,0.0,47261.748999999996,4,ORTA_TICARETHANE
1001078973.0,39.79064986,30.51689627,26010681.0,5.01,3997.4849999999997,0,2,0,0,1,0.0,2957.415,0.0,0.0,1040.07,3,KUCUK_TICARETHANE
1001079154.0,39.77608056,30.52150275,26005723.0,4.676666666666667,40049.144,0,0,0,0,3,0.0,0.0,0.0,0.0,40049.144,3,ORTA_TICARETHANE
1001079221.0,39.77762694,30.51708071,26005147.0,4.918235294117647,27497.679,0,3,0,0,14,0.0,4629.871,0.0,0.0,22867.808,17,ORTA_TICARETHANE
1001079657.0,39.76475218,30.47046372,26010916.0,3.0,18767.088,0,0,0,0,1,0.0,0.0,0.0,0.0,18767.088,1,ORTA_TICARETHANE
1001079873.0,39.78515357,30.47313561,26013548.0,5.01,5698.431,0,0,0,0,1,0.0,0.0,0.0,0.0,5698.431,1,KUCUK_TICARETHANE
1001080822.0,39.78615657,30.47460487,26013549.0,5.01,2240.653,0,0,0,0,1,0.0,0.0,0.0,0.0,2240.653,1,KUCUK_TICARETHANE
1001081022.0,39.78342099,30.46635757,26013545.0,3.0,116.0,0,0,0,0,1,0.0,0.0,0.0,0.0,116.0,1,KUCUK_TICARETHANE
1001081402.0,39.80209606,30.49698317,26010537.0,4.79,8505.16,0,3,0,0,2,0.0,2868.706,0.0,0.0,5636.454,5,KUCUK_TICARETHANE
1001081582.0,39.77990773,30.46868996,26013543.0,17.97,53320.241,0,0,1,0,0,0.0,0.0,53320.241,0.0,0.0,1,ORTA_SANAYI
1001081947.0,39.77757433,30.51706508,26005192.0,37.58,20023.3,0,0,0,0,1,0.0,0.0,0.0,0.0,20023.3,1,ORTA_TICARETHANE
1001082060.0,39.77716245,30.52413068,26005909.0,3.0,3941.574,0,0,0,0,1,0.0,0.0,0.0,0.0,3941.574,1,KUCUK_TICARETHANE
1001082095.0,39.79007996,30.53034505,26013566.0,5.01,7354.395,0,0,0,0,1,0.0,0.0,0.0,0.0,7354.395,1,KUCUK_TICARETHANE
1001082473.0,39.77548329,30.47290374,26005696.0,6.131666666666667,6290.071,0,4,0,0,2,0.0,4174.161,0.0,0.0,2115.91,6,KUCUK_TICARETHANE
1001082912.0,39.79068333,30.46066928,26010447.0,6.245,4197.1,0,1,0,0,3,0.0,954.57,0.0,0.0,3242.5299999999997,4,KUCUK_TICARETHANE
1001083054.0,39.78574795,30.48157725,26005996.0,7.8,12776.0,0,0,0,0,1,0.0,0.0,0.0,0.0,12776.0,1,ORTA_TICARETHANE
1001083062.0,39.78438064,30.51865639,26010761.0,3.0,45791.461,1,0,0,0,0,45791.461,0.0,0.0,0.0,0.0,0,AYDINLATMA
1001083313.0,39.79711061,30.49404809,26010541.0,4.005,1915.694,0,1,0,0,1,0.0,1400.694,0.0,0.0,515.0,2,KUCUK_TICARETHANE
1001083323.0,39.79956958,30.49297248,26010544.0,4.005,1650.447,0,1,0,0,1,0.0,1623.741,0.0,0.0,26.706,2,KUCUK_TICARETHANE
1001083412.0,39.78542552,30.47408008,26013549.0,5.01,3398.0,0,0,0,0,1,0.0,0.0,0.0,0.0,3398.0,1,KUCUK_TICARETHANE
1001083475.0,39.80344447,30.59098944,26009785.0,4.005,1475.678,0,0,0,1,1,0.0,0.0,0.0,380.0,1095.678,1,KUCUK_TICARETHANE
1001083536.0,39.78669294,30.50943668,26010670.0,155.57,370501.92,0,0,0,0,1,0.0,0.0,0.0,0.0,370501.92,1,ORTA_TICARETHANE
1001083543.0,39.78098194,30.52558629,26006077.0,5.01,12763.052,0,0,0,0,1,0.0,0.0,0.0,0.0,12763.052,1,ORTA_TICARETHANE
1001083616.0,39.78527358,30.47335628,26013548.0,5.01,1501.0,0,0,0,0,1,0.0,0.0,0.0,0.0,1501.0,1,KUCUK_TICARETHANE
1001083739.0,39.80572403,30.60583079,26003675.0,5.01,3894.294,0,0,0,1,0,0.0,0.0,0.0,3894.294,0.0,0,TARIMSAL_SULAMA
1001083840.0,39.8104265,30.4905133,26005126.0,5.01,14474.291,0,0,0,0,1,0.0,0.0,0.0,0.0,14474.291,1,ORTA_TICARETHANE
1001084110.0,39.78696521,30.50961169,26010670.0,10.31,54865.165,0,0,0,0,1,0.0,0.0,0.0,0.0,54865.165,1,ORTA_TICARETHANE
1001084188.0,39.7845395,30.46895921,26013546.0,5.01,348.0,0,0,0,0,1,0.0,0.0,0.0,0.0,348.0,1,KUCUK_TICARETHANE
1001084362.0,39.79714805,30.49364984,26010541.0,5.01,10810.436,0,0,0,0,3,0.0,0.0,0.0,0.0,10810.436,3,ORTA_TICARETHANE
1001084546.0,39.78314541,30.46910459,26013545.0,5.01,2583.595,0,0,0,0,1,0.0,0.0,0.0,0.0,2583.595,1,KUCUK_TICARETHANE
1001084688.0,39.77654541,30.46266567,26010840.0,3.0,3318.076,0,0,0,0,1,0.0,0.0,0.0,0.0,3318.076,1,KUCUK_TICARETHANE
1001085149.0,39.79833245,30.49867781,26010535.0,5.01,1271.0,0,0,0,0,1,0.0,0.0,0.0,0.0,1271.0,1,KUCUK_TICARETHANE
1001085463.0,39.78379739,30.46797231,26013545.0,3.0,598.0,0,0,0,0,1,0.0,0.0,0.0,0.0,598.0,1,KUCUK_TICARETHANE
1001085603.0,39.785549,30.53440109,26005686.0,3.67,2437.575,0,2,0,0,1,0.0,1952.575,0.0,0.0,485.0,3,KUCUK_TICARETHANE
1001085606.0,39.7774739,30.51755558,26005192.0,33.9325,170917.744,0,0,0,0,4,0.0,0.0,0.0,0.0,170917.744,4,ORTA_TICARETHANE
1001086334.0,39.80007338,30.37000169,26008118.0,30.0,3737.811,0,0,0,0,1,0.0,0.0,0.0,0.0,3737.811,1,ORTA_TICARETHANE
1001086438.0,39.77987329,30.5139765,26005145.0,9.445,43196.58,0,0,0,0,2,0.0,0.0,0.0,0.0,43196.58,2,ORTA_TICARETHANE
1001086511.0,39.79687678,30.6416597,26006930.0,6.0,3829.1,0,0,0,0,1,0.0,0.0,0.0,0.0,3829.1,1,KUCUK_TICARETHANE
1001086843.0,39.78791381,30.53736868,26005428.0,4.02,14396.126,0,0,0,0,2,0.0,0.0,0.0,0.0,14396.126,2,ORTA_TICARETHANE
1001087390.0,39.7782587,30.46524144,26010841.0,5.01,444.453,0,0,0,0,1,0.0,0.0,0.0,0.0,444.453,1,KUCUK_TICARETHANE
1001087536.0,39.78415193,30.46810135,26013545.0,5.01,2288.0,0,0,0,0,1,0.0,0.0,0.0,0.0,2288.0,1,KUCUK_TICARETHANE
1001087722.0,39.77763202,30.53025595,26013562.0,5.01,2919.374,0,0,0,0,1,0.0,0.0,0.0,0.0,2919.374,1,KUCUK_TICARETHANE
1001087786.0,39.7759678,30.52017397,26005723.0,5.01,15975.292,0,0,0,0,2,0.0,0.0,0.0,0.0,15975.292,2,ORTA_TICARETHANE
1001088251.0,39.80073644,30.56322029,26005233.0,5.01,2593.267,0,0,0,1,0,0.0,0.0,0.0,2593.267,0.0,0,TARIMSAL_SULAMA
1001089103.0,39.78010954,30.51392464,26005145.0,20.3,23975.834,0,0,0,0,1,0.0,0.0,0.0,0.0,23975.834,1,ORTA_TICARETHANE
1001089122.0,39.7791293,30.46564134,26010841.0,5.01,3760.574,0,0,0,0,1,0.0,0.0,0.0,0.0,3760.574,1,KUCUK_TICARETHANE
1001089142.0,39.775376,30.55322601,26007722.0,5.01,4188.203,0,0,0,0,1,0.0,0.0,0.0,0.0,4188.203,1,KUCUK_TICARETHANE
1001089266.0,39.78878115,30.53635489,26005927.0,4.148571428571429,15338.753,0,4,0,0,3,0.0,3499.022,0.0,0.0,11839.731,7,ORTA_TICARETHANE
1001089456.0,39.78199219,30.47472546,26013550.0,5.01,11120.0,0,0,0,0,1,0.0,0.0,0.0,0.0,11120.0,1,ORTA_TICARETHANE
1001089735.0,39.7774611,30.51798657,26005146.0,9.84,20970.043,0,0,0,0,1,0.0,0.0,0.0,0.0,20970.043,1,ORTA_TICARETHANE
1001089737.0,39.78553146,30.47279535,26013548.0,10.74,6165.0,0,0,0,0,1,0.0,0.0,0.0,0.0,6165.0,1,KUCUK_TICARETHANE
1001090009.0,39.78448363,30.46857616,26013546.0,5.01,1234.0,0,0,0,0,1,0.0,0.0,0.0,0.0,1234.0,1,KUCUK_TICARETHANE
1001090179.0,39.78547644,30.46885128,26013546.0,7.73,1886.458,0,0,0,0,1,0.0,0.0,0.0,0.0,1886.458,1,KUCUK_TICARETHANE
1001090224.0,39.77878847,30.51762925,26005146.0,5.01,29037.786,0,3,0,0,6,0.0,1893.5570000000002,0.0,0.0,27144.229,9,ORTA_TICARETHANE
1001090330.0,39.78300441,30.47699307,26001518.0,3.0,1355.0,0,0,0,0,1,0.0,0.0,0.0,0.0,1355.0,1,KUCUK_TICARETHANE
1001090427.0,39.78460372,30.47400031,26013549.0,5.01,27497.380999999998,0,0,0,0,2,0.0,0.0,0.0,0.0,27497.380999999998,2,ORTA_TICARETHANE
1001090777.0,39.78069707,30.50246951,26000798.0,46.96,51708.75,0,0,0,0,1,0.0,0.0,0.0,0.0,51708.75,1,ORTA_TICARETHANE
1001090821.0,39.7785637,30.51748893,26005146.0,10.19,7646.231,0,1,0,0,1,0.0,2884.821,0.0,0.0,4761.41,2,KUCUK_TICARETHANE
1001090983.0,39.78574143,30.5191305,26006025.0,3.1546153846153846,25427.089,0,9,0,0,4,0.0,15938.089,0.0,0.0,9489.0,13,KUCUK_TICARETHANE
1001091010.0,39.7883549,30.5210631,26010590.0,5.01,11218.956,0,2,0,0,1,0.0,489.289,0.0,0.0,10729.667,3,ORTA_TICARETHANE
1001091051.0,39.79295363,30.54334928,26005443.0,3.0,33615.159,1,0,0,0,0,33615.159,0.0,0.0,0.0,0.0,0,AYDINLATMA
1001091164.0,39.77664562,30.521552,26005723.0,4.005,9319.465,0,0,0,0,2,0.0,0.0,0.0,0.0,9319.465,2,KUCUK_TICARETHANE
1001091305.0,39.7775001,30.51659167,26005192.0,4.005,35366.244999999995,0,6,0,0,10,0.0,6393.977,0.0,0.0,28972.268,16,ORTA_TICARETHANE
1001091448.0,39.78521627,30.47338677,26013548.0,9.75,383.0,0,0,0,0,1,0.0,0.0,0.0,0.0,383.0,1,KUCUK_TICARETHANE
1001091469.0,39.78654553,30.47354707,26013551.0,3.0,306.0,0,0,0,0,2,0.0,0.0,0.0,0.0,306.0,2,KUCUK_TICARETHANE
1001091491.0,39.77607315,30.52076196,26005910.0,3.67,20486.253,0,1,0,0,2,0.0,771.0,0.0,0.0,19715.253,3,ORTA_TICARETHANE
1001091500.0,39.7874894,30.50758409,26010552.0,9.818333333333333,221659.506,0,0,0,0,6,0.0,0.0,0.0,0.0,221659.506,6,ORTA_TICARETHANE
1001091742.0,39.78725479,30.46295336,26010198.0,45.76,106004.28,0,0,1,0,0,0.0,0.0,106004.28,0.0,0.0,1,ORTA_SANAYI
1001091942.0,39.78229716,30.45549351,26005972.0,5.01,4695.711,0,0,0,0,1,0.0,0.0,0.0,0.0,4695.711,1,KUCUK_TICARETHANE
1001091953.0,39.78071514,30.49534207,26001149.0,12.35625,208603.45,0,4,0,0,4,0.0,4753.951,0.0,0.0,203849.499,8,ORTA_TICARETHANE
1001092079.0,39.78866406,30.48418436,26005892.0,4.722857142857143,5379.315,0,4,0,0,3,0.0,3364.951,0.0,0.0,2014.364,7,KUCUK_TICARETHANE
1001092402.0,39.79763304,30.55335371,26009783.0,3.0,32756.972,1,0,0,0,0,32756.972,0.0,0.0,0.0,0.0,0,AYDINLATMA
1001092716.0,39.7903304,30.48531428,26010072.0,7.628571428571428,205716.62900000002,0,9,1,0,4,0.0,15129.474,124028.413,0.0,66558.742,14,ORTA_SANAYI
1001092804.0,39.78626153,30.53893919,26005429.0,3.0,8591.492,0,0,0,0,1,0.0,0.0,0.0,0.0,8591.492,1,KUCUK_TICARETHANE
1001092850.0,39.7921262,30.56668429,26006164.0,5.01,5140.874,0,0,0,0,1,0.0,0.0,0.0,0.0,5140.874,1,KUCUK_TICARETHANE
1001093002.0,39.79199515,30.47536336,26005199.0,5.01,5546.086,0,1,0,0,1,0.0,3534.219,0.0,0.0,2011.867,2,KUCUK_TICARETHANE
1001093547.0,39.79239068,30.51971723,26010289.0,5.01,12556.007,0,0,0,0,1,0.0,0.0,0.0,0.0,12556.007,1,ORTA_TICARETHANE
1001093840.0,39.78222845,30.54330925,26006186.0,5.01,15699.62,0,0,0,0,1,0.0,0.0,0.0,0.0,15699.62,1,ORTA_TICARETHANE
1001093849.0,39.77786826,30.51719851,26005147.0,4.773,42144.645,0,12,0,0,8,0.0,23204.52,0.0,0.0,18940.125,20,ORTA_TICARETHANE
1001094012.0,39.7876683,30.5470544,26006050.0,3.0,1509.535,0,0,0,0,1,0.0,0.0,0.0,0.0,1509.535,1,KUCUK_TICARETHANE
1001094097.0,39.78173503,30.48897771,26006141.0,15.6,64965.02,0,0,0,0,1,0.0,0.0,0.0,0.0,64965.02,1,ORTA_TICARETHANE
1001094273.0,39.78835027,30.46608611,26010456.0,5.045,8180.879,0,4,0,0,2,0.0,6837.67,0.0,0.0,1343.209,6,KUCUK_TICARETHANE
1001094335.0,39.78466033,30.4964167,26010566.0,15.319999999999999,74545.44200000001,0,0,0,0,8,0.0,0.0,0.0,0.0,74545.44200000001,8,ORTA_TICARETHANE
1001094349.0,39.78502046,30.47348427,26013548.0,3.0,853.0,0,0,0,0,1,0.0,0.0,0.0,0.0,853.0,1,KUCUK_TICARETHANE
1001094378.0,39.77818001,30.51764897,26005146.0,4.206,7451.04,0,3,0,0,2,0.0,4255.512,0.0,0.0,3195.5280000000002,5,KUCUK_TICARETHANE
1001094423.0,39.79687705,30.49293429,26010541.0,5.53,9990.807,0,4,0,0,2,0.0,6640.857,0.0,0.0,3349.95,6,KUCUK_TICARETHANE
1001094442.0,39.80043623,30.57594106,26009785.0,3.0,7280.744,0,0,0,1,0,0.0,0.0,0.0,7280.744,0.0,0,TARIMSAL_SULAMA
1001094465.0,39.79888141,30.51776761,26010516.0,5.01,60793.297999999995,1,0,0,0,1,46938.956,0.0,0.0,0.0,13854.342,1,ORTA_TICARETHANE
1001094697.0,39.79478794,30.52255956,26010154.0,5.966666666666666,19641.119,0,4,0,0,2,0.0,5472.907,0.0,0.0,14168.212,6,ORTA_TICARETHANE
1001094792.0,39.78355038,30.46959493,26013546.0,5.01,1127.005,0,0,0,0,1,0.0,0.0,0.0,0.0,1127.005,1,KUCUK_TICARETHANE
1001094820.0,39.77977659,30.5117501,26005185.0,3.0,6724.0,0,1,0,0,1,0.0,13.0,0.0,0.0,6711.0,2,KUCUK_TICARETHANE
1001094862.0,39.77717409,30.5195387,26005890.0,4.34,40243.085,0,8,0,0,16,0.0,16228.217,0.0,0.0,24014.868,24,ORTA_TICARETHANE
1001094970.0,39.79024971,30.51946129,26010590.0,5.01,16414.143,0,1,0,0,3,0.0,263.587,0.0,0.0,16150.556,4,ORTA_TICARETHANE
1001094975.0,39.81178722,30.43715406,26013642.0,5.01,921.233,1,0,0,0,0,921.233,0.0,0.0,0.0,0.0,0,AYDINLATMA
1001095185.0,39.813773,30.44588579,26010370.0,6.71,2728.982,0,0,0,0,1,0.0,0.0,0.0,0.0,2728.982,1,KUCUK_TICARETHANE
1001095267.0,39.78624413,30.50882183,26010551.0,38.605000000000004,196031.12,0,0,0,0,2,0.0,0.0,0.0,0.0,196031.12,2,ORTA_TICARETHANE
1001095315.0,39.78977959,30.52853611,26013564.0,4.5075,3595.691,0,2,0,0,2,0.0,2793.268,0.0,0.0,802.423,4,KUCUK_TICARETHANE
1001095350.0,39.79010277,30.507176,26010667.0,5.01,77.032,0,0,0,0,1,0.0,0.0,0.0,0.0,77.032,1,KUCUK_TICARETHANE
1001096030.0,39.78274553,30.47028704,26013546.0,5.01,1268.422,0,0,0,0,1,0.0,0.0,0.0,0.0,1268.422,1,KUCUK_TICARETHANE
1001096036.0,39.77684957,30.51128969,26005188.0,5.496666666666666,54077.155,0,7,0,0,5,0.0,35255.358,0.0,0.0,18821.797,12,ORTA_TICARETHANE
1001096609.0,39.77816247,30.52908565,26005913.0,3.0,21905.28,1,0,0,0,0,21905.28,0.0,0.0,0.0,0.0,0,AYDINLATMA
1001096856.0,39.80310645,30.53655685,,5.01,3123.894,0,0,0,0,1,0.0,0.0,0.0,0.0,3123.894,1,KUCUK_TICARETHANE
1001097323.0,39.80212468,30.56138352,26005233.0,6.16,6833.518,0,1,0,0,1,0.0,5306.575,0.0,0.0,1526.943,2,KUCUK_TICARETHANE
1001097503.0,39.77577754,30.52231747,26005700.0,5.01,2971.733,0,0,0,0,1,0.0,0.0,0.0,0.0,2971.733,1,KUCUK_TICARETHANE
1001097805.0,39.78763531,30.4688158,26010451.0,3.0,17453.0,0,0,0,0,1,0.0,0.0,0.0,0.0,17453.0,1,ORTA_TICARETHANE
1001097840.0,39.77818454,30.51661748,26005147.0,43.52,292884.772,0,0,0,0,2,0.0,0.0,0.0,0.0,292884.772,2,ORTA_TICARETHANE
1001098006.0,39.7928165,30.53243863,26013569.0,5.515,71424.675,0,2,0,0,8,0.0,1388.81,0.0,0.0,70035.86499999999,10,ORTA_TICARETHANE
1001098040.0,39.78590153,30.473694,26013549.0,5.01,1190.0,0,0,0,0,2,0.0,0.0,0.0,0.0,1190.0,2,KUCUK_TICARETHANE
1001098422.0,39.77615258,30.52043533,26005910.0,4.005,3308.858,0,0,0,0,2,0.0,0.0,0.0,0.0,3308.858,2,KUCUK_TICARETHANE
1001098640.0,39.80504455,30.59823065,26003675.0,5.43,9937.474,0,1,0,1,3,0.0,1664.0,0.0,1006.538,7266.936,4,KUCUK_TICARETHANE
1001098832.0,39.77898364,30.51727799,26005147.0,4.75875,25045.961,0,3,0,0,5,0.0,3292.824,0.0,0.0,21753.137,8,ORTA_TICARETHANE
1001098931.0,39.77158199,30.47583238,26010901.0,4.890000000000001,161.255,0,0,0,0,2,0.0,0.0,0.0,0.0,161.255,2,KUCUK_TICARETHANE
1001099126.0,39.78969334,30.45905867,26006410.0,13.56,69815.867,0,0,0,0,1,0.0,0.0,0.0,0.0,69815.867,1,ORTA_TICARETHANE
1001099262.0,39.80273261,30.56468653,26005234.0,5.01,2514.859,0,0,0,0,1,0.0,0.0,0.0,0.0,2514.859,1,KUCUK_TICARETHANE
1001099346.0,39.81019406,30.5848666,26005231.0,5.01,466.629,0,0,0,0,1,0.0,0.0,0.0,0.0,466.629,1,KUCUK_TICARETHANE
1001099377.0,39.78958987,30.51784171,26010680.0,4.34,10257.607,0,4,0,0,2,0.0,5908.377,0.0,0.0,4349.23,6,KUCUK_TICARETHANE
1001099708.0,39.775914,30.47124797,26010846.0,3.0,3680.27,0,0,0,0,2,0.0,0.0,0.0,0.0,3680.27,2,KUCUK_TICARETHANE
1001099823.0,39.79066904,30.48396586,26010072.0,4.5075,2883.045,0,2,0,0,2,0.0,528.367,0.0,0.0,2354.678,4,KUCUK_TICARETHANE
1001099889.0,39.87839608,30.49075387,26008290.0,37.8,16200.02,0,0,0,0,1,0.0,0.0,0.0,0.0,16200.02,1,ORTA_TICARETHANE
1001100249.0,39.79384191,30.51380486,26010569.0,5.946,14458.149,0,0,0,0,10,0.0,0.0,0.0,0.0,14458.149,10,ORTA_TICARETHANE
1001100465.0,39.81181222,30.44723082,26010370.0,15.02,7157.83,0,0,0,0,1,0.0,0.0,0.0,0.0,7157.83,1,ORTA_TICARETHANE
1001100468.0,39.77734887,30.52417061,26005909.0,5.01,2704.474,0,0,0,0,1,0.0,0.0,0.0,0.0,2704.474,1,KUCUK_TICARETHANE
1001100814.0,39.78006843,30.51431468,26005145.0,4.916666666666667,5717.986999999999,0,2,0,0,1,0.0,2826.7709999999997,0.0,0.0,2891.216,3,KUCUK_TICARETHANE
1001100884.0,39.79040067,30.48471198,26010072.0,5.366666666666667,72845.511,0,0,0,0,3,0.0,0.0,0.0,0.0,72845.511,3,ORTA_TICARETHANE
1001100932.0,39.80506494,30.50715884,26010520.0,5.345,29165.652000000002,0,1,0,0,1,0.0,525.467,0.0,0.0,28640.185,2,ORTA_TICARETHANE
1001100960.0,39.79087302,30.4587286,26010445.0,15.11,22155.058,0,0,0,0,1,0.0,0.0,0.0,0.0,22155.058,1,ORTA_TICARETHANE
1001101035.0,39.78327593,30.46786994,26013545.0,5.01,1302.0,0,0,0,0,1,0.0,0.0,0.0,0.0,1302.0,1,KUCUK_TICARETHANE
1001101076.0,39.77688425,30.52989549,26006229.0,3.0,9911.341,0,0,0,0,2,0.0,0.0,0.0,0.0,9911.341,2,KUCUK_TICARETHANE
1001101154.0,39.78302513,30.51858971,26005722.0,5.01,1701.147,0,0,0,0,1,0.0,0.0,0.0,0.0,1701.147,1,KUCUK_TICARETHANE
1001101302.0,39.80489485,30.57476766,26009785.0,6.125,13963.172999999999,0,0,0,1,1,0.0,0.0,0.0,4519.924,9443.249,1,KUCUK_TICARETHANE
1001101380.0,39.77542095,30.52149232,26005723.0,3.0,3572.0,0,0,0,0,1,0.0,0.0,0.0,0.0,3572.0,1,KUCUK_TICARETHANE
1001101422.0,39.7868839,30.48761673,26006490.0,3.0,1734.294,0,0,0,0,1,0.0,0.0,0.0,0.0,1734.294,1,KUCUK_TICARETHANE
1001101605.0,39.77823467,30.51525263,26005192.0,4.5075,17058.087,0,4,0,0,4,0.0,8379.054,0.0,0.0,8679.033,8,KUCUK_TICARETHANE
1001101643.0,39.77494758,30.46028879,26010848.0,5.583333333333333,4283.179,0,3,0,0,3,0.0,1067.297,0.0,0.0,3215.8819999999996,6,KUCUK_TICARETHANE
1001101820.0,39.79139676,30.54530877,26005690.0,5.01,7938.693,0,2,0,0,2,0.0,777.0,0.0,0.0,7161.693,4,KUCUK_TICARETHANE
1001102155.0,39.77534552,30.52675909,26010373.0,3.0,3011.368,1,0,0,0,0,3011.368,0.0,0.0,0.0,0.0,0,AYDINLATMA
1001102513.0,39.79015042,30.52703332,26013574.0,3.0,1577.0,0,1,0,0,1,0.0,1048.0,0.0,0.0,529.0,2,KUCUK_TICARETHANE
1001102958.0,39.7755197,30.52345239,26006345.0,5.01,3359.953,0,0,0,0,1,0.0,0.0,0.0,0.0,3359.953,1,KUCUK_TICARETHANE
1001103273.0,39.77549741,30.52101657,26005723.0,3.0,10667.0,0,0,0,0,1,0.0,0.0,0.0,0.0,10667.0,1,ORTA_TICARETHANE
1001103680.0,39.77877968,30.44878969,26010835.0,5.01,2361.936,0,0,0,0,1,0.0,0.0,0.0,0.0,2361.936,1,KUCUK_TICARETHANE
1001103979.0,39.8010108,30.51775316,26010515.0,3.0,313.0,0,0,0,0,1,0.0,0.0,0.0,0.0,313.0,1,KUCUK_TICARETHANE
1001104139.0,39.79134442,30.47058615,26005993.0,5.01,39010.049,0,0,0,0,1,0.0,0.0,0.0,0.0,39010.049,1,ORTA_TICARETHANE
1001104284.0,39.77750709,30.51113186,26005188.0,6.175833333333333,18544.886,0,7,0,0,5,0.0,7787.192,0.0,0.0,10757.694,12,ORTA_TICARETHANE
1001104297.0,39.78511237,30.52642072,26013573.0,5.01,21318.348,1,0,0,0,0,21318.348,0.0,0.0,0.0,0.0,0,AYDINLATMA
1001104445.0,39.77770296,30.51773591,26005146.0,4.8425,69600.73300000001,0,1,0,0,23,0.0,74.462,0.0,0.0,69526.27100000001,24,ORTA_TICARETHANE
1001104468.0,39.7891647,30.47392893,26005993.0,5.01,9941.647,0,2,0,0,1,0.0,4718.1,0.0,0.0,5223.547,3,KUCUK_TICARETHANE
1001104882.0,39.76645521,30.4679984,26010913.0,4.005,3625.0,0,1,0,0,1,0.0,1552.0,0.0,0.0,2073.0,2,KUCUK_TICARETHANE
1001105151.0,39.78993404,30.51593381,26005134.0,5.01,1737.684,0,0,0,0,1,0.0,0.0,0.0,0.0,1737.684,1,KUCUK_TICARETHANE
1001105327.0,39.7965846,30.52822367,26013571.0,3.0,120715.638,1,0,0,0,0,120715.638,0.0,0.0,0.0,0.0,0,AYDINLATMA
1001105513.0,39.77623869,30.52083176,26005910.0,5.01,750.748,0,0,0,0,1,0.0,0.0,0.0,0.0,750.748,1,KUCUK_TICARETHANE
1001105600.0,39.79843047,30.50271182,26010532.0,4.005,3505.17,0,1,0,0,1,0.0,1745.0,0.0,0.0,1760.17,2,KUCUK_TICARETHANE
1001105687.0,39.83521764,30.50083994,26006449.0,4.5075,43447.944,1,1,0,1,1,24467.549,7460.078,0.0,6944.552,4575.765,2,KUCUK_TICARETHANE
1001105818.0,39.78002132,30.50992613,26005185.0,1680.0,1673584.65,0,0,0,0,1,0.0,0.0,0.0,0.0,1673584.65,1,BUYUK_TICARETHANE
1001105821.0,39.80296721,30.49666195,26010537.0,3.0,19.117,0,0,0,0,1,0.0,0.0,0.0,0.0,19.117,1,KUCUK_TICARETHANE
1001106310.0,39.79963656,30.51061012,26010521.0,4.005,6279.352999999999,0,1,0,0,1,0.0,4990.418,0.0,0.0,1288.935,2,KUCUK_TICARETHANE
1001106416.0,39.78305356,30.46475557,26005120.0,5.01,3966.0,0,0,0,0,1,0.0,0.0,0.0,0.0,3966.0,1,KUCUK_TICARETHANE
1001106628.0,39.78258806,30.47749494,26001518.0,57.8,4201.8,0,0,0,0,1,0.0,0.0,0.0,0.0,4201.8,1,ORTA_TICARETHANE
1001106672.0,39.80141081,30.5099132,26010521.0,5.01,4518.537,0,0,0,0,3,0.0,0.0,0.0,0.0,4518.537,3,KUCUK_TICARETHANE
1001106782.0,39.7869485,30.45436393,26005959.0,3.64,6132.071,0,0,0,0,1,0.0,0.0,0.0,0.0,6132.071,1,KUCUK_TICARETHANE
1001106861.0,39.7826275,30.51166205,26010671.0,5.01,590.0,0,0,0,0,1,0.0,0.0,0.0,0.0,590.0,1,KUCUK_TICARETHANE
1001106920.0,39.78567461,30.47480641,26013549.0,9.45,4509.0,0,0,0,0,1,0.0,0.0,0.0,0.0,4509.0,1,KUCUK_TICARETHANE
1001106943.0,39.77921501,30.50842181,26005186.0,3.0,2184.474,0,0,0,0,1,0.0,0.0,0.0,0.0,2184.474,1,KUCUK_TICARETHANE
1001107079.0,39.78588598,30.47175687,26013551.0,11.34,99087.329,0,0,0,0,2,0.0,0.0,0.0,0.0,99087.329,2,ORTA_TICARETHANE
1001107096.0,39.79645347,30.49511101,26010540.0,102.615,33069.84,0,1,0,0,1,0.0,1695.0,0.0,0.0,31374.84,2,ORTA_TICARETHANE
1001107339.0,39.7858883,30.47083607,26013547.0,5.01,1494.395,0,0,0,0,1,0.0,0.0,0.0,0.0,1494.395,1,KUCUK_TICARETHANE
1001107843.0,39.77728516,30.51127507,26005188.0,4.608,30543.692,0,3,0,0,2,0.0,5497.2519999999995,0.0,0.0,25046.44,5,ORTA_TICARETHANE
1001107877.0,39.79534025,30.50973132,26010526.0,5.01,4285.263,0,0,0,0,1,0.0,0.0,0.0,0.0,4285.263,1,KUCUK_TICARETHANE
1001108254.0,39.80120114,30.54723801,26010317.0,5.01,2419.471,0,0,0,0,1,0.0,0.0,0.0,0.0,2419.471,1,KUCUK_TICARETHANE
1001108656.0,39.79368248,30.55803049,26006232.0,3.0,4539.472,0,0,0,0,1,0.0,0.0,0.0,0.0,4539.472,1,KUCUK_TICARETHANE
1001108948.0,39.77938351,30.51443993,26005145.0,4.206,26328.718,0,1,0,0,4,0.0,199.042,0.0,0.0,26129.676,5,ORTA_TICARETHANE
1001109016.0,,,,96.56,40481.6,0,0,0,0,1,0.0,0.0,0.0,0.0,40481.6,1,ORTA_TICARETHANE
1001109131.0,39.79526954,30.54433512,26005440.0,3.0,655.243,0,0,0,0,1,0.0,0.0,0.0,0.0,655.243,1,KUCUK_TICARETHANE
1001109187.0,39.8000762,30.58085259,26009785.0,5.01,641.208,0,0,0,0,1,0.0,0.0,0.0,0.0,641.208,1,KUCUK_TICARETHANE
1001109270.0,39.77798847,30.51888832,26005146.0,5.01,13868.506000000001,0,3,0,0,2,0.0,5362.1359999999995,0.0,0.0,8506.37,5,KUCUK_TICARETHANE
1001109545.0,39.798667,30.45803792,26013636.0,5.01,805.642,0,0,0,0,1,0.0,0.0,0.0,0.0,805.642,1,KUCUK_TICARETHANE
1001109623.0,39.78277064,30.46730439,26013545.0,24.15,662.73,0,0,0,0,1,0.0,0.0,0.0,0.0,662.73,1,ORTA_TICARETHANE
1001109692.0,39.79687477,30.51133334,26010524.0,4.005,1754.582,0,1,0,0,1,0.0,1647.152,0.0,0.0,107.43,2,KUCUK_TICARETHANE
1001109750.0,39.77930968,30.48455185,26005907.0,5.01,6972.751,0,0,0,0,1,0.0,0.0,0.0,0.0,6972.751,1,KUCUK_TICARETHANE
1001110235.0,39.79438882,30.48208203,26005900.0,5.01,13080.369,0,0,0,0,1,0.0,0.0,0.0,0.0,13080.369,1,ORTA_TICARETHANE
1001110481.0,39.81030234,30.58584081,26005231.0,5.01,538.447,0,0,0,0,1,0.0,0.0,0.0,0.0,538.447,1,KUCUK_TICARETHANE
1001110507.0,39.77750316,30.51723817,26005192.0,4.2059999999999995,38734.006,0,2,0,0,23,0.0,1550.0,0.0,0.0,37184.006,25,ORTA_TICARETHANE
1001110687.0,39.79817319,30.50214152,26010532.0,4.34,7230.354,0,3,0,0,3,0.0,4500.844,0.0,0.0,2729.51,6,KUCUK_TICARETHANE
1001110744.0,39.77870031,30.51815673,26005146.0,5.01,5769.717,0,0,0,0,1,0.0,0.0,0.0,0.0,5769.717,1,KUCUK_TICARETHANE
1001110760.0,39.79781422,30.4369414,26006210.0,4.005,34957.131,1,0,0,0,1,34070.871,0.0,0.0,0.0,886.26,1,KUCUK_TICARETHANE
1001110966.0,39.80327467,30.49828345,26010538.0,5.01,1462.395,0,0,0,0,1,0.0,0.0,0.0,0.0,1462.395,1,KUCUK_TICARETHANE
1001111288.0,39.78484287,30.47621018,26010135.0,6.08,13860.911,0,0,0,0,1,0.0,0.0,0.0,0.0,13860.911,1,ORTA_TICARETHANE
1001111295.0,39.77893738,30.50955547,26005186.0,4.504,15100.697,0,1,0,0,4,0.0,1267.894,0.0,0.0,13832.803,5,ORTA_TICARETHANE
1001111368.0,39.78439999,30.47268877,26013548.0,5.01,1244.0,0,0,0,0,1,0.0,0.0,0.0,0.0,1244.0,1,KUCUK_TICARETHANE
1001111972.0,39.78484851,30.47357884,26013548.0,3.0,2916.0,0,0,0,0,1,0.0,0.0,0.0,0.0,2916.0,1,KUCUK_TICARETHANE
1001112077.0,39.85520801,30.47850958,26005650.0,5.01,1554.653,0,0,0,0,1,0.0,0.0,0.0,0.0,1554.653,1,KUCUK_TICARETHANE
1001112374.0,39.7830622,30.47110607,26013546.0,3.0,2489.557,0,0,0,0,1,0.0,0.0,0.0,0.0,2489.557,1,KUCUK_TICARETHANE
1001112433.0,39.77632477,30.47766772,26005697.0,3.0,7851.0,0,0,0,0,1,0.0,0.0,0.0,0.0,7851.0,1,KUCUK_TICARETHANE
1001112528.0,39.78486695,30.50970929,26010549.0,5.01,5628.05,0,0,0,0,1,0.0,0.0,0.0,0.0,5628.05,1,KUCUK_TICARETHANE
1001112655.0,39.78160524,30.52486449,26006263.0,3.0,14340.762,1,0,0,0,0,14340.762,0.0,0.0,0.0,0.0,0,AYDINLATMA
1001112692.0,39.79367769,30.47772838,26006203.0,5.01,7355.504,0,0,0,0,1,0.0,0.0,0.0,0.0,7355.504,1,KUCUK_TICARETHANE
1001113145.0,39.79805238,30.49393125,26010541.0,5.01,5265.063,0,0,0,0,1,0.0,0.0,0.0,0.0,5265.063,1,KUCUK_TICARETHANE
1001113638.0,39.77033721,30.47043346,26010914.0,5.975,4059.965,0,0,0,0,2,0.0,0.0,0.0,0.0,4059.965,2,KUCUK_TICARETHANE
1001113751.0,39.77863861,30.51651547,26005147.0,9.07,50494.774,0,0,0,0,3,0.0,0.0,0.0,0.0,50494.774,3,ORTA_TICARETHANE
1001113809.0,39.77646395,30.51956613,26005890.0,5.09,567.131,0,0,0,0,1,0.0,0.0,0.0,0.0,567.131,1,KUCUK_TICARETHANE
1001114020.0,39.80059978,30.45806793,26013636.0,5.01,672.05,0,0,0,0,1,0.0,0.0,0.0,0.0,672.05,1,KUCUK_TICARETHANE
1001114132.0,39.78557545,30.47194007,26013548.0,5.01,20087.335,0,0,0,0,1,0.0,0.0,0.0,0.0,20087.335,1,ORTA_TICARETHANE
1001114335.0,39.80026178,30.47694664,26006286.0,5.01,7.219,0,0,0,0,1,0.0,0.0,0.0,0.0,7.219,1,KUCUK_TICARETHANE
1001114382.0,39.78673537,30.47458508,26013551.0,5.01,6594.355,0,0,0,0,1,0.0,0.0,0.0,0.0,6594.355,1,KUCUK_TICARETHANE
1001114567.0,39.76753834,30.46727115,26010913.0,5.01,50.187,0,0,0,0,1,0.0,0.0,0.0,0.0,50.187,1,KUCUK_TICARETHANE
1001114748.0,39.7861064,30.47463541,26013549.0,3.0,690.0,0,0,0,0,1,0.0,0.0,0.0,0.0,690.0,1,KUCUK_TICARETHANE
1001114843.0,39.77712474,30.51062137,26005188.0,6.91,34216.005000000005,0,6,0,0,3,0.0,23967.937,0.0,0.0,10248.068,9,ORTA_TICARETHANE
1001115001.0,39.78265564,30.46239803,26005904.0,9.885,2911.2780000000002,0,1,0,0,1,0.0,2457.112,0.0,0.0,454.166,2,KUCUK_TICARETHANE
1001115139.0,39.77808648,30.51871366,26005146.0,4.608,13219.982,0,3,0,0,2,0.0,2236.721,0.0,0.0,10983.261,5,ORTA_TICARETHANE
1001115338.0,39.78760334,30.46574446,26010455.0,5.01,3382.368,0,0,0,0,1,0.0,0.0,0.0,0.0,3382.368,1,KUCUK_TICARETHANE
1001115437.0,39.79111561,30.50893498,26010664.0,326.29,88838.45,0,0,0,0,1,0.0,0.0,0.0,0.0,88838.45,1,ORTA_TICARETHANE
1001115598.0,39.78981139,30.57288258,26005236.0,5.01,28.916,0,0,0,0,1,0.0,0.0,0.0,0.0,28.916,1,KUCUK_TICARETHANE
1001115871.0,39.77840812,30.51017175,26005186.0,8.7,3205.521,0,0,0,0,1,0.0,0.0,0.0,0.0,3205.521,1,KUCUK_TICARETHANE
1001115935.0,39.78367956,30.469722,26013546.0,5.01,9940.563,0,0,0,0,1,0.0,0.0,0.0,0.0,9940.563,1,KUCUK_TICARETHANE
1001115964.0,39.77001118,30.46864105,26010914.0,12.326666666666668,31944.53,0,0,0,0,3,0.0,0.0,0.0,0.0,31944.53,3,ORTA_TICARETHANE
1001115982.0,39.78174858,30.51571178,26010672.0,5.6075,31671.869000000002,0,2,0,0,2,0.0,219.46200000000002,0.0,0.0,31452.407,4,ORTA_TICARETHANE
1001116087.0,39.78469483,30.47502947,26013550.0,101.28,70633.28,0,0,1,0,0,0.0,0.0,70633.28,0.0,0.0,1,ORTA_SANAYI
1001116096.0,39.77577972,30.52236382,26005700.0,5.01,1524.0,0,0,0,0,1,0.0,0.0,0.0,0.0,1524.0,1,KUCUK_TICARETHANE
1001116104.0,39.78246718,30.51375215,26010672.0,5.01,44297.739,0,0,0,0,4,0.0,0.0,0.0,0.0,44297.739,4,ORTA_TICARETHANE
1001116182.0,39.80176383,30.59942114,26003675.0,5.01,4136.535,0,0,0,1,0,0.0,0.0,0.0,4136.535,0.0,0,TARIMSAL_SULAMA
1001116499.0,39.78446545,30.46900194,26013546.0,6.0,2829.335,0,0,0,0,1,0.0,0.0,0.0,0.0,2829.335,1,KUCUK_TICARETHANE
1001116520.0,39.79324085,30.45761517,26007421.0,18.0,77932.073,0,0,0,0,1,0.0,0.0,0.0,0.0,77932.073,1,ORTA_TICARETHANE
1001116568.0,39.81246203,30.44598801,26010370.0,10.13,4786.345,0,0,0,0,1,0.0,0.0,0.0,0.0,4786.345,1,KUCUK_TICARETHANE
1001116860.0,39.80691531,30.53863345,26014272.0,5.01,235.416,0,0,0,0,1,0.0,0.0,0.0,0.0,235.416,1,KUCUK_TICARETHANE
1001117059.0,39.79217785,30.46925379,26005930.0,4.005,7539.461,1,0,0,0,1,6943.35,0.0,0.0,0.0,596.111,1,KUCUK_TICARETHANE
1001117219.0,39.77929287,30.5148841,26005145.0,4.5075,37328.504,0,3,0,0,5,0.0,3816.3819999999996,0.0,0.0,33512.122,8,ORTA_TICARETHANE
1001117652.0,39.78507829,30.47007673,26013546.0,3.0,1074.0,0,0,0,0,1,0.0,0.0,0.0,0.0,1074.0,1,KUCUK_TICARETHANE
1001117745.0,39.77774236,30.51856903,26005146.0,3.3349999999999995,2790.912,0,3,0,0,3,0.0,361.21399999999994,0.0,0.0,2429.698,6,KUCUK_TICARETHANE
1001117945.0,39.7765158,30.52242188,26005700.0,5.01,783.0,0,0,0,0,1,0.0,0.0,0.0,0.0,783.0,1,KUCUK_TICARETHANE
1001118321.0,39.77811956,30.52024898,26005910.0,3.0,957.0,0,0,0,0,1,0.0,0.0,0.0,0.0,957.0,1,KUCUK_TICARETHANE
1001118357.0,39.78594174,30.47546121,26013549.0,11.52,860.0,0,0,0,0,1,0.0,0.0,0.0,0.0,860.0,1,KUCUK_TICARETHANE
1001118359.0,39.78632321,30.54617322,26006050.0,3.0,27287.386,1,0,0,0,0,27287.386,0.0,0.0,0.0,0.0,0,AYDINLATMA
1001118493.0,39.81152698,30.59679461,26003675.0,5.01,741.431,0,0,0,0,1,0.0,0.0,0.0,0.0,741.431,1,KUCUK_TICARETHANE
1001118516.0,39.77861325,30.51798461,26005146.0,5.01,4230.0,0,0,0,0,1,0.0,0.0,0.0,0.0,4230.0,1,KUCUK_TICARETHANE
1001118524.0,39.78168199,30.46515183,26005120.0,5.01,5741.822,0,1,0,0,1,0.0,1748.549,0.0,0.0,3993.273,2,KUCUK_TICARETHANE
1001118619.0,39.79850911,30.51047083,26010522.0,5.5,24166.472,0,5,0,0,3,0.0,7108.652,0.0,0.0,17057.82,8,ORTA_TICARETHANE
1001118622.0,39.78992909,30.46352998,26010449.0,31.01,18865.314,0,0,0,0,1,0.0,0.0,0.0,0.0,18865.314,1,ORTA_TICARETHANE
1001118868.0,39.78814128,30.46009115,26006410.0,26.213333333333335,61854.505000000005,0,0,0,0,3,0.0,0.0,0.0,0.0,61854.505000000005,3,ORTA_TICARETHANE
1001118884.0,39.7803047,30.51906463,26005726.0,5.01,2172.0,0,0,0,0,1,0.0,0.0,0.0,0.0,2172.0,1,KUCUK_TICARETHANE
1001119105.0,39.78267135,30.47011093,26013546.0,5.02,3903.0,0,0,0,0,2,0.0,0.0,0.0,0.0,3903.0,2,KUCUK_TICARETHANE
1001119190.0,39.79508297,30.51293818,26010524.0,4.794,16181.955,0,2,0,0,3,0.0,3831.284,0.0,0.0,12350.671,5,ORTA_TICARETHANE
1001119225.0,39.79439314,30.50829102,26010526.0,5.01,352.987,0,0,0,0,1,0.0,0.0,0.0,0.0,352.987,1,KUCUK_TICARETHANE
1001119322.0,39.79247692,30.54715586,26005690.0,5.01,14323.654,0,0,0,0,2,0.0,0.0,0.0,0.0,14323.654,2,ORTA_TICARETHANE
1001119388.0,39.80036074,30.48751649,26006287.0,5.01,106.702,0,0,0,0,1,0.0,0.0,0.0,0.0,106.702,1,KUCUK_TICARETHANE
1001119588.0,39.78564452,30.50915228,26010551.0,4.616,4868.866,0,3,0,0,2,0.0,1009.866,0.0,0.0,3859.0,5,KUCUK_TICARETHANE
1001119677.0,39.79101954,30.51265124,26010682.0,3.0,26109.65,1,0,0,0,0,26109.65,0.0,0.0,0.0,0.0,0,AYDINLATMA
1001119845.0,39.78860175,30.53868653,26005428.0,3.0,603.0,0,0,0,0,2,0.0,0.0,0.0,0.0,603.0,2,KUCUK_TICARETHANE
1001119970.0,39.79197752,30.52280047,26010289.0,5.01,51805.364,0,0,0,0,1,0.0,0.0,0.0,0.0,51805.364,1,ORTA_TICARETHANE
1001120014.0,39.7778847,30.51839036,26005146.0,3.0,3062.8,0,0,0,0,1,0.0,0.0,0.0,0.0,3062.8,1,KUCUK_TICARETHANE
1001120319.0,39.77939083,30.47353915,26010105.0,19.8,16620.735,0,0,0,0,1,0.0,0.0,0.0,0.0,16620.735,1,ORTA_TICARETHANE
1001120491.0,39.78768172,30.5176303,26010677.0,40.33,66619.5,0,0,0,0,1,0.0,0.0,0.0,0.0,66619.5,1,ORTA_TICARETHANE
1001120646.0,39.78096688,30.47009289,26010805.0,29.355,2794.1400000000003,0,0,0,0,2,0.0,0.0,0.0,0.0,2794.1400000000003,2,ORTA_TICARETHANE
1001120682.0,39.78293181,30.46934672,26013546.0,3.0,195.0,0,0,0,0,1,0.0,0.0,0.0,0.0,195.0,1,KUCUK_TICARETHANE
1001120783.0,39.78720307,30.48891614,26005997.0,4.391538461538461,54673.857,0,0,0,0,13,0.0,0.0,0.0,0.0,54673.857,13,ORTA_TICARETHANE
1001120842.0,39.80435264,30.55346626,26005232.0,5.01,5148.443,0,0,0,1,0,0.0,0.0,0.0,5148.443,0.0,0,TARIMSAL_SULAMA
1001121165.0,39.80572423,30.56841754,26005234.0,5.01,2880.055,0,0,0,1,0,0.0,0.0,0.0,2880.055,0.0,0,TARIMSAL_SULAMA
1001121191.0,39.7833309,30.46783016,26013545.0,3.0,61.0,0,0,0,0,1,0.0,0.0,0.0,0.0,61.0,1,KUCUK_TICARETHANE
1001121200.0,39.78523044,30.4681074,26013544.0,5.01,2604.716,0,0,0,0,1,0.0,0.0,0.0,0.0,2604.716,1,KUCUK_TICARETHANE
1001121283.0,39.77967108,30.5129281,26005185.0,5.359999999999999,160167.607,0,11,0,0,7,0.0,18246.536,0.0,0.0,141921.071,18,ORTA_TICARETHANE
1001121331.0,39.78825775,30.53519481,26005927.0,5.01,6093.0,0,2,0,0,1,0.0,3527.0,0.0,0.0,2566.0,3,KUCUK_TICARETHANE
1001121345.0,39.79202102,30.45706265,26006410.0,5.01,9410.493,0,0,0,0,1,0.0,0.0,0.0,0.0,9410.493,1,KUCUK_TICARETHANE
1001121908.0,39.78820918,30.48040096,26006157.0,8.95,13136.347,0,0,0,0,1,0.0,0.0,0.0,0.0,13136.347,1,ORTA_TICARETHANE
1001121983.0,39.79624737,30.48901454,26005899.0,5.678,6167.694,0,3,0,0,2,0.0,4737.058,0.0,0.0,1430.636,5,KUCUK_TICARETHANE
1001122216.0,39.7810881,30.46973406,26013543.0,150.0,6117.76,0,0,0,0,1,0.0,0.0,0.0,0.0,6117.76,1,ORTA_TICARETHANE
1001122235.0,39.78359003,30.47060705,26013546.0,8.36,5.008,0,0,0,0,1,0.0,0.0,0.0,0.0,5.008,1,KUCUK_TICARETHANE
1001122269.0,39.78424399,30.47178889,26013547.0,5.01,5350.75,0,0,0,0,1,0.0,0.0,0.0,0.0,5350.75,1,KUCUK_TICARETHANE
1001122552.0,39.78536099,30.47596048,26010135.0,5.01,3178.0,0,0,0,0,1,0.0,0.0,0.0,0.0,3178.0,1,KUCUK_TICARETHANE
1001122667.0,39.77886184,30.5219326,26005910.0,7.49,2911.276,0,0,0,0,1,0.0,0.0,0.0,0.0,2911.276,1,KUCUK_TICARETHANE
1001122826.0,39.79891611,30.50499816,26010528.0,3.0,366.231,0,0,0,0,1,0.0,0.0,0.0,0.0,366.231,1,KUCUK_TICARETHANE
1001123323.0,39.78956332,30.46335124,26010456.0,17.035,9530.928,0,0,0,0,2,0.0,0.0,0.0,0.0,9530.928,2,ORTA_TICARETHANE
1001123719.0,39.78073541,30.46840498,26013543.0,45.6,10593.22,0,0,1,0,0,0.0,0.0,10593.22,0.0,0.0,1,KUCUK_SANAYI
1001123774.0,39.80124706,30.56713476,26005234.0,5.01,651.381,0,0,0,0,1,0.0,0.0,0.0,0.0,651.381,1,KUCUK_TICARETHANE
1001123858.0,39.77573778,30.52187436,26005723.0,5.01,4715.344,0,0,0,0,1,0.0,0.0,0.0,0.0,4715.344,1,KUCUK_TICARETHANE
1001123932.0,39.78792544,30.51907135,26010679.0,6.199999999999999,15136.845,0,0,0,0,2,0.0,0.0,0.0,0.0,15136.845,2,ORTA_TICARETHANE
1001124714.0,39.78275447,30.45506165,26005972.0,5.01,6469.657,0,0,0,0,1,0.0,0.0,0.0,0.0,6469.657,1,KUCUK_TICARETHANE
1001124888.0,39.78108655,30.46878725,26013543.0,17.676666666666666,26083.845999999998,0,0,0,0,3,0.0,0.0,0.0,0.0,26083.845999999998,3,ORTA_TICARETHANE
1001125070.0,39.78403418,30.47356962,26013548.0,28.0,65352.0,0,0,1,0,0,0.0,0.0,65352.0,0.0,0.0,1,ORTA_SANAYI
1001125480.0,39.78362441,30.46955528,26013546.0,3.0,1714.395,0,0,0,0,2,0.0,0.0,0.0,0.0,1714.395,2,KUCUK_TICARETHANE
1001126055.0,39.80630564,30.54436685,26002734.0,5.01,1863.337,0,0,0,0,1,0.0,0.0,0.0,0.0,1863.337,1,KUCUK_TICARETHANE
1001126316.0,39.78070178,30.47023933,26010805.0,6.88,4083.591,0,0,0,0,1,0.0,0.0,0.0,0.0,4083.591,1,KUCUK_TICARETHANE
1001126764.0,39.78173141,30.47313236,26010805.0,5.01,2845.0,0,0,0,0,1,0.0,0.0,0.0,0.0,2845.0,1,KUCUK_TICARETHANE
1001126793.0,39.79663945,30.5118475,26010524.0,3.5025,7433.943,0,1,0,0,3,0.0,357.361,0.0,0.0,7076.582,4,KUCUK_TICARETHANE
1001126848.0,39.77629986,30.47135656,26010846.0,5.01,41962.575000000004,0,1,0,0,1,0.0,2464.523,0.0,0.0,39498.052,2,ORTA_TICARETHANE
1001127409.0,39.79877595,30.48962915,26005688.0,5.01,1269.845,1,0,0,0,0,1269.845,0.0,0.0,0.0,0.0,0,AYDINLATMA
1001127537.0,39.79810851,30.50056207,26010536.0,3.67,3823.425,0,2,0,0,1,0.0,2570.425,0.0,0.0,1253.0,3,KUCUK_TICARETHANE
1001128144.0,39.77549858,30.52225192,26005723.0,6.0075,56142.498999999996,0,0,0,0,4,0.0,0.0,0.0,0.0,56142.498999999996,4,ORTA_TICARETHANE
1001128309.0,39.7730176,30.48161118,26010905.0,3.0,24202.792,1,0,0,0,0,24202.792,0.0,0.0,0.0,0.0,0,AYDINLATMA
1001128344.0,39.79488502,30.52390594,26010154.0,5.01,13664.073,0,0,0,0,1,0.0,0.0,0.0,0.0,13664.073,1,ORTA_TICARETHANE
1001128415.0,39.77601143,30.52004523,26005890.0,5.01,2677.0,0,0,0,0,1,0.0,0.0,0.0,0.0,2677.0,1,KUCUK_TICARETHANE
1001128539.0,39.78098768,30.51795783,26006215.0,3.0,7.469,0,0,0,0,1,0.0,0.0,0.0,0.0,7.469,1,KUCUK_TICARETHANE
1001128596.0,39.78998997,30.46955582,26010450.0,3.0,1626.209,0,0,0,0,1,0.0,0.0,0.0,0.0,1626.209,1,KUCUK_TICARETHANE
1001128597.0,39.79621327,30.49799997,26010534.0,5.01,453.15,0,0,0,0,1,0.0,0.0,0.0,0.0,453.15,1,KUCUK_TICARETHANE
1001128707.0,39.77808844,30.51547406,26005192.0,17.710434782608697,509854.939,0,16,0,0,7,0.0,25887.225,0.0,0.0,483967.71400000004,23,ORTA_TICARETHANE
1001128876.0,39.79750157,30.48423318,26006125.0,5.01,48.869,0,0,0,0,1,0.0,0.0,0.0,0.0,48.869,1,KUCUK_TICARETHANE
1001128948.0,39.81257272,30.44545588,26010370.0,10.13,2973.231,0,0,0,0,1,0.0,0.0,0.0,0.0,2973.231,1,KUCUK_TICARETHANE
1001129658.0,39.78003304,30.48850555,26006139.0,3.0,26867.998,1,0,0,0,0,26867.998,0.0,0.0,0.0,0.0,0,AYDINLATMA
1001129682.0,39.77810198,30.51132979,26005185.0,3.804,13403.224,0,5,0,0,5,0.0,4816.514999999999,0.0,0.0,8586.709,10,KUCUK_TICARETHANE
1001129875.0,39.7854808,30.53920289,26005429.0,3.0,18267.511,1,0,0,0,0,18267.511,0.0,0.0,0.0,0.0,0,AYDINLATMA
1001130038.0,39.81312035,30.44625141,26010370.0,8.11,5023.466,0,0,0,0,1,0.0,0.0,0.0,0.0,5023.466,1,KUCUK_TICARETHANE
1001130085.0,39.77859793,30.51520746,26005195.0,5.565,4012.0519999999997,0,1,0,0,1,0.0,582.903,0.0,0.0,3429.149,2,KUCUK_TICARETHANE
1001130678.0,39.78967423,30.47617333,26005994.0,5.01,4776.994,1,0,0,0,0,4776.994,0.0,0.0,0.0,0.0,0,AYDINLATMA
1001130765.0,39.78194527,30.52348071,26005917.0,7.08,17057.909,0,0,0,0,1,0.0,0.0,0.0,0.0,17057.909,1,ORTA_TICARETHANE
1001131196.0,39.77752235,30.519772,26006230.0,14.013333333333334,52243.763999999996,0,2,0,0,1,0.0,4147.744,0.0,0.0,48096.02,3,ORTA_TICARETHANE
1001131209.0,39.79206665,30.44883724,26005952.0,5.01,7211.131,0,0,0,0,1,0.0,0.0,0.0,0.0,7211.131,1,KUCUK_TICARETHANE
1001131305.0,39.78796982,30.48281782,26006181.0,5.01,6485.488,0,2,0,0,1,0.0,2790.4880000000003,0.0,0.0,3695.0,3,KUCUK_TICARETHANE
1001131377.0,39.7829786,30.46773511,26013545.0,5.01,3094.529,0,0,0,0,1,0.0,0.0,0.0,0.0,3094.529,1,KUCUK_TICARETHANE
1001131398.0,39.79758789,30.50071802,26010533.0,5.31,12400.894,0,3,0,0,3,0.0,2058.276,0.0,0.0,10342.617999999999,6,ORTA_TICARETHANE
1001131671.0,39.79058346,30.55100046,26005223.0,5.01,1019.26,0,0,0,0,1,0.0,0.0,0.0,0.0,1019.26,1,KUCUK_TICARETHANE
1001131949.0,39.78258894,30.46527407,26005120.0,5.01,3084.1600000000003,0,1,0,0,1,0.0,468.514,0.0,0.0,2615.646,2,KUCUK_TICARETHANE
1001131998.0,39.78324006,30.46849051,26013545.0,14.32,3407.0,0,0,0,0,1,0.0,0.0,0.0,0.0,3407.0,1,KUCUK_TICARETHANE
1001132050.0,39.78803753,30.50774833,26010668.0,5.743333333333333,53495.271,0,0,0,0,3,0.0,0.0,0.0,0.0,53495.271,3,ORTA_TICARETHANE
1001132166.0,39.78349201,30.48015956,26006153.0,3.0,12223.022,1,0,0,0,0,12223.022,0.0,0.0,0.0,0.0,0,AYDINLATMA
1001132247.0,39.77636811,30.44914564,26010832.0,6.78,1331.68,0,0,0,0,1,0.0,0.0,0.0,0.0,1331.68,1,KUCUK_TICARETHANE
1001132252.0,39.77514821,30.46275217,26010842.0,5.276666666666666,5846.535,0,1,0,0,2,0.0,1632.244,0.0,0.0,4214.291,3,KUCUK_TICARETHANE
1001132317.0,39.77589909,30.52958642,26005714.0,3.0,8808.745,1,0,0,0,0,8808.745,0.0,0.0,0.0,0.0,0,AYDINLATMA
1001132364.0,39.78983211,30.5058934,26010666.0,5.01,13598.406,1,0,0,0,0,13598.406,0.0,0.0,0.0,0.0,0,AYDINLATMA
1001132477.0,39.79759977,30.56434926,26009784.0,5.01,272.0,0,0,0,0,1,0.0,0.0,0.0,0.0,272.0,1,KUCUK_TICARETHANE
1001132928.0,39.78572899,30.50993489,26010670.0,7.237142857142857,283123.209,0,22,0,0,13,0.0,30880.969,0.0,0.0,252242.24,35,ORTA_TICARETHANE
1001132966.0,39.72418808,30.251508,26002561.0,15.0,5644.24,0,0,0,0,1,0.0,0.0,0.0,0.0,5644.24,1,KUCUK_TICARETHANE
1001133034.0,39.77761269,30.5163246,26005192.0,4.505833333333333,36227.808,0,5,0,0,7,0.0,3571.594,0.0,0.0,32656.214,12,ORTA_TICARETHANE
1001133453.0,39.77958163,30.51484878,26005145.0,14.37,6684.597,0,0,0,0,1,0.0,0.0,0.0,0.0,6684.597,1,KUCUK_TICARETHANE
1001133692.0,39.78109737,30.53021552,26005928.0,3.0,36700.981,1,0,0,0,0,36700.981,0.0,0.0,0.0,0.0,0,AYDINLATMA
1001134021.0,39.79556818,30.47722974,26006044.0,5.01,15121.701,0,0,0,0,1,0.0,0.0,0.0,0.0,15121.701,1,ORTA_TICARETHANE
1001134441.0,39.78653521,30.50919989,26010683.0,17.1,130993.357,0,0,0,0,1,0.0,0.0,0.0,0.0,130993.357,1,ORTA_TICARETHANE
1001134460.0,39.78049964,30.45517528,26005121.0,3.0,1996.383,0,0,0,0,1,0.0,0.0,0.0,0.0,1996.383,1,KUCUK_TICARETHANE
1001134516.0,39.77746983,30.51979322,26006230.0,12.620000000000001,15795.295,0,0,0,0,2,0.0,0.0,0.0,0.0,15795.295,2,ORTA_TICARETHANE
1001134892.0,39.78278163,30.46653857,26013545.0,5.01,6352.634,0,0,0,0,1,0.0,0.0,0.0,0.0,6352.634,1,KUCUK_TICARETHANE
1001135011.0,39.7962413,30.48288754,26005900.0,3.0,1988.7,0,1,0,0,1,0.0,973.129,0.0,0.0,1015.571,2,KUCUK_TICARETHANE
1001135290.0,39.7771251,30.51136654,26005188.0,15.35,73630.675,0,1,0,0,2,0.0,1535.982,0.0,0.0,72094.693,3,ORTA_TICARETHANE
1001135471.0,39.80179308,30.46651241,26010193.0,5.01,4285.153,1,0,0,0,0,4285.153,0.0,0.0,0.0,0.0,0,AYDINLATMA
1001135549.0,39.77744577,30.52343959,26005700.0,26.33,33829.856,0,0,0,0,1,0.0,0.0,0.0,0.0,33829.856,1,ORTA_TICARETHANE
1001135586.0,39.78549744,30.47514001,26010135.0,5.01,637.0,0,0,0,0,1,0.0,0.0,0.0,0.0,637.0,1,KUCUK_TICARETHANE
1001135589.0,39.79097609,30.51602658,26010681.0,3.0,7261.277,0,0,0,0,1,0.0,0.0,0.0,0.0,7261.277,1,KUCUK_TICARETHANE
1001135630.0,39.78761541,30.50752843,26010552.0,8.803333333333333,35385.286,0,0,0,0,3,0.0,0.0,0.0,0.0,35385.286,3,ORTA_TICARETHANE
1001135885.0,39.78422426,30.46571437,26013544.0,3.0,7.0,0,0,0,0,1,0.0,0.0,0.0,0.0,7.0,1,KUCUK_TICARETHANE
1001136139.0,39.80879408,30.48517335,26012160.0,3.0,7454.736,0,0,0,1,0,0.0,0.0,0.0,7454.736,0.0,0,TARIMSAL_SULAMA
1001136462.0,39.78657468,30.52517456,26013564.0,3.0,2851.923,0,0,0,0,1,0.0,0.0,0.0,0.0,2851.923,1,KUCUK_TICARETHANE
1001136464.0,39.78462435,30.47142703,26013547.0,16.8,61314.771,0,0,0,0,1,0.0,0.0,0.0,0.0,61314.771,1,ORTA_TICARETHANE
1001136767.0,39.78972655,30.47347563,26005993.0,5.01,3682.305,0,0,0,0,1,0.0,0.0,0.0,0.0,3682.305,1,KUCUK_TICARETHANE
1001136801.0,39.77937468,30.47368308,26010105.0,54.18,65632.773,0,0,0,0,1,0.0,0.0,0.0,0.0,65632.773,1,ORTA_TICARETHANE
1001136901.0,39.79738498,30.500909,26010533.0,3.5025,5919.377,0,2,0,0,2,0.0,3937.377,0.0,0.0,1982.0,4,KUCUK_TICARETHANE
1001137049.0,39.78409646,30.4694998,26013546.0,3.0,4100.0,0,0,0,0,1,0.0,0.0,0.0,0.0,4100.0,1,KUCUK_TICARETHANE
1001137310.0,39.77788974,30.51577892,26005192.0,4.206,31733.091,0,2,0,0,8,0.0,1979.109,0.0,0.0,29753.982,10,ORTA_TICARETHANE
1001137360.0,39.79280201,30.54740498,26005690.0,4.5625,7933.307000000001,0,2,0,0,2,0.0,2505.222,0.0,0.0,5428.085,4,KUCUK_TICARETHANE
1001137505.0,39.7969397,30.4667172,26006123.0,3.0,401.0,0,0,0,0,1,0.0,0.0,0.0,0.0,401.0,1,KUCUK_TICARETHANE
1001137574.0,39.79172842,30.5156598,26010681.0,5.01,12243.061,0,1,0,0,1,0.0,354.33,0.0,0.0,11888.731,2,ORTA_TICARETHANE
1001137628.0,39.81092439,30.44900438,26010370.0,230.74,365601.6,0,0,0,0,1,0.0,0.0,0.0,0.0,365601.6,1,ORTA_TICARETHANE
1001137630.0,39.80329656,30.51667898,26010515.0,6.15,24916.306,0,0,0,0,1,0.0,0.0,0.0,0.0,24916.306,1,ORTA_TICARETHANE
1001138113.0,39.78719984,30.49613876,26006090.0,3.0,176539.6,1,0,0,0,0,176539.6,0.0,0.0,0.0,0.0,0,AYDINLATMA
1001138135.0,39.7828241,30.47626755,26001518.0,90.0,207.39,0,0,0,0,1,0.0,0.0,0.0,0.0,207.39,1,ORTA_TICARETHANE
1001138146.0,39.78129693,30.51870221,26005726.0,5.01,1248.129,0,0,0,0,1,0.0,0.0,0.0,0.0,1248.129,1,KUCUK_TICARETHANE
1001138202.0,39.79100845,30.56067514,26006164.0,5.48,12074.59,0,1,0,0,1,0.0,3396.036,0.0,0.0,8678.554,2,KUCUK_TICARETHANE
1001138223.0,39.88346215,30.50002675,26007742.0,960.0,1548099.18,0,0,1,0,0,0.0,0.0,1548099.18,0.0,0.0,1,BUYUK_SANAYI
1001138407.0,39.78636204,30.47447346,26013549.0,5.01,4468.226,0,0,0,0,1,0.0,0.0,0.0,0.0,4468.226,1,KUCUK_TICARETHANE
1001138581.0,39.80423284,30.53874814,26014272.0,4.58,6858.4,0,2,0,0,1,0.0,2968.4,0.0,0.0,3890.0,3,KUCUK_TICARETHANE
1001138606.0,39.78758236,30.53214565,26005883.0,3.0,4457.0,0,0,0,0,1,0.0,0.0,0.0,0.0,4457.0,1,KUCUK_TICARETHANE
1001139023.0,39.77534819,30.55312744,26007722.0,5.01,19416.941,0,0,0,0,3,0.0,0.0,0.0,0.0,19416.941,3,ORTA_TICARETHANE
1001139067.0,39.7897311,30.49237958,,7620.0,13506501.6,0,0,0,0,1,0.0,0.0,0.0,0.0,13506501.6,1,BUYUK_TICARETHANE
1001139126.0,39.78698619,30.47443545,26013551.0,5.475,14534.126,0,0,0,0,2,0.0,0.0,0.0,0.0,14534.126,2,ORTA_TICARETHANE
1001139635.0,39.78645977,30.47496619,26013549.0,5.01,980.414,0,0,0,0,1,0.0,0.0,0.0,0.0,980.414,1,KUCUK_TICARETHANE
1001139746.0,39.77687146,30.5229207,26005700.0,4.675,10749.1,0,4,0,0,2,0.0,5187.805,0.0,0.0,5561.295,6,KUCUK_TICARETHANE
1001140293.0,39.79760968,30.51076631,26010523.0,6.489999999999999,12354.76,0,2,0,0,1,0.0,4253.693,0.0,0.0,8101.067,3,KUCUK_TICARETHANE
1001140419.0,39.7904306,30.48491977,26010072.0,6.109999999999999,21385.472999999998,0,4,0,0,2,0.0,4662.374,0.0,0.0,16723.099000000002,6,ORTA_TICARETHANE
1001140588.0,39.78802331,30.4807588,26006157.0,3.0,46607.49,1,0,0,0,0,46607.49,0.0,0.0,0.0,0.0,0,AYDINLATMA
1001140674.0,39.78001729,30.5221445,26005911.0,5.01,1999.441,0,0,0,0,1,0.0,0.0,0.0,0.0,1999.441,1,KUCUK_TICARETHANE
1001140707.0,39.79029599,30.5160564,26010678.0,5.01,20018.249,0,0,0,0,1,0.0,0.0,0.0,0.0,20018.249,1,ORTA_TICARETHANE
1001140845.0,39.79610687,30.53595361,26005693.0,50.14,40112.6,0,0,0,0,1,0.0,0.0,0.0,0.0,40112.6,1,ORTA_TICARETHANE
1001141513.0,39.80054198,30.51381822,26010519.0,3.0,32462.762,1,0,0,0,0,32462.762,0.0,0.0,0.0,0.0,0,AYDINLATMA
1001142242.0,39.80463665,30.49304012,26010545.0,3.0,50.0,0,0,0,0,1,0.0,0.0,0.0,0.0,50.0,1,KUCUK_TICARETHANE
1001142826.0,39.81208302,30.44542883,26010370.0,10.13,8531.205,0,0,0,0,1,0.0,0.0,0.0,0.0,8531.205,1,KUCUK_TICARETHANE
1001143021.0,39.77523662,30.52354139,26006345.0,3.0,2416.938,0,0,0,0,1,0.0,0.0,0.0,0.0,2416.938,1,KUCUK_TICARETHANE
1001143090.0,39.77577313,30.52224023,26005700.0,5.01,941.686,0,0,0,0,1,0.0,0.0,0.0,0.0,941.686,1,KUCUK_TICARETHANE
1001143673.0,39.77911005,30.45127248,26010837.0,5.84,9696.796999999999,0,1,0,0,1,0.0,1858.625,0.0,0.0,7838.172,2,KUCUK_TICARETHANE
1001143857.0,39.80068555,30.55787091,26005233.0,5.01,3032.838,0,0,0,1,0,0.0,0.0,0.0,3032.838,0.0,0,TARIMSAL_SULAMA
1001144006.0,39.7875268,30.51942533,26010679.0,4.608,8671.196,0,2,0,0,3,0.0,1416.0,0.0,0.0,7255.196,5,KUCUK_TICARETHANE
1001144027.0,39.77870887,30.52581522,26006079.0,3.0,3099.0,0,0,0,0,1,0.0,0.0,0.0,0.0,3099.0,1,KUCUK_TICARETHANE
1001144045.0,39.76629162,30.46789179,26010913.0,4.005,20228.944,0,1,0,0,1,0.0,626.54,0.0,0.0,19602.404,2,ORTA_TICARETHANE
1001144382.0,39.78263891,30.46942854,26013545.0,4.005,6833.251,0,0,0,0,2,0.0,0.0,0.0,0.0,6833.251,2,KUCUK_TICARETHANE
1001144435.0,39.80351136,30.59328368,26009785.0,5.904999999999999,3868.578,0,0,0,1,1,0.0,0.0,0.0,1531.911,2336.667,1,KUCUK_TICARETHANE
1001144497.0,39.7782562,30.52096525,26005910.0,4.1089473684210525,21745.801,0,13,0,0,6,0.0,15547.878,0.0,0.0,6197.923,19,KUCUK_TICARETHANE
1001144743.0,39.79470075,30.53323067,26013569.0,5.01,11199.952,0,0,0,0,1,0.0,0.0,0.0,0.0,11199.952,1,ORTA_TICARETHANE
1001144753.0,39.78475462,30.45424776,26005971.0,6.5625,8374.257,0,0,0,0,4,0.0,0.0,0.0,0.0,8374.257,4,KUCUK_TICARETHANE
1001144805.0,39.79730891,30.56252886,26009784.0,3.67,6457.429,0,2,0,0,1,0.0,2034.0,0.0,0.0,4423.429,3,KUCUK_TICARETHANE
1001144847.0,39.78546674,30.5353333,26005686.0,5.01,7438.59,0,1,0,0,2,0.0,148.59,0.0,0.0,7290.0,3,KUCUK_TICARETHANE
1001144873.0,39.79401629,30.54682798,26005690.0,5.793333333333333,4549.96,0,2,0,0,1,0.0,1040.815,0.0,0.0,3509.145,3,KUCUK_TICARETHANE
1001144928.0,39.80329403,30.46624714,26005255.0,5.01,3485.516,1,0,0,0,0,3485.516,0.0,0.0,0.0,0.0,0,AYDINLATMA
1001145235.0,39.79324083,30.45762073,26007421.0,8.7,4037.492,0,0,0,0,1,0.0,0.0,0.0,0.0,4037.492,1,KUCUK_TICARETHANE
1001145429.0,39.7907645,30.47354437,26005993.0,4.005,10574.679,0,1,0,0,1,0.0,2032.414,0.0,0.0,8542.265,2,KUCUK_TICARETHANE
1001145864.0,39.79862875,30.51206203,26010522.0,5.01,30438.944,1,0,0,0,0,30438.944,0.0,0.0,0.0,0.0,0,AYDINLATMA
1001145915.0,39.76245912,30.45140819,26010894.0,3.0,3334.0,0,0,0,1,0,0.0,0.0,0.0,3334.0,0.0,0,TARIMSAL_SULAMA
1001146322.0,39.7705291,30.4712747,26010914.0,5.01,3531.664,0,0,0,0,1,0.0,0.0,0.0,0.0,3531.664,1,KUCUK_TICARETHANE
1001146552.0,39.78397457,30.51998902,26010761.0,5.806296296296296,34638.661,0,7,0,0,20,0.0,12948.371000000001,0.0,0.0,21690.29,27,ORTA_TICARETHANE
1001146646.0,39.77821198,30.47769312,26005697.0,6.13,4007.942,0,2,0,0,1,0.0,3130.227,0.0,0.0,877.715,3,KUCUK_TICARETHANE
1001146691.0,39.77838334,30.48017625,26005698.0,4.826666666666667,11357.346,0,2,0,0,1,0.0,4143.621999999999,0.0,0.0,7213.724,3,KUCUK_TICARETHANE
1001146811.0,39.77827751,30.51627395,26005147.0,5.01,120569.321,0,2,0,0,4,0.0,44750.534999999996,0.0,0.0,75818.78600000001,6,ORTA_TICARETHANE
1001146832.0,39.79037678,30.52306971,26010292.0,4.34,3272.157,0,2,0,0,1,0.0,2380.157,0.0,0.0,892.0,3,KUCUK_TICARETHANE
1001146913.0,39.78159575,30.51542821,26010672.0,4.5633333333333335,26803.540999999997,0,6,0,0,3,0.0,7860.2119999999995,0.0,0.0,18943.328999999998,9,ORTA_TICARETHANE
1001146943.0,39.79324032,30.45768577,26007421.0,8.7,11594.114,0,0,0,0,1,0.0,0.0,0.0,0.0,11594.114,1,ORTA_TICARETHANE
1001147106.0,39.80316021,30.49600794,26010538.0,3.67,2241.831,0,1,0,0,2,0.0,1401.0,0.0,0.0,840.831,3,KUCUK_TICARETHANE
1001147187.0,39.77368091,30.5532308,26006360.0,480.0,1029622.44,0,0,0,0,1,0.0,0.0,0.0,0.0,1029622.44,1,BUYUK_TICARETHANE
1001147370.0,39.78003588,30.5153727,26006385.0,5.01,3118.353,0,0,0,0,1,0.0,0.0,0.0,0.0,3118.353,1,KUCUK_TICARETHANE
1001147532.0,39.78540717,30.46889097,26013546.0,5.01,843.0,0,0,0,0,1,0.0,0.0,0.0,0.0,843.0,1,KUCUK_TICARETHANE
1001147737.0,39.78338974,30.51316797,26010685.0,22.767142857142858,174646.876,0,3,0,0,4,0.0,70637.111,0.0,0.0,104009.765,7,ORTA_TICARETHANE
1001147738.0,39.9116241,30.68386506,26008428.0,25.0,17233.893,0,0,0,0,1,0.0,0.0,0.0,0.0,17233.893,1,ORTA_TICARETHANE
1001147973.0,39.7939142,30.53354679,26010568.0,5.01,1019.202,0,0,0,0,1,0.0,0.0,0.0,0.0,1019.202,1,KUCUK_TICARETHANE
1001148033.0,39.78269121,30.51828548,26010314.0,3.0,3622.0,0,1,0,0,1,0.0,2046.0,0.0,0.0,1576.0,2,KUCUK_TICARETHANE
1001148042.0,39.7858844,30.47549788,26013549.0,5.01,1847.956,0,0,0,0,1,0.0,0.0,0.0,0.0,1847.956,1,KUCUK_TICARETHANE
1001148109.0,39.78612967,30.47384691,26013549.0,5.01,1830.0,0,0,0,0,1,0.0,0.0,0.0,0.0,1830.0,1,KUCUK_TICARETHANE
1001148303.0,39.79464769,30.4837185,26005900.0,3.67,5971.684,0,1,0,0,2,0.0,2115.0,0.0,0.0,3856.684,3,KUCUK_TICARETHANE
1001148712.0,39.77913553,30.51328506,26005195.0,5.01,14944.307,1,0,0,0,0,14944.307,0.0,0.0,0.0,0.0,0,AYDINLATMA
1001148759.0,39.79420035,30.49162764,26006361.0,5.01,3284.236,0,0,0,0,1,0.0,0.0,0.0,0.0,3284.236,1,KUCUK_TICARETHANE
1001149186.0,39.77639637,30.4725923,26010846.0,4.005,1648.485,0,1,0,0,1,0.0,1533.741,0.0,0.0,114.744,2,KUCUK_TICARETHANE
1001149249.0,39.77782108,30.51645821,26005192.0,4.505,24848.485,0,0,0,0,18,0.0,0.0,0.0,0.0,24848.485,18,ORTA_TICARETHANE
1001149260.0,39.79155139,30.54556762,26005690.0,10.11,30430.61,0,0,0,0,2,0.0,0.0,0.0,0.0,30430.61,2,ORTA_TICARETHANE
1001149658.0,39.79060779,30.46479012,26010449.0,3.0,10.0,0,0,0,0,1,0.0,0.0,0.0,0.0,10.0,1,KUCUK_TICARETHANE
1001149665.0,39.77918875,30.51640546,26006385.0,5.3155,56919.026,0,3,0,0,17,0.0,5650.052,0.0,0.0,51268.974,20,ORTA_TICARETHANE
1001149776.0,39.78258047,30.46960378,26013546.0,5.01,5222.593,0,0,0,0,1,0.0,0.0,0.0,0.0,5222.593,1,KUCUK_TICARETHANE
1001150038.0,39.79754829,30.49486863,26010541.0,5.526666666666666,10421.147,0,1,0,0,2,0.0,1833.233,0.0,0.0,8587.914,3,KUCUK_TICARETHANE
1001150127.0,39.78639745,30.47362945,26013551.0,3.0,53.0,0,0,0,0,1,0.0,0.0,0.0,0.0,53.0,1,KUCUK_TICARETHANE
1001150294.0,39.78087442,30.47205862,26010805.0,3.0,4345.0,0,0,0,0,1,0.0,0.0,0.0,0.0,4345.0,1,KUCUK_TICARETHANE
1001150336.0,39.78533941,30.51169895,26010670.0,5.616666666666667,6020.6,0,2,0,0,1,0.0,1859.2069999999999,0.0,0.0,4161.393,3,KUCUK_TICARETHANE
1001150507.0,39.77885547,30.45115111,26010837.0,3.67,4180.012000000001,0,2,0,0,1,0.0,3534.362,0.0,0.0,645.65,3,KUCUK_TICARETHANE
1001151180.0,39.77155696,30.47938617,26006342.0,5.01,15848.458,0,0,0,0,1,0.0,0.0,0.0,0.0,15848.458,1,ORTA_TICARETHANE
1001151347.0,39.79159549,30.46492489,26010448.0,3.67,4542.222,0,2,0,0,1,0.0,3038.2219999999998,0.0,0.0,1504.0,3,KUCUK_TICARETHANE
1001151437.0,39.78465029,30.47149515,26013547.0,3.0,1247.0,0,0,0,0,2,0.0,0.0,0.0,0.0,1247.0,2,KUCUK_TICARETHANE
1001151508.0,39.80272846,30.42585684,26040017.0,3.0,20513.484,1,0,0,0,0,20513.484,0.0,0.0,0.0,0.0,0,AYDINLATMA
1001151624.0,39.79964338,30.51035993,26010521.0,6.731111111111111,31729.893,0,6,0,0,3,0.0,7814.898999999999,0.0,0.0,23914.994,9,ORTA_TICARETHANE
1001151699.0,39.78475331,30.46912127,26013546.0,3.0,619.523,0,0,0,0,1,0.0,0.0,0.0,0.0,619.523,1,KUCUK_TICARETHANE
1001151705.0,39.78100755,30.51880702,26005726.0,3.0,807.861,0,0,0,0,1,0.0,0.0,0.0,0.0,807.861,1,KUCUK_TICARETHANE
1001151777.0,39.78785173,30.53505894,26005927.0,4.87,21163.022,0,1,0,0,1,0.0,1855.0,0.0,0.0,19308.022,2,ORTA_TICARETHANE
1001151795.0,39.78345559,30.46172401,26005903.0,5.892,5729.221,0,3,0,0,2,0.0,4827.368,0.0,0.0,901.853,5,KUCUK_TICARETHANE
1001152262.0,39.79278039,30.51462146,26010681.0,3.67,9996.535,0,3,0,0,3,0.0,3775.702,0.0,0.0,6220.8330000000005,6,KUCUK_TICARETHANE
1001152512.0,39.82257212,30.65310154,26009255.0,150.0,80702.16,0,0,0,0,1,0.0,0.0,0.0,0.0,80702.16,1,ORTA_TICARETHANE
1001152593.0,39.78919503,30.50826741,26010668.0,5.01,17051.016000000003,0,1,0,0,1,0.0,651.973,0.0,0.0,16399.043,2,ORTA_TICARETHANE
1001152609.0,,,,3.0,30527.689,1,0,0,0,0,30527.689,0.0,0.0,0.0,0.0,0,AYDINLATMA
1001152702.0,,,,5.01,15396.017,0,0,0,0,1,0.0,0.0,0.0,0.0,15396.017,1,ORTA_TICARETHANE
1001152723.0,39.78167487,30.45025138,26006212.0,4.005,9575.877,0,1,0,0,1,0.0,2737.303,0.0,0.0,6838.574,2,KUCUK_TICARETHANE
1001152928.0,39.77290277,30.55686777,26006087.0,5.01,4018.122,0,0,0,0,1,0.0,0.0,0.0,0.0,4018.122,1,KUCUK_TICARETHANE
1001152948.0,39.81336662,30.44654688,26010370.0,7.12,4612.893,0,0,0,0,1,0.0,0.0,0.0,0.0,4612.893,1,KUCUK_TICARETHANE
1001153038.0,39.79800434,30.51081063,26010522.0,5.226666666666667,4695.3150000000005,0,2,0,0,1,0.0,3823.315,0.0,0.0,872.0,3,KUCUK_TICARETHANE
1001153185.0,39.77875489,30.51498403,26005195.0,4.18235294117647,66950.056,0,8,0,0,9,0.0,12592.289,0.0,0.0,54357.767,17,ORTA_TICARETHANE
1001153301.0,39.78467924,30.47078774,26013547.0,8.055,13551.13,0,0,0,0,2,0.0,0.0,0.0,0.0,13551.13,2,ORTA_TICARETHANE
1001153322.0,39.77637939,30.52206932,26005723.0,5.01,785.0,0,0,0,0,1,0.0,0.0,0.0,0.0,785.0,1,KUCUK_TICARETHANE
1001153959.0,39.80298506,30.50941479,26010520.0,5.01,42244.768,1,0,0,0,0,42244.768,0.0,0.0,0.0,0.0,0,AYDINLATMA
1001154114.0,39.78180517,30.45698778,26005121.0,5.01,8181.347,0,0,0,0,1,0.0,0.0,0.0,0.0,8181.347,1,KUCUK_TICARETHANE
1001154415.0,39.79716369,30.50671821,26010528.0,5.01,18206.379,0,0,0,0,1,0.0,0.0,0.0,0.0,18206.379,1,ORTA_TICARETHANE
1001154981.0,39.78348876,30.47089978,26013546.0,7.365,68874.024,0,0,0,0,2,0.0,0.0,0.0,0.0,68874.024,2,ORTA_TICARETHANE
1001155027.0,39.79480546,30.5132631,26010524.0,3.0,842.0,0,0,0,0,1,0.0,0.0,0.0,0.0,842.0,1,KUCUK_TICARETHANE
1001155717.0,39.77763741,30.44775547,26010832.0,4.96,1306.0,0,0,0,0,1,0.0,0.0,0.0,0.0,1306.0,1,KUCUK_TICARETHANE
1001155818.0,39.79485548,30.47941323,26010385.0,5.01,5864.357,0,1,0,0,1,0.0,2941.639,0.0,0.0,2922.718,2,KUCUK_TICARETHANE
1001155884.0,39.78710303,30.47391948,26013551.0,5.01,1161.446,0,0,0,0,1,0.0,0.0,0.0,0.0,1161.446,1,KUCUK_TICARETHANE
1001155927.0,39.80127579,30.50015989,26010537.0,3.0,1115.321,0,0,0,0,1,0.0,0.0,0.0,0.0,1115.321,1,KUCUK_TICARETHANE
1001155998.0,39.78921447,30.51269265,26005134.0,4.116666666666666,7595.263,0,6,0,0,3,0.0,5836.814,0.0,0.0,1758.449,9,KUCUK_TICARETHANE
1001156377.0,,,,5.01,5602.321,0,0,0,0,1,0.0,0.0,0.0,0.0,5602.321,1,KUCUK_TICARETHANE
1001156689.0,39.79741991,30.51477477,26010517.0,3.0,36940.637,1,0,0,0,0,36940.637,0.0,0.0,0.0,0.0,0,AYDINLATMA
1001156691.0,39.81372564,30.44582531,26010370.0,8.11,4248.128,0,0,0,0,1,0.0,0.0,0.0,0.0,4248.128,1,KUCUK_TICARETHANE
1001157062.0,39.7755069,30.52088508,26005723.0,4.279999999999999,941.0,0,0,0,0,2,0.0,0.0,0.0,0.0,941.0,2,KUCUK_TICARETHANE
1001157136.0,39.78826931,30.5140791,26005134.0,5.209696969696969,15390.157,0,1,0,0,32,0.0,284.906,0.0,0.0,15105.251,33,ORTA_TICARETHANE
1001157422.0,,,,5.01,7106.646,0,0,0,0,1,0.0,0.0,0.0,0.0,7106.646,1,KUCUK_TICARETHANE
1001157443.0,39.77573754,30.52872283,26006452.0,3.0,24162.445,0,0,0,0,1,0.0,0.0,0.0,0.0,24162.445,1,ORTA_TICARETHANE
1001157503.0,39.7954592,30.48608687,26005900.0,5.698,9241.341,0,3,0,0,2,0.0,5026.880999999999,0.0,0.0,4214.46,5,KUCUK_TICARETHANE
1001157621.0,39.77201341,30.47901925,26006342.0,6.0,9153.647,0,0,0,0,1,0.0,0.0,0.0,0.0,9153.647,1,KUCUK_TICARETHANE
1001158072.0,39.7888236,30.53190497,26005883.0,3.0,34866.444,1,0,0,0,0,34866.444,0.0,0.0,0.0,0.0,0,AYDINLATMA
1001158193.0,39.85529386,30.4991534,26010166.0,3.0,1284.328,0,0,0,1,0,0.0,0.0,0.0,1284.328,0.0,0,TARIMSAL_SULAMA
1001158250.0,39.78181738,30.45933764,26005903.0,3.5025,6252.1990000000005,0,0,0,0,4,0.0,0.0,0.0,0.0,6252.1990000000005,4,KUCUK_TICARETHANE
1001158262.0,39.80780867,30.53806444,26014272.0,2.7,3076.0,0,0,0,0,1,0.0,0.0,0.0,0.0,3076.0,1,KUCUK_TICARETHANE
1001158306.0,39.78381952,30.46898245,26013546.0,5.01,1819.0,0,0,0,0,1,0.0,0.0,0.0,0.0,1819.0,1,KUCUK_TICARETHANE
1001158378.0,39.80469194,30.48945488,26012160.0,5.01,1061.575,0,0,0,0,1,0.0,0.0,0.0,0.0,1061.575,1,KUCUK_TICARETHANE
1001158502.0,39.78054645,30.47034637,26010805.0,5.81,6205.0,0,0,0,0,1,0.0,0.0,0.0,0.0,6205.0,1,KUCUK_TICARETHANE
1001158639.0,39.77807143,30.51402409,26005189.0,3.0,9203.373,1,0,0,0,0,9203.373,0.0,0.0,0.0,0.0,0,AYDINLATMA
1001158912.0,39.78521129,30.4690101,26013546.0,3.0,1515.0,0,0,0,0,1,0.0,0.0,0.0,0.0,1515.0,1,KUCUK_TICARETHANE
1001159170.0,39.78444212,30.4660556,26013544.0,5.01,2160.966,0,0,0,0,1,0.0,0.0,0.0,0.0,2160.966,1,KUCUK_TICARETHANE
1001159218.0,39.80348346,30.56474533,26005233.0,5.01,656.192,0,0,0,0,1,0.0,0.0,0.0,0.0,656.192,1,KUCUK_TICARETHANE
1001159567.0,39.77764838,30.45780638,26010136.0,3.0,819.528,0,0,0,0,1,0.0,0.0,0.0,0.0,819.528,1,KUCUK_TICARETHANE
1001159681.0,39.77545249,30.52111634,26005723.0,5.01,2665.0,0,0,0,0,1,0.0,0.0,0.0,0.0,2665.0,1,KUCUK_TICARETHANE
1001159834.0,39.78034173,30.51437872,26005145.0,5.3933333333333335,56960.136000000006,0,1,0,0,2,0.0,2920.234,0.0,0.0,54039.902,3,ORTA_TICARETHANE
1001159837.0,39.78995659,30.51737113,26010680.0,4.745,12313.935,0,1,0,0,1,0.0,593.935,0.0,0.0,11720.0,2,ORTA_TICARETHANE
1001159897.0,39.78633075,30.43905308,26010823.0,3.0,2276.542,0,0,0,0,1,0.0,0.0,0.0,0.0,2276.542,1,KUCUK_TICARETHANE
1001159918.0,39.78845981,30.50930654,26010669.0,5.37,23685.859,0,1,0,0,1,0.0,267.358,0.0,0.0,23418.501,2,ORTA_TICARETHANE
1001160218.0,39.78442065,30.47229664,26013547.0,3.0,582.0,0,0,0,0,1,0.0,0.0,0.0,0.0,582.0,1,KUCUK_TICARETHANE
1001160647.0,39.78379698,30.46866416,26013546.0,3.0,621.0,0,0,0,0,1,0.0,0.0,0.0,0.0,621.0,1,KUCUK_TICARETHANE
1001160708.0,39.79196699,30.49067342,26006361.0,5.01,19545.993,0,0,0,0,1,0.0,0.0,0.0,0.0,19545.993,1,ORTA_TICARETHANE
1001161131.0,39.78437013,30.52382701,26006394.0,4.005,3754.068,0,1,0,0,1,0.0,2701.525,0.0,0.0,1052.543,2,KUCUK_TICARETHANE
1001161174.0,39.78393443,30.47085278,26013547.0,5.01,8076.526,0,0,0,0,1,0.0,0.0,0.0,0.0,8076.526,1,KUCUK_TICARETHANE
1001161437.0,39.78784988,30.45394055,26005959.0,5.01,20337.768,1,0,0,0,0,20337.768,0.0,0.0,0.0,0.0,0,AYDINLATMA
1001161547.0,39.77966721,30.51809742,26006215.0,4.005,23608.863,0,9,0,0,7,0.0,9877.499,0.0,0.0,13731.364,16,ORTA_TICARETHANE
1001161694.0,39.79587244,30.51223785,26010524.0,5.01,3640.0,0,0,0,0,1,0.0,0.0,0.0,0.0,3640.0,1,KUCUK_TICARETHANE
1001161701.0,,,,150.0,340888.08,0,0,0,0,1,0.0,0.0,0.0,0.0,340888.08,1,ORTA_TICARETHANE
1001162033.0,39.797922,30.53869945,26006846.0,378.0,393349.68,0,0,1,0,0,0.0,0.0,393349.68,0.0,0.0,1,BUYUK_SANAYI
1001162255.0,39.77950806,30.51265828,26005185.0,11.602857142857143,45594.38,0,4,0,0,3,0.0,5501.621,0.0,0.0,40092.759,7,ORTA_TICARETHANE
1001162602.0,39.80025004,30.51046318,26010521.0,5.01,10398.55,0,0,0,0,1,0.0,0.0,0.0,0.0,10398.55,1,ORTA_TICARETHANE
1001163043.0,39.78217398,30.52730381,26008803.0,960.0,312972.72,0,0,0,0,1,0.0,0.0,0.0,0.0,312972.72,1,BUYUK_TICARETHANE
1001163231.0,39.78280619,30.46931231,26013545.0,3.0,3492.0,0,0,0,0,1,0.0,0.0,0.0,0.0,3492.0,1,KUCUK_TICARETHANE
1001163298.0,39.78881657,30.51675718,26010678.0,5.01,31628.997,0,0,0,0,2,0.0,0.0,0.0,0.0,31628.997,2,ORTA_TICARETHANE
1001163766.0,39.84407954,30.28595373,26000106.0,15.0,20078.795,0,0,0,0,1,0.0,0.0,0.0,0.0,20078.795,1,ORTA_TICARETHANE
1001163818.0,39.78034447,30.54463431,26006185.0,3.0,30475.12,1,0,0,0,0,30475.12,0.0,0.0,0.0,0.0,0,AYDINLATMA
1001163933.0,39.77499586,30.4723294,26010845.0,3.0,151.0,0,0,0,0,1,0.0,0.0,0.0,0.0,151.0,1,KUCUK_TICARETHANE
1001164049.0,39.78910161,30.50616161,26010666.0,20.099999999999998,62050.353,0,0,0,0,3,0.0,0.0,0.0,0.0,62050.353,3,ORTA_TICARETHANE
1001164310.0,39.78631163,30.47506402,26013549.0,5.01,2894.647,0,0,0,0,1,0.0,0.0,0.0,0.0,2894.647,1,KUCUK_TICARETHANE
1001164527.0,39.79982256,30.51032913,26010521.0,4.005,8111.349,0,2,0,0,2,0.0,3901.608,0.0,0.0,4209.741,4,KUCUK_TICARETHANE
1001164661.0,39.79715433,30.49968639,26010533.0,4.005,9188.188,0,1,0,0,1,0.0,1279.106,0.0,0.0,7909.082,2,KUCUK_TICARETHANE
1001164808.0,39.78663475,30.47329131,26013551.0,3.0,1551.693,0,0,0,0,1,0.0,0.0,0.0,0.0,1551.693,1,KUCUK_TICARETHANE
1001165193.0,39.78330429,30.46046036,26005903.0,5.623333333333332,2900.2039999999997,0,2,0,0,1,0.0,2889.5879999999997,0.0,0.0,10.616,3,KUCUK_TICARETHANE
1001165428.0,39.78274542,30.47422782,26010805.0,79.1,9566.95,0,0,0,0,1,0.0,0.0,0.0,0.0,9566.95,1,ORTA_TICARETHANE
1001165575.0,39.78663741,30.52536441,26013564.0,4.005,42156.031,0,0,1,0,1,0.0,0.0,41386.943,0.0,769.088,2,ORTA_SANAYI
1001166061.0,39.78491235,30.50332762,26000435.0,83.52166666666666,1070465.94,0,0,0,0,6,0.0,0.0,0.0,0.0,1070465.94,6,ORTA_TICARETHANE
1001166199.0,39.80271364,30.57574416,26009785.0,3.0,2439.375,0,0,0,1,0,0.0,0.0,0.0,2439.375,0.0,0,TARIMSAL_SULAMA
1001166356.0,39.79522371,30.51247399,26010524.0,3.8614285714285717,10122.609,0,4,0,0,3,0.0,6238.576,0.0,0.0,3884.033,7,KUCUK_TICARETHANE
1001166422.0,39.79805956,30.49865736,26010533.0,5.01,3595.484,0,0,0,0,1,0.0,0.0,0.0,0.0,3595.484,1,KUCUK_TICARETHANE
1001166705.0,39.79467313,30.47893374,26010385.0,3.0,14358.553,1,0,0,0,0,14358.553,0.0,0.0,0.0,0.0,0,AYDINLATMA
1001166927.0,39.77477298,30.46154032,26010842.0,5.631818181818182,36023.344,0,7,0,0,4,0.0,8959.931,0.0,0.0,27063.413,11,ORTA_TICARETHANE
1001167033.0,39.78490583,30.47354526,26013548.0,5.01,240.727,0,0,0,0,1,0.0,0.0,0.0,0.0,240.727,1,KUCUK_TICARETHANE
1001167114.0,39.78951457,30.52315631,26005111.0,3.0,5693.903,0,0,0,0,1,0.0,0.0,0.0,0.0,5693.903,1,KUCUK_TICARETHANE
1001167214.0,39.78093318,30.50269382,26007750.0,11565.0,6757864.680000001,0,0,1,0,1,0.0,0.0,6690709.2,0.0,67155.48,2,BUYUK_SANAYI
1001167244.0,39.78537628,30.47122824,26013547.0,5.01,3399.637,0,0,0,0,1,0.0,0.0,0.0,0.0,3399.637,1,KUCUK_TICARETHANE
1001167383.0,39.82511456,30.51673698,26004551.0,5.01,7345.363,0,0,0,1,0,0.0,0.0,0.0,7345.363,0.0,0,TARIMSAL_SULAMA
1001167566.0,39.80451937,30.5991467,26003675.0,5.01,167.661,0,0,0,0,1,0.0,0.0,0.0,0.0,167.661,1,KUCUK_TICARETHANE
1001167575.0,39.89172467,30.56669571,26008585.0,15.0,19374.83,0,0,0,0,1,0.0,0.0,0.0,0.0,19374.83,1,ORTA_TICARETHANE
1001167943.0,39.78243087,30.46823794,26013545.0,5.01,1414.398,0,0,0,0,1,0.0,0.0,0.0,0.0,1414.398,1,KUCUK_TICARETHANE
1001167995.0,39.77786535,30.51760197,26005146.0,4.398260869565218,43452.789000000004,0,5,0,0,18,0.0,6319.798,0.0,0.0,37132.991,23,ORTA_TICARETHANE
1001168479.0,39.77559177,30.52038942,26005723.0,3.0,2920.465,0,0,0,0,1,0.0,0.0,0.0,0.0,2920.465,1,KUCUK_TICARETHANE
1001168798.0,39.7756735,30.5530048,26007722.0,5.01,33697.58,0,0,0,0,1,0.0,0.0,0.0,0.0,33697.58,1,ORTA_TICARETHANE
1001168897.0,39.78224345,30.51851283,26005722.0,3.0,4929.223,0,0,0,0,2,0.0,0.0,0.0,0.0,4929.223,2,KUCUK_TICARETHANE
1001169084.0,39.77827824,30.5083989,26005186.0,5.01,2479.955,0,0,0,0,2,0.0,0.0,0.0,0.0,2479.955,2,KUCUK_TICARETHANE
1001169521.0,39.71276599,30.33830398,26008535.0,240.0,667623.6,0,0,0,0,1,0.0,0.0,0.0,0.0,667623.6,1,ORTA_TICARETHANE
1001169720.0,39.79197209,30.51475444,26010681.0,4.005,5167.141,0,1,0,0,1,0.0,2192.0,0.0,0.0,2975.141,2,KUCUK_TICARETHANE
1001169736.0,39.81351429,30.3841764,26008117.0,30.0,23372.236,0,0,0,0,1,0.0,0.0,0.0,0.0,23372.236,1,ORTA_TICARETHANE
1001170270.0,39.78251449,30.468186,26013545.0,5.01,141.0,0,0,0,0,1,0.0,0.0,0.0,0.0,141.0,1,KUCUK_TICARETHANE
1001170275.0,39.7761996,30.52167948,26005723.0,3.0,4501.0,0,0,0,0,1,0.0,0.0,0.0,0.0,4501.0,1,KUCUK_TICARETHANE
1001171036.0,39.78421449,30.46736049,26013545.0,5.01,100.0,0,0,0,0,1,0.0,0.0,0.0,0.0,100.0,1,KUCUK_TICARETHANE
1001171295.0,39.7758321,30.52237348,26005700.0,3.0,1927.0,0,0,0,0,1,0.0,0.0,0.0,0.0,1927.0,1,KUCUK_TICARETHANE
1001171413.0,39.79994669,30.48952903,26005689.0,5.01,2099.934,1,0,0,0,0,2099.934,0.0,0.0,0.0,0.0,0,AYDINLATMA
1001171676.0,39.78910665,30.54051085,26005434.0,4.34,7624.138,0,2,0,0,1,0.0,3124.0,0.0,0.0,4500.138,3,KUCUK_TICARETHANE
1001171779.0,39.7761233,30.52120726,26005723.0,3.0,2953.0,0,0,0,0,1,0.0,0.0,0.0,0.0,2953.0,1,KUCUK_TICARETHANE
1001171814.0,39.81807273,30.50855519,26005543.0,3.8771428571428572,16701.461,0,1,0,4,2,0.0,826.0,0.0,13946.293999999998,1929.167,3,KUCUK_TICARETHANE
1001171868.0,39.7893414,30.49046729,26005975.0,59.96,96998.075,0,0,0,0,1,0.0,0.0,0.0,0.0,96998.075,1,ORTA_TICARETHANE
1001171969.0,39.78008355,30.51530279,26006385.0,3.0,18723.371,1,0,0,0,0,18723.371,0.0,0.0,0.0,0.0,0,AYDINLATMA
1001171987.0,39.79812646,30.48915816,26005688.0,5.505,8738.683,0,0,0,0,2,0.0,0.0,0.0,0.0,8738.683,2,KUCUK_TICARETHANE
1001172797.0,39.77771893,30.51694882,26005147.0,5.01,13123.973,0,0,0,0,3,0.0,0.0,0.0,0.0,13123.973,3,ORTA_TICARETHANE
1001172938.0,39.79077567,30.48423051,26010072.0,5.3149999999999995,6157.391,0,0,0,0,2,0.0,0.0,0.0,0.0,6157.391,2,KUCUK_TICARETHANE
1001173386.0,39.80526682,30.41381196,26006941.0,150.0,67765.2,0,0,0,0,1,0.0,0.0,0.0,0.0,67765.2,1,ORTA_TICARETHANE
1001173404.0,39.78231086,30.46904325,26013545.0,5.01,1139.52,0,0,0,0,1,0.0,0.0,0.0,0.0,1139.52,1,KUCUK_TICARETHANE
1001173430.0,39.77719217,30.51879778,26005890.0,4.966428571428572,33797.311,0,2,0,0,12,0.0,3668.813,0.0,0.0,30128.498,14,ORTA_TICARETHANE
1001173615.0,39.78629819,30.51907974,26010679.0,4.973333333333334,21481.339,0,4,0,0,2,0.0,5164.4710000000005,0.0,0.0,16316.868,6,ORTA_TICARETHANE
1001173625.0,39.78172674,30.48904004,26006141.0,8.166,69857.128,0,0,0,0,5,0.0,0.0,0.0,0.0,69857.128,5,ORTA_TICARETHANE
1001173850.0,39.77670627,30.52210202,26005723.0,3.0,17189.43,1,0,0,0,0,17189.43,0.0,0.0,0.0,0.0,0,AYDINLATMA
1001173853.0,39.77988202,30.4551638,26005121.0,5.726666666666667,17790.928,0,8,0,0,4,0.0,11486.129,0.0,0.0,6304.799,12,KUCUK_TICARETHANE
1001173861.0,39.82993422,30.50187994,26005229.0,5.01,29378.142,1,0,0,0,2,26032.736,0.0,0.0,0.0,3345.406,2,KUCUK_TICARETHANE
1001173913.0,39.78574948,30.47092809,26013547.0,5.01,512.0,0,0,0,0,1,0.0,0.0,0.0,0.0,512.0,1,KUCUK_TICARETHANE
1001173925.0,39.77799743,30.51708829,26005146.0,4.8374999999999995,14139.576000000001,0,1,0,0,15,0.0,646.699,0.0,0.0,13492.877,16,ORTA_TICARETHANE
1001174054.0,39.77677513,30.52203216,26005723.0,3.0,70.0,0,0,0,0,1,0.0,0.0,0.0,0.0,70.0,1,KUCUK_TICARETHANE
1001174323.0,39.88539548,30.48561797,26008430.0,15.0,60462.364,0,0,0,0,1,0.0,0.0,0.0,0.0,60462.364,1,ORTA_TICARETHANE
1001174595.0,39.77133418,30.48012002,26006342.0,4.005,2296.883,0,0,0,0,2,0.0,0.0,0.0,0.0,2296.883,2,KUCUK_TICARETHANE
1001174737.0,39.7856502,30.29595732,26008050.0,150.0,210994.32,0,0,1,0,0,0.0,0.0,210994.32,0.0,0.0,1,ORTA_SANAYI
1001175064.0,39.81992712,30.51809447,26005543.0,5.01,694.219,0,0,0,0,1,0.0,0.0,0.0,0.0,694.219,1,KUCUK_TICARETHANE
1001175257.0,39.78335537,30.52556359,26006394.0,4.34,3035.6440000000002,0,2,0,0,1,0.0,2180.6749999999997,0.0,0.0,854.969,3,KUCUK_TICARETHANE
1001175374.0,39.77733374,30.51811705,26005146.0,4.461666666666667,15753.43,0,4,0,0,2,0.0,3790.098,0.0,0.0,11963.332,6,ORTA_TICARETHANE
1001175568.0,39.77615825,30.52004034,26005890.0,5.01,7134.589,0,0,0,0,2,0.0,0.0,0.0,0.0,7134.589,2,KUCUK_TICARETHANE
1001175853.0,39.78221246,30.51830266,26010314.0,3.0,1657.0,0,0,0,0,1,0.0,0.0,0.0,0.0,1657.0,1,KUCUK_TICARETHANE
1001175999.0,39.79051286,30.47671896,26005994.0,80.2,61498.32,0,0,0,0,1,0.0,0.0,0.0,0.0,61498.32,1,ORTA_TICARETHANE
1001176110.0,39.74048043,30.39578653,26001754.0,240.0,124967.76,0,0,0,0,1,0.0,0.0,0.0,0.0,124967.76,1,ORTA_TICARETHANE
1001176469.0,39.7890471,30.46463382,26010449.0,5.901999999999999,16381.916000000001,0,3,0,0,2,0.0,4522.246999999999,0.0,0.0,11859.669000000002,5,ORTA_TICARETHANE
1001176481.0,39.77961882,30.51849812,26005146.0,4.082307692307692,33742.405,0,8,0,0,5,0.0,13273.315999999999,0.0,0.0,20469.089,13,ORTA_TICARETHANE
1001176715.0,39.78230481,30.44783018,26006212.0,3.0,1834.412,0,0,0,0,1,0.0,0.0,0.0,0.0,1834.412,1,KUCUK_TICARETHANE
1001176820.0,39.78391121,30.47275337,26013548.0,9.865,1519.0,0,0,0,0,2,0.0,0.0,0.0,0.0,1519.0,2,KUCUK_TICARETHANE
1001176941.0,39.82486079,30.51593155,26004551.0,5.01,3846.688,0,0,0,1,0,0.0,0.0,0.0,3846.688,0.0,0,TARIMSAL_SULAMA
1001177055.0,39.80166762,30.48009433,26006286.0,5.23,822.0,0,1,0,0,1,0.0,648.0,0.0,0.0,174.0,2,KUCUK_TICARETHANE
1001177876.0,39.7915131,30.54550059,26005690.0,4.34,13933.243,0,2,0,0,1,0.0,2798.0820000000003,0.0,0.0,11135.161,3,ORTA_TICARETHANE
1001178484.0,39.78462429,30.47038251,26013546.0,3.0,3548.102,0,0,0,0,1,0.0,0.0,0.0,0.0,3548.102,1,KUCUK_TICARETHANE
1001178796.0,39.78641992,30.47113349,26013551.0,3.0,1586.0,0,0,0,0,1,0.0,0.0,0.0,0.0,1586.0,1,KUCUK_TICARETHANE
1001178994.0,39.91127831,30.8471928,26000543.0,150.0,1196.16,0,0,0,0,1,0.0,0.0,0.0,0.0,1196.16,1,ORTA_TICARETHANE
1001179098.0,39.78193755,30.46028231,26005903.0,5.01,13540.868,0,0,0,0,2,0.0,0.0,0.0,0.0,13540.868,2,ORTA_TICARETHANE
1001179132.0,39.78115869,30.45905089,26008328.0,60.0,247424.24,0,0,0,0,1,0.0,0.0,0.0,0.0,247424.24,1,ORTA_TICARETHANE
1001179430.0,39.77796145,30.4621668,26010840.0,4.34,5511.963,0,2,0,0,1,0.0,4618.963,0.0,0.0,893.0,3,KUCUK_TICARETHANE
1001179497.0,39.79466689,30.50634179,26010530.0,3.0,1168.0,0,1,0,0,1,0.0,618.0,0.0,0.0,550.0,2,KUCUK_TICARETHANE
1001179976.0,39.81502327,30.44559057,26006497.0,3.0,35361.938,1,0,0,0,0,35361.938,0.0,0.0,0.0,0.0,0,AYDINLATMA
1001180325.0,39.79430525,30.52293687,26010154.0,3.0,42090.85,1,0,0,0,0,42090.85,0.0,0.0,0.0,0.0,0,AYDINLATMA
1001180446.0,39.78488357,30.48358175,26006000.0,5.01,16943.381,0,0,0,0,1,0.0,0.0,0.0,0.0,16943.381,1,ORTA_TICARETHANE
1001180672.0,39.77667872,30.5269356,26006473.0,9.235,6091.103,0,0,0,0,2,0.0,0.0,0.0,0.0,6091.103,2,KUCUK_TICARETHANE
1001180793.0,39.77936283,30.51477942,26005145.0,5.736666666666667,24376.364999999998,0,0,0,0,3,0.0,0.0,0.0,0.0,24376.364999999998,3,ORTA_TICARETHANE
1001180972.0,39.78195257,30.47324506,26010805.0,6.085,3384.3779999999997,0,0,0,0,2,0.0,0.0,0.0,0.0,3384.3779999999997,2,KUCUK_TICARETHANE
1001181066.0,39.7864582,30.47226733,26013551.0,5.01,357.329,0,0,0,0,1,0.0,0.0,0.0,0.0,357.329,1,KUCUK_TICARETHANE
1001181184.0,39.79199277,30.51453203,26010681.0,5.938,5204.457,0,1,0,0,4,0.0,1120.068,0.0,0.0,4084.389,5,KUCUK_TICARETHANE
1001181337.0,39.78483853,30.51131448,26010683.0,5.689565217391305,18524.23,0,12,0,0,11,0.0,8649.055,0.0,0.0,9875.175,23,KUCUK_TICARETHANE
1001181913.0,39.77321047,30.47807194,26005721.0,4.005,6692.8279999999995,0,1,0,0,1,0.0,4002.964,0.0,0.0,2689.864,2,KUCUK_TICARETHANE
1001182133.0,39.7841389,30.46778621,26013545.0,3.0,338.0,0,0,0,0,1,0.0,0.0,0.0,0.0,338.0,1,KUCUK_TICARETHANE
1001182182.0,39.776057,30.5216932,26005723.0,5.01,955.0,0,0,0,0,1,0.0,0.0,0.0,0.0,955.0,1,KUCUK_TICARETHANE
1001182256.0,39.78009632,30.45194851,26010837.0,5.295,6606.146000000001,0,1,0,0,1,0.0,3095.538,0.0,0.0,3510.608,2,KUCUK_TICARETHANE
1001182328.0,39.80061662,30.46688315,26001096.0,60.0,60423.88,0,0,0,0,1,0.0,0.0,0.0,0.0,60423.88,1,ORTA_TICARETHANE
1001182437.0,39.80548492,30.55057517,26005232.0,5.01,436.0,0,0,0,0,1,0.0,0.0,0.0,0.0,436.0,1,KUCUK_TICARETHANE
1001182477.0,39.80364179,30.57591039,26009785.0,3.0,1749.799,0,0,0,1,0,0.0,0.0,0.0,1749.799,0.0,0,TARIMSAL_SULAMA
1001182567.0,39.77584091,30.52058047,26005910.0,5.01,44085.418,0,0,0,0,1,0.0,0.0,0.0,0.0,44085.418,1,ORTA_TICARETHANE
1001182646.0,39.77569117,30.52564447,26010373.0,3.0,16816.93,1,0,0,0,0,16816.93,0.0,0.0,0.0,0.0,0,AYDINLATMA
1001182854.0,39.77245729,30.48308356,26010905.0,3.81,4046.054,0,0,0,0,1,0.0,0.0,0.0,0.0,4046.054,1,KUCUK_TICARETHANE
1001182991.0,39.82498778,30.49866,26005773.0,4.005,2883.592,0,1,0,0,1,0.0,1237.0,0.0,0.0,1646.592,2,KUCUK_TICARETHANE
1001183064.0,39.79508408,30.61779295,26002804.0,10.0,14492.902,0,0,0,0,1,0.0,0.0,0.0,0.0,14492.902,1,ORTA_TICARETHANE
1001183248.0,39.78486248,30.47111694,26013547.0,5.01,2007.0,0,0,0,0,1,0.0,0.0,0.0,0.0,2007.0,1,KUCUK_TICARETHANE
1001183312.0,39.79733557,30.49449611,26010541.0,5.01,39826.331,1,0,0,0,0,39826.331,0.0,0.0,0.0,0.0,0,AYDINLATMA
1001183447.0,39.82648236,30.49606229,26001191.0,4.3999999999999995,8520.166,0,1,0,2,4,0.0,3432.851,0.0,295.777,4791.5380000000005,5,KUCUK_TICARETHANE
1001183504.0,39.79375887,30.47954807,26006203.0,5.01,4107.483,0,0,0,0,1,0.0,0.0,0.0,0.0,4107.483,1,KUCUK_TICARETHANE
1001184057.0,39.79263002,30.52340896,26010286.0,5.01,3259.248,0,0,0,0,1,0.0,0.0,0.0,0.0,3259.248,1,KUCUK_TICARETHANE
1001184130.0,39.77246012,30.4805757,26006342.0,4.005,10697.586,0,1,0,0,3,0.0,2586.392,0.0,0.0,8111.1939999999995,4,KUCUK_TICARETHANE
1001184192.0,39.78252497,30.47312544,26010805.0,6.95,3522.0,0,0,0,0,1,0.0,0.0,0.0,0.0,3522.0,1,KUCUK_TICARETHANE
1001184223.0,39.78104369,30.51822387,26006215.0,5.01,7508.58,0,0,0,0,2,0.0,0.0,0.0,0.0,7508.58,2,KUCUK_TICARETHANE
1001184276.0,39.81927729,30.49818255,26013510.0,4.795714285714285,7994.823,0,2,0,2,3,0.0,4982.704,0.0,1974.181,1037.938,5,KUCUK_TICARETHANE
1001184594.0,39.82036638,30.44458548,26010367.0,16.505,12050.068,0,0,0,0,2,0.0,0.0,0.0,0.0,12050.068,2,ORTA_TICARETHANE
1001184631.0,39.77518212,30.52960055,26005714.0,4.95625,18242.472999999998,0,5,0,0,3,0.0,5926.148,0.0,0.0,12316.325,8,ORTA_TICARETHANE
1001184793.0,39.79265611,30.55223427,26005223.0,5.01,15493.408,0,0,0,0,2,0.0,0.0,0.0,0.0,15493.408,2,ORTA_TICARETHANE
1001185566.0,39.78459119,30.4640061,26005120.0,3.0,1791.75,0,1,0,0,1,0.0,1689.75,0.0,0.0,102.0,2,KUCUK_TICARETHANE
1001185705.0,39.79241784,30.48210358,26006047.0,3.0,28914.607,1,0,0,0,0,28914.607,0.0,0.0,0.0,0.0,0,AYDINLATMA
1001185713.0,39.7932994,30.45307281,26006293.0,5.01,6417.872,0,0,0,0,1,0.0,0.0,0.0,0.0,6417.872,1,KUCUK_TICARETHANE
1001185715.0,39.77708606,30.51888893,26005890.0,26.63,35836.08,0,0,0,0,1,0.0,0.0,0.0,0.0,35836.08,1,ORTA_TICARETHANE
1001186008.0,39.7846284,30.46789638,26013544.0,3.0,1751.0,0,0,0,0,1,0.0,0.0,0.0,0.0,1751.0,1,KUCUK_TICARETHANE
1001186178.0,39.79469736,30.50823936,26010526.0,3.0,551.041,0,0,0,0,1,0.0,0.0,0.0,0.0,551.041,1,KUCUK_TICARETHANE
1001186254.0,39.80044835,30.45946214,26013636.0,3.0,57403.418,1,0,0,0,0,57403.418,0.0,0.0,0.0,0.0,0,AYDINLATMA
1001186330.0,39.81149634,30.49305069,26006773.0,5.01,4234.422,0,0,0,0,1,0.0,0.0,0.0,0.0,4234.422,1,KUCUK_TICARETHANE
1001186580.0,39.77863704,30.54866008,26005274.0,15.975000000000001,74721.429,1,0,0,0,1,28711.757,0.0,0.0,0.0,46009.672,1,ORTA_TICARETHANE
1001186581.0,39.79094825,30.53111335,26013566.0,3.0,25271.091,1,0,0,0,0,25271.091,0.0,0.0,0.0,0.0,0,AYDINLATMA
1001186835.0,39.79296705,30.51004107,26010525.0,3.0,123024.597,1,0,0,0,0,123024.597,0.0,0.0,0.0,0.0,0,AYDINLATMA
1001186856.0,39.80265508,30.49385052,26010545.0,4.94,2982.875,0,1,0,1,1,0.0,2828.363,0.0,89.0,65.512,2,KUCUK_TICARETHANE
1001187077.0,39.79929452,30.56239646,26005233.0,4.005,2894.502,0,1,0,0,1,0.0,1399.739,0.0,0.0,1494.763,2,KUCUK_TICARETHANE
1001187192.0,39.80349907,30.50002095,26010538.0,5.0840000000000005,14732.1,0,3,0,0,2,0.0,6447.794,0.0,0.0,8284.306,5,KUCUK_TICARETHANE
1001187200.0,39.79346929,30.51462681,26010569.0,19.42,21539.159,0,0,0,0,1,0.0,0.0,0.0,0.0,21539.159,1,ORTA_TICARETHANE
1001187421.0,39.77457742,30.45059057,26010834.0,5.01,4037.505,0,0,0,0,1,0.0,0.0,0.0,0.0,4037.505,1,KUCUK_TICARETHANE
1001187455.0,39.78482437,30.47025646,26013546.0,3.0,4761.0,0,0,0,0,2,0.0,0.0,0.0,0.0,4761.0,2,KUCUK_TICARETHANE
1001187554.0,39.79182325,30.45801948,26006410.0,5.01,9487.54,0,0,0,0,2,0.0,0.0,0.0,0.0,9487.54,2,KUCUK_TICARETHANE
1001187838.0,39.79639867,30.44339567,26010696.0,5.01,32988.795,0,1,0,0,4,0.0,1256.004,0.0,0.0,31732.791,5,ORTA_TICARETHANE
1001188409.0,39.7863252,30.5508431,26006861.0,60.0,26525.85,0,0,0,1,0,0.0,0.0,0.0,26525.85,0.0,0,TARIMSAL_SULAMA
1001188761.0,39.80945457,30.49478165,26010538.0,3.0,4784.0,0,0,0,1,0,0.0,0.0,0.0,4784.0,0.0,0,TARIMSAL_SULAMA
1001189195.0,39.77294405,30.45346936,26004553.0,5.01,3383.382,0,1,0,0,1,0.0,2626.0,0.0,0.0,757.382,2,KUCUK_TICARETHANE
1001189368.0,39.78517712,30.51235668,26010683.0,5.01,12413.103,0,0,0,0,7,0.0,0.0,0.0,0.0,12413.103,7,ORTA_TICARETHANE
1001189829.0,39.79885094,30.49165602,26010542.0,5.16,421.139,0,0,0,0,1,0.0,0.0,0.0,0.0,421.139,1,KUCUK_TICARETHANE
1001189847.0,39.78161954,30.51962017,26006230.0,5.01,2424.3379999999997,0,0,0,0,2,0.0,0.0,0.0,0.0,2424.3379999999997,2,KUCUK_TICARETHANE
1001189906.0,39.80359894,30.57643031,26009785.0,5.01,802.118,0,0,0,1,0,0.0,0.0,0.0,802.118,0.0,0,TARIMSAL_SULAMA
1001189957.0,39.77644805,30.51925795,26005890.0,3.67,10707.423,0,0,0,0,3,0.0,0.0,0.0,0.0,10707.423,3,ORTA_TICARETHANE
1001190115.0,39.77364309,30.45861123,26010909.0,5.01,15000.03,0,0,0,0,1,0.0,0.0,0.0,0.0,15000.03,1,ORTA_TICARETHANE
1001190122.0,39.77308687,30.48124741,26010905.0,4.005,2699.29,0,1,0,0,1,0.0,1494.138,0.0,0.0,1205.152,2,KUCUK_TICARETHANE
1001190366.0,39.7615878,30.46124486,26010894.0,3.0,210.0,0,0,0,1,0,0.0,0.0,0.0,210.0,0.0,0,TARIMSAL_SULAMA
1001190464.0,39.7853563,30.51940271,26006025.0,5.01,1361.0,0,0,0,0,1,0.0,0.0,0.0,0.0,1361.0,1,KUCUK_TICARETHANE
1001190470.0,39.79894759,30.50784448,26010528.0,5.736666666666667,3685.7219999999998,0,2,0,0,1,0.0,3239.467,0.0,0.0,446.255,3,KUCUK_TICARETHANE
1001190586.0,39.77980029,30.51195364,26005185.0,4.005,13305.0,0,0,0,0,2,0.0,0.0,0.0,0.0,13305.0,2,ORTA_TICARETHANE
1001190604.0,39.78531438,30.47445306,26013549.0,3.0,294.604,0,0,0,0,1,0.0,0.0,0.0,0.0,294.604,1,KUCUK_TICARETHANE
1001190611.0,39.78295766,30.46661698,26013545.0,5.01,2443.186,0,0,0,0,1,0.0,0.0,0.0,0.0,2443.186,1,KUCUK_TICARETHANE
1001190700.0,39.79785935,30.51088787,26010522.0,4.005,929.418,0,0,0,0,2,0.0,0.0,0.0,0.0,929.418,2,KUCUK_TICARETHANE
1001190970.0,39.78783455,30.51470908,26005134.0,6.0566666666666675,19859.816,0,2,0,0,4,0.0,3358.096,0.0,0.0,16501.72,6,ORTA_TICARETHANE
1001191009.0,39.78784416,30.48380845,26006181.0,4.005,23557.496,0,4,0,0,4,0.0,6455.18,0.0,0.0,17102.316,8,ORTA_TICARETHANE
1001191021.0,39.80072822,30.48500496,26006287.0,3.0,46627.032,1,0,0,0,0,46627.032,0.0,0.0,0.0,0.0,0,AYDINLATMA
1001191048.0,39.79557727,30.46517797,26006123.0,3.0,164.0,0,0,0,1,0,0.0,0.0,0.0,164.0,0.0,0,TARIMSAL_SULAMA
1001191079.0,39.77525093,30.55329012,26007722.0,25.865,306256.794,0,0,0,0,2,0.0,0.0,0.0,0.0,306256.794,2,ORTA_TICARETHANE
1001191316.0,39.78234015,30.46828056,26013545.0,5.01,3642.204,0,0,0,0,1,0.0,0.0,0.0,0.0,3642.204,1,KUCUK_TICARETHANE
1001191607.0,39.77797159,30.45629161,26010838.0,6.356153846153846,15016.403,0,9,0,0,4,0.0,9921.422999999999,0.0,0.0,5094.98,13,KUCUK_TICARETHANE
1001191627.0,39.79152017,30.51578559,26010681.0,4.206,10771.474,0,3,0,0,2,0.0,2711.07,0.0,0.0,8060.404,5,KUCUK_TICARETHANE
1001191720.0,39.80355171,30.49706612,26010538.0,5.01,2100.0,0,0,0,0,1,0.0,0.0,0.0,0.0,2100.0,1,KUCUK_TICARETHANE
1001191839.0,39.80158627,30.514308,26010518.0,5.01,3325.825,0,0,0,0,1,0.0,0.0,0.0,0.0,3325.825,1,KUCUK_TICARETHANE
1001191959.0,39.78482454,30.47200907,26013548.0,5.01,2876.0,0,0,0,0,1,0.0,0.0,0.0,0.0,2876.0,1,KUCUK_TICARETHANE
1001192712.0,39.82032861,30.5052193,26005543.0,5.01,4123.4400000000005,0,1,0,0,2,0.0,1677.0,0.0,0.0,2446.44,3,KUCUK_TICARETHANE
1001192878.0,39.77975979,30.4535156,26005121.0,5.01,675.0,0,0,0,0,1,0.0,0.0,0.0,0.0,675.0,1,KUCUK_TICARETHANE
1001192913.0,39.80530442,30.57756297,26005231.0,5.01,757.608,0,0,0,0,1,0.0,0.0,0.0,0.0,757.608,1,KUCUK_TICARETHANE
1001193202.0,39.77545762,30.5234791,26006345.0,4.005,3092.466,0,0,0,0,2,0.0,0.0,0.0,0.0,3092.466,2,KUCUK_TICARETHANE
1001193226.0,39.7978966,30.50515998,26010532.0,5.01,4801.627,1,0,0,0,0,4801.627,0.0,0.0,0.0,0.0,0,AYDINLATMA
1001193386.0,39.79843727,30.56023173,26009784.0,5.01,795.0,0,0,0,0,1,0.0,0.0,0.0,0.0,795.0,1,KUCUK_TICARETHANE
1001193499.0,39.78274942,30.5123259,26010671.0,56.55,43386.15,0,0,0,0,1,0.0,0.0,0.0,0.0,43386.15,1,ORTA_TICARETHANE
1001193619.0,39.78805513,30.46073796,26010100.0,7.93,2636.604,0,0,0,0,1,0.0,0.0,0.0,0.0,2636.604,1,KUCUK_TICARETHANE
1001193625.0,39.7870656,30.46531966,26010455.0,13.2,2557.14,0,0,0,0,1,0.0,0.0,0.0,0.0,2557.14,1,KUCUK_TICARETHANE
1001193650.0,39.78480344,30.47192244,26013547.0,3.0,394.0,0,0,0,0,1,0.0,0.0,0.0,0.0,394.0,1,KUCUK_TICARETHANE
1001193702.0,39.77628074,30.52042268,26005910.0,5.01,3429.0,0,0,0,0,3,0.0,0.0,0.0,0.0,3429.0,3,KUCUK_TICARETHANE
1001193715.0,39.78729101,30.46343299,26010197.0,77.05,42321.4,0,0,0,0,1,0.0,0.0,0.0,0.0,42321.4,1,ORTA_TICARETHANE
1001193783.0,39.78208928,30.46844256,26013545.0,3.0,348.0,0,0,0,0,1,0.0,0.0,0.0,0.0,348.0,1,KUCUK_TICARETHANE
1001194042.0,39.78610819,30.51010436,26010670.0,3.0,34755.57,0,0,0,0,2,0.0,0.0,0.0,0.0,34755.57,2,ORTA_TICARETHANE
1001194544.0,39.79523173,30.51343432,26010524.0,3.0,2909.0,0,1,0,0,2,0.0,2604.0,0.0,0.0,305.0,3,KUCUK_TICARETHANE
1001195348.0,39.7933368,30.48378037,26005900.0,5.01,3644.903,0,0,0,0,1,0.0,0.0,0.0,0.0,3644.903,1,KUCUK_TICARETHANE
1001195409.0,39.78368323,30.47054282,26013546.0,5.01,281.0,0,0,0,0,1,0.0,0.0,0.0,0.0,281.0,1,KUCUK_TICARETHANE
1001195565.0,39.78660418,30.53505082,26005686.0,3.0,50580.659,1,0,0,0,0,50580.659,0.0,0.0,0.0,0.0,0,AYDINLATMA
1001195631.0,39.79083463,30.52049597,26010590.0,6.23,2265.34,0,0,0,0,2,0.0,0.0,0.0,0.0,2265.34,2,KUCUK_TICARETHANE
1001195757.0,39.79791697,30.55529273,26009783.0,5.01,49.622,0,0,0,0,1,0.0,0.0,0.0,0.0,49.622,1,KUCUK_TICARETHANE
1001195960.0,39.81279884,30.44521008,26010370.0,10.13,3765.106,0,0,0,0,1,0.0,0.0,0.0,0.0,3765.106,1,KUCUK_TICARETHANE
1001196144.0,39.81340781,30.44543763,26010370.0,10.13,4547.684,0,0,0,0,1,0.0,0.0,0.0,0.0,4547.684,1,KUCUK_TICARETHANE
1001196384.0,39.83860447,30.50479863,26006450.0,5.01,84126.871,1,0,0,2,0,21966.31,0.0,0.0,62160.561,0.0,0,TARIMSAL_SULAMA
1001196442.0,39.78456613,30.51870003,26010761.0,4.25625,36541.419,0,0,0,0,8,0.0,0.0,0.0,0.0,36541.419,8,ORTA_TICARETHANE
1001196496.0,39.78734035,30.51902266,26010679.0,4.4446666666666665,97891.516,0,20,0,0,10,0.0,39623.591,0.0,0.0,58267.925,30,ORTA_TICARETHANE
1001196761.0,39.77942026,30.52248822,26005911.0,5.01,2951.895,0,0,0,0,2,0.0,0.0,0.0,0.0,2951.895,2,KUCUK_TICARETHANE
1001196802.0,39.79002383,30.51616927,26010678.0,5.01,21526.519,0,0,0,0,2,0.0,0.0,0.0,0.0,21526.519,2,ORTA_TICARETHANE
1001197175.0,39.8025967,30.54975931,26005232.0,3.0,2292.0,0,0,0,1,0,0.0,0.0,0.0,2292.0,0.0,0,TARIMSAL_SULAMA
1001197814.0,39.77586445,30.52051128,26005910.0,5.01,7494.522,0,0,0,0,1,0.0,0.0,0.0,0.0,7494.522,1,KUCUK_TICARETHANE
1001197844.0,39.77747813,30.45623351,26010838.0,5.291666666666667,19378.032,0,1,0,0,5,0.0,1850.521,0.0,0.0,17527.511,6,ORTA_TICARETHANE
1001197947.0,39.8122612,30.44666596,26010370.0,5.01,6481.118,0,0,0,0,5,0.0,0.0,0.0,0.0,6481.118,5,KUCUK_TICARETHANE
1001197968.0,39.79992831,30.51056663,26010521.0,5.01,1664.183,0,0,0,0,1,0.0,0.0,0.0,0.0,1664.183,1,KUCUK_TICARETHANE
1001198021.0,39.78728246,30.47424598,26013551.0,5.01,3507.075,0,0,0,0,1,0.0,0.0,0.0,0.0,3507.075,1,KUCUK_TICARETHANE
1001198084.0,39.78393236,30.47675388,26013550.0,3.0,3662.707,0,0,0,0,1,0.0,0.0,0.0,0.0,3662.707,1,KUCUK_TICARETHANE
1001198183.0,39.78690005,30.4740231,26013551.0,5.01,1061.0,0,0,0,0,1,0.0,0.0,0.0,0.0,1061.0,1,KUCUK_TICARETHANE
1001198510.0,39.77871165,30.51535006,26005145.0,16.389999999999997,19342.202,0,0,0,0,3,0.0,0.0,0.0,0.0,19342.202,3,ORTA_TICARETHANE
1001198660.0,39.78021696,30.4509979,26010835.0,5.01,2808.391,0,0,0,0,1,0.0,0.0,0.0,0.0,2808.391,1,KUCUK_TICARETHANE
1001198876.0,39.78151606,30.51526905,26010672.0,4.005,9624.257,0,0,0,0,2,0.0,0.0,0.0,0.0,9624.257,2,KUCUK_TICARETHANE
1001198944.0,39.79998526,30.5690778,26009784.0,3.0,806.08,0,0,0,1,0,0.0,0.0,0.0,806.08,0.0,0,TARIMSAL_SULAMA
1001199160.0,39.77919218,30.51505422,26005145.0,11.125,58943.696,0,0,0,0,2,0.0,0.0,0.0,0.0,58943.696,2,ORTA_TICARETHANE
1001199272.0,39.77809811,30.51220481,26005188.0,5.01,8131.023,0,0,0,0,9,0.0,0.0,0.0,0.0,8131.023,9,KUCUK_TICARETHANE
1001199411.0,39.78581612,30.47014994,26013547.0,5.01,2640.0,0,0,0,0,1,0.0,0.0,0.0,0.0,2640.0,1,KUCUK_TICARETHANE
1001199513.0,39.79446321,30.50698252,26010530.0,5.01,14381.022,0,0,0,0,1,0.0,0.0,0.0,0.0,14381.022,1,ORTA_TICARETHANE
1001199544.0,39.79032238,30.52442698,26010292.0,5.01,1189.038,0,0,0,0,1,0.0,0.0,0.0,0.0,1189.038,1,KUCUK_TICARETHANE
1001199716.0,39.78297583,30.46920227,26013545.0,3.0,69.027,0,0,0,0,1,0.0,0.0,0.0,0.0,69.027,1,KUCUK_TICARETHANE
1001200083.0,39.78500897,30.47057068,26013547.0,5.01,5420.2,0,0,0,0,1,0.0,0.0,0.0,0.0,5420.2,1,KUCUK_TICARETHANE
1001200296.0,39.78170026,30.46964695,26010805.0,6.66,36066.741,0,0,0,0,1,0.0,0.0,0.0,0.0,36066.741,1,ORTA_TICARETHANE
1001200600.0,39.77731477,30.51951814,26005890.0,6.0176,92429.564,0,16,0,0,9,0.0,24546.672,0.0,0.0,67882.89199999999,25,ORTA_TICARETHANE
1001200650.0,39.7702227,30.48352517,26010564.0,8.94,5620.624,0,0,0,0,1,0.0,0.0,0.0,0.0,5620.624,1,KUCUK_TICARETHANE
1001201022.0,39.79388166,30.51484278,26010569.0,5.01,1610.27,0,0,0,0,1,0.0,0.0,0.0,0.0,1610.27,1,KUCUK_TICARETHANE
1001201036.0,39.78680115,30.47339129,26013551.0,3.0,127.0,0,0,0,0,2,0.0,0.0,0.0,0.0,127.0,2,KUCUK_TICARETHANE
1001201142.0,39.79135915,30.57462997,26005236.0,3.0,440.53,0,0,0,1,0,0.0,0.0,0.0,440.53,0.0,0,TARIMSAL_SULAMA
1001201410.0,39.77281269,30.46082119,26010908.0,3.67,3882.447,0,2,0,0,1,0.0,3859.465,0.0,0.0,22.982,3,KUCUK_TICARETHANE
1001201420.0,39.79208414,30.48899359,26005901.0,5.01,2612.634,0,0,0,0,1,0.0,0.0,0.0,0.0,2612.634,1,KUCUK_TICARETHANE
1001201602.0,39.78612567,30.5043388,26010550.0,3.5025,7122.876,0,2,0,0,2,0.0,3088.0,0.0,0.0,4034.876,4,KUCUK_TICARETHANE
1001201854.0,39.78310464,30.46839076,26013545.0,8.7,12007.993,0,0,0,0,2,0.0,0.0,0.0,0.0,12007.993,2,ORTA_TICARETHANE
1001201934.0,39.79298418,30.52056742,26010290.0,5.01,10580.834,0,0,0,0,1,0.0,0.0,0.0,0.0,10580.834,1,ORTA_TICARETHANE
1001202163.0,39.79230411,30.51879997,26010290.0,4.732,20622.334,0,3,0,0,2,0.0,3845.1989999999996,0.0,0.0,16777.135,5,ORTA_TICARETHANE
1001202259.0,39.79882844,30.56155585,26009784.0,5.01,4610.316,0,0,0,1,0,0.0,0.0,0.0,4610.316,0.0,0,TARIMSAL_SULAMA
1001202277.0,39.77601907,30.52318711,26005700.0,3.0,231.0,0,0,0,0,2,0.0,0.0,0.0,0.0,231.0,2,KUCUK_TICARETHANE
1001202285.0,39.77624983,30.46993717,26010843.0,4.005,4084.0,0,1,0,0,1,0.0,257.0,0.0,0.0,3827.0,2,KUCUK_TICARETHANE
1001202422.0,39.78555082,30.47432495,26013549.0,5.01,1711.934,0,0,0,0,1,0.0,0.0,0.0,0.0,1711.934,1,KUCUK_TICARETHANE
1001202426.0,39.77814097,30.51879707,26005146.0,5.01,4955.467,0,2,0,0,1,0.0,3088.261,0.0,0.0,1867.206,3,KUCUK_TICARETHANE
1001202587.0,39.78220687,30.47541357,26001518.0,5.01,3887.0,0,0,0,0,1,0.0,0.0,0.0,0.0,3887.0,1,KUCUK_TICARETHANE
1001202840.0,39.77738694,30.51859377,26005146.0,5.01,9772.955,0,0,0,0,1,0.0,0.0,0.0,0.0,9772.955,1,KUCUK_TICARETHANE
1001202865.0,39.78107812,30.47099084,26010805.0,5.01,4104.055,0,0,0,0,1,0.0,0.0,0.0,0.0,4104.055,1,KUCUK_TICARETHANE
1001202997.0,39.78359832,30.46977704,26013546.0,11.4,1763.0,0,0,0,0,1,0.0,0.0,0.0,0.0,1763.0,1,KUCUK_TICARETHANE
1001203239.0,39.78263354,30.46673207,26013545.0,3.0,3329.0,0,0,0,0,1,0.0,0.0,0.0,0.0,3329.0,1,KUCUK_TICARETHANE
1001203315.0,39.80562624,30.49232235,26010545.0,3.0,3690.423,0,0,0,1,0,0.0,0.0,0.0,3690.423,0.0,0,TARIMSAL_SULAMA
1001203359.0,39.80414457,30.56669534,26005233.0,5.01,6756.818,0,1,0,0,1,0.0,4606.469,0.0,0.0,2150.349,2,KUCUK_TICARETHANE
1001203393.0,39.78574732,30.50846149,26010551.0,6.475714285714285,27487.318,0,0,0,0,14,0.0,0.0,0.0,0.0,27487.318,14,ORTA_TICARETHANE
1001203516.0,39.7753258,30.46422925,26010842.0,3.0,3430.0,0,0,0,0,1,0.0,0.0,0.0,0.0,3430.0,1,KUCUK_TICARETHANE
1001203692.0,39.78943936,30.51677804,26010680.0,5.542,35593.387,0,3,0,0,2,0.0,4368.742,0.0,0.0,31224.645,5,ORTA_TICARETHANE
1001203992.0,39.78456282,30.47110745,26013547.0,3.0,29983.63,1,0,0,0,0,29983.63,0.0,0.0,0.0,0.0,0,AYDINLATMA
1001204096.0,39.77198605,30.45208472,26004553.0,5.01,1456.0,0,0,0,1,0,0.0,0.0,0.0,1456.0,0.0,0,TARIMSAL_SULAMA
1001204319.0,39.79441879,30.51556372,26010569.0,5.01,9135.445,0,1,0,0,1,0.0,2387.18,0.0,0.0,6748.265,2,KUCUK_TICARETHANE
1001204517.0,39.77600726,30.53078181,26005713.0,5.078333333333333,15371.838,0,4,0,0,2,0.0,2652.8379999999997,0.0,0.0,12719.0,6,ORTA_TICARETHANE
1001204815.0,39.78061451,30.51892597,26005726.0,5.01,1399.0,0,0,0,0,1,0.0,0.0,0.0,0.0,1399.0,1,KUCUK_TICARETHANE
1001204962.0,39.78574684,30.47019271,26013547.0,3.0,1747.0,0,0,0,0,1,0.0,0.0,0.0,0.0,1747.0,1,KUCUK_TICARETHANE
1001205048.0,39.79409073,30.48756032,26005901.0,3.0,45821.014,1,0,0,0,0,45821.014,0.0,0.0,0.0,0.0,0,AYDINLATMA
1001205099.0,39.80500707,30.49234072,26010545.0,5.01,299.063,0,0,0,0,1,0.0,0.0,0.0,0.0,299.063,1,KUCUK_TICARETHANE
1001205244.0,39.77486371,30.46625372,26010844.0,5.01,27708.411,1,0,0,0,0,27708.411,0.0,0.0,0.0,0.0,0,AYDINLATMA
1001205324.0,39.78815391,30.52610369,26013565.0,5.01,37050.096,0,0,0,0,1,0.0,0.0,0.0,0.0,37050.096,1,ORTA_TICARETHANE
1001205509.0,39.79791151,30.5122996,26010522.0,24.166666666666668,18879.593,0,1,0,0,2,0.0,768.0,0.0,0.0,18111.593,3,ORTA_TICARETHANE
1001205572.0,39.77998065,30.48403278,26010294.0,3.0,76.0,0,0,0,0,1,0.0,0.0,0.0,0.0,76.0,1,KUCUK_TICARETHANE
1001205716.0,39.78193266,30.48813136,26006141.0,3.0,15965.87,1,0,0,0,0,15965.87,0.0,0.0,0.0,0.0,0,AYDINLATMA
1001205821.0,39.79273001,30.47996624,26006047.0,5.095,5136.4710000000005,0,2,0,0,2,0.0,3892.4750000000004,0.0,0.0,1243.996,4,KUCUK_TICARETHANE
1001206154.0,39.77357543,30.45446397,26010910.0,3.0,58.0,0,0,0,1,0,0.0,0.0,0.0,58.0,0.0,0,TARIMSAL_SULAMA
1001206299.0,39.78585097,30.48672739,26006490.0,3.0,4911.181,1,0,0,0,0,4911.181,0.0,0.0,0.0,0.0,0,AYDINLATMA
1001206380.0,39.7989321,30.49269916,26010543.0,4.255,6293.0,0,1,0,0,1,0.0,2172.0,0.0,0.0,4121.0,2,KUCUK_TICARETHANE
1001206667.0,39.78623471,30.46468195,26010455.0,67.905,36514.2,0,0,0,0,2,0.0,0.0,0.0,0.0,36514.2,2,ORTA_TICARETHANE
1001206946.0,39.78791994,30.49108367,26005895.0,3.0,5608.395,1,0,0,0,0,5608.395,0.0,0.0,0.0,0.0,0,AYDINLATMA
1001206983.0,39.78402403,30.46691451,26013545.0,3.0,2146.0,0,0,0,0,1,0.0,0.0,0.0,0.0,2146.0,1,KUCUK_TICARETHANE
1001207111.0,39.77532159,30.46682645,26010843.0,3.0,2466.387,0,0,0,0,2,0.0,0.0,0.0,0.0,2466.387,2,KUCUK_TICARETHANE
1001207178.0,39.78629754,30.47451317,26013549.0,5.01,2539.453,0,0,0,0,1,0.0,0.0,0.0,0.0,2539.453,1,KUCUK_TICARETHANE
1001207332.0,39.77644649,30.52016601,26005910.0,4.418823529411765,23130.792,0,1,0,0,33,0.0,4495.12,0.0,0.0,18635.672,34,ORTA_TICARETHANE
1001207706.0,39.78334054,30.45824804,26005972.0,3.0,2796.033,0,2,0,0,1,0.0,1404.0,0.0,0.0,1392.033,3,KUCUK_TICARETHANE
1001208039.0,39.80479521,30.48704175,26012160.0,5.01,29612.242,0,0,0,0,1,0.0,0.0,0.0,0.0,29612.242,1,ORTA_TICARETHANE
1001208314.0,39.78516937,30.4721813,26013548.0,3.0,2716.321,0,0,0,0,1,0.0,0.0,0.0,0.0,2716.321,1,KUCUK_TICARETHANE
1001208591.0,39.78144728,30.51578134,26010314.0,16.7875,92356.666,0,0,0,0,4,0.0,0.0,0.0,0.0,92356.666,4,ORTA_TICARETHANE
1001208755.0,39.78695156,30.47332128,26013551.0,28.8,123384.66,0,0,0,0,1,0.0,0.0,0.0,0.0,123384.66,1,ORTA_TICARETHANE
1001209155.0,39.78688585,30.47449963,26013551.0,3.0,19262.044,0,0,0,0,1,0.0,0.0,0.0,0.0,19262.044,1,ORTA_TICARETHANE
1001209259.0,39.78409002,30.47331673,26013548.0,5.01,2056.83,0,0,0,0,1,0.0,0.0,0.0,0.0,2056.83,1,KUCUK_TICARETHANE
1001209303.0,39.79399466,30.50895611,26010525.0,5.01,28413.006,0,0,0,0,1,0.0,0.0,0.0,0.0,28413.006,1,ORTA_TICARETHANE
1001209319.0,39.7886465,30.51831728,26010679.0,28.650000000000002,112308.6,0,1,0,0,1,0.0,1163.0,0.0,0.0,111145.6,2,ORTA_TICARETHANE
1001209662.0,39.79673323,30.49952888,26010533.0,5.01,14708.021,0,2,0,0,1,0.0,4561.335,0.0,0.0,10146.686,3,ORTA_TICARETHANE
1001209712.0,39.79311473,30.45608946,26010915.0,6.64,3041.41,0,1,0,0,1,0.0,456.937,0.0,0.0,2584.473,2,KUCUK_TICARETHANE
1001209822.0,39.78865715,30.48539473,26005893.0,6.1875,7616.625,0,0,0,0,4,0.0,0.0,0.0,0.0,7616.625,4,KUCUK_TICARETHANE
1001209898.0,39.79595989,30.53623803,26005693.0,60.55,140221.01,1,0,0,0,1,46602.36,0.0,0.0,0.0,93618.65,1,ORTA_TICARETHANE
1001210137.0,39.79083526,30.52028877,26010590.0,5.01,38629.157,1,0,0,0,0,38629.157,0.0,0.0,0.0,0.0,0,AYDINLATMA
1001210156.0,39.80145468,30.57646498,26009785.0,5.01,3510.176,0,0,0,0,1,0.0,0.0,0.0,0.0,3510.176,1,KUCUK_TICARETHANE
1001210302.0,39.7968848,30.49887349,26010534.0,4.34,3522.3940000000002,0,2,0,0,1,0.0,3089.4719999999998,0.0,0.0,432.922,3,KUCUK_TICARETHANE
1001210619.0,39.80184168,30.57828696,26009785.0,5.24,6021.624,0,1,0,0,1,0.0,10.668,0.0,0.0,6010.956,2,KUCUK_TICARETHANE
1001211253.0,39.796397,30.49033683,26010542.0,6.253333333333333,53550.437999999995,0,2,0,0,1,0.0,2410.717,0.0,0.0,51139.721,3,ORTA_TICARETHANE
1001211259.0,39.78546157,30.47117261,26013547.0,6.6,82.0,0,0,0,0,1,0.0,0.0,0.0,0.0,82.0,1,KUCUK_TICARETHANE
1001211410.0,39.78230382,30.46694604,26013545.0,5.46,3070.654,0,0,0,0,1,0.0,0.0,0.0,0.0,3070.654,1,KUCUK_TICARETHANE
1001211996.0,39.77621946,30.52065744,26005910.0,3.0,1334.0,0,0,0,0,1,0.0,0.0,0.0,0.0,1334.0,1,KUCUK_TICARETHANE
1001212002.0,39.78605863,30.47466288,26013549.0,5.01,13.0,0,0,0,0,1,0.0,0.0,0.0,0.0,13.0,1,KUCUK_TICARETHANE
1001212008.0,39.80697294,30.53802523,26014272.0,5.01,33.0,0,0,0,0,1,0.0,0.0,0.0,0.0,33.0,1,KUCUK_TICARETHANE
1001212219.0,39.78684414,30.47336688,26013551.0,3.0,1578.0,0,0,0,0,1,0.0,0.0,0.0,0.0,1578.0,1,KUCUK_TICARETHANE
1001212391.0,39.80177485,30.55980691,26005233.0,5.01,13602.347,0,0,0,1,0,0.0,0.0,0.0,13602.347,0.0,0,TARIMSAL_SULAMA
1001212435.0,39.78438063,30.47599549,26010135.0,69.04,42746.46,0,0,0,0,1,0.0,0.0,0.0,0.0,42746.46,1,ORTA_TICARETHANE
1001212472.0,39.78317555,30.47287395,26010805.0,12.0,36785.913,0,0,0,0,1,0.0,0.0,0.0,0.0,36785.913,1,ORTA_TICARETHANE
1001212597.0,39.78474694,30.47175218,26013547.0,5.01,12222.75,0,0,0,0,1,0.0,0.0,0.0,0.0,12222.75,1,ORTA_TICARETHANE
1001213073.0,39.78159891,30.50879262,26010546.0,172.28,17763.18,0,0,0,0,1,0.0,0.0,0.0,0.0,17763.18,1,ORTA_TICARETHANE
1001213156.0,39.80881738,30.59026518,26005231.0,5.01,2150.255,0,0,0,1,0,0.0,0.0,0.0,2150.255,0.0,0,TARIMSAL_SULAMA
1001213174.0,39.7889313,30.53523062,26005927.0,5.01,2619.628,0,0,0,0,1,0.0,0.0,0.0,0.0,2619.628,1,KUCUK_TICARETHANE
1001213229.0,39.7974618,30.51125734,26010522.0,4.34,9408.845,0,3,0,0,3,0.0,5364.7429999999995,0.0,0.0,4044.102,6,KUCUK_TICARETHANE
1001213344.0,39.79907643,30.49793743,26010535.0,5.01,43413.35,1,0,0,0,0,43413.35,0.0,0.0,0.0,0.0,0,AYDINLATMA
1001213402.0,39.79350356,30.52492841,26010286.0,5.01,174.017,0,0,0,0,1,0.0,0.0,0.0,0.0,174.017,1,KUCUK_TICARETHANE
1001213917.0,39.78938701,30.48557877,26005975.0,5.01,8150.293,0,0,0,0,2,0.0,0.0,0.0,0.0,8150.293,2,KUCUK_TICARETHANE
1001214124.0,39.77635587,30.52005854,26005910.0,8.774999999999999,20154.033,0,1,0,0,1,0.0,2642.156,0.0,0.0,17511.877,2,ORTA_TICARETHANE
1001214141.0,39.78869893,30.5406308,26005434.0,5.01,5868.205,0,0,0,0,1,0.0,0.0,0.0,0.0,5868.205,1,KUCUK_TICARETHANE
1001214355.0,39.77112148,30.47969009,26006342.0,3.0,206.0,0,0,0,0,1,0.0,0.0,0.0,0.0,206.0,1,KUCUK_TICARETHANE
1001214387.0,39.79228092,30.55187518,26005223.0,6.425,2602.85,0,1,0,0,1,0.0,1852.363,0.0,0.0,750.487,2,KUCUK_TICARETHANE
1001214493.0,39.81257354,30.44487914,26010370.0,10.13,7977.561,0,0,0,0,2,0.0,0.0,0.0,0.0,7977.561,2,KUCUK_TICARETHANE
1001214618.0,39.78565244,30.51001482,26010683.0,29.25,25100.702,0,0,0,0,1,0.0,0.0,0.0,0.0,25100.702,1,ORTA_TICARETHANE
1001214851.0,39.80736997,30.4893448,26012160.0,5.01,31990.531,0,0,0,1,0,0.0,0.0,0.0,31990.531,0.0,0,TARIMSAL_SULAMA
1001215175.0,39.7835477,30.46843391,26013545.0,5.01,263.0,0,0,0,0,1,0.0,0.0,0.0,0.0,263.0,1,KUCUK_TICARETHANE
1001215234.0,39.78864073,30.4649236,26010456.0,5.2837499999999995,6477.716,0,5,0,0,3,0.0,5074.569,0.0,0.0,1403.147,8,KUCUK_TICARETHANE
1001215268.0,39.79251902,30.52139367,26010289.0,5.01,2411.285,0,0,0,0,1,0.0,0.0,0.0,0.0,2411.285,1,KUCUK_TICARETHANE
1001215282.0,39.78994919,30.52841979,26013574.0,3.0,1253.0,0,0,0,0,1,0.0,0.0,0.0,0.0,1253.0,1,KUCUK_TICARETHANE
1001215304.0,39.80391487,30.53694641,26014272.0,13.93,20567.882,0,0,0,0,1,0.0,0.0,0.0,0.0,20567.882,1,ORTA_TICARETHANE
1001215679.0,39.80394214,30.59274121,26009785.0,5.01,4423.499,0,0,0,1,0,0.0,0.0,0.0,4423.499,0.0,0,TARIMSAL_SULAMA
1001215851.0,39.77675327,30.52191589,26005723.0,3.0,910.613,0,0,0,0,2,0.0,0.0,0.0,0.0,910.613,2,KUCUK_TICARETHANE
1001215984.0,39.78688047,30.49094155,26005997.0,3.0,27083.374,1,0,0,0,0,27083.374,0.0,0.0,0.0,0.0,0,AYDINLATMA
1001216696.0,39.78263797,30.47404662,26010805.0,5.01,481.0,0,0,0,0,1,0.0,0.0,0.0,0.0,481.0,1,KUCUK_TICARETHANE
1001216753.0,39.7824046,30.47412921,26010805.0,78.85,10968.7,0,0,0,0,1,0.0,0.0,0.0,0.0,10968.7,1,ORTA_TICARETHANE
1001216791.0,39.79329825,30.48388204,26005900.0,9.58,36256.587,0,0,0,0,1,0.0,0.0,0.0,0.0,36256.587,1,ORTA_TICARETHANE
1001217422.0,39.7947846,30.54051471,26005436.0,5.01,2311.0,0,1,0,0,1,0.0,277.0,0.0,0.0,2034.0,2,KUCUK_TICARETHANE
1001217449.0,39.78518709,30.47300032,26013548.0,3.0,758.0,0,0,0,0,2,0.0,0.0,0.0,0.0,758.0,2,KUCUK_TICARETHANE
1001217513.0,39.77187714,30.48110539,26006342.0,5.01,5144.983,0,0,0,0,1,0.0,0.0,0.0,0.0,5144.983,1,KUCUK_TICARETHANE
1001217876.0,39.78859172,30.54608072,26005222.0,5.843333333333334,3636.2250000000004,0,2,0,0,1,0.0,2049.125,0.0,0.0,1587.1,3,KUCUK_TICARETHANE
1001218252.0,39.78906086,30.48446205,26005893.0,5.181818181818182,44127.784,0,6,0,0,5,0.0,6754.63,0.0,0.0,37373.154,11,ORTA_TICARETHANE
1001218489.0,39.79439783,30.55489656,26006232.0,5.01,25058.149,1,0,0,0,0,25058.149,0.0,0.0,0.0,0.0,0,AYDINLATMA
1001218764.0,39.80094762,30.48660934,26006287.0,5.949999999999999,4781.0779999999995,0,1,0,0,1,0.0,919.748,0.0,0.0,3861.33,2,KUCUK_TICARETHANE
1001218827.0,39.79201701,30.44847678,26005952.0,5.01,16128.943,0,1,0,0,1,0.0,3678.459,0.0,0.0,12450.484,2,ORTA_TICARETHANE
1001219186.0,39.79399847,30.54648727,26005690.0,48.0,6509.1,0,0,0,0,1,0.0,0.0,0.0,0.0,6509.1,1,ORTA_TICARETHANE
1001219243.0,39.78393266,30.46751919,26013545.0,5.01,48.0,0,0,0,0,1,0.0,0.0,0.0,0.0,48.0,1,KUCUK_TICARETHANE
1001219439.0,39.78045034,30.51483383,26006385.0,23.76,26459.235,0,0,0,0,1,0.0,0.0,0.0,0.0,26459.235,1,ORTA_TICARETHANE
1001219712.0,39.82514571,30.35359839,26008603.0,240.0,145842.84,0,0,1,0,0,0.0,0.0,145842.84,0.0,0.0,1,ORTA_SANAYI
1001219804.0,39.79508639,30.48394945,26005900.0,5.391666666666667,23118.432999999997,0,4,0,0,2,0.0,4424.056,0.0,0.0,18694.377,6,ORTA_TICARETHANE
1001220006.0,39.79390588,30.47995561,26006203.0,8.22,1790.249,0,2,0,0,1,0.0,1429.198,0.0,0.0,361.051,3,KUCUK_TICARETHANE
1001220150.0,39.80131689,30.48496908,26006287.0,42.0,26671.059,0,0,0,0,1,0.0,0.0,0.0,0.0,26671.059,1,ORTA_TICARETHANE
1001220228.0,39.79807612,30.50781738,26010528.0,3.67,3818.127,0,2,0,0,1,0.0,3171.763,0.0,0.0,646.364,3,KUCUK_TICARETHANE
1001220368.0,39.78088488,30.46555341,26010101.0,3.0,11512.205,0,1,0,0,1,0.0,897.741,0.0,0.0,10614.464,2,ORTA_TICARETHANE
1001220384.0,39.78357418,30.46678175,26013545.0,5.01,59.0,0,0,0,0,1,0.0,0.0,0.0,0.0,59.0,1,KUCUK_TICARETHANE
1001220477.0,39.77618803,30.5209685,26005910.0,5.01,1665.388,0,0,0,0,1,0.0,0.0,0.0,0.0,1665.388,1,KUCUK_TICARETHANE
1001221003.0,39.78920234,30.51687239,26010680.0,4.992222222222222,11359.022,0,6,0,0,3,0.0,7267.015,0.0,0.0,4092.007,9,KUCUK_TICARETHANE
1001221057.0,39.77987494,30.51846836,26005146.0,4.34,4142.055,0,0,0,0,3,0.0,0.0,0.0,0.0,4142.055,3,KUCUK_TICARETHANE
1001221303.0,39.78241435,30.46879068,26013545.0,9.0,2142.758,0,0,0,0,1,0.0,0.0,0.0,0.0,2142.758,1,KUCUK_TICARETHANE
1001221332.0,39.78723944,30.47427657,26013551.0,5.01,17240.675,0,0,0,0,1,0.0,0.0,0.0,0.0,17240.675,1,ORTA_TICARETHANE
1001221333.0,39.78906694,30.4685713,26010451.0,5.01,72810.30799999999,1,0,0,0,1,69666.09,0.0,0.0,0.0,3144.218,1,KUCUK_TICARETHANE
1001221418.0,39.77715228,30.51114747,26005188.0,5.45,11215.365000000002,0,4,0,0,2,0.0,7266.488,0.0,0.0,3948.877,6,KUCUK_TICARETHANE
1001221775.0,39.90943363,30.83504591,26008332.0,600.0,49755.9,0,0,0,0,1,0.0,0.0,0.0,0.0,49755.9,1,ORTA_TICARETHANE
1001221783.0,39.80493649,30.49528393,26010538.0,4.005,3724.239,0,1,0,0,1,0.0,3446.239,0.0,0.0,278.0,2,KUCUK_TICARETHANE
1001221844.0,39.76712154,30.47466663,26010364.0,960.0,2977446.6,0,0,0,0,1,0.0,0.0,0.0,0.0,2977446.6,1,BUYUK_TICARETHANE
1001222016.0,39.78535261,30.47442861,26013549.0,5.01,404.0,0,0,0,0,1,0.0,0.0,0.0,0.0,404.0,1,KUCUK_TICARETHANE
1001222396.0,39.78905953,30.4847802,26005893.0,5.736666666666667,36071.679000000004,0,3,0,0,3,0.0,3510.119,0.0,0.0,32561.559999999998,6,ORTA_TICARETHANE
1001222556.0,39.7791046,30.51232805,26005195.0,825.0,2269948.2,0,0,0,0,1,0.0,0.0,0.0,0.0,2269948.2,1,BUYUK_TICARETHANE
1001222606.0,39.79052009,30.54205622,26005435.0,5.01,2933.649,0,0,0,0,1,0.0,0.0,0.0,0.0,2933.649,1,KUCUK_TICARETHANE
1001222607.0,39.77674914,30.52198255,26005723.0,5.01,1449.349,0,0,0,0,1,0.0,0.0,0.0,0.0,1449.349,1,KUCUK_TICARETHANE
1001222830.0,39.78347051,30.52616404,26013563.0,5.004,47638.748999999996,0,0,0,0,5,0.0,0.0,0.0,0.0,47638.748999999996,5,ORTA_TICARETHANE
1001223324.0,39.78926643,30.52275266,26005111.0,5.57,1915.071,0,1,0,0,1,0.0,1855.168,0.0,0.0,59.903,2,KUCUK_TICARETHANE
1001223439.0,39.78442691,30.47411647,26013549.0,37.080000000000005,181176.81,0,0,0,0,3,0.0,0.0,0.0,0.0,181176.81,3,ORTA_TICARETHANE
1001223576.0,39.78886671,30.5384503,26005428.0,5.01,3445.8120000000004,0,2,0,0,1,0.0,2780.9950000000003,0.0,0.0,664.817,3,KUCUK_TICARETHANE
1001224035.0,39.78344386,30.47742055,26001518.0,5.01,5136.749,0,0,0,0,1,0.0,0.0,0.0,0.0,5136.749,1,KUCUK_TICARETHANE
1001224107.0,39.77940551,30.52325954,26005911.0,3.4019999999999997,7754.865,0,2,0,0,3,0.0,3320.838,0.0,0.0,4434.027,5,KUCUK_TICARETHANE
1001224400.0,39.78932423,30.54019462,26005434.0,79.44,176124.6,0,0,0,0,1,0.0,0.0,0.0,0.0,176124.6,1,ORTA_TICARETHANE
1001224432.0,39.7915842,30.47432249,26005199.0,16.76,36618.324,0,0,0,0,1,0.0,0.0,0.0,0.0,36618.324,1,ORTA_TICARETHANE
1001224726.0,39.78943351,30.50572027,26010666.0,3.0,8519.15,1,0,0,0,0,8519.15,0.0,0.0,0.0,0.0,0,AYDINLATMA
1001224790.0,39.78930675,30.54070283,26005434.0,3.0,135496.68,1,0,0,0,0,135496.68,0.0,0.0,0.0,0.0,0,AYDINLATMA
1001224847.0,39.78616783,30.47159509,26013551.0,18.099999999999998,16642.0,0,0,0,0,2,0.0,0.0,0.0,0.0,16642.0,2,ORTA_TICARETHANE
1001225166.0,39.7795605,30.45499614,,5.02,826.039,0,0,0,0,1,0.0,0.0,0.0,0.0,826.039,1,KUCUK_TICARETHANE
1001225493.0,39.77749528,30.51920436,26005146.0,4.154285714285714,28610.413999999997,0,1,0,0,6,0.0,829.353,0.0,0.0,27781.061,7,ORTA_TICARETHANE
1001225495.0,39.77848661,30.51486197,26005189.0,4.488823529411765,57522.71,0,7,0,0,10,0.0,17543.470999999998,0.0,0.0,39979.239,17,ORTA_TICARETHANE
1001225633.0,39.80033025,30.51012659,26010521.0,4.005,8711.418,0,1,0,0,3,0.0,54.327,0.0,0.0,8657.091,4,KUCUK_TICARETHANE
1001225975.0,39.76790515,30.45150377,26010896.0,3.0,181.494,0,0,0,1,0,0.0,0.0,0.0,181.494,0.0,0,TARIMSAL_SULAMA
1001226111.0,39.78127949,30.47292542,26010805.0,5.01,4952.479,0,0,0,0,1,0.0,0.0,0.0,0.0,4952.479,1,KUCUK_TICARETHANE
1001226157.0,39.79033273,30.52389875,26010292.0,4.34,50193.188,0,4,0,0,2,0.0,7332.826,0.0,0.0,42860.362,6,ORTA_TICARETHANE
1001226410.0,39.78765036,30.47546236,26006468.0,3.0,22944.951,0,0,0,0,1,0.0,0.0,0.0,0.0,22944.951,1,ORTA_TICARETHANE
1001226415.0,39.77547718,30.46575229,26010843.0,5.01,4857.531,0,0,0,0,1,0.0,0.0,0.0,0.0,4857.531,1,KUCUK_TICARETHANE
1001226700.0,39.80346748,30.51335585,26010518.0,5.01,3081.886,0,0,0,0,1,0.0,0.0,0.0,0.0,3081.886,1,KUCUK_TICARETHANE
1001226881.0,39.82631653,30.35082121,26006996.0,240.0,97151.28,0,0,0,0,1,0.0,0.0,0.0,0.0,97151.28,1,ORTA_TICARETHANE
1001227005.0,39.78378663,30.50252187,26010547.0,8.09,415905.375,0,11,0,0,35,0.0,14167.262999999999,0.0,0.0,401738.11199999996,46,ORTA_TICARETHANE
1001227321.0,39.77965886,30.52517684,26006079.0,4.005,10694.225,0,1,0,0,3,0.0,1107.84,0.0,0.0,9586.385,4,KUCUK_TICARETHANE
1001227638.0,39.78663249,30.53743182,26005429.0,7.0,4658.523,0,0,0,0,1,0.0,0.0,0.0,0.0,4658.523,1,KUCUK_TICARETHANE
1001227903.0,39.79167948,30.48765924,26014892.0,5.01,2637.782,0,1,0,0,1,0.0,1932.927,0.0,0.0,704.855,2,KUCUK_TICARETHANE
1001228113.0,39.81550369,30.53969278,26006447.0,5.01,60554.75,1,0,0,0,0,60554.75,0.0,0.0,0.0,0.0,0,AYDINLATMA
1001228165.0,39.80336071,30.49417698,26010545.0,3.0,35.0,0,0,0,1,0,0.0,0.0,0.0,35.0,0.0,0,TARIMSAL_SULAMA
1001228256.0,39.83689658,30.4974343,26010613.0,5.01,4994.982,0,0,0,1,0,0.0,0.0,0.0,4994.982,0.0,0,TARIMSAL_SULAMA
1001228426.0,39.79964739,30.56462323,26009784.0,5.199999999999999,6534.438,0,1,0,0,1,0.0,5975.445,0.0,0.0,558.993,2,KUCUK_TICARETHANE
1001228520.0,39.79537748,30.47548535,26006044.0,5.01,17582.323,0,0,0,0,1,0.0,0.0,0.0,0.0,17582.323,1,ORTA_TICARETHANE
1001228559.0,39.78035056,30.51846011,26006024.0,3.0,6776.362,1,0,0,0,0,6776.362,0.0,0.0,0.0,0.0,0,AYDINLATMA
1001228686.0,39.78506001,30.47430305,26013549.0,11.82,2011.0,0,0,0,0,1,0.0,0.0,0.0,0.0,2011.0,1,KUCUK_TICARETHANE
1001229187.0,39.80788695,30.57088843,26005234.0,5.01,13844.279,0,0,0,0,1,0.0,0.0,0.0,0.0,13844.279,1,ORTA_TICARETHANE
1001229510.0,39.78621252,30.46949578,26010453.0,5.01,32619.135,1,0,0,0,0,32619.135,0.0,0.0,0.0,0.0,0,AYDINLATMA
1001229839.0,39.78525418,30.47130957,26013547.0,3.0,2511.019,0,0,0,0,1,0.0,0.0,0.0,0.0,2511.019,1,KUCUK_TICARETHANE
1001229847.0,39.79119831,30.47863988,26006046.0,114.86,162635.3,0,0,0,0,1,0.0,0.0,0.0,0.0,162635.3,1,ORTA_TICARETHANE
1001229889.0,39.77990247,30.45407988,26005121.0,9.8,13850.518,0,0,0,0,2,0.0,0.0,0.0,0.0,13850.518,2,ORTA_TICARETHANE
1001229894.0,39.7934863,30.44084427,26006227.0,3.0,32528.148,1,0,0,0,0,32528.148,0.0,0.0,0.0,0.0,0,AYDINLATMA
1001230214.0,39.7985663,30.49183819,26010542.0,5.01,5016.693,0,1,0,0,1,0.0,2298.0,0.0,0.0,2718.693,2,KUCUK_TICARETHANE
1001230335.0,39.65389004,30.38763482,26008377.0,60.0,6171.96,0,0,0,0,1,0.0,0.0,0.0,0.0,6171.96,1,ORTA_TICARETHANE
1001230480.0,39.78192575,30.51253024,26010671.0,5.01,96445.372,0,0,0,0,1,0.0,0.0,0.0,0.0,96445.372,1,ORTA_TICARETHANE
1001230488.0,39.79682144,30.49480254,26010540.0,5.318333333333333,22876.023,0,4,0,0,2,0.0,2687.084,0.0,0.0,20188.939,6,ORTA_TICARETHANE
1001230557.0,39.78317391,30.50608591,26010547.0,5.01,22937.528,1,0,0,0,0,22937.528,0.0,0.0,0.0,0.0,0,AYDINLATMA
1001230703.0,39.91795039,30.64061468,26006615.0,240.0,5215.92,0,0,0,0,1,0.0,0.0,0.0,0.0,5215.92,1,ORTA_TICARETHANE
1001230958.0,39.78506082,30.46909556,26013546.0,5.01,1854.0,0,0,0,0,1,0.0,0.0,0.0,0.0,1854.0,1,KUCUK_TICARETHANE
1001231066.0,39.79110117,30.52849873,26013567.0,3.0,1238.838,0,1,0,0,1,0.0,1211.838,0.0,0.0,27.0,2,KUCUK_TICARETHANE
1001231334.0,39.7757027,30.44975079,26010834.0,5.01,2467.795,0,0,0,0,1,0.0,0.0,0.0,0.0,2467.795,1,KUCUK_TICARETHANE
1001231354.0,39.77558465,30.52342447,26006345.0,3.0,707.5229999999999,0,0,0,0,3,0.0,0.0,0.0,0.0,707.5229999999999,3,KUCUK_TICARETHANE
1001231461.0,39.76258523,30.44758036,26010894.0,3.0,28573.331,0,0,0,1,0,0.0,0.0,0.0,28573.331,0.0,0,TARIMSAL_SULAMA
1001231691.0,39.7763723,30.52134496,26005723.0,5.01,4504.0,0,0,0,0,1,0.0,0.0,0.0,0.0,4504.0,1,KUCUK_TICARETHANE
1001232112.0,39.79244401,30.48391039,26010072.0,4.005,3413.6230000000005,0,0,0,0,2,0.0,0.0,0.0,0.0,3413.6230000000005,2,KUCUK_TICARETHANE
1001232155.0,39.7888911,30.48700259,26005893.0,3.0,7050.0,0,0,0,0,1,0.0,0.0,0.0,0.0,7050.0,1,KUCUK_TICARETHANE
1001232275.0,39.78244824,30.53023614,26005928.0,5.01,1248.618,0,0,0,0,1,0.0,0.0,0.0,0.0,1248.618,1,KUCUK_TICARETHANE
1001232350.0,39.77656595,30.52375868,26005700.0,9.0,25495.676,1,0,0,0,0,25495.676,0.0,0.0,0.0,0.0,0,AYDINLATMA
1001232537.0,39.79497368,30.51316056,26010524.0,4.34,6827.892,0,2,0,0,1,0.0,2960.732,0.0,0.0,3867.16,3,KUCUK_TICARETHANE
1001232574.0,39.78449639,30.47518872,26013550.0,5.01,4150.461,0,0,0,0,1,0.0,0.0,0.0,0.0,4150.461,1,KUCUK_TICARETHANE
1001232584.0,39.77936309,30.51347432,26005195.0,102.23,208464.44,0,0,0,0,1,0.0,0.0,0.0,0.0,208464.44,1,ORTA_TICARETHANE
1001232663.0,39.79186062,30.54578691,26005690.0,5.103333333333333,2706.505,0,1,0,0,2,0.0,1157.826,0.0,0.0,1548.679,3,KUCUK_TICARETHANE
1001232671.0,39.77298035,30.54117827,26006401.0,11.1,30779.101,0,0,0,0,1,0.0,0.0,0.0,0.0,30779.101,1,ORTA_TICARETHANE
1001233178.0,39.78561544,30.47027521,26013547.0,5.01,453.0,0,0,0,0,1,0.0,0.0,0.0,0.0,453.0,1,KUCUK_TICARETHANE
1001233346.0,39.77445037,30.47286303,26010845.0,5.01,6158.561,0,2,0,0,1,0.0,2406.008,0.0,0.0,3752.553,3,KUCUK_TICARETHANE
1001233478.0,39.80584557,30.48588931,26012160.0,5.01,170.182,0,0,0,0,1,0.0,0.0,0.0,0.0,170.182,1,KUCUK_TICARETHANE
1001233884.0,39.77911299,30.51751061,26005147.0,5.01,1924.521,0,0,0,0,1,0.0,0.0,0.0,0.0,1924.521,1,KUCUK_TICARETHANE
1001233904.0,39.79604124,30.51186778,26010524.0,5.01,6644.935,0,0,0,0,1,0.0,0.0,0.0,0.0,6644.935,1,KUCUK_TICARETHANE
1001234022.0,39.78671037,30.47344627,26013551.0,3.0,1463.737,0,0,0,0,1,0.0,0.0,0.0,0.0,1463.737,1,KUCUK_TICARETHANE
1001234078.0,39.78689466,30.45327123,26010103.0,29.96,41488.435,0,0,0,0,1,0.0,0.0,0.0,0.0,41488.435,1,ORTA_TICARETHANE
1001234600.0,39.78718602,30.50682943,26010552.0,6.25,5283.692999999999,0,1,0,0,1,0.0,688.203,0.0,0.0,4595.49,2,KUCUK_TICARETHANE
1001234696.0,39.79495165,30.53290503,26013570.0,5.01,90.114,0,0,0,0,1,0.0,0.0,0.0,0.0,90.114,1,KUCUK_TICARETHANE
1001234866.0,39.78549069,30.4913864,26005997.0,5.01,5668.34,0,0,0,0,1,0.0,0.0,0.0,0.0,5668.34,1,KUCUK_TICARETHANE
1001234930.0,39.77594532,30.5236258,26005700.0,5.01,12210.717,0,0,0,0,2,0.0,0.0,0.0,0.0,12210.717,2,ORTA_TICARETHANE
1001235152.0,39.78677155,30.4895293,26005997.0,5.023333333333333,21748.290999999997,0,0,0,0,3,0.0,0.0,0.0,0.0,21748.290999999997,3,ORTA_TICARETHANE
1001235346.0,39.77836233,30.51152281,26005185.0,5.945,24390.963,0,7,0,0,5,0.0,14822.735,0.0,0.0,9568.228,12,KUCUK_TICARETHANE
1001235464.0,39.77335964,30.46083514,26010908.0,5.01,691.833,0,0,0,0,1,0.0,0.0,0.0,0.0,691.833,1,KUCUK_TICARETHANE
1001235578.0,39.78641696,30.47444604,26013549.0,5.01,2558.88,0,0,0,0,1,0.0,0.0,0.0,0.0,2558.88,1,KUCUK_TICARETHANE
1001236019.0,39.77578741,30.52247934,26005700.0,25.689999999999998,71396.557,0,1,0,0,3,0.0,2738.0,0.0,0.0,68658.557,4,ORTA_TICARETHANE
1001236143.0,39.81496454,30.49739686,26005126.0,4.005,1211.824,0,0,0,1,1,0.0,0.0,0.0,1055.0,156.824,1,KUCUK_TICARETHANE
1001236181.0,39.90642559,30.86796889,26008877.0,30.0,2990.3,0,0,0,0,1,0.0,0.0,0.0,0.0,2990.3,1,ORTA_TICARETHANE
1001236221.0,39.78168921,30.46884385,26013543.0,3.0,1105.0,0,0,0,0,1,0.0,0.0,0.0,0.0,1105.0,1,KUCUK_TICARETHANE
1001236295.0,39.80021253,30.4986215,26010535.0,3.0,3672.991,0,0,0,0,1,0.0,0.0,0.0,0.0,3672.991,1,KUCUK_TICARETHANE
1001236430.0,39.80680336,30.46637123,26006748.0,96.0,244574.45,0,0,0,0,1,0.0,0.0,0.0,0.0,244574.45,1,ORTA_TICARETHANE
1001236514.0,39.77615862,30.47151619,26010846.0,4.34,15932.399000000001,0,1,0,0,2,0.0,2521.022,0.0,0.0,13411.377,3,ORTA_TICARETHANE
1001236658.0,39.77944359,30.5187124,26005146.0,4.34,8013.462,0,4,0,0,2,0.0,3587.789,0.0,0.0,4425.673,6,KUCUK_TICARETHANE
1001236805.0,,,,5.01,5790.686,0,0,0,0,1,0.0,0.0,0.0,0.0,5790.686,1,KUCUK_TICARETHANE
1001236993.0,39.79869085,30.58615941,26009785.0,5.01,457.358,0,0,0,0,1,0.0,0.0,0.0,0.0,457.358,1,KUCUK_TICARETHANE
1001237132.0,39.78534354,30.46842322,26013544.0,3.0,4026.0,0,0,0,0,1,0.0,0.0,0.0,0.0,4026.0,1,KUCUK_TICARETHANE
1001237178.0,39.8003278,30.5174082,26010515.0,4.005,3183.2439999999997,0,1,0,0,1,0.0,1223.0,0.0,0.0,1960.244,2,KUCUK_TICARETHANE
1001237373.0,39.78216878,30.46764006,26013545.0,3.0,765.0,0,0,0,0,1,0.0,0.0,0.0,0.0,765.0,1,KUCUK_TICARETHANE
1001237439.0,39.80089675,30.51800305,26010515.0,3.0,2545.143,0,0,0,0,1,0.0,0.0,0.0,0.0,2545.143,1,KUCUK_TICARETHANE
1001237515.0,39.79496238,30.44543959,26009988.0,24.855,57311.335,0,0,0,0,2,0.0,0.0,0.0,0.0,57311.335,2,ORTA_TICARETHANE
1001237516.0,39.77793041,30.48278917,26010294.0,3.0,33986.821,1,0,0,0,0,33986.821,0.0,0.0,0.0,0.0,0,AYDINLATMA
1001237633.0,39.81129214,30.45016683,26010354.0,60.0,9888.75,0,0,0,0,1,0.0,0.0,0.0,0.0,9888.75,1,ORTA_TICARETHANE
1001237867.0,39.78024374,30.52447448,26005911.0,5.01,1377.3690000000001,0,0,0,0,4,0.0,0.0,0.0,0.0,1377.3690000000001,4,KUCUK_TICARETHANE
1001237891.0,39.7841023,30.45211244,26005971.0,5.16,10462.664,0,0,0,0,1,0.0,0.0,0.0,0.0,10462.664,1,ORTA_TICARETHANE
1001238025.0,39.78055447,30.51853218,26006215.0,5.01,1096.062,0,0,0,0,2,0.0,0.0,0.0,0.0,1096.062,2,KUCUK_TICARETHANE
1001238103.0,39.77995822,30.51505327,26005145.0,32.62,13342.55,0,0,0,0,1,0.0,0.0,0.0,0.0,13342.55,1,ORTA_TICARETHANE
1001238353.0,39.78517021,30.50258808,26007743.0,378.0,301603.14,0,0,0,0,1,0.0,0.0,0.0,0.0,301603.14,1,ORTA_TICARETHANE
1001239888.0,39.77830107,30.52293548,26006453.0,5.01,17953.344,0,0,0,0,1,0.0,0.0,0.0,0.0,17953.344,1,ORTA_TICARETHANE
1001239934.0,39.81322371,30.44517711,26010370.0,10.13,5560.927,0,0,0,0,1,0.0,0.0,0.0,0.0,5560.927,1,KUCUK_TICARETHANE
1001240004.0,39.78608316,30.44113774,26010824.0,5.01,2789.94,1,0,0,0,0,2789.94,0.0,0.0,0.0,0.0,0,AYDINLATMA
1001240510.0,39.79328561,30.55021751,26005223.0,3.0,7825.198,0,0,0,0,1,0.0,0.0,0.0,0.0,7825.198,1,KUCUK_TICARETHANE
1001240628.0,39.80089283,30.54373586,26010317.0,3.0,26065.52,1,0,0,0,0,26065.52,0.0,0.0,0.0,0.0,0,AYDINLATMA
1001240858.0,39.77822193,30.52253518,26006453.0,4.2075,13835.84,0,0,0,0,8,0.0,0.0,0.0,0.0,13835.84,8,ORTA_TICARETHANE
1001240934.0,39.7903395,30.54311805,26005443.0,3.0,3738.0,0,2,0,0,1,0.0,2438.0,0.0,0.0,1300.0,3,KUCUK_TICARETHANE
1001240966.0,39.77752378,30.5093025,26005186.0,3.0,108.0,0,0,0,0,1,0.0,0.0,0.0,0.0,108.0,1,KUCUK_TICARETHANE
1001241056.0,39.78547415,30.47282584,26013548.0,46.49,9767.49,0,0,0,0,1,0.0,0.0,0.0,0.0,9767.49,1,ORTA_TICARETHANE
1001241117.0,39.79118532,30.51319572,26010682.0,3.67,3301.9849999999997,0,2,0,0,1,0.0,3095.131,0.0,0.0,206.854,3,KUCUK_TICARETHANE
1001241184.0,39.77641237,30.52057337,26005910.0,5.01,1314.0,0,0,0,0,1,0.0,0.0,0.0,0.0,1314.0,1,KUCUK_TICARETHANE
1001241267.0,39.82789088,30.50462381,26006466.0,4.856,19189.144,0,2,0,2,1,0.0,3964.295,0.0,14732.589,492.26,3,KUCUK_TICARETHANE
1001241311.0,39.80254057,30.49275911,26010545.0,3.0,66.237,0,0,0,1,0,0.0,0.0,0.0,66.237,0.0,0,TARIMSAL_SULAMA
1001241486.0,39.7834219,30.44916662,26006212.0,5.01,14382.18,0,0,0,0,1,0.0,0.0,0.0,0.0,14382.18,1,ORTA_TICARETHANE
1001241513.0,39.77196108,30.46984153,26010900.0,110.81666666666666,164478.76,0,0,0,0,3,0.0,0.0,0.0,0.0,164478.76,3,ORTA_TICARETHANE
1001241630.0,39.81230359,30.44516824,26010370.0,10.13,5936.832,0,0,0,0,1,0.0,0.0,0.0,0.0,5936.832,1,KUCUK_TICARETHANE
1001241700.0,39.78348141,30.46996188,26013546.0,56.95,1565.32,0,0,0,0,1,0.0,0.0,0.0,0.0,1565.32,1,ORTA_TICARETHANE
1001241777.0,39.78403688,30.46885729,26013546.0,3.0,775.0,0,0,0,0,1,0.0,0.0,0.0,0.0,775.0,1,KUCUK_TICARETHANE
1001241910.0,39.79788963,30.50103315,26010533.0,4.34,51024.406,0,2,0,0,4,0.0,4587.4310000000005,0.0,0.0,46436.975,6,ORTA_TICARETHANE
1001242094.0,39.78576237,30.47047698,26013547.0,5.01,888.0,0,0,0,0,1,0.0,0.0,0.0,0.0,888.0,1,KUCUK_TICARETHANE
1001242532.0,39.79459053,30.50674868,26010530.0,5.01,8814.001,0,2,0,0,1,0.0,3205.001,0.0,0.0,5609.0,3,KUCUK_TICARETHANE
1001242685.0,39.78601342,30.47147666,26013551.0,3.0,332.587,0,0,0,0,1,0.0,0.0,0.0,0.0,332.587,1,KUCUK_TICARETHANE
1001242892.0,39.78679486,30.47410578,26013551.0,5.01,572.0,0,0,0,0,1,0.0,0.0,0.0,0.0,572.0,1,KUCUK_TICARETHANE
1001242949.0,39.79462055,30.51855971,26010288.0,5.577692307692307,29351.531,0,9,0,0,4,0.0,12096.940999999999,0.0,0.0,17254.59,13,ORTA_TICARETHANE
1001243247.0,39.79001105,30.45748642,26005119.0,6.58,17088.944,0,2,0,0,2,0.0,1881.0900000000001,0.0,0.0,15207.854,4,ORTA_TICARETHANE
1001243724.0,39.76031033,30.45511033,26010894.0,5.01,2201.233,0,0,0,0,1,0.0,0.0,0.0,0.0,2201.233,1,KUCUK_TICARETHANE
1001243761.0,39.78189213,30.51769108,26010314.0,3.0,18050.756,1,0,0,0,0,18050.756,0.0,0.0,0.0,0.0,0,AYDINLATMA
1001243898.0,39.78558335,30.4917071,26005997.0,9.76,10503.357,0,0,0,0,1,0.0,0.0,0.0,0.0,10503.357,1,ORTA_TICARETHANE
1001243916.0,39.77886395,30.51945605,26006230.0,5.01,839.0,0,0,0,0,1,0.0,0.0,0.0,0.0,839.0,1,KUCUK_TICARETHANE
1001244122.0,39.78359048,30.47586508,26013550.0,5.01,14181.0,0,0,0,0,1,0.0,0.0,0.0,0.0,14181.0,1,ORTA_TICARETHANE
1001244149.0,39.79075582,30.4844188,26010072.0,4.723999999999999,44978.784,0,3,0,0,2,0.0,4064.929,0.0,0.0,40913.854999999996,5,ORTA_TICARETHANE
1001244157.0,39.81283869,30.44652989,26010370.0,8.11,2436.135,0,0,0,0,1,0.0,0.0,0.0,0.0,2436.135,1,KUCUK_TICARETHANE
1001244223.0,39.75995745,30.4606096,26010890.0,3.0,236.779,0,0,0,1,0,0.0,0.0,0.0,236.779,0.0,0,TARIMSAL_SULAMA
1001244354.0,39.79776358,30.48832251,26005688.0,5.01,2912.267,0,0,0,0,1,0.0,0.0,0.0,0.0,2912.267,1,KUCUK_TICARETHANE
1001244552.0,39.77650548,30.46983051,26010843.0,5.26,3154.318,0,0,0,0,3,0.0,0.0,0.0,0.0,3154.318,3,KUCUK_TICARETHANE
1001244631.0,39.81313199,30.44690633,26010370.0,10.13,2837.649,0,0,0,0,1,0.0,0.0,0.0,0.0,2837.649,1,KUCUK_TICARETHANE
1001244652.0,39.77523176,30.47484819,26005695.0,5.01,477.518,1,0,0,0,0,477.518,0.0,0.0,0.0,0.0,0,AYDINLATMA
1001244680.0,39.78392288,30.44865415,26006212.0,5.01,123.018,0,0,0,0,1,0.0,0.0,0.0,0.0,123.018,1,KUCUK_TICARETHANE
1001244769.0,39.77978284,30.51917377,26005726.0,5.01,5725.861,0,0,0,0,1,0.0,0.0,0.0,0.0,5725.861,1,KUCUK_TICARETHANE
1001244805.0,39.79629937,30.49659891,26010534.0,5.494,5269.367,0,3,0,0,2,0.0,1358.4769999999999,0.0,0.0,3910.8900000000003,5,KUCUK_TICARETHANE
1001244931.0,39.78303304,30.46683369,26013545.0,46.2,13217.594,0,0,0,0,1,0.0,0.0,0.0,0.0,13217.594,1,ORTA_TICARETHANE
1001245290.0,39.78823462,30.45719193,26006498.0,3.0,35232.502,1,0,0,0,0,35232.502,0.0,0.0,0.0,0.0,0,AYDINLATMA
1001245298.0,39.78754934,30.46942252,26010451.0,5.808,6127.84,0,3,0,0,2,0.0,3780.633,0.0,0.0,2347.207,5,KUCUK_TICARETHANE
1001245346.0,39.80373511,30.57349737,26009785.0,5.01,483.314,0,0,0,1,0,0.0,0.0,0.0,483.314,0.0,0,TARIMSAL_SULAMA
1001245407.0,39.7927098,30.52242068,26010289.0,4.8075,11254.03,0,2,0,0,2,0.0,2497.0240000000003,0.0,0.0,8757.006000000001,4,KUCUK_TICARETHANE
1001245810.0,39.77554813,30.47219697,26005696.0,8.84,87544.022,0,0,0,0,1,0.0,0.0,0.0,0.0,87544.022,1,ORTA_TICARETHANE
1001245837.0,39.78388589,30.47312075,26013548.0,15.218,16674.445,0,0,0,0,5,0.0,0.0,0.0,0.0,16674.445,5,ORTA_TICARETHANE
1001245934.0,39.81771164,30.49673237,26013510.0,5.01,7296.776,0,0,0,0,2,0.0,0.0,0.0,0.0,7296.776,2,KUCUK_TICARETHANE
1001245959.0,39.82463797,30.35204059,26006618.0,240.0,180677.04,0,0,0,0,1,0.0,0.0,0.0,0.0,180677.04,1,ORTA_TICARETHANE
1001246090.0,39.77207915,30.47893271,26006342.0,6.0,7470.194,0,0,0,0,1,0.0,0.0,0.0,0.0,7470.194,1,KUCUK_TICARETHANE
1001246589.0,39.77764474,30.52872091,26005716.0,5.01,141.378,0,0,0,0,1,0.0,0.0,0.0,0.0,141.378,1,KUCUK_TICARETHANE
1001246666.0,39.79093289,30.54096226,26005435.0,26.09,31854.605,0,0,0,0,1,0.0,0.0,0.0,0.0,31854.605,1,ORTA_TICARETHANE
1001246744.0,39.80226335,30.48050847,26006286.0,5.385,1924.105,0,1,0,0,1,0.0,1900.0,0.0,0.0,24.105,2,KUCUK_TICARETHANE
1001247394.0,39.77582295,30.52076007,26005910.0,5.01,1592.0,0,0,0,0,1,0.0,0.0,0.0,0.0,1592.0,1,KUCUK_TICARETHANE
1001247646.0,39.80475548,30.49367556,26010545.0,5.01,3573.709,0,0,0,0,1,0.0,0.0,0.0,0.0,3573.709,1,KUCUK_TICARETHANE
1001247655.0,39.77719743,30.52413901,26005909.0,13.513333333333334,43054.539,0,0,0,0,3,0.0,0.0,0.0,0.0,43054.539,3,ORTA_TICARETHANE
1001247774.0,39.77906025,30.51816382,26005146.0,5.01,8983.452,0,0,0,0,2,0.0,0.0,0.0,0.0,8983.452,2,KUCUK_TICARETHANE
1001247816.0,39.81892327,30.48806286,26005126.0,5.01,4570.398,0,0,0,1,0,0.0,0.0,0.0,4570.398,0.0,0,TARIMSAL_SULAMA
1001247877.0,39.78431261,30.46566864,26013544.0,8.22,3162.368,0,0,0,0,1,0.0,0.0,0.0,0.0,3162.368,1,KUCUK_TICARETHANE
1001248102.0,39.79988962,30.51057678,26010521.0,5.01,13493.452,0,0,0,0,1,0.0,0.0,0.0,0.0,13493.452,1,ORTA_TICARETHANE
1001248404.0,39.79581522,30.48876093,26005899.0,3.804,11642.159,0,3,0,0,2,0.0,4899.403,0.0,0.0,6742.755999999999,5,KUCUK_TICARETHANE
1001248578.0,39.79773125,30.48312257,26006125.0,4.005,7805.021000000001,0,1,0,0,1,0.0,2363.021,0.0,0.0,5442.0,2,KUCUK_TICARETHANE
1001248619.0,39.77631648,30.52041479,26005910.0,3.0,1719.0,0,0,0,0,1,0.0,0.0,0.0,0.0,1719.0,1,KUCUK_TICARETHANE
1001248713.0,39.77472367,30.47440413,26005695.0,4.005,16954.167999999998,0,2,0,0,2,0.0,3107.1949999999997,0.0,0.0,13846.973,4,ORTA_TICARETHANE
1001248931.0,39.77731288,30.51866251,26005146.0,4.34,5948.414000000001,0,1,0,0,2,0.0,135.308,0.0,0.0,5813.106,3,KUCUK_TICARETHANE
1001249280.0,39.77103386,30.47961198,26006342.0,5.01,770.0,0,0,0,0,1,0.0,0.0,0.0,0.0,770.0,1,KUCUK_TICARETHANE
1001249894.0,39.7922872,30.48530249,26006047.0,5.01,3234.03,0,0,0,0,1,0.0,0.0,0.0,0.0,3234.03,1,KUCUK_TICARETHANE
1001250078.0,39.83671847,30.38235739,26008111.0,30.0,89376.42,0,0,0,0,1,0.0,0.0,0.0,0.0,89376.42,1,ORTA_TICARETHANE
1001250333.0,39.76019247,30.45984756,26010891.0,3.0,880.996,0,0,0,1,0,0.0,0.0,0.0,880.996,0.0,0,TARIMSAL_SULAMA
1001250468.0,39.78474079,30.47326251,26013548.0,3.0,3779.0,0,0,0,0,1,0.0,0.0,0.0,0.0,3779.0,1,KUCUK_TICARETHANE
1001250583.0,39.78276566,30.49380076,26005912.0,7.6,9360.331,0,0,0,0,1,0.0,0.0,0.0,0.0,9360.331,1,KUCUK_TICARETHANE
1001250671.0,39.77541585,30.46782846,26010843.0,3.983333333333333,4769.939,0,2,0,0,1,0.0,3033.7290000000003,0.0,0.0,1736.21,3,KUCUK_TICARETHANE
1001250785.0,39.7875176,30.46931574,26010451.0,5.79,7314.365,0,3,0,0,2,0.0,5015.351000000001,0.0,0.0,2299.014,5,KUCUK_TICARETHANE
1001250830.0,39.79580483,30.48862582,26005899.0,5.01,2584.861,0,1,0,0,1,0.0,2059.861,0.0,0.0,525.0,2,KUCUK_TICARETHANE
1001250848.0,39.79044591,30.48444751,26010072.0,7.027142857142857,105987.621,0,2,0,0,5,0.0,3910.9539999999997,0.0,0.0,102076.667,7,ORTA_TICARETHANE
1001250910.0,39.7853678,30.46993585,26013546.0,5.01,1488.0,0,0,0,0,1,0.0,0.0,0.0,0.0,1488.0,1,KUCUK_TICARETHANE
1001250984.0,39.79437192,30.54327388,26005440.0,3.0,50891.02,1,0,0,0,0,50891.02,0.0,0.0,0.0,0.0,0,AYDINLATMA
1001251029.0,39.77664794,30.51904547,26005890.0,82.71000000000001,930524.396,0,0,0,0,4,0.0,0.0,0.0,0.0,930524.396,4,ORTA_TICARETHANE
1001251175.0,39.7893367,30.48564328,26005975.0,5.01,3700.061,0,0,0,0,1,0.0,0.0,0.0,0.0,3700.061,1,KUCUK_TICARETHANE
1001251467.0,39.92166045,30.44542259,26002215.0,15.0,8739.661,0,0,0,0,1,0.0,0.0,0.0,0.0,8739.661,1,KUCUK_TICARETHANE
1001251629.0,39.78398075,30.46587013,26013544.0,6.3,3934.402,0,0,0,0,1,0.0,0.0,0.0,0.0,3934.402,1,KUCUK_TICARETHANE
1001251934.0,39.79420699,30.47703906,26006044.0,4.34,5450.321,0,2,0,0,1,0.0,1286.83,0.0,0.0,4163.491,3,KUCUK_TICARETHANE
1001251968.0,39.78266075,30.51168855,26010671.0,3.0,402.952,0,0,0,0,1,0.0,0.0,0.0,0.0,402.952,1,KUCUK_TICARETHANE
1001252163.0,39.81306629,30.44633758,26010370.0,6.71,2529.438,0,0,0,0,1,0.0,0.0,0.0,0.0,2529.438,1,KUCUK_TICARETHANE
1001252344.0,39.79144657,30.4743484,26005199.0,4.005,8093.733,0,0,0,0,2,0.0,0.0,0.0,0.0,8093.733,2,KUCUK_TICARETHANE
1001252511.0,39.78208748,30.46729475,26013545.0,150.0,105114.96,0,0,1,0,0,0.0,0.0,105114.96,0.0,0.0,1,ORTA_SANAYI
1001252544.0,39.78716124,30.47387654,26013551.0,5.01,307.431,0,0,0,0,1,0.0,0.0,0.0,0.0,307.431,1,KUCUK_TICARETHANE
1001252640.0,39.77549076,30.52069737,26005723.0,5.5,7381.47,0,0,0,0,1,0.0,0.0,0.0,0.0,7381.47,1,KUCUK_TICARETHANE
1001252647.0,39.77693827,30.52764427,26006473.0,4.005,567.0,0,0,0,0,2,0.0,0.0,0.0,0.0,567.0,2,KUCUK_TICARETHANE
1001252887.0,39.78078394,30.45801977,26005121.0,5.752307692307692,20592.641,0,8,0,0,5,0.0,11810.855,0.0,0.0,8781.786,13,KUCUK_TICARETHANE
1001253102.0,39.7866875,30.46606209,26010455.0,3.0,32081.732,1,0,0,0,0,32081.732,0.0,0.0,0.0,0.0,0,AYDINLATMA
1001253628.0,39.7836179,30.47454617,26013550.0,7.985,12878.324,0,0,0,0,2,0.0,0.0,0.0,0.0,12878.324,2,ORTA_TICARETHANE
1001253653.0,39.79531263,30.54034112,26005436.0,28.58,287134.46,0,0,1,0,0,0.0,0.0,287134.46,0.0,0.0,1,ORTA_SANAYI
1001253692.0,39.78346939,30.46776006,26013545.0,5.01,1468.0,0,0,0,0,1,0.0,0.0,0.0,0.0,1468.0,1,KUCUK_TICARETHANE
1001253711.0,39.83961045,30.52894796,26000121.0,30.0,66530.98,0,0,0,0,1,0.0,0.0,0.0,0.0,66530.98,1,ORTA_TICARETHANE
1001253755.0,39.78777732,30.46471317,26010456.0,39.0,4830.0,0,0,0,0,1,0.0,0.0,0.0,0.0,4830.0,1,ORTA_TICARETHANE
1001253895.0,39.77998293,30.51623125,26006385.0,22.16,42373.36,0,0,0,0,1,0.0,0.0,0.0,0.0,42373.36,1,ORTA_TICARETHANE
1001254000.0,39.80538932,30.50047392,26010538.0,3.0,2071.0,0,1,0,0,1,0.0,192.0,0.0,0.0,1879.0,2,KUCUK_TICARETHANE
1001254238.0,39.79194363,30.54794419,26005690.0,7.62,348.446,0,0,0,0,1,0.0,0.0,0.0,0.0,348.446,1,KUCUK_TICARETHANE
1001254499.0,39.79680621,30.49312769,26010541.0,5.01,8306.305,0,0,0,0,1,0.0,0.0,0.0,0.0,8306.305,1,KUCUK_TICARETHANE
1001254897.0,39.77812463,30.52038129,26005910.0,3.0,2160.0,0,0,0,0,1,0.0,0.0,0.0,0.0,2160.0,1,KUCUK_TICARETHANE
1001255048.0,39.7782142,30.46445298,26010841.0,4.5075,11446.02,0,2,0,0,2,0.0,3426.601,0.0,0.0,8019.419,4,KUCUK_TICARETHANE
1001255163.0,39.79490231,30.53061598,26013570.0,3.0,34643.462,1,0,0,0,0,34643.462,0.0,0.0,0.0,0.0,0,AYDINLATMA
1001255348.0,39.77543958,30.45144856,26010834.0,3.0,4213.155,0,0,0,0,1,0.0,0.0,0.0,0.0,4213.155,1,KUCUK_TICARETHANE
1001255388.0,39.79813411,30.51077946,26010522.0,5.59,14713.878999999999,0,2,0,0,2,0.0,2496.992,0.0,0.0,12216.886999999999,4,ORTA_TICARETHANE
1001255890.0,39.78845928,30.53553309,26005927.0,3.5025,2264.0,0,0,0,0,4,0.0,0.0,0.0,0.0,2264.0,4,KUCUK_TICARETHANE
1001256073.0,39.7765219,30.51908533,26005890.0,11.002,71657.685,0,0,0,0,5,0.0,0.0,0.0,0.0,71657.685,5,ORTA_TICARETHANE
1001256230.0,39.78456733,30.47314086,26013548.0,5.01,1113.0,0,0,0,0,1,0.0,0.0,0.0,0.0,1113.0,1,KUCUK_TICARETHANE
1001256364.0,39.77652142,30.52058465,26005910.0,6.725,992.336,0,0,0,0,2,0.0,0.0,0.0,0.0,992.336,2,KUCUK_TICARETHANE
1001256426.0,39.78345867,30.46646902,26013545.0,5.01,52.269,0,0,0,0,1,0.0,0.0,0.0,0.0,52.269,1,KUCUK_TICARETHANE
1001256524.0,39.78520854,30.47309583,26013548.0,5.01,2130.531,0,0,0,0,1,0.0,0.0,0.0,0.0,2130.531,1,KUCUK_TICARETHANE
1001256817.0,39.78425077,30.46841088,26013546.0,5.01,308.232,0,0,0,0,1,0.0,0.0,0.0,0.0,308.232,1,KUCUK_TICARETHANE
1001256870.0,39.78179975,30.47332123,26010805.0,5.56,8180.94,0,0,0,0,1,0.0,0.0,0.0,0.0,8180.94,1,KUCUK_TICARETHANE
1001256996.0,39.78825027,30.47968463,26006157.0,65.6,131954.0,0,0,0,0,1,0.0,0.0,0.0,0.0,131954.0,1,ORTA_TICARETHANE
1001257047.0,39.78246921,30.46197798,26005903.0,4.675,9078.577000000001,0,2,0,0,4,0.0,4513.0,0.0,0.0,4565.577,6,KUCUK_TICARETHANE
1001257112.0,39.7885382,30.54065886,26005434.0,5.01,18707.379,0,1,0,0,1,0.0,2497.78,0.0,0.0,16209.599,2,ORTA_TICARETHANE
1001257145.0,39.77727664,30.50948718,26005188.0,5.0,1946.64,1,0,0,0,0,1946.64,0.0,0.0,0.0,0.0,0,AYDINLATMA
1001257265.0,39.7824663,30.46683904,26013545.0,3.0,729.296,0,0,0,0,1,0.0,0.0,0.0,0.0,729.296,1,KUCUK_TICARETHANE
1001257376.0,39.80330914,30.46158692,26005255.0,4.005,500.69100000000003,0,1,0,0,1,0.0,355.409,0.0,0.0,145.282,2,KUCUK_TICARETHANE
1001257778.0,39.78758031,30.51492008,26010678.0,2.1999999999999997,6203.125,0,2,0,0,1,0.0,2641.0,0.0,0.0,3562.125,3,KUCUK_TICARETHANE
1001257836.0,39.78502523,30.51796916,26010761.0,5.61,24660.109,0,0,0,0,2,0.0,0.0,0.0,0.0,24660.109,2,ORTA_TICARETHANE
1001258130.0,39.81251161,30.4449493,26010370.0,10.13,4350.628,0,0,0,0,1,0.0,0.0,0.0,0.0,4350.628,1,KUCUK_TICARETHANE
1001258186.0,39.77792352,30.51262166,26005188.0,11.925,23778.662,0,0,0,0,2,0.0,0.0,0.0,0.0,23778.662,2,ORTA_TICARETHANE
1001258369.0,39.80517577,30.49817782,26010538.0,5.01,1154.022,0,0,0,0,1,0.0,0.0,0.0,0.0,1154.022,1,KUCUK_TICARETHANE
1001258496.0,39.78278357,30.51889367,26005722.0,5.696666666666666,15690.249,0,3,0,0,3,0.0,2183.1549999999997,0.0,0.0,13507.094000000001,6,ORTA_TICARETHANE
1001258590.0,39.78716637,30.51909394,26010679.0,4.005,3251.0,0,1,0,0,1,0.0,1660.0,0.0,0.0,1591.0,2,KUCUK_TICARETHANE
1001258614.0,39.78289309,30.48433147,26006004.0,5.01,793.654,1,0,0,0,0,793.654,0.0,0.0,0.0,0.0,0,AYDINLATMA
1001258959.0,39.78497718,30.46767944,26013544.0,5.01,3767.913,0,0,0,0,1,0.0,0.0,0.0,0.0,3767.913,1,KUCUK_TICARETHANE
1001259017.0,39.78507284,30.46818664,26013544.0,5.01,8366.114,0,0,0,0,1,0.0,0.0,0.0,0.0,8366.114,1,KUCUK_TICARETHANE
1001259391.0,39.78395129,30.46821736,26013545.0,5.01,18450.067,0,0,0,0,1,0.0,0.0,0.0,0.0,18450.067,1,ORTA_TICARETHANE
1001259604.0,39.77742378,30.52940311,26005913.0,4.343333333333333,7951.16,0,0,0,0,3,0.0,0.0,0.0,0.0,7951.16,3,KUCUK_TICARETHANE
1001259850.0,39.8033297,30.49488313,26010538.0,4.005,55697.090000000004,0,1,0,0,1,0.0,2090.434,0.0,0.0,53606.656,2,ORTA_TICARETHANE
1001259854.0,39.80042771,30.51007294,26010521.0,3.0,2622.0,0,1,0,0,1,0.0,852.0,0.0,0.0,1770.0,2,KUCUK_TICARETHANE
1001259924.0,39.77475528,30.46100862,26010848.0,3.804,2887.7439999999997,0,3,0,0,2,0.0,2681.8849999999998,0.0,0.0,205.859,5,KUCUK_TICARETHANE
1001260330.0,39.77329863,30.45449495,26010910.0,4.005,2998.663,0,0,0,1,1,0.0,0.0,0.0,1821.746,1176.917,1,KUCUK_TICARETHANE
1001260584.0,39.79757829,30.59353052,26012453.0,5.01,2599.742,0,0,0,1,0,0.0,0.0,0.0,2599.742,0.0,0,TARIMSAL_SULAMA
1001260635.0,39.77671544,30.51940363,26005890.0,4.312,21326.626,1,0,0,0,4,17512.548,0.0,0.0,0.0,3814.0780000000004,4,KUCUK_TICARETHANE
1001260712.0,39.79763756,30.48868512,26005688.0,3.0,1794.0,0,0,0,0,1,0.0,0.0,0.0,0.0,1794.0,1,KUCUK_TICARETHANE
1001260714.0,39.7758199,30.52080526,26005723.0,5.01,3882.0,0,0,0,0,1,0.0,0.0,0.0,0.0,3882.0,1,KUCUK_TICARETHANE
1001260828.0,39.78439238,30.47221615,26013547.0,5.01,3627.179,0,0,0,0,2,0.0,0.0,0.0,0.0,3627.179,2,KUCUK_TICARETHANE
1001260901.0,39.76162887,30.46064376,26010894.0,4.005,1433.1170000000002,0,0,0,2,0,0.0,0.0,0.0,1433.1170000000002,0.0,0,TARIMSAL_SULAMA
1001260921.0,39.79993104,30.49426951,26010544.0,5.01,183.0,0,0,0,0,1,0.0,0.0,0.0,0.0,183.0,1,KUCUK_TICARETHANE
1001260983.0,39.82330258,30.49471755,26006751.0,96.0,51915.05,0,0,0,0,1,0.0,0.0,0.0,0.0,51915.05,1,ORTA_TICARETHANE
1001260990.0,39.77580616,30.52200328,26005723.0,3.0,122.703,0,0,0,0,1,0.0,0.0,0.0,0.0,122.703,1,KUCUK_TICARETHANE
1001261092.0,39.78776627,30.5108658,26010669.0,5.01,1419.283,0,0,0,0,1,0.0,0.0,0.0,0.0,1419.283,1,KUCUK_TICARETHANE
1001261167.0,39.78034261,30.51905935,26005726.0,5.01,6078.826,0,0,0,0,3,0.0,0.0,0.0,0.0,6078.826,3,KUCUK_TICARETHANE
1001261325.0,39.78806948,30.46722878,26010455.0,3.0,4060.165,0,0,0,0,1,0.0,0.0,0.0,0.0,4060.165,1,KUCUK_TICARETHANE
1001261328.0,39.78609976,30.47358725,26013549.0,3.0,2136.273,0,0,0,0,2,0.0,0.0,0.0,0.0,2136.273,2,KUCUK_TICARETHANE
1001261337.0,39.69456841,30.31584558,26002700.0,15.0,35258.665,0,0,0,0,2,0.0,0.0,0.0,0.0,35258.665,2,ORTA_TICARETHANE
1001261352.0,39.78420091,30.46677981,26013545.0,5.01,520.0,0,0,0,0,1,0.0,0.0,0.0,0.0,520.0,1,KUCUK_TICARETHANE
1001261409.0,39.77820932,30.53230129,26006171.0,3.0,24353.434,1,0,0,0,0,24353.434,0.0,0.0,0.0,0.0,0,AYDINLATMA
1001261438.0,39.79767449,30.44978718,26006812.0,150.0,10929.52,0,0,0,0,1,0.0,0.0,0.0,0.0,10929.52,1,ORTA_TICARETHANE
1001261487.0,39.78910608,30.53679537,26005927.0,3.0,1541.316,0,1,0,0,1,0.0,992.5,0.0,0.0,548.816,2,KUCUK_TICARETHANE
1001261549.0,39.78537904,30.48591797,26006001.0,5.01,28402.851,1,0,0,0,0,28402.851,0.0,0.0,0.0,0.0,0,AYDINLATMA
1001261763.0,39.78398871,30.51185555,26010684.0,15.85,20024.178,0,0,0,0,1,0.0,0.0,0.0,0.0,20024.178,1,ORTA_TICARETHANE
1001261919.0,39.78980088,30.4458193,26009987.0,3.0,23660.56,1,0,0,0,0,23660.56,0.0,0.0,0.0,0.0,0,AYDINLATMA
1001262068.0,39.77597741,30.4698026,26010843.0,6.835,37568.981,0,1,0,0,1,0.0,1708.827,0.0,0.0,35860.154,2,ORTA_TICARETHANE
1001262403.0,39.79037568,30.52950647,26013567.0,5.01,6988.094,0,0,0,0,1,0.0,0.0,0.0,0.0,6988.094,1,KUCUK_TICARETHANE
1001262814.0,39.7830035,30.47013746,26013546.0,5.01,3864.0,0,0,0,0,1,0.0,0.0,0.0,0.0,3864.0,1,KUCUK_TICARETHANE
1001263230.0,39.78029106,30.51361293,26005194.0,4.047499999999999,43978.016,0,0,0,0,4,0.0,0.0,0.0,0.0,43978.016,4,ORTA_TICARETHANE
1001263745.0,39.79558018,30.48564905,26005900.0,5.01,7044.331,0,1,0,0,1,0.0,3564.178,0.0,0.0,3480.153,2,KUCUK_TICARETHANE
1001263762.0,39.80133483,30.58793783,26009785.0,5.01,23677.039,0,0,0,0,1,0.0,0.0,0.0,0.0,23677.039,1,ORTA_TICARETHANE
1001263958.0,39.7887955,30.47429073,26005993.0,5.01,4385.235,0,0,0,0,1,0.0,0.0,0.0,0.0,4385.235,1,KUCUK_TICARETHANE
1001264099.0,39.78376285,30.47231994,26013548.0,4.005,3893.401,0,0,0,0,2,0.0,0.0,0.0,0.0,3893.401,2,KUCUK_TICARETHANE
1001264691.0,39.78100879,30.47104596,26010805.0,5.01,7006.0,0,0,0,0,1,0.0,0.0,0.0,0.0,7006.0,1,KUCUK_TICARETHANE
1001264739.0,39.77607404,30.52161303,26005723.0,5.01,1141.0,0,0,0,0,1,0.0,0.0,0.0,0.0,1141.0,1,KUCUK_TICARETHANE
1001265030.0,39.78339384,30.46895802,26013545.0,4.005,7949.16,0,0,0,0,2,0.0,0.0,0.0,0.0,7949.16,2,KUCUK_TICARETHANE
1001265085.0,39.78176125,30.47457801,26010805.0,3.0,4114.0,0,0,0,0,1,0.0,0.0,0.0,0.0,4114.0,1,KUCUK_TICARETHANE
1001265119.0,39.79493676,30.50788307,26010526.0,4.51,5401.437,0,2,0,0,1,0.0,2060.496,0.0,0.0,3340.941,3,KUCUK_TICARETHANE
1001265340.0,39.78352357,30.47591095,26013550.0,5.01,29106.421,0,0,0,0,2,0.0,0.0,0.0,0.0,29106.421,2,ORTA_TICARETHANE
1001265469.0,39.77662692,30.52002363,26005890.0,5.01,5729.165000000001,0,1,0,0,1,0.0,437.386,0.0,0.0,5291.779,2,KUCUK_TICARETHANE
1001265505.0,39.77973619,30.51529905,26005145.0,6.020714285714285,47557.234,0,6,0,0,8,0.0,6889.225,0.0,0.0,40668.009,14,ORTA_TICARETHANE
1001265514.0,39.78270099,30.46861967,26013545.0,4.005,898.358,0,0,0,0,2,0.0,0.0,0.0,0.0,898.358,2,KUCUK_TICARETHANE
1001265573.0,39.7819704,30.46778697,26013545.0,5.01,3699.457,0,0,0,0,1,0.0,0.0,0.0,0.0,3699.457,1,KUCUK_TICARETHANE
1001266287.0,39.79708459,30.49344241,26010541.0,3.804,3535.4,0,1,0,0,4,0.0,1616.0,0.0,0.0,1919.4,5,KUCUK_TICARETHANE
1001266421.0,39.79484594,30.50370886,26010531.0,3.0,24146.366,1,0,0,0,0,24146.366,0.0,0.0,0.0,0.0,0,AYDINLATMA
1001266422.0,39.79263994,30.52107616,26010289.0,5.01,12137.78,1,0,0,0,0,12137.78,0.0,0.0,0.0,0.0,0,AYDINLATMA
1001266465.0,39.7916453,30.54942628,26005223.0,5.01,25.763,0,0,0,0,1,0.0,0.0,0.0,0.0,25.763,1,KUCUK_TICARETHANE
1001266706.0,39.78208245,30.52620134,26006077.0,4.005,56380.43,0,0,0,0,2,0.0,0.0,0.0,0.0,56380.43,2,ORTA_TICARETHANE
1001267318.0,39.78776886,30.53870352,26005428.0,5.01,255.0,0,0,0,0,1,0.0,0.0,0.0,0.0,255.0,1,KUCUK_TICARETHANE
1001267835.0,39.7836985,30.47924927,26006153.0,5.01,16503.609,0,0,0,0,1,0.0,0.0,0.0,0.0,16503.609,1,ORTA_TICARETHANE
1001268000.0,39.79393508,30.48488428,26005900.0,6.77,3375.16,0,0,0,0,1,0.0,0.0,0.0,0.0,3375.16,1,KUCUK_TICARETHANE
1001268181.0,39.7759825,30.52164059,26005723.0,5.01,1143.079,0,0,0,0,1,0.0,0.0,0.0,0.0,1143.079,1,KUCUK_TICARETHANE
1001268239.0,39.8040133,30.58126528,26005231.0,5.01,737.056,0,0,0,0,1,0.0,0.0,0.0,0.0,737.056,1,KUCUK_TICARETHANE
1001268301.0,39.78239496,30.45886955,26005903.0,4.203333333333333,8572.021,0,2,0,0,1,0.0,3913.0209999999997,0.0,0.0,4659.0,3,KUCUK_TICARETHANE
1001268349.0,39.78704416,30.46366361,26010197.0,28.68,9761.04,0,0,0,0,1,0.0,0.0,0.0,0.0,9761.04,1,ORTA_TICARETHANE
1001269861.0,39.78323189,30.47366502,26010805.0,3.0,2791.637,0,0,0,0,2,0.0,0.0,0.0,0.0,2791.637,2,KUCUK_TICARETHANE
1001270123.0,39.78510463,30.4727681,26013548.0,5.01,3876.0,0,0,0,0,1,0.0,0.0,0.0,0.0,3876.0,1,KUCUK_TICARETHANE
1001270289.0,39.77826511,30.52066403,26005910.0,4.064117647058824,25890.311999999998,0,9,0,0,8,0.0,13777.043,0.0,0.0,12113.269,17,ORTA_TICARETHANE
1001270314.0,39.8165273,30.51502419,26005543.0,5.01,454.142,0,0,0,0,1,0.0,0.0,0.0,0.0,454.142,1,KUCUK_TICARETHANE
1001270972.0,,,,58.55,47182.479,0,0,1,0,0,0.0,0.0,47182.479,0.0,0.0,1,ORTA_SANAYI
1001271194.0,39.78545011,30.46165775,26005904.0,3.0,2334.115,0,0,0,0,1,0.0,0.0,0.0,0.0,2334.115,1,KUCUK_TICARETHANE
1001271494.0,39.77897058,30.51539265,26005145.0,5.01,42683.569,0,0,0,0,1,0.0,0.0,0.0,0.0,42683.569,1,ORTA_TICARETHANE
1001271538.0,39.77542805,30.52150259,26008339.0,5.01,28629.021,0,0,0,0,1,0.0,0.0,0.0,0.0,28629.021,1,ORTA_TICARETHANE
1001271586.0,39.79548864,30.48875669,26005899.0,5.01,4042.529,0,1,0,0,2,0.0,1105.784,0.0,0.0,2936.745,3,KUCUK_TICARETHANE
1001271616.0,39.7757334,30.52196926,26005723.0,5.01,5385.0,0,0,0,0,1,0.0,0.0,0.0,0.0,5385.0,1,KUCUK_TICARETHANE
1001271875.0,39.79277047,30.48601643,26005901.0,5.01,6434.906,0,0,0,0,1,0.0,0.0,0.0,0.0,6434.906,1,KUCUK_TICARETHANE
1001271909.0,39.7896675,30.48492448,26005994.0,5.01,5762.041,0,0,0,0,1,0.0,0.0,0.0,0.0,5762.041,1,KUCUK_TICARETHANE
1001272135.0,39.78267604,30.46954266,26013546.0,6.72,213.0,0,0,0,0,1,0.0,0.0,0.0,0.0,213.0,1,KUCUK_TICARETHANE
1001272176.0,39.79825552,30.50073305,26010536.0,5.01,11275.254,0,0,0,0,1,0.0,0.0,0.0,0.0,11275.254,1,ORTA_TICARETHANE
1001272325.0,39.79004232,30.52863981,26013574.0,3.0,741.0,0,0,0,0,1,0.0,0.0,0.0,0.0,741.0,1,KUCUK_TICARETHANE
1001272705.0,39.78095703,30.52296823,26005917.0,6.236,6081.166,0,3,0,0,2,0.0,4464.413,0.0,0.0,1616.7530000000002,5,KUCUK_TICARETHANE
1001273235.0,39.79075564,30.47377304,26005993.0,3.0,20088.162,1,0,0,0,0,20088.162,0.0,0.0,0.0,0.0,0,AYDINLATMA
1001273261.0,39.77999254,30.45569413,26005121.0,3.0,59558.378,1,0,0,0,0,59558.378,0.0,0.0,0.0,0.0,0,AYDINLATMA
1001273295.0,39.78225941,30.51828514,26010314.0,5.01,33911.519,0,0,0,0,1,0.0,0.0,0.0,0.0,33911.519,1,ORTA_TICARETHANE
1001273325.0,39.78106994,30.48061382,26006302.0,3.0,7188.035,1,0,0,0,0,7188.035,0.0,0.0,0.0,0.0,0,AYDINLATMA
1001273662.0,39.78401009,30.50225247,26010555.0,6.157272727272727,34678.666,0,2,0,0,9,0.0,4492.72,0.0,0.0,30185.945999999996,11,ORTA_TICARETHANE
1001273803.0,39.79113483,30.45183148,26005957.0,22.51,13737.139,0,0,0,0,1,0.0,0.0,0.0,0.0,13737.139,1,ORTA_TICARETHANE
1001273879.0,39.79101928,30.47202031,26005993.0,5.4692307692307685,16986.994,0,8,0,0,5,0.0,11963.59,0.0,0.0,5023.404,13,KUCUK_TICARETHANE
1001274153.0,,,,5.1,11931.505,0,0,0,0,1,0.0,0.0,0.0,0.0,11931.505,1,ORTA_TICARETHANE
1001274156.0,39.77575702,30.55267935,26007722.0,5.01,1246.0,0,0,0,0,1,0.0,0.0,0.0,0.0,1246.0,1,KUCUK_TICARETHANE
1001274453.0,39.786046,30.48400361,26005996.0,3.804,6561.615,0,2,0,0,3,0.0,1344.0,0.0,0.0,5217.615,5,KUCUK_TICARETHANE
1001274506.0,39.7767548,30.51074284,26005188.0,4.279090909090909,10837.267,0,7,0,0,4,0.0,8052.219,0.0,0.0,2785.048,11,KUCUK_TICARETHANE
1001274660.0,39.83953705,30.51341098,26006450.0,5.475,25385.441,0,0,0,1,1,0.0,0.0,0.0,19479.354,5906.087,1,KUCUK_TICARETHANE
1001274697.0,39.79075355,30.4837008,26010072.0,6.13,13307.849,0,4,0,0,2,0.0,7047.1900000000005,0.0,0.0,6260.659,6,KUCUK_TICARETHANE
1001274955.0,39.78352513,30.46812181,26013545.0,3.0,3752.0,0,0,0,0,1,0.0,0.0,0.0,0.0,3752.0,1,KUCUK_TICARETHANE
1001275124.0,39.78657675,30.47491449,26013549.0,3.0,1589.0,0,0,0,0,2,0.0,0.0,0.0,0.0,1589.0,2,KUCUK_TICARETHANE
1001275219.0,39.79159483,30.54079756,26005435.0,27.74,21935.839,0,0,0,0,2,0.0,0.0,0.0,0.0,21935.839,2,ORTA_TICARETHANE
1001275426.0,39.78515949,30.47561644,26013550.0,8.07,888.0,0,0,0,0,1,0.0,0.0,0.0,0.0,888.0,1,KUCUK_TICARETHANE
1001275516.0,39.82344561,30.49842465,26005773.0,4.005,1334.637,0,1,0,0,1,0.0,1070.0,0.0,0.0,264.637,2,KUCUK_TICARETHANE
1001275610.0,39.77548534,30.46832614,26010843.0,4.608,13882.972,0,3,0,0,2,0.0,4357.366,0.0,0.0,9525.606,5,KUCUK_TICARETHANE
1001275651.0,39.79072016,30.48490184,26010072.0,4.5075,6639.377,0,2,0,0,2,0.0,2265.987,0.0,0.0,4373.389999999999,4,KUCUK_TICARETHANE
1001275709.0,39.80361572,30.50854766,26010520.0,5.725,2702.5910000000003,0,1,0,0,1,0.0,1620.611,0.0,0.0,1081.98,2,KUCUK_TICARETHANE
1001275754.0,39.79304008,30.45611345,26010915.0,10.81,12822.585000000001,0,1,0,0,1,0.0,3318.349,0.0,0.0,9504.236,2,KUCUK_TICARETHANE
1001275766.0,39.78638639,30.52419814,26006026.0,5.75,12360.468,0,4,0,0,2,0.0,6244.891,0.0,0.0,6115.576999999999,6,KUCUK_TICARETHANE
1001275790.0,39.77578502,30.52268974,26005700.0,3.0,3498.0,0,0,0,0,1,0.0,0.0,0.0,0.0,3498.0,1,KUCUK_TICARETHANE
1001275908.0,39.77939995,30.52457976,26005909.0,3.0,5330.711,1,0,0,0,0,5330.711,0.0,0.0,0.0,0.0,0,AYDINLATMA
1001276519.0,39.77834431,30.45608713,26010838.0,9.95,8963.274,0,0,0,0,1,0.0,0.0,0.0,0.0,8963.274,1,KUCUK_TICARETHANE
1001276640.0,39.79088572,30.56009477,26006164.0,3.0,42211.247,1,0,0,0,0,42211.247,0.0,0.0,0.0,0.0,0,AYDINLATMA
1001276771.0,39.78432755,30.46768865,26013545.0,3.0,1413.0,0,0,0,0,1,0.0,0.0,0.0,0.0,1413.0,1,KUCUK_TICARETHANE
1001276805.0,39.80949109,30.58150343,26005231.0,5.01,463.399,0,0,0,0,1,0.0,0.0,0.0,0.0,463.399,1,KUCUK_TICARETHANE
1001276943.0,39.78931633,30.47018174,26010451.0,5.7325,20036.349000000002,0,10,0,0,6,0.0,9958.293,0.0,0.0,10078.056,16,ORTA_TICARETHANE
1001276991.0,39.77903132,30.5159353,26005145.0,8.02,10455.64,0,0,0,0,1,0.0,0.0,0.0,0.0,10455.64,1,ORTA_TICARETHANE
1001277166.0,39.79143797,30.47392806,26005199.0,3.0,101.541,0,0,0,0,1,0.0,0.0,0.0,0.0,101.541,1,KUCUK_TICARETHANE
1001277457.0,39.78511732,30.45372893,26005971.0,5.01,3190.387,0,0,0,0,1,0.0,0.0,0.0,0.0,3190.387,1,KUCUK_TICARETHANE
1001277776.0,39.78791875,30.52855432,26013564.0,5.664999999999999,95640.19,0,3,0,0,3,0.0,8767.011,0.0,0.0,86873.179,6,ORTA_TICARETHANE
1001277954.0,39.78463264,30.47290348,26013548.0,3.0,2639.225,0,0,0,0,1,0.0,0.0,0.0,0.0,2639.225,1,KUCUK_TICARETHANE
1001277968.0,39.78564073,30.47506378,26013549.0,3.0,1195.0,0,0,0,0,1,0.0,0.0,0.0,0.0,1195.0,1,KUCUK_TICARETHANE
1001277981.0,39.77967509,30.51340413,26005195.0,7.2622580645161285,335254.404,0,18,0,0,13,0.0,19189.253,0.0,0.0,316065.15099999995,31,ORTA_TICARETHANE
1001278115.0,39.79290825,30.47847861,26006203.0,5.01,2975.342,0,0,0,0,1,0.0,0.0,0.0,0.0,2975.342,1,KUCUK_TICARETHANE
1001278347.0,39.77101457,30.48452231,26010564.0,23.64,81435.304,0,0,0,0,1,0.0,0.0,0.0,0.0,81435.304,1,ORTA_TICARETHANE
1001278427.0,39.78655244,30.46411003,26010197.0,29.4,4187.66,0,0,0,0,1,0.0,0.0,0.0,0.0,4187.66,1,ORTA_TICARETHANE
1001278802.0,39.78786355,30.46309023,26010197.0,24.705,55453.942,0,0,0,0,2,0.0,0.0,0.0,0.0,55453.942,2,ORTA_TICARETHANE
1001278851.0,39.77803377,30.51776865,26005146.0,5.01,12659.362000000001,0,1,0,0,1,0.0,8822.0,0.0,0.0,3837.362,2,KUCUK_TICARETHANE
1001278968.0,39.78920392,30.47044947,26010451.0,5.714,6967.561,0,3,0,0,2,0.0,3795.532,0.0,0.0,3172.029,5,KUCUK_TICARETHANE
1001279133.0,39.78202577,30.46823828,26013545.0,5.01,3264.0,0,0,0,0,1,0.0,0.0,0.0,0.0,3264.0,1,KUCUK_TICARETHANE
1001279448.0,39.78095775,30.51706029,26006215.0,4.543333333333333,13325.659,0,4,0,0,2,0.0,3714.496,0.0,0.0,9611.163,6,KUCUK_TICARETHANE
1001279808.0,39.78878617,30.53683997,26005927.0,3.0,2802.9939999999997,0,2,0,0,1,0.0,1642.0,0.0,0.0,1160.994,3,KUCUK_TICARETHANE
1001279849.0,39.80291485,30.50886918,26010520.0,5.496666666666667,20360.457000000002,0,2,0,0,1,0.0,4657.021000000001,0.0,0.0,15703.436,3,ORTA_TICARETHANE
1001279917.0,39.77878206,30.51640783,26005145.0,4.324166666666667,79146.59,0,14,1,0,9,0.0,26621.087,37904.64,0.0,14620.863000000001,24,ORTA_SANAYI
1001280086.0,39.79269222,30.47939538,26006203.0,4.5075,14764.217999999999,0,1,0,0,3,0.0,449.0,0.0,0.0,14315.217999999999,4,ORTA_TICARETHANE
1001280194.0,39.78921317,30.4645781,26010449.0,5.483333333333333,2701.506,0,1,0,0,2,0.0,1307.239,0.0,0.0,1394.2669999999998,3,KUCUK_TICARETHANE
1001280857.0,39.78693122,30.47447523,26013551.0,9.57,2739.001,0,0,0,0,2,0.0,0.0,0.0,0.0,2739.001,2,KUCUK_TICARETHANE
1001280860.0,39.79422319,30.53398512,26010568.0,5.01,93.019,0,0,0,0,1,0.0,0.0,0.0,0.0,93.019,1,KUCUK_TICARETHANE
1001281053.0,39.78943807,30.48372336,26005892.0,4.005,6481.216,0,4,0,0,2,0.0,5949.216,0.0,0.0,532.0,6,KUCUK_TICARETHANE
1001281201.0,39.78594182,30.47080184,26013547.0,15.72,1236.67,0,0,0,0,1,0.0,0.0,0.0,0.0,1236.67,1,ORTA_TICARETHANE
1001281263.0,39.81284442,30.44516204,26010370.0,28.8,10031.481,0,0,0,0,2,0.0,0.0,0.0,0.0,10031.481,2,ORTA_TICARETHANE
1001281265.0,39.78396638,30.50210946,26010555.0,6.474666666666667,28822.014,0,9,0,0,6,0.0,19993.878,0.0,0.0,8828.136,15,KUCUK_TICARETHANE
1001281271.0,39.81346782,30.44552476,26010370.0,10.13,2676.069,0,0,0,0,1,0.0,0.0,0.0,0.0,2676.069,1,KUCUK_TICARETHANE
1001281310.0,39.79890732,30.50375022,26010532.0,5.01,5646.178,0,0,0,0,1,0.0,0.0,0.0,0.0,5646.178,1,KUCUK_TICARETHANE
1001281366.0,39.78241219,30.51850785,26005722.0,9.7,4736.033,0,0,0,0,1,0.0,0.0,0.0,0.0,4736.033,1,KUCUK_TICARETHANE
1001281683.0,39.79697596,30.49462955,26010541.0,4.06,4669.123,0,2,0,0,1,0.0,3391.123,0.0,0.0,1278.0,3,KUCUK_TICARETHANE
1001281852.0,39.78345577,30.46818311,26013545.0,5.01,7543.378000000001,0,0,0,0,2,0.0,0.0,0.0,0.0,7543.378000000001,2,KUCUK_TICARETHANE
1001281923.0,39.77894854,30.51564877,26005145.0,5.32,63720.371,0,4,0,0,4,0.0,38931.81,0.0,0.0,24788.561,8,ORTA_TICARETHANE
1001282077.0,39.778887,30.51772689,26005147.0,24.0,23855.28,0,0,0,0,1,0.0,0.0,0.0,0.0,23855.28,1,ORTA_TICARETHANE
1001282249.0,39.82667304,30.54567369,26009327.0,30.0,155655.52,0,0,0,0,1,0.0,0.0,0.0,0.0,155655.52,1,ORTA_TICARETHANE
1001282372.0,39.79717807,30.51282152,26010524.0,5.01,11332.935,0,0,0,0,1,0.0,0.0,0.0,0.0,11332.935,1,ORTA_TICARETHANE
1001282488.0,39.77872323,30.53018255,26005913.0,5.01,4137.01,0,1,0,0,1,0.0,3786.01,0.0,0.0,351.0,2,KUCUK_TICARETHANE
1001282624.0,39.78454588,30.45980471,26005904.0,3.67,9859.956,0,2,0,0,1,0.0,2524.9610000000002,0.0,0.0,7334.995,3,KUCUK_TICARETHANE
1001282800.0,39.78368342,30.51003394,26010549.0,5.01,3692.487,0,0,0,0,1,0.0,0.0,0.0,0.0,3692.487,1,KUCUK_TICARETHANE
1001282933.0,39.79709914,30.50784787,26010527.0,5.01,11590.437,1,0,0,0,0,11590.437,0.0,0.0,0.0,0.0,0,AYDINLATMA
1001283286.0,39.78105426,30.525875,26006077.0,4.34,5772.3060000000005,0,0,0,0,3,0.0,0.0,0.0,0.0,5772.3060000000005,3,KUCUK_TICARETHANE
1001283468.0,39.7847728,30.47183883,26013547.0,8.84,22418.66,0,0,0,0,1,0.0,0.0,0.0,0.0,22418.66,1,ORTA_TICARETHANE
1001283855.0,39.80768554,30.53840953,26014272.0,5.404999999999999,36557.891,0,1,0,0,1,0.0,1661.584,0.0,0.0,34896.307,2,ORTA_TICARETHANE
1001284275.0,39.7926919,30.52258935,26010286.0,5.01,102.0,0,0,0,0,1,0.0,0.0,0.0,0.0,102.0,1,KUCUK_TICARETHANE
1001284317.0,39.77830691,30.48462602,26005907.0,96.91,93452.6,0,0,0,0,1,0.0,0.0,0.0,0.0,93452.6,1,ORTA_TICARETHANE
1001284361.0,39.78446832,30.47287764,26013548.0,5.01,5533.0,0,0,0,0,1,0.0,0.0,0.0,0.0,5533.0,1,KUCUK_TICARETHANE
1001284666.0,39.82103506,30.51152888,26005543.0,5.01,15834.337,0,0,0,1,2,0.0,0.0,0.0,9087.417,6746.92,2,KUCUK_TICARETHANE
1001284681.0,39.78255202,30.54253123,26006186.0,3.0,42160.777,1,0,0,0,0,42160.777,0.0,0.0,0.0,0.0,0,AYDINLATMA
1001285145.0,39.78516059,30.44140474,26010824.0,4.005,8374.488000000001,0,0,0,0,2,0.0,0.0,0.0,0.0,8374.488000000001,2,KUCUK_TICARETHANE
1001285329.0,39.77733521,30.47794114,26005697.0,233.2,540197.76,0,0,0,0,1,0.0,0.0,0.0,0.0,540197.76,1,ORTA_TICARETHANE
1001285349.0,39.78451114,30.46666641,26013544.0,24.59,81695.0,0,0,0,0,1,0.0,0.0,0.0,0.0,81695.0,1,ORTA_TICARETHANE
1001285452.0,39.78614828,30.47089622,26013547.0,5.01,7947.0,0,0,0,0,1,0.0,0.0,0.0,0.0,7947.0,1,KUCUK_TICARETHANE
1001286226.0,39.79827698,30.51629049,26010517.0,3.0,860.9530000000001,0,1,0,0,1,0.0,649.839,0.0,0.0,211.114,2,KUCUK_TICARETHANE
1001286257.0,39.79051152,30.48471675,26010072.0,4.736666666666667,9853.9,0,5,0,0,4,0.0,5151.886,0.0,0.0,4702.014,9,KUCUK_TICARETHANE
1001286276.0,39.77573585,30.52192709,26005723.0,3.0,1597.717,0,0,0,0,1,0.0,0.0,0.0,0.0,1597.717,1,KUCUK_TICARETHANE
1001286382.0,39.77737438,30.51103793,26005188.0,8.0,2413.59,0,0,0,0,1,0.0,0.0,0.0,0.0,2413.59,1,KUCUK_TICARETHANE
1001287174.0,39.78433937,30.51859885,26010761.0,9.424999999999999,216894.236,0,8,1,0,3,0.0,11004.155999999999,157758.66,0.0,48131.42,12,ORTA_SANAYI
1001287422.0,39.78250926,30.52757037,26006077.0,13.155000000000001,14774.418000000001,0,0,0,0,2,0.0,0.0,0.0,0.0,14774.418000000001,2,ORTA_TICARETHANE
1001287666.0,39.78598205,30.47036728,26013547.0,4.72,1504.139,0,0,0,0,1,0.0,0.0,0.0,0.0,1504.139,1,KUCUK_TICARETHANE
1001287686.0,39.78519766,30.47046386,26013547.0,5.01,417.0,0,0,0,0,1,0.0,0.0,0.0,0.0,417.0,1,KUCUK_TICARETHANE
1001287740.0,39.78233577,30.48509723,26006004.0,60.0,384252.0,0,0,0,0,1,0.0,0.0,0.0,0.0,384252.0,1,ORTA_TICARETHANE
1001287793.0,39.77611479,30.52043232,26005910.0,3.0,3248.326,0,0,0,0,2,0.0,0.0,0.0,0.0,3248.326,2,KUCUK_TICARETHANE
1001288225.0,39.77695139,30.45624041,26010848.0,4.34,8645.654999999999,0,1,0,0,2,0.0,2491.586,0.0,0.0,6154.0689999999995,3,KUCUK_TICARETHANE
1001288228.0,39.77759352,30.51943466,26005890.0,8.36,25552.638,0,0,0,0,2,0.0,0.0,0.0,0.0,25552.638,2,ORTA_TICARETHANE
1001288382.0,39.79569893,30.51010145,26010524.0,5.01,12607.317,0,0,0,0,1,0.0,0.0,0.0,0.0,12607.317,1,ORTA_TICARETHANE
1001288417.0,39.78444854,30.4724698,26013547.0,8.84,14982.697,0,0,0,0,1,0.0,0.0,0.0,0.0,14982.697,1,ORTA_TICARETHANE
1001288431.0,39.79704924,30.49510602,26010540.0,5.008,18124.927,0,10,0,0,5,0.0,8585.241,0.0,0.0,9539.686,15,KUCUK_TICARETHANE
1001288540.0,39.78172102,30.51346768,26010671.0,5.936999999999999,165332.822,0,3,0,0,7,0.0,2104.376,0.0,0.0,163228.446,10,ORTA_TICARETHANE
1001289293.0,39.77751665,30.51793322,26005146.0,4.25625,20408.515,0,0,0,0,8,0.0,0.0,0.0,0.0,20408.515,8,ORTA_TICARETHANE
1001289939.0,39.77797814,30.44950593,26010835.0,3.0,8655.746,0,0,0,0,1,0.0,0.0,0.0,0.0,8655.746,1,KUCUK_TICARETHANE
1001290017.0,39.79782664,30.51060496,26010523.0,5.01,780.0,0,1,0,0,1,0.0,474.0,0.0,0.0,306.0,2,KUCUK_TICARETHANE
1001290194.0,39.78440572,30.46904169,26013546.0,3.0,216.0,0,0,0,0,1,0.0,0.0,0.0,0.0,216.0,1,KUCUK_TICARETHANE
1001290271.0,39.79053319,30.48397108,26010072.0,3.9757142857142855,20848.466,0,4,0,0,3,0.0,3906.697,0.0,0.0,16941.769,7,ORTA_TICARETHANE
1001290497.0,39.77500162,30.52296454,26006345.0,5.01,3941.021,0,0,0,0,1,0.0,0.0,0.0,0.0,3941.021,1,KUCUK_TICARETHANE
1001290630.0,39.78683505,30.52546504,26013564.0,5.01,163.0,0,0,0,0,1,0.0,0.0,0.0,0.0,163.0,1,KUCUK_TICARETHANE
1001290648.0,39.77828943,30.51271306,26005188.0,8.39,99460.68,0,0,0,0,4,0.0,0.0,0.0,0.0,99460.68,4,ORTA_TICARETHANE
1001291073.0,39.78738252,30.54732087,26006050.0,4.005,42224.448,0,1,0,0,1,0.0,1080.0,0.0,0.0,41144.448,2,ORTA_TICARETHANE
1001291839.0,39.78475148,30.46705135,26013544.0,3.0,430.195,0,0,0,0,1,0.0,0.0,0.0,0.0,430.195,1,KUCUK_TICARETHANE
1001292238.0,39.78492078,30.51663413,26010673.0,5.01,15522.427,0,0,0,0,1,0.0,0.0,0.0,0.0,15522.427,1,ORTA_TICARETHANE
1001292671.0,39.79552631,30.56975613,26005236.0,5.01,4769.035,0,0,0,1,0,0.0,0.0,0.0,4769.035,0.0,0,TARIMSAL_SULAMA
1001292788.0,39.78975797,30.45773134,26005119.0,5.01,31725.047,0,0,0,0,1,0.0,0.0,0.0,0.0,31725.047,1,ORTA_TICARETHANE
1001292966.0,39.77951195,30.51478876,26005145.0,5.206666666666666,18640.89,0,2,0,0,1,0.0,1461.181,0.0,0.0,17179.709,3,ORTA_TICARETHANE
1001293151.0,39.80183881,30.5068442,26010529.0,5.01,28107.14,1,0,0,0,0,28107.14,0.0,0.0,0.0,0.0,0,AYDINLATMA
1001293304.0,39.79960639,30.45563171,26013636.0,50.685,33812.016,0,0,0,0,2,0.0,0.0,0.0,0.0,33812.016,2,ORTA_TICARETHANE
1001293340.0,39.78314583,30.47084493,26013546.0,3.0,367.0,0,0,0,0,1,0.0,0.0,0.0,0.0,367.0,1,KUCUK_TICARETHANE
1001293569.0,39.80112863,30.51004126,26010521.0,5.01,32278.452,1,0,0,0,0,32278.452,0.0,0.0,0.0,0.0,0,AYDINLATMA
1001293730.0,39.78488752,30.46745954,26013544.0,3.0,2154.886,0,0,0,0,1,0.0,0.0,0.0,0.0,2154.886,1,KUCUK_TICARETHANE
1001293770.0,39.77587512,30.55270006,26007722.0,5.01,605.231,0,0,0,0,1,0.0,0.0,0.0,0.0,605.231,1,KUCUK_TICARETHANE
1001293876.0,39.82295704,30.50352982,26005773.0,4.436875,116880.869,1,21,0,0,10,55184.916,31972.729,0.0,0.0,29723.224,31,ORTA_TICARETHANE
1001294114.0,39.79172013,30.55465491,26005223.0,9.42,3802.773,0,0,0,0,1,0.0,0.0,0.0,0.0,3802.773,1,KUCUK_TICARETHANE
1001294416.0,39.78049579,30.51390702,26005194.0,3.0,927.762,0,0,0,0,1,0.0,0.0,0.0,0.0,927.762,1,KUCUK_TICARETHANE
1001294451.0,39.77633875,30.51866398,26005890.0,13.09,78168.826,0,0,0,0,1,0.0,0.0,0.0,0.0,78168.826,1,ORTA_TICARETHANE
1001294464.0,39.78995161,30.54101519,26005435.0,5.01,3921.875,0,0,0,0,1,0.0,0.0,0.0,0.0,3921.875,1,KUCUK_TICARETHANE
1001295232.0,39.8128891,30.44660241,26010370.0,7.22,4149.415,0,0,0,0,1,0.0,0.0,0.0,0.0,4149.415,1,KUCUK_TICARETHANE
1001295293.0,39.79612087,30.49051307,26005899.0,5.01,2678.608,0,1,0,0,2,0.0,1936.0,0.0,0.0,742.6080000000001,3,KUCUK_TICARETHANE
1001295404.0,39.7936623,30.56456857,26006164.0,3.0,2602.817,0,0,0,0,1,0.0,0.0,0.0,0.0,2602.817,1,KUCUK_TICARETHANE
1001295416.0,39.78311185,30.4954431,26001148.0,36.75,15002.308,0,0,0,0,1,0.0,0.0,0.0,0.0,15002.308,1,ORTA_TICARETHANE
1001295629.0,39.7818505,30.47256179,26010805.0,5.984999999999999,26883.782,0,0,0,0,2,0.0,0.0,0.0,0.0,26883.782,2,ORTA_TICARETHANE
1001295796.0,39.7932403,30.45768021,26007421.0,8.7,10112.816,0,0,0,0,1,0.0,0.0,0.0,0.0,10112.816,1,ORTA_TICARETHANE
1001295798.0,39.79875275,30.51169292,26010522.0,5.01,1174.315,0,0,0,0,1,0.0,0.0,0.0,0.0,1174.315,1,KUCUK_TICARETHANE
1001295897.0,39.78675649,30.50802313,26010552.0,16.583333333333332,78763.935,0,1,0,0,2,0.0,1347.435,0.0,0.0,77416.5,3,ORTA_TICARETHANE
1001295932.0,39.80341047,30.4650193,26005255.0,5.01,2416.206,0,0,0,1,0,0.0,0.0,0.0,2416.206,0.0,0,TARIMSAL_SULAMA
1001296168.0,39.78207669,30.48976522,26006141.0,39.2,99326.225,0,0,0,0,1,0.0,0.0,0.0,0.0,99326.225,1,ORTA_TICARETHANE
1001296218.0,39.80479811,30.53725305,26014272.0,5.01,1214.652,0,0,0,0,1,0.0,0.0,0.0,0.0,1214.652,1,KUCUK_TICARETHANE
1001296566.0,39.78430152,30.5108405,26010683.0,5.178275862068965,255793.664,0,18,0,0,11,0.0,29849.376,0.0,0.0,225944.288,29,ORTA_TICARETHANE
1001296879.0,39.79538461,30.4837496,26005900.0,5.01,2213.626,0,0,0,0,1,0.0,0.0,0.0,0.0,2213.626,1,KUCUK_TICARETHANE
1001297046.0,39.77676776,30.52208152,26005723.0,3.0,726.0,0,0,0,0,1,0.0,0.0,0.0,0.0,726.0,1,KUCUK_TICARETHANE
1001297070.0,39.7831556,30.46717118,26013545.0,3.0,609.0,0,0,0,0,1,0.0,0.0,0.0,0.0,609.0,1,KUCUK_TICARETHANE
1001297097.0,39.78829513,30.46252249,26010197.0,111.0,336.0,0,0,0,0,1,0.0,0.0,0.0,0.0,336.0,1,ORTA_TICARETHANE
1001297263.0,39.79731323,30.50097027,26010533.0,5.01,1361.505,0,0,0,0,1,0.0,0.0,0.0,0.0,1361.505,1,KUCUK_TICARETHANE
1001297280.0,39.78860954,30.50723422,26010668.0,5.32,22689.839,0,0,0,0,1,0.0,0.0,0.0,0.0,22689.839,1,ORTA_TICARETHANE
1001297282.0,39.79338979,30.56720405,26006164.0,3.0,1301.769,0,0,0,1,0,0.0,0.0,0.0,1301.769,0.0,0,TARIMSAL_SULAMA
1001297420.0,39.78331533,30.47365633,26010805.0,4.005,17988.811,0,0,0,0,2,0.0,0.0,0.0,0.0,17988.811,2,ORTA_TICARETHANE
1001297602.0,39.80320801,30.497192,26010537.0,4.34,17597.251,0,2,0,0,1,0.0,3265.986,0.0,0.0,14331.265,3,ORTA_TICARETHANE
1001297659.0,39.77689189,30.45058837,26010834.0,5.01,1848.968,0,0,0,0,1,0.0,0.0,0.0,0.0,1848.968,1,KUCUK_TICARETHANE
1001298054.0,39.79713343,30.49186656,26010542.0,3.0,1899.488,0,1,0,0,1,0.0,1741.488,0.0,0.0,158.0,2,KUCUK_TICARETHANE
1001298082.0,39.78952732,30.48564771,26005975.0,5.01,7015.238,0,0,0,0,1,0.0,0.0,0.0,0.0,7015.238,1,KUCUK_TICARETHANE
1001298177.0,39.76627695,30.47002949,26010916.0,4.005,1243.061,0,1,0,0,1,0.0,1231.643,0.0,0.0,11.418,2,KUCUK_TICARETHANE
1001298832.0,39.77807719,30.51343863,26005189.0,5.01,75379.179,0,0,0,0,1,0.0,0.0,0.0,0.0,75379.179,1,ORTA_TICARETHANE
1001299152.0,39.77985137,30.51915133,26005726.0,3.0,3426.918,0,0,0,0,1,0.0,0.0,0.0,0.0,3426.918,1,KUCUK_TICARETHANE
1001299167.0,39.77724563,30.52386349,26005700.0,5.573333333333333,12550.757000000001,0,1,0,0,2,0.0,697.222,0.0,0.0,11853.535,3,ORTA_TICARETHANE
1001299682.0,39.77634395,30.52555193,26010355.0,5.01,8703.0,0,0,0,0,1,0.0,0.0,0.0,0.0,8703.0,1,KUCUK_TICARETHANE
1001299824.0,39.78131124,30.51412097,26010672.0,39.656666666666666,556769.741,0,0,0,0,3,0.0,0.0,0.0,0.0,556769.741,3,ORTA_TICARETHANE
1001300063.0,39.78323247,30.46983368,26013546.0,36.8,443.26,0,0,0,0,1,0.0,0.0,0.0,0.0,443.26,1,ORTA_TICARETHANE
1001300302.0,39.78059627,30.51403254,26005194.0,5.01,7679.521,0,0,0,0,1,0.0,0.0,0.0,0.0,7679.521,1,KUCUK_TICARETHANE
1001300408.0,39.77949767,30.5160479,26006385.0,4.98,29597.913,0,0,0,0,3,0.0,0.0,0.0,0.0,29597.913,3,ORTA_TICARETHANE
1001300601.0,39.77611044,30.50351975,26010344.0,8628.0,5625403.56,0,0,1,0,0,0.0,0.0,5625403.56,0.0,0.0,1,BUYUK_SANAYI
1001300618.0,39.80776666,30.40628316,26007411.0,160.0,203508.8,0,0,0,0,1,0.0,0.0,0.0,0.0,203508.8,1,ORTA_TICARETHANE
1001300749.0,39.78755188,30.46492463,26010455.0,38.4,9436.76,0,0,0,0,1,0.0,0.0,0.0,0.0,9436.76,1,ORTA_TICARETHANE
1001301005.0,39.78639707,30.4925654,26005997.0,5.01,1897.891,0,0,0,0,1,0.0,0.0,0.0,0.0,1897.891,1,KUCUK_TICARETHANE
1001301055.0,39.8700366,30.38169989,26002430.0,6.0,3920.901,0,0,0,0,1,0.0,0.0,0.0,0.0,3920.901,1,KUCUK_TICARETHANE
1001301131.0,39.78898479,30.51667717,26010678.0,4.885,6298.512000000001,0,0,0,0,2,0.0,0.0,0.0,0.0,6298.512000000001,2,KUCUK_TICARETHANE
1001301164.0,39.7873181,30.46510391,26010455.0,33.0,10199.34,0,0,0,0,1,0.0,0.0,0.0,0.0,10199.34,1,ORTA_TICARETHANE
1001301855.0,,,,5.01,6378.436,0,0,0,0,1,0.0,0.0,0.0,0.0,6378.436,1,KUCUK_TICARETHANE
1001301914.0,39.77570587,30.44933343,26010832.0,4.08,14294.427,0,1,0,0,1,0.0,3783.624,0.0,0.0,10510.803,2,ORTA_TICARETHANE
1001302305.0,39.7880604,30.4839566,26005892.0,6.182222222222222,30447.159,0,5,0,0,4,0.0,5700.054,0.0,0.0,24747.105,9,ORTA_TICARETHANE
1001302666.0,39.78495416,30.47236207,26013548.0,3.0,1608.512,0,0,0,0,1,0.0,0.0,0.0,0.0,1608.512,1,KUCUK_TICARETHANE
1001302999.0,39.77602753,30.55272104,26007722.0,4.005,1128.613,0,0,0,0,2,0.0,0.0,0.0,0.0,1128.613,2,KUCUK_TICARETHANE
1001303035.0,39.78208278,30.50737967,26010546.0,5.01,29482.109,1,0,0,0,0,29482.109,0.0,0.0,0.0,0.0,0,AYDINLATMA
1001303047.0,39.77666969,30.52317351,26005700.0,6.2,4965.32,0,1,0,0,1,0.0,3450.544,0.0,0.0,1514.776,2,KUCUK_TICARETHANE
1001303494.0,39.77376286,30.45396395,26010910.0,5.01,171.554,0,0,0,0,1,0.0,0.0,0.0,0.0,171.554,1,KUCUK_TICARETHANE
1001303633.0,39.78980707,30.5286819,26013564.0,5.01,554.0,0,1,0,0,1,0.0,542.0,0.0,0.0,12.0,2,KUCUK_TICARETHANE
1001303646.0,39.79750076,30.57671715,26009785.0,5.01,4242.792,0,0,0,0,1,0.0,0.0,0.0,0.0,4242.792,1,KUCUK_TICARETHANE
1001303722.0,39.77722509,30.51914371,26005890.0,5.9425,19810.184,0,0,0,0,4,0.0,0.0,0.0,0.0,19810.184,4,ORTA_TICARETHANE
1001303825.0,39.77259302,30.48445143,26006967.0,31.5,72188.42,0,0,0,0,2,0.0,0.0,0.0,0.0,72188.42,2,ORTA_TICARETHANE
1001303839.0,39.79355039,30.45208949,26006293.0,3.0,111320.959,1,0,0,0,0,111320.959,0.0,0.0,0.0,0.0,0,AYDINLATMA
1001304005.0,39.78325628,30.51378273,26010672.0,5.640000000000001,6005.214,0,3,0,0,2,0.0,4468.4580000000005,0.0,0.0,1536.7559999999999,5,KUCUK_TICARETHANE
1001304113.0,39.7943973,30.53615354,26005436.0,3.0,1463.503,0,1,0,0,1,0.0,811.607,0.0,0.0,651.896,2,KUCUK_TICARETHANE
1001304144.0,39.79471875,30.51251898,26010524.0,21.83,34921.2,0,0,0,0,1,0.0,0.0,0.0,0.0,34921.2,1,ORTA_TICARETHANE
1001304405.0,39.79357762,30.52074537,26010288.0,5.01,46.005,0,0,0,0,1,0.0,0.0,0.0,0.0,46.005,1,KUCUK_TICARETHANE
1001304844.0,39.7817533,30.47487053,26013550.0,20.330000000000002,3867.723,0,0,0,0,2,0.0,0.0,0.0,0.0,3867.723,2,ORTA_TICARETHANE
1001305254.0,39.7755128,30.52056474,26005723.0,3.0,8025.033,0,0,0,0,1,0.0,0.0,0.0,0.0,8025.033,1,KUCUK_TICARETHANE
1001305330.0,39.77804925,30.51598826,26005192.0,5.01,4896.0,0,0,0,0,1,0.0,0.0,0.0,0.0,4896.0,1,KUCUK_TICARETHANE
1001305472.0,39.7865696,30.51877573,26005915.0,5.6525,39778.987,0,8,0,0,4,0.0,11862.585,0.0,0.0,27916.402000000002,12,ORTA_TICARETHANE
1001305614.0,39.78626102,30.51883739,26005915.0,5.457142857142857,19708.533,0,4,0,0,3,0.0,4396.368,0.0,0.0,15312.164999999999,7,ORTA_TICARETHANE
1001306248.0,39.79014757,30.5248878,26010292.0,5.01,2964.577,0,0,0,0,1,0.0,0.0,0.0,0.0,2964.577,1,KUCUK_TICARETHANE
1001306388.0,39.78247969,30.47513129,26001518.0,13.8,4091.69,0,0,0,0,1,0.0,0.0,0.0,0.0,4091.69,1,KUCUK_TICARETHANE
1001306531.0,39.78523437,30.46318299,26005904.0,5.01,33.562,0,0,0,0,1,0.0,0.0,0.0,0.0,33.562,1,KUCUK_TICARETHANE
1001306653.0,39.78515192,30.47455387,26013549.0,5.01,97.0,0,0,0,0,2,0.0,0.0,0.0,0.0,97.0,2,KUCUK_TICARETHANE
1001306701.0,39.77925588,30.51519144,26005145.0,4.608,40152.941999999995,0,0,0,0,5,0.0,0.0,0.0,0.0,40152.941999999995,5,ORTA_TICARETHANE
1001307227.0,39.79449953,30.50646845,26010530.0,5.01,15275.826,0,0,0,0,1,0.0,0.0,0.0,0.0,15275.826,1,ORTA_TICARETHANE
1001307252.0,39.77597618,30.52143692,26005723.0,3.0,1323.979,0,0,0,0,1,0.0,0.0,0.0,0.0,1323.979,1,KUCUK_TICARETHANE
1001307253.0,39.78366366,30.46804244,26013545.0,5.01,1957.0,0,0,0,0,1,0.0,0.0,0.0,0.0,1957.0,1,KUCUK_TICARETHANE
1001307363.0,39.81137217,30.43118946,26010377.0,60.0,197895.15,0,0,0,0,1,0.0,0.0,0.0,0.0,197895.15,1,ORTA_TICARETHANE
1001307656.0,39.78695211,30.45882241,26010100.0,31.939999999999998,38267.733,0,0,0,0,3,0.0,0.0,0.0,0.0,38267.733,3,ORTA_TICARETHANE
1001308005.0,39.78405653,30.50229143,26010555.0,5.726666666666667,22330.049,0,14,0,0,13,0.0,12327.545,0.0,0.0,10002.503999999999,27,ORTA_TICARETHANE
1001308240.0,39.79719656,30.48423104,26006125.0,5.01,4071.763,0,1,0,0,1,0.0,590.293,0.0,0.0,3481.47,2,KUCUK_TICARETHANE
1001308316.0,39.7936012,30.4918705,26006361.0,5.547857142857143,172976.374,0,8,0,0,6,0.0,10495.093,0.0,0.0,162481.281,14,ORTA_TICARETHANE
1001309040.0,39.79453526,30.45280659,26006293.0,54.18,180819.39,0,0,0,0,1,0.0,0.0,0.0,0.0,180819.39,1,ORTA_TICARETHANE
1001309074.0,39.78523225,30.47195317,26013548.0,3.0,636.0,0,0,0,0,1,0.0,0.0,0.0,0.0,636.0,1,KUCUK_TICARETHANE
1001309233.0,,,,5.01,6144.574,0,0,0,0,1,0.0,0.0,0.0,0.0,6144.574,1,KUCUK_TICARETHANE
1001309260.0,39.78688928,30.50817175,26010552.0,5.01,16716.611,0,0,0,0,2,0.0,0.0,0.0,0.0,16716.611,2,ORTA_TICARETHANE
1001309593.0,39.78038736,30.51916695,26005726.0,3.0,22410.086,1,0,0,0,1,16971.232,0.0,0.0,0.0,5438.854,1,KUCUK_TICARETHANE
1001309803.0,39.79227956,30.54640594,26005690.0,8.025,56117.519,0,1,0,0,1,0.0,6173.042,0.0,0.0,49944.477,2,ORTA_TICARETHANE
1001309819.0,39.78578645,30.47555898,26013549.0,5.02,1719.04,0,0,0,0,1,0.0,0.0,0.0,0.0,1719.04,1,KUCUK_TICARETHANE
1001310833.0,39.7827485,30.48250357,26006000.0,5.01,607.185,0,0,0,0,1,0.0,0.0,0.0,0.0,607.185,1,KUCUK_TICARETHANE
1001310904.0,39.78461264,30.46849364,26013546.0,5.01,2039.0,0,0,0,0,1,0.0,0.0,0.0,0.0,2039.0,1,KUCUK_TICARETHANE
1001311187.0,39.78271959,30.47648267,26001518.0,5.01,4540.173,0,0,0,0,1,0.0,0.0,0.0,0.0,4540.173,1,KUCUK_TICARETHANE
1001311328.0,39.80367852,30.47282742,26010193.0,3.0,8783.111,0,0,0,1,0,0.0,0.0,0.0,8783.111,0.0,0,TARIMSAL_SULAMA
1001311359.0,39.7770188,30.51960498,26005890.0,5.01,3546.293,0,0,0,0,1,0.0,0.0,0.0,0.0,3546.293,1,KUCUK_TICARETHANE
1001311365.0,39.77586381,30.52202143,26005723.0,5.01,455.0,0,0,0,0,1,0.0,0.0,0.0,0.0,455.0,1,KUCUK_TICARETHANE
1001311418.0,39.78014445,30.51576023,26006385.0,5.918,4923.4,0,3,0,0,2,0.0,2498.919,0.0,0.0,2424.481,5,KUCUK_TICARETHANE
1001311466.0,39.79700898,30.50244815,26010532.0,5.01,1070.828,0,0,0,0,1,0.0,0.0,0.0,0.0,1070.828,1,KUCUK_TICARETHANE
1001311822.0,39.78323572,30.50070933,26008335.0,600.0,971928.48,0,0,0,0,1,0.0,0.0,0.0,0.0,971928.48,1,BUYUK_TICARETHANE
1001313009.0,39.79389767,30.50552329,26010530.0,3.0,22314.258,0,1,0,0,1,0.0,1484.0,0.0,0.0,20830.258,2,ORTA_TICARETHANE
1001313256.0,39.77855555,30.46347192,26010840.0,16.0,29342.111,0,0,0,0,1,0.0,0.0,0.0,0.0,29342.111,1,ORTA_TICARETHANE
1001313339.0,39.77466459,30.45906015,26010848.0,3.0,3026.934,0,1,0,0,1,0.0,2520.139,0.0,0.0,506.795,2,KUCUK_TICARETHANE
1001313374.0,39.8000556,30.51227027,26010519.0,5.3325,4360.901,0,2,0,0,2,0.0,3666.28,0.0,0.0,694.621,4,KUCUK_TICARETHANE
1001313399.0,39.77696107,30.53055544,26006229.0,4.776666666666666,2877.0330000000004,0,2,0,0,1,0.0,2757.3,0.0,0.0,119.733,3,KUCUK_TICARETHANE
1001313519.0,39.77968903,30.51499484,26005145.0,3.67,6707.888,0,4,0,0,2,0.0,2108.779,0.0,0.0,4599.109,6,KUCUK_TICARETHANE
1001313812.0,39.81181382,30.44584713,26010370.0,31.56,16821.96,0,0,0,0,1,0.0,0.0,0.0,0.0,16821.96,1,ORTA_TICARETHANE
1001313860.0,39.77378182,30.47611799,26005720.0,3.0,35286.652,1,0,0,0,0,35286.652,0.0,0.0,0.0,0.0,0,AYDINLATMA
1001313887.0,39.7987159,30.55393895,26009783.0,5.01,3145.042,0,0,0,1,0,0.0,0.0,0.0,3145.042,0.0,0,TARIMSAL_SULAMA
1001313951.0,39.78281146,30.50696078,26010547.0,43.07,211022.64,0,0,0,0,1,0.0,0.0,0.0,0.0,211022.64,1,ORTA_TICARETHANE
1001313952.0,39.77855227,30.47596208,26006302.0,40.79,57858.87,0,0,0,0,1,0.0,0.0,0.0,0.0,57858.87,1,ORTA_TICARETHANE
1001314061.0,39.78814024,30.456571,26006498.0,5.01,1477.593,0,0,0,0,1,0.0,0.0,0.0,0.0,1477.593,1,KUCUK_TICARETHANE
1001314104.0,39.7756592,30.55280457,26007722.0,4.005,713.0,0,0,0,0,2,0.0,0.0,0.0,0.0,713.0,2,KUCUK_TICARETHANE
1001314183.0,39.81341867,30.4464661,26010370.0,5.17,2630.125,0,0,0,0,1,0.0,0.0,0.0,0.0,2630.125,1,KUCUK_TICARETHANE
1001315039.0,39.79942459,30.50746415,26010528.0,4.005,82245.619,1,0,0,0,1,60217.866,0.0,0.0,0.0,22027.753,1,ORTA_TICARETHANE
1001315106.0,39.82025837,30.49740612,26006389.0,5.102857142857142,16012.077,0,4,0,1,2,0.0,8329.286,0.0,6587.722,1095.069,6,KUCUK_TICARETHANE
1001315474.0,39.77970291,30.51291408,26005185.0,5.01,2877.612,0,0,0,0,1,0.0,0.0,0.0,0.0,2877.612,1,KUCUK_TICARETHANE
1001315502.0,39.77900866,30.51942557,26005726.0,4.005,15134.249,0,0,0,0,2,0.0,0.0,0.0,0.0,15134.249,2,ORTA_TICARETHANE
1001315601.0,39.78811338,30.52946394,26013564.0,4.005,53405.698000000004,1,0,0,0,1,51432.057,0.0,0.0,0.0,1973.641,1,KUCUK_TICARETHANE
1001315858.0,39.79006931,30.52247695,26010292.0,4.206,5136.177,0,3,0,0,2,0.0,4122.148999999999,0.0,0.0,1014.028,5,KUCUK_TICARETHANE
1001315916.0,39.7925989,30.54754294,26005690.0,4.005,4502.975,0,1,0,0,1,0.0,1754.222,0.0,0.0,2748.753,2,KUCUK_TICARETHANE
1001316160.0,39.78944437,30.48553902,26005975.0,5.01,6781.31,0,0,0,0,1,0.0,0.0,0.0,0.0,6781.31,1,KUCUK_TICARETHANE
1001316226.0,39.78310142,30.46924286,26013546.0,5.01,498.219,0,0,0,0,1,0.0,0.0,0.0,0.0,498.219,1,KUCUK_TICARETHANE
1001316367.0,39.77578626,30.52273444,26005700.0,21.494999999999997,103309.914,0,0,0,0,2,0.0,0.0,0.0,0.0,103309.914,2,ORTA_TICARETHANE
1001316602.0,39.78263214,30.46737449,26013545.0,5.01,746.0,0,0,0,0,1,0.0,0.0,0.0,0.0,746.0,1,KUCUK_TICARETHANE
1001316696.0,39.78161038,30.51952359,26006230.0,3.65,1688.67,0,0,0,0,1,0.0,0.0,0.0,0.0,1688.67,1,KUCUK_TICARETHANE
1001316770.0,39.78457853,30.53130299,26013563.0,3.0,352.0,0,0,0,0,2,0.0,0.0,0.0,0.0,352.0,2,KUCUK_TICARETHANE
1001316902.0,39.7925963,30.49192479,26006361.0,5.01,1855.202,0,0,0,0,1,0.0,0.0,0.0,0.0,1855.202,1,KUCUK_TICARETHANE
1001316968.0,39.77563811,30.52962443,26005714.0,4.116428571428571,94946.208,0,18,0,0,10,0.0,27758.559,0.0,0.0,67187.649,28,ORTA_TICARETHANE
1001317079.0,39.77592373,30.52314604,26005700.0,4.005,9596.003,0,0,0,0,2,0.0,0.0,0.0,0.0,9596.003,2,KUCUK_TICARETHANE
1001317240.0,39.79306578,30.51492614,26010681.0,5.01,1354.445,0,0,0,0,1,0.0,0.0,0.0,0.0,1354.445,1,KUCUK_TICARETHANE
1001317271.0,39.77778929,30.51593642,26005192.0,4.416428571428571,37899.252,0,9,0,0,5,0.0,24381.225,0.0,0.0,13518.027,14,ORTA_TICARETHANE
1001317754.0,39.79728395,30.49406828,26010541.0,5.01,1337.836,1,0,0,0,0,1337.836,0.0,0.0,0.0,0.0,0,AYDINLATMA
1001317797.0,39.79033323,30.52144116,26005111.0,5.580000000000001,12022.035,0,4,0,0,2,0.0,5662.064,0.0,0.0,6359.9710000000005,6,KUCUK_TICARETHANE
1001317863.0,39.79134783,30.46804268,26010450.0,4.005,34268.977,0,0,0,0,2,0.0,0.0,0.0,0.0,34268.977,2,ORTA_TICARETHANE
1001317991.0,39.79192006,30.54772628,26005690.0,4.005,9346.235,0,1,0,0,1,0.0,6789.894,0.0,0.0,2556.341,2,KUCUK_TICARETHANE
1001318079.0,39.78513529,30.47284553,26013548.0,3.0,933.0,0,0,0,0,1,0.0,0.0,0.0,0.0,933.0,1,KUCUK_TICARETHANE
1001318144.0,39.77240093,30.46429707,26010908.0,5.01,311.472,0,0,0,0,1,0.0,0.0,0.0,0.0,311.472,1,KUCUK_TICARETHANE
1001318162.0,39.79473027,30.50792281,26010526.0,5.01,8305.064,0,0,0,0,1,0.0,0.0,0.0,0.0,8305.064,1,KUCUK_TICARETHANE
1001318165.0,39.78406702,30.46582031,26013544.0,16.8,4941.656,0,0,0,0,1,0.0,0.0,0.0,0.0,4941.656,1,ORTA_TICARETHANE
1001318288.0,39.7825274,30.45802274,26005972.0,5.01,3316.8009999999995,0,0,0,0,3,0.0,0.0,0.0,0.0,3316.8009999999995,3,KUCUK_TICARETHANE
1001318879.0,39.79646102,30.47970346,26006124.0,4.005,6993.067,0,1,0,0,1,0.0,1797.067,0.0,0.0,5196.0,2,KUCUK_TICARETHANE
1001319705.0,39.79436296,30.4513213,26006293.0,20.32,17678.355,0,0,0,0,1,0.0,0.0,0.0,0.0,17678.355,1,ORTA_TICARETHANE
1001319885.0,39.77673365,30.52882124,26006452.0,15.97,61337.996,0,0,0,0,1,0.0,0.0,0.0,0.0,61337.996,1,ORTA_TICARETHANE
1001319911.0,39.77571456,30.47746234,26005695.0,4.915,5885.798000000001,0,4,0,0,2,0.0,2936.362,0.0,0.0,2949.436,6,KUCUK_TICARETHANE
1001320039.0,39.78666635,30.50037152,26010554.0,25.3,105005.52,0,0,0,0,1,0.0,0.0,0.0,0.0,105005.52,1,ORTA_TICARETHANE
1001320111.0,39.78510968,30.47115508,26013547.0,7.5,2117.147,0,0,0,0,1,0.0,0.0,0.0,0.0,2117.147,1,KUCUK_TICARETHANE
1001320152.0,39.77835913,30.51775571,26005146.0,4.005,1612.245,0,0,0,0,2,0.0,0.0,0.0,0.0,1612.245,2,KUCUK_TICARETHANE
1001320395.0,39.77823398,30.51009691,26005186.0,4.083076923076923,21658.031,0,9,0,0,4,0.0,12862.052,0.0,0.0,8795.979,13,KUCUK_TICARETHANE
1001320595.0,39.78412198,30.46626038,26013544.0,11.99,21280.618,0,0,0,0,3,0.0,0.0,0.0,0.0,21280.618,3,ORTA_TICARETHANE
1001321270.0,39.78517159,30.4685178,26013544.0,5.01,3423.0,0,0,0,0,1,0.0,0.0,0.0,0.0,3423.0,1,KUCUK_TICARETHANE
1001321488.0,39.78980474,30.45246527,26010126.0,5.01,894.0,0,0,0,0,1,0.0,0.0,0.0,0.0,894.0,1,KUCUK_TICARETHANE
1001321520.0,39.77570557,30.552674,26007722.0,5.01,903.0,0,0,0,0,1,0.0,0.0,0.0,0.0,903.0,1,KUCUK_TICARETHANE
1001321526.0,39.84703948,30.59820522,26010365.0,240.0,52168.8,0,0,0,0,1,0.0,0.0,0.0,0.0,52168.8,1,ORTA_TICARETHANE
1001321580.0,39.81234625,30.4451156,26010370.0,10.13,251.566,0,0,0,0,1,0.0,0.0,0.0,0.0,251.566,1,KUCUK_TICARETHANE
1001321802.0,39.78255991,30.47532643,26001518.0,3.0,2686.0,0,0,0,0,1,0.0,0.0,0.0,0.0,2686.0,1,KUCUK_TICARETHANE
1001321998.0,39.77865752,30.51509672,26005195.0,4.2863999999999995,93426.66,0,6,0,0,19,0.0,7786.606,0.0,0.0,85640.054,25,ORTA_TICARETHANE
1001322415.0,39.80047166,30.4930428,26010544.0,3.67,11969.015,0,2,0,0,1,0.0,3966.724,0.0,0.0,8002.291,3,KUCUK_TICARETHANE
1001322967.0,39.77366292,30.47077928,26010845.0,5.01,16377.426,0,0,0,0,1,0.0,0.0,0.0,0.0,16377.426,1,ORTA_TICARETHANE
1001323067.0,39.80325713,30.48658786,26012160.0,3.0,187.33,0,0,0,1,0,0.0,0.0,0.0,187.33,0.0,0,TARIMSAL_SULAMA
1001323191.0,39.78916966,30.46449379,26010449.0,4.8,4589.948,0,1,0,0,1,0.0,2583.452,0.0,0.0,2006.496,2,KUCUK_TICARETHANE
1001323420.0,39.78580763,30.52654514,26013573.0,5.01,3621.0,0,0,0,0,1,0.0,0.0,0.0,0.0,3621.0,1,KUCUK_TICARETHANE
1001323839.0,39.78529888,30.45351993,26005971.0,5.707142857142857,25457.771,0,4,0,0,3,0.0,5534.373,0.0,0.0,19923.398,7,ORTA_TICARETHANE
1001324229.0,39.7786984,30.46522505,26010841.0,3.0,24197.23,0,0,0,0,1,0.0,0.0,0.0,0.0,24197.23,1,ORTA_TICARETHANE
1001324332.0,39.78637073,30.46217788,26005904.0,5.276666666666666,5234.4529999999995,0,1,0,0,2,0.0,4758.896,0.0,0.0,475.557,3,KUCUK_TICARETHANE
1001324517.0,39.77368926,30.45783078,26010909.0,5.01,855.626,0,0,0,0,1,0.0,0.0,0.0,0.0,855.626,1,KUCUK_TICARETHANE
1001324584.0,39.78364626,30.45254207,26005971.0,4.005,51013.782,1,0,0,0,1,46489.71,0.0,0.0,0.0,4524.072,1,KUCUK_TICARETHANE
1001325141.0,39.8008648,30.49599742,26010543.0,3.0,7624.0,0,0,0,0,1,0.0,0.0,0.0,0.0,7624.0,1,KUCUK_TICARETHANE
1001326037.0,39.77780263,30.52010481,26005910.0,3.0,108.0,0,0,0,0,1,0.0,0.0,0.0,0.0,108.0,1,KUCUK_TICARETHANE
1001326110.0,39.7819408,30.46038921,26005903.0,3.0,48529.964,1,0,0,0,0,48529.964,0.0,0.0,0.0,0.0,0,AYDINLATMA
1001326166.0,39.79241139,30.51571926,26010681.0,3.0,31460.749,1,0,0,0,0,31460.749,0.0,0.0,0.0,0.0,0,AYDINLATMA
1001326429.0,39.78004209,30.51539499,26006385.0,5.01,2417.155,0,0,0,0,1,0.0,0.0,0.0,0.0,2417.155,1,KUCUK_TICARETHANE
1001326581.0,39.78236247,30.46806451,26013545.0,3.0,291.0,0,0,0,0,1,0.0,0.0,0.0,0.0,291.0,1,KUCUK_TICARETHANE
1001326607.0,39.80062286,30.57832247,26009785.0,5.01,7784.414,0,0,0,0,1,0.0,0.0,0.0,0.0,7784.414,1,KUCUK_TICARETHANE
1001327245.0,39.79287103,30.47359769,26006045.0,5.01,6356.717,0,0,0,0,1,0.0,0.0,0.0,0.0,6356.717,1,KUCUK_TICARETHANE
1001327522.0,39.78158991,30.51940552,26006230.0,3.0,806.0,0,0,0,0,1,0.0,0.0,0.0,0.0,806.0,1,KUCUK_TICARETHANE
1001327604.0,39.79814217,30.49443794,26010543.0,3.67,1894.441,0,2,0,0,1,0.0,681.0,0.0,0.0,1213.441,3,KUCUK_TICARETHANE
1001327629.0,39.80532947,30.53740279,26014272.0,9.67,8038.999,0,0,0,0,1,0.0,0.0,0.0,0.0,8038.999,1,KUCUK_TICARETHANE
1001328224.0,39.7780324,30.51898515,26005146.0,5.01,9083.621,0,2,0,0,3,0.0,1798.916,0.0,0.0,7284.705,5,KUCUK_TICARETHANE
1001328382.0,39.78114379,30.51695492,26006215.0,37.13,33418.41,0,0,0,0,1,0.0,0.0,0.0,0.0,33418.41,1,ORTA_TICARETHANE
1001328520.0,39.79987518,30.51192664,26010522.0,5.01,13682.461,0,0,0,0,1,0.0,0.0,0.0,0.0,13682.461,1,ORTA_TICARETHANE
1001329345.0,39.78364451,30.51010568,26010549.0,5.01,4591.028,0,0,0,0,1,0.0,0.0,0.0,0.0,4591.028,1,KUCUK_TICARETHANE
1001329545.0,39.80635804,30.49138936,26012160.0,3.0,14392.0,0,0,0,1,0,0.0,0.0,0.0,14392.0,0.0,0,TARIMSAL_SULAMA
1001329776.0,39.77252111,30.47812439,26006342.0,5.01,3382.398,1,0,0,0,0,3382.398,0.0,0.0,0.0,0.0,0,AYDINLATMA
1001330154.0,39.79642936,30.4983846,26010534.0,5.01,9754.078,0,1,0,0,1,0.0,1460.0,0.0,0.0,8294.078,2,KUCUK_TICARETHANE
1001330279.0,39.78829059,30.52230765,26010348.0,5.946666666666666,13106.173,0,6,0,0,3,0.0,9906.141,0.0,0.0,3200.032,9,KUCUK_TICARETHANE
1001330349.0,39.80041643,30.54160311,26010317.0,5.01,3035.144,0,0,0,0,1,0.0,0.0,0.0,0.0,3035.144,1,KUCUK_TICARETHANE
1001330528.0,39.80488638,30.53976306,26014272.0,4.1899999999999995,5821.272,0,1,0,0,1,0.0,2533.272,0.0,0.0,3288.0,2,KUCUK_TICARETHANE
1001330630.0,39.77099535,30.47956613,26006342.0,5.01,835.201,0,0,0,0,1,0.0,0.0,0.0,0.0,835.201,1,KUCUK_TICARETHANE
1001330659.0,39.79398631,30.4794338,26010385.0,5.01,1256.218,0,0,0,0,1,0.0,0.0,0.0,0.0,1256.218,1,KUCUK_TICARETHANE
1001330813.0,39.79982329,30.57088297,26009784.0,5.01,28.348,0,0,0,1,0,0.0,0.0,0.0,28.348,0.0,0,TARIMSAL_SULAMA
1001331051.0,39.8032026,30.49678414,26010537.0,5.01,409.482,0,0,0,0,1,0.0,0.0,0.0,0.0,409.482,1,KUCUK_TICARETHANE
1001331083.0,39.83086025,30.5080849,26006466.0,4.24,13720.279,0,1,0,2,1,0.0,1003.232,0.0,12318.902,398.145,2,KUCUK_TICARETHANE
1001331169.0,39.79181338,30.45542015,26005958.0,6.24,11215.781,0,0,0,0,1,0.0,0.0,0.0,0.0,11215.781,1,ORTA_TICARETHANE
1001331617.0,39.87904761,30.49235063,26008762.0,150.0,173039.04,0,0,0,0,1,0.0,0.0,0.0,0.0,173039.04,1,ORTA_TICARETHANE
1001331972.0,39.7748363,30.52263284,26006345.0,5.01,249.111,0,0,0,0,1,0.0,0.0,0.0,0.0,249.111,1,KUCUK_TICARETHANE
1001332012.0,39.77572624,30.4699541,26010845.0,6.23,5702.886,0,1,0,0,1,0.0,1691.996,0.0,0.0,4010.89,2,KUCUK_TICARETHANE
1001332050.0,39.78521644,30.47451107,26013549.0,5.01,9059.0,0,0,0,0,1,0.0,0.0,0.0,0.0,9059.0,1,KUCUK_TICARETHANE
1001332330.0,39.7773571,30.52409169,26005909.0,3.804,4440.952,0,2,0,0,3,0.0,1722.204,0.0,0.0,2718.748,5,KUCUK_TICARETHANE
1001332369.0,39.79539399,30.46864412,26006123.0,3.0,3828.569,0,0,0,0,2,0.0,0.0,0.0,0.0,3828.569,2,KUCUK_TICARETHANE
1001332418.0,39.78016266,30.51475691,26005145.0,8.466666666666667,24532.258,0,0,0,0,3,0.0,0.0,0.0,0.0,24532.258,3,ORTA_TICARETHANE
1001332561.0,39.78379344,30.4724159,26013548.0,5.01,1033.095,0,0,0,0,2,0.0,0.0,0.0,0.0,1033.095,2,KUCUK_TICARETHANE
1001332715.0,39.78368196,30.46764104,26013545.0,3.986666666666667,4351.2080000000005,0,0,0,0,3,0.0,0.0,0.0,0.0,4351.2080000000005,3,KUCUK_TICARETHANE
1001333044.0,39.77903437,30.52118141,26005910.0,5.01,1248.0,0,1,0,0,1,0.0,1039.0,0.0,0.0,209.0,2,KUCUK_TICARETHANE
1001333091.0,39.7924048,30.52324064,26010286.0,45.33,9858.84,0,0,0,0,1,0.0,0.0,0.0,0.0,9858.84,1,ORTA_TICARETHANE
1001333368.0,39.78481725,30.46833934,26013546.0,7.905,4390.748,0,0,0,0,2,0.0,0.0,0.0,0.0,4390.748,2,KUCUK_TICARETHANE
1001333397.0,39.77569509,30.51981444,26005723.0,4.005,39557.524,0,0,0,0,2,0.0,0.0,0.0,0.0,39557.524,2,ORTA_TICARETHANE
1001333810.0,39.78519556,30.47136755,26013547.0,8.84,4654.0380000000005,0,0,0,0,2,0.0,0.0,0.0,0.0,4654.0380000000005,2,KUCUK_TICARETHANE
1001333992.0,39.78362838,30.54442385,26006185.0,12.155000000000001,158552.405,0,0,0,0,2,0.0,0.0,0.0,0.0,158552.405,2,ORTA_TICARETHANE
1001334102.0,39.78551151,30.47403125,26013549.0,5.19,2228.0,0,0,0,0,1,0.0,0.0,0.0,0.0,2228.0,1,KUCUK_TICARETHANE
1001334145.0,39.81251966,30.44607092,26010370.0,10.13,3120.384,0,0,0,0,1,0.0,0.0,0.0,0.0,3120.384,1,KUCUK_TICARETHANE
1001335232.0,39.77840933,30.48329823,26010294.0,3.0,3071.52,0,0,0,0,1,0.0,0.0,0.0,0.0,3071.52,1,KUCUK_TICARETHANE
1001335334.0,39.7930945,30.51071712,26010525.0,5.01,3173.308,0,0,0,0,1,0.0,0.0,0.0,0.0,3173.308,1,KUCUK_TICARETHANE
1001335402.0,39.77842667,30.47355164,26010847.0,6.08,1788.134,0,1,0,0,1,0.0,298.654,0.0,0.0,1489.48,2,KUCUK_TICARETHANE
1001335477.0,39.78283859,30.46941713,26013546.0,5.01,4020.0,0,0,0,0,1,0.0,0.0,0.0,0.0,4020.0,1,KUCUK_TICARETHANE
1001335501.0,39.7640554,30.47722789,26010902.0,17.05,19398.17,0,0,0,0,1,0.0,0.0,0.0,0.0,19398.17,1,ORTA_TICARETHANE
1001335827.0,39.78645509,30.48430014,26006001.0,5.01,15287.794,0,0,0,0,2,0.0,0.0,0.0,0.0,15287.794,2,ORTA_TICARETHANE
1001336071.0,39.78214985,30.45929136,26005903.0,5.15625,12303.98,0,5,0,0,3,0.0,8376.524,0.0,0.0,3927.456,8,KUCUK_TICARETHANE
1001336267.0,39.78499229,30.47571104,26013550.0,5.01,2262.721,0,0,0,0,1,0.0,0.0,0.0,0.0,2262.721,1,KUCUK_TICARETHANE
1001336829.0,39.78506753,30.52484969,26013573.0,3.0,7547.771,0,0,0,0,1,0.0,0.0,0.0,0.0,7547.771,1,KUCUK_TICARETHANE
1001336995.0,39.91247679,30.81926367,,978.0,1197989.73,0,0,0,0,1,0.0,0.0,0.0,0.0,1197989.73,1,BUYUK_TICARETHANE
1001337081.0,39.78885667,30.53828481,26005428.0,4.005,6273.966,0,1,0,0,1,0.0,983.0,0.0,0.0,5290.966,2,KUCUK_TICARETHANE
1001337127.0,39.7772251,30.45882251,26010136.0,5.726,4833.554,0,3,0,0,2,0.0,4026.163,0.0,0.0,807.391,5,KUCUK_TICARETHANE
1001337134.0,39.7877934,30.48623191,26005893.0,4.806,15267.717,0,3,0,0,2,0.0,6999.772,0.0,0.0,8267.945,5,KUCUK_TICARETHANE
1001337360.0,39.78661334,30.44508998,26005122.0,5.01,22545.588,1,0,0,0,0,22545.588,0.0,0.0,0.0,0.0,0,AYDINLATMA
1001337448.0,39.88625356,30.48663444,26007955.0,29.505,59671.566999999995,0,0,0,0,2,0.0,0.0,0.0,0.0,59671.566999999995,2,ORTA_TICARETHANE
1001337609.0,39.77769369,30.51603443,26005192.0,4.588333333333334,103407.078,0,14,0,0,16,0.0,24120.108,0.0,0.0,79286.97,30,ORTA_TICARETHANE
1001337782.0,39.78257633,30.45087359,26006212.0,7.3,1796.124,0,0,0,0,1,0.0,0.0,0.0,0.0,1796.124,1,KUCUK_TICARETHANE
1001338490.0,39.79160355,30.53719104,26005230.0,4.005,4892.867,0,1,0,0,1,0.0,1043.0,0.0,0.0,3849.867,2,KUCUK_TICARETHANE
1001338568.0,39.80232841,30.48880789,26010545.0,6.575,2875.472,0,1,0,0,1,0.0,2778.387,0.0,0.0,97.085,2,KUCUK_TICARETHANE
1001338597.0,39.78215895,30.47037925,26010805.0,17.505,16233.832,0,0,0,0,2,0.0,0.0,0.0,0.0,16233.832,2,ORTA_TICARETHANE
1001338718.0,39.77803886,30.520121,26005910.0,4.34,2604.185,0,2,0,0,1,0.0,1688.185,0.0,0.0,916.0,3,KUCUK_TICARETHANE
1001338982.0,39.77325599,30.45231451,26004553.0,3.0,2030.253,0,0,0,1,0,0.0,0.0,0.0,2030.253,0.0,0,TARIMSAL_SULAMA
1001339135.0,39.77101693,30.47700331,26010904.0,4.284000000000001,29324.445,0,3,0,0,2,0.0,2425.425,0.0,0.0,26899.02,5,ORTA_TICARETHANE
1001339146.0,39.84661065,30.48835537,26005650.0,5.01,408.69,0,0,0,1,0,0.0,0.0,0.0,408.69,0.0,0,TARIMSAL_SULAMA
1001339447.0,39.78648371,30.50818303,26010551.0,5.02,25367.614,1,0,0,0,0,25367.614,0.0,0.0,0.0,0.0,0,AYDINLATMA
1001339521.0,39.78527979,30.47600625,26010135.0,5.4,6032.332,0,0,0,0,1,0.0,0.0,0.0,0.0,6032.332,1,KUCUK_TICARETHANE
1001339676.0,39.78957902,30.50586486,26010666.0,3.0,12155.517,0,0,0,0,1,0.0,0.0,0.0,0.0,12155.517,1,ORTA_TICARETHANE
1001339842.0,39.78523388,30.4721385,26013548.0,3.0,897.0,0,0,0,0,2,0.0,0.0,0.0,0.0,897.0,2,KUCUK_TICARETHANE
1001339925.0,39.77156768,30.47995916,26006342.0,3.0,42541.118,1,0,0,0,0,42541.118,0.0,0.0,0.0,0.0,0,AYDINLATMA
1001340003.0,39.78800331,30.55129594,26006049.0,4.345000000000001,2962.867,0,1,0,0,1,0.0,2757.788,0.0,0.0,205.079,2,KUCUK_TICARETHANE
1001340050.0,39.79876773,30.56784987,26009784.0,5.01,1301.358,0,0,0,0,1,0.0,0.0,0.0,0.0,1301.358,1,KUCUK_TICARETHANE
1001340098.0,39.78158173,30.51935648,26006230.0,5.01,4663.0,0,0,0,0,1,0.0,0.0,0.0,0.0,4663.0,1,KUCUK_TICARETHANE
1001340114.0,39.79637231,30.53538329,26005693.0,7.43,10179.39,0,1,0,0,1,0.0,1814.0,0.0,0.0,8365.39,2,KUCUK_TICARETHANE
1001340306.0,39.78911758,30.47907126,26005994.0,22.535,25152.778,0,0,0,0,2,0.0,0.0,0.0,0.0,25152.778,2,ORTA_TICARETHANE
1001340402.0,39.78562859,30.47055946,26013547.0,3.0,1164.0,0,0,0,0,1,0.0,0.0,0.0,0.0,1164.0,1,KUCUK_TICARETHANE
1001340516.0,39.79379566,30.53694854,26005436.0,0.6,63.0,0,0,0,0,1,0.0,0.0,0.0,0.0,63.0,1,KUCUK_TICARETHANE
1001340570.0,39.78785525,30.53546266,26005927.0,5.01,9362.283,0,0,0,0,3,0.0,0.0,0.0,0.0,9362.283,3,KUCUK_TICARETHANE
1001340667.0,39.81033384,30.49423178,26010538.0,5.02,8108.653,0,0,0,1,0,0.0,0.0,0.0,8108.653,0.0,0,TARIMSAL_SULAMA
1001340728.0,39.78365283,30.46607415,26013545.0,3.0,1946.675,0,0,0,0,1,0.0,0.0,0.0,0.0,1946.675,1,KUCUK_TICARETHANE
1001341173.0,39.7837254,30.46603532,26013544.0,23.79,4770.034,0,0,0,0,1,0.0,0.0,0.0,0.0,4770.034,1,ORTA_TICARETHANE
1001341213.0,39.78404298,30.46852684,26013546.0,5.01,1668.221,0,0,0,0,1,0.0,0.0,0.0,0.0,1668.221,1,KUCUK_TICARETHANE
1001341306.0,39.7825453,30.47926968,26001518.0,5.01,5.552,0,0,0,0,1,0.0,0.0,0.0,0.0,5.552,1,KUCUK_TICARETHANE
1001341378.0,39.78994112,30.48537637,26005994.0,6.19,25124.727,0,0,0,0,1,0.0,0.0,0.0,0.0,25124.727,1,ORTA_TICARETHANE
1001341408.0,39.7954576,30.49908714,26010534.0,5.01,2318.9809999999998,0,1,0,0,1,0.0,1268.981,0.0,0.0,1050.0,2,KUCUK_TICARETHANE
1001341880.0,39.78610815,30.47279312,26013551.0,10.68,669.103,0,0,0,0,1,0.0,0.0,0.0,0.0,669.103,1,KUCUK_TICARETHANE
1001342051.0,39.78415271,30.47196741,26013547.0,3.0,4997.0,0,0,0,0,2,0.0,0.0,0.0,0.0,4997.0,2,KUCUK_TICARETHANE
1001342138.0,39.7849776,30.47122985,26013547.0,5.01,3130.855,0,0,0,0,1,0.0,0.0,0.0,0.0,3130.855,1,KUCUK_TICARETHANE
1001342437.0,39.77615312,30.52606456,26010373.0,52.1,121596.28,0,0,0,0,1,0.0,0.0,0.0,0.0,121596.28,1,ORTA_TICARETHANE
1001342456.0,39.79033396,30.46365992,26010449.0,4.206,19629.119,0,3,0,0,2,0.0,4392.735000000001,0.0,0.0,15236.384000000002,5,ORTA_TICARETHANE
1001343155.0,39.78304062,30.51834944,26010761.0,3.0,645.0,0,0,0,0,1,0.0,0.0,0.0,0.0,645.0,1,KUCUK_TICARETHANE
1001343548.0,39.782906,30.5149733,26010672.0,3.0,42827.242,1,0,0,0,0,42827.242,0.0,0.0,0.0,0.0,0,AYDINLATMA
1001343650.0,39.77507541,30.5475181,26006283.0,480.0,598140.84,0,0,0,0,1,0.0,0.0,0.0,0.0,598140.84,1,BUYUK_TICARETHANE
1001343940.0,39.79314597,30.53627769,26005230.0,7.22,20264.497,0,0,0,0,1,0.0,0.0,0.0,0.0,20264.497,1,ORTA_TICARETHANE
1001344042.0,39.79058891,30.48444234,26010072.0,4.34,11185.528999999999,0,1,0,0,2,0.0,1188.298,0.0,0.0,9997.231,3,KUCUK_TICARETHANE
1001344056.0,39.78127702,30.45091178,26006212.0,5.01,7675.475,0,0,0,0,1,0.0,0.0,0.0,0.0,7675.475,1,KUCUK_TICARETHANE
1001344268.0,39.80061228,30.57823203,26009785.0,5.01,5458.284,0,0,0,0,1,0.0,0.0,0.0,0.0,5458.284,1,KUCUK_TICARETHANE
1001344592.0,39.78941334,30.48555115,26005975.0,5.01,10149.319,0,0,0,0,2,0.0,0.0,0.0,0.0,10149.319,2,ORTA_TICARETHANE
1001344622.0,39.78829194,30.51932966,26010679.0,3.941923076923077,82933.222,0,18,0,0,8,0.0,34753.094,0.0,0.0,48180.128,26,ORTA_TICARETHANE
1001344699.0,39.79547178,30.56849362,26005236.0,3.0,1469.0,0,0,0,1,0,0.0,0.0,0.0,1469.0,0.0,0,TARIMSAL_SULAMA
1001344751.0,39.78714189,30.50871968,26010668.0,6.35,47925.646,0,0,0,0,2,0.0,0.0,0.0,0.0,47925.646,2,ORTA_TICARETHANE
1001344857.0,39.78301865,30.46843959,26013545.0,3.0,1053.932,0,0,0,0,1,0.0,0.0,0.0,0.0,1053.932,1,KUCUK_TICARETHANE
1001345081.0,39.79527161,30.48341827,26005900.0,5.01,3571.359,0,0,0,0,2,0.0,0.0,0.0,0.0,3571.359,2,KUCUK_TICARETHANE
1001345152.0,39.78955166,30.50706551,26008464.0,152.85,573621.837,0,1,0,0,4,0.0,59154.18,0.0,0.0,514467.657,5,ORTA_TICARETHANE
1001345204.0,39.79618054,30.44822789,26010698.0,10.75,10811.93,0,1,0,0,1,0.0,7441.627,0.0,0.0,3370.303,2,KUCUK_TICARETHANE
1001345419.0,39.78153489,30.51909832,26006230.0,5.01,652.239,0,0,0,0,1,0.0,0.0,0.0,0.0,652.239,1,KUCUK_TICARETHANE
1001345680.0,39.78674219,30.47323954,26013551.0,3.0,1453.0,0,0,0,0,1,0.0,0.0,0.0,0.0,1453.0,1,KUCUK_TICARETHANE
1001345698.0,39.78457767,30.47512751,26013550.0,12.73,6234.863,0,0,0,0,1,0.0,0.0,0.0,0.0,6234.863,1,KUCUK_TICARETHANE
1001345810.0,39.79612813,30.49406391,26010541.0,5.845,4364.162,0,1,0,0,3,0.0,60.491,0.0,0.0,4303.671,4,KUCUK_TICARETHANE
1001345851.0,39.77977529,30.51274572,26005185.0,22.314999999999998,97135.544,0,1,0,0,1,0.0,2567.594,0.0,0.0,94567.95,2,ORTA_TICARETHANE
1001346159.0,39.78399775,30.46239761,26005904.0,3.0,2166.464,0,0,0,0,1,0.0,0.0,0.0,0.0,2166.464,1,KUCUK_TICARETHANE
1001346499.0,39.78547753,30.471995,26013548.0,5.01,25257.712,0,0,0,0,1,0.0,0.0,0.0,0.0,25257.712,1,ORTA_TICARETHANE
1001346528.0,39.82386754,30.50500065,26005773.0,5.146,5504.946,0,1,0,0,4,0.0,2568.381,0.0,0.0,2936.5649999999996,5,KUCUK_TICARETHANE
1001346692.0,39.78358096,30.51186573,26010684.0,15.84,26832.741,0,0,0,0,1,0.0,0.0,0.0,0.0,26832.741,1,ORTA_TICARETHANE
1001346836.0,39.78699654,30.46317649,26010198.0,17.99,6236.97,0,0,0,0,1,0.0,0.0,0.0,0.0,6236.97,1,ORTA_TICARETHANE
1001346838.0,39.78246371,30.4689578,26013545.0,3.0,1320.0,0,0,0,0,1,0.0,0.0,0.0,0.0,1320.0,1,KUCUK_TICARETHANE
1001346875.0,39.79510865,30.45398928,26010915.0,3.0,138880.364,1,0,0,0,0,138880.364,0.0,0.0,0.0,0.0,0,AYDINLATMA
1001347177.0,39.76559136,30.46933505,26010916.0,5.89,7340.246999999999,0,3,0,0,2,0.0,2955.6319999999996,0.0,0.0,4384.615,5,KUCUK_TICARETHANE
1001347473.0,39.78030336,30.46199941,26010101.0,3.0,36370.56,1,0,0,0,0,36370.56,0.0,0.0,0.0,0.0,0,AYDINLATMA
1001347530.0,39.78572108,30.44211853,26005122.0,5.01,14946.809,0,0,0,0,1,0.0,0.0,0.0,0.0,14946.809,1,ORTA_TICARETHANE
1001347652.0,39.78615832,30.47276257,26013551.0,5.01,469.0,0,0,0,0,1,0.0,0.0,0.0,0.0,469.0,1,KUCUK_TICARETHANE
1001347711.0,39.78593866,30.45699018,26005973.0,5.01,8476.878,0,0,0,0,2,0.0,0.0,0.0,0.0,8476.878,2,KUCUK_TICARETHANE
1001347784.0,39.7754195,30.52211397,26005723.0,13.38,11777.762,0,0,0,0,1,0.0,0.0,0.0,0.0,11777.762,1,ORTA_TICARETHANE
1001347800.0,39.78523502,30.47109755,26013547.0,5.01,2583.0,0,0,0,0,1,0.0,0.0,0.0,0.0,2583.0,1,KUCUK_TICARETHANE
1001347849.0,39.77801397,30.51558299,26005192.0,4.481052631578947,26272.396,0,4,0,0,15,0.0,5236.307,0.0,0.0,21036.089,19,ORTA_TICARETHANE
1001347917.0,39.80572996,30.49098311,26012160.0,5.01,1838.733,0,0,0,0,1,0.0,0.0,0.0,0.0,1838.733,1,KUCUK_TICARETHANE
1001348226.0,39.78546006,30.47437375,26013549.0,6.13,3130.877,0,0,0,0,1,0.0,0.0,0.0,0.0,3130.877,1,KUCUK_TICARETHANE
1001348273.0,39.88047001,30.39864649,26014900.0,30.0,10915.82,0,0,0,0,1,0.0,0.0,0.0,0.0,10915.82,1,ORTA_TICARETHANE
1001348313.0,39.79177474,30.45727262,26006410.0,7.398000000000001,96523.45,0,1,0,0,4,0.0,827.899,0.0,0.0,95695.55099999999,5,ORTA_TICARETHANE
1001348337.0,39.77936175,30.51356383,26005195.0,5.01,4962.059,1,0,0,0,0,4962.059,0.0,0.0,0.0,0.0,0,AYDINLATMA
1001348474.0,39.79619364,30.50705304,26010526.0,5.01,579.191,0,0,0,0,1,0.0,0.0,0.0,0.0,579.191,1,KUCUK_TICARETHANE
1001348737.0,39.79767641,30.48150439,26006125.0,3.0,47925.264,1,0,0,0,0,47925.264,0.0,0.0,0.0,0.0,0,AYDINLATMA
1001348894.0,39.77592288,30.52334626,26005700.0,5.01,15397.663,0,0,0,0,2,0.0,0.0,0.0,0.0,15397.663,2,ORTA_TICARETHANE
1001348989.0,39.79233065,30.52422744,26010286.0,9.0,16747.431,1,0,0,0,0,16747.431,0.0,0.0,0.0,0.0,0,AYDINLATMA
1001349745.0,39.78243514,30.51850953,26005722.0,0.13,3744.365,0,0,0,0,1,0.0,0.0,0.0,0.0,3744.365,1,KUCUK_TICARETHANE
1001349852.0,39.77637181,30.52079756,26005910.0,3.0,3878.0,0,0,0,0,1,0.0,0.0,0.0,0.0,3878.0,1,KUCUK_TICARETHANE
1001349973.0,39.77107654,30.46493797,26010899.0,3.0,587.027,0,0,0,1,0,0.0,0.0,0.0,587.027,0.0,0,TARIMSAL_SULAMA
1001350308.0,39.77770378,30.51608515,26005192.0,3.0,2053.538,0,0,0,0,1,0.0,0.0,0.0,0.0,2053.538,1,KUCUK_TICARETHANE
1001350409.0,39.77489152,30.45780767,26010839.0,4.34,4196.196,0,2,0,0,1,0.0,2279.0,0.0,0.0,1917.196,3,KUCUK_TICARETHANE
1001350566.0,39.76685723,30.47956681,26010902.0,13.52,106064.559,0,0,0,0,2,0.0,0.0,0.0,0.0,106064.559,2,ORTA_TICARETHANE
1001350981.0,39.78853624,30.46229429,26010198.0,216.54,377355.84,0,0,1,0,0,0.0,0.0,377355.84,0.0,0.0,1,BUYUK_SANAYI
1001351102.0,39.78413062,30.46422728,26005120.0,5.01,8159.809,0,0,0,0,1,0.0,0.0,0.0,0.0,8159.809,1,KUCUK_TICARETHANE
1001351155.0,39.79889081,30.50425984,26010532.0,4.005,29632.08,0,7,0,0,5,0.0,11152.396999999999,0.0,0.0,18479.683,12,ORTA_TICARETHANE
1001351184.0,39.78602369,30.4707678,26013547.0,3.0,2086.211,0,0,0,0,1,0.0,0.0,0.0,0.0,2086.211,1,KUCUK_TICARETHANE
1001351217.0,39.78828924,30.4727978,26010454.0,31.212500000000002,178724.845,0,0,0,0,12,0.0,0.0,0.0,0.0,178724.845,12,ORTA_TICARETHANE
1001351300.0,,,,5.1,86.936,0,0,0,0,1,0.0,0.0,0.0,0.0,86.936,1,KUCUK_TICARETHANE
1001351808.0,39.77627878,30.45444685,26010836.0,3.0,2379.588,0,0,0,0,1,0.0,0.0,0.0,0.0,2379.588,1,KUCUK_TICARETHANE
1001352618.0,39.78115171,30.46309532,26010101.0,5.01,4655.975,0,1,0,0,1,0.0,3516.251,0.0,0.0,1139.724,2,KUCUK_TICARETHANE
1001352823.0,39.8188385,30.44111149,26000812.0,16.73,47990.08,0,0,0,0,1,0.0,0.0,0.0,0.0,47990.08,1,ORTA_TICARETHANE
1001353030.0,39.78272262,30.51235658,26010671.0,5.8580000000000005,20234.283,0,2,0,0,13,0.0,2787.823,0.0,0.0,17446.46,15,ORTA_TICARETHANE
1001353197.0,39.77870829,30.51683301,26005147.0,9.22,39009.662,0,0,0,0,3,0.0,0.0,0.0,0.0,39009.662,3,ORTA_TICARETHANE
1001353599.0,39.78238129,30.4675334,26013545.0,3.0,3911.916,0,0,0,0,1,0.0,0.0,0.0,0.0,3911.916,1,KUCUK_TICARETHANE
1001353759.0,39.78012665,30.51389496,26005145.0,5.01,3824.9620000000004,0,0,0,0,2,0.0,0.0,0.0,0.0,3824.9620000000004,2,KUCUK_TICARETHANE
1001353952.0,39.78588546,30.47292678,26013548.0,5.01,581.0,0,0,0,0,1,0.0,0.0,0.0,0.0,581.0,1,KUCUK_TICARETHANE
1001354567.0,39.7778966,30.51147438,26005188.0,5.01,8503.153,0,0,0,0,1,0.0,0.0,0.0,0.0,8503.153,1,KUCUK_TICARETHANE
1001354624.0,39.79445685,30.48376659,26005900.0,4.34,33865.841,0,2,0,0,4,0.0,4207.938,0.0,0.0,29657.903,6,ORTA_TICARETHANE
1001354705.0,39.78434352,30.46909995,26013546.0,5.01,1456.074,0,0,0,0,1,0.0,0.0,0.0,0.0,1456.074,1,KUCUK_TICARETHANE
1001354967.0,39.78765172,30.46267967,26010198.0,3.0,1735.118,1,0,0,0,0,1735.118,0.0,0.0,0.0,0.0,0,AYDINLATMA
1001355029.0,39.7866456,30.47247865,26013551.0,4.005,1106.714,0,1,0,0,1,0.0,52.0,0.0,0.0,1054.714,2,KUCUK_TICARETHANE
1001355113.0,39.78311165,30.47125157,26013546.0,5.01,3469.839,0,0,0,0,1,0.0,0.0,0.0,0.0,3469.839,1,KUCUK_TICARETHANE
1001355322.0,39.76559414,30.47040548,26010916.0,3.72,9552.963,0,2,0,0,1,0.0,3777.0,0.0,0.0,5775.963,3,KUCUK_TICARETHANE
1001355354.0,39.78440957,30.46862199,26013546.0,3.0,274.502,0,0,0,0,2,0.0,0.0,0.0,0.0,274.502,2,KUCUK_TICARETHANE
1001355370.0,39.78305888,30.45364391,26005971.0,6.02,4021.7120000000004,0,0,0,0,2,0.0,0.0,0.0,0.0,4021.7120000000004,2,KUCUK_TICARETHANE
1001355432.0,39.78931268,30.4846998,26005893.0,5.01,1517.99,0,0,0,0,1,0.0,0.0,0.0,0.0,1517.99,1,KUCUK_TICARETHANE
1001355593.0,39.78511495,30.47427254,26013549.0,3.0,2805.0,0,0,0,0,2,0.0,0.0,0.0,0.0,2805.0,2,KUCUK_TICARETHANE
1001355760.0,39.77919391,30.48451856,26005907.0,3.0,4379.304,0,0,0,0,1,0.0,0.0,0.0,0.0,4379.304,1,KUCUK_TICARETHANE
1001355785.0,39.78608137,30.47094117,26013547.0,5.01,4566.223,0,0,0,0,1,0.0,0.0,0.0,0.0,4566.223,1,KUCUK_TICARETHANE
1001356150.0,39.77634184,30.52551418,26010355.0,4.34,30786.96,0,0,0,0,3,0.0,0.0,0.0,0.0,30786.96,3,ORTA_TICARETHANE
1001356245.0,39.81301397,30.44676396,26010370.0,10.13,2670.6,0,0,0,0,1,0.0,0.0,0.0,0.0,2670.6,1,KUCUK_TICARETHANE
1001356351.0,39.79173784,30.47085147,26006045.0,5.01,12874.319,0,0,0,0,1,0.0,0.0,0.0,0.0,12874.319,1,ORTA_TICARETHANE
1001356420.0,39.78583521,30.50841766,26010551.0,6.565555555555555,12860.417,0,0,0,0,9,0.0,0.0,0.0,0.0,12860.417,9,ORTA_TICARETHANE
1001357306.0,39.88157859,30.50180466,26007952.0,240.0,89377.44,0,0,1,0,0,0.0,0.0,89377.44,0.0,0.0,1,ORTA_SANAYI
1001357311.0,39.77531173,30.44822464,,3.0,75.0,0,0,0,1,0,0.0,0.0,0.0,75.0,0.0,0,TARIMSAL_SULAMA
1001357313.0,39.80045322,30.48630927,26006287.0,5.01,10066.976,0,0,0,0,1,0.0,0.0,0.0,0.0,10066.976,1,ORTA_TICARETHANE
1001357363.0,39.81064937,30.60202876,26003675.0,5.01,1103.428,0,0,0,0,1,0.0,0.0,0.0,0.0,1103.428,1,KUCUK_TICARETHANE
1001357381.0,39.79230224,30.53970513,26005435.0,3.0,37302.02,1,0,0,0,0,37302.02,0.0,0.0,0.0,0.0,0,AYDINLATMA
1001358046.0,39.78745026,30.50678111,26010552.0,6.485714285714286,107083.12599999999,0,0,0,0,7,0.0,0.0,0.0,0.0,107083.12599999999,7,ORTA_TICARETHANE
1001358320.0,39.80128773,30.59213938,26009785.0,5.01,2884.832,0,0,0,0,1,0.0,0.0,0.0,0.0,2884.832,1,KUCUK_TICARETHANE
1001358421.0,39.78465734,30.47487478,26013550.0,16.57,23694.279,0,0,0,0,1,0.0,0.0,0.0,0.0,23694.279,1,ORTA_TICARETHANE
1001358692.0,39.77953007,30.45997878,26010840.0,5.01,196.924,0,0,0,0,1,0.0,0.0,0.0,0.0,196.924,1,KUCUK_TICARETHANE
1001358758.0,39.7903254,30.52375794,26010292.0,3.67,1889.317,0,2,0,0,1,0.0,1144.922,0.0,0.0,744.395,3,KUCUK_TICARETHANE
1001358847.0,39.77907596,30.51509651,26005145.0,4.435714285714285,10811.462,0,4,0,0,3,0.0,2275.643,0.0,0.0,8535.819,7,KUCUK_TICARETHANE
1001358895.0,39.77811865,30.51669729,26005147.0,4.655,8698.687,0,3,0,0,3,0.0,603.5840000000001,0.0,0.0,8095.103,6,KUCUK_TICARETHANE
1001358904.0,39.78490037,30.46308357,26005904.0,5.01,48.191,0,0,0,0,1,0.0,0.0,0.0,0.0,48.191,1,KUCUK_TICARETHANE
1001359024.0,39.76898218,30.48012128,26010903.0,3.0,122704.559,1,0,0,0,0,122704.559,0.0,0.0,0.0,0.0,0,AYDINLATMA
1001359168.0,39.80387462,30.54428483,26002734.0,5.01,1222.3899999999999,0,0,0,1,1,0.0,0.0,0.0,992.39,230.0,1,KUCUK_TICARETHANE
1001359180.0,39.79569682,30.50806359,26010526.0,5.01,10175.79,0,0,0,0,1,0.0,0.0,0.0,0.0,10175.79,1,ORTA_TICARETHANE
1001359344.0,39.78728898,30.46839037,26010451.0,3.0,3131.9030000000002,0,0,0,0,2,0.0,0.0,0.0,0.0,3131.9030000000002,2,KUCUK_TICARETHANE
1001359402.0,39.77415595,30.54373335,26005874.0,3.0,40300.786,1,0,0,0,0,40300.786,0.0,0.0,0.0,0.0,0,AYDINLATMA
1001359710.0,39.7898372,30.54413018,26005222.0,3.0,974.0,0,0,0,0,1,0.0,0.0,0.0,0.0,974.0,1,KUCUK_TICARETHANE
1001359811.0,39.77976016,30.52410908,26005909.0,3.67,9177.279,0,2,0,0,1,0.0,2983.224,0.0,0.0,6194.055,3,KUCUK_TICARETHANE
1001360131.0,39.79405421,30.48374832,26005900.0,5.985,23905.859,0,6,0,0,4,0.0,10518.81,0.0,0.0,13387.048999999999,10,ORTA_TICARETHANE
1001360271.0,39.78856673,30.54404589,26005222.0,5.01,5176.331,0,0,0,0,1,0.0,0.0,0.0,0.0,5176.331,1,KUCUK_TICARETHANE
1001360436.0,39.77705913,30.51119619,26005188.0,5.01,7680.799,0,0,0,0,4,0.0,0.0,0.0,0.0,7680.799,4,KUCUK_TICARETHANE
1001360639.0,39.78268817,30.49037902,26006141.0,44.12,76301.42,0,0,0,0,1,0.0,0.0,0.0,0.0,76301.42,1,ORTA_TICARETHANE
1001361193.0,39.77845295,30.5162615,26005147.0,4.34,55144.03,0,2,0,0,7,0.0,1578.503,0.0,0.0,53565.527,9,ORTA_TICARETHANE
1001361236.0,39.78388061,30.47260656,26013548.0,29.1,2246.75,0,0,0,0,1,0.0,0.0,0.0,0.0,2246.75,1,ORTA_TICARETHANE
1001361288.0,39.79061853,30.48490113,26010072.0,4.5075,7217.271000000001,0,2,0,0,2,0.0,2143.54,0.0,0.0,5073.731,4,KUCUK_TICARETHANE
1001361387.0,39.79067952,30.48443062,26010072.0,4.005,5105.491,0,0,0,0,2,0.0,0.0,0.0,0.0,5105.491,2,KUCUK_TICARETHANE
1001361510.0,39.80400099,30.4966597,26010538.0,3.0,779.0,0,0,0,0,1,0.0,0.0,0.0,0.0,779.0,1,KUCUK_TICARETHANE
1001361670.0,39.77859548,30.51747175,26005146.0,4.02,7500.213,0,2,0,0,2,0.0,3053.8779999999997,0.0,0.0,4446.335,4,KUCUK_TICARETHANE
1001361927.0,39.7805361,30.46937342,26013543.0,3.0,15133.877,0,0,0,0,1,0.0,0.0,0.0,0.0,15133.877,1,ORTA_TICARETHANE
1001361959.0,39.78044634,30.4575453,26005121.0,5.665,7652.307,0,4,0,0,2,0.0,6368.163,0.0,0.0,1284.144,6,KUCUK_TICARETHANE
1001362156.0,39.7753659,30.55291264,26007722.0,5.01,13221.572,0,0,0,0,1,0.0,0.0,0.0,0.0,13221.572,1,ORTA_TICARETHANE
1001362269.0,39.79723288,30.48113559,26006125.0,4.005,19873.542,0,1,0,0,1,0.0,860.0,0.0,0.0,19013.542,2,ORTA_TICARETHANE
1001362396.0,39.79312076,30.52092925,26010290.0,3.8266666666666667,2545.4900000000002,0,2,0,0,1,0.0,2435.4900000000002,0.0,0.0,110.0,3,KUCUK_TICARETHANE
1001362442.0,39.77227453,30.46372618,26010908.0,5.01,120.231,0,0,0,0,1,0.0,0.0,0.0,0.0,120.231,1,KUCUK_TICARETHANE
1001362577.0,39.7885252,30.53553116,26005927.0,3.0,498.0,0,0,0,0,1,0.0,0.0,0.0,0.0,498.0,1,KUCUK_TICARETHANE
1001363015.0,39.77723052,30.51725074,26001519.0,8.625416666666666,702053.014,0,1,0,0,95,0.0,2504.053,0.0,0.0,699548.961,96,ORTA_TICARETHANE
1001363608.0,39.78486626,30.46947415,26013546.0,5.01,1780.0,0,0,0,0,1,0.0,0.0,0.0,0.0,1780.0,1,KUCUK_TICARETHANE
1001363637.0,39.7760018,30.51928898,26007787.0,63.7575,111854.73000000001,0,0,0,0,4,0.0,0.0,0.0,0.0,111854.73000000001,4,ORTA_TICARETHANE
1001363955.0,39.78414421,30.47346845,26013548.0,5.01,10088.152,0,0,0,0,2,0.0,0.0,0.0,0.0,10088.152,2,ORTA_TICARETHANE
1001364006.0,39.79740456,30.51094181,26010523.0,4.34,6113.406,0,0,0,0,3,0.0,0.0,0.0,0.0,6113.406,3,KUCUK_TICARETHANE
1001364434.0,39.79241396,30.46802847,26005930.0,5.01,7360.503,0,0,0,0,1,0.0,0.0,0.0,0.0,7360.503,1,KUCUK_TICARETHANE
1001364458.0,39.81880787,30.51137074,26005543.0,3.5025,5344.671,0,1,0,1,2,0.0,28.0,0.0,878.277,4438.394,3,KUCUK_TICARETHANE
1001364944.0,39.79134754,30.54494219,26005690.0,4.618,19001.331,0,2,0,0,3,0.0,2971.446,0.0,0.0,16029.885,5,ORTA_TICARETHANE
1001365120.0,39.80046365,30.4895317,26005689.0,4.005,15302.557,1,0,0,0,1,13556.017,0.0,0.0,0.0,1746.54,1,KUCUK_TICARETHANE
1001365149.0,39.77870258,30.5159766,26005145.0,5.01,6718.67,0,0,0,0,1,0.0,0.0,0.0,0.0,6718.67,1,KUCUK_TICARETHANE
1001365242.0,39.79404619,30.49002881,26006361.0,5.01,9760.728,0,0,0,0,1,0.0,0.0,0.0,0.0,9760.728,1,KUCUK_TICARETHANE
1001365298.0,39.782127,30.50688987,26010546.0,7.154117647058824,69858.406,0,1,0,0,16,0.0,927.525,0.0,0.0,68930.881,17,ORTA_TICARETHANE
1001365502.0,39.77985299,30.51555539,26006385.0,4.533333333333333,25978.35,0,8,0,0,4,0.0,14497.987,0.0,0.0,11480.363,12,ORTA_TICARETHANE
1001365611.0,39.79673067,30.59141108,26012453.0,5.01,4677.678,0,0,0,0,1,0.0,0.0,0.0,0.0,4677.678,1,KUCUK_TICARETHANE
1001365705.0,39.79934998,30.58004397,26009785.0,5.01,5757.404,0,0,0,1,1,0.0,0.0,0.0,3512.323,2245.081,1,KUCUK_TICARETHANE
1001365788.0,39.78538041,30.47520407,26010135.0,8.39,2161.0,0,0,0,0,1,0.0,0.0,0.0,0.0,2161.0,1,KUCUK_TICARETHANE
1001365844.0,39.78408324,30.51553126,26010673.0,32.25,36627.938,0,1,0,0,2,0.0,1572.627,0.0,0.0,35055.311,3,ORTA_TICARETHANE
1001366081.0,39.78684255,30.47317227,26013551.0,5.01,435.975,0,0,0,0,1,0.0,0.0,0.0,0.0,435.975,1,KUCUK_TICARETHANE
1001366230.0,39.79078874,30.48470272,26010072.0,4.34,7732.846,0,4,0,0,2,0.0,5204.846,0.0,0.0,2528.0,6,KUCUK_TICARETHANE
1001366580.0,39.77885121,30.51556302,26005145.0,28.055,54066.1,0,1,0,0,1,0.0,8.56,0.0,0.0,54057.54,2,ORTA_TICARETHANE
1001366649.0,39.81263557,30.44481822,26010370.0,8.93,5229.033,0,0,0,0,1,0.0,0.0,0.0,0.0,5229.033,1,KUCUK_TICARETHANE
1001367043.0,39.77644541,30.46930478,26010843.0,4.005,36846.509,0,1,0,0,1,0.0,5031.0,0.0,0.0,31815.509,2,ORTA_TICARETHANE
1001367511.0,39.79239995,30.52499339,26010286.0,5.01,18644.436,0,0,0,0,1,0.0,0.0,0.0,0.0,18644.436,1,ORTA_TICARETHANE
1001367558.0,39.78436004,30.4725495,26013547.0,5.01,1799.654,0,0,0,0,1,0.0,0.0,0.0,0.0,1799.654,1,KUCUK_TICARETHANE
1001368602.0,39.79201015,30.4570981,26006410.0,42.815000000000005,391952.174,0,0,0,0,2,0.0,0.0,0.0,0.0,391952.174,2,ORTA_TICARETHANE
1001368643.0,39.78852534,30.54525606,26005222.0,5.01,6946.236,0,1,0,0,1,0.0,2151.173,0.0,0.0,4795.063,2,KUCUK_TICARETHANE
1001368723.0,39.78526787,30.47417166,26013549.0,5.01,1706.0,0,0,0,0,2,0.0,0.0,0.0,0.0,1706.0,2,KUCUK_TICARETHANE
1001368872.0,39.7936433,30.47735952,26006203.0,6.13125,51575.666,0,4,0,0,4,0.0,3562.874,0.0,0.0,48012.792,8,ORTA_TICARETHANE
1001369283.0,39.80249683,30.50902809,26010520.0,5.154999999999999,2186.0,0,1,0,0,1,0.0,1647.0,0.0,0.0,539.0,2,KUCUK_TICARETHANE
1001369431.0,39.78082795,30.5135436,26005194.0,5.390000000000001,2769.698,0,1,0,0,1,0.0,763.511,0.0,0.0,2006.187,2,KUCUK_TICARETHANE
1001369466.0,39.78368364,30.51846933,26010761.0,4.34,4949.883,0,0,0,0,3,0.0,0.0,0.0,0.0,4949.883,3,KUCUK_TICARETHANE
1001369769.0,39.79237423,30.43451366,26010831.0,3.0,62873.039,1,0,0,0,0,62873.039,0.0,0.0,0.0,0.0,0,AYDINLATMA
1001369873.0,39.79741464,30.58999588,26012453.0,5.01,191.977,0,0,0,0,1,0.0,0.0,0.0,0.0,191.977,1,KUCUK_TICARETHANE
1001369995.0,39.80043315,30.49607464,26010543.0,5.01,2068.835,0,0,0,0,2,0.0,0.0,0.0,0.0,2068.835,2,KUCUK_TICARETHANE
1001370071.0,39.78295548,30.46997387,26013546.0,39.489999999999995,10382.73,0,0,0,0,2,0.0,0.0,0.0,0.0,10382.73,2,ORTA_TICARETHANE
1001370468.0,39.7755916,30.45298417,26010836.0,5.01,30.598,0,0,0,0,1,0.0,0.0,0.0,0.0,30.598,1,KUCUK_TICARETHANE
1001370515.0,39.77841994,30.51439948,26005189.0,4.5528571428571425,137439.207,0,14,0,0,7,0.0,37097.879,0.0,0.0,100341.32800000001,21,ORTA_TICARETHANE
1001370648.0,39.78560493,30.47565966,26010135.0,5.01,915.507,0,0,0,0,1,0.0,0.0,0.0,0.0,915.507,1,KUCUK_TICARETHANE
1001370933.0,39.87890102,30.49219485,26008291.0,30.0,71564.269,0,0,0,0,1,0.0,0.0,0.0,0.0,71564.269,1,ORTA_TICARETHANE
1001371054.0,39.76775771,30.47963481,26010902.0,30.32,75454.866,0,0,0,0,2,0.0,0.0,0.0,0.0,75454.866,2,ORTA_TICARETHANE
1001371288.0,39.77920214,30.51767355,26005147.0,5.01,4384.178,0,0,0,0,1,0.0,0.0,0.0,0.0,4384.178,1,KUCUK_TICARETHANE
1001371671.0,39.78253146,30.51851656,26005722.0,5.01,7496.765,0,0,0,0,2,0.0,0.0,0.0,0.0,7496.765,2,KUCUK_TICARETHANE
1001371677.0,39.77865324,30.51688757,26005147.0,97.63333333333333,260627.16199999998,0,0,0,0,3,0.0,0.0,0.0,0.0,260627.16199999998,3,ORTA_TICARETHANE
1001371741.0,39.77942956,30.51273306,26005185.0,6.2775,17046.337,0,5,0,0,3,0.0,7228.117,0.0,0.0,9818.22,8,KUCUK_TICARETHANE
1001371930.0,39.77822288,30.51751061,26005146.0,4.34,4170.982,0,0,0,0,3,0.0,0.0,0.0,0.0,4170.982,3,KUCUK_TICARETHANE
1001371990.0,39.77540588,30.5527556,26007722.0,5.01,5616.264,0,0,0,0,1,0.0,0.0,0.0,0.0,5616.264,1,KUCUK_TICARETHANE
1001372318.0,39.91193395,30.89913813,26006539.0,30.0,41897.94,0,0,0,0,1,0.0,0.0,0.0,0.0,41897.94,1,ORTA_TICARETHANE
1001372723.0,39.78881206,30.50398866,26010666.0,72.0,562260.05,0,0,1,0,0,0.0,0.0,562260.05,0.0,0.0,1,ORTA_SANAYI
1001372808.0,39.79149073,30.52918493,26013567.0,3.0,38579.263,1,0,0,0,0,38579.263,0.0,0.0,0.0,0.0,0,AYDINLATMA
1001372839.0,39.78785484,30.53487499,26005927.0,5.01,1461.915,0,2,0,0,1,0.0,706.925,0.0,0.0,754.99,3,KUCUK_TICARETHANE
1001372972.0,39.80649461,30.49360402,26010545.0,4.005,9547.996,0,0,0,2,0,0.0,0.0,0.0,9547.996,0.0,0,TARIMSAL_SULAMA
1001373045.0,39.81357484,30.44621126,26010370.0,8.99,2124.34,0,0,0,0,1,0.0,0.0,0.0,0.0,2124.34,1,KUCUK_TICARETHANE
1001373368.0,39.77996475,30.51863581,26005146.0,4.5075,19138.425,0,0,0,0,4,0.0,0.0,0.0,0.0,19138.425,4,ORTA_TICARETHANE
1001373532.0,39.77987922,30.48828807,26006139.0,4.546153846153846,22792.834,0,9,0,0,4,0.0,14587.971,0.0,0.0,8204.863000000001,13,KUCUK_TICARETHANE
1001373613.0,39.79027882,30.52304747,26010292.0,4.675,10243.344,0,4,0,0,2,0.0,5164.768,0.0,0.0,5078.576,6,KUCUK_TICARETHANE
1001373852.0,39.81296414,30.37751321,26007423.0,97.5,114702.78,0,0,0,0,2,0.0,0.0,0.0,0.0,114702.78,2,ORTA_TICARETHANE
1001374409.0,39.78331415,30.51160796,26010685.0,5.01,59494.147,0,0,0,0,2,0.0,0.0,0.0,0.0,59494.147,2,ORTA_TICARETHANE
1001374472.0,39.77813032,30.51699314,26005146.0,4.005,1428.175,0,1,0,0,1,0.0,126.685,0.0,0.0,1301.49,2,KUCUK_TICARETHANE
1001375041.0,39.79863132,30.48268887,26006125.0,3.0,1618.226,0,0,0,0,1,0.0,0.0,0.0,0.0,1618.226,1,KUCUK_TICARETHANE
1001375111.0,39.78307051,30.47722957,26001518.0,5.01,1509.0,0,0,0,0,1,0.0,0.0,0.0,0.0,1509.0,1,KUCUK_TICARETHANE
1001375227.0,39.78708096,30.52619795,26013564.0,4.005,6397.112,0,0,0,0,4,0.0,0.0,0.0,0.0,6397.112,4,KUCUK_TICARETHANE
1001375310.0,39.78351185,30.48173556,26006000.0,3.0,19583.851,1,0,0,0,0,19583.851,0.0,0.0,0.0,0.0,0,AYDINLATMA
1001375356.0,39.77579353,30.46872045,26010843.0,3.0,539.352,0,0,0,0,1,0.0,0.0,0.0,0.0,539.352,1,KUCUK_TICARETHANE
1001375695.0,39.78452791,30.46823362,26013546.0,43.2,2208.0,0,0,0,0,1,0.0,0.0,0.0,0.0,2208.0,1,ORTA_TICARETHANE
1001375736.0,39.78830128,30.51900787,26010679.0,38.57,40026.54,0,0,0,0,1,0.0,0.0,0.0,0.0,40026.54,1,ORTA_TICARETHANE
1001375783.0,39.81505782,30.49390119,26005126.0,5.01,5175.064,0,0,0,1,0,0.0,0.0,0.0,5175.064,0.0,0,TARIMSAL_SULAMA
1001375825.0,39.78881081,30.46449886,26010456.0,3.0,14817.166,1,0,0,0,0,14817.166,0.0,0.0,0.0,0.0,0,AYDINLATMA
1001376471.0,39.77431683,30.53031594,26005713.0,4.34,10458.67,0,4,0,0,2,0.0,6322.67,0.0,0.0,4136.0,6,KUCUK_TICARETHANE
1001376763.0,39.77658142,30.55099196,26007722.0,5.01,50.857,0,0,0,0,1,0.0,0.0,0.0,0.0,50.857,1,KUCUK_TICARETHANE
1001376871.0,39.7844188,30.46934138,26013546.0,10.5,2279.438,0,0,0,0,1,0.0,0.0,0.0,0.0,2279.438,1,KUCUK_TICARETHANE
1001376938.0,39.79016437,30.52038,26010590.0,34.35,37585.346000000005,0,0,0,0,2,0.0,0.0,0.0,0.0,37585.346000000005,2,ORTA_TICARETHANE
1001376940.0,39.78274919,30.46340087,26005904.0,5.01,4016.142,0,0,0,0,1,0.0,0.0,0.0,0.0,4016.142,1,KUCUK_TICARETHANE
1001377112.0,39.79565421,30.48618092,26005900.0,5.613333333333333,53474.258,0,1,0,0,2,0.0,1996.147,0.0,0.0,51478.111,3,ORTA_TICARETHANE
1001377183.0,39.77900888,30.53057391,26006179.0,3.0,17651.827,1,0,0,0,0,17651.827,0.0,0.0,0.0,0.0,0,AYDINLATMA
1001377212.0,39.7918247,30.52647393,26013568.0,45.0,32203.5,0,0,0,0,1,0.0,0.0,0.0,0.0,32203.5,1,ORTA_TICARETHANE
1001377259.0,39.76695508,30.46840761,26010913.0,3.0,2827.395,0,1,0,0,1,0.0,2010.395,0.0,0.0,817.0,2,KUCUK_TICARETHANE
1001377305.0,39.80288264,30.53651494,,17.265,5819.829,0,0,0,0,2,0.0,0.0,0.0,0.0,5819.829,2,ORTA_TICARETHANE
1001377412.0,39.80023962,30.5538276,26009783.0,5.01,4360.136,0,0,0,1,0,0.0,0.0,0.0,4360.136,0.0,0,TARIMSAL_SULAMA
1001377879.0,39.83045653,30.50453755,26006466.0,3.795,30846.688000000002,1,1,0,2,2,22408.72,157.861,0.0,1952.762,6327.345,3,KUCUK_TICARETHANE
1001378370.0,39.81200649,30.43343179,26010376.0,15.0,6287.45,0,0,0,0,1,0.0,0.0,0.0,0.0,6287.45,1,KUCUK_TICARETHANE
1001378511.0,39.8120017,30.44830194,26010370.0,102.33333333333333,134983.274,0,0,0,0,3,0.0,0.0,0.0,0.0,134983.274,3,ORTA_TICARETHANE
1001378528.0,39.78611216,30.51471733,26010675.0,5.441111111111111,15440.09,0,5,0,0,13,0.0,4412.192,0.0,0.0,11027.898,18,ORTA_TICARETHANE
1001378615.0,39.7819011,30.47050103,26010805.0,3.0,2552.431,0,0,0,0,2,0.0,0.0,0.0,0.0,2552.431,2,KUCUK_TICARETHANE
1001379265.0,39.78626819,30.47269846,26013551.0,5.01,4119.096,0,0,0,0,1,0.0,0.0,0.0,0.0,4119.096,1,KUCUK_TICARETHANE
1001379554.0,39.79196567,30.48389463,26010072.0,5.6425,63483.412,0,10,0,0,6,0.0,13868.956,0.0,0.0,49614.456,16,ORTA_TICARETHANE
1001380124.0,39.79560963,30.51528084,26010517.0,8.93,12693.304,0,0,0,0,1,0.0,0.0,0.0,0.0,12693.304,1,ORTA_TICARETHANE
1001380145.0,39.78620201,30.47456502,26013549.0,5.01,1975.0,0,0,0,0,1,0.0,0.0,0.0,0.0,1975.0,1,KUCUK_TICARETHANE
1001380272.0,39.77970973,30.51451772,26005145.0,12.653333333333334,124109.76999999999,0,0,0,0,3,0.0,0.0,0.0,0.0,124109.76999999999,3,ORTA_TICARETHANE
1001380306.0,39.80194425,30.50204481,26010537.0,5.01,42129.506,0,0,0,0,1,0.0,0.0,0.0,0.0,42129.506,1,ORTA_TICARETHANE
1001380360.0,39.78650951,30.47254258,26013551.0,5.01,479.0,0,0,0,0,1,0.0,0.0,0.0,0.0,479.0,1,KUCUK_TICARETHANE
1001380491.0,39.78893124,30.46899843,26010451.0,5.44,18308.892,0,0,0,0,1,0.0,0.0,0.0,0.0,18308.892,1,ORTA_TICARETHANE
1001380530.0,39.78284651,30.46799058,26013545.0,8.64,4757.769,0,0,0,0,1,0.0,0.0,0.0,0.0,4757.769,1,KUCUK_TICARETHANE
1001380719.0,39.78261522,30.5182829,26010314.0,5.01,4199.492,0,1,0,0,1,0.0,1881.291,0.0,0.0,2318.201,2,KUCUK_TICARETHANE
1001381005.0,39.79474508,30.48341005,26005900.0,3.67,3709.2309999999998,0,1,0,0,2,0.0,2303.875,0.0,0.0,1405.356,3,KUCUK_TICARETHANE
1001381006.0,39.77391709,30.55741333,26006488.0,101.32,16898.05,0,0,0,0,1,0.0,0.0,0.0,0.0,16898.05,1,ORTA_TICARETHANE
1001381044.0,39.78087793,30.45981675,26010101.0,5.714,12928.343,0,3,0,0,2,0.0,2302.7470000000003,0.0,0.0,10625.596000000001,5,ORTA_TICARETHANE
1001381210.0,39.78988112,30.47035638,26010452.0,7.405,18828.067,0,0,0,0,6,0.0,0.0,0.0,0.0,18828.067,6,ORTA_TICARETHANE
1001381417.0,39.78581521,30.47158032,26013551.0,5.01,2065.0,0,0,0,0,1,0.0,0.0,0.0,0.0,2065.0,1,KUCUK_TICARETHANE
1001381569.0,39.79460649,30.50031879,26010533.0,5.01,5559.036,0,2,0,0,1,0.0,1559.0,0.0,0.0,4000.036,3,KUCUK_TICARETHANE
1001381577.0,39.78551343,30.50921783,26010551.0,5.965641025641026,73020.785,0,1,0,0,38,0.0,1041.986,0.0,0.0,71978.799,39,ORTA_TICARETHANE
1001381699.0,39.78323896,30.47402673,26013550.0,10.21,1714.316,0,0,0,0,1,0.0,0.0,0.0,0.0,1714.316,1,KUCUK_TICARETHANE
1001382189.0,39.78291494,30.47332887,26010805.0,11.146666666666667,44316.094,0,0,0,0,3,0.0,0.0,0.0,0.0,44316.094,3,ORTA_TICARETHANE
1001382246.0,39.78398511,30.50898675,26010549.0,5.01,66048.541,1,0,0,0,1,40882.764,0.0,0.0,0.0,25165.777,1,ORTA_TICARETHANE
1001382338.0,39.80111594,30.50998392,26010521.0,5.01,251.208,0,0,0,0,1,0.0,0.0,0.0,0.0,251.208,1,KUCUK_TICARETHANE
1001382410.0,39.79693261,30.32291412,26008051.0,15.0,77303.688,0,0,0,0,1,0.0,0.0,0.0,0.0,77303.688,1,ORTA_TICARETHANE
1001382503.0,39.81134693,30.4951506,26010538.0,9.16,9412.726,0,0,0,0,1,0.0,0.0,0.0,0.0,9412.726,1,KUCUK_TICARETHANE
1001382626.0,39.80278527,30.44119577,26006695.0,1350.0,5298666.0,0,0,1,0,0,0.0,0.0,5298666.0,0.0,0.0,1,BUYUK_SANAYI
1001382852.0,39.77925527,30.47875771,26005698.0,5.01,134.516,0,0,0,0,1,0.0,0.0,0.0,0.0,134.516,1,KUCUK_TICARETHANE
1001383005.0,39.78132955,30.48810137,26006141.0,48.45,147437.28,0,0,0,0,1,0.0,0.0,0.0,0.0,147437.28,1,ORTA_TICARETHANE
1001383153.0,39.79239811,30.48004061,26006046.0,8.96,13420.309,0,0,0,0,1,0.0,0.0,0.0,0.0,13420.309,1,ORTA_TICARETHANE
1001383205.0,39.78046056,30.47037358,26010805.0,8.43,10917.416,0,0,0,0,1,0.0,0.0,0.0,0.0,10917.416,1,ORTA_TICARETHANE
1001383228.0,39.78729976,30.54667897,26006050.0,4.005,7555.602,0,1,0,0,1,0.0,5271.009,0.0,0.0,2284.593,2,KUCUK_TICARETHANE
1001383267.0,39.81275083,30.4452631,26010370.0,10.13,11173.715,0,0,0,0,1,0.0,0.0,0.0,0.0,11173.715,1,ORTA_TICARETHANE
1001383290.0,39.78941408,30.4698766,26010451.0,5.836153846153847,24454.408000000003,0,9,0,0,4,0.0,13564.781,0.0,0.0,10889.627,13,ORTA_TICARETHANE
1001383305.0,39.7963993,30.52608145,26013572.0,48.03,39061.11,0,0,0,0,1,0.0,0.0,0.0,0.0,39061.11,1,ORTA_TICARETHANE
1001383529.0,39.78685273,30.52553345,26013564.0,5.01,2734.0,0,0,0,0,1,0.0,0.0,0.0,0.0,2734.0,1,KUCUK_TICARETHANE
1001383653.0,39.77758378,30.51639696,26005192.0,6.406666666666666,78251.987,0,7,0,0,5,0.0,10274.128,0.0,0.0,67977.859,12,ORTA_TICARETHANE
1001383883.0,39.77799976,30.51855985,26005146.0,5.01,11200.706,0,0,0,0,1,0.0,0.0,0.0,0.0,11200.706,1,ORTA_TICARETHANE
1001384325.0,39.79128901,30.46922609,26010450.0,5.0,2533.242,1,0,0,0,0,2533.242,0.0,0.0,0.0,0.0,0,AYDINLATMA
1001384363.0,39.78752464,30.46308874,26010197.0,3.0,3516.316,1,0,0,0,0,3516.316,0.0,0.0,0.0,0.0,0,AYDINLATMA
1001385032.0,39.77887199,30.47305648,26010847.0,5.6,2537.5370000000003,0,1,0,0,1,0.0,2519.007,0.0,0.0,18.53,2,KUCUK_TICARETHANE
1001385193.0,39.78414326,30.4657721,26013544.0,5.01,8108.344,0,0,0,0,1,0.0,0.0,0.0,0.0,8108.344,1,KUCUK_TICARETHANE
1001385270.0,39.78301066,30.46929475,26013546.0,3.0,1990.0,0,0,0,0,1,0.0,0.0,0.0,0.0,1990.0,1,KUCUK_TICARETHANE
1001385274.0,39.7844477,30.52131691,26006026.0,3.5742857142857143,6074.0740000000005,0,4,0,0,3,0.0,4856.936,0.0,0.0,1217.138,7,KUCUK_TICARETHANE
1001385400.0,39.79184095,30.47331068,26006045.0,5.01,2026.935,0,0,0,0,1,0.0,0.0,0.0,0.0,2026.935,1,KUCUK_TICARETHANE
1001385416.0,39.78919273,30.46981177,26010451.0,5.01,4038.351,0,1,0,0,1,0.0,1458.48,0.0,0.0,2579.871,2,KUCUK_TICARETHANE
1001385612.0,39.78289513,30.46528133,26005120.0,4.206,3192.674,0,3,0,0,2,0.0,3075.946,0.0,0.0,116.728,5,KUCUK_TICARETHANE
1001385621.0,39.79861467,30.47762613,26006286.0,3.06,5708.969,0,0,0,0,1,0.0,0.0,0.0,0.0,5708.969,1,KUCUK_TICARETHANE
1001385641.0,39.79168133,30.47105485,26006045.0,4.91,11563.287,0,4,0,0,2,0.0,5978.648999999999,0.0,0.0,5584.638,6,KUCUK_TICARETHANE
1001385858.0,39.78481951,30.48295197,26006000.0,5.01,47139.544,0,0,0,0,1,0.0,0.0,0.0,0.0,47139.544,1,ORTA_TICARETHANE
1001385896.0,39.77714554,30.52765327,26006473.0,5.01,1008.969,0,0,0,0,1,0.0,0.0,0.0,0.0,1008.969,1,KUCUK_TICARETHANE
1001385959.0,39.78036457,30.51419823,26005145.0,77.02666666666666,190357.16,0,0,0,0,3,0.0,0.0,0.0,0.0,190357.16,3,ORTA_TICARETHANE
1001386050.0,39.79679412,30.52543586,26013572.0,5.01,9944.673,1,0,0,0,0,9944.673,0.0,0.0,0.0,0.0,0,AYDINLATMA
1001386099.0,39.77631856,30.52087684,26005910.0,4.34,6587.891,0,2,0,0,1,0.0,732.0,0.0,0.0,5855.891,3,KUCUK_TICARETHANE
1001386117.0,39.78048767,30.51839883,26006215.0,4.116666666666666,8668.336,0,6,0,0,3,0.0,5227.868,0.0,0.0,3440.468,9,KUCUK_TICARETHANE
1001386298.0,39.78523603,30.47554592,26013550.0,38.4,17295.48,0,0,0,0,1,0.0,0.0,0.0,0.0,17295.48,1,ORTA_TICARETHANE
1001386543.0,39.78397073,30.47335298,26013548.0,5.01,2084.284,0,0,0,0,1,0.0,0.0,0.0,0.0,2084.284,1,KUCUK_TICARETHANE
1001386635.0,39.82356146,30.51570715,26004551.0,5.01,9119.12,0,0,0,1,0,0.0,0.0,0.0,9119.12,0.0,0,TARIMSAL_SULAMA
1001386863.0,39.78834435,30.48443736,26005892.0,5.01,25999.407,0,0,0,0,1,0.0,0.0,0.0,0.0,25999.407,1,ORTA_TICARETHANE
1001386880.0,39.76818702,30.47954515,26010902.0,11.72,15845.126,0,0,0,0,1,0.0,0.0,0.0,0.0,15845.126,1,ORTA_TICARETHANE
1001386902.0,39.77903797,30.52333574,26006453.0,5.01,15452.775,0,0,0,0,3,0.0,0.0,0.0,0.0,15452.775,3,ORTA_TICARETHANE
1001387021.0,39.77661132,30.52152867,26005723.0,5.01,2819.564,0,0,0,0,1,0.0,0.0,0.0,0.0,2819.564,1,KUCUK_TICARETHANE
1001387365.0,39.77631416,30.52090089,26005910.0,5.01,39787.616,0,0,0,0,1,0.0,0.0,0.0,0.0,39787.616,1,ORTA_TICARETHANE
1001387836.0,39.79832904,30.50040071,26010536.0,5.01,215.0,0,0,0,0,1,0.0,0.0,0.0,0.0,215.0,1,KUCUK_TICARETHANE
1001387875.0,39.78595884,30.63642585,26006815.0,30.0,12050.26,0,0,0,0,1,0.0,0.0,0.0,0.0,12050.26,1,ORTA_TICARETHANE
1001388100.0,39.76800175,30.47997618,26010902.0,3.0,21743.429,0,0,0,0,1,0.0,0.0,0.0,0.0,21743.429,1,ORTA_TICARETHANE
1001388105.0,39.80660766,30.49926869,26010538.0,5.01,500.866,0,0,0,0,1,0.0,0.0,0.0,0.0,500.866,1,KUCUK_TICARETHANE
1001388215.0,39.77786617,30.52264486,26006453.0,4.6445454545454545,14738.017,0,7,0,0,4,0.0,6812.22,0.0,0.0,7925.7970000000005,11,KUCUK_TICARETHANE
1001388239.0,39.80171415,30.57977624,26009785.0,5.01,10639.469,0,0,0,1,0,0.0,0.0,0.0,10639.469,0.0,0,TARIMSAL_SULAMA
1001388406.0,39.77861931,30.45890767,26010136.0,3.0,29893.112,1,0,0,0,0,29893.112,0.0,0.0,0.0,0.0,0,AYDINLATMA
1001388644.0,39.77588465,30.5207105,26005910.0,5.01,713.554,0,0,0,0,1,0.0,0.0,0.0,0.0,713.554,1,KUCUK_TICARETHANE
1001388729.0,39.80187719,30.45460011,26005256.0,3.0,262.0,0,0,0,1,0,0.0,0.0,0.0,262.0,0.0,0,TARIMSAL_SULAMA
1001389078.0,39.79425957,30.48695978,26005901.0,5.01,12501.069,0,0,0,0,1,0.0,0.0,0.0,0.0,12501.069,1,ORTA_TICARETHANE
1001389118.0,39.77275513,30.45818312,26010909.0,5.01,559.002,0,1,0,0,1,0.0,472.0,0.0,0.0,87.002,2,KUCUK_TICARETHANE
1001389385.0,39.7711428,30.47781634,26010904.0,9.0,54986.327,1,0,0,0,0,54986.327,0.0,0.0,0.0,0.0,0,AYDINLATMA
1001389475.0,39.77542072,30.52119677,26005723.0,4.005,6810.946,0,0,0,0,2,0.0,0.0,0.0,0.0,6810.946,2,KUCUK_TICARETHANE
1001389499.0,39.78101668,30.51182964,26010671.0,4.56,13204.121,1,0,0,0,0,13204.121,0.0,0.0,0.0,0.0,0,AYDINLATMA
1001389778.0,39.79003497,30.4753696,26005994.0,5.01,11906.035,0,0,0,0,1,0.0,0.0,0.0,0.0,11906.035,1,ORTA_TICARETHANE
1001389781.0,39.79381367,30.48854865,26005901.0,4.8340000000000005,5199.539,0,3,0,0,2,0.0,1280.714,0.0,0.0,3918.825,5,KUCUK_TICARETHANE
1001390423.0,39.78185132,30.44738989,26010827.0,5.01,8559.031,0,0,0,0,1,0.0,0.0,0.0,0.0,8559.031,1,KUCUK_TICARETHANE
1001390442.0,39.79106231,30.48394699,26010072.0,5.01,2605.0,0,0,0,0,1,0.0,0.0,0.0,0.0,2605.0,1,KUCUK_TICARETHANE
1001390497.0,39.77655727,30.52057446,26005910.0,5.01,1005.738,0,0,0,0,1,0.0,0.0,0.0,0.0,1005.738,1,KUCUK_TICARETHANE
1001391101.0,39.78394299,30.48684682,26006002.0,5.01,2162.717,1,0,0,0,0,2162.717,0.0,0.0,0.0,0.0,0,AYDINLATMA
1001391178.0,39.78881525,30.4620631,26010197.0,96.54,140554.08,0,0,0,0,1,0.0,0.0,0.0,0.0,140554.08,1,ORTA_TICARETHANE
1001391441.0,39.77973629,30.51585626,26006385.0,5.145714285714285,36029.388,0,0,0,0,7,0.0,0.0,0.0,0.0,36029.388,7,ORTA_TICARETHANE
1001391477.0,39.79606629,30.44299939,26010696.0,11.1,2411.919,0,0,0,0,1,0.0,0.0,0.0,0.0,2411.919,1,KUCUK_TICARETHANE
1001391772.0,39.80176776,30.49004115,26010545.0,3.0,1724.589,0,0,0,0,1,0.0,0.0,0.0,0.0,1724.589,1,KUCUK_TICARETHANE
1001391801.0,39.78719642,30.47430717,26013551.0,3.0,3550.673,0,0,0,0,2,0.0,0.0,0.0,0.0,3550.673,2,KUCUK_TICARETHANE
1001391892.0,39.79676347,30.49427853,26010541.0,5.1224,19627.375,0,6,0,0,19,0.0,11753.046,0.0,0.0,7874.329,25,KUCUK_TICARETHANE
1001392286.0,39.79225588,30.44881936,26005952.0,5.01,1946.0,0,0,0,0,1,0.0,0.0,0.0,0.0,1946.0,1,KUCUK_TICARETHANE
1001392401.0,39.78277165,30.4700591,26013546.0,8.09,2460.921,0,0,0,0,1,0.0,0.0,0.0,0.0,2460.921,1,KUCUK_TICARETHANE
1001392607.0,39.77771774,30.51173286,26005188.0,8.71,27372.202,0,0,0,0,2,0.0,0.0,0.0,0.0,27372.202,2,ORTA_TICARETHANE
1001392652.0,39.81697234,30.50409647,26005543.0,3.656,33532.527,1,2,0,0,2,28369.699,1635.705,0.0,0.0,3527.123,4,KUCUK_TICARETHANE
1001393021.0,39.76704793,30.40368511,26000805.0,105.0,397654.48,0,1,0,0,1,0.0,62518.38,0.0,0.0,335136.1,2,ORTA_TICARETHANE
1001393112.0,39.78557608,30.51954722,26006025.0,4.206,4787.322,0,3,0,0,2,0.0,4077.2599999999998,0.0,0.0,710.062,5,KUCUK_TICARETHANE
1001393369.0,39.80122859,30.49766667,26010539.0,5.9775,2768.823,0,2,0,0,2,0.0,930.2099999999999,0.0,0.0,1838.6129999999998,4,KUCUK_TICARETHANE
1001393377.0,39.78387294,30.46755585,26013545.0,7.8,2226.0,0,0,0,0,1,0.0,0.0,0.0,0.0,2226.0,1,KUCUK_TICARETHANE
1001393393.0,39.78324814,30.47683106,26001518.0,3.67,2123.0,0,0,0,0,3,0.0,0.0,0.0,0.0,2123.0,3,KUCUK_TICARETHANE
1001393547.0,39.7849735,30.4674107,26013544.0,8.844999999999999,4353.981,0,0,0,0,2,0.0,0.0,0.0,0.0,4353.981,2,KUCUK_TICARETHANE
1001393853.0,39.78071106,30.51891588,26005726.0,3.0,1008.0,0,0,0,0,1,0.0,0.0,0.0,0.0,1008.0,1,KUCUK_TICARETHANE
1001393855.0,39.90864423,30.84807033,26008441.0,15.0,69532.198,0,0,0,0,1,0.0,0.0,0.0,0.0,69532.198,1,ORTA_TICARETHANE
1001393861.0,39.77588518,30.52044013,26005723.0,5.01,4829.403,0,0,0,0,1,0.0,0.0,0.0,0.0,4829.403,1,KUCUK_TICARETHANE
1001394314.0,39.80968411,30.58221571,26005231.0,6.82,341.813,0,0,0,1,0,0.0,0.0,0.0,341.813,0.0,0,TARIMSAL_SULAMA
1001394643.0,39.80569221,30.54280059,26002734.0,5.01,680.568,0,0,0,0,1,0.0,0.0,0.0,0.0,680.568,1,KUCUK_TICARETHANE
1001394779.0,39.79344643,30.53628663,26005230.0,3.0,32784.278,1,0,0,0,0,32784.278,0.0,0.0,0.0,0.0,0,AYDINLATMA
1001394784.0,39.7781603,30.51789037,26005146.0,5.01,12362.897,0,2,0,0,2,0.0,10874.715,0.0,0.0,1488.182,4,KUCUK_TICARETHANE
1001394847.0,39.77835908,30.5155961,26005195.0,5.74952380952381,308953.39300000004,0,9,0,0,33,0.0,13700.454,0.0,0.0,295252.939,42,ORTA_TICARETHANE
1001394878.0,39.77986524,30.51207319,26005185.0,5.99,6340.888,0,0,0,0,2,0.0,0.0,0.0,0.0,6340.888,2,KUCUK_TICARETHANE
1001394882.0,39.770119,30.46151846,26010898.0,68.86,160166.2,0,0,0,0,1,0.0,0.0,0.0,0.0,160166.2,1,ORTA_TICARETHANE
1001394905.0,39.78936503,30.53024641,26013566.0,5.01,160.008,0,0,0,0,1,0.0,0.0,0.0,0.0,160.008,1,KUCUK_TICARETHANE
1001394949.0,39.79083157,30.50833367,26010664.0,12.04,10865.446,0,0,0,0,2,0.0,0.0,0.0,0.0,10865.446,2,ORTA_TICARETHANE
1001394990.0,39.77876327,30.46378504,26010841.0,3.0,196.018,0,0,0,0,1,0.0,0.0,0.0,0.0,196.018,1,KUCUK_TICARETHANE
1001395197.0,39.80795806,30.57065231,26005234.0,5.01,10457.921,0,0,0,1,1,0.0,0.0,0.0,9211.476,1246.445,1,KUCUK_TICARETHANE
1001395315.0,39.79732377,30.49764345,26010534.0,4.34,8427.289,0,2,0,0,1,0.0,3972.237,0.0,0.0,4455.052,3,KUCUK_TICARETHANE
1001395521.0,39.78895276,30.53955379,26005434.0,5.01,926.0,0,0,0,0,1,0.0,0.0,0.0,0.0,926.0,1,KUCUK_TICARETHANE
1001396377.0,39.81331247,30.44594518,26010370.0,8.78,6150.509,0,0,0,0,1,0.0,0.0,0.0,0.0,6150.509,1,KUCUK_TICARETHANE
1001396686.0,39.79921054,30.49951519,26010535.0,4.005,3209.331,0,1,0,0,1,0.0,2161.915,0.0,0.0,1047.416,2,KUCUK_TICARETHANE
1001396715.0,39.78410563,30.47700816,26010135.0,5.01,14136.686,0,0,0,0,1,0.0,0.0,0.0,0.0,14136.686,1,ORTA_TICARETHANE
1001397093.0,39.77084064,30.44049351,26000181.0,6.0,1897.976,0,0,0,0,1,0.0,0.0,0.0,0.0,1897.976,1,KUCUK_TICARETHANE
1001397364.0,39.79094543,30.48397397,26010072.0,4.205,3091.6,0,1,0,0,1,0.0,1865.6,0.0,0.0,1226.0,2,KUCUK_TICARETHANE
1001397461.0,39.78964732,30.51634546,26010678.0,5.104285714285714,27405.864,0,4,0,0,3,0.0,6655.109,0.0,0.0,20750.755,7,ORTA_TICARETHANE
1001397661.0,39.7952961,30.57210113,26005236.0,5.01,10258.686,0,0,0,1,1,0.0,0.0,0.0,9783.394,475.292,1,KUCUK_TICARETHANE
1001398275.0,39.76718971,30.46843802,26010913.0,3.0,5643.519,0,0,0,0,2,0.0,0.0,0.0,0.0,5643.519,2,KUCUK_TICARETHANE
1001398574.0,39.78494445,30.47061658,26013547.0,3.0,3662.0,0,0,0,0,2,0.0,0.0,0.0,0.0,3662.0,2,KUCUK_TICARETHANE
1001398592.0,39.79188915,30.45794409,26006410.0,3.0,5601.436,1,0,0,0,0,5601.436,0.0,0.0,0.0,0.0,0,AYDINLATMA
1001398763.0,39.77833867,30.51769938,26005146.0,6.07423076923077,41659.267,0,16,0,0,10,0.0,17900.679,0.0,0.0,23758.588,26,ORTA_TICARETHANE
1001398850.0,39.78557788,30.47175191,26013548.0,5.01,2310.682,0,0,0,0,1,0.0,0.0,0.0,0.0,2310.682,1,KUCUK_TICARETHANE
1001398908.0,39.78241308,30.46171075,26005903.0,3.927692307692308,15767.082999999999,0,9,0,0,4,0.0,12228.179,0.0,0.0,3538.904,13,KUCUK_TICARETHANE
1001399264.0,39.78775501,30.48261814,26006181.0,7.739999999999999,28171.347,0,2,0,0,1,0.0,2735.393,0.0,0.0,25435.954,3,ORTA_TICARETHANE
1001399427.0,39.78058014,30.46003876,26010101.0,6.95,2625.448,0,0,0,0,1,0.0,0.0,0.0,0.0,2625.448,1,KUCUK_TICARETHANE
1001399780.0,39.78242083,30.51222752,26010671.0,5.01,2060.961,0,0,0,0,1,0.0,0.0,0.0,0.0,2060.961,1,KUCUK_TICARETHANE
1001399820.0,39.77793312,30.51968305,26006230.0,5.01,5084.699,0,0,0,0,1,0.0,0.0,0.0,0.0,5084.699,1,KUCUK_TICARETHANE
1001400231.0,39.79445849,30.47937552,26010385.0,5.01,1272.395,1,0,0,0,0,1272.395,0.0,0.0,0.0,0.0,0,AYDINLATMA
1001400239.0,39.77763528,30.52957807,26007307.0,5.01,2541.0,0,0,0,0,1,0.0,0.0,0.0,0.0,2541.0,1,KUCUK_TICARETHANE
1001400347.0,39.78861072,30.48440329,26005892.0,4.608,7069.5869999999995,0,0,0,0,5,0.0,0.0,0.0,0.0,7069.5869999999995,5,KUCUK_TICARETHANE
1001400626.0,39.77587703,30.51961263,26005890.0,5.2551851851851845,38298.333,0,0,0,0,27,0.0,0.0,0.0,0.0,38298.333,27,ORTA_TICARETHANE
1001400868.0,39.77656885,30.45031943,26010834.0,3.0,5905.456,0,2,0,0,1,0.0,3719.456,0.0,0.0,2186.0,3,KUCUK_TICARETHANE
1001401030.0,39.79156756,30.48438808,26010072.0,5.01,2989.16,0,1,0,0,1,0.0,2037.438,0.0,0.0,951.722,2,KUCUK_TICARETHANE
1001401100.0,39.77707439,30.52379116,26005700.0,5.54,20734.189,0,4,0,0,2,0.0,5081.249,0.0,0.0,15652.94,6,ORTA_TICARETHANE
1001401446.0,39.7752592,30.53021418,26005713.0,3.0,34974.301,1,0,0,0,1,34645.301,0.0,0.0,0.0,329.0,1,KUCUK_TICARETHANE
1001401514.0,39.77420017,30.56789315,,3780.0,7006877.55,0,0,1,0,0,0.0,0.0,7006877.55,0.0,0.0,1,BUYUK_SANAYI
1001402467.0,39.72414898,30.27161224,26008313.0,30.0,20878.86,0,0,0,1,0,0.0,0.0,0.0,20878.86,0.0,0,TARIMSAL_SULAMA
1001402482.0,39.78340018,30.46778739,26013545.0,54.45,3331.95,0,0,0,0,1,0.0,0.0,0.0,0.0,3331.95,1,ORTA_TICARETHANE
1001402655.0,39.78391053,30.47568506,26013550.0,9.705,7203.904,0,0,0,0,2,0.0,0.0,0.0,0.0,7203.904,2,KUCUK_TICARETHANE
1001402673.0,39.78865645,30.53194273,26005883.0,5.91,4444.528,0,2,0,0,1,0.0,3428.239,0.0,0.0,1016.289,3,KUCUK_TICARETHANE
1001402799.0,39.7915654,30.54217937,26005443.0,5.01,2049.946,0,0,0,0,1,0.0,0.0,0.0,0.0,2049.946,1,KUCUK_TICARETHANE
1001403025.0,39.7902098,30.50979366,26010667.0,5.694705882352942,8975.753,0,4,0,0,13,0.0,2574.067,0.0,0.0,6401.686,17,KUCUK_TICARETHANE
1001403055.0,39.77959229,30.52346168,26005911.0,3.93,53145.402,1,2,0,0,8,28489.239,9271.277,0.0,0.0,15384.885999999999,10,ORTA_TICARETHANE
1001403078.0,39.79470957,30.48407749,26005900.0,5.01,3024.819,0,0,0,0,1,0.0,0.0,0.0,0.0,3024.819,1,KUCUK_TICARETHANE
1001403115.0,39.77816712,30.51158585,26005185.0,6.533333333333334,17882.873,0,4,0,0,2,0.0,6861.722,0.0,0.0,11021.151,6,ORTA_TICARETHANE
1001403659.0,39.80079233,30.48277357,26006287.0,3.0,117.0,0,0,0,0,1,0.0,0.0,0.0,0.0,117.0,1,KUCUK_TICARETHANE
1001403768.0,39.79631282,30.53602398,26005693.0,3.0,1950.0,0,0,0,0,1,0.0,0.0,0.0,0.0,1950.0,1,KUCUK_TICARETHANE
1001404012.0,39.79484759,30.50816122,26010526.0,4.206,38582.407999999996,0,3,0,0,2,0.0,3377.886,0.0,0.0,35204.522,5,ORTA_TICARETHANE
1001404051.0,39.78118327,30.51873746,26005726.0,5.01,4949.172,0,0,0,0,1,0.0,0.0,0.0,0.0,4949.172,1,KUCUK_TICARETHANE
1001404119.0,39.78614657,30.5240727,26006026.0,5.01,10136.987,0,0,0,0,1,0.0,0.0,0.0,0.0,10136.987,1,ORTA_TICARETHANE
1001404127.0,39.78261296,30.4726354,26010805.0,11.91,6615.946,0,0,0,0,1,0.0,0.0,0.0,0.0,6615.946,1,KUCUK_TICARETHANE
1001404366.0,39.77778725,30.51652253,26005192.0,5.511785714285714,86094.551,0,4,0,0,24,0.0,4862.998,0.0,0.0,81231.553,28,ORTA_TICARETHANE
1001404753.0,39.7896335,30.46721788,26010451.0,5.01,5614.897,0,0,0,0,1,0.0,0.0,0.0,0.0,5614.897,1,KUCUK_TICARETHANE
1001404891.0,39.8031511,30.49590901,26010538.0,5.01,9603.0,0,0,0,0,1,0.0,0.0,0.0,0.0,9603.0,1,KUCUK_TICARETHANE
1001405084.0,39.78388288,30.51541274,26010673.0,3.0,56415.782,1,0,0,0,0,56415.782,0.0,0.0,0.0,0.0,0,AYDINLATMA
1001405122.0,39.78139876,30.46936693,26013543.0,5.01,8207.0,0,0,0,0,1,0.0,0.0,0.0,0.0,8207.0,1,KUCUK_TICARETHANE
1001405241.0,39.77714085,30.5209448,26005910.0,5.01,2102.5879999999997,0,0,0,0,3,0.0,0.0,0.0,0.0,2102.5879999999997,3,KUCUK_TICARETHANE
1001405450.0,39.78659669,30.47420017,26013551.0,5.01,1778.579,0,0,0,0,1,0.0,0.0,0.0,0.0,1778.579,1,KUCUK_TICARETHANE
1001405675.0,39.78388879,30.46894277,26013546.0,5.01,2596.0,0,0,0,0,1,0.0,0.0,0.0,0.0,2596.0,1,KUCUK_TICARETHANE
1001406048.0,39.77645668,30.52004459,26005890.0,5.01,3329.0,0,0,0,0,1,0.0,0.0,0.0,0.0,3329.0,1,KUCUK_TICARETHANE
1001406106.0,39.80347686,30.48196142,26006286.0,3.0,40.578,0,0,0,1,0,0.0,0.0,0.0,40.578,0.0,0,TARIMSAL_SULAMA
1001406367.0,39.78722671,30.49085065,26005997.0,29.985,31363.556,0,0,0,0,2,0.0,0.0,0.0,0.0,31363.556,2,ORTA_TICARETHANE
1001406846.0,39.80808105,30.53980811,26014272.0,5.01,16225.559,0,1,0,0,1,0.0,41.0,0.0,0.0,16184.559,2,ORTA_TICARETHANE
1001406849.0,39.79433183,30.48206226,26005900.0,3.0,4653.604,0,0,0,0,1,0.0,0.0,0.0,0.0,4653.604,1,KUCUK_TICARETHANE
1001406914.0,39.7876413,30.52183739,26010216.0,6.305,16012.06,0,3,0,0,9,0.0,3817.8869999999997,0.0,0.0,12194.172999999999,12,ORTA_TICARETHANE
1001407117.0,39.79264166,30.48391718,26010072.0,5.393,12299.615,0,6,0,0,4,0.0,9607.627,0.0,0.0,2691.988,10,KUCUK_TICARETHANE
1001407327.0,39.78829802,30.52298478,26010348.0,5.01,12773.365,0,0,0,0,2,0.0,0.0,0.0,0.0,12773.365,2,ORTA_TICARETHANE
1001407368.0,39.7770875,30.51757851,26005192.0,4.651636363636364,173210.979,0,0,0,0,55,0.0,0.0,0.0,0.0,173210.979,55,ORTA_TICARETHANE
1001407694.0,39.77544283,30.55300296,26007722.0,5.01,1959.0,0,0,0,0,1,0.0,0.0,0.0,0.0,1959.0,1,KUCUK_TICARETHANE
1001407849.0,39.78909155,30.53532292,26005927.0,5.166666666666667,15046.502,0,2,0,0,4,0.0,2710.0,0.0,0.0,12336.502,6,ORTA_TICARETHANE
1001408337.0,39.86464825,30.49554514,26010166.0,5.01,881.861,0,0,0,0,1,0.0,0.0,0.0,0.0,881.861,1,KUCUK_TICARETHANE
1001408479.0,39.77670795,30.5280934,26006452.0,3.0,22833.342,1,0,0,0,0,22833.342,0.0,0.0,0.0,0.0,0,AYDINLATMA
1001408591.0,39.78064669,30.51892389,26005726.0,3.0,2002.0,0,0,0,0,1,0.0,0.0,0.0,0.0,2002.0,1,KUCUK_TICARETHANE
1001408804.0,39.79086578,30.48469129,26010072.0,5.391666666666667,14928.538999999999,0,4,0,0,2,0.0,5185.328,0.0,0.0,9743.211,6,KUCUK_TICARETHANE
1001409116.0,39.79498878,30.52388792,26010154.0,5.72,12310.511,0,4,0,0,2,0.0,5332.367,0.0,0.0,6978.144,6,KUCUK_TICARETHANE
1001409213.0,39.7862591,30.47508836,26013549.0,3.0,258.0,0,0,0,0,1,0.0,0.0,0.0,0.0,258.0,1,KUCUK_TICARETHANE
1001409288.0,39.78246932,30.46952931,26013545.0,5.01,2460.0,0,0,0,0,1,0.0,0.0,0.0,0.0,2460.0,1,KUCUK_TICARETHANE
1001409532.0,39.791863,30.45821174,26006410.0,17.505,9024.869999999999,0,0,0,0,2,0.0,0.0,0.0,0.0,9024.869999999999,2,ORTA_TICARETHANE
1001409753.0,39.7762054,30.51881368,26005890.0,4.361538461538461,65479.839,0,1,0,0,51,0.0,1381.01,0.0,0.0,64098.829,52,ORTA_TICARETHANE
1001410122.0,39.82675578,30.50142854,26005229.0,4.855,6836.384,0,1,0,0,3,0.0,2068.372,0.0,0.0,4768.012,4,KUCUK_TICARETHANE
1001410304.0,39.80124084,30.58654556,26009785.0,3.0,4016.495,0,0,0,1,0,0.0,0.0,0.0,4016.495,0.0,0,TARIMSAL_SULAMA
1001410391.0,39.78061817,30.46814321,26013543.0,11.149999999999999,39901.727,0,0,0,0,2,0.0,0.0,0.0,0.0,39901.727,2,ORTA_TICARETHANE
1001410584.0,39.79086814,30.4728533,26005993.0,3.5025,6504.209000000001,0,2,0,0,2,0.0,3818.927,0.0,0.0,2685.282,4,KUCUK_TICARETHANE
1001410593.0,39.77403289,30.55612411,26006488.0,3.0,83492.64,1,0,0,0,0,83492.64,0.0,0.0,0.0,0.0,0,AYDINLATMA
1001410625.0,39.78256186,30.46677792,26013545.0,5.01,2253.809,0,0,0,0,1,0.0,0.0,0.0,0.0,2253.809,1,KUCUK_TICARETHANE
1001410700.0,39.77737254,30.45868595,26010136.0,5.1,7479.967,0,0,0,0,1,0.0,0.0,0.0,0.0,7479.967,1,KUCUK_TICARETHANE
1001410706.0,39.78565912,30.47187578,26013548.0,7.47,35298.848000000005,0,0,0,0,2,0.0,0.0,0.0,0.0,35298.848000000005,2,ORTA_TICARETHANE
1001410978.0,39.78287855,30.5068025,26010547.0,105.0,208556.48,0,0,0,0,1,0.0,0.0,0.0,0.0,208556.48,1,ORTA_TICARETHANE
1001411042.0,39.78742343,30.48819317,26005893.0,5.01,3151.922,0,0,0,0,1,0.0,0.0,0.0,0.0,3151.922,1,KUCUK_TICARETHANE
1001411333.0,39.78939265,30.46498458,26010449.0,5.835,5644.416,0,0,0,0,4,0.0,0.0,0.0,0.0,5644.416,4,KUCUK_TICARETHANE
1001411545.0,39.77551442,30.5207346,26005723.0,5.01,444.0,0,0,0,0,1,0.0,0.0,0.0,0.0,444.0,1,KUCUK_TICARETHANE
1001411589.0,39.76588464,30.44581941,26010896.0,5.01,1603.211,0,0,0,0,1,0.0,0.0,0.0,0.0,1603.211,1,KUCUK_TICARETHANE
1001411684.0,39.77779705,30.52131521,26005910.0,4.005,44491.061,0,1,0,0,3,0.0,2943.1,0.0,0.0,41547.960999999996,4,ORTA_TICARETHANE
1001411840.0,39.77799924,30.51749209,26005146.0,4.633125,23741.86,0,1,0,0,15,0.0,238.965,0.0,0.0,23502.895,16,ORTA_TICARETHANE
1001411890.0,39.79623273,30.44596665,26010697.0,3.0,23803.782,1,0,0,0,0,23803.782,0.0,0.0,0.0,0.0,0,AYDINLATMA
1001411909.0,39.79543308,30.48490274,26005900.0,5.34375,18845.246,0,5,0,0,3,0.0,5646.034000000001,0.0,0.0,13199.212,8,ORTA_TICARETHANE
1001411934.0,39.78474007,30.46885864,26013546.0,3.0,266.015,0,0,0,0,1,0.0,0.0,0.0,0.0,266.015,1,KUCUK_TICARETHANE
1001412107.0,39.78424168,30.46119639,26005904.0,6.894,5591.8369999999995,0,0,0,0,5,0.0,0.0,0.0,0.0,5591.8369999999995,5,KUCUK_TICARETHANE
1001412132.0,39.797314,30.56021776,26009784.0,5.01,745.371,0,0,0,0,1,0.0,0.0,0.0,0.0,745.371,1,KUCUK_TICARETHANE
1001412235.0,39.78529294,30.51080035,26010683.0,4.005,4107.009,0,1,0,0,1,0.0,1305.0,0.0,0.0,2802.009,2,KUCUK_TICARETHANE
1001412277.0,39.78637614,30.5190752,26010679.0,3.0,957.0,0,0,0,0,1,0.0,0.0,0.0,0.0,957.0,1,KUCUK_TICARETHANE
1001412454.0,39.78261706,30.50983471,26010546.0,80.465,575527.92,0,0,0,0,2,0.0,0.0,0.0,0.0,575527.92,2,ORTA_TICARETHANE
1001412719.0,39.78459637,30.46962675,26013546.0,9.2,2530.0,0,0,0,0,1,0.0,0.0,0.0,0.0,2530.0,1,KUCUK_TICARETHANE
1001413000.0,39.81905556,30.51924179,26005543.0,5.01,471.074,0,0,0,0,1,0.0,0.0,0.0,0.0,471.074,1,KUCUK_TICARETHANE
1001413263.0,39.79067874,30.53479468,26005872.0,3.0,33149.52,1,0,0,0,0,33149.52,0.0,0.0,0.0,0.0,0,AYDINLATMA
1001413276.0,39.77735772,30.51898516,26005890.0,5.01,6738.879,0,0,0,0,3,0.0,0.0,0.0,0.0,6738.879,3,KUCUK_TICARETHANE
1001413366.0,39.77820069,30.51355889,26005188.0,31.43,198390.64299999998,0,1,0,0,1,0.0,5349.063,0.0,0.0,193041.58,2,ORTA_TICARETHANE
1001413522.0,39.78419029,30.52172392,26006026.0,5.01,7183.729,0,0,0,0,1,0.0,0.0,0.0,0.0,7183.729,1,KUCUK_TICARETHANE
1001413560.0,39.79033132,30.52224626,26010292.0,5.01,4433.273999999999,0,2,0,0,2,0.0,1869.274,0.0,0.0,2564.0,4,KUCUK_TICARETHANE
1001413595.0,39.78241709,30.47528838,26001518.0,5.01,88.0,0,0,0,0,1,0.0,0.0,0.0,0.0,88.0,1,KUCUK_TICARETHANE
1001413905.0,39.79180018,30.53236255,26013569.0,5.01,1563.314,0,0,0,0,1,0.0,0.0,0.0,0.0,1563.314,1,KUCUK_TICARETHANE
1001413999.0,39.82290256,30.35635687,26007980.0,30.0,10038.834,0,0,0,0,1,0.0,0.0,0.0,0.0,10038.834,1,ORTA_TICARETHANE
1001414150.0,39.77096063,30.47044598,26010914.0,13.51,13784.735,0,0,0,0,1,0.0,0.0,0.0,0.0,13784.735,1,ORTA_TICARETHANE
1001414369.0,39.7818282,30.47452287,26010805.0,3.0,712.0,0,0,0,0,1,0.0,0.0,0.0,0.0,712.0,1,KUCUK_TICARETHANE
1001414467.0,39.7986987,30.48604459,26005687.0,3.0,39653.262,1,0,0,0,0,39653.262,0.0,0.0,0.0,0.0,0,AYDINLATMA
1001414499.0,39.77975833,30.51167584,26005185.0,4.608,22090.718,0,1,0,0,4,0.0,33.0,0.0,0.0,22057.718,5,ORTA_TICARETHANE
1001414762.0,39.78468405,30.47033659,26013546.0,4.005,1046.0,0,0,0,0,2,0.0,0.0,0.0,0.0,1046.0,2,KUCUK_TICARETHANE
1001414796.0,39.78137387,30.47209426,26010805.0,9.7,3806.0,0,0,0,0,1,0.0,0.0,0.0,0.0,3806.0,1,KUCUK_TICARETHANE
1001414810.0,39.78016642,30.45458998,26005121.0,25.24,13977.636,0,0,0,0,1,0.0,0.0,0.0,0.0,13977.636,1,ORTA_TICARETHANE
1001414823.0,39.7974932,30.4794684,26006125.0,5.01,1405.479,0,0,0,0,1,0.0,0.0,0.0,0.0,1405.479,1,KUCUK_TICARETHANE
1001414912.0,39.79466236,30.51342622,26010524.0,4.005,7847.062,0,0,0,0,2,0.0,0.0,0.0,0.0,7847.062,2,KUCUK_TICARETHANE
1001414913.0,39.78084818,30.46880416,26013543.0,7.99,518.0,0,0,0,0,1,0.0,0.0,0.0,0.0,518.0,1,KUCUK_TICARETHANE
1001415037.0,39.78398066,30.46985112,26013546.0,5.01,1753.772,0,0,0,0,1,0.0,0.0,0.0,0.0,1753.772,1,KUCUK_TICARETHANE
1001415108.0,39.77593395,30.52343945,26005700.0,5.01,1627.767,0,0,0,0,1,0.0,0.0,0.0,0.0,1627.767,1,KUCUK_TICARETHANE
1001415239.0,39.77658186,30.52150991,26005723.0,5.01,5277.177,0,0,0,0,1,0.0,0.0,0.0,0.0,5277.177,1,KUCUK_TICARETHANE
1001415361.0,39.79676425,30.47077485,26006187.0,3.0,1602.0,0,1,0,0,1,0.0,1561.0,0.0,0.0,41.0,2,KUCUK_TICARETHANE
1001415377.0,39.79312358,30.53295618,26013569.0,3.0,2994.719,0,0,0,0,1,0.0,0.0,0.0,0.0,2994.719,1,KUCUK_TICARETHANE
1001415391.0,39.79558169,30.46824804,26006123.0,5.01,634.812,0,0,0,0,1,0.0,0.0,0.0,0.0,634.812,1,KUCUK_TICARETHANE
1001415453.0,39.78668263,30.4741637,26013551.0,3.67,3651.0,0,0,0,0,3,0.0,0.0,0.0,0.0,3651.0,3,KUCUK_TICARETHANE
1001415712.0,39.7952119,30.47205172,26006044.0,5.1,13171.138,0,0,0,0,1,0.0,0.0,0.0,0.0,13171.138,1,ORTA_TICARETHANE
1001415870.0,39.79230185,30.6119528,26002302.0,42.0,6483.75,0,0,0,0,1,0.0,0.0,0.0,0.0,6483.75,1,ORTA_TICARETHANE
1001415914.0,39.78438907,30.46561665,26013544.0,62.71,101525.52,0,0,0,0,1,0.0,0.0,0.0,0.0,101525.52,1,ORTA_TICARETHANE
1001416291.0,39.78448878,30.47253494,26013547.0,8.72,23477.375,0,0,0,0,1,0.0,0.0,0.0,0.0,23477.375,1,ORTA_TICARETHANE
1001416295.0,39.7921614,30.44290115,26006211.0,5.01,3474.358,0,0,0,0,1,0.0,0.0,0.0,0.0,3474.358,1,KUCUK_TICARETHANE
1001416489.0,39.78700752,30.47396515,26013551.0,5.01,4008.087,0,0,0,0,1,0.0,0.0,0.0,0.0,4008.087,1,KUCUK_TICARETHANE
1001416598.0,39.78263605,30.47651606,26001518.0,5.01,4943.123,0,0,0,0,1,0.0,0.0,0.0,0.0,4943.123,1,KUCUK_TICARETHANE
1001416616.0,39.77638884,30.51060889,26005187.0,14.85,14087.051,0,0,0,0,1,0.0,0.0,0.0,0.0,14087.051,1,ORTA_TICARETHANE
1001416742.0,39.77998105,30.51879159,26006024.0,5.01,3694.769,0,0,0,0,1,0.0,0.0,0.0,0.0,3694.769,1,KUCUK_TICARETHANE
1001416829.0,39.77585193,30.55264843,26007722.0,3.0,2191.0,0,0,0,0,1,0.0,0.0,0.0,0.0,2191.0,1,KUCUK_TICARETHANE
1001416867.0,39.78854503,30.51769923,26010680.0,102.86,343555.68,0,0,0,0,1,0.0,0.0,0.0,0.0,343555.68,1,ORTA_TICARETHANE
1001417059.0,39.79725414,30.51130455,26010522.0,5.01,9510.11,0,0,0,0,1,0.0,0.0,0.0,0.0,9510.11,1,KUCUK_TICARETHANE
1001417200.0,39.78082757,30.51472585,26006385.0,5.01,16479.342,0,0,0,0,1,0.0,0.0,0.0,0.0,16479.342,1,ORTA_TICARETHANE
1001417467.0,39.77078626,30.47018209,26010914.0,5.01,752.487,1,0,0,0,0,752.487,0.0,0.0,0.0,0.0,0,AYDINLATMA
1001417549.0,39.78843809,30.54469138,26005222.0,3.0,42055.429,1,0,0,0,0,42055.429,0.0,0.0,0.0,0.0,0,AYDINLATMA
1001417951.0,39.76089849,30.4764885,26010902.0,3.0,8684.802,0,0,0,0,1,0.0,0.0,0.0,0.0,8684.802,1,KUCUK_TICARETHANE
1001418602.0,39.78410983,30.46849641,26013546.0,3.0,1161.0,0,0,0,0,1,0.0,0.0,0.0,0.0,1161.0,1,KUCUK_TICARETHANE
1001418722.0,39.78473251,30.46955046,26013546.0,5.01,12.0,0,0,0,0,1,0.0,0.0,0.0,0.0,12.0,1,KUCUK_TICARETHANE
1001418761.0,39.7692969,30.47041022,26010914.0,5.8,3529.139,0,1,0,0,1,0.0,2288.012,0.0,0.0,1241.127,2,KUCUK_TICARETHANE
1001419019.0,39.77333507,30.46323541,26010908.0,5.01,1371.15,0,0,0,0,1,0.0,0.0,0.0,0.0,1371.15,1,KUCUK_TICARETHANE
1001419087.0,39.77822036,30.52439234,26005700.0,4.206,4924.644,0,1,0,0,4,0.0,1449.682,0.0,0.0,3474.962,5,KUCUK_TICARETHANE
1001419238.0,39.78781428,30.46758073,26010455.0,3.0,1263.164,0,0,0,0,1,0.0,0.0,0.0,0.0,1263.164,1,KUCUK_TICARETHANE
1001419717.0,39.7881065,30.5506739,26006049.0,4.005,5710.314,0,1,0,0,1,0.0,2336.099,0.0,0.0,3374.215,2,KUCUK_TICARETHANE
1001419809.0,39.78358963,30.46808209,26013545.0,5.01,18431.0,0,0,0,0,1,0.0,0.0,0.0,0.0,18431.0,1,ORTA_TICARETHANE
1001420006.0,39.80659531,30.49694246,26010538.0,4.005,11165.0,0,0,0,1,1,0.0,0.0,0.0,7480.0,3685.0,1,KUCUK_TICARETHANE
1001420027.0,39.77835913,30.5103086,26010333.0,150.0,203806.64,0,0,0,0,1,0.0,0.0,0.0,0.0,203806.64,1,ORTA_TICARETHANE
1001420294.0,39.79864723,30.4669824,26013558.0,3.0,10805.294,0,0,0,0,1,0.0,0.0,0.0,0.0,10805.294,1,ORTA_TICARETHANE
1001420472.0,39.78311314,30.46706279,26013545.0,5.01,6484.0,0,0,0,0,2,0.0,0.0,0.0,0.0,6484.0,2,KUCUK_TICARETHANE
1001420716.0,39.78992495,30.46660808,26010451.0,4.86,51284.755,0,6,0,0,6,0.0,13608.947,0.0,0.0,37675.808,12,ORTA_TICARETHANE
1001421034.0,39.7897126,30.51625266,26010678.0,3.67,9256.909,0,2,0,0,1,0.0,3308.3010000000004,0.0,0.0,5948.608,3,KUCUK_TICARETHANE
1001421061.0,39.7912129,30.48367241,26010072.0,5.772857142857142,9205.415,0,4,0,0,3,0.0,3602.469,0.0,0.0,5602.946,7,KUCUK_TICARETHANE
1001421145.0,39.82397686,30.35317094,26007979.0,96.0,68038.8,0,0,0,0,1,0.0,0.0,0.0,0.0,68038.8,1,ORTA_TICARETHANE
1001421590.0,39.79963209,30.50470683,26010528.0,5.01,2141.837,0,0,0,0,1,0.0,0.0,0.0,0.0,2141.837,1,KUCUK_TICARETHANE
1001421640.0,39.78454097,30.46853949,26013546.0,3.0,992.0,0,0,0,0,1,0.0,0.0,0.0,0.0,992.0,1,KUCUK_TICARETHANE
1001421742.0,39.77763141,30.51740983,26005146.0,4.062631578947368,48249.236000000004,0,11,0,0,8,0.0,15502.383,0.0,0.0,32746.853000000003,19,ORTA_TICARETHANE
1001421863.0,39.77739168,30.5180458,26005146.0,4.784,4133.722,0,1,0,0,4,0.0,880.193,0.0,0.0,3253.529,5,KUCUK_TICARETHANE
1001421883.0,39.80138595,30.49185813,26010545.0,12.3,3438.656,0,0,0,0,1,0.0,0.0,0.0,0.0,3438.656,1,KUCUK_TICARETHANE
1001422512.0,39.77012171,30.47802034,26010904.0,3.0,15522.781,0,0,0,0,1,0.0,0.0,0.0,0.0,15522.781,1,ORTA_TICARETHANE
1001422550.0,39.77866186,30.51830197,26005146.0,5.335555555555555,14765.228,0,6,0,0,3,0.0,6486.695,0.0,0.0,8278.533,9,KUCUK_TICARETHANE
1001423093.0,,,,5.01,5551.99,0,0,0,0,1,0.0,0.0,0.0,0.0,5551.99,1,KUCUK_TICARETHANE
1001423134.0,39.78406423,30.47321463,26013548.0,22.34,7978.724,0,0,0,0,1,0.0,0.0,0.0,0.0,7978.724,1,ORTA_TICARETHANE
1001423255.0,39.90666266,30.86941717,26008850.0,1200.0,46163.76,0,0,0,0,1,0.0,0.0,0.0,0.0,46163.76,1,ORTA_TICARETHANE
1001423274.0,39.78314674,30.47007357,26013546.0,25.68,719.862,0,0,0,0,1,0.0,0.0,0.0,0.0,719.862,1,ORTA_TICARETHANE
1001423333.0,39.78685222,30.47406602,26013551.0,4.005,1641.0,0,0,0,0,2,0.0,0.0,0.0,0.0,1641.0,2,KUCUK_TICARETHANE
1001423604.0,39.79181973,30.44998213,26005952.0,3.0,16892.488,1,0,0,0,0,16892.488,0.0,0.0,0.0,0.0,0,AYDINLATMA
1001423738.0,39.77655049,30.52149115,26005723.0,5.01,3096.159,0,0,0,0,2,0.0,0.0,0.0,0.0,3096.159,2,KUCUK_TICARETHANE
1001424098.0,39.78909943,30.53247935,26005927.0,5.34,7684.8009999999995,0,2,0,0,2,0.0,1427.227,0.0,0.0,6257.5740000000005,4,KUCUK_TICARETHANE
1001424173.0,39.77752572,30.51934294,26005890.0,4.708333333333333,31310.275,0,0,0,0,12,0.0,0.0,0.0,0.0,31310.275,12,ORTA_TICARETHANE
1001424226.0,39.79912832,30.50407565,26010536.0,3.0,624.0,0,0,0,0,1,0.0,0.0,0.0,0.0,624.0,1,KUCUK_TICARETHANE
1001424260.0,39.80031883,30.45218279,26013637.0,7.67,14802.948,0,0,0,0,1,0.0,0.0,0.0,0.0,14802.948,1,ORTA_TICARETHANE
1001424289.0,39.78710323,30.4743683,26013551.0,16.8,300.587,0,0,0,0,1,0.0,0.0,0.0,0.0,300.587,1,ORTA_TICARETHANE
1001424343.0,39.77827134,30.52053916,26005910.0,4.430833333333333,24875.360999999997,0,6,0,0,6,0.0,6993.0470000000005,0.0,0.0,17882.314,12,ORTA_TICARETHANE
1001424516.0,39.80066483,30.49075979,26010545.0,5.01,7551.209,0,0,0,0,1,0.0,0.0,0.0,0.0,7551.209,1,KUCUK_TICARETHANE
1001424548.0,39.78597061,30.50964093,26010683.0,4.005,8590.11,0,1,0,0,1,0.0,5929.0,0.0,0.0,2661.11,2,KUCUK_TICARETHANE
1001424568.0,39.7821081,30.50666149,26010546.0,6.24,4174.984,0,0,0,0,4,0.0,0.0,0.0,0.0,4174.984,4,KUCUK_TICARETHANE
1001425177.0,39.79451881,30.5341129,26010568.0,3.0,31641.44,1,0,0,0,0,31641.44,0.0,0.0,0.0,0.0,0,AYDINLATMA
1001425597.0,39.77654083,30.52268458,26005700.0,5.01,843.237,0,0,0,0,1,0.0,0.0,0.0,0.0,843.237,1,KUCUK_TICARETHANE
1001425655.0,39.78509374,30.47202635,26013548.0,3.0,797.0,0,0,0,0,1,0.0,0.0,0.0,0.0,797.0,1,KUCUK_TICARETHANE
1001425804.0,39.78239375,30.47632908,26001518.0,3.02,188.27,0,0,0,0,1,0.0,0.0,0.0,0.0,188.27,1,KUCUK_TICARETHANE
1001425988.0,39.78894622,30.53505134,26005927.0,5.01,1394.276,0,0,0,0,1,0.0,0.0,0.0,0.0,1394.276,1,KUCUK_TICARETHANE
1001426276.0,39.783575,30.47221982,26013547.0,5.01,6068.712,0,0,0,0,1,0.0,0.0,0.0,0.0,6068.712,1,KUCUK_TICARETHANE
1001426609.0,39.79816322,30.52012826,26010516.0,1920.0,932701.35,0,0,0,0,1,0.0,0.0,0.0,0.0,932701.35,1,BUYUK_TICARETHANE
1001427098.0,39.77570222,30.55257761,26007722.0,5.01,4204.0,0,0,0,0,2,0.0,0.0,0.0,0.0,4204.0,2,KUCUK_TICARETHANE
1001427102.0,39.78449523,30.46929866,26013546.0,3.0,1865.0,0,0,0,0,2,0.0,0.0,0.0,0.0,1865.0,2,KUCUK_TICARETHANE
1001427104.0,39.78620528,30.48420264,26006001.0,6.38,4834.139999999999,0,1,0,0,1,0.0,3462.508,0.0,0.0,1371.632,2,KUCUK_TICARETHANE
1001427382.0,39.78944731,30.48436283,26005893.0,5.01,4843.97,0,0,0,0,1,0.0,0.0,0.0,0.0,4843.97,1,KUCUK_TICARETHANE
1001427411.0,39.79995023,30.51055869,26010521.0,3.0,1473.791,0,0,0,0,1,0.0,0.0,0.0,0.0,1473.791,1,KUCUK_TICARETHANE
1001427479.0,39.77589719,30.52527478,26010373.0,2.8125,3580.7349999999997,0,2,0,0,2,0.0,1985.735,0.0,0.0,1595.0,4,KUCUK_TICARETHANE
1001427515.0,39.77655102,30.52551561,26010355.0,5.01,5667.992,0,1,0,0,1,0.0,3100.251,0.0,0.0,2567.741,2,KUCUK_TICARETHANE
1001427519.0,39.78585377,30.47371838,26013549.0,7.2,929.0,0,0,0,0,1,0.0,0.0,0.0,0.0,929.0,1,KUCUK_TICARETHANE
1001427682.0,39.78142239,30.47246831,26010805.0,14.24,55978.276,0,0,0,0,1,0.0,0.0,0.0,0.0,55978.276,1,ORTA_TICARETHANE
1001427803.0,39.78177114,30.46726366,26013545.0,5.01,4682.212,0,0,0,0,1,0.0,0.0,0.0,0.0,4682.212,1,KUCUK_TICARETHANE
1001427913.0,39.78450818,30.47405525,26013549.0,5.01,2889.0,0,0,0,0,1,0.0,0.0,0.0,0.0,2889.0,1,KUCUK_TICARETHANE
1001428464.0,39.80197784,30.47915228,26006286.0,5.01,7801.132,0,0,0,0,1,0.0,0.0,0.0,0.0,7801.132,1,KUCUK_TICARETHANE
1001428507.0,39.79812073,30.48425832,26006125.0,5.16,2090.347,0,0,0,0,1,0.0,0.0,0.0,0.0,2090.347,1,KUCUK_TICARETHANE
1001428802.0,39.78888173,30.55185857,26006049.0,3.0,2224.0,0,2,0,0,1,0.0,2105.0,0.0,0.0,119.0,3,KUCUK_TICARETHANE
1001428817.0,39.76922121,30.47046861,26010914.0,6.96,1291.5,0,0,0,0,1,0.0,0.0,0.0,0.0,1291.5,1,KUCUK_TICARETHANE
1001429562.0,39.76441664,30.46494608,26010913.0,5.01,67.591,0,0,0,0,1,0.0,0.0,0.0,0.0,67.591,1,KUCUK_TICARETHANE
1001429725.0,39.78340055,30.49734271,26000349.0,1000.0,1114574.94,0,0,0,0,1,0.0,0.0,0.0,0.0,1114574.94,1,BUYUK_TICARETHANE
1001430254.0,39.7682381,30.47006002,26010914.0,5.01,8585.895,0,2,0,0,1,0.0,4103.831,0.0,0.0,4482.064,3,KUCUK_TICARETHANE
1001430299.0,39.83016553,30.5247759,26004551.0,5.01,41131.429,1,0,0,0,0,41131.429,0.0,0.0,0.0,0.0,0,AYDINLATMA
1001430342.0,39.78360033,30.50916098,26010549.0,5.01,7991.207,0,0,0,0,1,0.0,0.0,0.0,0.0,7991.207,1,KUCUK_TICARETHANE
1001430366.0,39.7788757,30.51300007,26005195.0,8.735,22439.533,0,0,0,0,2,0.0,0.0,0.0,0.0,22439.533,2,ORTA_TICARETHANE
1001430618.0,39.7863048,30.47131494,26013551.0,7.32,3569.829,0,0,0,0,1,0.0,0.0,0.0,0.0,3569.829,1,KUCUK_TICARETHANE
1001430626.0,39.77872155,30.51950744,26005726.0,4.75875,109890.392,0,0,0,0,8,0.0,0.0,0.0,0.0,109890.392,8,ORTA_TICARETHANE
1001430717.0,39.78746014,30.51799638,26010677.0,5.01,149.271,0,0,0,0,2,0.0,0.0,0.0,0.0,149.271,2,KUCUK_TICARETHANE
1001430741.0,39.78198784,30.52805664,26005928.0,28.79,27926.83,0,0,0,0,1,0.0,0.0,0.0,0.0,27926.83,1,ORTA_TICARETHANE
1001430747.0,39.79786529,30.58997308,26012453.0,5.01,1823.9,0,0,0,0,1,0.0,0.0,0.0,0.0,1823.9,1,KUCUK_TICARETHANE
1001430965.0,39.78508016,30.47345379,26013548.0,3.0,647.0,0,0,0,0,2,0.0,0.0,0.0,0.0,647.0,2,KUCUK_TICARETHANE
1001431250.0,39.78374034,30.51164767,26010684.0,5.80875,49921.092000000004,0,5,0,0,3,0.0,5530.757,0.0,0.0,44390.33500000001,8,ORTA_TICARETHANE
1001431288.0,39.78157144,30.47069955,26010805.0,5.01,6423.696,0,0,0,0,1,0.0,0.0,0.0,0.0,6423.696,1,KUCUK_TICARETHANE
1001431539.0,39.78798966,30.53494079,26005927.0,5.615,1711.772,0,1,0,0,1,0.0,927.289,0.0,0.0,784.483,2,KUCUK_TICARETHANE
1001431644.0,39.79220382,30.46532169,26010448.0,5.01,135139.17,1,0,0,0,0,135139.17,0.0,0.0,0.0,0.0,0,AYDINLATMA
1001431701.0,39.78313543,30.47481774,26013550.0,19.404999999999998,8076.35,0,0,0,0,2,0.0,0.0,0.0,0.0,8076.35,2,ORTA_TICARETHANE
1001431772.0,39.78515881,30.47292291,26013548.0,5.02,624.0,0,0,0,0,1,0.0,0.0,0.0,0.0,624.0,1,KUCUK_TICARETHANE
1001431833.0,39.79477104,30.51299146,26010524.0,3.0,16585.332000000002,0,0,0,0,2,0.0,0.0,0.0,0.0,16585.332000000002,2,ORTA_TICARETHANE
1001432312.0,39.79244317,30.47939795,26006046.0,5.01,527.154,0,0,0,0,2,0.0,0.0,0.0,0.0,527.154,2,KUCUK_TICARETHANE
1001432389.0,39.78376017,30.47037347,26013546.0,4.34,7048.366,0,0,0,0,3,0.0,0.0,0.0,0.0,7048.366,3,KUCUK_TICARETHANE
1001432396.0,39.8121734,30.44556349,26010370.0,10.13,3674.409,0,0,0,0,1,0.0,0.0,0.0,0.0,3674.409,1,KUCUK_TICARETHANE
1001432399.0,39.78144708,30.51839029,26006024.0,3.0,5177.118,0,0,0,0,1,0.0,0.0,0.0,0.0,5177.118,1,KUCUK_TICARETHANE
1001432609.0,39.8301372,30.50424801,26006466.0,5.01,2522.438,0,0,0,0,1,0.0,0.0,0.0,0.0,2522.438,1,KUCUK_TICARETHANE
1001432772.0,39.78539658,30.51877525,26005915.0,5.677777777777778,94240.524,0,4,0,0,5,0.0,4880.648,0.0,0.0,89359.876,9,ORTA_TICARETHANE
1001432816.0,39.8050471,30.44848686,26005113.0,5.01,71217.12,1,0,0,0,0,71217.12,0.0,0.0,0.0,0.0,0,AYDINLATMA
1001433087.0,39.78407255,30.47175683,26013547.0,3.0,1039.0,0,0,0,0,2,0.0,0.0,0.0,0.0,1039.0,2,KUCUK_TICARETHANE
1001433259.0,39.79047347,30.52036102,26010590.0,5.515714285714286,31833.427,0,4,0,0,3,0.0,4230.642,0.0,0.0,27602.785,7,ORTA_TICARETHANE
1001433260.0,39.79614929,30.49514492,26010540.0,5.01,5823.524,1,0,0,0,0,5823.524,0.0,0.0,0.0,0.0,0,AYDINLATMA
1001433271.0,39.78161792,30.51966267,26006230.0,3.0,2479.0,0,0,0,0,1,0.0,0.0,0.0,0.0,2479.0,1,KUCUK_TICARETHANE
1001433291.0,39.78022759,30.51454256,26005145.0,5.01,4392.649,0,0,0,0,2,0.0,0.0,0.0,0.0,4392.649,2,KUCUK_TICARETHANE
1001433550.0,39.80162001,30.58198264,26009785.0,5.01,1973.615,0,0,0,0,1,0.0,0.0,0.0,0.0,1973.615,1,KUCUK_TICARETHANE
1001433743.0,39.80746389,30.60985956,26003675.0,5.01,1442.152,0,0,0,0,1,0.0,0.0,0.0,0.0,1442.152,1,KUCUK_TICARETHANE
1001433758.0,39.79389536,30.56491173,26006164.0,5.01,691.815,0,0,0,0,1,0.0,0.0,0.0,0.0,691.815,1,KUCUK_TICARETHANE
1001433895.0,39.78906846,30.51062053,26010669.0,5.01,8127.293,0,0,0,0,2,0.0,0.0,0.0,0.0,8127.293,2,KUCUK_TICARETHANE
1001433956.0,39.7829768,30.47671604,26001518.0,5.01,5112.374,0,0,0,0,1,0.0,0.0,0.0,0.0,5112.374,1,KUCUK_TICARETHANE
1001434371.0,39.79032275,30.48493498,26010072.0,4.34,23238.253,0,2,0,0,4,0.0,1354.028,0.0,0.0,21884.225,6,ORTA_TICARETHANE
1001434537.0,39.78006746,30.51666039,26005146.0,3.0,31500.786,0,3,0,0,2,0.0,6569.603999999999,0.0,0.0,24931.182,5,ORTA_TICARETHANE
1001434622.0,39.78767334,30.46969673,26010451.0,5.59,4901.364,0,2,0,0,1,0.0,2323.565,0.0,0.0,2577.799,3,KUCUK_TICARETHANE
1001435033.0,39.80451885,30.57149274,26005234.0,5.01,4626.19,0,0,0,1,0,0.0,0.0,0.0,4626.19,0.0,0,TARIMSAL_SULAMA
1001435264.0,39.79111445,30.51563995,26010681.0,4.608,28739.963,0,5,0,0,5,0.0,6518.066,0.0,0.0,22221.896999999997,10,ORTA_TICARETHANE
1001435308.0,39.78386399,30.46641615,26013544.0,3.0,4159.0,0,0,0,0,1,0.0,0.0,0.0,0.0,4159.0,1,KUCUK_TICARETHANE
1001435377.0,39.80343676,30.5228068,,20538.0,55451729.0,0,0,1,0,0,0.0,0.0,55451729.0,0.0,0.0,1,BUYUK_SANAYI
1001435409.0,39.77635218,30.52844587,26006452.0,5.01,9231.753,0,2,0,0,2,0.0,424.0,0.0,0.0,8807.753,4,KUCUK_TICARETHANE
1001435466.0,39.79879488,30.58776913,26009785.0,5.01,2035.377,0,0,0,0,1,0.0,0.0,0.0,0.0,2035.377,1,KUCUK_TICARETHANE
1001435757.0,39.78308814,30.47117419,26013546.0,5.01,231.614,0,0,0,0,1,0.0,0.0,0.0,0.0,231.614,1,KUCUK_TICARETHANE
1001436123.0,39.78657816,30.46576564,26010455.0,5.01,8798.438,0,0,0,0,1,0.0,0.0,0.0,0.0,8798.438,1,KUCUK_TICARETHANE
1001436126.0,39.79400017,30.54895424,26005690.0,5.01,2014.704,0,0,0,0,1,0.0,0.0,0.0,0.0,2014.704,1,KUCUK_TICARETHANE
1001436250.0,39.77649351,30.46545726,26010843.0,5.01,5180.989,0,1,0,0,1,0.0,3133.843,0.0,0.0,2047.146,2,KUCUK_TICARETHANE
1001436429.0,39.82344111,30.36052455,26007981.0,96.0,214164.75,0,0,0,0,1,0.0,0.0,0.0,0.0,214164.75,1,ORTA_TICARETHANE
1001436457.0,39.78996691,30.46630062,26010449.0,3.595,3280.625,0,1,0,0,1,0.0,1468.231,0.0,0.0,1812.394,2,KUCUK_TICARETHANE
1001436710.0,39.80153686,30.46466498,26010193.0,3.0,995.0,0,0,0,0,1,0.0,0.0,0.0,0.0,995.0,1,KUCUK_TICARETHANE
1001436720.0,39.79840393,30.48385025,26006125.0,3.0,2024.651,0,0,0,0,1,0.0,0.0,0.0,0.0,2024.651,1,KUCUK_TICARETHANE
1001436810.0,39.79501216,30.54169716,26005440.0,3.0,8206.243,0,0,0,0,1,0.0,0.0,0.0,0.0,8206.243,1,KUCUK_TICARETHANE
1001437143.0,39.78573457,30.5187122,26010677.0,4.005,11089.755000000001,0,3,0,0,3,0.0,3786.1310000000003,0.0,0.0,7303.624,6,KUCUK_TICARETHANE
1001437449.0,39.77844856,30.51601618,26005147.0,6.0,19726.526,0,0,0,0,1,0.0,0.0,0.0,0.0,19726.526,1,ORTA_TICARETHANE
1001437733.0,39.78299774,30.46672226,26013545.0,16.8,10805.432,0,0,0,0,1,0.0,0.0,0.0,0.0,10805.432,1,ORTA_TICARETHANE
1001437806.0,39.78582285,30.47263055,26013548.0,5.01,12090.176,0,0,0,0,1,0.0,0.0,0.0,0.0,12090.176,1,ORTA_TICARETHANE
1001438116.0,39.7751674,30.52266314,26006345.0,4.34,4248.675,0,0,0,0,3,0.0,0.0,0.0,0.0,4248.675,3,KUCUK_TICARETHANE
1001438224.0,39.78378495,30.47667256,26013550.0,18.04,15239.218,0,0,0,0,1,0.0,0.0,0.0,0.0,15239.218,1,ORTA_TICARETHANE
1001438276.0,39.80742034,30.41773389,26006435.0,5.01,15049.877,1,0,0,0,0,15049.877,0.0,0.0,0.0,0.0,0,AYDINLATMA
1001438352.0,39.791199,30.48414802,26010072.0,5.01,2787.123,0,1,0,0,1,0.0,1927.433,0.0,0.0,859.69,2,KUCUK_TICARETHANE
1001438619.0,39.78950429,30.50595328,26010666.0,5.01,4105.086,0,0,0,0,1,0.0,0.0,0.0,0.0,4105.086,1,KUCUK_TICARETHANE
1001438724.0,39.78950602,30.48561358,26005975.0,5.01,9354.775,0,0,0,0,1,0.0,0.0,0.0,0.0,9354.775,1,KUCUK_TICARETHANE
1001438736.0,39.77727753,30.45193316,26010837.0,3.0,17828.0,0,0,0,0,1,0.0,0.0,0.0,0.0,17828.0,1,ORTA_TICARETHANE
1001439027.0,39.78229126,30.54465328,26006186.0,6.47,14421.983,0,0,0,0,3,0.0,0.0,0.0,0.0,14421.983,3,ORTA_TICARETHANE
1001439051.0,39.8172877,30.45167743,26000744.0,240.0,99455.28,0,0,0,0,1,0.0,0.0,0.0,0.0,99455.28,1,ORTA_TICARETHANE
1001439120.0,39.77593811,30.523473,26005700.0,3.0,2747.977,0,0,0,0,1,0.0,0.0,0.0,0.0,2747.977,1,KUCUK_TICARETHANE
1001439277.0,39.76249556,30.4480503,26010894.0,5.01,208.295,0,0,0,0,1,0.0,0.0,0.0,0.0,208.295,1,KUCUK_TICARETHANE
1001439442.0,39.78051387,30.51476873,26006385.0,4.34,72006.768,0,8,0,0,4,0.0,7136.339,0.0,0.0,64870.429000000004,12,ORTA_TICARETHANE
1001439476.0,39.77882811,30.51723505,26005146.0,4.435714285714285,45027.841,0,3,0,0,4,0.0,2876.942,0.0,0.0,42150.899000000005,7,ORTA_TICARETHANE
1001439635.0,39.7901582,30.52689438,26013574.0,3.0,153.0,0,0,0,0,1,0.0,0.0,0.0,0.0,153.0,1,KUCUK_TICARETHANE
1001439847.0,39.79626994,30.49812086,26010534.0,3.0,4182.0,0,0,0,0,1,0.0,0.0,0.0,0.0,4182.0,1,KUCUK_TICARETHANE
1001439869.0,39.78275011,30.46949374,26013546.0,5.01,1103.268,0,0,0,0,1,0.0,0.0,0.0,0.0,1103.268,1,KUCUK_TICARETHANE
1001440089.0,39.77812774,30.51740604,26005146.0,4.12578947368421,33970.56,0,6,0,0,13,0.0,8691.392,0.0,0.0,25279.167999999998,19,ORTA_TICARETHANE
1001440511.0,,,,12.31,275206.081,0,4,0,0,5,0.0,8278.128,0.0,0.0,266927.953,9,ORTA_TICARETHANE
1001441036.0,39.78865325,30.53572994,26005927.0,3.0,207.0,0,0,0,0,1,0.0,0.0,0.0,0.0,207.0,1,KUCUK_TICARETHANE
1001441068.0,39.79131926,30.54263337,26005443.0,5.01,5126.814,0,1,0,0,1,0.0,1596.814,0.0,0.0,3530.0,2,KUCUK_TICARETHANE
1001441071.0,39.76220021,30.45548024,26010894.0,3.0,286.269,0,0,0,1,0,0.0,0.0,0.0,286.269,0.0,0,TARIMSAL_SULAMA
1001441120.0,39.80308575,30.54194119,26010317.0,8.36,8891.268,0,0,0,0,1,0.0,0.0,0.0,0.0,8891.268,1,KUCUK_TICARETHANE
1001441343.0,39.79471558,30.50779419,26010526.0,3.16,1383.944,0,0,0,0,1,0.0,0.0,0.0,0.0,1383.944,1,KUCUK_TICARETHANE
1001441379.0,39.78820006,30.47114419,26010451.0,5.301428571428572,51045.398,0,3,0,0,4,0.0,4402.907,0.0,0.0,46642.490999999995,7,ORTA_TICARETHANE
1001441656.0,39.76452155,30.47417899,26010902.0,5.01,17154.953,0,0,0,0,1,0.0,0.0,0.0,0.0,17154.953,1,ORTA_TICARETHANE
1001442233.0,39.79354503,30.51403882,26010569.0,5.699090909090909,66054.882,0,7,0,0,4,0.0,14658.652,0.0,0.0,51396.229999999996,11,ORTA_TICARETHANE
1001442236.0,39.7754038,30.52189449,26005723.0,4.2283333333333335,27468.705,0,0,0,0,18,0.0,0.0,0.0,0.0,27468.705,18,ORTA_TICARETHANE
1001442317.0,39.77677331,30.5196376,26005890.0,7.383333333333333,26545.824999999997,0,0,0,0,3,0.0,0.0,0.0,0.0,26545.824999999997,3,ORTA_TICARETHANE
1001442319.0,39.78411833,30.47338797,26013548.0,11.204999999999998,13009.377,0,0,0,0,2,0.0,0.0,0.0,0.0,13009.377,2,ORTA_TICARETHANE
1001442405.0,39.7801443,30.51518725,26006385.0,5.01,8942.446,0,0,0,0,1,0.0,0.0,0.0,0.0,8942.446,1,KUCUK_TICARETHANE
1001442505.0,39.78527878,30.47100056,26013547.0,5.01,3472.0,0,0,0,0,1,0.0,0.0,0.0,0.0,3472.0,1,KUCUK_TICARETHANE
1001442517.0,39.79848319,30.50277751,26010536.0,5.01,199.13,0,0,0,0,1,0.0,0.0,0.0,0.0,199.13,1,KUCUK_TICARETHANE
1001442653.0,39.7785033,30.48037978,26005698.0,4.5075,20094.001,0,0,0,0,4,0.0,0.0,0.0,0.0,20094.001,4,ORTA_TICARETHANE
1001442769.0,39.8020713,30.49119922,26010545.0,5.01,1932.153,1,0,0,0,0,1932.153,0.0,0.0,0.0,0.0,0,AYDINLATMA
1001443141.0,39.78441004,30.47077046,26013547.0,5.01,8668.3,0,0,0,0,1,0.0,0.0,0.0,0.0,8668.3,1,KUCUK_TICARETHANE
1001443179.0,39.80603096,30.50143328,26010538.0,5.01,8450.014,0,0,0,1,0,0.0,0.0,0.0,8450.014,0.0,0,TARIMSAL_SULAMA
1001443288.0,39.8033435,30.54759499,26005232.0,3.0,24442.62,0,0,0,1,0,0.0,0.0,0.0,24442.62,0.0,0,TARIMSAL_SULAMA
1001443356.0,39.78149568,30.4631357,26005120.0,6.37,4479.638,0,2,0,0,1,0.0,2770.8379999999997,0.0,0.0,1708.8,3,KUCUK_TICARETHANE
1001443412.0,39.77817108,30.51346416,26005188.0,5.03,4121.156,0,2,0,0,1,0.0,4072.512,0.0,0.0,48.644,3,KUCUK_TICARETHANE
1001443436.0,39.79616009,30.51496245,26010517.0,3.0,15283.617,0,0,0,0,1,0.0,0.0,0.0,0.0,15283.617,1,ORTA_TICARETHANE
1001443537.0,39.77881631,30.51702119,26005147.0,5.01,777.0,0,0,0,0,1,0.0,0.0,0.0,0.0,777.0,1,KUCUK_TICARETHANE
1001443647.0,39.78622889,30.47701452,26006468.0,3.0,125213.68,1,0,0,0,0,125213.68,0.0,0.0,0.0,0.0,0,AYDINLATMA
1001443667.0,39.79069023,30.48469405,26010072.0,5.01,7946.97,0,2,0,0,2,0.0,2839.392,0.0,0.0,5107.5779999999995,4,KUCUK_TICARETHANE
1001444126.0,39.77564346,30.52526205,26010373.0,4.54,11031.817,0,1,0,0,1,0.0,384.0,0.0,0.0,10647.817,2,ORTA_TICARETHANE
1001444227.0,39.77970851,30.52324477,26005911.0,5.3100000000000005,10237.219,0,1,0,0,1,0.0,1914.062,0.0,0.0,8323.157,2,KUCUK_TICARETHANE
1001444553.0,39.778127,30.52069729,26005910.0,5.01,1628.508,0,1,0,0,2,0.0,1199.0,0.0,0.0,429.50800000000004,3,KUCUK_TICARETHANE
1001444587.0,39.78897985,30.48064339,26006157.0,108.64,62896.7,0,0,0,0,1,0.0,0.0,0.0,0.0,62896.7,1,ORTA_TICARETHANE
1001444680.0,39.78024025,30.51908916,26005726.0,4.005,7209.299,0,0,0,0,2,0.0,0.0,0.0,0.0,7209.299,2,KUCUK_TICARETHANE
1001444774.0,39.79359326,30.54160823,26005440.0,3.0,1701.463,0,0,0,0,1,0.0,0.0,0.0,0.0,1701.463,1,KUCUK_TICARETHANE
1001444923.0,39.77627053,30.52618435,26010373.0,5.055,2501.908,0,0,0,0,2,0.0,0.0,0.0,0.0,2501.908,2,KUCUK_TICARETHANE
1001445123.0,39.85043712,30.48516763,26005650.0,5.01,24.072,0,0,0,0,1,0.0,0.0,0.0,0.0,24.072,1,KUCUK_TICARETHANE
1001445218.0,39.78331371,30.46978173,26013546.0,3.0,1728.819,0,0,0,0,1,0.0,0.0,0.0,0.0,1728.819,1,KUCUK_TICARETHANE
1001445365.0,39.78483031,30.46700244,26013544.0,5.01,7450.705,0,0,0,0,1,0.0,0.0,0.0,0.0,7450.705,1,KUCUK_TICARETHANE
1001445483.0,39.77622176,30.52467815,26010355.0,6.924000000000001,11903.668000000001,0,0,0,0,5,0.0,0.0,0.0,0.0,11903.668000000001,5,ORTA_TICARETHANE
1001445641.0,39.78497879,30.5220956,26006026.0,5.01,143.166,0,0,0,0,1,0.0,0.0,0.0,0.0,143.166,1,KUCUK_TICARETHANE
1001445927.0,39.77565127,30.52151971,26010155.0,58.626666666666665,175026.988,0,0,0,0,3,0.0,0.0,0.0,0.0,175026.988,3,ORTA_TICARETHANE
1001446000.0,39.77721558,30.52958775,26006452.0,5.0,715.779,1,0,0,0,0,715.779,0.0,0.0,0.0,0.0,0,AYDINLATMA
1001446550.0,39.78008116,30.51912578,26006230.0,5.0,1001.425,1,0,0,0,0,1001.425,0.0,0.0,0.0,0.0,0,AYDINLATMA
1001446588.0,39.80671282,30.48808264,26012160.0,3.0,2269.067,0,0,0,1,0,0.0,0.0,0.0,2269.067,0.0,0,TARIMSAL_SULAMA
1001447104.0,39.79953597,30.51061494,26010521.0,3.0,4038.9359999999997,0,2,0,0,1,0.0,2088.849,0.0,0.0,1950.087,3,KUCUK_TICARETHANE
1001447157.0,39.78267295,30.4756546,26001518.0,5.01,1573.0,0,0,0,0,1,0.0,0.0,0.0,0.0,1573.0,1,KUCUK_TICARETHANE
1001447391.0,39.79081076,30.52579406,26013574.0,5.01,22949.98,1,0,0,0,0,22949.98,0.0,0.0,0.0,0.0,0,AYDINLATMA
1001447547.0,39.78810375,30.51837799,26010679.0,5.01,16115.522,1,0,0,0,0,16115.522,0.0,0.0,0.0,0.0,0,AYDINLATMA
1001447593.0,39.79373121,30.51353696,26010569.0,6.7,26.248,0,0,0,0,1,0.0,0.0,0.0,0.0,26.248,1,KUCUK_TICARETHANE
1001447594.0,39.78640574,30.47227624,26013551.0,23.43,5687.108,0,0,0,0,1,0.0,0.0,0.0,0.0,5687.108,1,ORTA_TICARETHANE
1001447620.0,39.78452335,30.46600364,26013544.0,3.0,1042.0,0,0,0,0,1,0.0,0.0,0.0,0.0,1042.0,1,KUCUK_TICARETHANE
1001447936.0,39.7972918,30.4792344,26006124.0,3.0,52775.694,1,0,0,0,0,52775.694,0.0,0.0,0.0,0.0,0,AYDINLATMA
1001448016.0,39.79151803,30.48484357,26010072.0,5.373333333333332,8337.654999999999,0,4,0,0,2,0.0,6552.655,0.0,0.0,1785.0,6,KUCUK_TICARETHANE
1001448222.0,39.77914331,30.51756594,26005147.0,5.01,11187.462,0,0,0,0,1,0.0,0.0,0.0,0.0,11187.462,1,ORTA_TICARETHANE
1001448343.0,39.80525253,30.48867038,26012160.0,5.01,6.683,0,0,0,0,1,0.0,0.0,0.0,0.0,6.683,1,KUCUK_TICARETHANE
1001448432.0,39.87336575,30.38418641,26000907.0,480.0,115209.3,0,0,0,0,1,0.0,0.0,0.0,0.0,115209.3,1,ORTA_TICARETHANE
1001449108.0,39.7931982,30.55199148,26005223.0,3.0,4637.0,0,0,0,0,1,0.0,0.0,0.0,0.0,4637.0,1,KUCUK_TICARETHANE
1001449187.0,39.77772555,30.51833105,26005146.0,5.463846153846154,36714.407,0,7,0,0,6,0.0,8119.194,0.0,0.0,28595.213,13,ORTA_TICARETHANE
1001449212.0,39.77826761,30.51575492,26005192.0,4.534594594594594,152619.14500000002,0,6,0,0,31,0.0,8365.636999999999,0.0,0.0,144253.508,37,ORTA_TICARETHANE
1001449981.0,39.77905657,30.51076664,26005186.0,3.0,32955.752,0,0,0,0,1,0.0,0.0,0.0,0.0,32955.752,1,ORTA_TICARETHANE
1001450031.0,39.78958594,30.51123532,26010667.0,5.716666666666667,28585.867,0,17,0,0,13,0.0,15288.131,0.0,0.0,13297.736,30,ORTA_TICARETHANE
1001450110.0,39.77632752,30.52079167,26005910.0,5.01,725.311,0,0,0,0,1,0.0,0.0,0.0,0.0,725.311,1,KUCUK_TICARETHANE
1001450146.0,39.76673522,30.46734889,26010913.0,3.0,90.282,0,0,0,0,1,0.0,0.0,0.0,0.0,90.282,1,KUCUK_TICARETHANE
1001450483.0,39.79281799,30.45587675,26010915.0,6.64,883.186,0,0,0,0,1,0.0,0.0,0.0,0.0,883.186,1,KUCUK_TICARETHANE
1001450646.0,39.79147881,30.47035231,26005993.0,4.34,72857.68299999999,0,2,0,0,4,0.0,1947.163,0.0,0.0,70910.52,6,ORTA_TICARETHANE
1001451028.0,39.77720214,30.4582283,26010136.0,3.804,13624.608,0,1,0,0,4,0.0,697.0,0.0,0.0,12927.608,5,ORTA_TICARETHANE
1001451147.0,39.78388592,30.47529571,26013550.0,5.01,207.0,0,0,0,0,2,0.0,0.0,0.0,0.0,207.0,2,KUCUK_TICARETHANE
1001451326.0,39.80701283,30.60509455,26003675.0,5.01,10358.581,0,0,0,1,1,0.0,0.0,0.0,9555.793,802.788,1,KUCUK_TICARETHANE
1001451345.0,39.80256067,30.49251519,26010545.0,4.34,1540.709,0,1,0,0,2,0.0,1319.0,0.0,0.0,221.709,3,KUCUK_TICARETHANE
1001451379.0,39.77794649,30.45974075,26010136.0,4.005,13109.667,0,0,0,0,2,0.0,0.0,0.0,0.0,13109.667,2,ORTA_TICARETHANE
1001451689.0,39.80320086,30.58804516,26009785.0,5.01,4453.03,0,0,0,1,0,0.0,0.0,0.0,4453.03,0.0,0,TARIMSAL_SULAMA
1001451916.0,39.76075296,30.47026125,26010890.0,5.02,52827.662,1,0,0,0,0,52827.662,0.0,0.0,0.0,0.0,0,AYDINLATMA
1001452084.0,39.77801354,30.4668531,26013543.0,6.418333333333333,33192.638,0,4,0,0,2,0.0,12359.372,0.0,0.0,20833.265999999996,6,ORTA_TICARETHANE
1001452166.0,39.77673819,30.4833913,26008342.0,189.0,246135.68,0,0,0,0,1,0.0,0.0,0.0,0.0,246135.68,1,ORTA_TICARETHANE
1001452209.0,39.7977299,30.50160385,26010532.0,4.34,35284.047999999995,0,7,0,0,5,0.0,10895.206,0.0,0.0,24388.842,12,ORTA_TICARETHANE
1001452341.0,39.78995152,30.45837094,26006410.0,9.73,4022.487,0,0,0,0,1,0.0,0.0,0.0,0.0,4022.487,1,KUCUK_TICARETHANE
1001452431.0,39.84759437,30.48780804,26005650.0,3.0,1230.242,0,0,0,1,0,0.0,0.0,0.0,1230.242,0.0,0,TARIMSAL_SULAMA
1001452438.0,39.78387964,30.50455362,26010547.0,83.52,117831.7,0,0,0,0,1,0.0,0.0,0.0,0.0,117831.7,1,ORTA_TICARETHANE
1001452504.0,39.77581878,30.52086514,26005723.0,4.763333333333333,15406.068,0,0,0,0,3,0.0,0.0,0.0,0.0,15406.068,3,ORTA_TICARETHANE
1001452704.0,39.82978077,30.42314128,26008843.0,600.0,522652.92,0,0,0,0,1,0.0,0.0,0.0,0.0,522652.92,1,BUYUK_TICARETHANE
1001452795.0,39.77579005,30.52252963,26005700.0,3.0,2299.437,0,0,0,0,1,0.0,0.0,0.0,0.0,2299.437,1,KUCUK_TICARETHANE
1001452927.0,39.7788293,30.51486414,26005195.0,4.381875,76952.541,0,6,0,0,10,0.0,19395.586,0.0,0.0,57556.955,16,ORTA_TICARETHANE
1001452940.0,39.78751789,30.4831884,26006181.0,5.01,16347.833,0,0,0,0,2,0.0,0.0,0.0,0.0,16347.833,2,ORTA_TICARETHANE
1001453169.0,39.77549822,30.52062639,26005723.0,5.01,2213.986,0,0,0,0,1,0.0,0.0,0.0,0.0,2213.986,1,KUCUK_TICARETHANE
1001453282.0,39.77234729,30.47731658,26010904.0,5.01,128.744,0,0,0,0,1,0.0,0.0,0.0,0.0,128.744,1,KUCUK_TICARETHANE
1001453339.0,39.78370154,30.472162,26013547.0,5.01,21610.910000000003,0,0,0,0,2,0.0,0.0,0.0,0.0,21610.910000000003,2,ORTA_TICARETHANE
1001453414.0,39.77539723,30.47568645,26005695.0,3.0,26987.201,1,0,0,0,0,26987.201,0.0,0.0,0.0,0.0,0,AYDINLATMA
1001453546.0,39.79540752,30.51229186,26010524.0,4.005,2367.0,0,1,0,0,1,0.0,2009.0,0.0,0.0,358.0,2,KUCUK_TICARETHANE
1001453603.0,39.77811564,30.51607004,26005147.0,6.495263157894737,114245.622,0,12,0,0,7,0.0,15747.922,0.0,0.0,98497.70000000001,19,ORTA_TICARETHANE
1001453798.0,39.79775185,30.51094886,26010522.0,5.01,10090.51,0,0,0,0,1,0.0,0.0,0.0,0.0,10090.51,1,ORTA_TICARETHANE
1001453879.0,39.76565652,30.46859405,26010913.0,4.758333333333333,12166.75,0,3,0,0,3,0.0,5457.554,0.0,0.0,6709.196,6,KUCUK_TICARETHANE
1001453957.0,39.79860033,30.48871031,26005688.0,3.0,38744.413,1,0,0,0,0,38744.413,0.0,0.0,0.0,0.0,0,AYDINLATMA
1001453984.0,39.78888076,30.4638483,26010456.0,24.0,2068.416,0,0,0,0,1,0.0,0.0,0.0,0.0,2068.416,1,ORTA_TICARETHANE
1001454145.0,39.78570643,30.47457637,26013549.0,3.0,16305.29,1,0,0,0,0,16305.29,0.0,0.0,0.0,0.0,0,AYDINLATMA
1001454173.0,39.77602445,30.5204398,26005910.0,3.0,1621.389,0,0,0,0,1,0.0,0.0,0.0,0.0,1621.389,1,KUCUK_TICARETHANE
1001454288.0,39.78179606,30.524115,26006263.0,6.441666666666666,13041.393,0,3,0,0,3,0.0,1549.9299999999998,0.0,0.0,11491.463,6,ORTA_TICARETHANE
1001454390.0,39.78004954,30.51882637,26006024.0,17.34,44002.111,0,0,0,0,1,0.0,0.0,0.0,0.0,44002.111,1,ORTA_TICARETHANE
1001454470.0,39.7934159,30.52274641,26010154.0,5.01,895.96,0,0,0,0,1,0.0,0.0,0.0,0.0,895.96,1,KUCUK_TICARETHANE
1001454513.0,39.8055232,30.49828846,26010538.0,3.0,8622.0,0,0,0,1,0,0.0,0.0,0.0,8622.0,0.0,0,TARIMSAL_SULAMA
1001454577.0,39.82122773,30.65678109,26009254.0,30.0,85027.54,0,0,0,1,0,0.0,0.0,0.0,85027.54,0.0,0,TARIMSAL_SULAMA
1001454817.0,39.81568393,30.4873985,26005126.0,5.01,1698.907,0,0,0,1,0,0.0,0.0,0.0,1698.907,0.0,0,TARIMSAL_SULAMA
1001455203.0,39.78282915,30.47023511,26013546.0,5.01,3558.285,0,0,0,0,1,0.0,0.0,0.0,0.0,3558.285,1,KUCUK_TICARETHANE
1001455275.0,39.78549961,30.47063271,26013547.0,3.0,1942.9070000000002,0,0,0,0,2,0.0,0.0,0.0,0.0,1942.9070000000002,2,KUCUK_TICARETHANE
1001455282.0,39.77855484,30.51784688,26005146.0,5.01,845.454,0,0,0,0,1,0.0,0.0,0.0,0.0,845.454,1,KUCUK_TICARETHANE
1001455694.0,39.78205538,30.51906904,26005722.0,5.01,3357.343,0,0,0,0,1,0.0,0.0,0.0,0.0,3357.343,1,KUCUK_TICARETHANE
1001455918.0,39.78470833,30.4675757,26013544.0,3.0,1079.415,0,0,0,0,1,0.0,0.0,0.0,0.0,1079.415,1,KUCUK_TICARETHANE
1001456333.0,39.78347149,30.46965617,26013546.0,5.01,4359.051,0,0,0,0,1,0.0,0.0,0.0,0.0,4359.051,1,KUCUK_TICARETHANE
1001456379.0,39.79872527,30.51643842,26010517.0,5.01,8576.067,0,0,0,0,1,0.0,0.0,0.0,0.0,8576.067,1,KUCUK_TICARETHANE
1001456537.0,39.78142253,30.51484005,26010672.0,3.0,5134.678,0,0,0,0,1,0.0,0.0,0.0,0.0,5134.678,1,KUCUK_TICARETHANE
1001456734.0,39.78579822,30.52751681,26013564.0,14.13,76295.32,0,0,0,0,1,0.0,0.0,0.0,0.0,76295.32,1,ORTA_TICARETHANE
1001456775.0,39.78159215,30.51722398,26010314.0,8.25,3492.358,0,0,0,0,1,0.0,0.0,0.0,0.0,3492.358,1,KUCUK_TICARETHANE
1001457116.0,39.78227178,30.46809787,26013545.0,48.78,118152.9,0,0,1,0,0,0.0,0.0,118152.9,0.0,0.0,1,ORTA_SANAYI
1001457297.0,39.77124262,30.45926669,26010909.0,3.0,967.313,0,0,0,1,0,0.0,0.0,0.0,967.313,0.0,0,TARIMSAL_SULAMA
1001457407.0,39.77822078,30.51362949,26005188.0,4.994848484848484,86730.154,0,17,0,0,16,0.0,30122.174,0.0,0.0,56607.979999999996,33,ORTA_TICARETHANE
1001457647.0,39.79297793,30.53294053,26013569.0,3.0,3041.0,0,1,0,0,2,0.0,263.0,0.0,0.0,2778.0,3,KUCUK_TICARETHANE
1001457671.0,39.77737119,30.45912635,26010136.0,5.01,5255.431,0,0,0,0,1,0.0,0.0,0.0,0.0,5255.431,1,KUCUK_TICARETHANE
1001458025.0,39.77625825,30.47177335,26010846.0,4.005,1581.0,0,1,0,0,1,0.0,1519.0,0.0,0.0,62.0,2,KUCUK_TICARETHANE
1001458123.0,39.78580363,30.47374275,26013549.0,5.01,2257.654,0,0,0,0,1,0.0,0.0,0.0,0.0,2257.654,1,KUCUK_TICARETHANE
1001458594.0,39.78890075,30.56643337,26006164.0,5.01,261.483,0,0,0,0,1,0.0,0.0,0.0,0.0,261.483,1,KUCUK_TICARETHANE
1001458602.0,39.79776001,30.50125154,26010533.0,4.005,4900.864,0,1,0,0,1,0.0,35.0,0.0,0.0,4865.864,2,KUCUK_TICARETHANE
1001458704.0,39.78433111,30.47204585,26013547.0,5.01,6930.0,0,0,0,0,1,0.0,0.0,0.0,0.0,6930.0,1,KUCUK_TICARETHANE
1001458973.0,39.79265278,30.48737478,26005901.0,6.5566666666666675,4754.802,0,2,0,0,1,0.0,3983.291,0.0,0.0,771.511,3,KUCUK_TICARETHANE
1001459108.0,39.79893588,30.48589156,26005687.0,5.01,8404.948,1,0,0,0,0,8404.948,0.0,0.0,0.0,0.0,0,AYDINLATMA
1001459197.0,39.77567468,30.52331089,26006345.0,5.01,4053.0,0,0,0,0,1,0.0,0.0,0.0,0.0,4053.0,1,KUCUK_TICARETHANE
1001459292.0,39.79867586,30.50007066,26010536.0,4.383333333333333,4594.898999999999,0,2,0,0,1,0.0,3844.899,0.0,0.0,750.0,3,KUCUK_TICARETHANE
1001459350.0,39.78336261,30.47747559,26001518.0,5.01,4024.672,0,0,0,0,1,0.0,0.0,0.0,0.0,4024.672,1,KUCUK_TICARETHANE
1001459575.0,39.7764341,30.5231007,26005700.0,175.65,80994.64,0,0,0,0,1,0.0,0.0,0.0,0.0,80994.64,1,ORTA_TICARETHANE
1001459670.0,39.78682365,30.52542999,26013564.0,5.01,2480.163,0,0,0,0,2,0.0,0.0,0.0,0.0,2480.163,2,KUCUK_TICARETHANE
1001459756.0,39.79924558,30.5039622,26010536.0,3.67,7097.739,0,2,0,0,1,0.0,3619.0,0.0,0.0,3478.739,3,KUCUK_TICARETHANE
1001459764.0,39.77880119,30.48080528,26005698.0,48.0,194803.52,0,0,0,0,1,0.0,0.0,0.0,0.0,194803.52,1,ORTA_TICARETHANE
1001459995.0,39.779768,30.52233719,26005911.0,3.0,578.001,0,0,0,0,1,0.0,0.0,0.0,0.0,578.001,1,KUCUK_TICARETHANE
1001460134.0,39.78011382,30.51442734,26005145.0,3.0,39315.51,1,0,0,0,0,39315.51,0.0,0.0,0.0,0.0,0,AYDINLATMA
1001460317.0,39.78384304,30.47712062,26010135.0,8.99,13439.407,0,0,0,0,1,0.0,0.0,0.0,0.0,13439.407,1,ORTA_TICARETHANE
1001460449.0,39.80615857,30.50002532,26010538.0,3.0,153.689,0,0,0,0,1,0.0,0.0,0.0,0.0,153.689,1,KUCUK_TICARETHANE
1001460584.0,39.78594584,30.50971199,26010683.0,4.34,121008.72700000001,1,0,0,0,2,75257.176,0.0,0.0,0.0,45751.551,2,ORTA_TICARETHANE
1001460606.0,39.80341186,30.55236502,26005232.0,5.275,7902.92,0,1,0,0,1,0.0,4552.177,0.0,0.0,3350.743,2,KUCUK_TICARETHANE
1001460850.0,39.8020696,30.49304673,26010545.0,46.0,41378.289,0,0,0,0,3,0.0,0.0,0.0,0.0,41378.289,3,ORTA_TICARETHANE
1001460965.0,39.78141975,30.51452309,26010672.0,7.244375,89157.432,0,11,0,0,5,0.0,15957.547999999999,0.0,0.0,73199.884,16,ORTA_TICARETHANE
1001461031.0,39.78192107,30.49273586,26005912.0,5.01,15779.424,1,0,0,0,0,15779.424,0.0,0.0,0.0,0.0,0,AYDINLATMA
1001461090.0,39.78208976,30.50944165,26010546.0,74.55,161271.27,0,0,0,0,1,0.0,0.0,0.0,0.0,161271.27,1,ORTA_TICARETHANE
1001461183.0,39.7856431,30.47171196,26013548.0,17.84,7235.847,0,0,0,0,1,0.0,0.0,0.0,0.0,7235.847,1,ORTA_TICARETHANE
1001461259.0,39.80301317,30.60875579,26003675.0,5.01,1510.223,0,0,0,1,0,0.0,0.0,0.0,1510.223,0.0,0,TARIMSAL_SULAMA
1001461264.0,39.78529912,30.46997785,26013546.0,5.01,1271.0,0,0,0,0,1,0.0,0.0,0.0,0.0,1271.0,1,KUCUK_TICARETHANE
1001461336.0,39.77629312,30.52112865,26005910.0,4.206,16331.314,0,0,0,0,5,0.0,0.0,0.0,0.0,16331.314,5,ORTA_TICARETHANE
1001461540.0,39.78432513,30.46670343,26013544.0,3.0,567.0,0,0,0,0,1,0.0,0.0,0.0,0.0,567.0,1,KUCUK_TICARETHANE
1001461606.0,39.79429289,30.53308137,26013569.0,3.0,6086.451,0,0,0,0,1,0.0,0.0,0.0,0.0,6086.451,1,KUCUK_TICARETHANE
1001461625.0,39.77490998,30.45919519,26010848.0,5.728333333333333,12492.916,0,4,0,0,2,0.0,8964.974999999999,0.0,0.0,3527.941,6,KUCUK_TICARETHANE
1001461734.0,39.77541139,30.55298338,26007722.0,4.673720930232558,212184.277,0,1,0,0,42,0.0,290.0,0.0,0.0,211894.277,43,ORTA_TICARETHANE
1001461861.0,39.78446128,30.51019072,26010549.0,4.474117647058824,120980.191,0,10,0,0,7,0.0,14517.483,0.0,0.0,106462.708,17,ORTA_TICARETHANE
1001462090.0,39.7886891,30.53158137,26005883.0,11.36,4527.817,0,0,0,0,1,0.0,0.0,0.0,0.0,4527.817,1,KUCUK_TICARETHANE
1001462483.0,39.77612443,30.5197019,26005890.0,17.18,26383.118,0,0,0,0,1,0.0,0.0,0.0,0.0,26383.118,1,ORTA_TICARETHANE
1001462659.0,39.80729224,30.60609353,26003675.0,5.01,1773.772,0,0,0,1,1,0.0,0.0,0.0,660.911,1112.861,1,KUCUK_TICARETHANE
1001463019.0,39.76264546,30.47094048,26008355.0,378.0,784807.38,0,0,0,0,1,0.0,0.0,0.0,0.0,784807.38,1,ORTA_TICARETHANE
1001463190.0,39.77788706,30.51698372,26005147.0,5.154999999999999,15528.025,0,0,0,0,2,0.0,0.0,0.0,0.0,15528.025,2,ORTA_TICARETHANE
1001463316.0,39.78232124,30.47795059,26001518.0,232.94250000000002,507133.207,0,0,0,0,4,0.0,0.0,0.0,0.0,507133.207,4,ORTA_TICARETHANE
1001463537.0,39.78479129,30.47358463,26013548.0,3.0,1021.0,0,0,0,0,1,0.0,0.0,0.0,0.0,1021.0,1,KUCUK_TICARETHANE
1001463561.0,39.78571298,30.47269466,26013548.0,43.17,3364.06,0,0,0,0,1,0.0,0.0,0.0,0.0,3364.06,1,ORTA_TICARETHANE
1001463635.0,39.8007782,30.49131933,26010545.0,5.4,2948.414,0,0,0,0,1,0.0,0.0,0.0,0.0,2948.414,1,KUCUK_TICARETHANE
1001463656.0,39.78970789,30.45798111,26005119.0,12.92,3252.909,0,0,0,0,1,0.0,0.0,0.0,0.0,3252.909,1,KUCUK_TICARETHANE
1001463775.0,39.77573729,30.55282002,26007722.0,5.01,361.0,0,0,0,0,1,0.0,0.0,0.0,0.0,361.0,1,KUCUK_TICARETHANE
1001463821.0,39.77166406,30.55671887,26007724.0,120.0,107271.9,0,0,0,0,1,0.0,0.0,0.0,0.0,107271.9,1,ORTA_TICARETHANE
1001464059.0,39.77833535,30.51890324,26005146.0,4.92,2651.147,0,2,0,0,1,0.0,1368.6190000000001,0.0,0.0,1282.528,3,KUCUK_TICARETHANE
1001464198.0,39.84473888,30.50959102,26006791.0,30.0,15620.18,0,0,0,0,1,0.0,0.0,0.0,0.0,15620.18,1,ORTA_TICARETHANE
1001464200.0,39.77670415,30.51964944,26005890.0,4.34,5039.179,0,1,0,0,2,0.0,458.069,0.0,0.0,4581.11,3,KUCUK_TICARETHANE
1001464515.0,39.77592469,30.52326291,26005700.0,5.01,470.189,0,0,0,0,1,0.0,0.0,0.0,0.0,470.189,1,KUCUK_TICARETHANE
1001465331.0,39.78023558,30.45668365,26005121.0,5.865,1772.491,0,1,0,0,1,0.0,904.411,0.0,0.0,868.08,2,KUCUK_TICARETHANE
1001465340.0,39.79085512,30.54456253,26005690.0,4.34,7394.657,0,0,0,0,3,0.0,0.0,0.0,0.0,7394.657,3,KUCUK_TICARETHANE
1001465669.0,39.78692124,30.52572381,26013564.0,5.01,31128.329999999998,0,0,0,0,2,0.0,0.0,0.0,0.0,31128.329999999998,2,ORTA_TICARETHANE
1001466034.0,39.7834175,30.50444356,26010547.0,6.359302325581395,290676.42799999996,0,13,0,0,73,0.0,54672.01,0.0,0.0,236004.418,86,ORTA_TICARETHANE
1001466036.0,39.78435258,30.46798225,26013545.0,3.0,1615.733,0,0,0,0,1,0.0,0.0,0.0,0.0,1615.733,1,KUCUK_TICARETHANE
1001466051.0,39.78443772,30.47278477,26013548.0,5.01,1389.324,0,0,0,0,1,0.0,0.0,0.0,0.0,1389.324,1,KUCUK_TICARETHANE
1001466128.0,39.77637692,30.52137711,26005723.0,5.01,1987.68,0,0,0,0,1,0.0,0.0,0.0,0.0,1987.68,1,KUCUK_TICARETHANE
1001466379.0,39.78227079,30.46522003,26005120.0,3.0,3593.3509999999997,0,2,0,0,1,0.0,2743.0299999999997,0.0,0.0,850.321,3,KUCUK_TICARETHANE
1001466893.0,39.8092135,30.54780352,26002734.0,3.0,19.388,0,0,0,1,0,0.0,0.0,0.0,19.388,0.0,0,TARIMSAL_SULAMA
1001466915.0,39.79944392,30.49955086,26010535.0,3.5025,9609.666,0,2,0,0,2,0.0,4570.0,0.0,0.0,5039.666,4,KUCUK_TICARETHANE
1001466926.0,39.78499723,30.46861855,26013544.0,9.89,460.0,0,0,0,0,1,0.0,0.0,0.0,0.0,460.0,1,KUCUK_TICARETHANE
1001467272.0,39.78583052,30.47295729,26013548.0,9.48,3545.0,0,0,0,0,1,0.0,0.0,0.0,0.0,3545.0,1,KUCUK_TICARETHANE
1001467502.0,39.79340679,30.52745379,26013568.0,3.0,37123.424,1,0,0,0,0,37123.424,0.0,0.0,0.0,0.0,0,AYDINLATMA
1001467567.0,39.98984015,30.38086882,26002217.0,15.0,8291.838,0,0,0,0,1,0.0,0.0,0.0,0.0,8291.838,1,KUCUK_TICARETHANE
1001467751.0,39.80169196,30.49162551,26010545.0,9.89,37637.653000000006,0,0,0,0,2,0.0,0.0,0.0,0.0,37637.653000000006,2,ORTA_TICARETHANE
1001467869.0,39.78015211,30.46524683,26010101.0,5.01,5529.412,0,0,0,0,1,0.0,0.0,0.0,0.0,5529.412,1,KUCUK_TICARETHANE
1001468242.0,39.79415096,30.50362365,26010530.0,4.34,2033.6979999999999,0,2,0,0,1,0.0,2019.7269999999999,0.0,0.0,13.971,3,KUCUK_TICARETHANE
1001468417.0,39.7831684,30.46853327,26013545.0,8.6,1352.531,0,0,0,0,1,0.0,0.0,0.0,0.0,1352.531,1,KUCUK_TICARETHANE
1001468559.0,39.78759425,30.48288266,26006181.0,5.82,57191.518,0,0,0,0,1,0.0,0.0,0.0,0.0,57191.518,1,ORTA_TICARETHANE
1001468612.0,39.80717577,30.53798642,26014272.0,3.0,1939.959,0,0,0,0,1,0.0,0.0,0.0,0.0,1939.959,1,KUCUK_TICARETHANE
1001468746.0,39.79577774,30.56016034,26009784.0,5.01,1034.779,0,0,0,0,1,0.0,0.0,0.0,0.0,1034.779,1,KUCUK_TICARETHANE
1001468748.0,39.79763305,30.50140508,26010533.0,3.67,5336.346,0,2,0,0,1,0.0,3306.346,0.0,0.0,2030.0,3,KUCUK_TICARETHANE
1001468999.0,39.80414691,30.50982192,26010520.0,12.96,3502.36,0,0,0,0,1,0.0,0.0,0.0,0.0,3502.36,1,KUCUK_TICARETHANE
1001469022.0,39.79523997,30.47743892,26006044.0,5.9399999999999995,10022.218,0,1,0,0,1,0.0,2578.594,0.0,0.0,7443.624,2,KUCUK_TICARETHANE
1001469036.0,39.78397,30.46889699,26013546.0,5.01,818.9,0,0,0,0,1,0.0,0.0,0.0,0.0,818.9,1,KUCUK_TICARETHANE
1001469048.0,39.78678343,30.50807336,26010552.0,5.01,3960.293,0,0,0,0,1,0.0,0.0,0.0,0.0,3960.293,1,KUCUK_TICARETHANE
1001469318.0,39.78550304,30.47435242,26013549.0,5.01,1251.0,0,0,0,0,1,0.0,0.0,0.0,0.0,1251.0,1,KUCUK_TICARETHANE
1001469375.0,39.804808,30.49910296,26010538.0,5.01,75067.342,1,0,0,0,0,75067.342,0.0,0.0,0.0,0.0,0,AYDINLATMA
1001469451.0,39.79934644,30.51036515,26010523.0,5.01,6190.47,0,1,0,0,1,0.0,1875.0,0.0,0.0,4315.47,2,KUCUK_TICARETHANE
1001469784.0,39.77563635,30.520263,26005723.0,8.82,13085.132,0,0,0,0,1,0.0,0.0,0.0,0.0,13085.132,1,ORTA_TICARETHANE
1001469994.0,39.79960376,30.54222748,26010317.0,5.01,3213.715,0,0,0,0,1,0.0,0.0,0.0,0.0,3213.715,1,KUCUK_TICARETHANE
1001470405.0,39.77857909,30.53295548,26006170.0,3.725,2088.653,0,1,0,0,1,0.0,234.524,0.0,0.0,1854.129,2,KUCUK_TICARETHANE
1001470559.0,39.7791708,30.5240277,26006453.0,5.01,634.399,0,0,0,0,1,0.0,0.0,0.0,0.0,634.399,1,KUCUK_TICARETHANE
1001470684.0,39.80015723,30.47758151,26006286.0,3.0,254.823,0,0,0,1,0,0.0,0.0,0.0,254.823,0.0,0,TARIMSAL_SULAMA
1001470791.0,39.78581086,30.45570085,26005123.0,5.533333333333334,5108.268,0,2,0,0,1,0.0,2342.047,0.0,0.0,2766.221,3,KUCUK_TICARETHANE
1001470854.0,39.77640664,30.45398927,26010836.0,3.0,26048.324,1,0,0,0,0,26048.324,0.0,0.0,0.0,0.0,0,AYDINLATMA
1001470923.0,39.820611,30.49543646,26006389.0,4.206,9934.733,0,0,0,3,2,0.0,0.0,0.0,9552.648000000001,382.08500000000004,2,KUCUK_TICARETHANE
1001471136.0,39.79332348,30.50732636,26010525.0,5.01,8313.831,0,0,0,0,2,0.0,0.0,0.0,0.0,8313.831,2,KUCUK_TICARETHANE
1001471410.0,39.80377842,30.57535042,26009785.0,5.01,3524.539,0,0,0,0,1,0.0,0.0,0.0,0.0,3524.539,1,KUCUK_TICARETHANE
1001471457.0,39.77714004,30.47084538,26010846.0,5.16,464.557,0,0,0,0,1,0.0,0.0,0.0,0.0,464.557,1,KUCUK_TICARETHANE
1001471508.0,39.79573254,30.56766866,26009784.0,5.01,2480.074,0,0,0,1,0,0.0,0.0,0.0,2480.074,0.0,0,TARIMSAL_SULAMA
1001471522.0,39.79306157,30.54745693,26005690.0,5.078333333333333,27607.793999999998,0,4,0,0,2,0.0,2968.709,0.0,0.0,24639.085,6,ORTA_TICARETHANE
1001471930.0,39.83067937,30.49843953,26006451.0,6.459999999999999,5542.771,0,3,0,0,2,0.0,3125.227,0.0,0.0,2417.544,5,KUCUK_TICARETHANE
1001472058.0,39.77693915,30.46436175,26010841.0,5.16,4327.869,0,0,0,0,1,0.0,0.0,0.0,0.0,4327.869,1,KUCUK_TICARETHANE
1001472216.0,39.7890438,30.57031349,26005236.0,5.01,23.099,0,0,0,0,1,0.0,0.0,0.0,0.0,23.099,1,KUCUK_TICARETHANE
1001472724.0,39.7770451,30.52407738,26005909.0,3.0,1288.0,0,0,0,0,1,0.0,0.0,0.0,0.0,1288.0,1,KUCUK_TICARETHANE
1001472818.0,39.78395793,30.46957917,26013546.0,5.01,4298.522,0,0,0,0,1,0.0,0.0,0.0,0.0,4298.522,1,KUCUK_TICARETHANE
1001472911.0,39.78562471,30.46975227,26013546.0,10.22,10951.182,0,0,1,0,0,0.0,0.0,10951.182,0.0,0.0,1,KUCUK_SANAYI
1001472924.0,39.79373297,30.54697587,26005690.0,5.462000000000001,14181.75,0,3,0,0,2,0.0,5538.787,0.0,0.0,8642.963,5,KUCUK_TICARETHANE
1001473086.0,39.78267244,30.47353146,26010805.0,5.01,7997.6669999999995,0,0,0,0,2,0.0,0.0,0.0,0.0,7997.6669999999995,2,KUCUK_TICARETHANE
1001473211.0,39.78280995,30.51575993,26010672.0,5.01,8595.058,0,0,0,0,1,0.0,0.0,0.0,0.0,8595.058,1,KUCUK_TICARETHANE
1001473687.0,39.78462711,30.46762457,26013544.0,12.21,970.42,0,0,0,0,1,0.0,0.0,0.0,0.0,970.42,1,KUCUK_TICARETHANE
1001473758.0,39.78486174,30.46678671,26013544.0,3.0,15641.393,1,0,0,0,0,15641.393,0.0,0.0,0.0,0.0,0,AYDINLATMA
1001474004.0,39.81963569,30.44499971,26010367.0,3.0,43564.294,1,0,0,0,0,43564.294,0.0,0.0,0.0,0.0,0,AYDINLATMA
1001474677.0,39.78533235,30.47413813,26013549.0,3.0,2646.0,0,0,0,0,1,0.0,0.0,0.0,0.0,2646.0,1,KUCUK_TICARETHANE
1001474739.0,39.77950403,30.51005781,26005186.0,5.01,787.0,0,0,0,0,1,0.0,0.0,0.0,0.0,787.0,1,KUCUK_TICARETHANE
1001474916.0,39.78212229,30.46705292,26013545.0,10.35,6529.376,0,0,0,0,1,0.0,0.0,0.0,0.0,6529.376,1,KUCUK_TICARETHANE
1001475361.0,39.78489149,30.47148439,26013547.0,5.01,1837.0,0,0,0,0,1,0.0,0.0,0.0,0.0,1837.0,1,KUCUK_TICARETHANE
1001475658.0,39.78085733,30.52177986,26005917.0,3.0,500.0,0,0,0,0,2,0.0,0.0,0.0,0.0,500.0,2,KUCUK_TICARETHANE
1001475671.0,39.79475807,30.48356266,26005900.0,3.0,60530.979,1,0,0,0,0,60530.979,0.0,0.0,0.0,0.0,0,AYDINLATMA
1001475692.0,39.79243466,30.47575844,26005199.0,3.0,34368.015,1,0,0,0,0,34368.015,0.0,0.0,0.0,0.0,0,AYDINLATMA
1001475849.0,39.79418393,30.50881386,26010526.0,5.01,22077.039,0,0,0,0,1,0.0,0.0,0.0,0.0,22077.039,1,ORTA_TICARETHANE
1001475864.0,39.79291416,30.49035815,26006361.0,17.925,21503.909,0,0,0,0,2,0.0,0.0,0.0,0.0,21503.909,2,ORTA_TICARETHANE
1001475989.0,39.7983876,30.47779447,26006286.0,5.01,2342.17,0,0,0,0,1,0.0,0.0,0.0,0.0,2342.17,1,KUCUK_TICARETHANE
1001476111.0,39.79503217,30.4841681,26005900.0,5.805,16287.511,0,5,0,0,3,0.0,7131.175,0.0,0.0,9156.336,8,KUCUK_TICARETHANE
1001476136.0,39.79110101,30.39886167,26000117.0,25.0,14566.912,0,0,0,0,1,0.0,0.0,0.0,0.0,14566.912,1,ORTA_TICARETHANE
1001476216.0,39.78369576,30.46835461,26013545.0,3.0,1157.716,0,0,0,0,1,0.0,0.0,0.0,0.0,1157.716,1,KUCUK_TICARETHANE
1001476344.0,39.78299066,30.4747246,26013550.0,3.0,3124.611,0,0,0,0,1,0.0,0.0,0.0,0.0,3124.611,1,KUCUK_TICARETHANE
1001476541.0,39.77870201,30.46473573,26010841.0,3.0,24220.02,1,0,0,0,0,24220.02,0.0,0.0,0.0,0.0,0,AYDINLATMA
1001476557.0,39.7770093,30.52406744,26005909.0,4.005,439.919,0,0,0,0,2,0.0,0.0,0.0,0.0,439.919,2,KUCUK_TICARETHANE
1001476583.0,39.79443232,30.4741245,26006044.0,5.01,9345.12,0,0,0,0,1,0.0,0.0,0.0,0.0,9345.12,1,KUCUK_TICARETHANE
1001476591.0,39.78060666,30.47077917,26010805.0,42.42,28681.17,0,0,0,0,1,0.0,0.0,0.0,0.0,28681.17,1,ORTA_TICARETHANE
1001476615.0,39.7835048,30.51301041,26010685.0,26.82,193492.08299999998,0,3,0,0,4,0.0,66008.62,0.0,0.0,127483.463,7,ORTA_TICARETHANE
1001476987.0,39.78441388,30.47497195,26013550.0,5.01,5221.122,0,0,0,0,1,0.0,0.0,0.0,0.0,5221.122,1,KUCUK_TICARETHANE
1001477004.0,39.82033408,30.44253628,26006251.0,5.01,20922.786,1,0,0,0,0,20922.786,0.0,0.0,0.0,0.0,0,AYDINLATMA
1001477045.0,39.78470554,30.47314181,26013548.0,5.01,329.0,0,0,0,0,1,0.0,0.0,0.0,0.0,329.0,1,KUCUK_TICARETHANE
1001477197.0,39.78835224,30.51092017,26010669.0,5.01,1224.0,0,0,0,0,1,0.0,0.0,0.0,0.0,1224.0,1,KUCUK_TICARETHANE
1001477624.0,39.78560555,30.47274335,26013548.0,6.84,4648.397,0,0,0,0,1,0.0,0.0,0.0,0.0,4648.397,1,KUCUK_TICARETHANE
1001477738.0,39.79605108,30.49507733,26010540.0,181.7,81820.24,0,0,0,0,1,0.0,0.0,0.0,0.0,81820.24,1,ORTA_TICARETHANE
1001478054.0,39.78292793,30.46848222,26013545.0,9.6,1800.0,0,0,0,0,1,0.0,0.0,0.0,0.0,1800.0,1,KUCUK_TICARETHANE
1001478361.0,39.80571217,30.50020747,26010538.0,12.82,573.0,0,0,0,0,1,0.0,0.0,0.0,0.0,573.0,1,KUCUK_TICARETHANE
1001478388.0,39.7844162,30.53279885,26013563.0,4.34,25752.75,0,1,0,0,2,0.0,1525.024,0.0,0.0,24227.726,3,ORTA_TICARETHANE
1001478825.0,39.78298091,30.4738548,26010805.0,8.1,3244.0,0,0,0,0,1,0.0,0.0,0.0,0.0,3244.0,1,KUCUK_TICARETHANE
1001478884.0,39.77640774,30.52366257,26005700.0,10.66,47075.448,0,0,0,0,1,0.0,0.0,0.0,0.0,47075.448,1,ORTA_TICARETHANE
1001479103.0,39.77770561,30.45453079,26010837.0,6.023333333333333,11328.278,0,6,0,0,3,0.0,7290.678,0.0,0.0,4037.6,9,KUCUK_TICARETHANE
1001479207.0,39.78471154,30.47166854,26013547.0,5.01,168.414,0,0,0,0,1,0.0,0.0,0.0,0.0,168.414,1,KUCUK_TICARETHANE
1001479242.0,39.79622064,30.48269895,26005900.0,4.34,6871.261,0,2,0,0,1,0.0,4073.639,0.0,0.0,2797.622,3,KUCUK_TICARETHANE
1001479551.0,39.78835781,30.49258313,26005894.0,3.0,3831.13,1,0,0,0,0,3831.13,0.0,0.0,0.0,0.0,0,AYDINLATMA
1001480088.0,39.78498987,30.47149371,26013547.0,3.0,655.0,0,0,0,0,2,0.0,0.0,0.0,0.0,655.0,2,KUCUK_TICARETHANE
1001480195.0,39.80207959,30.5106485,26010520.0,4.005,2785.169,0,1,0,0,1,0.0,1889.288,0.0,0.0,895.881,2,KUCUK_TICARETHANE
1001480399.0,39.79527836,30.53600976,26008462.0,480.0,1201351.104,0,0,0,0,1,0.0,0.0,0.0,0.0,1201351.104,1,BUYUK_TICARETHANE
1001480445.0,39.80624421,30.60280791,26003675.0,5.01,9682.554,1,0,0,0,0,9682.554,0.0,0.0,0.0,0.0,0,AYDINLATMA
1001480463.0,39.77736942,30.51690679,26005192.0,5.01,4040.0,0,2,0,0,1,0.0,181.0,0.0,0.0,3859.0,3,KUCUK_TICARETHANE
1001480604.0,39.78874133,30.55499453,26006200.0,12.495000000000001,17203.561999999998,0,1,0,0,1,0.0,9072.309,0.0,0.0,8131.253,2,KUCUK_TICARETHANE
1001480649.0,39.78852866,30.51846598,26010680.0,5.6225,37610.7,0,2,0,0,2,0.0,3985.0339999999997,0.0,0.0,33625.666,4,ORTA_TICARETHANE
1001480721.0,39.78272254,30.46937351,26013545.0,5.01,597.0,0,0,0,0,1,0.0,0.0,0.0,0.0,597.0,1,KUCUK_TICARETHANE
1001480822.0,39.80204371,30.58194673,26009785.0,3.0,30818.202,1,0,0,0,0,30818.202,0.0,0.0,0.0,0.0,0,AYDINLATMA
1001480979.0,39.7950966,30.46822089,26006123.0,5.01,3695.243,0,0,0,0,1,0.0,0.0,0.0,0.0,3695.243,1,KUCUK_TICARETHANE
1001481013.0,39.78320167,30.46085997,26005903.0,5.01,3042.789,0,0,0,0,1,0.0,0.0,0.0,0.0,3042.789,1,KUCUK_TICARETHANE
1001481019.0,39.77343373,30.47398791,26010901.0,6.24,1884.389,0,0,0,0,2,0.0,0.0,0.0,0.0,1884.389,2,KUCUK_TICARETHANE
1001481251.0,39.79020794,30.50901026,26010667.0,5.01,2697.939,0,0,0,0,1,0.0,0.0,0.0,0.0,2697.939,1,KUCUK_TICARETHANE
1001481571.0,39.76801024,30.46930748,26010914.0,6.44,48595.262,0,1,0,0,1,0.0,1516.042,0.0,0.0,47079.22,2,ORTA_TICARETHANE
1001481727.0,39.81307087,30.4468326,26010370.0,10.13,2274.619,0,0,0,0,1,0.0,0.0,0.0,0.0,2274.619,1,KUCUK_TICARETHANE
1001481894.0,39.78365704,30.47764619,26001518.0,5.01,4669.769,0,0,0,0,1,0.0,0.0,0.0,0.0,4669.769,1,KUCUK_TICARETHANE
1001482125.0,39.77717249,30.45576317,26010837.0,5.01,14198.847000000002,0,1,0,0,2,0.0,607.327,0.0,0.0,13591.52,3,ORTA_TICARETHANE
1001482364.0,39.76645281,30.46769888,26010913.0,3.67,1632.672,0,2,0,0,1,0.0,727.196,0.0,0.0,905.476,3,KUCUK_TICARETHANE
1001482398.0,39.78005572,30.51556437,26006385.0,5.01,1665.244,0,2,0,0,1,0.0,421.511,0.0,0.0,1243.733,3,KUCUK_TICARETHANE
1001482408.0,39.78393346,30.46791146,26013545.0,3.0,538.0,0,0,0,0,2,0.0,0.0,0.0,0.0,538.0,2,KUCUK_TICARETHANE
1001482738.0,39.80647967,30.60770085,26003675.0,5.01,10998.732,0,0,0,1,0,0.0,0.0,0.0,10998.732,0.0,0,TARIMSAL_SULAMA
1001482808.0,39.77145329,30.47941431,26006342.0,5.01,2688.731,0,0,0,0,1,0.0,0.0,0.0,0.0,2688.731,1,KUCUK_TICARETHANE
1001483353.0,39.78512316,30.47342938,26013548.0,3.0,1375.0,0,0,0,0,1,0.0,0.0,0.0,0.0,1375.0,1,KUCUK_TICARETHANE
1001483683.0,39.78773072,30.48338472,26006181.0,5.01,6877.424000000001,0,0,0,0,3,0.0,0.0,0.0,0.0,6877.424000000001,3,KUCUK_TICARETHANE
1001484645.0,39.79720513,30.50006433,26010533.0,4.34,10493.797,0,2,0,0,4,0.0,1592.0,0.0,0.0,8901.797,6,KUCUK_TICARETHANE
1001484723.0,39.78180445,30.51335217,26010671.0,4.5075,22836.708,0,2,0,0,2,0.0,1796.409,0.0,0.0,21040.299,4,ORTA_TICARETHANE
1001484865.0,39.79468066,30.44727144,26010099.0,5.01,2081.334,1,0,0,0,0,2081.334,0.0,0.0,0.0,0.0,0,AYDINLATMA
1001485098.0,39.77904172,30.53246871,26006170.0,5.01,1813.0,0,0,0,0,1,0.0,0.0,0.0,0.0,1813.0,1,KUCUK_TICARETHANE
1001485271.0,39.80201687,30.43256758,26006811.0,750.0,329859.675,0,0,0,0,1,0.0,0.0,0.0,0.0,329859.675,1,BUYUK_TICARETHANE
1001485319.0,39.80280435,30.58391568,26009785.0,5.01,4318.579,0,0,0,1,0,0.0,0.0,0.0,4318.579,0.0,0,TARIMSAL_SULAMA
1001485344.0,39.78467279,30.46710328,26013544.0,5.01,2350.0,0,0,0,0,1,0.0,0.0,0.0,0.0,2350.0,1,KUCUK_TICARETHANE
1001485369.0,39.77744974,30.51761486,26005146.0,8.735199999999999,187038.048,0,3,0,0,22,0.0,2135.089,0.0,0.0,184902.959,25,ORTA_TICARETHANE
1001485524.0,39.77804745,30.52230309,26005910.0,3.0,715.0,0,0,0,0,1,0.0,0.0,0.0,0.0,715.0,1,KUCUK_TICARETHANE
1001485683.0,39.78076648,30.48265669,26006142.0,3.0,66162.77,1,0,0,0,0,66162.77,0.0,0.0,0.0,0.0,0,AYDINLATMA
1001485770.0,39.78267143,30.47602522,26001518.0,5.1,3351.651,0,0,0,0,1,0.0,0.0,0.0,0.0,3351.651,1,KUCUK_TICARETHANE
1001486063.0,39.79322245,30.4657027,26005930.0,62.94,73828.06,0,0,0,0,1,0.0,0.0,0.0,0.0,73828.06,1,ORTA_TICARETHANE
1001486122.0,39.78446943,30.47662149,26010135.0,57.92,48544.08,0,0,0,0,1,0.0,0.0,0.0,0.0,48544.08,1,ORTA_TICARETHANE
1001486677.0,39.78422071,30.46941725,26013546.0,5.01,2333.0,0,0,0,0,2,0.0,0.0,0.0,0.0,2333.0,2,KUCUK_TICARETHANE
1001486849.0,39.77590254,30.53132223,26005713.0,5.159999999999999,5608.205,0,3,0,0,2,0.0,5295.576999999999,0.0,0.0,312.628,5,KUCUK_TICARETHANE
1001486946.0,39.80352398,30.5385741,26014272.0,3.0,114.0,0,0,0,0,1,0.0,0.0,0.0,0.0,114.0,1,KUCUK_TICARETHANE
1001487029.0,39.78948918,30.51406408,26005134.0,3.0,39409.368,1,0,0,0,0,39409.368,0.0,0.0,0.0,0.0,0,AYDINLATMA
1001487123.0,39.78340459,30.46969895,26013546.0,12.52,86.0,0,0,0,0,1,0.0,0.0,0.0,0.0,86.0,1,KUCUK_TICARETHANE
1001487452.0,39.78600952,30.47097095,26013547.0,12.49,37967.52,0,0,0,0,1,0.0,0.0,0.0,0.0,37967.52,1,ORTA_TICARETHANE
1001487601.0,39.79401602,30.53743871,26005436.0,3.0,32484.036,1,0,0,0,0,32484.036,0.0,0.0,0.0,0.0,0,AYDINLATMA
1001487652.0,39.78126278,30.47089999,26010805.0,13.985,10124.434,0,0,0,0,2,0.0,0.0,0.0,0.0,10124.434,2,ORTA_TICARETHANE
1001487937.0,39.77677748,30.52120395,26005910.0,3.0,10588.388,0,0,0,0,1,0.0,0.0,0.0,0.0,10588.388,1,ORTA_TICARETHANE
1001487962.0,39.78364701,30.47544541,26013550.0,5.01,19849.0,0,0,0,0,1,0.0,0.0,0.0,0.0,19849.0,1,ORTA_TICARETHANE
1001488336.0,39.79434459,30.53730754,26005436.0,5.01,4163.507,0,0,0,0,1,0.0,0.0,0.0,0.0,4163.507,1,KUCUK_TICARETHANE
1001488493.0,39.78492555,30.46866439,26013544.0,8.92,2311.737,0,0,0,0,1,0.0,0.0,0.0,0.0,2311.737,1,KUCUK_TICARETHANE
1001488496.0,39.78959514,30.48627957,26005897.0,112.06,431462.64,0,0,0,0,1,0.0,0.0,0.0,0.0,431462.64,1,ORTA_TICARETHANE
1001488590.0,39.78283032,30.467277,26013545.0,8.7,961.165,0,0,0,0,1,0.0,0.0,0.0,0.0,961.165,1,KUCUK_TICARETHANE
1001488679.0,39.77813131,30.5205773,26005910.0,5.01,280.028,0,0,0,0,1,0.0,0.0,0.0,0.0,280.028,1,KUCUK_TICARETHANE
1001488873.0,39.82475002,30.34925472,26007835.0,60.0,19832.08,0,0,0,0,1,0.0,0.0,0.0,0.0,19832.08,1,ORTA_TICARETHANE
1001488983.0,39.77784304,30.5158522,26005192.0,5.955555555555556,164483.725,0,1,0,0,8,0.0,1946.205,0.0,0.0,162537.52000000002,9,ORTA_TICARETHANE
1001489023.0,39.77873437,30.52320735,26006453.0,4.005,7253.239,0,0,0,0,2,0.0,0.0,0.0,0.0,7253.239,2,KUCUK_TICARETHANE
1001489072.0,39.77510937,30.46543552,26010843.0,4.005,4422.933,0,1,0,0,1,0.0,1524.359,0.0,0.0,2898.574,2,KUCUK_TICARETHANE
1001489163.0,39.78167417,30.47063539,26010805.0,14.16,30682.98,0,0,0,0,1,0.0,0.0,0.0,0.0,30682.98,1,ORTA_TICARETHANE
1001489487.0,39.77736821,30.51754182,26005192.0,12.79,11158.016,0,0,0,0,1,0.0,0.0,0.0,0.0,11158.016,1,ORTA_TICARETHANE
1001489533.0,39.80776695,30.40628388,26007411.0,3.0,135467.162,1,0,0,0,0,135467.162,0.0,0.0,0.0,0.0,0,AYDINLATMA
1001489609.0,39.78601978,30.47391411,26013549.0,5.01,629.0,0,0,0,0,2,0.0,0.0,0.0,0.0,629.0,2,KUCUK_TICARETHANE
1001489630.0,39.78474855,30.47073879,26013547.0,24.82,32848.848,0,0,0,0,2,0.0,0.0,0.0,0.0,32848.848,2,ORTA_TICARETHANE
1001489678.0,39.79870223,30.46811655,26013558.0,4.38,5273.455,0,0,0,0,1,0.0,0.0,0.0,0.0,5273.455,1,KUCUK_TICARETHANE
1001490150.0,39.78246828,30.51302498,26010672.0,6.145999999999999,5488.791,0,0,0,0,5,0.0,0.0,0.0,0.0,5488.791,5,KUCUK_TICARETHANE
1001490293.0,39.78045809,30.51993213,26006230.0,3.0,12772.927,0,0,0,0,1,0.0,0.0,0.0,0.0,12772.927,1,ORTA_TICARETHANE
1001490414.0,39.77937329,30.51117373,26005185.0,6.0183333333333335,8472.271,0,3,0,0,3,0.0,2793.928,0.0,0.0,5678.343000000001,6,KUCUK_TICARETHANE
1001490744.0,39.775412,30.46566615,26010843.0,3.0,7300.212,0,0,0,0,2,0.0,0.0,0.0,0.0,7300.212,2,KUCUK_TICARETHANE
1001490851.0,39.78888075,30.52381548,26005111.0,5.02,19933.329,1,0,0,0,0,19933.329,0.0,0.0,0.0,0.0,0,AYDINLATMA
1001491290.0,39.76415449,30.47527357,26010902.0,5.01,1196.6109999999999,0,0,0,0,4,0.0,0.0,0.0,0.0,1196.6109999999999,4,KUCUK_TICARETHANE
1001491421.0,39.77865286,30.51741719,26005146.0,5.24,9769.247,0,0,0,0,8,0.0,0.0,0.0,0.0,9769.247,8,KUCUK_TICARETHANE
1001491617.0,39.78262293,30.4734014,26010805.0,3.85,1099.497,0,0,0,0,1,0.0,0.0,0.0,0.0,1099.497,1,KUCUK_TICARETHANE
1001492026.0,39.83214464,30.55364844,26008560.0,30.0,389220.12,0,0,0,0,1,0.0,0.0,0.0,0.0,389220.12,1,ORTA_TICARETHANE
1001492239.0,39.81419039,30.49510783,26006903.0,5.01,3476.358,0,0,0,1,0,0.0,0.0,0.0,3476.358,0.0,0,TARIMSAL_SULAMA
1001492535.0,39.77323242,30.47795165,26005721.0,4.4799999999999995,11512.164999999999,0,2,0,0,1,0.0,2959.8650000000002,0.0,0.0,8552.3,3,KUCUK_TICARETHANE
1001492594.0,39.79168346,30.54787082,26005690.0,4.005,4622.772999999999,0,0,0,0,2,0.0,0.0,0.0,0.0,4622.772999999999,2,KUCUK_TICARETHANE
1001492625.0,39.77619633,30.52491775,26010355.0,9.23,39921.522,0,0,0,0,2,0.0,0.0,0.0,0.0,39921.522,2,ORTA_TICARETHANE
1001492793.0,39.7792313,30.53089573,26006179.0,5.01,18216.094,0,0,0,0,1,0.0,0.0,0.0,0.0,18216.094,1,ORTA_TICARETHANE
1001492842.0,39.81599779,30.43470343,26008333.0,378.0,87238.08,0,0,0,0,1,0.0,0.0,0.0,0.0,87238.08,1,ORTA_TICARETHANE
1001492989.0,39.78316227,30.47379118,26010805.0,5.01,25134.248,0,0,0,0,1,0.0,0.0,0.0,0.0,25134.248,1,ORTA_TICARETHANE
1001493001.0,39.78715103,30.47433465,26013551.0,5.01,601.288,0,0,0,0,1,0.0,0.0,0.0,0.0,601.288,1,KUCUK_TICARETHANE
1001493426.0,39.7976449,30.54966068,26009783.0,5.01,3076.875,0,0,0,1,0,0.0,0.0,0.0,3076.875,0.0,0,TARIMSAL_SULAMA
1001493527.0,39.78236069,30.47309034,26010805.0,5.01,2495.0,0,0,0,0,1,0.0,0.0,0.0,0.0,2495.0,1,KUCUK_TICARETHANE
1001493592.0,39.77549918,30.52230228,26005723.0,5.01,4551.526,0,1,0,0,2,0.0,2674.904,0.0,0.0,1876.6219999999998,3,KUCUK_TICARETHANE
1001493641.0,39.77659012,30.5202044,26010334.0,4.100714285714285,29986.852,0,4,0,0,10,0.0,6646.647999999999,0.0,0.0,23340.203999999998,14,ORTA_TICARETHANE
1001493735.0,39.78552944,30.53892486,26005429.0,1133.22,326816.32,0,0,0,0,1,0.0,0.0,0.0,0.0,326816.32,1,BUYUK_TICARETHANE
1001494016.0,39.77886087,30.51265902,26005195.0,107.86,29479.96,0,0,0,0,1,0.0,0.0,0.0,0.0,29479.96,1,ORTA_TICARETHANE
1001494162.0,39.7931431,30.53775536,26005435.0,5.08,4562.07,0,0,0,0,1,0.0,0.0,0.0,0.0,4562.07,1,KUCUK_TICARETHANE
1001494235.0,39.77471313,30.52871286,26005715.0,3.0,14076.974,1,0,0,0,0,14076.974,0.0,0.0,0.0,0.0,0,AYDINLATMA
1001494259.0,39.78514438,30.46905597,26013546.0,5.01,4790.0,0,0,0,0,1,0.0,0.0,0.0,0.0,4790.0,1,KUCUK_TICARETHANE
1001494913.0,39.78950655,30.55072487,26005223.0,3.0,12.579,0,0,0,0,1,0.0,0.0,0.0,0.0,12.579,1,KUCUK_TICARETHANE
1001495270.0,39.80097088,30.54499066,26010317.0,5.01,5257.071,0,0,0,1,0,0.0,0.0,0.0,5257.071,0.0,0,TARIMSAL_SULAMA
1001495438.0,39.77565244,30.52021876,26005723.0,3.0,759.0,0,0,0,0,1,0.0,0.0,0.0,0.0,759.0,1,KUCUK_TICARETHANE
1001495620.0,39.79049283,30.476882,26005994.0,5.01,379.0,0,0,0,0,1,0.0,0.0,0.0,0.0,379.0,1,KUCUK_TICARETHANE
1001496263.0,39.79256173,30.53299601,26013569.0,5.01,871.021,0,0,0,0,1,0.0,0.0,0.0,0.0,871.021,1,KUCUK_TICARETHANE
1001496453.0,39.784811,30.46752388,26013544.0,4.005,3437.06,0,0,0,0,2,0.0,0.0,0.0,0.0,3437.06,2,KUCUK_TICARETHANE
1001496499.0,39.79813833,30.50704282,26010528.0,5.01,11592.472,0,0,0,0,1,0.0,0.0,0.0,0.0,11592.472,1,ORTA_TICARETHANE
1001496537.0,39.81316984,30.44617254,26010370.0,7.22,10896.579,0,0,0,0,1,0.0,0.0,0.0,0.0,10896.579,1,ORTA_TICARETHANE
1001496784.0,39.82370171,30.50020914,26005773.0,4.6525,15972.077000000001,0,1,0,2,1,0.0,1103.0,0.0,14511.642,357.435,2,KUCUK_TICARETHANE
1001496815.0,39.80504617,30.58363762,26005231.0,5.01,1118.9,0,0,0,1,0,0.0,0.0,0.0,1118.9,0.0,0,TARIMSAL_SULAMA
1001496916.0,39.78577097,30.49952263,26010555.0,3.0,118715.922,1,0,0,0,0,118715.922,0.0,0.0,0.0,0.0,0,AYDINLATMA
1001497170.0,39.78124214,30.52464006,26006263.0,5.01,191.0,0,0,0,0,1,0.0,0.0,0.0,0.0,191.0,1,KUCUK_TICARETHANE
1001497306.0,39.79098809,30.51178135,26010682.0,6.55125,9145.517,0,5,0,0,3,0.0,7979.105,0.0,0.0,1166.412,8,KUCUK_TICARETHANE
1001497516.0,39.78852699,30.55229126,26006049.0,3.0,1824.0,0,2,0,0,1,0.0,1591.0,0.0,0.0,233.0,3,KUCUK_TICARETHANE
1001497890.0,39.80002694,30.47908808,26006286.0,3.0,852.0,0,0,0,1,0,0.0,0.0,0.0,852.0,0.0,0,TARIMSAL_SULAMA
1001497972.0,39.79156839,30.5452953,26005690.0,4.005,3982.111,0,0,0,0,2,0.0,0.0,0.0,0.0,3982.111,2,KUCUK_TICARETHANE
1001498016.0,39.78010634,30.5143784,26005145.0,4.36625,6268.7029999999995,0,5,0,0,3,0.0,2312.15,0.0,0.0,3956.553,8,KUCUK_TICARETHANE
1001498073.0,39.78522248,30.45984628,26005904.0,4.005,1537.407,0,1,0,0,1,0.0,1490.999,0.0,0.0,46.408,2,KUCUK_TICARETHANE
1001498144.0,39.78427529,30.47229565,26013547.0,28.32,43570.432,0,0,0,0,1,0.0,0.0,0.0,0.0,43570.432,1,ORTA_TICARETHANE
1001498345.0,,,,5.01,6416.628,0,0,0,0,1,0.0,0.0,0.0,0.0,6416.628,1,KUCUK_TICARETHANE
1001498634.0,39.80110238,30.5467528,26010317.0,5.01,4090.852,0,0,0,1,0,0.0,0.0,0.0,4090.852,0.0,0,TARIMSAL_SULAMA
1001498888.0,39.80460273,30.53724845,26014272.0,10.02,9688.233,0,0,0,0,1,0.0,0.0,0.0,0.0,9688.233,1,KUCUK_TICARETHANE
1001498910.0,39.78848261,30.4673088,26010455.0,5.782,1161.367,0,3,0,0,2,0.0,282.046,0.0,0.0,879.321,5,KUCUK_TICARETHANE
1001498957.0,39.77551615,30.52253031,26005723.0,3.804,27691.071,0,0,0,0,10,0.0,0.0,0.0,0.0,27691.071,10,ORTA_TICARETHANE
1001499069.0,39.78354738,30.51165263,26010685.0,32.225,179194.087,1,0,0,0,1,24827.227,0.0,0.0,0.0,154366.86,1,ORTA_TICARETHANE
1001499129.0,39.80256622,30.59212591,26009785.0,5.01,8670.485,0,0,0,1,1,0.0,0.0,0.0,6207.435,2463.05,1,KUCUK_TICARETHANE
1001499595.0,39.78366884,30.4576892,26005972.0,3.0,5414.044,0,0,0,0,1,0.0,0.0,0.0,0.0,5414.044,1,KUCUK_TICARETHANE
1001500202.0,39.78331424,30.47706755,26001518.0,5.01,3129.957,0,0,0,0,1,0.0,0.0,0.0,0.0,3129.957,1,KUCUK_TICARETHANE
1001500319.0,39.79180673,30.54780508,26005690.0,4.005,3698.937,0,1,0,0,1,0.0,1814.0,0.0,0.0,1884.937,2,KUCUK_TICARETHANE
1001500328.0,39.7821228,30.51305398,26010671.0,11.14,63070.313,0,0,0,0,2,0.0,0.0,0.0,0.0,63070.313,2,ORTA_TICARETHANE
1001500433.0,39.79541583,30.48462178,26005900.0,4.836666666666667,2439.9210000000003,0,2,0,0,1,0.0,1472.7740000000001,0.0,0.0,967.147,3,KUCUK_TICARETHANE
1001500615.0,39.78191578,30.51824023,26010314.0,5.01,18017.358,0,1,0,0,1,0.0,3229.602,0.0,0.0,14787.756,2,ORTA_TICARETHANE
1001500899.0,39.7756134,30.52032546,26005723.0,11.275,37421.35,0,0,0,0,2,0.0,0.0,0.0,0.0,37421.35,2,ORTA_TICARETHANE
1001501020.0,39.79508293,30.51262308,26010524.0,3.0,4697.751,0,0,0,0,2,0.0,0.0,0.0,0.0,4697.751,2,KUCUK_TICARETHANE
1001501025.0,39.7764487,30.52718781,26006452.0,23.63,58130.76,0,0,0,0,3,0.0,0.0,0.0,0.0,58130.76,3,ORTA_TICARETHANE
1001501495.0,39.77959971,30.51077774,26005185.0,4.005,25572.475,0,0,0,0,2,0.0,0.0,0.0,0.0,25572.475,2,ORTA_TICARETHANE
1001501589.0,39.79683553,30.49924693,26010534.0,5.01,1295.928,0,0,0,0,1,0.0,0.0,0.0,0.0,1295.928,1,KUCUK_TICARETHANE
1001502111.0,39.7844538,30.4682918,26013546.0,5.01,684.0,0,0,0,0,1,0.0,0.0,0.0,0.0,684.0,1,KUCUK_TICARETHANE
1001502370.0,39.77592603,30.47179766,26010846.0,17.27,67381.874,0,0,0,0,2,0.0,0.0,0.0,0.0,67381.874,2,ORTA_TICARETHANE
1001503038.0,39.78431767,30.46836501,26013546.0,5.01,142.0,0,0,0,0,1,0.0,0.0,0.0,0.0,142.0,1,KUCUK_TICARETHANE
1001503046.0,39.78339384,30.47558575,26013550.0,5.01,35643.135,0,0,0,0,1,0.0,0.0,0.0,0.0,35643.135,1,ORTA_TICARETHANE
1001503158.0,39.78189124,30.51336983,26010671.0,5.01,13325.321,0,0,0,0,1,0.0,0.0,0.0,0.0,13325.321,1,ORTA_TICARETHANE
1001503327.0,39.8172045,30.51569668,26005543.0,5.01,1988.644,0,0,0,0,1,0.0,0.0,0.0,0.0,1988.644,1,KUCUK_TICARETHANE
1001503438.0,39.77960333,30.5144392,26005145.0,5.01,13712.597000000002,0,1,0,0,2,0.0,201.238,0.0,0.0,13511.359,3,ORTA_TICARETHANE
1001503950.0,39.7958744,30.48772184,26005901.0,14.37,68277.08,0,0,0,0,1,0.0,0.0,0.0,0.0,68277.08,1,ORTA_TICARETHANE
1001503985.0,39.78406004,30.46784127,26013545.0,5.01,2709.903,0,0,0,0,1,0.0,0.0,0.0,0.0,2709.903,1,KUCUK_TICARETHANE
1001504060.0,39.78682325,30.5081237,26010552.0,5.01,4377.141,0,0,0,0,1,0.0,0.0,0.0,0.0,4377.141,1,KUCUK_TICARETHANE
1001504096.0,39.78587408,30.47105218,26013547.0,3.0,1424.0,0,0,0,0,1,0.0,0.0,0.0,0.0,1424.0,1,KUCUK_TICARETHANE
1001504278.0,39.78677693,30.51867549,26005915.0,5.01,31193.759000000002,0,0,0,0,3,0.0,0.0,0.0,0.0,31193.759000000002,3,ORTA_TICARETHANE
1001504429.0,39.78060556,30.45840959,26005121.0,6.61,16381.231,0,8,0,0,4,0.0,10445.685,0.0,0.0,5935.546,12,KUCUK_TICARETHANE
1001504865.0,39.7941898,30.54672,26005690.0,4.54,7405.112999999999,0,1,0,0,1,0.0,3389.207,0.0,0.0,4015.906,2,KUCUK_TICARETHANE
1001505092.0,39.79610661,30.53539014,26005693.0,5.01,6789.657,0,0,0,0,2,0.0,0.0,0.0,0.0,6789.657,2,KUCUK_TICARETHANE
1001505136.0,39.78721325,30.4758886,26006468.0,5.01,5933.485000000001,0,0,0,0,3,0.0,0.0,0.0,0.0,5933.485000000001,3,KUCUK_TICARETHANE
1001505333.0,39.7948505,30.48914645,26005899.0,5.01,3864.786,0,1,0,0,1,0.0,2913.784,0.0,0.0,951.002,2,KUCUK_TICARETHANE
1001505516.0,39.77942939,30.51494625,26005145.0,5.1425,70877.277,0,0,0,0,4,0.0,0.0,0.0,0.0,70877.277,4,ORTA_TICARETHANE
1001505817.0,39.79844753,30.50052313,26010536.0,5.01,97.493,0,0,0,0,1,0.0,0.0,0.0,0.0,97.493,1,KUCUK_TICARETHANE
1001506125.0,39.79303155,30.52785696,26013568.0,4.9399999999999995,5055.646000000001,0,1,0,0,1,0.0,2087.853,0.0,0.0,2967.793,2,KUCUK_TICARETHANE
1001506272.0,39.78372819,30.45190307,26005971.0,5.01,3679.367,0,0,0,0,1,0.0,0.0,0.0,0.0,3679.367,1,KUCUK_TICARETHANE
1001506558.0,39.77178395,30.47397449,26010901.0,3.0,35127.179,1,0,0,0,0,35127.179,0.0,0.0,0.0,0.0,0,AYDINLATMA
1001506607.0,39.80800459,30.40057942,26005781.0,3.0,90719.759,1,0,0,0,0,90719.759,0.0,0.0,0.0,0.0,0,AYDINLATMA
1001507249.0,39.79057884,30.54223275,26005435.0,5.01,1607.409,0,0,0,0,1,0.0,0.0,0.0,0.0,1607.409,1,KUCUK_TICARETHANE
1001508065.0,39.7931264,30.48580888,26005901.0,5.01,6571.176,0,0,0,0,1,0.0,0.0,0.0,0.0,6571.176,1,KUCUK_TICARETHANE
1001508109.0,39.79820777,30.4925962,26010542.0,5.01,8798.602,0,0,0,0,1,0.0,0.0,0.0,0.0,8798.602,1,KUCUK_TICARETHANE
1001508127.0,39.77544062,30.55306718,26007722.0,5.01,1189.395,0,0,0,0,1,0.0,0.0,0.0,0.0,1189.395,1,KUCUK_TICARETHANE
1001508293.0,39.83558361,30.31991289,26001802.0,240.0,69416.52,0,0,0,0,1,0.0,0.0,0.0,0.0,69416.52,1,ORTA_TICARETHANE
1001508304.0,39.78492881,30.47617062,26010135.0,5.01,10502.962,0,0,0,0,1,0.0,0.0,0.0,0.0,10502.962,1,ORTA_TICARETHANE
1001508420.0,39.82771887,30.4928884,26005229.0,5.01,2037.941,0,0,0,0,1,0.0,0.0,0.0,0.0,2037.941,1,KUCUK_TICARETHANE
1001508512.0,39.78808306,30.46067235,26010100.0,240.0,100221.52,0,0,0,0,1,0.0,0.0,0.0,0.0,100221.52,1,ORTA_TICARETHANE
1001508718.0,39.80869764,30.54908329,26002734.0,5.01,1516.199,0,0,0,0,1,0.0,0.0,0.0,0.0,1516.199,1,KUCUK_TICARETHANE
1001508797.0,39.78844426,30.46415888,26010456.0,64.77,10741.46,0,0,0,0,1,0.0,0.0,0.0,0.0,10741.46,1,ORTA_TICARETHANE
1001508980.0,39.78329971,30.46911757,26013546.0,123.31,291458.16,0,0,1,0,0,0.0,0.0,291458.16,0.0,0.0,1,ORTA_SANAYI
1001509073.0,39.7373408,30.38356053,26007400.0,13.2,31548.817000000003,0,0,0,0,2,0.0,0.0,0.0,0.0,31548.817000000003,2,ORTA_TICARETHANE
1001509339.0,39.77588974,30.47702157,26005695.0,5.01,6297.627,0,1,0,0,1,0.0,2004.0,0.0,0.0,4293.627,2,KUCUK_TICARETHANE
1001509852.0,39.79925326,30.51042007,26010523.0,15.56,41424.836,0,0,0,0,1,0.0,0.0,0.0,0.0,41424.836,1,ORTA_TICARETHANE
1001510052.0,39.79092848,30.54489499,26005690.0,5.9,2379.4739999999997,0,1,0,0,1,0.0,2055.843,0.0,0.0,323.631,2,KUCUK_TICARETHANE
1001510164.0,39.78471532,30.46347459,26005904.0,6.48,3009.3689999999997,0,1,0,0,1,0.0,1086.078,0.0,0.0,1923.291,2,KUCUK_TICARETHANE
1001510265.0,39.78872147,30.46533029,26010456.0,4.825,1933.8629999999998,0,2,0,0,2,0.0,1245.653,0.0,0.0,688.21,4,KUCUK_TICARETHANE
1001510290.0,39.77890501,30.51469485,26005195.0,4.827272727272727,51603.77,0,0,0,0,11,0.0,0.0,0.0,0.0,51603.77,11,ORTA_TICARETHANE
1001510712.0,39.78856601,30.48938418,26005975.0,3.287142857142857,17349.64,0,3,0,0,4,0.0,3921.4700000000003,0.0,0.0,13428.17,7,ORTA_TICARETHANE
1001510877.0,39.7616847,30.45334216,26010894.0,10.58,1982.0,0,0,0,0,1,0.0,0.0,0.0,0.0,1982.0,1,KUCUK_TICARETHANE
1001511048.0,39.79609999,30.52739968,26013571.0,5.01,1917.443,0,0,0,0,1,0.0,0.0,0.0,0.0,1917.443,1,KUCUK_TICARETHANE
1001511358.0,39.77562418,30.46934931,26010843.0,3.804,6932.6900000000005,0,3,0,0,2,0.0,3741.3030000000003,0.0,0.0,3191.3869999999997,5,KUCUK_TICARETHANE
1001511535.0,39.78976313,30.51630401,26010678.0,3.67,9749.884,0,1,0,0,2,0.0,539.51,0.0,0.0,9210.374,3,KUCUK_TICARETHANE
1001511801.0,39.91011025,30.83701279,26008527.0,15.0,2902.602,0,0,0,0,1,0.0,0.0,0.0,0.0,2902.602,1,KUCUK_TICARETHANE
1001512618.0,39.77873571,30.51557079,26005145.0,5.025454545454545,71707.26699999999,0,2,0,0,9,0.0,3056.001,0.0,0.0,68651.266,11,ORTA_TICARETHANE
1001513266.0,39.88306977,30.46218333,26000607.0,96.0,23638.95,0,0,0,0,1,0.0,0.0,0.0,0.0,23638.95,1,ORTA_TICARETHANE
1001513355.0,39.76568568,30.469744,26010916.0,5.01,2941.516,0,1,0,0,1,0.0,2622.077,0.0,0.0,319.439,2,KUCUK_TICARETHANE
1001513408.0,39.77758291,30.4702903,26010846.0,3.0,2517.2439999999997,0,1,0,0,1,0.0,1889.801,0.0,0.0,627.443,2,KUCUK_TICARETHANE
1001513988.0,39.78278301,30.47810035,26001518.0,7.37,2925.182,0,0,0,0,1,0.0,0.0,0.0,0.0,2925.182,1,KUCUK_TICARETHANE
1001514572.0,39.77850979,30.5323528,26013562.0,4.34,5004.567,0,2,0,0,1,0.0,3951.793,0.0,0.0,1052.774,3,KUCUK_TICARETHANE
1001514694.0,39.78949748,30.4690074,26010450.0,11.65,9559.0,0,0,0,0,1,0.0,0.0,0.0,0.0,9559.0,1,KUCUK_TICARETHANE
1001514776.0,39.78495137,30.46195341,26005904.0,4.113333333333333,5686.341,0,2,0,0,1,0.0,4090.2520000000004,0.0,0.0,1596.089,3,KUCUK_TICARETHANE
1001514800.0,39.78554805,30.47500137,26013549.0,52.44,1261.24,0,0,0,0,1,0.0,0.0,0.0,0.0,1261.24,1,ORTA_TICARETHANE
1001514809.0,39.77926068,30.51553228,26005145.0,5.01,9720.225,0,0,0,0,2,0.0,0.0,0.0,0.0,9720.225,2,KUCUK_TICARETHANE
1001514887.0,39.78213257,30.51851512,26005722.0,5.01,3103.724,0,0,0,0,1,0.0,0.0,0.0,0.0,3103.724,1,KUCUK_TICARETHANE
1001514966.0,39.77659768,30.55127139,26007722.0,5.01,18528.0,0,0,0,0,1,0.0,0.0,0.0,0.0,18528.0,1,ORTA_TICARETHANE
1001515043.0,39.78462149,30.47330184,26013548.0,3.0,1005.0,0,0,0,0,1,0.0,0.0,0.0,0.0,1005.0,1,KUCUK_TICARETHANE
1001515270.0,39.78444968,30.51862157,26010761.0,5.01,16730.777000000002,0,0,0,0,3,0.0,0.0,0.0,0.0,16730.777000000002,3,ORTA_TICARETHANE
1001515450.0,39.80359501,30.51016746,26010520.0,3.0,9741.32,0,0,0,0,1,0.0,0.0,0.0,0.0,9741.32,1,KUCUK_TICARETHANE
1001516245.0,39.77492213,30.52872593,26005715.0,4.005,5897.9439999999995,0,1,0,0,1,0.0,1131.066,0.0,0.0,4766.878,2,KUCUK_TICARETHANE
1001516565.0,39.79869798,30.48389266,26006125.0,5.01,3858.09,0,0,0,0,1,0.0,0.0,0.0,0.0,3858.09,1,KUCUK_TICARETHANE
1001516770.0,39.81195084,30.4930481,26006742.0,7.08,6922.91,0,0,0,0,1,0.0,0.0,0.0,0.0,6922.91,1,KUCUK_TICARETHANE
1001516774.0,39.77473088,30.45793508,26010839.0,4.005,1580.424,0,1,0,0,1,0.0,1406.424,0.0,0.0,174.0,2,KUCUK_TICARETHANE
1001517240.0,39.79552634,30.62937712,26006930.0,15.0,3858.861,0,0,0,0,1,0.0,0.0,0.0,0.0,3858.861,1,KUCUK_TICARETHANE
1001517270.0,39.77995137,30.51842878,26005146.0,4.34,17153.528,0,2,0,0,1,0.0,11733.0,0.0,0.0,5420.528,3,KUCUK_TICARETHANE
1001517343.0,39.80495777,30.55199808,26005232.0,5.01,12297.838,1,0,0,0,0,12297.838,0.0,0.0,0.0,0.0,0,AYDINLATMA
1001517462.0,39.78866809,30.46402262,26010456.0,24.6,15481.94,0,0,0,0,1,0.0,0.0,0.0,0.0,15481.94,1,ORTA_TICARETHANE
1001517479.0,39.78535407,30.47188296,26013548.0,6.795,420.19100000000003,0,0,0,0,2,0.0,0.0,0.0,0.0,420.19100000000003,2,KUCUK_TICARETHANE
1001517550.0,39.77787404,30.52010263,26005910.0,3.4019999999999997,6042.564,0,3,0,0,2,0.0,2118.736,0.0,0.0,3923.828,5,KUCUK_TICARETHANE
1001517595.0,39.78473907,30.47586373,26013550.0,5.01,8265.811,0,0,1,0,0,0.0,0.0,8265.811,0.0,0.0,1,KUCUK_SANAYI
1001518228.0,39.80715966,30.61609237,26003675.0,5.01,13268.912,0,0,0,1,0,0.0,0.0,0.0,13268.912,0.0,0,TARIMSAL_SULAMA
1001518356.0,39.78519389,30.47603346,26010135.0,5.01,27741.074,0,0,0,0,1,0.0,0.0,0.0,0.0,27741.074,1,ORTA_TICARETHANE
1001518766.0,39.7973781,30.50360683,26010532.0,3.0,43015.084,1,0,0,0,0,43015.084,0.0,0.0,0.0,0.0,0,AYDINLATMA
1001518768.0,39.77847448,30.51706703,26005146.0,5.01,6466.621,0,0,0,0,1,0.0,0.0,0.0,0.0,6466.621,1,KUCUK_TICARETHANE
1001519607.0,39.77828445,30.51517625,26005192.0,4.596875,68468.376,0,8,0,0,8,0.0,10575.902,0.0,0.0,57892.474,16,ORTA_TICARETHANE
1001519698.0,39.78382952,30.4682783,26013545.0,5.01,412.34,0,0,0,0,1,0.0,0.0,0.0,0.0,412.34,1,KUCUK_TICARETHANE
1001519742.0,39.81367186,30.44575783,26010370.0,7.22,3129.28,0,0,0,0,1,0.0,0.0,0.0,0.0,3129.28,1,KUCUK_TICARETHANE
1001519993.0,39.78862882,30.51933446,26010680.0,4.426666666666667,16580.703,0,2,0,0,1,0.0,2186.149,0.0,0.0,14394.554,3,ORTA_TICARETHANE
1001520156.0,39.7863757,30.47263124,26013551.0,3.0,457.0,0,0,0,0,2,0.0,0.0,0.0,0.0,457.0,2,KUCUK_TICARETHANE
1001520332.0,39.77890287,30.51828584,26005146.0,5.01,3863.468,0,0,0,0,1,0.0,0.0,0.0,0.0,3863.468,1,KUCUK_TICARETHANE
1001520680.0,39.76650943,30.46752571,26010913.0,4.005,1852.544,0,1,0,0,1,0.0,1508.46,0.0,0.0,344.084,2,KUCUK_TICARETHANE
1001520799.0,39.77762763,30.45849673,26010136.0,7.39,1751.771,0,0,0,0,1,0.0,0.0,0.0,0.0,1751.771,1,KUCUK_TICARETHANE
1001521270.0,39.80150883,30.49609545,26010543.0,5.01,5909.943,0,0,0,0,1,0.0,0.0,0.0,0.0,5909.943,1,KUCUK_TICARETHANE
1001521285.0,39.82263991,30.50579444,26005773.0,4.5275,12531.722,0,2,0,1,1,0.0,5780.503000000001,0.0,1122.607,5628.612,3,KUCUK_TICARETHANE
1001521334.0,39.80079987,30.48436026,26006287.0,5.09,4460.154,0,0,0,0,1,0.0,0.0,0.0,0.0,4460.154,1,KUCUK_TICARETHANE
1001521363.0,39.78337135,30.4662584,26013545.0,29.4,9474.007,0,0,0,0,1,0.0,0.0,0.0,0.0,9474.007,1,ORTA_TICARETHANE
1001521456.0,39.79570867,30.53764385,26005693.0,5.01,4635.72,0,0,0,0,1,0.0,0.0,0.0,0.0,4635.72,1,KUCUK_TICARETHANE
1001521943.0,39.78621456,30.4626176,26005904.0,4.048,3461.9790000000003,0,3,0,0,2,0.0,1241.57,0.0,0.0,2220.409,5,KUCUK_TICARETHANE
1001522142.0,39.784684,30.51506189,26010673.0,5.195454545454545,44134.479999999996,0,7,0,0,4,0.0,7363.583,0.0,0.0,36770.897,11,ORTA_TICARETHANE
1001522367.0,39.79031934,30.52234671,26010292.0,5.9350000000000005,2283.238,0,1,0,0,1,0.0,1693.3,0.0,0.0,589.938,2,KUCUK_TICARETHANE
1001522606.0,39.77649518,30.52228637,26005723.0,5.01,1861.0,0,0,0,0,1,0.0,0.0,0.0,0.0,1861.0,1,KUCUK_TICARETHANE
1001522688.0,39.79703962,30.48108748,26006125.0,5.01,1500.015,0,0,0,0,1,0.0,0.0,0.0,0.0,1500.015,1,KUCUK_TICARETHANE
1001523626.0,39.78304544,30.47092147,26013546.0,5.01,1135.0,0,0,0,0,1,0.0,0.0,0.0,0.0,1135.0,1,KUCUK_TICARETHANE
1001523727.0,39.78735695,30.50880033,26010668.0,6.4158333333333335,32605.727,0,0,0,0,36,0.0,0.0,0.0,0.0,32605.727,36,ORTA_TICARETHANE
1001524486.0,39.79143776,30.47048485,26005993.0,5.01,1166.88,0,0,0,0,1,0.0,0.0,0.0,0.0,1166.88,1,KUCUK_TICARETHANE
1001524556.0,39.79852059,30.46471204,26013558.0,26.77,13762.9,0,0,0,0,1,0.0,0.0,0.0,0.0,13762.9,1,ORTA_TICARETHANE
1001524564.0,39.77916566,30.51538456,26005145.0,8.58,22302.561,0,2,0,0,3,0.0,3175.6150000000002,0.0,0.0,19126.946,5,ORTA_TICARETHANE
1001524866.0,39.798455,30.43572436,26006210.0,5.01,2807.475,0,0,0,0,1,0.0,0.0,0.0,0.0,2807.475,1,KUCUK_TICARETHANE
1001524977.0,39.79428939,30.46696637,26006123.0,3.0,1534.0,0,1,0,0,1,0.0,1196.0,0.0,0.0,338.0,2,KUCUK_TICARETHANE
1001525228.0,39.79480384,30.44746006,26010099.0,5.01,1396.67,0,0,0,0,1,0.0,0.0,0.0,0.0,1396.67,1,KUCUK_TICARETHANE
1001525245.0,39.79008213,30.46563791,26010449.0,5.02,28173.343,1,0,0,0,0,28173.343,0.0,0.0,0.0,0.0,0,AYDINLATMA
1001525291.0,39.80342566,30.53659234,26014272.0,5.01,59427.914,1,0,0,0,0,59427.914,0.0,0.0,0.0,0.0,0,AYDINLATMA
1001525706.0,39.77116708,30.47972232,26006342.0,5.01,4611.717,0,0,0,0,1,0.0,0.0,0.0,0.0,4611.717,1,KUCUK_TICARETHANE
1001526443.0,39.77520238,30.52336135,26006345.0,4.005,5525.115,0,0,0,0,2,0.0,0.0,0.0,0.0,5525.115,2,KUCUK_TICARETHANE
1001526499.0,39.78546753,30.51359648,26010675.0,4.8133333333333335,1151.7350000000001,0,2,0,0,1,0.0,1003.4280000000001,0.0,0.0,148.307,3,KUCUK_TICARETHANE
1001526597.0,39.78510315,30.47607916,26010135.0,5.01,22844.055,0,0,0,0,1,0.0,0.0,0.0,0.0,22844.055,1,ORTA_TICARETHANE
1001526652.0,39.78424536,30.47422333,26013550.0,5.01,260.986,0,0,0,0,1,0.0,0.0,0.0,0.0,260.986,1,KUCUK_TICARETHANE
1001526800.0,39.79338788,30.4523738,26006293.0,9.6,4024.294,0,0,0,0,1,0.0,0.0,0.0,0.0,4024.294,1,KUCUK_TICARETHANE
1001527073.0,39.7772063,30.52080447,26005910.0,5.01,1833.9650000000001,0,0,0,0,2,0.0,0.0,0.0,0.0,1833.9650000000001,2,KUCUK_TICARETHANE
1001527076.0,39.77590312,30.46931723,26010843.0,4.8133333333333335,6656.219,0,2,0,0,1,0.0,1744.441,0.0,0.0,4911.778,3,KUCUK_TICARETHANE
1001527168.0,39.77585114,30.47539377,26005695.0,4.082307692307692,16603.165,0,9,0,0,4,0.0,10906.251,0.0,0.0,5696.914,13,KUCUK_TICARETHANE
1001527225.0,39.77969325,30.51921417,26005726.0,11.42,7415.668,0,0,0,0,1,0.0,0.0,0.0,0.0,7415.668,1,KUCUK_TICARETHANE
1001527617.0,39.77228054,30.46736554,26010900.0,3.0,732.0,0,0,0,1,0,0.0,0.0,0.0,732.0,0.0,0,TARIMSAL_SULAMA
1001528010.0,39.78085267,30.52962743,26005928.0,4.005,33688.94,0,0,0,0,2,0.0,0.0,0.0,0.0,33688.94,2,ORTA_TICARETHANE
1001528035.0,39.77988483,30.5191452,26005726.0,5.01,7175.065,0,0,0,0,1,0.0,0.0,0.0,0.0,7175.065,1,KUCUK_TICARETHANE
1001528060.0,39.78648093,30.53500811,26005686.0,4.5,107.472,0,0,0,0,1,0.0,0.0,0.0,0.0,107.472,1,KUCUK_TICARETHANE
1001528108.0,39.7801495,30.52423749,26005911.0,4.005,3136.0,0,0,0,0,2,0.0,0.0,0.0,0.0,3136.0,2,KUCUK_TICARETHANE
1001528277.0,39.78069973,30.5163785,26006385.0,4.005,908.8,0,1,0,0,1,0.0,735.932,0.0,0.0,172.868,2,KUCUK_TICARETHANE
1001528282.0,39.78595565,30.46156971,26005904.0,6.316666666666666,8584.529,0,2,0,0,1,0.0,4509.651,0.0,0.0,4074.878,3,KUCUK_TICARETHANE
1001528369.0,39.77750177,30.5101235,26005188.0,5.75,23199.585,0,1,0,0,4,0.0,2691.838,0.0,0.0,20507.747,5,ORTA_TICARETHANE
1001528427.0,39.77510071,30.45819979,26010848.0,5.68,4813.153,0,4,0,0,2,0.0,3271.315,0.0,0.0,1541.838,6,KUCUK_TICARETHANE
1021030101.0,39.83727094,30.51275797,26006450.0,5.01,159.358,0,0,0,0,1,0.0,0.0,0.0,0.0,159.358,1,KUCUK_TICARETHANE
1021030106.0,39.79622163,30.50591128,26010530.0,3.0,247.0,0,0,0,0,1,0.0,0.0,0.0,0.0,247.0,1,KUCUK_TICARETHANE
1021030319.0,39.79442448,30.4835285,26005900.0,6.841111111111111,28174.284,0,5,0,0,4,0.0,7479.518,0.0,0.0,20694.766,9,ORTA_TICARETHANE
1021030367.0,39.78584877,30.53497709,26005686.0,3.0,3068.0,0,1,0,0,1,0.0,3025.0,0.0,0.0,43.0,2,KUCUK_TICARETHANE
1021030539.0,39.8246981,30.51393447,26004551.0,5.01,3188.278,0,0,0,1,0,0.0,0.0,0.0,3188.278,0.0,0,TARIMSAL_SULAMA
1021030739.0,39.78981373,30.48705094,26005975.0,5.01,3229.139,0,0,0,0,1,0.0,0.0,0.0,0.0,3229.139,1,KUCUK_TICARETHANE
1021030817.0,39.78468636,30.46917641,26013546.0,3.0,1794.0,0,0,0,0,1,0.0,0.0,0.0,0.0,1794.0,1,KUCUK_TICARETHANE
1021031249.0,39.79867092,30.50678528,26010528.0,3.67,13831.569,0,2,0,0,1,0.0,3096.822,0.0,0.0,10734.747,3,ORTA_TICARETHANE
1021031356.0,39.8040676,30.50810155,26010520.0,5.01,1732.0,0,0,0,0,1,0.0,0.0,0.0,0.0,1732.0,1,KUCUK_TICARETHANE
1021031566.0,39.78451517,30.46719648,26013544.0,3.0,1468.0,0,0,0,0,1,0.0,0.0,0.0,0.0,1468.0,1,KUCUK_TICARETHANE
1021031865.0,39.80045289,30.48727736,26006287.0,5.01,6828.55,0,1,0,0,2,0.0,748.824,0.0,0.0,6079.726000000001,3,KUCUK_TICARETHANE
1024028279.0,39.82298748,30.49917378,26005773.0,3.67,2509.774,0,2,0,0,1,0.0,940.8679999999999,0.0,0.0,1568.906,3,KUCUK_TICARETHANE
1024030099.0,39.78374899,30.47952151,26006153.0,4.005,10951.617,0,4,0,0,2,0.0,4715.0,0.0,0.0,6236.617,6,KUCUK_TICARETHANE
1024033032.0,39.77928201,30.45267161,26010837.0,6.1175,33418.544,0,8,0,0,4,0.0,11503.914,0.0,0.0,21914.63,12,ORTA_TICARETHANE
1024033553.0,39.78845027,30.51849573,26010680.0,5.087999999999999,83028.319,0,0,0,0,5,0.0,0.0,0.0,0.0,83028.319,5,ORTA_TICARETHANE
1024036071.0,39.79412723,30.53301532,26013569.0,5.01,23251.493,0,0,0,0,1,0.0,0.0,0.0,0.0,23251.493,1,ORTA_TICARETHANE
1024036619.0,39.78921729,30.51819396,26010680.0,5.01,16968.496,0,0,0,0,1,0.0,0.0,0.0,0.0,16968.496,1,ORTA_TICARETHANE
1024039097.0,39.79457646,30.52768568,26013572.0,5.3566666666666665,8527.308,0,2,0,0,1,0.0,3660.085,0.0,0.0,4867.223,3,KUCUK_TICARETHANE
1024042131.0,39.78065187,30.45863916,26005121.0,5.945,21617.977,0,8,0,0,4,0.0,9890.399,0.0,0.0,11727.578,12,ORTA_TICARETHANE
1024043474.0,39.7841726,30.46944868,26013546.0,3.0,4438.0,0,0,0,0,1,0.0,0.0,0.0,0.0,4438.0,1,KUCUK_TICARETHANE
1024045723.0,39.78404854,30.49956296,26001944.0,7.568461538461539,87772.817,0,0,0,0,26,0.0,0.0,0.0,0.0,87772.817,26,ORTA_TICARETHANE
1024045724.0,39.78399157,30.49964981,26001944.0,36.30692307692308,844857.529,0,0,0,0,13,0.0,0.0,0.0,0.0,844857.529,13,ORTA_TICARETHANE
1024045725.0,39.78442361,30.49994146,26001944.0,11.091315789473684,485041.95999999996,0,0,0,0,38,0.0,0.0,0.0,0.0,485041.95999999996,38,ORTA_TICARETHANE
1024045726.0,39.78440208,30.49996139,26001944.0,19.417777777777776,366729.753,0,0,0,0,9,0.0,0.0,0.0,0.0,366729.753,9,ORTA_TICARETHANE
1024045727.0,39.78435775,30.50001821,26001944.0,231.33,150503.4,0,0,0,0,1,0.0,0.0,0.0,0.0,150503.4,1,ORTA_TICARETHANE
1024045730.0,39.78394925,30.49997664,26001944.0,17.21157894736842,478189.11,0,0,0,0,19,0.0,0.0,0.0,0.0,478189.11,19,ORTA_TICARETHANE
1024045782.0,39.78470435,30.4496356,26010103.0,6.49,5306.141,0,1,0,0,1,0.0,2212.623,0.0,0.0,3093.518,2,KUCUK_TICARETHANE
1024045809.0,39.79925553,30.51293265,26010519.0,5.1,7600.322,0,0,0,0,1,0.0,0.0,0.0,0.0,7600.322,1,KUCUK_TICARETHANE
1024046159.0,39.7840347,30.49477528,26010566.0,48.02,48869.46,0,0,0,0,1,0.0,0.0,0.0,0.0,48869.46,1,ORTA_TICARETHANE
1024048237.0,39.77552582,30.46556284,26010843.0,5.01,8214.479,0,0,0,0,1,0.0,0.0,0.0,0.0,8214.479,1,KUCUK_TICARETHANE
1024049647.0,39.77703822,30.51997688,26005890.0,6.298076923076923,75791.283,0,0,0,0,26,0.0,0.0,0.0,0.0,75791.283,26,ORTA_TICARETHANE
1024049993.0,39.79784471,30.47619921,26006124.0,5.01,594.693,0,0,0,0,1,0.0,0.0,0.0,0.0,594.693,1,KUCUK_TICARETHANE
1026419039.0,39.78025592,30.51406371,26005145.0,5.01,5179.688,0,0,0,0,2,0.0,0.0,0.0,0.0,5179.688,2,KUCUK_TICARETHANE
1026419497.0,39.77795986,30.51312486,26005188.0,497.97,445605.0,0,0,0,0,1,0.0,0.0,0.0,0.0,445605.0,1,BUYUK_TICARETHANE
1026419522.0,39.78534113,30.51279881,26010683.0,5.446666666666666,10536.865999999998,0,2,0,0,1,0.0,964.674,0.0,0.0,9572.192,3,KUCUK_TICARETHANE
1026550934.0,39.85097162,30.48471275,26005650.0,5.01,1081.155,0,0,0,0,1,0.0,0.0,0.0,0.0,1081.155,1,KUCUK_TICARETHANE
1026552867.0,,,,5.01,4820.28,0,0,0,0,1,0.0,0.0,0.0,0.0,4820.28,1,KUCUK_TICARETHANE
1029057859.0,39.76782126,30.46974888,26010914.0,6.008,10177.611,0,2,0,0,3,0.0,2845.904,0.0,0.0,7331.707,5,KUCUK_TICARETHANE
1029060295.0,39.82069254,30.49604532,26006389.0,4.005,520.9590000000001,0,1,0,0,1,0.0,325.344,0.0,0.0,195.615,2,KUCUK_TICARETHANE
1029060307.0,39.77255816,30.47845733,26006342.0,5.01,1767.712,0,0,0,0,1,0.0,0.0,0.0,0.0,1767.712,1,KUCUK_TICARETHANE
1030779979.0,39.79825205,30.46270537,26013558.0,194.67,122049.1,0,0,0,0,1,0.0,0.0,0.0,0.0,122049.1,1,ORTA_TICARETHANE
1030781278.0,39.78193818,30.47290302,26010805.0,26.34,49923.4,0,0,0,0,1,0.0,0.0,0.0,0.0,49923.4,1,ORTA_TICARETHANE
1030784218.0,39.82159747,30.44075423,26002074.0,5.01,12445.351,0,0,0,0,2,0.0,0.0,0.0,0.0,12445.351,2,ORTA_TICARETHANE
1030784221.0,39.82128129,30.44055752,26002074.0,5.01,11148.18,0,0,0,0,3,0.0,0.0,0.0,0.0,11148.18,3,ORTA_TICARETHANE
1030784429.0,39.8217014,30.44131942,26006252.0,15.28,40155.473,0,0,0,0,1,0.0,0.0,0.0,0.0,40155.473,1,ORTA_TICARETHANE
1030785487.0,39.79295179,30.53122646,26013569.0,5.01,6142.481,0,0,0,0,1,0.0,0.0,0.0,0.0,6142.481,1,KUCUK_TICARETHANE
1030807715.0,39.77905993,30.54813712,26005274.0,7.36,246628.794,0,0,0,0,2,0.0,0.0,0.0,0.0,246628.794,2,ORTA_TICARETHANE
1030808435.0,39.83257311,30.51551273,26006466.0,5.01,12437.384,0,0,0,1,1,0.0,0.0,0.0,7276.217,5161.167,1,KUCUK_TICARETHANE
1030823049.0,39.78537497,30.50657721,26010551.0,5.095,2563.0820000000003,0,1,0,0,1,0.0,2125.583,0.0,0.0,437.499,2,KUCUK_TICARETHANE
1030823068.0,39.79837183,30.51047723,26010523.0,5.6000000000000005,12603.477,0,4,0,0,2,0.0,6396.521000000001,0.0,0.0,6206.956,6,KUCUK_TICARETHANE
1030823801.0,39.78619604,30.51069124,26010670.0,5.01,2266.102,0,0,0,0,1,0.0,0.0,0.0,0.0,2266.102,1,KUCUK_TICARETHANE
1030825593.0,39.7747609,30.47857349,26005721.0,12.2,3167.444,0,0,0,0,1,0.0,0.0,0.0,0.0,3167.444,1,KUCUK_TICARETHANE
1030827627.0,39.82047738,30.49732069,26006389.0,5.01,1702.158,0,0,0,1,2,0.0,0.0,0.0,36.223,1665.935,2,KUCUK_TICARETHANE
1030828203.0,39.78458012,30.51189405,26010684.0,5.465,17006.789,0,1,0,0,1,0.0,2994.091,0.0,0.0,14012.698,2,ORTA_TICARETHANE
1030828384.0,39.76524277,30.46520665,26010913.0,5.01,904.367,0,0,0,0,1,0.0,0.0,0.0,0.0,904.367,1,KUCUK_TICARETHANE
1030828486.0,39.77696013,30.45513522,26010836.0,6.192,4059.3240000000005,0,0,0,0,5,0.0,0.0,0.0,0.0,4059.3240000000005,5,KUCUK_TICARETHANE
1030829961.0,39.79195986,30.4579078,26006410.0,5.01,3236.683,0,0,0,0,1,0.0,0.0,0.0,0.0,3236.683,1,KUCUK_TICARETHANE
1030829984.0,39.78813467,30.51725598,26010678.0,5.01,9281.631000000001,0,0,0,0,2,0.0,0.0,0.0,0.0,9281.631000000001,2,KUCUK_TICARETHANE
1030830024.0,39.78223417,30.4688136,26013545.0,31.055,5184.674999999999,0,0,0,0,2,0.0,0.0,0.0,0.0,5184.674999999999,2,ORTA_TICARETHANE
1030833543.0,39.78369569,30.51016205,26010549.0,5.01,8255.133,0,0,0,0,1,0.0,0.0,0.0,0.0,8255.133,1,KUCUK_TICARETHANE
1030833683.0,39.78222529,30.47291989,26010805.0,5.69,3581.432,0,0,0,0,1,0.0,0.0,0.0,0.0,3581.432,1,KUCUK_TICARETHANE
1030834656.0,39.79119932,30.46866261,26010450.0,5.02,26403.9,1,0,0,0,0,26403.9,0.0,0.0,0.0,0.0,0,AYDINLATMA
1030834670.0,39.7903484,30.46185045,26010447.0,5.02,30592.894,1,0,0,0,0,30592.894,0.0,0.0,0.0,0.0,0,AYDINLATMA
1030834981.0,39.78961389,30.48585715,26005975.0,5.01,3902.015,0,0,0,0,1,0.0,0.0,0.0,0.0,3902.015,1,KUCUK_TICARETHANE
1030835038.0,39.79248695,30.46213105,26010446.0,5.01,34872.87,1,0,0,0,0,34872.87,0.0,0.0,0.0,0.0,0,AYDINLATMA
1030835221.0,39.77503481,30.45841653,26010848.0,3.0,40712.738,1,0,0,0,0,40712.738,0.0,0.0,0.0,0.0,0,AYDINLATMA
1030835243.0,39.76337946,30.47794618,26010902.0,12.6,52682.173,1,0,0,0,1,12916.093,0.0,0.0,0.0,39766.08,1,ORTA_TICARETHANE
1030836123.0,39.79152148,30.4658824,26010448.0,29.94,7864.24,0,0,0,0,1,0.0,0.0,0.0,0.0,7864.24,1,ORTA_TICARETHANE
1030836160.0,39.78110165,30.46609099,26005120.0,5.01,75288.913,1,0,0,0,0,75288.913,0.0,0.0,0.0,0.0,0,AYDINLATMA
1030839473.0,39.82350004,30.50338869,26005773.0,5.74,15145.308,0,1,0,0,3,0.0,1147.768,0.0,0.0,13997.54,4,ORTA_TICARETHANE
1030844551.0,39.87702246,30.80786342,26002433.0,30.0,178951.56,0,0,0,0,1,0.0,0.0,0.0,0.0,178951.56,1,ORTA_TICARETHANE
1030845033.0,39.81599975,30.4898884,26005126.0,5.01,18525.767,1,0,0,0,0,18525.767,0.0,0.0,0.0,0.0,0,AYDINLATMA
1030887635.0,39.77674947,30.51810924,26005890.0,5.01,105557.771,0,0,0,0,1,0.0,0.0,0.0,0.0,105557.771,1,ORTA_TICARETHANE
1031272113.0,39.78705026,30.46041502,26010100.0,100.1,15129.96,0,0,0,0,1,0.0,0.0,0.0,0.0,15129.96,1,ORTA_TICARETHANE
1031274409.0,39.79607547,30.53397878,26005693.0,5.03,16671.897,0,0,0,0,1,0.0,0.0,0.0,0.0,16671.897,1,ORTA_TICARETHANE
1031277603.0,39.91998294,30.31460553,26002443.0,15.0,6615.419,0,0,0,0,1,0.0,0.0,0.0,0.0,6615.419,1,KUCUK_TICARETHANE
1031277968.0,39.78415428,30.47640361,26013550.0,8.925,39469.679000000004,0,0,0,0,2,0.0,0.0,0.0,0.0,39469.679000000004,2,ORTA_TICARETHANE
1031279101.0,39.83946294,30.51593195,26006450.0,5.01,2006.594,0,0,0,1,0,0.0,0.0,0.0,2006.594,0.0,0,TARIMSAL_SULAMA
1031279723.0,39.79145638,30.47297449,26006045.0,5.39,4642.864,0,0,0,0,1,0.0,0.0,0.0,0.0,4642.864,1,KUCUK_TICARETHANE
1031280445.0,39.79350356,30.56745499,26005236.0,5.01,2631.727,0,0,0,0,1,0.0,0.0,0.0,0.0,2631.727,1,KUCUK_TICARETHANE
1031283367.0,,,,5.16,11576.709,0,0,0,0,1,0.0,0.0,0.0,0.0,11576.709,1,ORTA_TICARETHANE
1031284883.0,39.78105795,30.46165644,26010101.0,5.1,3356.344,0,0,0,0,1,0.0,0.0,0.0,0.0,3356.344,1,KUCUK_TICARETHANE
1031287164.0,39.78903332,30.4658519,26010451.0,5.16,16296.068,0,0,0,0,1,0.0,0.0,0.0,0.0,16296.068,1,ORTA_TICARETHANE
1031287171.0,39.81082027,30.5889324,26005231.0,5.01,5183.334,0,0,0,0,1,0.0,0.0,0.0,0.0,5183.334,1,KUCUK_TICARETHANE
1031291294.0,39.7748368,30.46512126,26010843.0,5.01,4494.103,0,0,0,0,1,0.0,0.0,0.0,0.0,4494.103,1,KUCUK_TICARETHANE
1031291835.0,39.77524527,30.47457886,26005695.0,5.01,2238.688,0,0,0,0,1,0.0,0.0,0.0,0.0,2238.688,1,KUCUK_TICARETHANE
1031292962.0,39.79213199,30.54206889,26005443.0,5.01,499.87,0,0,0,0,1,0.0,0.0,0.0,0.0,499.87,1,KUCUK_TICARETHANE
1031293033.0,39.79008876,30.51436298,26005134.0,33.74,31157.161,0,0,0,0,2,0.0,0.0,0.0,0.0,31157.161,2,ORTA_TICARETHANE
1031293295.0,39.79496546,30.45253766,26006293.0,60.11,67938.92,0,0,0,0,1,0.0,0.0,0.0,0.0,67938.92,1,ORTA_TICARETHANE
1031295334.0,39.77615626,30.45641712,26010839.0,5.01,4401.387,0,0,0,0,1,0.0,0.0,0.0,0.0,4401.387,1,KUCUK_TICARETHANE
1031295711.0,39.78899356,30.50919834,26010667.0,5.01,25287.358,0,0,0,0,34,0.0,0.0,0.0,0.0,25287.358,34,ORTA_TICARETHANE
1031297804.0,39.78212632,30.50609896,26010546.0,31.356666666666666,250764.279,0,0,0,0,6,0.0,0.0,0.0,0.0,250764.279,6,ORTA_TICARETHANE
1031299165.0,39.88529297,30.49922205,26002511.0,240.0,45720.0,0,0,1,0,0,0.0,0.0,45720.0,0.0,0.0,1,ORTA_SANAYI
1031299756.0,39.78155421,30.46185277,26005903.0,6.196666666666666,7156.737,0,4,0,0,2,0.0,6144.493,0.0,0.0,1012.2439999999999,6,KUCUK_TICARETHANE
1031300466.0,39.79434688,30.50617954,26010530.0,27.44333333333333,35304.205,0,0,0,0,3,0.0,0.0,0.0,0.0,35304.205,3,ORTA_TICARETHANE
1031300505.0,39.79447853,30.50603438,26010530.0,18.9875,61709.205,0,1,0,0,3,0.0,13557.616,0.0,0.0,48151.589,4,ORTA_TICARETHANE
1031300954.0,39.83531718,30.49908121,26006449.0,5.01,20476.209,0,0,0,1,0,0.0,0.0,0.0,20476.209,0.0,0,TARIMSAL_SULAMA
1031302518.0,39.77907118,30.45040703,26010835.0,5.945,5458.193,0,1,0,0,1,0.0,951.952,0.0,0.0,4506.241,2,KUCUK_TICARETHANE
1031302530.0,39.79468959,30.47655464,26006044.0,5.878,5242.888,0,3,0,0,2,0.0,3031.29,0.0,0.0,2211.598,5,KUCUK_TICARETHANE
1031304429.0,39.78051754,30.45207643,26005121.0,5.01,5066.248,0,0,0,0,2,0.0,0.0,0.0,0.0,5066.248,2,KUCUK_TICARETHANE
1031304750.0,39.7815427,30.47158014,26010805.0,5.1,14893.238,0,0,0,0,1,0.0,0.0,0.0,0.0,14893.238,1,ORTA_TICARETHANE
1031305172.0,39.77581299,30.47021355,26010843.0,5.8133333333333335,30938.554,0,6,0,0,3,0.0,12391.59,0.0,0.0,18546.964,9,ORTA_TICARETHANE
1031305198.0,,,,5.16,17970.324,0,0,0,0,1,0.0,0.0,0.0,0.0,17970.324,1,ORTA_TICARETHANE
1031308458.0,39.78163903,30.51257489,26010671.0,293.86,809554.88,0,0,0,0,1,0.0,0.0,0.0,0.0,809554.88,1,ORTA_TICARETHANE
1031310398.0,39.7840226,30.47610548,26013550.0,5.01,8133.24,0,0,0,0,3,0.0,0.0,0.0,0.0,8133.24,3,KUCUK_TICARETHANE
1031312679.0,39.78424665,30.51165537,26010684.0,5.01,16107.917,0,0,0,0,2,0.0,0.0,0.0,0.0,16107.917,2,ORTA_TICARETHANE
1031315294.0,39.78290997,30.51437871,26010672.0,5.01,26221.096,0,0,0,0,3,0.0,0.0,0.0,0.0,26221.096,3,ORTA_TICARETHANE
1031317368.0,39.80638742,30.60242394,26003675.0,5.01,9654.809,0,0,0,1,0,0.0,0.0,0.0,9654.809,0.0,0,TARIMSAL_SULAMA
1031317537.0,39.80385148,30.51157372,26010520.0,5.01,4205.772,0,0,0,0,1,0.0,0.0,0.0,0.0,4205.772,1,KUCUK_TICARETHANE
1031317752.0,39.80818468,30.60579881,26003675.0,5.01,10414.295,0,0,0,1,0,0.0,0.0,0.0,10414.295,0.0,0,TARIMSAL_SULAMA
1031317764.0,39.79946126,30.49886691,26010535.0,6.413333333333334,1516.273,0,2,0,0,1,0.0,916.026,0.0,0.0,600.247,3,KUCUK_TICARETHANE
1031321338.0,39.78070235,30.45891486,26005121.0,5.01,256.332,0,0,0,0,1,0.0,0.0,0.0,0.0,256.332,1,KUCUK_TICARETHANE
1031321634.0,39.79274798,30.52336641,26010286.0,5.01,3332.181,0,0,0,0,1,0.0,0.0,0.0,0.0,3332.181,1,KUCUK_TICARETHANE
1031322687.0,39.78167126,30.47198059,26010805.0,5.78,6374.926,0,0,0,0,1,0.0,0.0,0.0,0.0,6374.926,1,KUCUK_TICARETHANE
1031323538.0,,,,5.1,583.483,0,0,0,0,1,0.0,0.0,0.0,0.0,583.483,1,KUCUK_TICARETHANE
1031326409.0,39.8290023,30.50233579,26005229.0,9.03,1953.884,0,0,0,0,1,0.0,0.0,0.0,0.0,1953.884,1,KUCUK_TICARETHANE
1031330095.0,39.76065986,30.45975892,26010891.0,5.1,11486.023,0,0,0,0,1,0.0,0.0,0.0,0.0,11486.023,1,ORTA_TICARETHANE
1031330136.0,39.79188295,30.55133679,26005223.0,5.1,213.425,0,0,0,0,1,0.0,0.0,0.0,0.0,213.425,1,KUCUK_TICARETHANE
1031330169.0,39.78011546,30.46485016,26010841.0,5.1,163.129,0,0,0,0,1,0.0,0.0,0.0,0.0,163.129,1,KUCUK_TICARETHANE
1031331163.0,39.83947942,30.51568248,26006450.0,5.01,376.995,0,0,0,1,0,0.0,0.0,0.0,376.995,0.0,0,TARIMSAL_SULAMA
1031332379.0,39.78335071,30.51448886,26010672.0,6.725,35715.209,0,4,0,0,4,0.0,24323.779,0.0,0.0,11391.43,8,ORTA_TICARETHANE
1031335923.0,39.80382759,30.49355456,26010545.0,5.1,2798.527,0,0,0,0,1,0.0,0.0,0.0,0.0,2798.527,1,KUCUK_TICARETHANE
1031338100.0,39.80500248,30.5991823,26003675.0,5.01,953.933,0,0,0,1,0,0.0,0.0,0.0,953.933,0.0,0,TARIMSAL_SULAMA
1031338110.0,39.80161532,30.5745346,26009785.0,5.01,2693.372,0,0,0,1,0,0.0,0.0,0.0,2693.372,0.0,0,TARIMSAL_SULAMA
1031338642.0,39.77934801,30.50907891,26005186.0,5.1975,60598.605,0,0,0,0,24,0.0,0.0,0.0,0.0,60598.605,24,ORTA_TICARETHANE
1031339251.0,39.77804871,30.51833081,26005146.0,5.01,613.204,0,0,0,0,1,0.0,0.0,0.0,0.0,613.204,1,KUCUK_TICARETHANE
1031340421.0,39.79540222,30.50619321,26010530.0,5.01,26590.518,0,1,0,0,1,0.0,2003.587,0.0,0.0,24586.931,2,ORTA_TICARETHANE
1031340863.0,,,,5.16,12932.646,0,0,0,0,1,0.0,0.0,0.0,0.0,12932.646,1,ORTA_TICARETHANE
1031341055.0,39.81319246,30.48850789,26005126.0,5.01,8657.252,0,0,0,1,0,0.0,0.0,0.0,8657.252,0.0,0,TARIMSAL_SULAMA
1031343724.0,39.79255829,30.54970387,26005690.0,5.01,3899.189,0,0,0,0,1,0.0,0.0,0.0,0.0,3899.189,1,KUCUK_TICARETHANE
1031348982.0,39.78087846,30.4689609,26013543.0,7.01,19093.836,0,0,0,0,1,0.0,0.0,0.0,0.0,19093.836,1,ORTA_TICARETHANE
1031351655.0,39.80368175,30.58308105,26005231.0,5.01,3475.545,0,0,0,1,0,0.0,0.0,0.0,3475.545,0.0,0,TARIMSAL_SULAMA
1031351660.0,39.78979767,30.53765281,26005927.0,5.16,2531.202,0,0,0,0,1,0.0,0.0,0.0,0.0,2531.202,1,KUCUK_TICARETHANE
1031365066.0,39.82237935,30.50189963,26005773.0,3.0,1845.196,0,0,0,0,1,0.0,0.0,0.0,0.0,1845.196,1,KUCUK_TICARETHANE
1031365923.0,39.78267327,30.47773826,26001518.0,5.01,14504.458,0,0,0,0,1,0.0,0.0,0.0,0.0,14504.458,1,ORTA_TICARETHANE
1031368016.0,39.78239515,30.51349701,26010672.0,6.36,10679.576,0,0,0,0,1,0.0,0.0,0.0,0.0,10679.576,1,ORTA_TICARETHANE
1031368913.0,39.81521499,30.60615086,26013652.0,5.01,1218.214,0,0,0,1,0,0.0,0.0,0.0,1218.214,0.0,0,TARIMSAL_SULAMA
1031373040.0,39.81783644,30.44211378,26000812.0,5.734444444444445,62742.472,0,5,0,0,4,0.0,7581.634,0.0,0.0,55160.838,9,ORTA_TICARETHANE
1031376101.0,39.78285794,30.50479573,26010547.0,5.199999999999999,5816.892,0,0,0,0,2,0.0,0.0,0.0,0.0,5816.892,2,KUCUK_TICARETHANE
1031376993.0,39.80019087,30.57024531,26009784.0,5.01,1401.604,0,0,0,1,0,0.0,0.0,0.0,1401.604,0.0,0,TARIMSAL_SULAMA
1031381599.0,39.79121924,30.50105962,26002643.0,1500.0,893035.95,0,0,0,0,1,0.0,0.0,0.0,0.0,893035.95,1,BUYUK_TICARETHANE
1031384324.0,39.8377546,30.51832587,26006450.0,5.01,956.934,0,0,0,1,0,0.0,0.0,0.0,956.934,0.0,0,TARIMSAL_SULAMA
1031388729.0,39.77440333,30.46958511,26010845.0,3.0,44200.874,1,0,0,0,0,44200.874,0.0,0.0,0.0,0.0,0,AYDINLATMA
1031389467.0,39.80530721,30.57974513,26005231.0,5.824999999999999,12737.996,0,1,0,0,1,0.0,520.273,0.0,0.0,12217.723,2,ORTA_TICARETHANE
1031392794.0,39.79058148,30.46470231,26010449.0,5.79,8190.652,0,6,0,0,4,0.0,5650.418,0.0,0.0,2540.234,10,KUCUK_TICARETHANE
1031392815.0,39.77200041,30.46807703,26010900.0,33.7,17624.58,0,0,0,0,1,0.0,0.0,0.0,0.0,17624.58,1,ORTA_TICARETHANE
1031393986.0,39.77717065,30.50640005,26002653.0,120.0,293538.6,0,0,0,0,1,0.0,0.0,0.0,0.0,293538.6,1,ORTA_TICARETHANE
1031394114.0,39.82260858,30.51101656,26004551.0,5.01,2172.518,0,0,0,1,0,0.0,0.0,0.0,2172.518,0.0,0,TARIMSAL_SULAMA
1031394395.0,39.81167389,30.49561403,26010538.0,5.01,1637.604,0,0,0,1,0,0.0,0.0,0.0,1637.604,0.0,0,TARIMSAL_SULAMA
1031397580.0,39.85145585,30.4996061,26010166.0,5.16,3562.933,0,0,0,0,1,0.0,0.0,0.0,0.0,3562.933,1,KUCUK_TICARETHANE
1031401219.0,39.8282751,30.50483708,26006466.0,4.005,686.938,0,0,0,1,1,0.0,0.0,0.0,455.357,231.581,1,KUCUK_TICARETHANE
1031401344.0,39.8108514,30.58100853,26005231.0,5.01,9224.514,0,0,0,1,0,0.0,0.0,0.0,9224.514,0.0,0,TARIMSAL_SULAMA
1031401871.0,39.77454543,30.55716389,,2490.0,331.2,0,0,1,0,0,0.0,0.0,331.2,0.0,0.0,1,ORTA_SANAYI
1031407134.0,39.8177846,30.5439948,26002087.0,960.0,332624.8,0,0,0,0,1,0.0,0.0,0.0,0.0,332624.8,1,BUYUK_TICARETHANE
1031407180.0,39.78404756,30.4764673,26013550.0,5.01,589.295,0,0,0,0,1,0.0,0.0,0.0,0.0,589.295,1,KUCUK_TICARETHANE
1031426267.0,39.78763205,30.50765787,26010552.0,5.01,7174.222,0,0,0,0,1,0.0,0.0,0.0,0.0,7174.222,1,KUCUK_TICARETHANE
1031433945.0,39.78496472,30.51124584,26010683.0,5.01,15655.261,0,0,0,0,2,0.0,0.0,0.0,0.0,15655.261,2,ORTA_TICARETHANE
1031433947.0,39.69640628,30.31238308,26002680.0,150.0,12545.28,0,0,0,0,1,0.0,0.0,0.0,0.0,12545.28,1,ORTA_TICARETHANE
1031443780.0,39.80389743,30.58098091,26005231.0,5.01,2370.277,0,0,0,1,0,0.0,0.0,0.0,2370.277,0.0,0,TARIMSAL_SULAMA
1031447428.0,39.80087101,30.47517371,26006286.0,5.54,13938.056,0,0,0,0,1,0.0,0.0,0.0,0.0,13938.056,1,ORTA_TICARETHANE
1031456307.0,39.7791349,30.51809255,26005146.0,17.2,7898.739,0,0,0,0,1,0.0,0.0,0.0,0.0,7898.739,1,ORTA_TICARETHANE
1031458454.0,39.79559879,30.56094722,26009784.0,5.01,618.052,0,0,0,0,1,0.0,0.0,0.0,0.0,618.052,1,KUCUK_TICARETHANE
1031481467.0,39.78192562,30.47337309,26010805.0,11.45,5402.251,0,0,0,0,1,0.0,0.0,0.0,0.0,5402.251,1,KUCUK_TICARETHANE
1031507785.0,39.79091724,30.55393526,26005223.0,5.1,2777.135,0,0,0,0,1,0.0,0.0,0.0,0.0,2777.135,1,KUCUK_TICARETHANE
1031527760.0,39.76037253,30.46112141,26010890.0,5.1,4232.613,0,0,0,0,1,0.0,0.0,0.0,0.0,4232.613,1,KUCUK_TICARETHANE
1031527985.0,39.78235569,30.47522012,26001518.0,5.01,1067.391,0,0,0,0,1,0.0,0.0,0.0,0.0,1067.391,1,KUCUK_TICARETHANE
1031536286.0,39.78997558,30.49044528,26014892.0,36.42,196926.925,0,0,0,0,1,0.0,0.0,0.0,0.0,196926.925,1,ORTA_TICARETHANE
1031536289.0,39.78998756,30.49027631,26014892.0,5.01,31047.954,0,0,0,0,1,0.0,0.0,0.0,0.0,31047.954,1,ORTA_TICARETHANE
1031536314.0,39.79000546,30.49006275,26014892.0,5.01,142899.45299999998,0,0,0,0,3,0.0,0.0,0.0,0.0,142899.45299999998,3,ORTA_TICARETHANE
1031536315.0,39.79001834,30.48989981,26014892.0,5.01,54531.866,0,0,0,0,1,0.0,0.0,0.0,0.0,54531.866,1,ORTA_TICARETHANE
1031536379.0,39.79003689,30.48974459,26014892.0,5.01,36635.603,0,0,0,0,1,0.0,0.0,0.0,0.0,36635.603,1,ORTA_TICARETHANE
1031536404.0,39.79004887,30.48954929,26014892.0,5.01,73471.084,0,0,0,0,2,0.0,0.0,0.0,0.0,73471.084,2,ORTA_TICARETHANE
1031536406.0,39.7900709,30.4892291,26014892.0,102.99,285155.45,0,0,0,0,1,0.0,0.0,0.0,0.0,285155.45,1,ORTA_TICARETHANE
1031544714.0,39.77399963,30.47657653,26005720.0,5.1,6083.94,0,0,0,0,1,0.0,0.0,0.0,0.0,6083.94,1,KUCUK_TICARETHANE
1031546351.0,39.82290502,30.51389277,26004551.0,5.01,4049.652,0,0,0,1,0,0.0,0.0,0.0,4049.652,0.0,0,TARIMSAL_SULAMA
1031548830.0,39.77992267,30.51184186,26005185.0,4.005,30707.941,0,0,0,0,2,0.0,0.0,0.0,0.0,30707.941,2,ORTA_TICARETHANE
1031556618.0,39.7803073,30.51775429,26006215.0,5.01,831.715,0,0,0,0,1,0.0,0.0,0.0,0.0,831.715,1,KUCUK_TICARETHANE
1031562124.0,39.82020461,30.49809154,26006389.0,5.01,246.627,0,0,0,0,1,0.0,0.0,0.0,0.0,246.627,1,KUCUK_TICARETHANE
1031562499.0,39.80515011,30.54472684,26002734.0,5.01,38178.394,1,0,0,0,0,38178.394,0.0,0.0,0.0,0.0,0,AYDINLATMA
1031575207.0,39.8089872,30.58014497,26005231.0,5.01,4778.906,0,0,0,1,0,0.0,0.0,0.0,4778.906,0.0,0,TARIMSAL_SULAMA
1031575926.0,39.78088139,30.4712153,26010805.0,5.01,3011.172,0,0,0,0,1,0.0,0.0,0.0,0.0,3011.172,1,KUCUK_TICARETHANE
1031577259.0,39.78313362,30.45700674,26005972.0,3.0,38278.232,1,0,0,0,0,38278.232,0.0,0.0,0.0,0.0,0,AYDINLATMA
1031580357.0,39.7799278,30.51240904,26005185.0,36.946,471741.623,0,0,0,0,5,0.0,0.0,0.0,0.0,471741.623,5,ORTA_TICARETHANE
1031582656.0,39.78073043,30.47209417,26010805.0,8.47,7844.658,0,0,1,0,0,0.0,0.0,7844.658,0.0,0.0,1,KUCUK_SANAYI
1031596658.0,39.79656128,30.48250162,26006125.0,5.16,979.086,0,0,0,0,1,0.0,0.0,0.0,0.0,979.086,1,KUCUK_TICARETHANE
1031598916.0,39.77762998,30.51227126,26005188.0,3.0,46448.918,1,0,0,0,0,46448.918,0.0,0.0,0.0,0.0,0,AYDINLATMA
1031599815.0,39.78733844,30.51029669,26010670.0,5.01,3532.62,0,0,0,0,1,0.0,0.0,0.0,0.0,3532.62,1,KUCUK_TICARETHANE
1031599826.0,39.78202114,30.51563544,26010672.0,5.39,17794.714,0,0,0,0,2,0.0,0.0,0.0,0.0,17794.714,2,ORTA_TICARETHANE
1031600034.0,39.78947578,30.50541126,26010666.0,5.1,2024.0,0,0,0,0,1,0.0,0.0,0.0,0.0,2024.0,1,KUCUK_TICARETHANE
1031600898.0,39.77590121,30.46643223,26010843.0,8.58,64050.246,0,0,0,0,1,0.0,0.0,0.0,0.0,64050.246,1,ORTA_TICARETHANE
1031601099.0,39.77739079,30.52953879,26005716.0,59.88,213531.36,0,0,0,0,1,0.0,0.0,0.0,0.0,213531.36,1,ORTA_TICARETHANE
1031611989.0,39.7948165,30.44465471,26009988.0,3.0,17518.022,1,0,0,0,0,17518.022,0.0,0.0,0.0,0.0,0,AYDINLATMA
1031612850.0,39.80116693,30.51815705,26010515.0,5.01,52402.297,1,0,0,0,0,52402.297,0.0,0.0,0.0,0.0,0,AYDINLATMA
1031614860.0,39.78400294,30.51988505,26010761.0,5.1,10047.649,0,0,0,0,1,0.0,0.0,0.0,0.0,10047.649,1,ORTA_TICARETHANE
1031623316.0,39.81129696,30.56939058,26005234.0,5.01,8062.069,0,0,0,1,0,0.0,0.0,0.0,8062.069,0.0,0,TARIMSAL_SULAMA
1031642436.0,39.78211458,30.52212788,26005917.0,3.0,21433.306,1,0,0,0,0,21433.306,0.0,0.0,0.0,0.0,0,AYDINLATMA
1031644162.0,39.78530329,30.48269735,26005996.0,3.0,18315.468,1,0,0,0,0,18315.468,0.0,0.0,0.0,0.0,0,AYDINLATMA
1031657452.0,39.78180627,30.45010552,26006212.0,3.0,58658.023,1,0,0,0,0,58658.023,0.0,0.0,0.0,0.0,0,AYDINLATMA
1031657492.0,39.77424431,30.47791566,26005721.0,3.0,16991.659,1,0,0,0,0,16991.659,0.0,0.0,0.0,0.0,0,AYDINLATMA
1031658791.0,39.7918511,30.45504416,26005958.0,3.0,13938.609,1,0,0,0,0,13938.609,0.0,0.0,0.0,0.0,0,AYDINLATMA
1031659755.0,39.78835023,30.47368167,26010454.0,3.0,6812.925,1,0,0,0,0,6812.925,0.0,0.0,0.0,0.0,0,AYDINLATMA
1031660232.0,39.79412903,30.51836356,26010288.0,3.0,31652.106,1,0,0,0,0,31652.106,0.0,0.0,0.0,0.0,0,AYDINLATMA
1031660234.0,39.80060421,30.43614179,26010127.0,3.0,182769.76,1,0,0,0,0,182769.76,0.0,0.0,0.0,0.0,0,AYDINLATMA
1031660235.0,39.78893157,30.53532321,26005927.0,3.0,32934.033,1,0,0,0,0,32934.033,0.0,0.0,0.0,0.0,0,AYDINLATMA
1031660236.0,39.79260243,30.55248492,26005223.0,3.0,67314.325,1,0,0,0,0,67314.325,0.0,0.0,0.0,0.0,0,AYDINLATMA
1031660237.0,39.79002812,30.55689346,26006200.0,3.0,17510.991,1,0,0,0,0,17510.991,0.0,0.0,0.0,0.0,0,AYDINLATMA
1031660238.0,39.78512485,30.4487055,26005681.0,3.0,53191.597,1,0,0,0,0,53191.597,0.0,0.0,0.0,0.0,0,AYDINLATMA
1031660239.0,39.82094843,30.44442151,26006252.0,5.01,9867.986,1,0,0,0,0,9867.986,0.0,0.0,0.0,0.0,0,AYDINLATMA
1031662810.0,39.76603784,30.46688154,26010913.0,3.0,34612.37,1,0,0,0,0,34612.37,0.0,0.0,0.0,0.0,0,AYDINLATMA
1031663932.0,39.84459508,30.49714977,26006450.0,5.01,22851.727,0,0,0,1,0,0.0,0.0,0.0,22851.727,0.0,0,TARIMSAL_SULAMA
1031678183.0,39.78109707,30.46798799,26013543.0,5.484999999999999,1990.1390000000001,0,0,0,0,2,0.0,0.0,0.0,0.0,1990.1390000000001,2,KUCUK_TICARETHANE
1031694913.0,39.78200718,30.47158901,26010805.0,8.08,37238.089,0,0,0,0,2,0.0,0.0,0.0,0.0,37238.089,2,ORTA_TICARETHANE
1031698493.0,39.78319604,30.47721563,26001518.0,5.01,4730.43,0,0,0,0,1,0.0,0.0,0.0,0.0,4730.43,1,KUCUK_TICARETHANE
1031698872.0,39.78051504,30.4679574,26013543.0,5.01,1091.705,0,0,0,0,1,0.0,0.0,0.0,0.0,1091.705,1,KUCUK_TICARETHANE
1031724397.0,39.76047312,30.45415965,26010894.0,7.18,3249.742,0,1,0,0,1,0.0,2336.353,0.0,0.0,913.389,2,KUCUK_TICARETHANE
1031753364.0,39.78469689,30.50835668,26010549.0,5.009999999999999,67904.276,0,0,0,0,27,0.0,0.0,0.0,0.0,67904.276,27,ORTA_TICARETHANE
1031755790.0,39.79328854,30.52866569,26013568.0,5.01,8689.717,0,0,0,0,1,0.0,0.0,0.0,0.0,8689.717,1,KUCUK_TICARETHANE
1031764598.0,39.79375338,30.52107557,26010288.0,5.1,5182.787,0,0,0,0,1,0.0,0.0,0.0,0.0,5182.787,1,KUCUK_TICARETHANE
1031766198.0,39.8247386,30.50549493,26005773.0,5.01,728.263,0,0,0,0,1,0.0,0.0,0.0,0.0,728.263,1,KUCUK_TICARETHANE
1031766443.0,39.82365988,30.50370681,26005773.0,5.02,4925.828,0,0,0,0,1,0.0,0.0,0.0,0.0,4925.828,1,KUCUK_TICARETHANE
1031766691.0,39.82471843,30.50321236,26005773.0,26.96,14877.7,0,0,0,0,1,0.0,0.0,0.0,0.0,14877.7,1,ORTA_TICARETHANE
1031766741.0,39.82460747,30.50395806,26005773.0,3.17,391.0,0,0,0,0,1,0.0,0.0,0.0,0.0,391.0,1,KUCUK_TICARETHANE
1031767567.0,39.82588648,30.50924758,26005773.0,5.01,31317.51,0,0,0,1,0,0.0,0.0,0.0,31317.51,0.0,0,TARIMSAL_SULAMA
1031767568.0,39.82596836,30.50983969,26005773.0,3.0,1554.779,0,0,0,1,0,0.0,0.0,0.0,1554.779,0.0,0,TARIMSAL_SULAMA
1031767814.0,39.82213323,30.50465252,26005773.0,3.0,477.0,0,0,0,0,1,0.0,0.0,0.0,0.0,477.0,1,KUCUK_TICARETHANE
1031767820.0,39.82190971,30.50423411,26005773.0,5.01,2052.399,0,0,0,1,0,0.0,0.0,0.0,2052.399,0.0,0,TARIMSAL_SULAMA
1031768424.0,39.82135186,30.50549202,26005773.0,5.01,855.8,0,0,0,0,1,0.0,0.0,0.0,0.0,855.8,1,KUCUK_TICARETHANE
1031768757.0,39.82269023,30.50346042,26005773.0,4.005,8973.454000000002,0,1,0,0,1,0.0,8881.575,0.0,0.0,91.879,2,KUCUK_TICARETHANE
1031775900.0,39.82071592,30.502763,26005773.0,5.01,209.388,0,0,0,1,0,0.0,0.0,0.0,209.388,0.0,0,TARIMSAL_SULAMA
1031776826.0,39.82283827,30.50234699,26005773.0,3.0,829.0,0,0,0,0,1,0.0,0.0,0.0,0.0,829.0,1,KUCUK_TICARETHANE
1031779577.0,39.82231882,30.50091342,26005773.0,5.01,1446.973,0,0,0,1,0,0.0,0.0,0.0,1446.973,0.0,0,TARIMSAL_SULAMA
1031779580.0,39.82193462,30.50078872,26005773.0,7.25,2882.523,0,0,0,0,1,0.0,0.0,0.0,0.0,2882.523,1,KUCUK_TICARETHANE
1031779615.0,39.82148347,30.50121801,26005773.0,5.01,5447.717,0,0,0,0,1,0.0,0.0,0.0,0.0,5447.717,1,KUCUK_TICARETHANE
1031779621.0,39.8211621,30.49994396,26005773.0,3.0,3019.768,0,0,0,1,0,0.0,0.0,0.0,3019.768,0.0,0,TARIMSAL_SULAMA
1031779687.0,39.82111988,30.50108499,26005773.0,4.766666666666667,4065.0,0,2,0,0,1,0.0,3239.0,0.0,0.0,826.0,3,KUCUK_TICARETHANE
1031779700.0,39.82064193,30.50113366,26005773.0,3.0,1793.0,0,0,0,1,0,0.0,0.0,0.0,1793.0,0.0,0,TARIMSAL_SULAMA
1031780011.0,39.82185171,30.49982514,26005773.0,3.0,1015.942,0,0,0,0,1,0.0,0.0,0.0,0.0,1015.942,1,KUCUK_TICARETHANE
1031780012.0,39.82188261,30.50029185,26005773.0,5.01,1073.37,0,0,0,1,0,0.0,0.0,0.0,1073.37,0.0,0,TARIMSAL_SULAMA
1031780089.0,39.78136655,30.50835003,26005185.0,6.610434782608695,86111.91,0,3,0,0,20,0.0,8869.901,0.0,0.0,77242.009,23,ORTA_TICARETHANE
1031780333.0,39.81361628,30.49705068,26005126.0,5.01,300.689,0,0,0,1,0,0.0,0.0,0.0,300.689,0.0,0,TARIMSAL_SULAMA
1031781095.0,39.83550114,30.50083249,26006449.0,42.1,2305.83,0,0,0,0,1,0.0,0.0,0.0,0.0,2305.83,1,ORTA_TICARETHANE
1031782720.0,39.82193521,30.49953678,26005773.0,3.0,55.267,0,0,0,1,0,0.0,0.0,0.0,55.267,0.0,0,TARIMSAL_SULAMA
1031782890.0,39.82183393,30.49899946,26005773.0,5.01,2484.377,0,0,0,1,0,0.0,0.0,0.0,2484.377,0.0,0,TARIMSAL_SULAMA
1031783519.0,39.81932483,30.5029436,26013510.0,5.01,641.8,0,0,0,0,1,0.0,0.0,0.0,0.0,641.8,1,KUCUK_TICARETHANE
1031783526.0,39.81927024,30.50262175,26013510.0,3.0,1819.0,0,0,0,0,1,0.0,0.0,0.0,0.0,1819.0,1,KUCUK_TICARETHANE
1031783551.0,39.81935174,30.50195415,26013510.0,5.01,44.523,0,0,0,0,1,0.0,0.0,0.0,0.0,44.523,1,KUCUK_TICARETHANE
1031783557.0,39.81918012,30.5018579,26013510.0,3.0,124.0,0,0,0,1,0,0.0,0.0,0.0,124.0,0.0,0,TARIMSAL_SULAMA
1031783609.0,39.81834863,30.50089692,26013510.0,5.01,1468.986,0,0,0,0,1,0.0,0.0,0.0,0.0,1468.986,1,KUCUK_TICARETHANE
1031783613.0,39.81878885,30.5013829,26013510.0,5.01,156.786,0,0,0,1,0,0.0,0.0,0.0,156.786,0.0,0,TARIMSAL_SULAMA
1031783673.0,39.81779716,30.49938408,26013510.0,3.0,3072.0,0,0,0,1,0,0.0,0.0,0.0,3072.0,0.0,0,TARIMSAL_SULAMA
1031783678.0,39.81789193,30.49874237,26013510.0,3.0,2161.0,0,0,0,1,0,0.0,0.0,0.0,2161.0,0.0,0,TARIMSAL_SULAMA
1031783683.0,39.81770661,30.49877878,26013510.0,5.01,240.013,0,0,0,0,1,0.0,0.0,0.0,0.0,240.013,1,KUCUK_TICARETHANE
1031783703.0,39.81855745,30.49861388,26013510.0,5.01,185.353,0,0,0,0,1,0.0,0.0,0.0,0.0,185.353,1,KUCUK_TICARETHANE
1031783724.0,39.81868928,30.49918357,26013510.0,5.01,398.447,0,0,0,0,1,0.0,0.0,0.0,0.0,398.447,1,KUCUK_TICARETHANE
1031783783.0,39.8196682,30.49784278,26006389.0,5.01,300.576,0,0,0,0,1,0.0,0.0,0.0,0.0,300.576,1,KUCUK_TICARETHANE
1031783796.0,39.82033722,30.49733868,26006389.0,3.0,128.38,0,0,0,0,1,0.0,0.0,0.0,0.0,128.38,1,KUCUK_TICARETHANE
1031785385.0,39.81507851,30.4962824,26005126.0,3.0,7688.0,0,0,0,1,0,0.0,0.0,0.0,7688.0,0.0,0,TARIMSAL_SULAMA
1031785459.0,39.81230059,30.49532589,26005126.0,3.0,1252.039,0,0,0,1,0,0.0,0.0,0.0,1252.039,0.0,0,TARIMSAL_SULAMA
1031785516.0,39.82156126,30.49893505,26013510.0,5.01,5.354,0,0,0,0,1,0.0,0.0,0.0,0.0,5.354,1,KUCUK_TICARETHANE
1031786775.0,39.81724545,30.4942861,26013510.0,5.01,4064.419,0,0,0,1,0,0.0,0.0,0.0,4064.419,0.0,0,TARIMSAL_SULAMA
1031786779.0,39.81703584,30.49435584,26013510.0,5.01,195.342,0,0,0,0,1,0.0,0.0,0.0,0.0,195.342,1,KUCUK_TICARETHANE
1031787634.0,39.8163337,30.49898243,26013510.0,5.01,560.911,0,0,0,0,1,0.0,0.0,0.0,0.0,560.911,1,KUCUK_TICARETHANE
1031787654.0,39.81625657,30.49846329,26013510.0,3.0,367.0,0,0,0,0,1,0.0,0.0,0.0,0.0,367.0,1,KUCUK_TICARETHANE
1031787665.0,39.81631104,30.49864584,26013510.0,5.01,31.375,0,0,0,0,1,0.0,0.0,0.0,0.0,31.375,1,KUCUK_TICARETHANE
1031787768.0,39.82063079,30.49202385,26006389.0,3.0,2436.0,0,0,0,1,0,0.0,0.0,0.0,2436.0,0.0,0,TARIMSAL_SULAMA
1031788481.0,39.81727144,30.50583156,26005543.0,3.0,1135.0,0,0,0,1,0,0.0,0.0,0.0,1135.0,0.0,0,TARIMSAL_SULAMA
1031788512.0,39.81759732,30.50680083,26005543.0,3.0,1119.547,0,0,0,0,1,0.0,0.0,0.0,0.0,1119.547,1,KUCUK_TICARETHANE
1031788560.0,39.8184191,30.5104005,26005543.0,3.0,1971.078,0,0,0,1,0,0.0,0.0,0.0,1971.078,0.0,0,TARIMSAL_SULAMA
1031788605.0,39.81880588,30.51245452,26005543.0,3.0,8055.313,0,0,0,1,0,0.0,0.0,0.0,8055.313,0.0,0,TARIMSAL_SULAMA
1031788611.0,39.81957727,30.51306794,26005543.0,4.005,1756.875,0,0,0,1,1,0.0,0.0,0.0,1690.649,66.226,1,KUCUK_TICARETHANE
1031788618.0,39.78810244,30.54159702,26005434.0,47.554,74648.106,0,0,0,0,5,0.0,0.0,0.0,0.0,74648.106,5,ORTA_TICARETHANE
1031788635.0,39.8192992,30.5150845,26005543.0,3.0,30232.4,0,0,0,1,0,0.0,0.0,0.0,30232.4,0.0,0,TARIMSAL_SULAMA
1031788655.0,39.81970997,30.51208261,26005543.0,5.01,739.063,0,0,0,0,1,0.0,0.0,0.0,0.0,739.063,1,KUCUK_TICARETHANE
1031789156.0,39.81611522,30.5043451,26005543.0,5.01,967.725,0,0,0,0,1,0.0,0.0,0.0,0.0,967.725,1,KUCUK_TICARETHANE
1031789220.0,39.81573794,30.50378287,26005543.0,5.01,930.23,0,0,0,0,2,0.0,0.0,0.0,0.0,930.23,2,KUCUK_TICARETHANE
1031789228.0,39.81546496,30.50294974,26005543.0,3.0,4399.82,0,0,0,1,0,0.0,0.0,0.0,4399.82,0.0,0,TARIMSAL_SULAMA
1031789319.0,39.81603524,30.50459949,26005543.0,5.01,241.0,0,0,0,0,1,0.0,0.0,0.0,0.0,241.0,1,KUCUK_TICARETHANE
1031789331.0,39.81608159,30.50498576,26005543.0,3.0,309.0,0,0,0,0,1,0.0,0.0,0.0,0.0,309.0,1,KUCUK_TICARETHANE
1031789357.0,39.81608986,30.50797186,26005543.0,3.0,3790.773,0,0,0,2,0,0.0,0.0,0.0,3790.773,0.0,0,TARIMSAL_SULAMA
1031789370.0,39.81614831,30.50887011,26005543.0,3.0,1803.303,0,0,0,1,0,0.0,0.0,0.0,1803.303,0.0,0,TARIMSAL_SULAMA
1031789376.0,39.81686159,30.50991912,26005543.0,5.01,479.003,0,0,0,0,1,0.0,0.0,0.0,0.0,479.003,1,KUCUK_TICARETHANE
1031789386.0,39.81653299,30.51180073,26005543.0,5.01,2070.079,0,0,0,0,2,0.0,0.0,0.0,0.0,2070.079,2,KUCUK_TICARETHANE
1031789437.0,39.81653402,30.51195631,26005543.0,3.0,861.306,0,0,0,1,0,0.0,0.0,0.0,861.306,0.0,0,TARIMSAL_SULAMA
1031789477.0,39.81680418,30.51283511,26005543.0,3.0,6248.295,0,0,0,1,0,0.0,0.0,0.0,6248.295,0.0,0,TARIMSAL_SULAMA
1031789498.0,39.81817761,30.50369849,26005543.0,5.01,2098.824,0,0,0,0,1,0.0,0.0,0.0,0.0,2098.824,1,KUCUK_TICARETHANE
1031790533.0,39.81668094,30.5025986,26013510.0,5.01,2682.326,0,0,0,0,1,0.0,0.0,0.0,0.0,2682.326,1,KUCUK_TICARETHANE
1031790591.0,39.81504588,30.49912419,26005126.0,5.01,1138.43,0,0,0,0,1,0.0,0.0,0.0,0.0,1138.43,1,KUCUK_TICARETHANE
1031790602.0,39.81507008,30.49944811,26005126.0,5.01,470.973,0,0,0,0,1,0.0,0.0,0.0,0.0,470.973,1,KUCUK_TICARETHANE
1031790756.0,39.82070982,30.50717977,26005543.0,3.0,1798.228,0,0,0,2,0,0.0,0.0,0.0,1798.228,0.0,0,TARIMSAL_SULAMA
1031790758.0,39.8206645,30.50706713,26005543.0,3.0,5578.701,0,0,0,1,0,0.0,0.0,0.0,5578.701,0.0,0,TARIMSAL_SULAMA
1031790765.0,39.82190568,30.5078088,26005543.0,3.0,103.876,0,0,0,0,1,0.0,0.0,0.0,0.0,103.876,1,KUCUK_TICARETHANE
1031790768.0,39.82192422,30.508014,26005543.0,3.0,516.0,0,0,0,0,1,0.0,0.0,0.0,0.0,516.0,1,KUCUK_TICARETHANE
1031790831.0,39.82514647,30.50411116,26006466.0,3.0,149.134,0,0,0,0,1,0.0,0.0,0.0,0.0,149.134,1,KUCUK_TICARETHANE
1031790842.0,39.82470437,30.5043548,26006466.0,5.01,71.421,0,0,0,0,1,0.0,0.0,0.0,0.0,71.421,1,KUCUK_TICARETHANE
1031790997.0,39.82517507,30.50478629,26006466.0,5.01,100.0,0,0,0,0,1,0.0,0.0,0.0,0.0,100.0,1,KUCUK_TICARETHANE
1031791044.0,39.82652943,30.50591295,26006466.0,3.0,1935.0,0,0,0,1,0,0.0,0.0,0.0,1935.0,0.0,0,TARIMSAL_SULAMA
1031791108.0,39.8260144,30.50433021,26006466.0,3.0,1264.964,0,0,0,1,0,0.0,0.0,0.0,1264.964,0.0,0,TARIMSAL_SULAMA
1031791119.0,39.82617574,30.50317569,26005229.0,3.0,15304.128,0,0,0,0,1,0.0,0.0,0.0,0.0,15304.128,1,ORTA_TICARETHANE
1031791147.0,39.82664198,30.50374692,26005229.0,4.005,9046.161,0,0,0,1,1,0.0,0.0,0.0,4367.0,4679.161,1,KUCUK_TICARETHANE
1031791149.0,39.82646046,30.50310153,26005229.0,3.0,2407.17,0,0,0,0,1,0.0,0.0,0.0,0.0,2407.17,1,KUCUK_TICARETHANE
1031791172.0,39.82684488,30.50366518,26005229.0,5.01,237.127,0,0,0,0,1,0.0,0.0,0.0,0.0,237.127,1,KUCUK_TICARETHANE
1031791209.0,39.82754692,30.50443792,26005229.0,5.01,346.0,0,0,0,0,1,0.0,0.0,0.0,0.0,346.0,1,KUCUK_TICARETHANE
1031791222.0,39.82686239,30.50512039,26005229.0,3.0,3769.04,0,0,0,1,0,0.0,0.0,0.0,3769.04,0.0,0,TARIMSAL_SULAMA
1031791285.0,39.82709464,30.50565219,26006466.0,5.01,410.33,0,0,0,1,0,0.0,0.0,0.0,410.33,0.0,0,TARIMSAL_SULAMA
1031791292.0,39.82701019,30.5056408,26006466.0,3.0,2824.364,0,0,0,1,0,0.0,0.0,0.0,2824.364,0.0,0,TARIMSAL_SULAMA
1031791402.0,39.82816423,30.50510357,26006466.0,5.01,496.053,0,0,0,0,1,0.0,0.0,0.0,0.0,496.053,1,KUCUK_TICARETHANE
1031792795.0,39.82759857,30.50146434,26005229.0,3.0,669.856,0,0,0,1,0,0.0,0.0,0.0,669.856,0.0,0,TARIMSAL_SULAMA
1031792832.0,39.82756688,30.50170371,26005229.0,3.0,719.0,0,0,0,0,1,0.0,0.0,0.0,0.0,719.0,1,KUCUK_TICARETHANE
1031800743.0,39.78061885,30.46830218,26013543.0,8.8,11522.575,0,0,0,0,1,0.0,0.0,0.0,0.0,11522.575,1,ORTA_TICARETHANE
1031807761.0,39.8155429,30.49384669,26005126.0,5.01,1252.976,0,0,0,1,0,0.0,0.0,0.0,1252.976,0.0,0,TARIMSAL_SULAMA
1031812595.0,39.78256337,30.47378304,26010805.0,6.6,10610.892,0,0,0,0,1,0.0,0.0,0.0,0.0,10610.892,1,ORTA_TICARETHANE
1031816510.0,39.78342155,30.47395663,26013550.0,8.98,7531.393,0,0,0,0,1,0.0,0.0,0.0,0.0,7531.393,1,KUCUK_TICARETHANE
1031819015.0,39.83114169,30.4887439,26006451.0,5.01,805.638,0,0,0,1,0,0.0,0.0,0.0,805.638,0.0,0,TARIMSAL_SULAMA
1031838646.0,39.82789361,30.50029774,26005229.0,5.01,1770.236,0,0,0,0,1,0.0,0.0,0.0,0.0,1770.236,1,KUCUK_TICARETHANE
1031838913.0,39.82736566,30.49719047,26005229.0,5.01,2983.0,0,0,0,1,0,0.0,0.0,0.0,2983.0,0.0,0,TARIMSAL_SULAMA
1031838940.0,39.82730644,30.49714354,26005229.0,3.0,742.0,0,0,0,1,0,0.0,0.0,0.0,742.0,0.0,0,TARIMSAL_SULAMA
1031839068.0,39.82622632,30.49660806,26005229.0,3.0,201.586,0,0,0,1,0,0.0,0.0,0.0,201.586,0.0,0,TARIMSAL_SULAMA
1031839207.0,39.82526536,30.49702522,26005229.0,5.01,4609.237,0,0,0,1,0,0.0,0.0,0.0,4609.237,0.0,0,TARIMSAL_SULAMA
1031839220.0,39.82564645,30.49643783,26005229.0,3.0,244.809,0,0,0,1,0,0.0,0.0,0.0,244.809,0.0,0,TARIMSAL_SULAMA
1031839269.0,39.8251925,30.49641881,26005229.0,3.0,321.255,0,0,0,1,0,0.0,0.0,0.0,321.255,0.0,0,TARIMSAL_SULAMA
1031844911.0,39.82910582,30.50281972,26005229.0,5.01,1143.752,0,0,0,0,1,0.0,0.0,0.0,0.0,1143.752,1,KUCUK_TICARETHANE
1031845695.0,39.83065737,30.5064695,26006466.0,5.01,1228.637,0,0,0,1,0,0.0,0.0,0.0,1228.637,0.0,0,TARIMSAL_SULAMA
1031845697.0,39.83077838,30.50685508,26006466.0,5.01,10318.134,0,0,0,1,0,0.0,0.0,0.0,10318.134,0.0,0,TARIMSAL_SULAMA
1031845776.0,39.83141176,30.50983977,26006466.0,3.0,1905.04,0,0,0,1,0,0.0,0.0,0.0,1905.04,0.0,0,TARIMSAL_SULAMA
1031845778.0,39.83133143,30.51017909,26006466.0,5.01,56.346,0,0,0,0,1,0.0,0.0,0.0,0.0,56.346,1,KUCUK_TICARETHANE
1031847983.0,39.83082847,30.51145017,26006466.0,5.01,16302.697,0,0,0,1,0,0.0,0.0,0.0,16302.697,0.0,0,TARIMSAL_SULAMA
1031847989.0,39.82912012,30.51223104,26006466.0,5.01,4908.096,0,0,0,1,0,0.0,0.0,0.0,4908.096,0.0,0,TARIMSAL_SULAMA
1031847990.0,39.82865692,30.51242082,26006466.0,5.01,1382.98,0,0,0,1,0,0.0,0.0,0.0,1382.98,0.0,0,TARIMSAL_SULAMA
1031847992.0,39.82789278,30.51269727,26006466.0,3.0,556.627,0,0,0,2,0,0.0,0.0,0.0,556.627,0.0,0,TARIMSAL_SULAMA
1031848283.0,39.82755232,30.51248108,26006466.0,5.01,399.707,0,0,0,1,0,0.0,0.0,0.0,399.707,0.0,0,TARIMSAL_SULAMA
1031848284.0,39.82751112,30.51303497,26006466.0,5.01,1053.331,0,0,0,0,1,0.0,0.0,0.0,0.0,1053.331,1,KUCUK_TICARETHANE
1031848285.0,39.82708782,30.51316374,26006466.0,3.0,1432.344,0,0,0,1,0,0.0,0.0,0.0,1432.344,0.0,0,TARIMSAL_SULAMA
1031848286.0,39.82708627,30.51305143,26006466.0,3.0,978.113,0,0,0,1,0,0.0,0.0,0.0,978.113,0.0,0,TARIMSAL_SULAMA
1031848290.0,39.82626875,30.51338237,26006466.0,5.01,45.391,0,0,0,1,0,0.0,0.0,0.0,45.391,0.0,0,TARIMSAL_SULAMA
1031848295.0,39.82742222,30.51502919,26006466.0,5.01,159.604,0,0,0,1,0,0.0,0.0,0.0,159.604,0.0,0,TARIMSAL_SULAMA
1031848302.0,39.82794392,30.51559373,26006466.0,5.01,13831.818,0,0,0,2,0,0.0,0.0,0.0,13831.818,0.0,0,TARIMSAL_SULAMA
1031850921.0,39.78579492,30.50036593,26010554.0,8.533999999999999,141775.062,0,5,0,0,40,0.0,50027.371999999996,0.0,0.0,91747.69,45,ORTA_TICARETHANE
1031853071.0,39.82052643,30.51165857,26005543.0,5.01,834.711,0,0,0,1,0,0.0,0.0,0.0,834.711,0.0,0,TARIMSAL_SULAMA
1031857903.0,39.78219003,30.472841,26010805.0,7.73,32184.056,0,0,0,0,1,0.0,0.0,0.0,0.0,32184.056,1,ORTA_TICARETHANE
1031867992.0,39.80136319,30.49728694,26010539.0,5.01,28098.133,1,0,0,0,0,28098.133,0.0,0.0,0.0,0.0,0,AYDINLATMA
1031868160.0,39.83559297,30.49573248,26010613.0,5.01,5390.507,1,0,0,0,0,5390.507,0.0,0.0,0.0,0.0,0,AYDINLATMA
1031870304.0,39.7993699,30.50806264,26010528.0,5.1,18.713,0,0,0,0,1,0.0,0.0,0.0,0.0,18.713,1,KUCUK_TICARETHANE
1031871495.0,39.79586313,30.52887436,26013571.0,5.538571428571428,6015.224,0,3,0,0,4,0.0,4241.395,0.0,0.0,1773.8290000000002,7,KUCUK_TICARETHANE
1031874623.0,39.78139951,30.46779042,26013543.0,11.64,3895.753,0,0,0,0,1,0.0,0.0,0.0,0.0,3895.753,1,KUCUK_TICARETHANE
1031874738.0,39.82128356,30.51591988,26005543.0,5.01,2923.473,0,0,0,1,0,0.0,0.0,0.0,2923.473,0.0,0,TARIMSAL_SULAMA
1031876892.0,39.77566649,30.47205322,26005696.0,12.89,7604.173,0,0,0,0,1,0.0,0.0,0.0,0.0,7604.173,1,KUCUK_TICARETHANE
1031883904.0,39.77836655,30.5161689,26005147.0,6.6175,19611.426,0,1,0,0,3,0.0,1627.462,0.0,0.0,17983.964,4,ORTA_TICARETHANE
1031884109.0,39.77666073,30.51957522,26005890.0,5.2475,17263.672,0,0,0,0,8,0.0,0.0,0.0,0.0,17263.672,8,ORTA_TICARETHANE
1031884242.0,39.7966517,30.48867587,26005899.0,5.01,1465.068,0,0,0,0,1,0.0,0.0,0.0,0.0,1465.068,1,KUCUK_TICARETHANE
1031887806.0,39.78356707,30.47767654,26001518.0,5.01,86.906,0,0,0,0,1,0.0,0.0,0.0,0.0,86.906,1,KUCUK_TICARETHANE
1031887966.0,39.79776217,30.45951381,26013635.0,39.29,113422.02200000001,0,0,0,0,2,0.0,0.0,0.0,0.0,113422.02200000001,2,ORTA_TICARETHANE
1031888336.0,39.78215519,30.4739838,26010805.0,11.29,3641.206,0,0,0,0,1,0.0,0.0,0.0,0.0,3641.206,1,KUCUK_TICARETHANE
1031892454.0,39.83608001,30.50120299,26006449.0,3.0,865.0,0,0,0,0,1,0.0,0.0,0.0,0.0,865.0,1,KUCUK_TICARETHANE
1031895098.0,39.83669763,30.50183009,26006449.0,5.01,14457.84,0,0,0,1,0,0.0,0.0,0.0,14457.84,0.0,0,TARIMSAL_SULAMA
1031895457.0,39.83118559,30.50131871,26006449.0,5.01,19560.522,0,0,0,0,1,0.0,0.0,0.0,0.0,19560.522,1,ORTA_TICARETHANE
1031897127.0,39.83438564,30.4959525,26006449.0,5.01,2715.0,0,0,0,1,0,0.0,0.0,0.0,2715.0,0.0,0,TARIMSAL_SULAMA
1031897135.0,39.83391603,30.50032988,26006449.0,3.0,1777.003,0,0,0,0,1,0.0,0.0,0.0,0.0,1777.003,1,KUCUK_TICARETHANE
1031897151.0,39.83368432,30.50637153,26006449.0,5.01,13915.2,0,0,0,1,0,0.0,0.0,0.0,13915.2,0.0,0,TARIMSAL_SULAMA
1031897159.0,39.83415701,30.50644464,26006449.0,3.0,6363.24,0,0,0,1,0,0.0,0.0,0.0,6363.24,0.0,0,TARIMSAL_SULAMA
1031897165.0,39.8345163,30.50507988,26006449.0,5.01,6654.608,0,0,0,1,0,0.0,0.0,0.0,6654.608,0.0,0,TARIMSAL_SULAMA
1031897178.0,39.83504151,30.50528508,26006449.0,5.01,12300.741,0,0,0,1,0,0.0,0.0,0.0,12300.741,0.0,0,TARIMSAL_SULAMA
1031897254.0,39.80087773,30.59220407,26009785.0,5.01,171.542,0,0,0,1,0,0.0,0.0,0.0,171.542,0.0,0,TARIMSAL_SULAMA
1031897783.0,39.83874344,30.49887267,26006449.0,3.0,7543.858,0,0,0,1,0,0.0,0.0,0.0,7543.858,0.0,0,TARIMSAL_SULAMA
1031897846.0,39.83878452,30.49765685,26006449.0,3.0,761.711,0,0,0,0,1,0.0,0.0,0.0,0.0,761.711,1,KUCUK_TICARETHANE
1031897848.0,39.83876598,30.497048,26006449.0,3.0,806.002,0,0,0,1,0,0.0,0.0,0.0,806.002,0.0,0,TARIMSAL_SULAMA
1031898712.0,39.78369827,30.51011519,26010549.0,5.01,4967.853,0,0,0,0,1,0.0,0.0,0.0,0.0,4967.853,1,KUCUK_TICARETHANE
1031900647.0,39.83964064,30.50013537,26006450.0,5.02,106.768,0,0,0,0,1,0.0,0.0,0.0,0.0,106.768,1,KUCUK_TICARETHANE
1031900791.0,39.84039777,30.4999598,26006450.0,8.43,8388.781,0,0,0,0,1,0.0,0.0,0.0,0.0,8388.781,1,KUCUK_TICARETHANE
1031900829.0,39.84189886,30.50387922,26006450.0,3.0,5832.25,0,0,0,1,0,0.0,0.0,0.0,5832.25,0.0,0,TARIMSAL_SULAMA
1031902767.0,39.84420773,30.49850333,26006450.0,3.0,6327.047,0,0,0,1,0,0.0,0.0,0.0,6327.047,0.0,0,TARIMSAL_SULAMA
1031902884.0,39.83835166,30.50160002,26006450.0,3.0,3485.179,0,0,0,1,0,0.0,0.0,0.0,3485.179,0.0,0,TARIMSAL_SULAMA
1031903382.0,39.8386653,30.50748755,26006450.0,5.01,813.338,0,0,0,1,0,0.0,0.0,0.0,813.338,0.0,0,TARIMSAL_SULAMA
1031904225.0,39.83952942,30.50898466,26006450.0,4.005,14489.943,0,0,0,2,0,0.0,0.0,0.0,14489.943,0.0,0,TARIMSAL_SULAMA
1031904260.0,39.83908456,30.51022655,26006450.0,3.0,21.0,0,0,0,1,0,0.0,0.0,0.0,21.0,0.0,0,TARIMSAL_SULAMA
1031904343.0,39.84012667,30.51080866,26006791.0,3.0,5357.746,0,0,0,1,0,0.0,0.0,0.0,5357.746,0.0,0,TARIMSAL_SULAMA
1031904359.0,39.84028732,30.51000134,26006791.0,5.01,1056.094,0,0,0,0,1,0.0,0.0,0.0,0.0,1056.094,1,KUCUK_TICARETHANE
1031904500.0,39.84128775,30.51022316,26006791.0,3.0,6435.0,0,0,0,1,0,0.0,0.0,0.0,6435.0,0.0,0,TARIMSAL_SULAMA
1031904661.0,39.83944708,30.51082871,26006450.0,3.0,1066.324,0,0,0,1,0,0.0,0.0,0.0,1066.324,0.0,0,TARIMSAL_SULAMA
1031904672.0,39.83941001,30.51150205,26006450.0,3.0,5679.0,0,0,0,1,0,0.0,0.0,0.0,5679.0,0.0,0,TARIMSAL_SULAMA
1031904680.0,39.83950887,30.51205465,26006450.0,7.07,1260.775,0,0,0,1,0,0.0,0.0,0.0,1260.775,0.0,0,TARIMSAL_SULAMA
1031904698.0,39.8398631,30.51270641,26006450.0,3.0,2314.724,0,0,0,1,0,0.0,0.0,0.0,2314.724,0.0,0,TARIMSAL_SULAMA
1031906073.0,39.83721191,30.50553605,26006450.0,3.0,5300.0,0,0,0,1,0,0.0,0.0,0.0,5300.0,0.0,0,TARIMSAL_SULAMA
1031906192.0,39.83834777,30.51160322,26006450.0,5.01,17226.5,0,0,0,2,0,0.0,0.0,0.0,17226.5,0.0,0,TARIMSAL_SULAMA
1031906610.0,39.83796762,30.51371028,26006450.0,5.01,554.502,0,0,0,1,0,0.0,0.0,0.0,554.502,0.0,0,TARIMSAL_SULAMA
1031906640.0,39.83753923,30.51548324,26006450.0,5.01,1460.492,0,0,0,0,1,0.0,0.0,0.0,0.0,1460.492,1,KUCUK_TICARETHANE
1031906701.0,39.83710466,30.51623159,26006450.0,5.01,2593.392,0,0,0,0,1,0.0,0.0,0.0,0.0,2593.392,1,KUCUK_TICARETHANE
1031906928.0,39.78148532,30.46803124,26013543.0,7.63,7891.612,0,0,0,0,1,0.0,0.0,0.0,0.0,7891.612,1,KUCUK_TICARETHANE
1031907575.0,39.83131255,30.49252883,26006451.0,4.005,1664.6109999999999,0,1,0,0,1,0.0,900.611,0.0,0.0,764.0,2,KUCUK_TICARETHANE
1031907581.0,39.83104941,30.49309218,26006451.0,5.01,556.895,0,0,0,1,0,0.0,0.0,0.0,556.895,0.0,0,TARIMSAL_SULAMA
1031907597.0,39.83147733,30.49069965,26006451.0,3.0,1166.636,0,0,0,1,0,0.0,0.0,0.0,1166.636,0.0,0,TARIMSAL_SULAMA
1031907663.0,39.83172327,30.49022626,26006451.0,3.0,3988.152,0,0,0,1,0,0.0,0.0,0.0,3988.152,0.0,0,TARIMSAL_SULAMA
1031907817.0,39.83292564,30.49169926,26006451.0,3.0,193.752,0,0,0,1,0,0.0,0.0,0.0,193.752,0.0,0,TARIMSAL_SULAMA
1031926547.0,39.79432562,30.48788879,26005901.0,35.69,14086.182,0,0,0,0,1,0.0,0.0,0.0,0.0,14086.182,1,ORTA_TICARETHANE
1031926844.0,39.82551887,30.52474399,26004551.0,5.01,9483.771,0,0,0,0,1,0.0,0.0,0.0,0.0,9483.771,1,KUCUK_TICARETHANE
1031930229.0,39.79068945,30.56018397,26006164.0,5.01,3968.56,0,0,0,0,1,0.0,0.0,0.0,0.0,3968.56,1,KUCUK_TICARETHANE
1031939387.0,39.78163901,30.44598759,26010827.0,5.01,28396.893,1,0,0,0,0,28396.893,0.0,0.0,0.0,0.0,0,AYDINLATMA
1031939555.0,39.78833818,30.44146843,26010823.0,4.005,68048.67,2,0,0,0,0,68048.67,0.0,0.0,0.0,0.0,0,AYDINLATMA
1031939591.0,39.78664813,30.44509695,26010824.0,5.01,64263.982,1,0,0,0,0,64263.982,0.0,0.0,0.0,0.0,0,AYDINLATMA
1031952505.0,39.75981263,30.46121575,26010890.0,5.487777777777778,30070.215,0,5,0,0,4,0.0,11447.405999999999,0.0,0.0,18622.809,9,ORTA_TICARETHANE
1031954267.0,39.76784618,30.45540712,26010897.0,5.01,17463.974,1,0,0,0,0,17463.974,0.0,0.0,0.0,0.0,0,AYDINLATMA
1031954314.0,39.76899948,30.45949678,26010898.0,5.01,26746.583,1,0,0,0,0,26746.583,0.0,0.0,0.0,0.0,0,AYDINLATMA
1031954317.0,39.77089847,30.46729543,26010899.0,5.01,19865.513,1,0,0,0,0,19865.513,0.0,0.0,0.0,0.0,0,AYDINLATMA
1031965443.0,39.79590475,30.50888832,26010526.0,5.16,9674.606,0,0,0,0,1,0.0,0.0,0.0,0.0,9674.606,1,KUCUK_TICARETHANE
1031966187.0,39.77121724,30.44712682,26010912.0,5.01,5908.814,1,0,0,0,0,5908.814,0.0,0.0,0.0,0.0,0,AYDINLATMA
1031988427.0,39.79920214,30.49122459,,5.01,5057.412,0,0,0,0,1,0.0,0.0,0.0,0.0,5057.412,1,KUCUK_TICARETHANE
1031989874.0,39.84092007,30.53721368,26010647.0,5.01,18249.989,1,0,0,0,0,18249.989,0.0,0.0,0.0,0.0,0,AYDINLATMA
1031989881.0,39.77051794,30.45308593,26004553.0,5.01,13323.601,1,0,0,0,0,13323.601,0.0,0.0,0.0,0.0,0,AYDINLATMA
1032000257.0,39.79168757,30.554082,26005223.0,5.01,587.009,0,0,0,0,1,0.0,0.0,0.0,0.0,587.009,1,KUCUK_TICARETHANE
1032007517.0,39.77139778,30.45737005,26010910.0,5.01,39704.025,2,0,0,0,0,39704.025,0.0,0.0,0.0,0.0,0,AYDINLATMA
1032008628.0,39.79128825,30.4791754,26006046.0,5.01,6410.392,0,0,0,0,1,0.0,0.0,0.0,0.0,6410.392,1,KUCUK_TICARETHANE
1032019954.0,39.77900257,30.5091936,26005186.0,61.3,23861.96,0,0,0,0,1,0.0,0.0,0.0,0.0,23861.96,1,ORTA_TICARETHANE
1032068801.0,39.77190419,30.47891123,26006342.0,5.01,5948.794,0,0,0,0,1,0.0,0.0,0.0,0.0,5948.794,1,KUCUK_TICARETHANE
1032110069.0,39.79646267,30.49472688,26010540.0,30.74,51353.098,0,0,0,0,3,0.0,0.0,0.0,0.0,51353.098,3,ORTA_TICARETHANE
1032124309.0,39.79040414,30.44184246,26010822.0,5.01,6982.391,1,0,0,0,0,6982.391,0.0,0.0,0.0,0.0,0,AYDINLATMA
1032124346.0,39.78344348,30.44638483,26010826.0,5.01,12360.946,1,0,0,0,0,12360.946,0.0,0.0,0.0,0.0,0,AYDINLATMA
1032124422.0,39.77914589,30.45077921,26010835.0,5.01,26636.527,1,0,0,0,0,26636.527,0.0,0.0,0.0,0.0,0,AYDINLATMA
1032124479.0,39.77592263,30.44700662,26010833.0,5.01,13141.641,1,0,0,0,0,13141.641,0.0,0.0,0.0,0.0,0,AYDINLATMA
1032126111.0,39.8088362,30.60176562,26003675.0,5.01,2209.641,0,0,0,1,0,0.0,0.0,0.0,2209.641,0.0,0,TARIMSAL_SULAMA
1032127413.0,39.79567051,30.56081809,26009784.0,5.01,5613.964,0,0,0,0,1,0.0,0.0,0.0,0.0,5613.964,1,KUCUK_TICARETHANE
1032128836.0,39.79521499,30.5700053,26005236.0,5.01,1858.135,0,0,0,1,0,0.0,0.0,0.0,1858.135,0.0,0,TARIMSAL_SULAMA
1032132624.0,39.79540393,30.50787596,26010526.0,5.866,7704.097,0,3,0,0,2,0.0,3645.675,0.0,0.0,4058.422,5,KUCUK_TICARETHANE
1032136000.0,39.8167275,30.44152641,26010661.0,5.01,23839.271,1,0,0,0,0,23839.271,0.0,0.0,0.0,0.0,0,AYDINLATMA
1032155979.0,39.77739742,30.44381134,26010830.0,5.01,15608.311,1,0,0,0,0,15608.311,0.0,0.0,0.0,0.0,0,AYDINLATMA
1032156068.0,39.77905617,30.47270939,26010847.0,5.01,45696.932,1,0,0,0,0,45696.932,0.0,0.0,0.0,0.0,0,AYDINLATMA
1032156207.0,39.77889845,30.44379531,26010829.0,5.01,12482.055,1,0,0,0,0,12482.055,0.0,0.0,0.0,0.0,0,AYDINLATMA
1032163446.0,39.78801106,30.51934325,26010679.0,3.0,24332.068,1,0,0,0,0,24332.068,0.0,0.0,0.0,0.0,0,AYDINLATMA
1032164069.0,39.78709482,30.51776499,26010677.0,3.0,33786.756,1,0,0,0,0,33786.756,0.0,0.0,0.0,0.0,0,AYDINLATMA
1032164204.0,39.78444592,30.51862957,26010761.0,4.005,2522.0,0,0,0,0,2,0.0,0.0,0.0,0.0,2522.0,2,KUCUK_TICARETHANE
1032164935.0,39.79189271,30.51008939,26010664.0,3.0,32121.508,1,0,0,0,0,32121.508,0.0,0.0,0.0,0.0,0,AYDINLATMA
1032166316.0,39.7708901,30.47208869,26010914.0,5.01,1910.234,0,0,0,0,1,0.0,0.0,0.0,0.0,1910.234,1,KUCUK_TICARETHANE
1032167065.0,39.78657135,30.51542961,26010675.0,5.01,48783.817,1,0,0,0,0,48783.817,0.0,0.0,0.0,0.0,0,AYDINLATMA
1032172734.0,39.79329688,30.48408253,26005900.0,5.01,7480.856,0,0,0,0,1,0.0,0.0,0.0,0.0,7480.856,1,KUCUK_TICARETHANE
1032178305.0,39.79877268,30.50922492,26010528.0,5.1,7438.213,0,0,0,0,1,0.0,0.0,0.0,0.0,7438.213,1,KUCUK_TICARETHANE
1032192457.0,39.77562292,30.44687162,26010835.0,5.01,53407.311,1,0,0,0,0,53407.311,0.0,0.0,0.0,0.0,0,AYDINLATMA
1032202963.0,39.78864142,30.53690531,26005927.0,5.5375,4307.7,0,2,0,0,2,0.0,2150.6040000000003,0.0,0.0,2157.096,4,KUCUK_TICARETHANE
1032203181.0,39.79765856,30.50052614,26010533.0,5.655,33571.227,0,6,0,0,6,0.0,6307.554,0.0,0.0,27263.673,12,ORTA_TICARETHANE
1032206042.0,39.81840757,30.50411127,26005543.0,5.01,14818.0,0,0,0,0,1,0.0,0.0,0.0,0.0,14818.0,1,ORTA_TICARETHANE
1032217432.0,39.79778949,30.44357862,26010696.0,5.01,11380.772,1,0,0,0,0,11380.772,0.0,0.0,0.0,0.0,0,AYDINLATMA
1032221212.0,39.77707063,30.47005949,26010846.0,5.16,20573.467,0,0,0,0,1,0.0,0.0,0.0,0.0,20573.467,1,ORTA_TICARETHANE
1032230283.0,39.79472309,30.48404645,26005900.0,5.01,3907.572,0,0,0,0,1,0.0,0.0,0.0,0.0,3907.572,1,KUCUK_TICARETHANE
1032242385.0,39.78301231,30.47430054,26013550.0,5.91,4369.559,0,0,0,0,1,0.0,0.0,0.0,0.0,4369.559,1,KUCUK_TICARETHANE
1032244578.0,39.81109004,30.58999215,26005231.0,5.01,2392.074,0,0,0,1,0,0.0,0.0,0.0,2392.074,0.0,0,TARIMSAL_SULAMA
1032244616.0,39.8121066,30.56995357,26005234.0,5.01,2698.321,0,0,0,1,0,0.0,0.0,0.0,2698.321,0.0,0,TARIMSAL_SULAMA
1032245980.0,39.78061858,30.5299686,26005928.0,5.01,2004.762,0,0,0,0,1,0.0,0.0,0.0,0.0,2004.762,1,KUCUK_TICARETHANE
1032246271.0,39.78108297,30.47257939,26010805.0,17.77,4771.96,0,0,0,0,1,0.0,0.0,0.0,0.0,4771.96,1,ORTA_TICARETHANE
1032246279.0,39.78119943,30.47308501,26010805.0,5.01,5220.273,0,0,0,0,1,0.0,0.0,0.0,0.0,5220.273,1,KUCUK_TICARETHANE
1032248867.0,39.80564394,30.58169714,26005231.0,5.01,5913.1359999999995,0,0,0,2,0,0.0,0.0,0.0,5913.1359999999995,0.0,0,TARIMSAL_SULAMA
1032260428.0,39.79785951,30.55341431,26009783.0,5.01,2341.106,0,0,0,1,0,0.0,0.0,0.0,2341.106,0.0,0,TARIMSAL_SULAMA
1032260437.0,39.77728711,30.47225939,26010846.0,5.01,13.65,0,0,0,0,1,0.0,0.0,0.0,0.0,13.65,1,KUCUK_TICARETHANE
1032313480.0,39.77138469,30.47708427,26010904.0,5.01,2602.535,0,0,0,0,1,0.0,0.0,0.0,0.0,2602.535,1,KUCUK_TICARETHANE
1032320510.0,,,,8.118571428571428,44795.753,0,0,0,0,7,0.0,0.0,0.0,0.0,44795.753,7,ORTA_TICARETHANE
1032321114.0,39.79866725,30.5680846,26009784.0,5.01,598.617,0,0,0,1,0,0.0,0.0,0.0,598.617,0.0,0,TARIMSAL_SULAMA
1032337260.0,39.78127222,30.47167986,26010805.0,10.24,3771.405,0,0,0,0,1,0.0,0.0,0.0,0.0,3771.405,1,KUCUK_TICARETHANE
1032367973.0,39.78307594,30.47419065,26013550.0,11.41,4743.838,0,0,0,0,1,0.0,0.0,0.0,0.0,4743.838,1,KUCUK_TICARETHANE
1032371062.0,39.78156616,30.47208876,26010805.0,5.01,4048.277,0,0,0,0,1,0.0,0.0,0.0,0.0,4048.277,1,KUCUK_TICARETHANE
1032374474.0,39.80990406,30.54910894,26002814.0,60.0,13264.62,0,0,0,0,1,0.0,0.0,0.0,0.0,13264.62,1,ORTA_TICARETHANE
1032403303.0,39.78515339,30.51110246,26010683.0,5.01,5118.898,0,2,0,0,2,0.0,630.524,0.0,0.0,4488.374,4,KUCUK_TICARETHANE
1032406361.0,39.79886613,30.50873802,26010528.0,5.1,13225.015,0,0,0,0,1,0.0,0.0,0.0,0.0,13225.015,1,ORTA_TICARETHANE
1032406419.0,39.79694641,30.57732614,26009785.0,5.01,1307.152,0,0,0,1,0,0.0,0.0,0.0,1307.152,0.0,0,TARIMSAL_SULAMA
1032407456.0,39.78641102,30.44573999,26005122.0,5.01,5329.867,0,0,0,0,1,0.0,0.0,0.0,0.0,5329.867,1,KUCUK_TICARETHANE
1032412586.0,39.78192361,30.47201934,26010805.0,5.01,43429.799,1,0,0,0,0,43429.799,0.0,0.0,0.0,0.0,0,AYDINLATMA
1032412775.0,39.78770754,30.51109773,26010669.0,5.01,25539.388,1,0,0,0,0,25539.388,0.0,0.0,0.0,0.0,0,AYDINLATMA
1032412932.0,39.78826243,30.50715257,26010668.0,4.005,50546.776,2,0,0,0,0,50546.776,0.0,0.0,0.0,0.0,0,AYDINLATMA
1032412986.0,39.79568895,30.4511856,26010698.0,16.669999999999998,93271.301,1,0,0,0,2,28989.63,0.0,0.0,0.0,64281.671,2,ORTA_TICARETHANE
1032413036.0,39.78333685,30.49196077,26006141.0,5.032658227848101,189295.298,0,1,0,0,78,0.0,221.165,0.0,0.0,189074.133,79,ORTA_TICARETHANE
1032468304.0,39.78153102,30.47006189,26010805.0,5.01,4980.393,0,0,0,0,1,0.0,0.0,0.0,0.0,4980.393,1,KUCUK_TICARETHANE
1032469355.0,39.78134709,30.47291825,26010805.0,24.6,26909.826,0,0,0,0,1,0.0,0.0,0.0,0.0,26909.826,1,ORTA_TICARETHANE
1032504046.0,39.7838945,30.46390066,26005120.0,5.16,24671.287,0,0,0,0,1,0.0,0.0,0.0,0.0,24671.287,1,ORTA_TICARETHANE
1032618166.0,39.80682399,30.54572818,26002734.0,5.01,744.015,0,0,0,1,0,0.0,0.0,0.0,744.015,0.0,0,TARIMSAL_SULAMA
1032623500.0,39.79621002,30.5269989,26013571.0,5.16,2956.289,0,0,0,0,1,0.0,0.0,0.0,0.0,2956.289,1,KUCUK_TICARETHANE
1032623571.0,39.77522955,30.4591633,26010848.0,5.01,6568.127,0,0,0,0,1,0.0,0.0,0.0,0.0,6568.127,1,KUCUK_TICARETHANE
1032624151.0,39.77869259,30.45900733,26010136.0,5.01,8243.678,0,0,0,0,1,0.0,0.0,0.0,0.0,8243.678,1,KUCUK_TICARETHANE
1032633108.0,39.77044504,30.47248149,26010914.0,5.1,9764.786,0,0,0,0,1,0.0,0.0,0.0,0.0,9764.786,1,KUCUK_TICARETHANE
1032638266.0,39.78887359,30.50699412,26010668.0,5.01,5668.443,0,0,0,0,1,0.0,0.0,0.0,0.0,5668.443,1,KUCUK_TICARETHANE
1032651568.0,39.77416525,30.46664998,26010844.0,5.01,10220.239,1,0,0,0,0,10220.239,0.0,0.0,0.0,0.0,0,AYDINLATMA
1032655621.0,39.7608354,30.45623173,26010891.0,5.01,31963.957,1,0,0,0,0,31963.957,0.0,0.0,0.0,0.0,0,AYDINLATMA
1032663139.0,39.75981896,30.4620353,26010890.0,5.01,20590.034,1,0,0,0,0,20590.034,0.0,0.0,0.0,0.0,0,AYDINLATMA
1032663172.0,39.76438711,30.46959736,26010916.0,5.01,18087.501,1,0,0,0,0,18087.501,0.0,0.0,0.0,0.0,0,AYDINLATMA
1032663186.0,39.76393041,30.46653392,26010888.0,5.01,25176.024,1,0,0,0,0,25176.024,0.0,0.0,0.0,0.0,0,AYDINLATMA
1032663189.0,39.75844444,30.46969905,26010878.0,5.01,24597.83,1,0,0,0,0,24597.83,0.0,0.0,0.0,0.0,0,AYDINLATMA
1032703895.0,39.77479114,30.45536279,26010839.0,5.0,23126.118,1,0,0,0,0,23126.118,0.0,0.0,0.0,0.0,0,AYDINLATMA
1032704617.0,39.79464132,30.51757019,26010569.0,240.0,66198.24,0,0,0,0,1,0.0,0.0,0.0,0.0,66198.24,1,ORTA_TICARETHANE
1032713609.0,39.80297812,30.51028566,26010520.0,5.16,9956.624,0,0,0,0,1,0.0,0.0,0.0,0.0,9956.624,1,KUCUK_TICARETHANE
1032713663.0,39.85420824,30.48187832,26005650.0,5.01,1975.183,0,0,0,1,0,0.0,0.0,0.0,1975.183,0.0,0,TARIMSAL_SULAMA
1032719935.0,39.79203611,30.4576205,26006410.0,5.01,5083.329,0,0,0,0,1,0.0,0.0,0.0,0.0,5083.329,1,KUCUK_TICARETHANE
1032732429.0,39.79719485,30.55771474,26009784.0,5.01,1106.292,0,0,0,1,0,0.0,0.0,0.0,1106.292,0.0,0,TARIMSAL_SULAMA
1032736042.0,39.79935789,30.51331035,26010519.0,5.01,2739.244,0,0,0,0,1,0.0,0.0,0.0,0.0,2739.244,1,KUCUK_TICARETHANE
1032736369.0,39.79201688,30.52268911,26010289.0,5.01,2103.879,0,0,0,0,1,0.0,0.0,0.0,0.0,2103.879,1,KUCUK_TICARETHANE
1032737729.0,39.80224057,30.57743759,26009785.0,5.01,3312.338,0,0,0,1,0,0.0,0.0,0.0,3312.338,0.0,0,TARIMSAL_SULAMA
1032741379.0,39.77543563,30.46575629,26010843.0,5.403846153846154,14341.726999999999,0,9,0,0,4,0.0,7991.896,0.0,0.0,6349.831,13,KUCUK_TICARETHANE
1032750519.0,39.8167919,30.515088,26005543.0,5.01,467.748,0,0,0,1,0,0.0,0.0,0.0,467.748,0.0,0,TARIMSAL_SULAMA
1032752126.0,39.83171207,30.50189191,26006449.0,5.01,26769.694,0,0,0,0,1,0.0,0.0,0.0,0.0,26769.694,1,ORTA_TICARETHANE
1032753518.0,39.79113254,30.52125358,26010590.0,18.17,11855.248,0,0,0,0,1,0.0,0.0,0.0,0.0,11855.248,1,ORTA_TICARETHANE
1032753519.0,39.77832884,30.46249201,26010840.0,5.01,29744.918,1,0,0,0,0,29744.918,0.0,0.0,0.0,0.0,0,AYDINLATMA
1032755436.0,39.79853487,30.49282543,26010542.0,5.1,11397.86,0,0,0,0,1,0.0,0.0,0.0,0.0,11397.86,1,ORTA_TICARETHANE
1032755570.0,39.80200627,30.49100813,26010545.0,5.01,4625.265,0,0,0,0,1,0.0,0.0,0.0,0.0,4625.265,1,KUCUK_TICARETHANE
1032763230.0,39.79749932,30.49257904,26010542.0,5.01,3885.62,0,0,0,0,1,0.0,0.0,0.0,0.0,3885.62,1,KUCUK_TICARETHANE
1032777046.0,39.78304875,30.45507927,26005972.0,5.1,2333.577,0,0,0,0,1,0.0,0.0,0.0,0.0,2333.577,1,KUCUK_TICARETHANE
1032778103.0,39.79710443,30.55799086,26009784.0,5.01,427.477,0,0,0,1,0,0.0,0.0,0.0,427.477,0.0,0,TARIMSAL_SULAMA
1032778134.0,39.78124758,30.45149173,26005971.0,5.01,315.454,0,0,0,0,1,0.0,0.0,0.0,0.0,315.454,1,KUCUK_TICARETHANE
1032780794.0,39.76632666,30.47069966,26010914.0,26.12,25178.16,0,0,0,0,1,0.0,0.0,0.0,0.0,25178.16,1,ORTA_TICARETHANE
1032783153.0,39.82017857,30.51775979,26005543.0,5.01,747.78,0,0,0,1,0,0.0,0.0,0.0,747.78,0.0,0,TARIMSAL_SULAMA
1032792944.0,39.78140597,30.46478609,26005120.0,5.1,5748.873,0,0,0,0,1,0.0,0.0,0.0,0.0,5748.873,1,KUCUK_TICARETHANE
1032793033.0,39.78425612,30.45150479,26005971.0,5.1,10601.477,0,0,0,0,1,0.0,0.0,0.0,0.0,10601.477,1,ORTA_TICARETHANE
1032810257.0,39.80047679,30.48538343,26006287.0,5.01,21813.235,0,0,0,0,1,0.0,0.0,0.0,0.0,21813.235,1,ORTA_TICARETHANE
1032811512.0,39.82363375,30.49744312,26005773.0,5.01,231.384,0,0,0,0,1,0.0,0.0,0.0,0.0,231.384,1,KUCUK_TICARETHANE
1032819782.0,39.78584697,30.45703257,26005973.0,5.01,862.74,0,0,0,0,1,0.0,0.0,0.0,0.0,862.74,1,KUCUK_TICARETHANE
1032821292.0,39.80388583,30.50083963,26010538.0,5.01,3761.96,0,0,0,0,1,0.0,0.0,0.0,0.0,3761.96,1,KUCUK_TICARETHANE
1032821855.0,39.82954859,30.50681208,26006466.0,5.01,939.267,0,0,0,1,0,0.0,0.0,0.0,939.267,0.0,0,TARIMSAL_SULAMA
1032823475.0,39.79937876,30.49132447,26010544.0,5.01,12657.386,0,0,0,0,1,0.0,0.0,0.0,0.0,12657.386,1,ORTA_TICARETHANE
1032823506.0,39.79655362,30.5078101,26010526.0,5.01,6546.492,0,0,0,0,1,0.0,0.0,0.0,0.0,6546.492,1,KUCUK_TICARETHANE
1032825650.0,39.77858997,30.47928132,26005698.0,5.01,5341.585,0,0,0,0,1,0.0,0.0,0.0,0.0,5341.585,1,KUCUK_TICARETHANE
1032825712.0,39.79480582,30.51158629,26010525.0,5.01,3917.282,0,0,0,0,1,0.0,0.0,0.0,0.0,3917.282,1,KUCUK_TICARETHANE
1032830478.0,39.78149608,30.52003121,26006230.0,5.16,12625.995,0,0,0,0,1,0.0,0.0,0.0,0.0,12625.995,1,ORTA_TICARETHANE
1032830483.0,39.78576826,30.46256874,26005904.0,5.01,4033.11,0,0,0,0,1,0.0,0.0,0.0,0.0,4033.11,1,KUCUK_TICARETHANE
1032831328.0,39.80268154,30.56673771,26005234.0,5.01,950.934,0,0,0,1,0,0.0,0.0,0.0,950.934,0.0,0,TARIMSAL_SULAMA
1032837204.0,39.77563274,30.52277933,26006345.0,5.01,877.792,0,0,0,0,1,0.0,0.0,0.0,0.0,877.792,1,KUCUK_TICARETHANE
1032837353.0,39.79722754,30.56672245,26009784.0,5.01,448.787,0,0,0,0,1,0.0,0.0,0.0,0.0,448.787,1,KUCUK_TICARETHANE
1032839339.0,39.77881555,30.51949662,26006230.0,5.336333333333333,97467.728,0,5,0,0,25,0.0,12442.574,0.0,0.0,85025.154,30,ORTA_TICARETHANE
1032842727.0,39.8062515,30.60743428,26003675.0,5.01,885.833,0,0,0,1,0,0.0,0.0,0.0,885.833,0.0,0,TARIMSAL_SULAMA
1032842897.0,39.7937148,30.48060227,26006047.0,5.01,2117.731,0,0,0,0,1,0.0,0.0,0.0,0.0,2117.731,1,KUCUK_TICARETHANE
1032846236.0,39.79984916,30.55102881,26009783.0,5.01,800.928,0,0,0,1,0,0.0,0.0,0.0,800.928,0.0,0,TARIMSAL_SULAMA
1032846652.0,39.79808363,30.51404835,26010517.0,5.01,10151.206,0,0,0,0,1,0.0,0.0,0.0,0.0,10151.206,1,ORTA_TICARETHANE
1032860924.0,39.79175323,30.46210678,26010446.0,5.16,6131.781,0,0,0,0,1,0.0,0.0,0.0,0.0,6131.781,1,KUCUK_TICARETHANE
1032867331.0,39.77037151,30.47703262,26010904.0,5.1,7330.83,0,0,0,0,1,0.0,0.0,0.0,0.0,7330.83,1,KUCUK_TICARETHANE
1032871872.0,39.7861347,30.46114824,26005904.0,5.1,11249.571,0,0,0,0,1,0.0,0.0,0.0,0.0,11249.571,1,ORTA_TICARETHANE
1032873455.0,39.77934941,30.48851213,,5.01,5390.0,0,0,0,0,1,0.0,0.0,0.0,0.0,5390.0,1,KUCUK_TICARETHANE
1032878535.0,39.77017221,30.47247042,26010914.0,17.42,16656.671000000002,0,0,0,0,2,0.0,0.0,0.0,0.0,16656.671000000002,2,ORTA_TICARETHANE
1032882533.0,39.79069668,30.54570537,26005690.0,5.01,5133.682,0,0,0,0,1,0.0,0.0,0.0,0.0,5133.682,1,KUCUK_TICARETHANE
1032888436.0,39.81998559,30.50390063,26005773.0,5.01,2253.355,0,0,0,0,1,0.0,0.0,0.0,0.0,2253.355,1,KUCUK_TICARETHANE
1032888666.0,39.77879359,30.51853212,26005146.0,5.01,1687.208,0,0,0,0,1,0.0,0.0,0.0,0.0,1687.208,1,KUCUK_TICARETHANE
1032895593.0,39.79676732,30.50783417,26010527.0,5.01,17481.176,0,0,0,0,1,0.0,0.0,0.0,0.0,17481.176,1,ORTA_TICARETHANE
1032896458.0,39.790417,30.57498617,26005236.0,5.01,2026.578,0,0,0,1,0,0.0,0.0,0.0,2026.578,0.0,0,TARIMSAL_SULAMA
1032916092.0,39.7973222,30.57625117,26009785.0,5.01,4051.782,0,0,0,1,0,0.0,0.0,0.0,4051.782,0.0,0,TARIMSAL_SULAMA
1032916311.0,39.78918875,30.46964014,26010451.0,5.01,6815.242,0,0,0,0,1,0.0,0.0,0.0,0.0,6815.242,1,KUCUK_TICARETHANE
1032922850.0,39.79517415,30.52689616,26013572.0,5.1,6856.921,0,0,0,0,1,0.0,0.0,0.0,0.0,6856.921,1,KUCUK_TICARETHANE
1032927923.0,39.79158869,30.47420741,26005199.0,5.01,3324.241,0,0,0,0,1,0.0,0.0,0.0,0.0,3324.241,1,KUCUK_TICARETHANE
1032929853.0,39.77696311,30.45684054,26010838.0,5.01,4645.458,0,0,0,0,1,0.0,0.0,0.0,0.0,4645.458,1,KUCUK_TICARETHANE
1032937243.0,39.79786406,30.57735324,26009785.0,5.01,227.021,0,0,0,1,0,0.0,0.0,0.0,227.021,0.0,0,TARIMSAL_SULAMA
1032943116.0,39.79206648,30.53759894,26005230.0,5.01,46019.29,0,0,0,0,1,0.0,0.0,0.0,0.0,46019.29,1,ORTA_TICARETHANE
1032946973.0,39.78363882,30.47575968,26013550.0,11.89,2993.237,0,0,0,0,1,0.0,0.0,0.0,0.0,2993.237,1,KUCUK_TICARETHANE
1032948866.0,39.83733496,30.51539546,26006450.0,5.01,1993.927,0,0,0,1,0,0.0,0.0,0.0,1993.927,0.0,0,TARIMSAL_SULAMA
1032950703.0,39.77519799,30.45034091,26010834.0,5.01,5442.381,0,0,0,0,1,0.0,0.0,0.0,0.0,5442.381,1,KUCUK_TICARETHANE
1032960452.0,39.79539281,30.56169003,26009784.0,5.01,461.986,0,0,0,0,1,0.0,0.0,0.0,0.0,461.986,1,KUCUK_TICARETHANE
1032969780.0,,,,5.01,2185.288,0,0,0,0,1,0.0,0.0,0.0,0.0,2185.288,1,KUCUK_TICARETHANE
1032970358.0,39.87598084,30.78034992,26003126.0,30.0,45913.96,0,0,0,0,1,0.0,0.0,0.0,0.0,45913.96,1,ORTA_TICARETHANE
1032975094.0,39.78587815,30.5141122,26010675.0,6.048,14466.274000000001,0,3,0,0,2,0.0,3423.7749999999996,0.0,0.0,11042.499,5,ORTA_TICARETHANE
1032981961.0,39.78682571,30.43861978,,5.01,21315.116,0,0,0,0,1,0.0,0.0,0.0,0.0,21315.116,1,ORTA_TICARETHANE
1032984517.0,39.80989215,30.58379186,26005231.0,5.01,3571.759,0,0,0,0,2,0.0,0.0,0.0,0.0,3571.759,2,KUCUK_TICARETHANE
1032984857.0,39.80376169,30.5815187,26005231.0,5.01,1191.558,0,0,0,1,0,0.0,0.0,0.0,1191.558,0.0,0,TARIMSAL_SULAMA
1032985599.0,39.86732557,30.76815607,26003137.0,30.0,89755.94,0,0,0,0,1,0.0,0.0,0.0,0.0,89755.94,1,ORTA_TICARETHANE
1032986796.0,39.79905745,30.47714243,26006286.0,5.01,9214.136,0,0,0,0,1,0.0,0.0,0.0,0.0,9214.136,1,KUCUK_TICARETHANE
1032987587.0,39.77450608,30.45171998,26010834.0,3.0,33831.1,1,0,0,0,0,33831.1,0.0,0.0,0.0,0.0,0,AYDINLATMA
1032991534.0,39.79477133,30.50887565,26010526.0,5.01,2735.447,0,0,0,0,1,0.0,0.0,0.0,0.0,2735.447,1,KUCUK_TICARETHANE
1032992569.0,39.78205181,30.46959356,26010805.0,12.6,11748.183,0,0,0,0,1,0.0,0.0,0.0,0.0,11748.183,1,ORTA_TICARETHANE
1032992856.0,39.77678468,30.44797593,26010832.0,4.005,41214.147,1,0,0,0,1,33990.95,0.0,0.0,0.0,7223.197,1,KUCUK_TICARETHANE
1032993223.0,39.77575759,30.46718944,26010843.0,3.0,62381.961,1,0,0,0,0,62381.961,0.0,0.0,0.0,0.0,0,AYDINLATMA
1032993563.0,39.77543715,30.46151996,26010842.0,3.0,36857.963,1,0,0,0,0,36857.963,0.0,0.0,0.0,0.0,0,AYDINLATMA
1032995006.0,39.78802899,30.47622464,26003079.0,150.0,58341.52,0,0,0,0,1,0.0,0.0,0.0,0.0,58341.52,1,ORTA_TICARETHANE
1032999735.0,39.78190299,30.47364648,26010805.0,6.72,3838.678,0,0,0,0,1,0.0,0.0,0.0,0.0,3838.678,1,KUCUK_TICARETHANE
1033002874.0,39.78389821,30.52964121,26013563.0,5.01,4404.107,0,0,0,0,2,0.0,0.0,0.0,0.0,4404.107,2,KUCUK_TICARETHANE
1033003678.0,39.8017958,30.51099016,26010521.0,5.1,8566.356,0,0,0,0,1,0.0,0.0,0.0,0.0,8566.356,1,KUCUK_TICARETHANE
1033006307.0,39.80717402,30.59177062,26005231.0,5.01,958.365,0,0,0,0,1,0.0,0.0,0.0,0.0,958.365,1,KUCUK_TICARETHANE
1033012813.0,39.77236738,30.4601841,26010909.0,5.01,29753.947,1,0,0,0,0,29753.947,0.0,0.0,0.0,0.0,0,AYDINLATMA
1033016353.0,39.80883927,30.54909544,26002734.0,5.01,440.392,0,0,0,0,1,0.0,0.0,0.0,0.0,440.392,1,KUCUK_TICARETHANE
1033016672.0,39.76308609,30.46837744,26000874.0,2670.0,2024584.2,0,0,0,0,1,0.0,0.0,0.0,0.0,2024584.2,1,BUYUK_TICARETHANE
1033023160.0,,,,5.01,7632.242,0,0,0,0,1,0.0,0.0,0.0,0.0,7632.242,1,KUCUK_TICARETHANE
1033025397.0,39.79653341,30.51020053,26010524.0,5.01,7253.795,0,0,0,0,1,0.0,0.0,0.0,0.0,7253.795,1,KUCUK_TICARETHANE
1033028078.0,39.79641744,30.52806271,,5.01,9977.232,0,0,0,0,1,0.0,0.0,0.0,0.0,9977.232,1,KUCUK_TICARETHANE
1033029312.0,39.79025049,30.53618451,26005872.0,5.1,12134.911,0,0,0,0,1,0.0,0.0,0.0,0.0,12134.911,1,ORTA_TICARETHANE
1033030968.0,39.7801052,30.46905066,26013543.0,6.76,700.51,0,0,0,0,1,0.0,0.0,0.0,0.0,700.51,1,KUCUK_TICARETHANE
1033032343.0,39.77663192,30.47086669,26010846.0,5.34,3953.569,0,0,0,0,1,0.0,0.0,0.0,0.0,3953.569,1,KUCUK_TICARETHANE
1033032796.0,39.78226525,30.50602643,26010546.0,6.024821428571428,104563.432,0,6,0,0,50,0.0,20912.731,0.0,0.0,83650.701,56,ORTA_TICARETHANE
1033036697.0,39.81895146,30.51562092,26005543.0,5.01,585.453,0,0,0,0,1,0.0,0.0,0.0,0.0,585.453,1,KUCUK_TICARETHANE
1033040975.0,39.87404352,30.79484635,26003161.0,30.0,2507.56,0,0,0,0,1,0.0,0.0,0.0,0.0,2507.56,1,ORTA_TICARETHANE
1033046657.0,39.80010726,30.50793686,26010528.0,5.01,4774.261,0,0,0,0,1,0.0,0.0,0.0,0.0,4774.261,1,KUCUK_TICARETHANE
1033061123.0,39.79020759,30.53645349,26005927.0,5.01,4918.429,0,0,0,0,1,0.0,0.0,0.0,0.0,4918.429,1,KUCUK_TICARETHANE
1033069652.0,39.79329133,30.5260417,26013568.0,5.01,788.615,0,0,0,0,1,0.0,0.0,0.0,0.0,788.615,1,KUCUK_TICARETHANE
1033069961.0,39.76086389,30.46059058,26010890.0,5.16,103.993,0,0,0,0,1,0.0,0.0,0.0,0.0,103.993,1,KUCUK_TICARETHANE
1033071600.0,39.79034728,30.44242842,26010822.0,5.01,13516.655,0,0,0,0,1,0.0,0.0,0.0,0.0,13516.655,1,ORTA_TICARETHANE
1033071981.0,39.8027096,30.47116366,26010193.0,5.01,1172.274,0,0,0,1,0,0.0,0.0,0.0,1172.274,0.0,0,TARIMSAL_SULAMA
1033073769.0,39.78818242,30.48534094,26005893.0,5.01,10174.189,0,0,0,0,1,0.0,0.0,0.0,0.0,10174.189,1,ORTA_TICARETHANE
1033073929.0,39.79145916,30.55289166,26005223.0,5.16,3537.431,0,0,0,0,1,0.0,0.0,0.0,0.0,3537.431,1,KUCUK_TICARETHANE
1033074118.0,39.78324768,30.46070742,26005903.0,5.16,5768.156,0,0,0,0,1,0.0,0.0,0.0,0.0,5768.156,1,KUCUK_TICARETHANE
1033074358.0,39.78192263,30.44845062,26010835.0,5.16,2458.044,0,0,0,0,1,0.0,0.0,0.0,0.0,2458.044,1,KUCUK_TICARETHANE
1033076622.0,39.78044602,30.52833461,26006400.0,5.01,6672.909,0,0,0,0,1,0.0,0.0,0.0,0.0,6672.909,1,KUCUK_TICARETHANE
1033077703.0,,,,5.01,9988.887,0,0,0,0,1,0.0,0.0,0.0,0.0,9988.887,1,KUCUK_TICARETHANE
1033079588.0,39.79561966,30.47515299,26006044.0,5.01,766.858,0,0,0,0,1,0.0,0.0,0.0,0.0,766.858,1,KUCUK_TICARETHANE
1033080616.0,39.80400401,30.50835811,26010520.0,5.01,7306.959,0,0,0,0,1,0.0,0.0,0.0,0.0,7306.959,1,KUCUK_TICARETHANE
1033085903.0,39.77672408,30.45212132,26010834.0,5.16,5558.428,0,0,0,0,1,0.0,0.0,0.0,0.0,5558.428,1,KUCUK_TICARETHANE
1033090491.0,39.77885621,30.44875488,26010835.0,5.01,3898.464,0,0,0,0,1,0.0,0.0,0.0,0.0,3898.464,1,KUCUK_TICARETHANE
1033096907.0,39.78113349,30.46860386,26013543.0,5.01,97.066,0,0,0,0,1,0.0,0.0,0.0,0.0,97.066,1,KUCUK_TICARETHANE
1033102444.0,39.77640422,30.45340331,26010836.0,5.1,15671.972,0,0,0,0,1,0.0,0.0,0.0,0.0,15671.972,1,ORTA_TICARETHANE
1033106509.0,39.79763445,30.51241682,26010522.0,5.01,4653.013,0,0,0,0,1,0.0,0.0,0.0,0.0,4653.013,1,KUCUK_TICARETHANE
1033110027.0,39.74080126,30.3930098,26003741.0,50.0,79267.0,0,0,0,0,1,0.0,0.0,0.0,0.0,79267.0,1,ORTA_TICARETHANE
1033118422.0,39.78093143,30.46921702,26013543.0,6.13,6888.125,0,0,0,0,1,0.0,0.0,0.0,0.0,6888.125,1,KUCUK_TICARETHANE
1033119782.0,,,,5.16,4328.68,0,0,0,0,1,0.0,0.0,0.0,0.0,4328.68,1,KUCUK_TICARETHANE
1033121542.0,39.79572336,30.44241728,26006226.0,7.671388888888889,209012.21000000002,0,25,0,0,11,0.0,41513.093,0.0,0.0,167499.117,36,ORTA_TICARETHANE
1033124358.0,39.77973068,30.4692094,26013543.0,10.09,1568.306,0,0,0,0,1,0.0,0.0,0.0,0.0,1568.306,1,KUCUK_TICARETHANE
1033126924.0,39.79800083,30.46425365,26013558.0,5.01,37096.183,1,0,0,0,0,37096.183,0.0,0.0,0.0,0.0,0,AYDINLATMA
1033127340.0,39.8066977,30.43913739,26013555.0,5.01,77087.97,1,0,0,0,0,77087.97,0.0,0.0,0.0,0.0,0,AYDINLATMA
1033127728.0,39.7822908,30.47757285,26001518.0,5.01,25593.733,1,0,0,0,0,25593.733,0.0,0.0,0.0,0.0,0,AYDINLATMA
1033146313.0,39.80293154,30.46100899,26005255.0,5.01,3131.491,0,0,0,0,1,0.0,0.0,0.0,0.0,3131.491,1,KUCUK_TICARETHANE
1033147799.0,39.80930902,30.54791385,26002734.0,5.01,1753.243,0,0,0,0,1,0.0,0.0,0.0,0.0,1753.243,1,KUCUK_TICARETHANE
1033148585.0,39.7856277,30.44709282,26005681.0,5.01,6075.807,0,0,0,0,1,0.0,0.0,0.0,0.0,6075.807,1,KUCUK_TICARETHANE
1033151219.0,39.80758948,30.54518498,26002734.0,5.01,5125.194,0,0,0,0,1,0.0,0.0,0.0,0.0,5125.194,1,KUCUK_TICARETHANE
1033151257.0,39.78127172,30.53154362,26005928.0,5.01,1027.52,0,0,0,0,1,0.0,0.0,0.0,0.0,1027.52,1,KUCUK_TICARETHANE
1033151707.0,39.80275631,30.51037311,26010520.0,5.16,9595.558,0,0,0,0,1,0.0,0.0,0.0,0.0,9595.558,1,KUCUK_TICARETHANE
1033152228.0,39.79510644,30.55149317,26005223.0,5.01,3039.402,0,0,0,0,1,0.0,0.0,0.0,0.0,3039.402,1,KUCUK_TICARETHANE
1033152246.0,39.78245709,30.4595873,26005903.0,5.01,1391.416,0,0,0,0,1,0.0,0.0,0.0,0.0,1391.416,1,KUCUK_TICARETHANE
1033153159.0,39.77769475,30.53139654,26006229.0,12.34,42391.672,0,0,0,0,1,0.0,0.0,0.0,0.0,42391.672,1,ORTA_TICARETHANE
1035038408.0,39.79498198,30.50748474,26010526.0,5.1,253.895,0,0,0,0,1,0.0,0.0,0.0,0.0,253.895,1,KUCUK_TICARETHANE
1035039020.0,39.81246404,30.4550372,26013533.0,5.01,4160.029,1,0,0,0,0,4160.029,0.0,0.0,0.0,0.0,0,AYDINLATMA
1035039165.0,39.78226427,30.47306952,26010805.0,5.01,9405.631,0,0,0,0,1,0.0,0.0,0.0,0.0,9405.631,1,KUCUK_TICARETHANE
1035039272.0,39.7971947,30.51135981,26010522.0,5.01,2579.383,0,0,0,0,1,0.0,0.0,0.0,0.0,2579.383,1,KUCUK_TICARETHANE
1035044888.0,39.80791214,30.54757672,26002734.0,5.01,910.008,0,0,0,0,1,0.0,0.0,0.0,0.0,910.008,1,KUCUK_TICARETHANE
1035045350.0,39.78140948,30.46997774,26010805.0,5.01,3144.865,0,0,0,0,1,0.0,0.0,0.0,0.0,3144.865,1,KUCUK_TICARETHANE
1035050470.0,39.78049775,30.46782327,26013543.0,5.01,58915.225,1,0,0,0,0,58915.225,0.0,0.0,0.0,0.0,0,AYDINLATMA
1035056347.0,39.78529421,30.45319344,26005971.0,5.9799999999999995,2809.483,0,2,0,0,1,0.0,1435.3249999999998,0.0,0.0,1374.158,3,KUCUK_TICARETHANE
1035059706.0,39.78387222,30.51763399,26010673.0,5.01,503.093,0,0,0,0,1,0.0,0.0,0.0,0.0,503.093,1,KUCUK_TICARETHANE
1035059911.0,39.79399232,30.48009353,26006203.0,6.016666666666666,4195.474,0,1,0,0,2,0.0,1176.079,0.0,0.0,3019.395,3,KUCUK_TICARETHANE
1035062591.0,39.80363697,30.5452283,26002734.0,5.01,275.432,0,0,0,0,1,0.0,0.0,0.0,0.0,275.432,1,KUCUK_TICARETHANE
1035070375.0,39.81153184,30.40163163,26013534.0,5.01,308.445,1,0,0,0,0,308.445,0.0,0.0,0.0,0.0,0,AYDINLATMA
1035074920.0,39.78145125,30.47293138,26010805.0,6.21,2938.944,0,0,0,0,1,0.0,0.0,0.0,0.0,2938.944,1,KUCUK_TICARETHANE
1035075551.0,39.77812177,30.54611948,26005274.0,169.09,58191.5,0,0,0,0,1,0.0,0.0,0.0,0.0,58191.5,1,ORTA_TICARETHANE
1035075703.0,39.78808753,30.47950111,26006157.0,5.01,4660.362,0,0,0,0,1,0.0,0.0,0.0,0.0,4660.362,1,KUCUK_TICARETHANE
1035087557.0,39.80624626,30.58550913,26005231.0,5.01,4328.94,0,0,0,0,1,0.0,0.0,0.0,0.0,4328.94,1,KUCUK_TICARETHANE
1035096099.0,39.79695618,30.56638763,26009784.0,5.01,405.171,0,0,0,0,1,0.0,0.0,0.0,0.0,405.171,1,KUCUK_TICARETHANE
1035122350.0,39.79241057,30.46433117,26010448.0,5.01,5157.494,0,0,0,0,4,0.0,0.0,0.0,0.0,5157.494,4,KUCUK_TICARETHANE
1035167414.0,39.79853791,30.50676887,26010528.0,5.01,6695.635,0,0,0,0,1,0.0,0.0,0.0,0.0,6695.635,1,KUCUK_TICARETHANE
1035180565.0,39.78168637,30.41925292,26013559.0,5.01,5485.957,1,0,0,0,0,5485.957,0.0,0.0,0.0,0.0,0,AYDINLATMA
1035181017.0,39.78447508,30.47549254,26013550.0,5.01,40150.287,1,0,0,0,0,40150.287,0.0,0.0,0.0,0.0,0,AYDINLATMA
1035181044.0,39.78684665,30.47236767,26013551.0,5.01,22445.975,1,0,0,0,0,22445.975,0.0,0.0,0.0,0.0,0,AYDINLATMA
1035194399.0,39.83099283,30.54323408,26006491.0,5.01,8620.634,1,0,0,0,0,8620.634,0.0,0.0,0.0,0.0,0,AYDINLATMA
1035195006.0,39.79992092,30.50141938,26010537.0,5.01,1860.625,0,0,0,0,1,0.0,0.0,0.0,0.0,1860.625,1,KUCUK_TICARETHANE
1035195257.0,39.7277928,30.34835275,26010165.0,240.0,988725.12,0,0,1,0,0,0.0,0.0,988725.12,0.0,0.0,1,BUYUK_SANAYI
1035201815.0,39.78360045,30.51011582,26010549.0,5.01,4451.855,0,0,0,0,1,0.0,0.0,0.0,0.0,4451.855,1,KUCUK_TICARETHANE
1035208771.0,39.80116838,30.50731343,26010529.0,5.01,24638.763,0,0,0,0,1,0.0,0.0,0.0,0.0,24638.763,1,ORTA_TICARETHANE
1035208814.0,,,,5.01,599.384,0,0,0,0,1,0.0,0.0,0.0,0.0,599.384,1,KUCUK_TICARETHANE
1035210144.0,39.78439501,30.45525514,,5.01,2683.876,0,0,0,0,1,0.0,0.0,0.0,0.0,2683.876,1,KUCUK_TICARETHANE
1035221087.0,,,,5.01,254.817,0,0,0,0,1,0.0,0.0,0.0,0.0,254.817,1,KUCUK_TICARETHANE
1035225418.0,39.70397615,30.40774167,26010662.0,5.01,356.238,0,0,0,0,1,0.0,0.0,0.0,0.0,356.238,1,KUCUK_TICARETHANE
1035236577.0,39.79632735,30.5098242,26010524.0,5.01,15904.314,0,0,0,0,1,0.0,0.0,0.0,0.0,15904.314,1,ORTA_TICARETHANE
1035236741.0,39.82572438,30.51354195,26006466.0,5.01,7101.265,0,0,0,1,0,0.0,0.0,0.0,7101.265,0.0,0,TARIMSAL_SULAMA
1035238796.0,39.7989811,30.50917093,26010528.0,5.1,4493.024,0,0,0,0,1,0.0,0.0,0.0,0.0,4493.024,1,KUCUK_TICARETHANE
1035240464.0,39.80212866,30.44900619,26013637.0,5.16,8301.519,0,0,0,0,1,0.0,0.0,0.0,0.0,8301.519,1,KUCUK_TICARETHANE
1035249000.0,39.78148271,30.46798575,26013543.0,41.13,77922.09,0,0,0,0,1,0.0,0.0,0.0,0.0,77922.09,1,ORTA_TICARETHANE
1035257359.0,39.79109746,30.48369118,26010072.0,5.583333333333333,17693.341,0,2,0,0,1,0.0,2019.204,0.0,0.0,15674.137,3,ORTA_TICARETHANE
1035259623.0,39.80357746,30.49067712,26010545.0,5.01,2333.605,0,0,0,0,1,0.0,0.0,0.0,0.0,2333.605,1,KUCUK_TICARETHANE
1035268264.0,39.80569858,30.60773818,26003675.0,5.01,6602.148,0,0,0,1,0,0.0,0.0,0.0,6602.148,0.0,0,TARIMSAL_SULAMA
1035270563.0,39.79878046,30.48354492,26006125.0,5.01,6679.576,0,0,0,0,1,0.0,0.0,0.0,0.0,6679.576,1,KUCUK_TICARETHANE
1035272234.0,39.77836995,30.44663803,26010829.0,5.28,417.415,0,0,0,0,1,0.0,0.0,0.0,0.0,417.415,1,KUCUK_TICARETHANE
1035273537.0,39.82693875,30.50361121,26005229.0,5.438,5369.213,0,3,0,0,2,0.0,4222.693,0.0,0.0,1146.52,5,KUCUK_TICARETHANE
1035274269.0,39.79425601,30.48227665,26005900.0,6.14,4329.615,0,1,0,0,1,0.0,1040.702,0.0,0.0,3288.913,2,KUCUK_TICARETHANE
1035277176.0,,,,5.01,10695.421,0,0,0,0,1,0.0,0.0,0.0,0.0,10695.421,1,ORTA_TICARETHANE
1035277794.0,39.81807726,30.4993682,26013510.0,5.01,31091.377,1,0,0,0,0,31091.377,0.0,0.0,0.0,0.0,0,AYDINLATMA
1035277811.0,39.77501959,30.47109364,26010845.0,5.01,2345.318,0,0,0,0,1,0.0,0.0,0.0,0.0,2345.318,1,KUCUK_TICARETHANE
1035282196.0,39.79011373,30.45991312,26010447.0,13.9,305.614,0,0,0,0,1,0.0,0.0,0.0,0.0,305.614,1,KUCUK_TICARETHANE
1035290208.0,39.79142503,30.48824738,26014892.0,5.01,3746.593,0,0,0,0,1,0.0,0.0,0.0,0.0,3746.593,1,KUCUK_TICARETHANE
1035304947.0,39.7848794,30.45047903,26010103.0,5.01,1244.424,0,0,0,0,1,0.0,0.0,0.0,0.0,1244.424,1,KUCUK_TICARETHANE
1035305484.0,39.79146249,30.54893464,26005223.0,5.01,5928.525,0,0,0,0,1,0.0,0.0,0.0,0.0,5928.525,1,KUCUK_TICARETHANE
1035306033.0,39.80359738,30.59089162,26009785.0,5.01,704.767,0,0,0,0,1,0.0,0.0,0.0,0.0,704.767,1,KUCUK_TICARETHANE
1035322631.0,39.78628668,30.47148689,26013551.0,32.09,48625.85,0,0,0,0,1,0.0,0.0,0.0,0.0,48625.85,1,ORTA_TICARETHANE
1035323194.0,39.79929065,30.50861079,26010528.0,5.12,36078.396,0,0,0,0,1,0.0,0.0,0.0,0.0,36078.396,1,ORTA_TICARETHANE
1035330418.0,39.78032031,30.4613573,26010101.0,5.01,647.67,0,0,0,0,1,0.0,0.0,0.0,0.0,647.67,1,KUCUK_TICARETHANE
1035334659.0,39.77694095,30.52309285,26005700.0,18.42,11834.462,0,0,0,0,1,0.0,0.0,0.0,0.0,11834.462,1,ORTA_TICARETHANE
1035343947.0,39.78149826,30.51280088,26010671.0,378.0,432394.2,0,0,0,0,1,0.0,0.0,0.0,0.0,432394.2,1,ORTA_TICARETHANE
1035343989.0,39.80430327,30.45570202,26005255.0,7.62,6936.947,0,0,0,0,1,0.0,0.0,0.0,0.0,6936.947,1,KUCUK_TICARETHANE
1035364115.0,39.8201437,30.49645116,26006389.0,5.01,82.03,0,0,0,1,0,0.0,0.0,0.0,82.03,0.0,0,TARIMSAL_SULAMA
1035370393.0,39.81923571,30.48784527,26005126.0,5.01,7969.51,0,0,0,0,1,0.0,0.0,0.0,0.0,7969.51,1,KUCUK_TICARETHANE
1035372952.0,39.81914093,30.48557407,26006752.0,5.01,3420.453,0,0,0,1,0,0.0,0.0,0.0,3420.453,0.0,0,TARIMSAL_SULAMA
1035372957.0,39.81834002,30.48688374,26006759.0,5.01,5595.03,0,0,0,1,0,0.0,0.0,0.0,5595.03,0.0,0,TARIMSAL_SULAMA
1035372962.0,39.81665721,30.48862637,26005126.0,3.0,2896.16,0,0,0,1,0,0.0,0.0,0.0,2896.16,0.0,0,TARIMSAL_SULAMA
1035372965.0,39.81746479,30.4885398,26005126.0,5.58,7851.526,0,0,0,0,1,0.0,0.0,0.0,0.0,7851.526,1,KUCUK_TICARETHANE
1035373977.0,39.80583317,30.59041046,26005231.0,5.01,3217.415,0,0,0,0,1,0.0,0.0,0.0,0.0,3217.415,1,KUCUK_TICARETHANE
1035374591.0,39.78484588,30.46283444,26005904.0,5.01,1747.875,0,0,0,0,1,0.0,0.0,0.0,0.0,1747.875,1,KUCUK_TICARETHANE
1035375847.0,39.77819758,30.46896382,26010843.0,5.01,19395.242,0,0,0,0,1,0.0,0.0,0.0,0.0,19395.242,1,ORTA_TICARETHANE
1035376230.0,39.77675905,30.44692939,26010832.0,5.01,5046.603,0,0,0,0,1,0.0,0.0,0.0,0.0,5046.603,1,KUCUK_TICARETHANE
1035376257.0,39.79748942,30.48221869,26006125.0,5.01,1496.606,0,0,0,0,1,0.0,0.0,0.0,0.0,1496.606,1,KUCUK_TICARETHANE
1035377944.0,39.79662456,30.49749841,26010534.0,5.01,2418.897,0,0,0,0,1,0.0,0.0,0.0,0.0,2418.897,1,KUCUK_TICARETHANE
1035381192.0,39.7760542,30.46427006,26010842.0,5.1,3127.771,0,0,0,0,1,0.0,0.0,0.0,0.0,3127.771,1,KUCUK_TICARETHANE
1035381368.0,39.7817119,30.46862736,26013543.0,14.95,14401.474,0,0,0,0,1,0.0,0.0,0.0,0.0,14401.474,1,ORTA_TICARETHANE
1035383141.0,39.80103873,30.51543936,26010518.0,5.1,915.639,0,0,0,0,1,0.0,0.0,0.0,0.0,915.639,1,KUCUK_TICARETHANE
1035384816.0,39.79750245,30.50617891,26010530.0,5.1,6750.436,0,0,0,0,1,0.0,0.0,0.0,0.0,6750.436,1,KUCUK_TICARETHANE
1035384903.0,39.79335901,30.52707825,26013568.0,90.08,13116.45,0,0,0,0,1,0.0,0.0,0.0,0.0,13116.45,1,ORTA_TICARETHANE
1035387683.0,39.78428029,30.51867939,26010761.0,5.01,1970.101,0,0,0,0,1,0.0,0.0,0.0,0.0,1970.101,1,KUCUK_TICARETHANE
1035391010.0,39.79671246,30.48340581,26006125.0,5.01,10085.698,0,0,0,0,1,0.0,0.0,0.0,0.0,10085.698,1,ORTA_TICARETHANE
1035391353.0,39.80446895,30.45545571,26005255.0,7.62,26065.964,0,0,0,0,1,0.0,0.0,0.0,0.0,26065.964,1,ORTA_TICARETHANE
1035393100.0,39.79395976,30.46707487,26006123.0,5.1,4952.058,0,0,0,0,1,0.0,0.0,0.0,0.0,4952.058,1,KUCUK_TICARETHANE
1035405065.0,39.79566852,30.53022631,26013570.0,5.01,10662.993,0,0,0,0,1,0.0,0.0,0.0,0.0,10662.993,1,ORTA_TICARETHANE
1035406409.0,39.78281864,30.51518527,26010672.0,5.01,7569.823,0,0,0,0,1,0.0,0.0,0.0,0.0,7569.823,1,KUCUK_TICARETHANE
1035411579.0,39.78829474,30.53996622,26005428.0,5.28,2333.754,0,0,0,0,1,0.0,0.0,0.0,0.0,2333.754,1,KUCUK_TICARETHANE
1035411687.0,39.80898774,30.60153906,26003675.0,5.01,21864.729,0,0,0,1,0,0.0,0.0,0.0,21864.729,0.0,0,TARIMSAL_SULAMA
1035412382.0,,,,5.01,3638.825,0,0,0,0,1,0.0,0.0,0.0,0.0,3638.825,1,KUCUK_TICARETHANE
1035413900.0,39.76983823,30.47118466,26010914.0,8.799999999999999,926.4929999999999,0,0,0,0,3,0.0,0.0,0.0,0.0,926.4929999999999,3,KUCUK_TICARETHANE
1035417511.0,39.79928095,30.47400248,26006187.0,12.0,16196.565,0,0,0,0,1,0.0,0.0,0.0,0.0,16196.565,1,ORTA_TICARETHANE
1035420901.0,39.84477322,30.50920838,26006791.0,5.01,11103.107,0,0,0,0,1,0.0,0.0,0.0,0.0,11103.107,1,ORTA_TICARETHANE
1035420911.0,39.81015303,30.54536816,26002734.0,5.01,12884.666,0,0,0,1,0,0.0,0.0,0.0,12884.666,0.0,0,TARIMSAL_SULAMA
1035428179.0,39.7806656,30.51424208,26005145.0,5.0367187499999995,112306.445,0,4,0,0,60,0.0,19942.014,0.0,0.0,92364.431,64,ORTA_TICARETHANE
1035432314.0,39.80815762,30.57279903,26005234.0,5.01,701.992,0,0,0,1,0,0.0,0.0,0.0,701.992,0.0,0,TARIMSAL_SULAMA
1035432328.0,39.79331307,30.47957294,26006203.0,5.01,7554.61,0,0,0,0,1,0.0,0.0,0.0,0.0,7554.61,1,KUCUK_TICARETHANE
1035440465.0,39.77765974,30.46895067,26010843.0,5.01,7751.757,0,0,0,0,1,0.0,0.0,0.0,0.0,7751.757,1,KUCUK_TICARETHANE
1035444854.0,39.79963043,30.51327574,26010519.0,5.01,12023.545,0,0,0,0,1,0.0,0.0,0.0,0.0,12023.545,1,ORTA_TICARETHANE
1035447107.0,39.77869502,30.52528719,26006079.0,5.1,1946.962,0,0,0,0,1,0.0,0.0,0.0,0.0,1946.962,1,KUCUK_TICARETHANE
1035447683.0,39.77817456,30.44411209,26010829.0,5.01,1177.873,0,0,0,0,1,0.0,0.0,0.0,0.0,1177.873,1,KUCUK_TICARETHANE
1035449325.0,39.79728263,30.48051387,26006125.0,5.01,6731.122,0,0,0,0,1,0.0,0.0,0.0,0.0,6731.122,1,KUCUK_TICARETHANE
1035449373.0,39.83116015,30.49976405,26006451.0,5.01,2190.987,0,0,0,0,1,0.0,0.0,0.0,0.0,2190.987,1,KUCUK_TICARETHANE
1035451958.0,39.79141747,30.47585936,,5.01,7040.108,0,0,0,0,1,0.0,0.0,0.0,0.0,7040.108,1,KUCUK_TICARETHANE
1035452281.0,39.87029185,30.79766815,26012256.0,750.0,1120082.175,0,0,1,0,0,0.0,0.0,1120082.175,0.0,0.0,1,BUYUK_SANAYI
1035454875.0,39.77950209,30.46159527,26010840.0,5.01,4252.849,0,0,0,0,1,0.0,0.0,0.0,0.0,4252.849,1,KUCUK_TICARETHANE
1035455776.0,39.79719071,30.51273349,26010524.0,5.01,9756.599,0,0,0,0,1,0.0,0.0,0.0,0.0,9756.599,1,KUCUK_TICARETHANE
1035456968.0,39.7930852,30.51966421,26010290.0,5.01,11367.474,0,0,0,0,1,0.0,0.0,0.0,0.0,11367.474,1,ORTA_TICARETHANE
1035458490.0,39.80003586,30.57357577,26009785.0,5.01,149.725,0,0,0,1,0,0.0,0.0,0.0,149.725,0.0,0,TARIMSAL_SULAMA
1035460072.0,39.77497112,30.47059067,26010845.0,5.01,3677.344,0,0,0,0,1,0.0,0.0,0.0,0.0,3677.344,1,KUCUK_TICARETHANE
1035460577.0,39.76950811,30.47214371,26010914.0,7.23,2603.797,0,0,0,0,1,0.0,0.0,0.0,0.0,2603.797,1,KUCUK_TICARETHANE
1035468946.0,39.77637271,30.45276104,26010836.0,5.01,175.438,0,0,0,0,1,0.0,0.0,0.0,0.0,175.438,1,KUCUK_TICARETHANE
1035468958.0,39.77761706,30.46749411,26010843.0,5.01,4043.767,0,0,0,0,1,0.0,0.0,0.0,0.0,4043.767,1,KUCUK_TICARETHANE
1035469047.0,39.79790632,30.51401061,26010517.0,5.01,7972.976,0,0,0,0,1,0.0,0.0,0.0,0.0,7972.976,1,KUCUK_TICARETHANE
1035471583.0,39.8065378,30.60387464,26003675.0,5.01,618.84,0,0,0,1,0,0.0,0.0,0.0,618.84,0.0,0,TARIMSAL_SULAMA
1035474097.0,39.80286548,30.49135242,26010545.0,5.01,6.04,0,0,0,0,1,0.0,0.0,0.0,0.0,6.04,1,KUCUK_TICARETHANE
1035475309.0,39.76004333,30.45933412,26010891.0,5.01,305.563,0,0,0,0,1,0.0,0.0,0.0,0.0,305.563,1,KUCUK_TICARETHANE
1035478235.0,39.76105998,30.4582573,26010891.0,5.01,768.482,0,0,0,0,1,0.0,0.0,0.0,0.0,768.482,1,KUCUK_TICARETHANE
1035478296.0,39.78949032,30.52716003,26013565.0,5.01,2043.425,0,0,0,0,1,0.0,0.0,0.0,0.0,2043.425,1,KUCUK_TICARETHANE
1035479209.0,39.78289039,30.51584376,,5.01,13574.201,0,0,0,0,1,0.0,0.0,0.0,0.0,13574.201,1,ORTA_TICARETHANE
1035481585.0,39.79702873,30.48211803,26006125.0,5.01,1779.257,0,0,0,0,1,0.0,0.0,0.0,0.0,1779.257,1,KUCUK_TICARETHANE
1035481592.0,39.79587979,30.48886304,26005899.0,5.01,31093.389,0,0,0,0,1,0.0,0.0,0.0,0.0,31093.389,1,ORTA_TICARETHANE
1035484789.0,,,,5.01,9364.881,0,0,0,0,1,0.0,0.0,0.0,0.0,9364.881,1,KUCUK_TICARETHANE
1035485235.0,39.7946223,30.52714522,26013572.0,5.01,9052.935,0,0,0,0,1,0.0,0.0,0.0,0.0,9052.935,1,KUCUK_TICARETHANE
1035485657.0,39.8316611,30.49466511,26006451.0,9.0,19080.956,0,0,0,1,0,0.0,0.0,0.0,19080.956,0.0,0,TARIMSAL_SULAMA
1035487285.0,39.77893351,30.44956815,26010835.0,5.01,12933.204,0,0,0,0,1,0.0,0.0,0.0,0.0,12933.204,1,ORTA_TICARETHANE
1035488116.0,39.81659289,30.49745677,26013510.0,5.01,255.735,0,0,0,0,1,0.0,0.0,0.0,0.0,255.735,1,KUCUK_TICARETHANE
1035488928.0,39.78937058,30.53651827,26005927.0,5.01,3612.498,0,0,0,0,1,0.0,0.0,0.0,0.0,3612.498,1,KUCUK_TICARETHANE
1035489459.0,39.77765214,30.51117942,26005188.0,5.01,6622.074,0,0,0,0,1,0.0,0.0,0.0,0.0,6622.074,1,KUCUK_TICARETHANE
1035490513.0,39.78130393,30.5146359,26010672.0,14.14,102315.00099999999,0,0,0,0,3,0.0,0.0,0.0,0.0,102315.00099999999,3,ORTA_TICARETHANE
1035491987.0,39.77641058,30.45093783,26010834.0,5.01,8387.02,0,0,0,0,1,0.0,0.0,0.0,0.0,8387.02,1,KUCUK_TICARETHANE
1035496539.0,39.78003418,30.51578669,26001635.0,240.0,136596.72,0,0,0,0,1,0.0,0.0,0.0,0.0,136596.72,1,ORTA_TICARETHANE
1035498343.0,39.77082961,30.47267185,26010914.0,5.01,4286.84,0,0,0,0,1,0.0,0.0,0.0,0.0,4286.84,1,KUCUK_TICARETHANE
1035498392.0,39.7938835,30.48002548,26006203.0,5.01,7167.596,0,0,0,0,1,0.0,0.0,0.0,0.0,7167.596,1,KUCUK_TICARETHANE
1035499307.0,39.79046102,30.44503098,26009987.0,5.01,1450.142,0,0,0,0,1,0.0,0.0,0.0,0.0,1450.142,1,KUCUK_TICARETHANE
1035499422.0,39.77620327,30.52932954,26006452.0,5.01,4004.245,0,0,0,0,1,0.0,0.0,0.0,0.0,4004.245,1,KUCUK_TICARETHANE
1035499609.0,39.91854249,30.46616618,26012318.0,30.0,13184.5,0,0,0,0,1,0.0,0.0,0.0,0.0,13184.5,1,ORTA_TICARETHANE
1035499989.0,39.79673671,30.48465953,26005687.0,5.01,8456.33,0,0,0,0,1,0.0,0.0,0.0,0.0,8456.33,1,KUCUK_TICARETHANE
1035507403.0,39.86068176,30.63391759,26012325.0,30.0,144418.82,0,0,0,0,1,0.0,0.0,0.0,0.0,144418.82,1,ORTA_TICARETHANE
1035509798.0,39.79073026,30.50951756,26010667.0,5.01,6370.886,0,0,0,0,1,0.0,0.0,0.0,0.0,6370.886,1,KUCUK_TICARETHANE
1035509801.0,39.80356295,30.56127265,26005233.0,5.01,1217.051,0,0,0,0,1,0.0,0.0,0.0,0.0,1217.051,1,KUCUK_TICARETHANE
1035510454.0,39.78473752,30.4571055,26005973.0,5.01,5215.985,0,0,0,0,1,0.0,0.0,0.0,0.0,5215.985,1,KUCUK_TICARETHANE
1035510475.0,39.79699555,30.50609181,26010530.0,5.01,7660.201,0,0,0,0,1,0.0,0.0,0.0,0.0,7660.201,1,KUCUK_TICARETHANE
1035510570.0,39.80198215,30.46907243,26010193.0,5.01,5931.52,0,0,0,1,0,0.0,0.0,0.0,5931.52,0.0,0,TARIMSAL_SULAMA
1035510857.0,39.76764198,30.47110694,,5.16,3416.592,0,0,0,0,1,0.0,0.0,0.0,0.0,3416.592,1,KUCUK_TICARETHANE
1035518493.0,39.76716465,30.4473257,26010896.0,5.1,12762.623,0,0,0,0,1,0.0,0.0,0.0,0.0,12762.623,1,ORTA_TICARETHANE
1035518495.0,39.76209811,30.45913504,26010894.0,5.01,9044.12,0,0,0,0,1,0.0,0.0,0.0,0.0,9044.12,1,KUCUK_TICARETHANE
1035519761.0,,,,3.0,2454.0,0,0,0,0,1,0.0,0.0,0.0,0.0,2454.0,1,KUCUK_TICARETHANE
1035519861.0,39.7715167,30.46631192,26010899.0,5.1,13494.705,0,0,0,0,1,0.0,0.0,0.0,0.0,13494.705,1,ORTA_TICARETHANE
1035520186.0,39.80750838,30.41697206,26012334.0,96.0,7374.95,0,0,0,0,1,0.0,0.0,0.0,0.0,7374.95,1,ORTA_TICARETHANE
1035521396.0,,,,5.16,43861.245,0,0,0,0,1,0.0,0.0,0.0,0.0,43861.245,1,ORTA_TICARETHANE
1035529795.0,39.76994026,30.47152172,26010914.0,8.765,6507.576,0,1,0,0,3,0.0,2975.903,0.0,0.0,3531.6730000000002,4,KUCUK_TICARETHANE
1035533538.0,39.84263471,30.38337265,26012342.0,60.0,32236.86,0,0,0,0,1,0.0,0.0,0.0,0.0,32236.86,1,ORTA_TICARETHANE
1035537986.0,39.79333742,30.52593925,26013568.0,5.01,2444.479,0,0,0,0,1,0.0,0.0,0.0,0.0,2444.479,1,KUCUK_TICARETHANE
1035538483.0,39.78679317,30.53311946,26005686.0,5.01,12737.46,0,0,0,0,1,0.0,0.0,0.0,0.0,12737.46,1,ORTA_TICARETHANE
1035538749.0,39.83578178,30.4977214,26010613.0,5.01,2086.12,0,0,0,0,1,0.0,0.0,0.0,0.0,2086.12,1,KUCUK_TICARETHANE
1035538766.0,39.77679854,30.46308664,26010840.0,5.1,7223.776,0,0,0,0,1,0.0,0.0,0.0,0.0,7223.776,1,KUCUK_TICARETHANE
1035540340.0,39.79339984,30.48713389,26005901.0,5.01,7611.132,0,0,0,0,1,0.0,0.0,0.0,0.0,7611.132,1,KUCUK_TICARETHANE
1035541256.0,,,,5.1,4837.65,0,0,0,0,1,0.0,0.0,0.0,0.0,4837.65,1,KUCUK_TICARETHANE
1035541333.0,39.8192075,30.49849352,26013510.0,5.01,268.083,0,0,0,1,0,0.0,0.0,0.0,268.083,0.0,0,TARIMSAL_SULAMA
1035541875.0,39.79487117,30.47115564,26006044.0,5.01,8838.801,0,0,0,0,1,0.0,0.0,0.0,0.0,8838.801,1,KUCUK_TICARETHANE
1035542987.0,39.79183228,30.48294082,26006047.0,5.01,7481.409,0,0,0,0,1,0.0,0.0,0.0,0.0,7481.409,1,KUCUK_TICARETHANE
1035546343.0,39.79000565,30.50966858,26010667.0,5.01,63.184,0,0,0,0,1,0.0,0.0,0.0,0.0,63.184,1,KUCUK_TICARETHANE
1035547836.0,39.77831359,30.47106969,26010846.0,5.01,9961.666,0,0,0,0,1,0.0,0.0,0.0,0.0,9961.666,1,KUCUK_TICARETHANE
1035557333.0,39.79667234,30.48676042,26005687.0,5.01,3989.499,0,0,0,0,1,0.0,0.0,0.0,0.0,3989.499,1,KUCUK_TICARETHANE
1035558918.0,,,,5.01,8986.113,0,0,0,0,1,0.0,0.0,0.0,0.0,8986.113,1,KUCUK_TICARETHANE
1035561656.0,39.80194415,30.46470313,26010193.0,5.01,12019.369,0,0,0,0,1,0.0,0.0,0.0,0.0,12019.369,1,ORTA_TICARETHANE
1035563450.0,39.79081311,30.44426701,26009969.0,5.01,2049.739,0,0,0,0,1,0.0,0.0,0.0,0.0,2049.739,1,KUCUK_TICARETHANE
1035564021.0,39.78998921,30.46571055,26010449.0,5.01,14590.103,0,0,0,0,1,0.0,0.0,0.0,0.0,14590.103,1,ORTA_TICARETHANE
1035565297.0,,,,5.01,8822.631,0,0,0,0,1,0.0,0.0,0.0,0.0,8822.631,1,KUCUK_TICARETHANE
1035567051.0,39.7984831,30.48618161,26005687.0,5.01,24288.821,0,0,0,0,1,0.0,0.0,0.0,0.0,24288.821,1,ORTA_TICARETHANE
1035567144.0,39.80096277,30.5090674,26010528.0,5.01,13810.588,0,0,0,0,1,0.0,0.0,0.0,0.0,13810.588,1,ORTA_TICARETHANE
1035571064.0,39.79568138,30.52712169,26013571.0,5.01,1254.291,0,0,0,0,1,0.0,0.0,0.0,0.0,1254.291,1,KUCUK_TICARETHANE
1035571078.0,39.77436953,30.47160966,26010845.0,3.0,708.804,0,0,0,0,1,0.0,0.0,0.0,0.0,708.804,1,KUCUK_TICARETHANE
1035575869.0,39.79009222,30.51019877,26010667.0,5.01,49.421,0,0,0,0,1,0.0,0.0,0.0,0.0,49.421,1,KUCUK_TICARETHANE
1035575872.0,39.79892856,30.50579422,26010528.0,5.01,3287.421,0,0,0,0,1,0.0,0.0,0.0,0.0,3287.421,1,KUCUK_TICARETHANE
1035576654.0,39.78039716,30.44985156,26010835.0,5.01,11426.994,0,0,0,0,1,0.0,0.0,0.0,0.0,11426.994,1,ORTA_TICARETHANE
1035577739.0,39.78099446,30.45114996,26010835.0,6.125,165.087,0,4,0,0,2,0.0,80.618,0.0,0.0,84.469,6,KUCUK_TICARETHANE
1035580761.0,39.78100132,30.50768832,26005185.0,5.100270270270269,76130.64199999999,0,3,0,0,34,0.0,7964.993,0.0,0.0,68165.649,37,ORTA_TICARETHANE
1035581559.0,39.79037272,30.55077334,26005223.0,5.01,1895.149,0,0,0,0,1,0.0,0.0,0.0,0.0,1895.149,1,KUCUK_TICARETHANE
1035581630.0,,,,5.01,89.085,0,0,0,0,1,0.0,0.0,0.0,0.0,89.085,1,KUCUK_TICARETHANE
1035581777.0,39.78388923,30.45834605,26005972.0,5.01,6008.619,0,0,0,0,1,0.0,0.0,0.0,0.0,6008.619,1,KUCUK_TICARETHANE
1035582157.0,39.8251013,30.63271244,26012384.0,30.0,10201.34,0,0,0,0,1,0.0,0.0,0.0,0.0,10201.34,1,ORTA_TICARETHANE
1035586139.0,39.77617876,30.48100091,26005697.0,10.88,6496.197,0,0,0,0,1,0.0,0.0,0.0,0.0,6496.197,1,KUCUK_TICARETHANE
1035588724.0,39.78108587,30.4656111,26005120.0,5.01,9229.026,0,0,0,0,1,0.0,0.0,0.0,0.0,9229.026,1,KUCUK_TICARETHANE
1035589017.0,39.80292948,30.50984893,26010520.0,5.16,11379.003,0,0,0,0,1,0.0,0.0,0.0,0.0,11379.003,1,ORTA_TICARETHANE
1035589507.0,39.79525974,30.47477584,26006044.0,5.01,11420.061,0,0,0,0,1,0.0,0.0,0.0,0.0,11420.061,1,ORTA_TICARETHANE
1035592091.0,39.79855741,30.50739655,26010528.0,5.01,4548.878,0,0,0,0,1,0.0,0.0,0.0,0.0,4548.878,1,KUCUK_TICARETHANE
1035592889.0,39.80093537,30.46122579,26013558.0,5.1,4901.027,0,0,0,0,1,0.0,0.0,0.0,0.0,4901.027,1,KUCUK_TICARETHANE
1035593936.0,,,,5.01,4944.845,0,0,0,0,1,0.0,0.0,0.0,0.0,4944.845,1,KUCUK_TICARETHANE
1035593938.0,39.79737549,30.47579402,26006124.0,5.01,11573.495,0,0,0,0,1,0.0,0.0,0.0,0.0,11573.495,1,ORTA_TICARETHANE
1035594630.0,39.78527449,30.45568092,26005973.0,5.01,3215.279,0,0,0,0,1,0.0,0.0,0.0,0.0,3215.279,1,KUCUK_TICARETHANE
1035595672.0,39.76969893,30.47162604,26010914.0,5.685,15852.663,0,5,0,0,3,0.0,3475.147,0.0,0.0,12377.516,8,ORTA_TICARETHANE
1035598949.0,39.79957179,30.48438986,26006287.0,5.01,4677.685,0,0,0,0,1,0.0,0.0,0.0,0.0,4677.685,1,KUCUK_TICARETHANE
1035599242.0,39.80073376,30.51347718,26010519.0,5.01,9256.104,0,0,0,0,1,0.0,0.0,0.0,0.0,9256.104,1,KUCUK_TICARETHANE
1035599440.0,39.79384947,30.50457271,26010530.0,5.01,2189.373,0,0,0,0,1,0.0,0.0,0.0,0.0,2189.373,1,KUCUK_TICARETHANE
1035600223.0,39.80047339,30.48588904,26006287.0,5.01,171.919,0,0,0,0,1,0.0,0.0,0.0,0.0,171.919,1,KUCUK_TICARETHANE
1035604803.0,39.77868222,30.45478746,26010837.0,5.01,9486.086,0,0,0,0,1,0.0,0.0,0.0,0.0,9486.086,1,KUCUK_TICARETHANE
1035608009.0,39.79289918,30.57673899,26005236.0,5.01,17152.0,0,0,0,1,0,0.0,0.0,0.0,17152.0,0.0,0,TARIMSAL_SULAMA
1035609119.0,39.793528,30.50664329,,5.01,5916.907,0,0,0,0,1,0.0,0.0,0.0,0.0,5916.907,1,KUCUK_TICARETHANE
1035615515.0,39.79125602,30.54971188,26005223.0,5.01,1296.356,0,0,0,0,1,0.0,0.0,0.0,0.0,1296.356,1,KUCUK_TICARETHANE
1035616575.0,39.79678454,30.48994604,,5.01,8303.925,0,0,0,0,1,0.0,0.0,0.0,0.0,8303.925,1,KUCUK_TICARETHANE
1035616985.0,39.80383827,30.49370284,26010545.0,5.01,20.923,0,0,0,0,1,0.0,0.0,0.0,0.0,20.923,1,KUCUK_TICARETHANE
1035624188.0,39.78785461,30.51011298,26010669.0,5.01,1822.531,0,0,0,0,1,0.0,0.0,0.0,0.0,1822.531,1,KUCUK_TICARETHANE
1035624277.0,39.80316857,30.51820238,26010515.0,5.01,8049.912,0,0,0,0,1,0.0,0.0,0.0,0.0,8049.912,1,KUCUK_TICARETHANE
1035625176.0,39.7821516,30.45735794,26005972.0,5.01,8713.295,0,0,0,0,1,0.0,0.0,0.0,0.0,8713.295,1,KUCUK_TICARETHANE
1035625758.0,39.79226407,30.47672177,26005199.0,5.1,4223.337,0,0,0,0,1,0.0,0.0,0.0,0.0,4223.337,1,KUCUK_TICARETHANE
1035626016.0,39.81588072,30.49703826,26013510.0,5.01,1114.95,0,0,0,1,0,0.0,0.0,0.0,1114.95,0.0,0,TARIMSAL_SULAMA
1035626269.0,,,,5.01,7918.249,0,0,0,0,1,0.0,0.0,0.0,0.0,7918.249,1,KUCUK_TICARETHANE
1035626696.0,39.80225256,30.51236654,26010518.0,5.1,18985.438,0,0,0,0,1,0.0,0.0,0.0,0.0,18985.438,1,ORTA_TICARETHANE
1035628226.0,39.77217854,30.47036184,26010900.0,5.01,148.114,0,0,0,0,1,0.0,0.0,0.0,0.0,148.114,1,KUCUK_TICARETHANE
1035634012.0,39.77915775,30.51133472,26005185.0,5.01,10395.756,0,0,0,0,1,0.0,0.0,0.0,0.0,10395.756,1,ORTA_TICARETHANE
1035636064.0,39.80214272,30.50852539,26010520.0,5.01,5884.339,0,0,0,0,1,0.0,0.0,0.0,0.0,5884.339,1,KUCUK_TICARETHANE
1035636214.0,39.80273151,30.51335979,26010518.0,5.01,8690.254,0,0,0,0,1,0.0,0.0,0.0,0.0,8690.254,1,KUCUK_TICARETHANE
1035638053.0,39.77966595,30.49809131,26000798.0,33.25,5124.387,0,1,0,0,1,0.0,124.407,0.0,0.0,4999.98,2,ORTA_TICARETHANE
1035648448.0,,,,5.01,1236.878,0,0,0,0,1,0.0,0.0,0.0,0.0,1236.878,1,KUCUK_TICARETHANE
1035649883.0,39.76581084,30.46964548,26010916.0,5.01,4219.386,0,0,0,0,1,0.0,0.0,0.0,0.0,4219.386,1,KUCUK_TICARETHANE
1035650195.0,39.77536758,30.52436167,26010373.0,30.43,87100.071,0,0,0,0,1,0.0,0.0,0.0,0.0,87100.071,1,ORTA_TICARETHANE
1035650631.0,39.79620598,30.481101,26005900.0,5.01,6814.338,0,0,0,0,1,0.0,0.0,0.0,0.0,6814.338,1,KUCUK_TICARETHANE
1035657027.0,39.782803,30.4597421,26005903.0,5.1,3631.536,0,0,0,0,1,0.0,0.0,0.0,0.0,3631.536,1,KUCUK_TICARETHANE
1035663600.0,39.78052658,30.45110531,26010835.0,5.01,7398.606,0,0,0,0,1,0.0,0.0,0.0,0.0,7398.606,1,KUCUK_TICARETHANE
1035664749.0,39.80104112,30.33388205,26012505.0,60.0,101352.08,0,0,0,0,1,0.0,0.0,0.0,0.0,101352.08,1,ORTA_TICARETHANE
1035671739.0,39.7752137,30.45036071,26010834.0,5.01,24.152,0,0,0,0,1,0.0,0.0,0.0,0.0,24.152,1,KUCUK_TICARETHANE
1035673126.0,39.7977429,30.48838437,26005688.0,5.01,5352.029,0,0,0,0,1,0.0,0.0,0.0,0.0,5352.029,1,KUCUK_TICARETHANE
1035673945.0,39.8174977,30.49724611,26013510.0,5.01,953.27,0,0,0,0,1,0.0,0.0,0.0,0.0,953.27,1,KUCUK_TICARETHANE
1035677889.0,39.8202057,30.43903381,26002074.0,8.34,11939.176,0,0,0,0,1,0.0,0.0,0.0,0.0,11939.176,1,ORTA_TICARETHANE
1035677892.0,39.79949176,30.50867462,26010528.0,5.01,25.509,0,0,0,0,1,0.0,0.0,0.0,0.0,25.509,1,KUCUK_TICARETHANE
1035680299.0,39.777647,30.455555,26010838.0,5.576666666666667,79340.963,0,5,0,0,7,0.0,9430.997,0.0,0.0,69909.966,12,ORTA_TICARETHANE
1035682021.0,,,,28.92,36193.72,0,0,0,0,1,0.0,0.0,0.0,0.0,36193.72,1,ORTA_TICARETHANE
1035685830.0,39.79654939,30.48339805,26006125.0,5.01,3731.55,0,0,0,0,1,0.0,0.0,0.0,0.0,3731.55,1,KUCUK_TICARETHANE
1035686456.0,39.7948137,30.510272,26010526.0,5.16,2642.932,0,0,0,0,1,0.0,0.0,0.0,0.0,2642.932,1,KUCUK_TICARETHANE
1035687777.0,39.78426632,30.46590119,26013544.0,5.195,43796.979,0,0,0,0,2,0.0,0.0,0.0,0.0,43796.979,2,ORTA_TICARETHANE
1035687937.0,39.79873806,30.48308181,26006125.0,5.1,11719.998,0,0,0,0,1,0.0,0.0,0.0,0.0,11719.998,1,ORTA_TICARETHANE
1035689826.0,39.77482668,30.48179041,26010905.0,5.01,105.681,0,0,0,0,1,0.0,0.0,0.0,0.0,105.681,1,KUCUK_TICARETHANE
1035690331.0,39.80356174,30.57299058,26009785.0,5.01,907.241,0,0,0,0,1,0.0,0.0,0.0,0.0,907.241,1,KUCUK_TICARETHANE
1035703824.0,39.81897961,30.44075844,26000812.0,16.008,177179.079,0,0,0,0,5,0.0,0.0,0.0,0.0,177179.079,5,ORTA_TICARETHANE
1035708780.0,39.78080949,30.45783283,26005121.0,5.01,12.784,0,0,0,0,1,0.0,0.0,0.0,0.0,12.784,1,KUCUK_TICARETHANE
1035709909.0,39.79908544,30.47512982,26006286.0,32.4,8534.85,0,0,0,0,1,0.0,0.0,0.0,0.0,8534.85,1,ORTA_TICARETHANE
1035712548.0,39.78543,30.45564583,26005973.0,7.279999999999999,8565.689,0,2,0,0,2,0.0,4874.4580000000005,0.0,0.0,3691.2309999999998,4,KUCUK_TICARETHANE
1035716879.0,39.79771352,30.51404838,26010517.0,5.01,6029.197,0,0,0,0,1,0.0,0.0,0.0,0.0,6029.197,1,KUCUK_TICARETHANE
1035719486.0,39.79855357,30.51493506,26010517.0,5.01,6901.941,0,0,0,0,1,0.0,0.0,0.0,0.0,6901.941,1,KUCUK_TICARETHANE
1035722617.0,39.80159352,30.51410842,26010518.0,5.01,937.733,0,0,0,0,1,0.0,0.0,0.0,0.0,937.733,1,KUCUK_TICARETHANE
1035723027.0,39.79122575,30.46352037,26010448.0,5.1,4135.255,0,0,0,0,1,0.0,0.0,0.0,0.0,4135.255,1,KUCUK_TICARETHANE
1035724275.0,39.78418759,30.50023601,26001944.0,33.729285714285716,887617.652,0,0,0,0,14,0.0,0.0,0.0,0.0,887617.652,14,ORTA_TICARETHANE
1035724841.0,39.78338236,30.44901182,26006212.0,5.01,4155.092,0,0,0,0,1,0.0,0.0,0.0,0.0,4155.092,1,KUCUK_TICARETHANE
1035727225.0,39.7921731,30.53719749,,5.01,413.151,0,0,0,0,1,0.0,0.0,0.0,0.0,413.151,1,KUCUK_TICARETHANE
1035727894.0,39.79247564,30.54760539,26005690.0,5.01,4956.721,0,0,0,0,1,0.0,0.0,0.0,0.0,4956.721,1,KUCUK_TICARETHANE
1035728068.0,39.79228905,30.61192243,26002302.0,480.0,961339.74,0,0,0,0,1,0.0,0.0,0.0,0.0,961339.74,1,BUYUK_TICARETHANE
1035728429.0,39.7762349,30.45403218,26010836.0,5.1,5272.132,0,0,0,0,1,0.0,0.0,0.0,0.0,5272.132,1,KUCUK_TICARETHANE
1035729318.0,39.86289894,30.39911555,26012577.0,30.0,97818.12,0,0,0,0,1,0.0,0.0,0.0,0.0,97818.12,1,ORTA_TICARETHANE
1035733175.0,39.78587673,30.45772615,26005973.0,5.01,2113.217,0,0,0,0,1,0.0,0.0,0.0,0.0,2113.217,1,KUCUK_TICARETHANE
1035734655.0,39.78948766,30.53652253,26005927.0,5.34,5373.268,0,0,0,0,1,0.0,0.0,0.0,0.0,5373.268,1,KUCUK_TICARETHANE
1035737540.0,39.78748542,30.44574897,26005122.0,5.01,6600.808,0,0,0,0,1,0.0,0.0,0.0,0.0,6600.808,1,KUCUK_TICARETHANE
1035745112.0,39.800029,30.562904,26005233.0,5.01,1731.85,0,0,0,1,0,0.0,0.0,0.0,1731.85,0.0,0,TARIMSAL_SULAMA
1035746151.0,39.802912,30.47189417,26010193.0,5.01,2557.169,0,0,0,1,0,0.0,0.0,0.0,2557.169,0.0,0,TARIMSAL_SULAMA
1035746893.0,39.7953805,30.49036802,26005899.0,5.01,2171.279,0,0,0,0,1,0.0,0.0,0.0,0.0,2171.279,1,KUCUK_TICARETHANE
1035747181.0,39.81187022,30.4375177,26013641.0,5.01,33917.721,1,0,0,0,0,33917.721,0.0,0.0,0.0,0.0,0,AYDINLATMA
1035747449.0,39.77535993,30.53099003,26005713.0,5.01,616.721,0,0,0,0,1,0.0,0.0,0.0,0.0,616.721,1,KUCUK_TICARETHANE
1035749528.0,,,,5.01,4049.31,0,0,0,0,1,0.0,0.0,0.0,0.0,4049.31,1,KUCUK_TICARETHANE
1035750062.0,39.79728055,30.45910589,26013635.0,5.01,37660.896,1,0,0,0,0,37660.896,0.0,0.0,0.0,0.0,0,AYDINLATMA
1035751663.0,39.80362042,30.44371248,26013639.0,5.01,24706.658,1,0,0,0,0,24706.658,0.0,0.0,0.0,0.0,0,AYDINLATMA
1035753865.0,39.79421398,30.50928923,26010525.0,5.04,2384.177,0,0,0,0,1,0.0,0.0,0.0,0.0,2384.177,1,KUCUK_TICARETHANE
1035753955.0,39.78498958,30.53239071,26013563.0,5.01,3106.926,0,0,0,0,1,0.0,0.0,0.0,0.0,3106.926,1,KUCUK_TICARETHANE
1035754136.0,39.80215773,30.45127012,26013637.0,5.01,77924.817,1,0,0,0,0,77924.817,0.0,0.0,0.0,0.0,0,AYDINLATMA
1035754592.0,39.78513786,30.52194251,26006026.0,5.01,1110.857,0,0,0,0,1,0.0,0.0,0.0,0.0,1110.857,1,KUCUK_TICARETHANE
1035754597.0,39.79589172,30.47470769,26006044.0,5.01,1137.193,0,0,0,0,1,0.0,0.0,0.0,0.0,1137.193,1,KUCUK_TICARETHANE
1035754604.0,39.7882867,30.53546161,26005927.0,5.01,2783.215,0,0,0,0,1,0.0,0.0,0.0,0.0,2783.215,1,KUCUK_TICARETHANE
1035754662.0,39.78516009,30.48255864,26006000.0,5.01,1133.595,0,0,0,0,1,0.0,0.0,0.0,0.0,1133.595,1,KUCUK_TICARETHANE
1035767099.0,39.7872016,30.47311146,26013551.0,5.01,3328.091,0,0,0,0,1,0.0,0.0,0.0,0.0,3328.091,1,KUCUK_TICARETHANE
1035772139.0,39.77935895,30.45815179,26010136.0,5.01,340.477,0,0,0,0,1,0.0,0.0,0.0,0.0,340.477,1,KUCUK_TICARETHANE
1035775995.0,39.7711718,30.47165814,26010914.0,5.01,1374.329,0,0,0,0,1,0.0,0.0,0.0,0.0,1374.329,1,KUCUK_TICARETHANE
1035776226.0,39.7782346,30.47262824,26010847.0,5.01,182.569,0,0,0,0,1,0.0,0.0,0.0,0.0,182.569,1,KUCUK_TICARETHANE
1035780587.0,39.81914154,30.44143441,26000812.0,5.01,1002.453,0,0,0,0,1,0.0,0.0,0.0,0.0,1002.453,1,KUCUK_TICARETHANE
1035780866.0,39.792362,30.554435,26005223.0,5.1,656.069,0,0,0,0,1,0.0,0.0,0.0,0.0,656.069,1,KUCUK_TICARETHANE
1035782614.0,39.78112344,30.45114626,26010835.0,5.638,2830.0249999999996,0,3,0,0,2,0.0,1889.17,0.0,0.0,940.855,5,KUCUK_TICARETHANE
1035782634.0,39.79621878,30.51291105,26010524.0,5.01,6822.836,0,0,0,0,1,0.0,0.0,0.0,0.0,6822.836,1,KUCUK_TICARETHANE
1035784281.0,39.79949272,30.46524151,26013558.0,5.01,7234.617,0,0,0,0,1,0.0,0.0,0.0,0.0,7234.617,1,KUCUK_TICARETHANE
1035784919.0,39.83064536,30.50703408,26006466.0,5.01,1444.134,0,0,0,1,0,0.0,0.0,0.0,1444.134,0.0,0,TARIMSAL_SULAMA
1035787148.0,39.79212206,30.47800068,26006203.0,5.01,8726.198,0,0,0,0,1,0.0,0.0,0.0,0.0,8726.198,1,KUCUK_TICARETHANE
1035787159.0,39.79578822,30.51133978,26010524.0,5.01,7017.72,0,0,0,0,1,0.0,0.0,0.0,0.0,7017.72,1,KUCUK_TICARETHANE
1035787283.0,39.79357123,30.51784701,26010288.0,5.01,5394.08,0,0,0,0,1,0.0,0.0,0.0,0.0,5394.08,1,KUCUK_TICARETHANE
1035787906.0,39.79449166,30.53289223,26013570.0,5.01,211.593,0,0,0,0,1,0.0,0.0,0.0,0.0,211.593,1,KUCUK_TICARETHANE
1035799492.0,39.79366805,30.52686305,26013568.0,5.01,113.305,0,0,0,0,1,0.0,0.0,0.0,0.0,113.305,1,KUCUK_TICARETHANE
1035799598.0,39.80278541,30.50742536,26010529.0,5.01,6846.718,0,0,0,0,2,0.0,0.0,0.0,0.0,6846.718,2,KUCUK_TICARETHANE
1035801154.0,39.77982679,30.49936039,26000798.0,5.01,19856.868,0,0,0,0,1,0.0,0.0,0.0,0.0,19856.868,1,ORTA_TICARETHANE
1035801364.0,39.77748632,30.48763393,26012637.0,600.0,438099.48,0,0,0,0,1,0.0,0.0,0.0,0.0,438099.48,1,BUYUK_TICARETHANE
1035808321.0,39.77910986,30.52803479,26006400.0,5.01,8723.625,0,0,0,0,1,0.0,0.0,0.0,0.0,8723.625,1,KUCUK_TICARETHANE
1035824289.0,39.85239193,30.4949896,26012656.0,150.0,5765.04,0,0,0,0,1,0.0,0.0,0.0,0.0,5765.04,1,ORTA_TICARETHANE
1035825835.0,39.77977726,30.46492568,26010841.0,5.01,6501.125,0,0,0,0,1,0.0,0.0,0.0,0.0,6501.125,1,KUCUK_TICARETHANE
1035826283.0,39.79696402,30.49990972,26010533.0,5.1,1566.411,0,0,0,0,1,0.0,0.0,0.0,0.0,1566.411,1,KUCUK_TICARETHANE
1035830187.0,39.77755101,30.52561539,26006473.0,5.01,440.291,0,0,0,0,1,0.0,0.0,0.0,0.0,440.291,1,KUCUK_TICARETHANE
1035830618.0,39.78650368,30.5139536,26010675.0,5.28,11893.769,0,0,0,0,1,0.0,0.0,0.0,0.0,11893.769,1,ORTA_TICARETHANE
1035832344.0,39.79170618,30.46028648,26010445.0,5.01,2217.523,0,0,0,0,1,0.0,0.0,0.0,0.0,2217.523,1,KUCUK_TICARETHANE
1035832380.0,39.79586945,30.492646,26010542.0,5.01,3751.418,0,0,0,0,1,0.0,0.0,0.0,0.0,3751.418,1,KUCUK_TICARETHANE
1035833262.0,39.82538099,30.4969945,26005229.0,5.01,2668.734,0,0,0,1,0,0.0,0.0,0.0,2668.734,0.0,0,TARIMSAL_SULAMA
1035839480.0,39.79242617,30.49107572,26006361.0,5.01,2669.714,0,0,0,0,1,0.0,0.0,0.0,0.0,2669.714,1,KUCUK_TICARETHANE
1035841134.0,39.798075,30.516614,26010516.0,5.1,4571.934,0,0,0,0,1,0.0,0.0,0.0,0.0,4571.934,1,KUCUK_TICARETHANE
1035844097.0,39.78207076,30.44876053,26010835.0,5.01,5409.527,0,0,0,0,1,0.0,0.0,0.0,0.0,5409.527,1,KUCUK_TICARETHANE
1035845349.0,39.78162641,30.46838609,26013543.0,18.915,12282.971000000001,0,0,0,0,2,0.0,0.0,0.0,0.0,12282.971000000001,2,ORTA_TICARETHANE
1035845797.0,39.795494,30.471799,26006123.0,5.28,82.176,0,0,0,0,1,0.0,0.0,0.0,0.0,82.176,1,KUCUK_TICARETHANE
1035848691.0,39.790062,30.478723,26005994.0,117.92,53973.54,0,0,0,0,1,0.0,0.0,0.0,0.0,53973.54,1,ORTA_TICARETHANE
1035850632.0,39.786774,30.535002,26005686.0,5.1,1181.378,0,0,0,0,1,0.0,0.0,0.0,0.0,1181.378,1,KUCUK_TICARETHANE
1035851469.0,39.79896343,30.47832884,26006286.0,5.01,9968.676,0,0,0,0,1,0.0,0.0,0.0,0.0,9968.676,1,KUCUK_TICARETHANE
1035851475.0,39.78168504,30.52820801,26005928.0,5.01,3314.058,0,0,0,0,1,0.0,0.0,0.0,0.0,3314.058,1,KUCUK_TICARETHANE
1035851582.0,39.76905439,30.46946358,26010914.0,5.28,4504.129,0,0,0,0,1,0.0,0.0,0.0,0.0,4504.129,1,KUCUK_TICARETHANE
1035851600.0,39.78412,30.456182,26005973.0,5.1,3370.72,0,0,0,0,1,0.0,0.0,0.0,0.0,3370.72,1,KUCUK_TICARETHANE
1035853414.0,39.83110822,30.49980678,26006451.0,5.01,165.482,0,0,0,0,1,0.0,0.0,0.0,0.0,165.482,1,KUCUK_TICARETHANE
1035853782.0,39.78607148,30.44578609,26010826.0,5.01,1253.529,0,0,0,0,1,0.0,0.0,0.0,0.0,1253.529,1,KUCUK_TICARETHANE
1035855986.0,39.803477,30.517716,26010515.0,5.01,2369.489,0,0,0,0,1,0.0,0.0,0.0,0.0,2369.489,1,KUCUK_TICARETHANE
1035856127.0,39.78404764,30.4539165,26005973.0,5.01,1155.149,0,0,0,0,1,0.0,0.0,0.0,0.0,1155.149,1,KUCUK_TICARETHANE
1035856511.0,39.792279,30.56383,26006164.0,5.01,92.49,0,0,0,0,1,0.0,0.0,0.0,0.0,92.49,1,KUCUK_TICARETHANE
1035857951.0,,,,5.01,6736.984,0,0,0,0,1,0.0,0.0,0.0,0.0,6736.984,1,KUCUK_TICARETHANE
1035858116.0,39.795728,30.528863,26013571.0,5.1,8265.998,0,0,0,0,1,0.0,0.0,0.0,0.0,8265.998,1,KUCUK_TICARETHANE
1035858647.0,39.78222802,30.4468653,26010827.0,5.01,997.623,0,0,0,0,1,0.0,0.0,0.0,0.0,997.623,1,KUCUK_TICARETHANE
1035860955.0,39.802366,30.569707,26005234.0,5.01,601.905,0,0,0,0,1,0.0,0.0,0.0,0.0,601.905,1,KUCUK_TICARETHANE
1035860961.0,39.7937184,30.4860797,26005901.0,5.685555555555556,57701.217000000004,0,6,0,0,3,0.0,9615.198,0.0,0.0,48086.019,9,ORTA_TICARETHANE
1035861484.0,39.80147101,30.50908204,26010521.0,5.01,9247.635,0,0,0,0,1,0.0,0.0,0.0,0.0,9247.635,1,KUCUK_TICARETHANE
1035861613.0,39.783342,30.454851,26005973.0,5.1,2052.164,0,0,0,0,1,0.0,0.0,0.0,0.0,2052.164,1,KUCUK_TICARETHANE
1035864911.0,39.785699,30.460794,26005904.0,5.1,9671.512,0,0,0,0,1,0.0,0.0,0.0,0.0,9671.512,1,KUCUK_TICARETHANE
1035871624.0,39.797474,30.48477,26005687.0,5.1,6913.33,0,0,0,0,1,0.0,0.0,0.0,0.0,6913.33,1,KUCUK_TICARETHANE
1035873597.0,39.80226722,30.60990511,26003675.0,5.01,943.949,0,0,0,0,1,0.0,0.0,0.0,0.0,943.949,1,KUCUK_TICARETHANE
1035873833.0,39.77508403,30.46158377,26010842.0,5.01,1053.978,0,0,0,0,1,0.0,0.0,0.0,0.0,1053.978,1,KUCUK_TICARETHANE
1035874108.0,39.79097763,30.48251244,26010072.0,5.28,3560.831,0,0,0,0,1,0.0,0.0,0.0,0.0,3560.831,1,KUCUK_TICARETHANE
1035874182.0,39.79143617,30.54906786,26005223.0,5.01,2211.685,0,0,0,0,1,0.0,0.0,0.0,0.0,2211.685,1,KUCUK_TICARETHANE
1035875162.0,39.79568384,30.48750174,26005901.0,5.01,2222.965,0,0,0,0,1,0.0,0.0,0.0,0.0,2222.965,1,KUCUK_TICARETHANE
1035876117.0,39.78080101,30.48985467,26006140.0,5.01,8666.811,0,0,0,0,1,0.0,0.0,0.0,0.0,8666.811,1,KUCUK_TICARETHANE
1035876249.0,39.77518344,30.45343339,26010836.0,5.01,4524.021,0,0,0,0,1,0.0,0.0,0.0,0.0,4524.021,1,KUCUK_TICARETHANE
1035876552.0,39.76499254,30.46895358,26010916.0,5.01,161.845,0,0,0,0,1,0.0,0.0,0.0,0.0,161.845,1,KUCUK_TICARETHANE
1035876608.0,39.76001301,30.46136398,26010890.0,5.01,154.178,0,0,0,0,1,0.0,0.0,0.0,0.0,154.178,1,KUCUK_TICARETHANE
1035877223.0,39.76108649,30.46152043,26010890.0,5.01,4332.765,0,0,0,0,1,0.0,0.0,0.0,0.0,4332.765,1,KUCUK_TICARETHANE
1035877654.0,39.76881354,30.46873217,26010914.0,5.01,3379.44,0,0,0,0,1,0.0,0.0,0.0,0.0,3379.44,1,KUCUK_TICARETHANE
1035878146.0,39.798223,30.521829,26010516.0,5.01,59661.177,0,0,0,0,1,0.0,0.0,0.0,0.0,59661.177,1,ORTA_TICARETHANE
1035878175.0,39.79919689,30.50486566,26010528.0,5.01,533.891,0,0,0,0,1,0.0,0.0,0.0,0.0,533.891,1,KUCUK_TICARETHANE
1035878223.0,39.79595385,30.52760601,26013571.0,5.01,11967.404,0,0,0,0,2,0.0,0.0,0.0,0.0,11967.404,2,ORTA_TICARETHANE
1035878445.0,39.79044892,30.55074536,26005223.0,5.1,88.997,0,0,0,0,1,0.0,0.0,0.0,0.0,88.997,1,KUCUK_TICARETHANE
1035878941.0,39.78014077,30.45562454,26005121.0,5.01,1860.1,0,0,0,0,1,0.0,0.0,0.0,0.0,1860.1,1,KUCUK_TICARETHANE
1035879274.0,39.845323,30.489567,26005650.0,5.01,592.405,0,0,0,0,1,0.0,0.0,0.0,0.0,592.405,1,KUCUK_TICARETHANE
1035880571.0,39.78106077,30.46200201,26010101.0,5.01,3096.377,0,0,0,0,1,0.0,0.0,0.0,0.0,3096.377,1,KUCUK_TICARETHANE
1035880686.0,39.78736126,30.43860367,26010824.0,5.01,9322.876,0,0,0,0,1,0.0,0.0,0.0,0.0,9322.876,1,KUCUK_TICARETHANE
1035884177.0,39.77647,30.452158,26010834.0,5.1,3768.445,0,0,0,0,1,0.0,0.0,0.0,0.0,3768.445,1,KUCUK_TICARETHANE
1035884477.0,39.80773665,30.54724896,26002734.0,5.01,1118.876,0,0,0,0,1,0.0,0.0,0.0,0.0,1118.876,1,KUCUK_TICARETHANE
1035884573.0,39.80468076,30.54364878,26002734.0,5.01,53.777,0,0,0,0,1,0.0,0.0,0.0,0.0,53.777,1,KUCUK_TICARETHANE
1035885816.0,39.79771927,30.50451881,26010532.0,5.01,531.599,0,0,0,0,1,0.0,0.0,0.0,0.0,531.599,1,KUCUK_TICARETHANE
1035885895.0,39.76516206,30.46591436,26010913.0,5.01,137.578,0,0,0,0,1,0.0,0.0,0.0,0.0,137.578,1,KUCUK_TICARETHANE
1035885900.0,39.7789017,30.46172265,26010840.0,5.01,5899.977,0,0,0,0,1,0.0,0.0,0.0,0.0,5899.977,1,KUCUK_TICARETHANE
1035885918.0,39.79031767,30.52163319,26005111.0,5.01,161.9,0,0,0,0,1,0.0,0.0,0.0,0.0,161.9,1,KUCUK_TICARETHANE
1035885919.0,39.78005336,30.46885662,26013543.0,6.56,5368.418,0,0,0,0,1,0.0,0.0,0.0,0.0,5368.418,1,KUCUK_TICARETHANE
1035890647.0,39.80356331,30.56095978,26005233.0,5.01,451.274,0,0,0,0,1,0.0,0.0,0.0,0.0,451.274,1,KUCUK_TICARETHANE
1035891733.0,39.78482438,30.44189067,26010824.0,5.01,5084.648,0,0,0,0,1,0.0,0.0,0.0,0.0,5084.648,1,KUCUK_TICARETHANE
1035894453.0,39.80256027,30.51215526,26010520.0,5.01,2405.634,0,0,0,0,1,0.0,0.0,0.0,0.0,2405.634,1,KUCUK_TICARETHANE
1035895801.0,39.791887,30.551246,26005223.0,5.1,156.012,0,0,0,0,1,0.0,0.0,0.0,0.0,156.012,1,KUCUK_TICARETHANE
1035895922.0,39.79943181,30.49096732,26005688.0,5.529999999999999,3387.855,0,1,0,0,1,0.0,420.842,0.0,0.0,2967.013,2,KUCUK_TICARETHANE
1035895927.0,39.79811177,30.48990502,26005688.0,5.01,493.29,0,0,0,0,1,0.0,0.0,0.0,0.0,493.29,1,KUCUK_TICARETHANE
1035898467.0,39.78723592,30.52850398,26013564.0,5.01,208.594,0,0,0,0,1,0.0,0.0,0.0,0.0,208.594,1,KUCUK_TICARETHANE
1035899523.0,39.77001156,30.47975588,26006342.0,5.01,2313.087,0,0,0,0,1,0.0,0.0,0.0,0.0,2313.087,1,KUCUK_TICARETHANE
1035899627.0,39.77607901,30.47206169,26010846.0,5.01,1642.978,0,0,0,0,1,0.0,0.0,0.0,0.0,1642.978,1,KUCUK_TICARETHANE
1035899632.0,39.78712348,30.54186142,26006467.0,5.01,5673.165,0,0,0,0,1,0.0,0.0,0.0,0.0,5673.165,1,KUCUK_TICARETHANE
1035899659.0,39.81062334,30.58812885,26005231.0,5.01,1065.574,0,0,0,1,0,0.0,0.0,0.0,1065.574,0.0,0,TARIMSAL_SULAMA
1035903120.0,39.76057772,30.45983049,26010891.0,5.01,1315.899,0,0,0,0,1,0.0,0.0,0.0,0.0,1315.899,1,KUCUK_TICARETHANE
1035905472.0,39.77007308,30.47025656,26010914.0,5.01,5746.977,0,0,0,0,1,0.0,0.0,0.0,0.0,5746.977,1,KUCUK_TICARETHANE
1035905510.0,39.802459,30.452711,26005256.0,5.1,6771.511,0,0,0,0,1,0.0,0.0,0.0,0.0,6771.511,1,KUCUK_TICARETHANE
1035906424.0,39.80054809,30.45875444,,5.01,7077.494,0,0,0,0,1,0.0,0.0,0.0,0.0,7077.494,1,KUCUK_TICARETHANE
1035910413.0,39.78645275,30.44327479,26005122.0,5.01,6707.767,0,0,0,0,1,0.0,0.0,0.0,0.0,6707.767,1,KUCUK_TICARETHANE
1035912719.0,39.80296683,30.51016356,26010520.0,5.01,3019.983,0,0,0,0,1,0.0,0.0,0.0,0.0,3019.983,1,KUCUK_TICARETHANE
1035912840.0,39.81550617,30.60196535,26013652.0,5.01,29828.088,0,0,0,1,0,0.0,0.0,0.0,29828.088,0.0,0,TARIMSAL_SULAMA
1035912849.0,39.81454986,30.59995708,26013652.0,5.01,16727.238,0,0,0,1,0,0.0,0.0,0.0,16727.238,0.0,0,TARIMSAL_SULAMA
1035912851.0,39.81552423,30.60397636,26013652.0,5.01,21602.017,0,0,0,1,0,0.0,0.0,0.0,21602.017,0.0,0,TARIMSAL_SULAMA
1035912868.0,39.7915804,30.5331169,26005872.0,5.01,15244.83,0,0,0,0,1,0.0,0.0,0.0,0.0,15244.83,1,ORTA_TICARETHANE
1035913090.0,39.79176042,30.54501019,26005440.0,5.01,2050.848,0,0,0,0,1,0.0,0.0,0.0,0.0,2050.848,1,KUCUK_TICARETHANE
1035913191.0,39.79599518,30.50931218,26010526.0,5.01,96.318,0,0,0,0,1,0.0,0.0,0.0,0.0,96.318,1,KUCUK_TICARETHANE
1035914208.0,39.80332304,30.57535622,26009785.0,5.01,4548.935,0,0,0,1,0,0.0,0.0,0.0,4548.935,0.0,0,TARIMSAL_SULAMA
1035915544.0,39.81338691,30.37836085,26000519.0,15.0,32799.469,0,0,0,0,1,0.0,0.0,0.0,0.0,32799.469,1,ORTA_TICARETHANE
1035916209.0,39.79769448,30.3366608,26012767.0,30.0,20009.24,0,0,0,0,1,0.0,0.0,0.0,0.0,20009.24,1,ORTA_TICARETHANE
1035917129.0,39.78420232,30.45557276,26005973.0,5.01,6412.092,0,0,0,0,1,0.0,0.0,0.0,0.0,6412.092,1,KUCUK_TICARETHANE
1035917722.0,39.81598605,30.37004732,26012776.0,600.0,221970.24,0,0,0,0,1,0.0,0.0,0.0,0.0,221970.24,1,BUYUK_TICARETHANE
1035917850.0,,,,5.5882,75259.089,0,1,0,0,49,0.0,25201.9,0.0,0.0,50057.189,50,ORTA_TICARETHANE
1035920312.0,39.77592756,30.46719278,26010843.0,5.01,7683.583,0,0,0,0,1,0.0,0.0,0.0,0.0,7683.583,1,KUCUK_TICARETHANE
1035920694.0,39.7868305,30.53675204,26005686.0,5.01,2336.926,0,0,0,0,1,0.0,0.0,0.0,0.0,2336.926,1,KUCUK_TICARETHANE
1035920981.0,,,,5.01,10280.725,0,0,0,0,1,0.0,0.0,0.0,0.0,10280.725,1,ORTA_TICARETHANE
1035921024.0,39.78949726,30.56550259,26006164.0,5.01,710.535,0,0,0,0,1,0.0,0.0,0.0,0.0,710.535,1,KUCUK_TICARETHANE
1035924215.0,39.7772971,30.46236335,26010840.0,5.1,3859.126,0,0,0,0,1,0.0,0.0,0.0,0.0,3859.126,1,KUCUK_TICARETHANE
1035924516.0,39.81736384,30.44179136,26000812.0,5.01,903.097,0,0,0,0,1,0.0,0.0,0.0,0.0,903.097,1,KUCUK_TICARETHANE
1035925196.0,39.7933,30.52272,26010154.0,5.1,9797.795,0,0,0,0,1,0.0,0.0,0.0,0.0,9797.795,1,KUCUK_TICARETHANE
1035925365.0,39.76457451,30.46822344,26010916.0,5.01,1791.027,0,0,0,0,1,0.0,0.0,0.0,0.0,1791.027,1,KUCUK_TICARETHANE
1035926449.0,39.7885702,30.51844074,26010680.0,5.01,3251.6,0,0,0,0,1,0.0,0.0,0.0,0.0,3251.6,1,KUCUK_TICARETHANE
1035927957.0,39.79458512,30.4850736,26005900.0,5.16,3193.555,0,0,0,0,1,0.0,0.0,0.0,0.0,3193.555,1,KUCUK_TICARETHANE
1035930849.0,39.793866,30.479534,26010385.0,5.1,3111.702,0,0,0,0,1,0.0,0.0,0.0,0.0,3111.702,1,KUCUK_TICARETHANE
1035930860.0,39.790649,30.5124,26010682.0,5.1,346.65,0,0,0,0,1,0.0,0.0,0.0,0.0,346.65,1,KUCUK_TICARETHANE
1035931414.0,39.78311094,30.50394477,26010548.0,5.01,1413.174,0,0,0,0,1,0.0,0.0,0.0,0.0,1413.174,1,KUCUK_TICARETHANE
1035932404.0,39.781011,30.471196,26010805.0,28.94,44252.36,0,0,0,0,1,0.0,0.0,0.0,0.0,44252.36,1,ORTA_TICARETHANE
1035932516.0,39.78145758,30.47156919,26010805.0,7.63,8145.65,0,0,0,0,1,0.0,0.0,0.0,0.0,8145.65,1,KUCUK_TICARETHANE
1035933383.0,39.79336911,30.44207432,26006227.0,8.64,10110.525,0,0,0,0,1,0.0,0.0,0.0,0.0,10110.525,1,ORTA_TICARETHANE
1035933587.0,39.79765309,30.49102269,26010542.0,5.01,4980.403,0,0,0,0,1,0.0,0.0,0.0,0.0,4980.403,1,KUCUK_TICARETHANE
1035933950.0,39.78402605,30.45472302,26005973.0,5.01,4995.217,0,0,0,0,1,0.0,0.0,0.0,0.0,4995.217,1,KUCUK_TICARETHANE
1035934383.0,39.81843396,30.49265865,26005126.0,5.01,1322.145,0,0,0,1,0,0.0,0.0,0.0,1322.145,0.0,0,TARIMSAL_SULAMA
1035934948.0,39.81772649,30.48874741,26005126.0,5.01,11.796,0,0,0,1,0,0.0,0.0,0.0,11.796,0.0,0,TARIMSAL_SULAMA
1035934985.0,39.78862978,30.52123913,26010590.0,5.01,8449.124,0,0,0,0,1,0.0,0.0,0.0,0.0,8449.124,1,KUCUK_TICARETHANE
1035935193.0,39.79942912,30.51319882,26010519.0,5.01,3016.948,0,0,0,0,1,0.0,0.0,0.0,0.0,3016.948,1,KUCUK_TICARETHANE
1035935274.0,39.79856,30.569129,26009784.0,5.01,2098.091,0,0,0,1,0,0.0,0.0,0.0,2098.091,0.0,0,TARIMSAL_SULAMA
1035935290.0,39.844588,30.490559,26005650.0,5.01,533.881,0,0,0,1,0,0.0,0.0,0.0,533.881,0.0,0,TARIMSAL_SULAMA
1035935435.0,39.85488574,30.47399162,26005650.0,5.01,612.396,0,0,0,0,1,0.0,0.0,0.0,0.0,612.396,1,KUCUK_TICARETHANE
1035935445.0,39.77193451,30.47378247,26010901.0,5.01,3130.436,0,0,0,0,1,0.0,0.0,0.0,0.0,3130.436,1,KUCUK_TICARETHANE
1035935535.0,,,,5.1,2318.447,0,0,0,0,1,0.0,0.0,0.0,0.0,2318.447,1,KUCUK_TICARETHANE
1035936514.0,39.7922783,30.48238289,26006047.0,5.01,141.519,0,0,0,0,1,0.0,0.0,0.0,0.0,141.519,1,KUCUK_TICARETHANE
1035938550.0,39.80208128,30.45318221,26013637.0,5.01,2907.854,0,0,0,0,1,0.0,0.0,0.0,0.0,2907.854,1,KUCUK_TICARETHANE
1035938778.0,39.79442226,30.50859175,26010526.0,5.01,4125.199,0,0,0,0,1,0.0,0.0,0.0,0.0,4125.199,1,KUCUK_TICARETHANE
1035940451.0,39.79716969,30.47695175,26006124.0,5.01,2411.267,0,0,0,0,1,0.0,0.0,0.0,0.0,2411.267,1,KUCUK_TICARETHANE
1035940972.0,39.806746,30.545947,26002734.0,5.01,77.189,0,0,0,0,1,0.0,0.0,0.0,0.0,77.189,1,KUCUK_TICARETHANE
1035941001.0,39.76101378,30.45742392,26010891.0,5.1,4088.55,0,0,0,0,1,0.0,0.0,0.0,0.0,4088.55,1,KUCUK_TICARETHANE
1035941908.0,39.78510015,30.52118268,26006026.0,5.01,852.483,0,0,0,0,1,0.0,0.0,0.0,0.0,852.483,1,KUCUK_TICARETHANE
1035942983.0,39.799027,30.491958,26010542.0,5.01,587.388,0,0,0,0,1,0.0,0.0,0.0,0.0,587.388,1,KUCUK_TICARETHANE
1035943719.0,39.78236076,30.52057659,26005722.0,5.01,1623.578,0,0,0,0,1,0.0,0.0,0.0,0.0,1623.578,1,KUCUK_TICARETHANE
1035944934.0,39.7840759,30.52905827,26013563.0,5.4,166.346,0,0,0,0,1,0.0,0.0,0.0,0.0,166.346,1,KUCUK_TICARETHANE
1035945941.0,39.80183348,30.59952272,26003675.0,5.01,325.424,0,0,0,0,1,0.0,0.0,0.0,0.0,325.424,1,KUCUK_TICARETHANE
1035957622.0,39.79094553,30.44424419,26009969.0,6.54,9815.398,0,0,0,0,1,0.0,0.0,0.0,0.0,9815.398,1,KUCUK_TICARETHANE
1035970614.0,,,,5.01,6577.243,0,0,0,0,1,0.0,0.0,0.0,0.0,6577.243,1,KUCUK_TICARETHANE
1035973183.0,39.77713912,30.45511761,26010836.0,5.01,978.361,0,0,0,0,1,0.0,0.0,0.0,0.0,978.361,1,KUCUK_TICARETHANE
1035973232.0,39.788929,30.458959,26005119.0,6.905714285714287,9185.861,0,4,0,0,3,0.0,3813.1310000000003,0.0,0.0,5372.73,7,KUCUK_TICARETHANE
1035974279.0,,,,5.01,2330.807,0,0,0,0,1,0.0,0.0,0.0,0.0,2330.807,1,KUCUK_TICARETHANE
1035974595.0,39.764442,30.464723,26010913.0,5.1,6503.524,0,0,0,0,1,0.0,0.0,0.0,0.0,6503.524,1,KUCUK_TICARETHANE
1035975283.0,39.78550454,30.462629,,5.01,6663.809,0,0,0,0,1,0.0,0.0,0.0,0.0,6663.809,1,KUCUK_TICARETHANE
1035975328.0,,,,5.01,5335.145,0,0,0,0,1,0.0,0.0,0.0,0.0,5335.145,1,KUCUK_TICARETHANE
1035975792.0,39.77969969,30.51643268,,5.01,8487.999,0,0,0,0,1,0.0,0.0,0.0,0.0,8487.999,1,KUCUK_TICARETHANE
1035975828.0,39.80006098,30.48443966,26006287.0,5.01,6952.472,0,0,0,0,1,0.0,0.0,0.0,0.0,6952.472,1,KUCUK_TICARETHANE
1035975896.0,39.83020412,30.50434453,26006466.0,5.01,14737.592,0,0,0,1,0,0.0,0.0,0.0,14737.592,0.0,0,TARIMSAL_SULAMA
1035976071.0,,,,5.01,955.963,0,0,0,0,1,0.0,0.0,0.0,0.0,955.963,1,KUCUK_TICARETHANE
1035976076.0,39.78100899,30.46271064,26010101.0,5.01,1888.018,0,0,0,0,1,0.0,0.0,0.0,0.0,1888.018,1,KUCUK_TICARETHANE
1035976718.0,39.79355562,30.50974906,,5.01,4395.981,0,0,0,0,1,0.0,0.0,0.0,0.0,4395.981,1,KUCUK_TICARETHANE
1035976837.0,39.79147068,30.4898157,26006361.0,5.28,7460.869,0,0,0,0,1,0.0,0.0,0.0,0.0,7460.869,1,KUCUK_TICARETHANE
1035977138.0,39.79454639,30.52766383,26013572.0,5.01,95.912,0,0,0,0,1,0.0,0.0,0.0,0.0,95.912,1,KUCUK_TICARETHANE
1035979211.0,39.781529,30.459417,26005903.0,5.1,365.555,0,0,0,0,1,0.0,0.0,0.0,0.0,365.555,1,KUCUK_TICARETHANE
1035980604.0,39.76411778,30.46640204,26010888.0,5.01,638.677,0,0,0,0,1,0.0,0.0,0.0,0.0,638.677,1,KUCUK_TICARETHANE
1035980936.0,39.7926419,30.48064318,26006047.0,5.28,187.636,0,0,0,0,1,0.0,0.0,0.0,0.0,187.636,1,KUCUK_TICARETHANE
1035980940.0,39.79933238,30.51153452,,5.01,4689.729,0,0,0,0,1,0.0,0.0,0.0,0.0,4689.729,1,KUCUK_TICARETHANE
1035981118.0,39.81230211,30.56981618,26005234.0,5.01,3134.905,0,0,0,1,0,0.0,0.0,0.0,3134.905,0.0,0,TARIMSAL_SULAMA
1035982270.0,39.81615063,30.49018412,26005126.0,5.01,304.277,0,0,0,1,0,0.0,0.0,0.0,304.277,0.0,0,TARIMSAL_SULAMA
1035986381.0,39.77575781,30.45985001,26010848.0,5.01,1239.759,0,0,0,0,1,0.0,0.0,0.0,0.0,1239.759,1,KUCUK_TICARETHANE
1035986458.0,39.798649,30.514861,26010517.0,5.1,6060.29,0,0,0,0,1,0.0,0.0,0.0,0.0,6060.29,1,KUCUK_TICARETHANE
1035991495.0,39.7984311,30.4579969,26013636.0,12.92,10359.63,0,0,0,0,1,0.0,0.0,0.0,0.0,10359.63,1,ORTA_TICARETHANE
1035991533.0,39.78969309,30.53653135,26005927.0,5.01,3199.421,0,0,0,0,1,0.0,0.0,0.0,0.0,3199.421,1,KUCUK_TICARETHANE
1035991544.0,39.781043,30.499014,26000798.0,17.82,5105.031,0,0,0,0,1,0.0,0.0,0.0,0.0,5105.031,1,ORTA_TICARETHANE
1035991651.0,39.802092,30.514691,26010518.0,5.1,5665.537,0,0,0,0,1,0.0,0.0,0.0,0.0,5665.537,1,KUCUK_TICARETHANE
1035991679.0,39.799772,30.512882,26010519.0,5.1,5032.364,0,0,0,0,1,0.0,0.0,0.0,0.0,5032.364,1,KUCUK_TICARETHANE
1035991890.0,39.76422598,30.46514883,26010888.0,5.4,1920.084,0,0,0,0,1,0.0,0.0,0.0,0.0,1920.084,1,KUCUK_TICARETHANE
1035992619.0,39.77689569,30.46390236,26010840.0,5.01,2586.767,0,0,0,0,1,0.0,0.0,0.0,0.0,2586.767,1,KUCUK_TICARETHANE
1035994551.0,39.792054,30.574621,26005236.0,5.01,693.435,0,0,0,0,1,0.0,0.0,0.0,0.0,693.435,1,KUCUK_TICARETHANE
1035996800.0,39.83562385,30.49689513,26010613.0,5.01,338.738,0,0,0,0,1,0.0,0.0,0.0,0.0,338.738,1,KUCUK_TICARETHANE
1035997023.0,39.79988952,30.46226681,26013558.0,5.01,4586.703,0,0,0,0,1,0.0,0.0,0.0,0.0,4586.703,1,KUCUK_TICARETHANE
1035997951.0,39.79895,30.479243,26006125.0,5.01,10820.212,0,0,0,0,1,0.0,0.0,0.0,0.0,10820.212,1,ORTA_TICARETHANE
1035997956.0,39.79918968,30.4925126,26010543.0,5.01,1567.09,0,0,0,0,1,0.0,0.0,0.0,0.0,1567.09,1,KUCUK_TICARETHANE
1035998242.0,39.77709242,30.47311396,26010847.0,5.01,6194.931,0,0,0,0,1,0.0,0.0,0.0,0.0,6194.931,1,KUCUK_TICARETHANE
1035998835.0,39.79591291,30.49271995,26010542.0,5.01,2883.591,0,0,0,0,1,0.0,0.0,0.0,0.0,2883.591,1,KUCUK_TICARETHANE
1035998841.0,39.77763108,30.44826342,26010832.0,5.01,9145.965,0,0,0,0,1,0.0,0.0,0.0,0.0,9145.965,1,KUCUK_TICARETHANE
1036007943.0,39.78139402,30.52200885,26005917.0,5.03,2518.367,0,0,0,0,1,0.0,0.0,0.0,0.0,2518.367,1,KUCUK_TICARETHANE
1036009681.0,39.79808647,30.48944041,26005688.0,5.1,1775.839,0,0,0,0,1,0.0,0.0,0.0,0.0,1775.839,1,KUCUK_TICARETHANE
1036011220.0,39.78602222,30.46595267,26010455.0,5.01,293.932,0,0,0,0,1,0.0,0.0,0.0,0.0,293.932,1,KUCUK_TICARETHANE
1036011887.0,,,,5.01,3898.651,0,0,0,0,1,0.0,0.0,0.0,0.0,3898.651,1,KUCUK_TICARETHANE
1036014189.0,39.79144,30.465485,26010448.0,5.1,427.717,0,0,0,0,1,0.0,0.0,0.0,0.0,427.717,1,KUCUK_TICARETHANE
1036015603.0,39.77120258,30.47121001,26010914.0,5.01,2162.381,0,0,0,0,1,0.0,0.0,0.0,0.0,2162.381,1,KUCUK_TICARETHANE
1036015617.0,39.77459365,30.45090347,26010834.0,5.01,2548.924,0,0,0,0,1,0.0,0.0,0.0,0.0,2548.924,1,KUCUK_TICARETHANE
1036016927.0,39.7833128,30.50012767,26000798.0,43.02,28273.725,0,0,0,0,1,0.0,0.0,0.0,0.0,28273.725,1,ORTA_TICARETHANE
1036016992.0,39.78172749,30.46247617,26005904.0,5.01,5511.717,0,0,0,0,1,0.0,0.0,0.0,0.0,5511.717,1,KUCUK_TICARETHANE
1036017001.0,39.77850709,30.47422078,,5.28,735.505,0,0,0,0,1,0.0,0.0,0.0,0.0,735.505,1,KUCUK_TICARETHANE
1036017835.0,39.77902158,30.52536833,26006079.0,5.01,5708.433,0,0,0,0,1,0.0,0.0,0.0,0.0,5708.433,1,KUCUK_TICARETHANE
1036018776.0,39.78283742,30.49258833,26005912.0,5.01,8956.544,0,0,0,0,1,0.0,0.0,0.0,0.0,8956.544,1,KUCUK_TICARETHANE
1036022703.0,39.79840445,30.51481151,26010517.0,5.01,13659.299,0,0,0,0,1,0.0,0.0,0.0,0.0,13659.299,1,ORTA_TICARETHANE
1036022761.0,39.82852342,30.50023699,26005229.0,5.01,5261.487,0,0,0,1,0,0.0,0.0,0.0,5261.487,0.0,0,TARIMSAL_SULAMA
1036023456.0,39.80630937,30.45491957,26005113.0,5.01,8106.063,0,0,0,0,1,0.0,0.0,0.0,0.0,8106.063,1,KUCUK_TICARETHANE
1036024087.0,39.79484007,30.52705317,26013572.0,5.01,4167.085,0,0,0,0,1,0.0,0.0,0.0,0.0,4167.085,1,KUCUK_TICARETHANE
1036024090.0,39.79927341,30.51007743,26010523.0,5.01,2056.17,0,0,0,0,1,0.0,0.0,0.0,0.0,2056.17,1,KUCUK_TICARETHANE
1036024376.0,39.769666,30.471506,26010914.0,5.01,379.942,0,0,0,0,1,0.0,0.0,0.0,0.0,379.942,1,KUCUK_TICARETHANE
1036026082.0,39.80196536,30.58129101,26009785.0,5.01,96.562,0,0,0,0,1,0.0,0.0,0.0,0.0,96.562,1,KUCUK_TICARETHANE
1036026569.0,39.76469387,30.47341073,26010902.0,5.01,13733.85,0,0,0,0,1,0.0,0.0,0.0,0.0,13733.85,1,ORTA_TICARETHANE
1036026582.0,39.79007586,30.46591302,26010449.0,5.01,14694.744,0,0,0,0,1,0.0,0.0,0.0,0.0,14694.744,1,ORTA_TICARETHANE
1036028156.0,39.8605613,30.63003209,26012919.0,240.0,109046.76,0,0,0,0,1,0.0,0.0,0.0,0.0,109046.76,1,ORTA_TICARETHANE
1036028184.0,39.78088975,30.45518268,26005121.0,5.01,6162.787,0,0,0,0,1,0.0,0.0,0.0,0.0,6162.787,1,KUCUK_TICARETHANE
1036028187.0,39.80274718,30.5694135,26005234.0,5.01,1468.147,0,0,0,0,1,0.0,0.0,0.0,0.0,1468.147,1,KUCUK_TICARETHANE
1036028189.0,39.7958323,30.48574653,26005900.0,5.1,4929.56,0,0,0,0,1,0.0,0.0,0.0,0.0,4929.56,1,KUCUK_TICARETHANE
1036029486.0,,,,5.01,4246.469,0,0,0,0,1,0.0,0.0,0.0,0.0,4246.469,1,KUCUK_TICARETHANE
1036029525.0,39.79285614,30.48249251,26006047.0,5.01,1577.0,0,0,0,0,1,0.0,0.0,0.0,0.0,1577.0,1,KUCUK_TICARETHANE
1036029544.0,39.79210772,30.47786365,26006203.0,5.01,9348.845,0,0,0,0,1,0.0,0.0,0.0,0.0,9348.845,1,KUCUK_TICARETHANE
1036029716.0,39.78284256,30.44950568,26006212.0,5.01,3419.629,0,0,0,0,1,0.0,0.0,0.0,0.0,3419.629,1,KUCUK_TICARETHANE
1036031011.0,39.79974074,30.46432227,26013558.0,5.01,7113.99,0,0,0,0,1,0.0,0.0,0.0,0.0,7113.99,1,KUCUK_TICARETHANE
1036033337.0,39.77112246,30.46647959,26010899.0,5.01,7245.338,0,0,0,0,1,0.0,0.0,0.0,0.0,7245.338,1,KUCUK_TICARETHANE
1036033339.0,39.79672286,30.51538491,26010516.0,5.01,4048.894,0,0,0,0,1,0.0,0.0,0.0,0.0,4048.894,1,KUCUK_TICARETHANE
1036033370.0,39.76675276,30.47009786,26010914.0,5.01,20.511,0,0,0,0,1,0.0,0.0,0.0,0.0,20.511,1,KUCUK_TICARETHANE
1036034562.0,39.791904,30.457741,26006410.0,5.01,4118.921,0,0,0,0,1,0.0,0.0,0.0,0.0,4118.921,1,KUCUK_TICARETHANE
1036034759.0,39.72385795,30.34243405,26012956.0,30.0,11233.54,0,0,0,1,0,0.0,0.0,0.0,11233.54,0.0,0,TARIMSAL_SULAMA
1036035245.0,39.78279589,30.4578258,26005972.0,5.01,109.079,0,0,0,0,1,0.0,0.0,0.0,0.0,109.079,1,KUCUK_TICARETHANE
1036036459.0,39.77942677,30.48814702,26006139.0,8.67,16763.794,0,0,0,0,1,0.0,0.0,0.0,0.0,16763.794,1,ORTA_TICARETHANE
1036037024.0,39.78489785,30.45567748,26005973.0,5.01,400.497,0,0,0,0,1,0.0,0.0,0.0,0.0,400.497,1,KUCUK_TICARETHANE
1036037045.0,39.79189214,30.45773164,26006410.0,5.01,3524.961,0,0,0,0,1,0.0,0.0,0.0,0.0,3524.961,1,KUCUK_TICARETHANE
1036037421.0,,,,5.01,5102.572,0,0,0,0,1,0.0,0.0,0.0,0.0,5102.572,1,KUCUK_TICARETHANE
1036037974.0,,,,5.01,582.11,0,0,0,0,1,0.0,0.0,0.0,0.0,582.11,1,KUCUK_TICARETHANE
1036038915.0,39.79851708,30.47922273,26006125.0,5.01,2643.516,0,0,0,0,1,0.0,0.0,0.0,0.0,2643.516,1,KUCUK_TICARETHANE
1036040231.0,39.777649,30.443066,26010830.0,5.1,7020.193,0,0,0,0,1,0.0,0.0,0.0,0.0,7020.193,1,KUCUK_TICARETHANE
1036041533.0,39.77897509,30.52154472,26005910.0,5.01,363.39,0,0,0,0,1,0.0,0.0,0.0,0.0,363.39,1,KUCUK_TICARETHANE
1036047069.0,39.805719,30.607646,26003675.0,5.01,1577.593,0,0,0,1,0,0.0,0.0,0.0,1577.593,0.0,0,TARIMSAL_SULAMA
1036049407.0,39.80106583,30.4550574,26005256.0,5.01,6164.135,0,0,0,0,1,0.0,0.0,0.0,0.0,6164.135,1,KUCUK_TICARETHANE
1036049796.0,39.78429342,30.49491904,26010566.0,60.0,52984.52,0,0,0,0,1,0.0,0.0,0.0,0.0,52984.52,1,ORTA_TICARETHANE
1036049937.0,39.79936953,30.4575102,26013636.0,5.01,240.03,0,0,0,0,1,0.0,0.0,0.0,0.0,240.03,1,KUCUK_TICARETHANE
1036049940.0,39.79955067,30.45725741,26013636.0,5.01,455.872,0,0,0,0,1,0.0,0.0,0.0,0.0,455.872,1,KUCUK_TICARETHANE
1036052435.0,39.77899781,30.47190852,26010847.0,5.01,2493.825,0,0,0,0,1,0.0,0.0,0.0,0.0,2493.825,1,KUCUK_TICARETHANE
1036053063.0,39.78770318,30.46712018,26010455.0,5.01,486.11,0,0,0,0,1,0.0,0.0,0.0,0.0,486.11,1,KUCUK_TICARETHANE
1036053154.0,39.75990121,30.45949457,26010891.0,5.01,2040.982,0,0,0,0,1,0.0,0.0,0.0,0.0,2040.982,1,KUCUK_TICARETHANE
1036056520.0,,,,5.01,3892.695,0,0,0,0,1,0.0,0.0,0.0,0.0,3892.695,1,KUCUK_TICARETHANE
1036058173.0,39.80165217,30.45423969,26005256.0,5.01,1124.695,0,0,0,0,1,0.0,0.0,0.0,0.0,1124.695,1,KUCUK_TICARETHANE
1036060701.0,39.79932817,30.48524385,26005687.0,5.01,3753.661,0,0,0,0,1,0.0,0.0,0.0,0.0,3753.661,1,KUCUK_TICARETHANE
1036062128.0,39.79143212,30.5293908,26013567.0,5.01,8319.618,0,0,0,0,1,0.0,0.0,0.0,0.0,8319.618,1,KUCUK_TICARETHANE
1036063805.0,39.78986736,30.46543615,26010449.0,5.01,4077.103,0,0,0,0,1,0.0,0.0,0.0,0.0,4077.103,1,KUCUK_TICARETHANE
1036063812.0,39.79062973,30.45642304,26005119.0,5.01,145.446,0,0,0,0,1,0.0,0.0,0.0,0.0,145.446,1,KUCUK_TICARETHANE
1036063884.0,39.80362412,30.57326825,26009785.0,5.01,14.395,0,0,0,0,1,0.0,0.0,0.0,0.0,14.395,1,KUCUK_TICARETHANE
1036066162.0,39.77090256,30.47898467,26006342.0,5.01,1723.019,0,0,0,0,1,0.0,0.0,0.0,0.0,1723.019,1,KUCUK_TICARETHANE
1036066276.0,,,,5.01,2459.699,0,0,0,0,1,0.0,0.0,0.0,0.0,2459.699,1,KUCUK_TICARETHANE
1036066604.0,39.8300693,30.49952616,26006451.0,5.01,644.535,0,0,0,0,1,0.0,0.0,0.0,0.0,644.535,1,KUCUK_TICARETHANE
1036069552.0,39.79605925,30.4802911,26006124.0,5.01,161.993,0,0,0,0,1,0.0,0.0,0.0,0.0,161.993,1,KUCUK_TICARETHANE
1036069555.0,39.7958881,30.47995938,26006124.0,5.01,377.082,0,0,0,0,1,0.0,0.0,0.0,0.0,377.082,1,KUCUK_TICARETHANE
1036073552.0,,,,5.01,2983.423,0,0,0,0,1,0.0,0.0,0.0,0.0,2983.423,1,KUCUK_TICARETHANE
1036073695.0,39.79536725,30.5277303,26013572.0,5.01,3590.981,0,0,0,0,1,0.0,0.0,0.0,0.0,3590.981,1,KUCUK_TICARETHANE
1036074048.0,39.77794017,30.45009469,26010835.0,5.01,71.658,0,0,0,0,1,0.0,0.0,0.0,0.0,71.658,1,KUCUK_TICARETHANE
1036076301.0,39.77877721,30.45775564,26010136.0,5.01,1575.304,0,0,0,0,1,0.0,0.0,0.0,0.0,1575.304,1,KUCUK_TICARETHANE
1036077207.0,39.79969588,30.464799,26013558.0,5.01,2522.353,0,0,0,0,1,0.0,0.0,0.0,0.0,2522.353,1,KUCUK_TICARETHANE
1036077743.0,39.80164227,30.46316306,26013558.0,5.01,3442.725,0,0,0,0,1,0.0,0.0,0.0,0.0,3442.725,1,KUCUK_TICARETHANE
1036078331.0,39.789299,30.484421,26005893.0,5.1,3246.922,0,0,0,0,1,0.0,0.0,0.0,0.0,3246.922,1,KUCUK_TICARETHANE
1036078596.0,39.782479,30.492747,26005912.0,5.1,1585.118,0,0,0,0,1,0.0,0.0,0.0,0.0,1585.118,1,KUCUK_TICARETHANE
1036079314.0,39.79627982,30.50974467,26010524.0,5.01,7524.129,0,0,0,0,1,0.0,0.0,0.0,0.0,7524.129,1,KUCUK_TICARETHANE
1036079330.0,39.79526564,30.52947759,26013571.0,5.01,5573.014,0,0,0,0,1,0.0,0.0,0.0,0.0,5573.014,1,KUCUK_TICARETHANE
1036079454.0,39.75970496,30.45421812,26010894.0,5.01,9.504,0,0,0,0,1,0.0,0.0,0.0,0.0,9.504,1,KUCUK_TICARETHANE
1036080074.0,39.79202338,30.47150017,26006045.0,5.01,2068.848,0,0,0,0,1,0.0,0.0,0.0,0.0,2068.848,1,KUCUK_TICARETHANE
1036080110.0,39.80010643,30.51288265,26010519.0,5.01,4834.054,0,0,0,0,1,0.0,0.0,0.0,0.0,4834.054,1,KUCUK_TICARETHANE
1036080125.0,39.78540409,30.535627,26005686.0,5.01,6981.172,0,0,0,0,1,0.0,0.0,0.0,0.0,6981.172,1,KUCUK_TICARETHANE
1036081893.0,39.77175417,30.47936901,26006342.0,5.01,646.786,0,0,0,0,1,0.0,0.0,0.0,0.0,646.786,1,KUCUK_TICARETHANE
1036081914.0,39.77742335,30.46222432,26010840.0,5.01,2441.627,0,0,0,0,1,0.0,0.0,0.0,0.0,2441.627,1,KUCUK_TICARETHANE
1036083118.0,39.76468386,30.46442035,26010913.0,5.01,1348.661,0,0,0,0,1,0.0,0.0,0.0,0.0,1348.661,1,KUCUK_TICARETHANE
1036083379.0,39.792934,30.44427,26005974.0,6.0,27703.214,0,0,0,0,1,0.0,0.0,0.0,0.0,27703.214,1,ORTA_TICARETHANE
1036084442.0,39.79587507,30.52575828,26013572.0,5.01,807.446,0,0,0,0,1,0.0,0.0,0.0,0.0,807.446,1,KUCUK_TICARETHANE
1036084447.0,39.78546529,30.53604423,26005686.0,5.01,4586.958,0,0,0,0,1,0.0,0.0,0.0,0.0,4586.958,1,KUCUK_TICARETHANE
1036090980.0,39.80254414,30.50794206,26010520.0,5.1,3703.006,0,0,0,0,1,0.0,0.0,0.0,0.0,3703.006,1,KUCUK_TICARETHANE
1036091023.0,39.800064,30.509838,,5.1,6423.814,0,0,0,0,1,0.0,0.0,0.0,0.0,6423.814,1,KUCUK_TICARETHANE
1036092548.0,39.796293,30.475088,26006044.0,5.1,1387.761,0,0,0,0,1,0.0,0.0,0.0,0.0,1387.761,1,KUCUK_TICARETHANE
1036092603.0,39.799169,30.512407,26010519.0,5.1,8410.672,0,0,0,0,1,0.0,0.0,0.0,0.0,8410.672,1,KUCUK_TICARETHANE
1036094396.0,39.78448527,30.44203117,26010825.0,5.01,587.837,0,0,0,0,1,0.0,0.0,0.0,0.0,587.837,1,KUCUK_TICARETHANE
1036095334.0,39.80047118,30.50839131,26010528.0,5.01,3340.932,0,0,0,0,1,0.0,0.0,0.0,0.0,3340.932,1,KUCUK_TICARETHANE
1036095364.0,39.79480082,30.53117096,26013570.0,5.01,2471.976,0,0,0,0,1,0.0,0.0,0.0,0.0,2471.976,1,KUCUK_TICARETHANE
1036096143.0,39.79492221,30.45402253,26010915.0,5.01,16986.486,0,0,0,0,1,0.0,0.0,0.0,0.0,16986.486,1,ORTA_TICARETHANE
1036098002.0,39.79523389,30.52189919,26010154.0,5.01,3625.992,0,0,0,0,1,0.0,0.0,0.0,0.0,3625.992,1,KUCUK_TICARETHANE
1036098127.0,39.81236125,30.44749418,26010370.0,5.01,1809.847,0,0,0,0,1,0.0,0.0,0.0,0.0,1809.847,1,KUCUK_TICARETHANE
1036099019.0,39.79195126,30.54734745,26005690.0,5.1,1134.386,0,0,0,0,1,0.0,0.0,0.0,0.0,1134.386,1,KUCUK_TICARETHANE
1036100309.0,39.77737309,30.4699156,26010846.0,5.01,868.037,0,0,0,0,1,0.0,0.0,0.0,0.0,868.037,1,KUCUK_TICARETHANE
1036102237.0,39.79653293,30.49325364,26010541.0,5.01,322.76,0,0,0,0,1,0.0,0.0,0.0,0.0,322.76,1,KUCUK_TICARETHANE
1036102356.0,39.79173352,30.52771484,26013568.0,5.01,3579.558,0,0,0,0,1,0.0,0.0,0.0,0.0,3579.558,1,KUCUK_TICARETHANE
1036104505.0,39.793084,30.521231,26010290.0,5.1,4915.971,0,0,0,0,1,0.0,0.0,0.0,0.0,4915.971,1,KUCUK_TICARETHANE
1036105855.0,39.79149913,30.53360285,26005872.0,5.01,2267.438,0,0,0,0,1,0.0,0.0,0.0,0.0,2267.438,1,KUCUK_TICARETHANE
1036105940.0,39.80404402,30.50857697,26010520.0,5.01,3496.295,0,0,0,0,1,0.0,0.0,0.0,0.0,3496.295,1,KUCUK_TICARETHANE
1036113789.0,,,,5.01,2354.794,0,0,0,0,1,0.0,0.0,0.0,0.0,2354.794,1,KUCUK_TICARETHANE
1036115500.0,39.77646335,30.45224247,26010834.0,5.01,637.561,0,0,0,0,1,0.0,0.0,0.0,0.0,637.561,1,KUCUK_TICARETHANE
1036115531.0,39.80319013,30.45936658,26005255.0,8.76,8635.297,0,0,0,0,1,0.0,0.0,0.0,0.0,8635.297,1,KUCUK_TICARETHANE
1036119776.0,39.78459451,30.44489008,26005681.0,5.01,2163.243,0,0,0,0,1,0.0,0.0,0.0,0.0,2163.243,1,KUCUK_TICARETHANE
1036125319.0,39.7960898,30.53868358,26005693.0,5.01,349.163,0,0,0,0,1,0.0,0.0,0.0,0.0,349.163,1,KUCUK_TICARETHANE
1036125390.0,39.7796268,30.45503607,,5.01,5271.608,0,0,0,0,1,0.0,0.0,0.0,0.0,5271.608,1,KUCUK_TICARETHANE
1036127809.0,39.79885159,30.50631094,26010528.0,5.01,3868.932,0,0,0,0,1,0.0,0.0,0.0,0.0,3868.932,1,KUCUK_TICARETHANE
1036139499.0,,,,5.1,9080.581,0,0,0,0,1,0.0,0.0,0.0,0.0,9080.581,1,KUCUK_TICARETHANE
1036139505.0,39.771889,30.481349,26006342.0,5.1,1219.989,0,0,0,0,1,0.0,0.0,0.0,0.0,1219.989,1,KUCUK_TICARETHANE
1036139513.0,39.78391585,30.45150641,26005971.0,5.1,467.692,0,0,0,0,1,0.0,0.0,0.0,0.0,467.692,1,KUCUK_TICARETHANE
1036140047.0,39.79868347,30.48821901,26005688.0,5.01,441.376,0,0,0,0,1,0.0,0.0,0.0,0.0,441.376,1,KUCUK_TICARETHANE
1036142789.0,39.79853947,30.49148265,26010542.0,5.01,868.936,0,0,0,0,1,0.0,0.0,0.0,0.0,868.936,1,KUCUK_TICARETHANE
1036142985.0,39.78420077,30.51805967,26010761.0,5.01,2772.914,0,0,0,0,1,0.0,0.0,0.0,0.0,2772.914,1,KUCUK_TICARETHANE
1036143537.0,39.78597479,30.53498746,26005686.0,5.01,115.561,0,0,0,0,1,0.0,0.0,0.0,0.0,115.561,1,KUCUK_TICARETHANE
1036146018.0,39.79096242,30.53507159,26005872.0,5.01,2685.267,0,0,0,0,1,0.0,0.0,0.0,0.0,2685.267,1,KUCUK_TICARETHANE
1036146091.0,39.78604839,30.45845262,,5.01,1152.587,0,0,0,0,1,0.0,0.0,0.0,0.0,1152.587,1,KUCUK_TICARETHANE
1036146142.0,39.79942639,30.50534498,26010528.0,5.01,3303.754,0,0,0,0,1,0.0,0.0,0.0,0.0,3303.754,1,KUCUK_TICARETHANE
1036146154.0,39.79087564,30.5180959,26010290.0,5.01,1587.13,0,0,0,0,1,0.0,0.0,0.0,0.0,1587.13,1,KUCUK_TICARETHANE
1036146159.0,39.79130384,30.46173976,26010446.0,5.01,1187.739,0,0,0,0,1,0.0,0.0,0.0,0.0,1187.739,1,KUCUK_TICARETHANE
1036146278.0,39.78587963,30.52653489,26013573.0,5.01,1607.235,0,0,0,0,1,0.0,0.0,0.0,0.0,1607.235,1,KUCUK_TICARETHANE
1036147439.0,39.77926,30.452272,26010837.0,5.1,972.376,0,0,0,0,1,0.0,0.0,0.0,0.0,972.376,1,KUCUK_TICARETHANE
1036147922.0,39.778231,30.46263652,26010840.0,5.01,2013.724,0,0,0,0,1,0.0,0.0,0.0,0.0,2013.724,1,KUCUK_TICARETHANE
1036148068.0,39.79616,30.499096,26010534.0,5.1,150.097,0,0,0,0,1,0.0,0.0,0.0,0.0,150.097,1,KUCUK_TICARETHANE
1036148191.0,39.77707183,30.44441148,26010830.0,5.01,4828.324,0,0,0,0,1,0.0,0.0,0.0,0.0,4828.324,1,KUCUK_TICARETHANE
1036149756.0,,,,5.01,1979.299,0,0,0,0,1,0.0,0.0,0.0,0.0,1979.299,1,KUCUK_TICARETHANE
1036149825.0,,,,5.1,731.334,0,0,0,0,1,0.0,0.0,0.0,0.0,731.334,1,KUCUK_TICARETHANE
1036149827.0,39.801156,30.482902,26006287.0,5.1,613.278,0,0,0,0,1,0.0,0.0,0.0,0.0,613.278,1,KUCUK_TICARETHANE
1036153008.0,39.79145782,30.48813058,26014892.0,5.01,765.603,0,0,0,0,1,0.0,0.0,0.0,0.0,765.603,1,KUCUK_TICARETHANE
1036156100.0,39.78073005,30.45621822,26005121.0,5.01,1203.24,0,0,0,0,1,0.0,0.0,0.0,0.0,1203.24,1,KUCUK_TICARETHANE
1036157101.0,39.800927,30.515501,26010518.0,5.1,3892.856,0,0,0,0,1,0.0,0.0,0.0,0.0,3892.856,1,KUCUK_TICARETHANE
1036158171.0,39.8155314,30.60202282,26013652.0,5.01,9790.032,0,0,0,1,0,0.0,0.0,0.0,9790.032,0.0,0,TARIMSAL_SULAMA
1036159707.0,39.7871219,30.51990834,26010679.0,5.01,289.996,0,0,0,0,1,0.0,0.0,0.0,0.0,289.996,1,KUCUK_TICARETHANE
1036159715.0,39.78011169,30.45821451,26005121.0,5.01,1244.266,0,0,0,0,1,0.0,0.0,0.0,0.0,1244.266,1,KUCUK_TICARETHANE
1036159727.0,39.801535,30.507367,26010529.0,5.1,5610.421,0,0,0,0,1,0.0,0.0,0.0,0.0,5610.421,1,KUCUK_TICARETHANE
1036160033.0,39.80045422,30.45279078,26013636.0,5.01,5083.766,0,0,0,0,1,0.0,0.0,0.0,0.0,5083.766,1,KUCUK_TICARETHANE
1036160041.0,39.77617026,30.44944599,26010832.0,5.01,757.092,0,0,0,0,1,0.0,0.0,0.0,0.0,757.092,1,KUCUK_TICARETHANE
1036160461.0,39.80055656,30.45259863,26013637.0,5.34,10574.72,0,0,0,0,1,0.0,0.0,0.0,0.0,10574.72,1,ORTA_TICARETHANE
1036161911.0,39.79471375,30.48417283,26005900.0,5.01,1445.699,0,0,0,0,1,0.0,0.0,0.0,0.0,1445.699,1,KUCUK_TICARETHANE
1036162448.0,39.768235,30.471393,26010914.0,5.1,9774.48,0,0,0,0,1,0.0,0.0,0.0,0.0,9774.48,1,KUCUK_TICARETHANE
1036162453.0,39.80503629,30.59795143,26003675.0,5.01,3692.698,0,0,0,1,0,0.0,0.0,0.0,3692.698,0.0,0,TARIMSAL_SULAMA
1036162886.0,39.79573278,30.47580829,26006044.0,5.01,2263.248,0,0,0,0,1,0.0,0.0,0.0,0.0,2263.248,1,KUCUK_TICARETHANE
1036163549.0,39.78041038,30.47060553,26010805.0,8.98,3362.153,0,0,0,0,1,0.0,0.0,0.0,0.0,3362.153,1,KUCUK_TICARETHANE
1036164651.0,,,,5.1,1492.681,0,0,0,0,1,0.0,0.0,0.0,0.0,1492.681,1,KUCUK_TICARETHANE
1036164672.0,,,,5.01,1749.636,0,0,0,0,1,0.0,0.0,0.0,0.0,1749.636,1,KUCUK_TICARETHANE
1036165482.0,39.78777286,30.52587444,26013565.0,5.01,3294.261,0,0,0,0,1,0.0,0.0,0.0,0.0,3294.261,1,KUCUK_TICARETHANE
1036166362.0,39.78038096,30.45019416,26010835.0,5.01,2709.936,0,0,0,0,1,0.0,0.0,0.0,0.0,2709.936,1,KUCUK_TICARETHANE
1036167875.0,39.7932546,30.48151704,26006047.0,5.01,2095.473,0,0,0,0,1,0.0,0.0,0.0,0.0,2095.473,1,KUCUK_TICARETHANE
1036169248.0,39.77786205,30.46755922,26010843.0,5.01,504.568,0,0,0,0,1,0.0,0.0,0.0,0.0,504.568,1,KUCUK_TICARETHANE
1036172967.0,39.78108734,30.47238836,26010805.0,9.39,890.165,0,0,0,0,1,0.0,0.0,0.0,0.0,890.165,1,KUCUK_TICARETHANE
1036173208.0,39.80029289,30.51089339,26010521.0,5.01,5815.949,0,0,0,0,1,0.0,0.0,0.0,0.0,5815.949,1,KUCUK_TICARETHANE
1036173898.0,39.768222,30.469134,26010914.0,5.1,4913.736,0,0,0,0,1,0.0,0.0,0.0,0.0,4913.736,1,KUCUK_TICARETHANE
1036173909.0,39.791448,30.542524,26005443.0,5.1,276.017,0,0,0,0,1,0.0,0.0,0.0,0.0,276.017,1,KUCUK_TICARETHANE
1036175743.0,39.77356333,30.47222334,,5.01,1613.365,0,0,0,0,1,0.0,0.0,0.0,0.0,1613.365,1,KUCUK_TICARETHANE
1036175832.0,39.77511648,30.45291782,26010836.0,2.8499999999999996,1536.982,0,0,0,0,2,0.0,0.0,0.0,0.0,1536.982,2,KUCUK_TICARETHANE
1036179101.0,39.79751307,30.5118817,26010522.0,5.01,524.076,0,0,0,0,1,0.0,0.0,0.0,0.0,524.076,1,KUCUK_TICARETHANE
1036179190.0,39.79776022,30.46923154,26006187.0,5.01,6166.719,0,0,0,0,1,0.0,0.0,0.0,0.0,6166.719,1,KUCUK_TICARETHANE
1036181788.0,39.79272804,30.52773658,26013568.0,5.1,2633.213,0,0,0,0,1,0.0,0.0,0.0,0.0,2633.213,1,KUCUK_TICARETHANE
1036182326.0,39.79677185,30.50009719,26010533.0,5.01,1021.682,0,0,0,0,1,0.0,0.0,0.0,0.0,1021.682,1,KUCUK_TICARETHANE
1036188736.0,39.78171141,30.45148419,26005971.0,5.01,553.31,0,0,0,0,1,0.0,0.0,0.0,0.0,553.31,1,KUCUK_TICARETHANE
1036191137.0,39.79011205,30.5452377,26005222.0,5.01,305.62,0,0,0,0,1,0.0,0.0,0.0,0.0,305.62,1,KUCUK_TICARETHANE
1036193196.0,39.78398948,30.47528272,26013550.0,5.01,5417.185,0,0,0,0,1,0.0,0.0,0.0,0.0,5417.185,1,KUCUK_TICARETHANE
1036193395.0,39.78054162,30.46869051,26013543.0,5.01,7282.674,0,0,0,0,1,0.0,0.0,0.0,0.0,7282.674,1,KUCUK_TICARETHANE
1036193628.0,39.7842596,30.53048389,26013563.0,5.01,3976.472,0,0,0,0,1,0.0,0.0,0.0,0.0,3976.472,1,KUCUK_TICARETHANE
1036193852.0,39.782013,30.458106,26005903.0,5.1,1887.453,0,0,0,0,1,0.0,0.0,0.0,0.0,1887.453,1,KUCUK_TICARETHANE
1036195509.0,39.79203391,30.4366209,26010831.0,5.01,8371.104,0,0,0,0,1,0.0,0.0,0.0,0.0,8371.104,1,KUCUK_TICARETHANE
1036195848.0,39.791799,30.54509,26005440.0,5.1,1143.219,0,0,0,0,1,0.0,0.0,0.0,0.0,1143.219,1,KUCUK_TICARETHANE
1036199816.0,39.78996482,30.51986722,26010590.0,5.01,1513.571,0,0,0,0,1,0.0,0.0,0.0,0.0,1513.571,1,KUCUK_TICARETHANE
1036202113.0,39.78338166,30.45393813,26005973.0,5.01,2221.089,0,0,0,0,1,0.0,0.0,0.0,0.0,2221.089,1,KUCUK_TICARETHANE
1036202124.0,39.79140942,30.53779051,26005230.0,5.01,2083.357,0,0,0,0,1,0.0,0.0,0.0,0.0,2083.357,1,KUCUK_TICARETHANE
1036202350.0,,,,5.01,3884.285,0,0,0,0,1,0.0,0.0,0.0,0.0,3884.285,1,KUCUK_TICARETHANE
1036202589.0,39.77643999,30.44947725,26010832.0,5.01,4914.852,0,0,0,0,1,0.0,0.0,0.0,0.0,4914.852,1,KUCUK_TICARETHANE
1036203063.0,39.79818144,30.51560805,26010517.0,5.01,5433.272,0,0,0,0,1,0.0,0.0,0.0,0.0,5433.272,1,KUCUK_TICARETHANE
1036208291.0,39.78527956,30.53545095,26005686.0,5.01,1060.706,0,0,0,0,1,0.0,0.0,0.0,0.0,1060.706,1,KUCUK_TICARETHANE
1036211807.0,39.791532,30.550614,26005223.0,5.1,426.466,0,0,0,0,1,0.0,0.0,0.0,0.0,426.466,1,KUCUK_TICARETHANE
1036212314.0,39.774974,30.454345,26010839.0,5.1,1051.678,0,0,0,0,1,0.0,0.0,0.0,0.0,1051.678,1,KUCUK_TICARETHANE
1036212401.0,39.772896,30.47077501,26010900.0,5.1,324.039,0,0,0,0,1,0.0,0.0,0.0,0.0,324.039,1,KUCUK_TICARETHANE
1036212963.0,39.78670836,30.47512123,26013549.0,5.01,68214.654,0,0,0,0,1,0.0,0.0,0.0,0.0,68214.654,1,ORTA_TICARETHANE
1036214682.0,39.77735836,30.4492205,,5.01,1446.065,0,0,0,0,1,0.0,0.0,0.0,0.0,1446.065,1,KUCUK_TICARETHANE
1036215530.0,39.8020661,30.51089302,26010520.0,5.01,2228.38,0,0,0,0,1,0.0,0.0,0.0,0.0,2228.38,1,KUCUK_TICARETHANE
1036218553.0,39.76905433,30.4719191,26010914.0,5.28,1071.983,0,0,0,0,1,0.0,0.0,0.0,0.0,1071.983,1,KUCUK_TICARETHANE
1036219501.0,39.7933219,30.48715636,26005901.0,5.01,1300.093,0,0,0,0,1,0.0,0.0,0.0,0.0,1300.093,1,KUCUK_TICARETHANE
1036221110.0,39.793685,30.513986,26010569.0,10.4575,344856.386,0,8,0,0,4,0.0,5051.794,0.0,0.0,339804.592,12,ORTA_TICARETHANE
1036228965.0,39.796034,30.509914,26010524.0,5.1,4395.228,0,0,0,0,1,0.0,0.0,0.0,0.0,4395.228,1,KUCUK_TICARETHANE
1036229581.0,39.83116122,30.50015341,26006451.0,5.01,244.25,0,0,0,0,1,0.0,0.0,0.0,0.0,244.25,1,KUCUK_TICARETHANE
1036230345.0,39.77773043,30.45776171,26010136.0,5.01,356.948,0,0,0,0,1,0.0,0.0,0.0,0.0,356.948,1,KUCUK_TICARETHANE
1036230556.0,39.78357737,30.45863295,26005972.0,5.01,1967.141,0,0,0,0,1,0.0,0.0,0.0,0.0,1967.141,1,KUCUK_TICARETHANE
1036230729.0,39.77945131,30.52798,26006400.0,5.01,1303.008,0,0,0,0,1,0.0,0.0,0.0,0.0,1303.008,1,KUCUK_TICARETHANE
1036230777.0,39.78660205,30.44946565,26005681.0,5.01,1956.101,0,0,0,0,1,0.0,0.0,0.0,0.0,1956.101,1,KUCUK_TICARETHANE
1036232325.0,39.78144133,30.48451012,26006004.0,18.0,1430.598,0,0,0,0,1,0.0,0.0,0.0,0.0,1430.598,1,ORTA_TICARETHANE
1036232813.0,39.79340103,30.45360201,26006293.0,5.01,10220.114,0,0,0,0,1,0.0,0.0,0.0,0.0,10220.114,1,ORTA_TICARETHANE
1036233597.0,39.78035571,30.44958901,26010835.0,5.01,477.239,0,0,0,0,1,0.0,0.0,0.0,0.0,477.239,1,KUCUK_TICARETHANE
1036233697.0,39.7845418,30.44346168,26010825.0,5.01,2407.01,0,0,0,0,1,0.0,0.0,0.0,0.0,2407.01,1,KUCUK_TICARETHANE
1036236017.0,39.78404361,30.51494134,26010673.0,5.01,1499.894,0,0,0,0,1,0.0,0.0,0.0,0.0,1499.894,1,KUCUK_TICARETHANE
1036236088.0,,,,5.01,3449.66,0,0,0,0,1,0.0,0.0,0.0,0.0,3449.66,1,KUCUK_TICARETHANE
1036236358.0,39.77513462,30.47704627,26005695.0,5.01,129.706,0,0,0,0,1,0.0,0.0,0.0,0.0,129.706,1,KUCUK_TICARETHANE
1036236547.0,39.78108,30.525797,26006077.0,5.01,3610.04,0,0,0,0,1,0.0,0.0,0.0,0.0,3610.04,1,KUCUK_TICARETHANE
1036236660.0,39.79923566,30.45786874,26013636.0,5.01,421.009,0,0,0,0,1,0.0,0.0,0.0,0.0,421.009,1,KUCUK_TICARETHANE
1036237144.0,39.78607413,30.50231438,26010554.0,5.01,31286.534,0,0,0,0,1,0.0,0.0,0.0,0.0,31286.534,1,ORTA_TICARETHANE
1036238559.0,39.79016051,30.53468338,26005872.0,5.01,3191.804,0,0,0,0,1,0.0,0.0,0.0,0.0,3191.804,1,KUCUK_TICARETHANE
1036239238.0,39.77846292,30.47259607,26010847.0,5.01,449.953,0,0,0,0,1,0.0,0.0,0.0,0.0,449.953,1,KUCUK_TICARETHANE
1036240556.0,39.78232579,30.47041552,26010805.0,5.01,1338.15,0,0,0,0,1,0.0,0.0,0.0,0.0,1338.15,1,KUCUK_TICARETHANE
1036242684.0,39.78351814,30.45520397,26005973.0,5.46,790.421,0,0,0,0,1,0.0,0.0,0.0,0.0,790.421,1,KUCUK_TICARETHANE
1036247185.0,39.78186722,30.51812106,26010314.0,5.422,112882.451,0,6,0,0,4,0.0,5434.188,0.0,0.0,107448.263,10,ORTA_TICARETHANE
1036249396.0,39.80158894,30.51199136,26010521.0,5.01,207.432,0,0,0,0,1,0.0,0.0,0.0,0.0,207.432,1,KUCUK_TICARETHANE
1036249418.0,39.79095801,30.46379862,26010448.0,5.01,1286.363,0,0,0,0,1,0.0,0.0,0.0,0.0,1286.363,1,KUCUK_TICARETHANE
1036249982.0,39.790582,30.536221,26005872.0,5.1,577.619,0,0,0,0,1,0.0,0.0,0.0,0.0,577.619,1,KUCUK_TICARETHANE
1036250877.0,39.79224826,30.53049229,26013567.0,5.01,2383.458,0,0,0,0,1,0.0,0.0,0.0,0.0,2383.458,1,KUCUK_TICARETHANE
1036250882.0,39.80111058,30.45385769,26005256.0,5.01,44.387,0,0,0,0,1,0.0,0.0,0.0,0.0,44.387,1,KUCUK_TICARETHANE
1036251175.0,39.80744706,30.54674867,26002734.0,3.0,376.505,0,0,0,1,0,0.0,0.0,0.0,376.505,0.0,0,TARIMSAL_SULAMA
1036252449.0,39.78655631,30.54906067,26006050.0,5.16,119.795,0,0,0,0,1,0.0,0.0,0.0,0.0,119.795,1,KUCUK_TICARETHANE
1036252755.0,39.79088233,30.53622267,26005872.0,5.01,3002.448,0,0,0,0,1,0.0,0.0,0.0,0.0,3002.448,1,KUCUK_TICARETHANE
1036252973.0,39.81294523,30.6005526,26003675.0,6.0,9032.543,0,0,0,1,0,0.0,0.0,0.0,9032.543,0.0,0,TARIMSAL_SULAMA
1036254380.0,39.776964,30.461673,26010840.0,5.1,3386.783,0,0,0,0,1,0.0,0.0,0.0,0.0,3386.783,1,KUCUK_TICARETHANE
1036255080.0,39.79284896,30.47864765,26006203.0,5.01,756.062,0,0,0,0,1,0.0,0.0,0.0,0.0,756.062,1,KUCUK_TICARETHANE
1036256239.0,39.776958,30.452932,26010836.0,5.1,1156.137,0,0,0,0,1,0.0,0.0,0.0,0.0,1156.137,1,KUCUK_TICARETHANE
1036258830.0,39.804,30.53695,26014272.0,6.14,9450.207,0,0,0,0,1,0.0,0.0,0.0,0.0,9450.207,1,KUCUK_TICARETHANE
1036264341.0,39.79293516,30.45014563,26005952.0,5.16,14150.836,0,0,0,0,1,0.0,0.0,0.0,0.0,14150.836,1,ORTA_TICARETHANE
1036265833.0,39.78550496,30.53225849,26013563.0,5.01,627.741,0,0,0,0,1,0.0,0.0,0.0,0.0,627.741,1,KUCUK_TICARETHANE
1036266515.0,39.77667326,30.44676285,26010832.0,5.01,1695.326,0,0,0,0,1,0.0,0.0,0.0,0.0,1695.326,1,KUCUK_TICARETHANE
1036267957.0,39.79774515,30.48795921,26005688.0,5.01,995.065,0,0,0,0,1,0.0,0.0,0.0,0.0,995.065,1,KUCUK_TICARETHANE
1036271423.0,39.80059717,30.49489001,26010543.0,5.01,705.483,0,0,0,0,1,0.0,0.0,0.0,0.0,705.483,1,KUCUK_TICARETHANE
1036271425.0,39.802693,30.452894,26005256.0,5.1,1524.57,0,0,0,0,1,0.0,0.0,0.0,0.0,1524.57,1,KUCUK_TICARETHANE
1036271546.0,39.78314824,30.45447498,26005973.0,5.01,2145.149,0,0,0,0,1,0.0,0.0,0.0,0.0,2145.149,1,KUCUK_TICARETHANE
1036271600.0,,,,5.01,4925.57,0,0,0,0,1,0.0,0.0,0.0,0.0,4925.57,1,KUCUK_TICARETHANE
1036273850.0,39.73065561,30.22587119,26010974.0,240.0,367463.28,0,0,1,0,0,0.0,0.0,367463.28,0.0,0.0,1,BUYUK_SANAYI
1036276029.0,39.7920216,30.46018688,,5.01,3124.804,0,0,0,0,1,0.0,0.0,0.0,0.0,3124.804,1,KUCUK_TICARETHANE
1036276178.0,39.78453142,30.44304486,26010825.0,5.01,1845.722,0,0,0,0,1,0.0,0.0,0.0,0.0,1845.722,1,KUCUK_TICARETHANE
1036276641.0,39.79518635,30.50698246,26010526.0,5.01,475.204,0,0,0,0,1,0.0,0.0,0.0,0.0,475.204,1,KUCUK_TICARETHANE
1036276645.0,,,,5.01,848.259,0,0,0,0,1,0.0,0.0,0.0,0.0,848.259,1,KUCUK_TICARETHANE
1036276970.0,39.77538407,30.45351583,26010836.0,5.01,171.132,0,0,0,0,1,0.0,0.0,0.0,0.0,171.132,1,KUCUK_TICARETHANE
1036277245.0,39.80121649,30.51148597,26010521.0,5.01,2975.42,0,0,0,0,1,0.0,0.0,0.0,0.0,2975.42,1,KUCUK_TICARETHANE
1036278222.0,39.7860319,30.53122634,26005883.0,5.01,3388.766,0,0,0,0,1,0.0,0.0,0.0,0.0,3388.766,1,KUCUK_TICARETHANE
1036279196.0,39.79178172,30.52099447,26010590.0,5.1,5070.887,0,0,0,0,1,0.0,0.0,0.0,0.0,5070.887,1,KUCUK_TICARETHANE
1036286234.0,39.77690717,30.47338403,26010847.0,5.01,590.081,0,0,0,0,1,0.0,0.0,0.0,0.0,590.081,1,KUCUK_TICARETHANE
1036289413.0,39.79772069,30.4872751,26005687.0,5.01,2592.863,0,0,0,0,1,0.0,0.0,0.0,0.0,2592.863,1,KUCUK_TICARETHANE
1036291906.0,39.79619184,30.51646879,26010517.0,5.01,480.683,0,0,0,0,1,0.0,0.0,0.0,0.0,480.683,1,KUCUK_TICARETHANE
1036294174.0,39.77485728,30.46974356,26010845.0,5.01,1489.994,0,0,0,0,1,0.0,0.0,0.0,0.0,1489.994,1,KUCUK_TICARETHANE
1036295396.0,39.79882,30.516164,26010516.0,5.1,1256.125,0,0,0,0,1,0.0,0.0,0.0,0.0,1256.125,1,KUCUK_TICARETHANE
1036296828.0,39.77846809,30.46759491,26013543.0,5.01,1214.897,0,0,0,0,1,0.0,0.0,0.0,0.0,1214.897,1,KUCUK_TICARETHANE
1036297149.0,39.783492,30.51983181,26005722.0,5.1,362.981,0,0,0,0,1,0.0,0.0,0.0,0.0,362.981,1,KUCUK_TICARETHANE
1036298079.0,39.78255178,30.45563102,,5.01,3151.585,0,0,0,0,1,0.0,0.0,0.0,0.0,3151.585,1,KUCUK_TICARETHANE
1036298118.0,,,,5.01,795.285,0,0,0,0,1,0.0,0.0,0.0,0.0,795.285,1,KUCUK_TICARETHANE
1036303904.0,39.78134172,30.4394001,26010825.0,5.01,5272.583,0,0,0,0,1,0.0,0.0,0.0,0.0,5272.583,1,KUCUK_TICARETHANE
1036303985.0,39.791249,30.52711882,26013567.0,5.01,289.373,0,0,0,0,1,0.0,0.0,0.0,0.0,289.373,1,KUCUK_TICARETHANE
1036304253.0,39.79158961,30.46351253,26010448.0,5.01,2339.958,0,0,0,0,1,0.0,0.0,0.0,0.0,2339.958,1,KUCUK_TICARETHANE
1036306029.0,39.79694555,30.48945813,26005899.0,5.01,863.075,0,0,0,0,1,0.0,0.0,0.0,0.0,863.075,1,KUCUK_TICARETHANE
1036307133.0,39.77546987,30.44845922,26010832.0,5.01,1889.714,0,0,0,0,1,0.0,0.0,0.0,0.0,1889.714,1,KUCUK_TICARETHANE
1036307307.0,39.7912648,30.53482125,26005872.0,5.01,1679.967,0,0,0,0,1,0.0,0.0,0.0,0.0,1679.967,1,KUCUK_TICARETHANE
1036308978.0,39.79285928,30.48000393,26006047.0,5.01,269.464,0,0,0,0,1,0.0,0.0,0.0,0.0,269.464,1,KUCUK_TICARETHANE
1036316192.0,39.79462192,30.50181035,26010533.0,5.01,3147.497,0,0,0,0,1,0.0,0.0,0.0,0.0,3147.497,1,KUCUK_TICARETHANE
1036318382.0,39.79744,30.480071,26006125.0,5.01,290.111,0,0,0,0,1,0.0,0.0,0.0,0.0,290.111,1,KUCUK_TICARETHANE
1036318384.0,39.801033,30.513487,26010519.0,5.01,3397.805,0,0,0,0,1,0.0,0.0,0.0,0.0,3397.805,1,KUCUK_TICARETHANE
1036324377.0,39.78457162,30.45840704,26005973.0,5.01,198.048,0,0,0,0,1,0.0,0.0,0.0,0.0,198.048,1,KUCUK_TICARETHANE
1036324422.0,39.78756516,30.53483533,26005686.0,5.01,1221.769,0,0,0,0,1,0.0,0.0,0.0,0.0,1221.769,1,KUCUK_TICARETHANE
1036327562.0,39.77710196,30.45806814,26010136.0,5.28,49.335,0,0,0,0,1,0.0,0.0,0.0,0.0,49.335,1,KUCUK_TICARETHANE
1036345947.0,39.76164096,30.45432209,,5.1,76.912,0,0,0,0,1,0.0,0.0,0.0,0.0,76.912,1,KUCUK_TICARETHANE
1036354225.0,39.77001431,30.4706414,26010914.0,5.01,604.25,0,0,0,0,1,0.0,0.0,0.0,0.0,604.25,1,KUCUK_TICARETHANE
1036354401.0,39.77311025,30.47557716,26005720.0,5.01,1725.315,0,0,0,0,1,0.0,0.0,0.0,0.0,1725.315,1,KUCUK_TICARETHANE
1036354512.0,39.79361765,30.45285316,26006293.0,5.01,4752.974,0,0,0,0,1,0.0,0.0,0.0,0.0,4752.974,1,KUCUK_TICARETHANE
1036354582.0,,,,5.01,210.42,0,0,0,0,1,0.0,0.0,0.0,0.0,210.42,1,KUCUK_TICARETHANE
1036356069.0,39.78360962,30.51007807,26010549.0,5.01,2807.798,0,0,0,0,1,0.0,0.0,0.0,0.0,2807.798,1,KUCUK_TICARETHANE
1036360306.0,39.7892715,30.46679807,26010451.0,5.01,370.28,0,0,0,0,1,0.0,0.0,0.0,0.0,370.28,1,KUCUK_TICARETHANE
1036367017.0,39.77756715,30.45774409,,5.01,1214.433,0,0,0,0,1,0.0,0.0,0.0,0.0,1214.433,1,KUCUK_TICARETHANE
1036367618.0,39.78454782,30.46436804,,5.01,722.893,0,0,0,0,1,0.0,0.0,0.0,0.0,722.893,1,KUCUK_TICARETHANE
1036368545.0,39.7813594,30.47324164,26010805.0,5.01,566.051,0,0,0,0,1,0.0,0.0,0.0,0.0,566.051,1,KUCUK_TICARETHANE
1036369584.0,39.78031794,30.45499571,26005121.0,5.01,452.404,0,0,0,0,1,0.0,0.0,0.0,0.0,452.404,1,KUCUK_TICARETHANE
1036369972.0,39.77068056,30.47044176,26010914.0,5.01,1307.388,0,0,0,0,1,0.0,0.0,0.0,0.0,1307.388,1,KUCUK_TICARETHANE
1036371189.0,39.76106865,30.46162102,26010890.0,5.01,66.14,0,0,0,0,1,0.0,0.0,0.0,0.0,66.14,1,KUCUK_TICARETHANE
1036372860.0,39.762367,30.45666562,26010894.0,5.01,455.77,0,0,0,0,1,0.0,0.0,0.0,0.0,455.77,1,KUCUK_TICARETHANE
1036373998.0,39.79764193,30.51666698,26010516.0,5.1,51.83,0,0,0,0,1,0.0,0.0,0.0,0.0,51.83,1,KUCUK_TICARETHANE
1036375412.0,39.79463938,30.51063035,26010525.0,5.01,234.449,0,0,0,0,1,0.0,0.0,0.0,0.0,234.449,1,KUCUK_TICARETHANE
1036376170.0,39.78292883,30.52269817,26006394.0,5.01,1115.583,0,0,0,0,1,0.0,0.0,0.0,0.0,1115.583,1,KUCUK_TICARETHANE
1036376974.0,39.760913,30.461925,26010890.0,5.1,323.795,0,0,0,0,1,0.0,0.0,0.0,0.0,323.795,1,KUCUK_TICARETHANE
1036378968.0,39.77613091,30.46231735,26010842.0,5.01,244.146,0,0,0,0,1,0.0,0.0,0.0,0.0,244.146,1,KUCUK_TICARETHANE
1036382506.0,39.78545827,30.45695251,26005973.0,5.01,601.479,0,0,0,0,1,0.0,0.0,0.0,0.0,601.479,1,KUCUK_TICARETHANE
1036393520.0,39.81188979,30.48789026,26005126.0,5.01,3754.638,0,0,0,2,0,0.0,0.0,0.0,3754.638,0.0,0,TARIMSAL_SULAMA
1036396495.0,39.76476683,30.4665154,26010888.0,5.01,753.006,0,0,0,0,1,0.0,0.0,0.0,0.0,753.006,1,KUCUK_TICARETHANE
1036396505.0,39.77655959,30.46857981,26010843.0,5.01,510.302,0,0,0,0,1,0.0,0.0,0.0,0.0,510.302,1,KUCUK_TICARETHANE
1036397153.0,39.79789926,30.48212806,26006125.0,7.86,2579.137,0,0,0,0,1,0.0,0.0,0.0,0.0,2579.137,1,KUCUK_TICARETHANE
1036397203.0,39.788784,30.48416787,26005892.0,5.01,213.161,0,0,0,0,1,0.0,0.0,0.0,0.0,213.161,1,KUCUK_TICARETHANE
1036397214.0,39.79428735,30.48437281,26005900.0,5.01,277.2,0,0,0,0,1,0.0,0.0,0.0,0.0,277.2,1,KUCUK_TICARETHANE
1036403094.0,39.779386,30.516161,26006385.0,7.762499999999999,23151.251,0,2,0,0,2,0.0,3816.48,0.0,0.0,19334.771,4,ORTA_TICARETHANE
1036411408.0,39.78753285,30.53259202,26005883.0,5.01,190.905,0,0,0,0,1,0.0,0.0,0.0,0.0,190.905,1,KUCUK_TICARETHANE
1036420114.0,39.7746094,30.47079132,26010845.0,5.01,400.508,0,0,0,0,1,0.0,0.0,0.0,0.0,400.508,1,KUCUK_TICARETHANE
1036424787.0,39.79875091,30.4884468,26005688.0,5.01,160.872,0,0,0,0,1,0.0,0.0,0.0,0.0,160.872,1,KUCUK_TICARETHANE
1036424817.0,39.78391958,30.44898092,26006212.0,5.01,184.08,0,0,0,0,1,0.0,0.0,0.0,0.0,184.08,1,KUCUK_TICARETHANE
1036434788.0,39.792092,30.529688,26013567.0,5.1,1064.884,0,0,0,0,1,0.0,0.0,0.0,0.0,1064.884,1,KUCUK_TICARETHANE
1036435324.0,39.7993218,30.51369598,26010519.0,5.1,2283.693,0,0,0,0,1,0.0,0.0,0.0,0.0,2283.693,1,KUCUK_TICARETHANE
1036448412.0,39.80212986,30.51180032,26010521.0,5.01,504.654,0,0,0,0,1,0.0,0.0,0.0,0.0,504.654,1,KUCUK_TICARETHANE
1036448811.0,39.77781096,30.44916553,26010832.0,5.01,1325.07,0,0,0,0,1,0.0,0.0,0.0,0.0,1325.07,1,KUCUK_TICARETHANE
1036452493.0,39.78473104,30.4615708,26005904.0,5.01,833.963,0,0,0,0,1,0.0,0.0,0.0,0.0,833.963,1,KUCUK_TICARETHANE
1036460031.0,39.7770994,30.45100802,26010834.0,5.01,98.05,0,0,0,0,1,0.0,0.0,0.0,0.0,98.05,1,KUCUK_TICARETHANE
1036462661.0,39.77698283,30.44953867,26010832.0,5.01,939.727,0,0,0,0,1,0.0,0.0,0.0,0.0,939.727,1,KUCUK_TICARETHANE
1036467999.0,39.79770052,30.47813976,26006124.0,5.01,1490.828,0,0,0,0,1,0.0,0.0,0.0,0.0,1490.828,1,KUCUK_TICARETHANE
1036471896.0,39.78013258,30.44990269,26010835.0,5.01,787.171,0,0,0,0,1,0.0,0.0,0.0,0.0,787.171,1,KUCUK_TICARETHANE
1036487371.0,39.76854327,30.47154604,26010914.0,5.28,1497.574,0,0,0,0,1,0.0,0.0,0.0,0.0,1497.574,1,KUCUK_TICARETHANE
1036488628.0,39.77719259,30.45102193,26010834.0,5.01,3368.397,0,0,0,0,1,0.0,0.0,0.0,0.0,3368.397,1,KUCUK_TICARETHANE
1036489288.0,39.79925186,30.4840546,26006287.0,5.01,403.771,0,0,0,0,1,0.0,0.0,0.0,0.0,403.771,1,KUCUK_TICARETHANE
1036489292.0,,,,5.01,1153.918,0,0,0,0,1,0.0,0.0,0.0,0.0,1153.918,1,KUCUK_TICARETHANE
1036490704.0,39.77899188,30.45645167,26010838.0,5.01,4795.748,0,0,0,0,1,0.0,0.0,0.0,0.0,4795.748,1,KUCUK_TICARETHANE
1036490714.0,39.79825237,30.47923225,26006125.0,5.01,2177.125,0,0,0,0,1,0.0,0.0,0.0,0.0,2177.125,1,KUCUK_TICARETHANE
1036502676.0,39.79493622,30.50945848,26010526.0,5.01,319.955,0,0,0,0,1,0.0,0.0,0.0,0.0,319.955,1,KUCUK_TICARETHANE
1036502951.0,39.80000013,30.51312732,26010519.0,5.1,258.752,0,0,0,0,1,0.0,0.0,0.0,0.0,258.752,1,KUCUK_TICARETHANE
1036511779.0,39.79589257,30.5302113,26013571.0,5.01,44.388,0,0,0,0,1,0.0,0.0,0.0,0.0,44.388,1,KUCUK_TICARETHANE
1036511791.0,,,,5.1,2579.522,0,0,0,0,1,0.0,0.0,0.0,0.0,2579.522,1,KUCUK_TICARETHANE
1036520256.0,39.78373717,30.44955732,26006212.0,5.01,671.238,0,0,0,0,1,0.0,0.0,0.0,0.0,671.238,1,KUCUK_TICARETHANE
1036524317.0,39.78166035,30.44021758,26010825.0,5.01,661.193,0,0,0,0,1,0.0,0.0,0.0,0.0,661.193,1,KUCUK_TICARETHANE
1036527859.0,39.793436,30.473944,26006045.0,5.1,1617.341,0,0,0,0,1,0.0,0.0,0.0,0.0,1617.341,1,KUCUK_TICARETHANE
1036548829.0,,,,5.01,825.043,0,0,0,0,1,0.0,0.0,0.0,0.0,825.043,1,KUCUK_TICARETHANE
1036555748.0,39.78913052,30.5330575,26005927.0,5.01,1998.664,0,0,0,0,1,0.0,0.0,0.0,0.0,1998.664,1,KUCUK_TICARETHANE
1036555771.0,39.79149992,30.46317168,26010448.0,5.01,1586.29,0,0,0,0,1,0.0,0.0,0.0,0.0,1586.29,1,KUCUK_TICARETHANE
1036575130.0,39.7947918,30.47899117,26010385.0,5.01,439.265,0,0,0,0,1,0.0,0.0,0.0,0.0,439.265,1,KUCUK_TICARETHANE
1036575544.0,39.77570656,30.52318463,26006345.0,5.63,27087.042,0,0,0,0,2,0.0,0.0,0.0,0.0,27087.042,2,ORTA_TICARETHANE
1036575558.0,39.76419116,30.46510366,26010888.0,5.1,71.455,0,0,0,0,1,0.0,0.0,0.0,0.0,71.455,1,KUCUK_TICARETHANE
1036579448.0,39.78551817,30.44019976,26005122.0,5.28,4452.702,0,0,0,0,1,0.0,0.0,0.0,0.0,4452.702,1,KUCUK_TICARETHANE
1036579458.0,39.77757912,30.45061383,26010835.0,5.01,361.189,0,0,0,0,1,0.0,0.0,0.0,0.0,361.189,1,KUCUK_TICARETHANE
1036580390.0,39.81766232,30.51698324,26005543.0,5.01,2217.508,0,0,0,0,1,0.0,0.0,0.0,0.0,2217.508,1,KUCUK_TICARETHANE
1036580421.0,39.77622078,30.4720139,26010846.0,5.01,54.776,0,0,0,0,1,0.0,0.0,0.0,0.0,54.776,1,KUCUK_TICARETHANE
1036580535.0,39.783142,30.47799721,,5.01,245.898,0,0,0,0,1,0.0,0.0,0.0,0.0,245.898,1,KUCUK_TICARETHANE
1036585273.0,39.76689974,30.46898407,26010913.0,5.01,634.699,0,0,0,0,1,0.0,0.0,0.0,0.0,634.699,1,KUCUK_TICARETHANE
1036592726.0,39.79276242,30.5341397,26005230.0,5.01,870.111,0,0,0,0,1,0.0,0.0,0.0,0.0,870.111,1,KUCUK_TICARETHANE
1036595545.0,39.77764674,30.44657525,26010832.0,5.01,694.826,0,0,0,0,1,0.0,0.0,0.0,0.0,694.826,1,KUCUK_TICARETHANE
1036596651.0,39.79944235,30.51645026,26010515.0,5.01,203.535,0,0,0,0,1,0.0,0.0,0.0,0.0,203.535,1,KUCUK_TICARETHANE
1036600100.0,,,,5.01,344.417,0,0,0,0,1,0.0,0.0,0.0,0.0,344.417,1,KUCUK_TICARETHANE
1036601541.0,39.78431037,30.45422644,26005973.0,5.01,94.394,0,0,0,0,1,0.0,0.0,0.0,0.0,94.394,1,KUCUK_TICARETHANE
1036605869.0,39.78964051,30.51932294,26010680.0,5.01,777.556,0,0,0,0,1,0.0,0.0,0.0,0.0,777.556,1,KUCUK_TICARETHANE
1036605949.0,39.80307788,30.4967106,26010537.0,5.01,2251.387,0,0,0,0,1,0.0,0.0,0.0,0.0,2251.387,1,KUCUK_TICARETHANE
1036606094.0,39.80098577,30.51579654,26010515.0,5.01,904.846,0,0,0,0,1,0.0,0.0,0.0,0.0,904.846,1,KUCUK_TICARETHANE
1036606165.0,39.77822533,30.47276708,26010847.0,5.01,717.32,0,0,0,0,1,0.0,0.0,0.0,0.0,717.32,1,KUCUK_TICARETHANE
1036606308.0,39.77540844,30.46242945,26010842.0,5.01,1090.69,0,0,0,0,1,0.0,0.0,0.0,0.0,1090.69,1,KUCUK_TICARETHANE
1036606586.0,39.78543044,30.53236778,26013563.0,5.01,692.609,0,0,0,0,1,0.0,0.0,0.0,0.0,692.609,1,KUCUK_TICARETHANE
1036607076.0,39.79412555,30.47985889,26006203.0,5.01,3569.442,0,0,0,0,1,0.0,0.0,0.0,0.0,3569.442,1,KUCUK_TICARETHANE
1036615689.0,39.78638139,30.53122122,26005883.0,5.01,162.882,0,0,0,0,1,0.0,0.0,0.0,0.0,162.882,1,KUCUK_TICARETHANE
1036615714.0,39.80032524,30.48494244,26006287.0,5.01,1041.092,0,0,0,0,1,0.0,0.0,0.0,0.0,1041.092,1,KUCUK_TICARETHANE
1036615756.0,39.77493451,30.45159756,26010834.0,5.1,787.109,0,0,0,0,1,0.0,0.0,0.0,0.0,787.109,1,KUCUK_TICARETHANE
1036615764.0,39.77497731,30.45226473,26010834.0,5.01,443.49,0,0,0,0,1,0.0,0.0,0.0,0.0,443.49,1,KUCUK_TICARETHANE
1036617003.0,39.78174774,30.4474286,26010835.0,5.01,1679.0,0,0,0,0,1,0.0,0.0,0.0,0.0,1679.0,1,KUCUK_TICARETHANE
1036618258.0,39.78091613,30.45724538,,5.01,349.827,0,0,0,0,1,0.0,0.0,0.0,0.0,349.827,1,KUCUK_TICARETHANE
1036619054.0,39.7210159,30.23551626,26013721.0,60.0,6339.0,0,0,0,0,1,0.0,0.0,0.0,0.0,6339.0,1,ORTA_TICARETHANE
1036620343.0,39.80261845,30.46275819,26005255.0,6.66,4192.926,0,0,0,0,1,0.0,0.0,0.0,0.0,4192.926,1,KUCUK_TICARETHANE
1036620344.0,39.80292742,30.46127622,26005255.0,6.96,1749.474,0,0,0,0,1,0.0,0.0,0.0,0.0,1749.474,1,KUCUK_TICARETHANE
1036620489.0,39.79133276,30.54876925,26005223.0,5.01,125.401,0,0,0,0,1,0.0,0.0,0.0,0.0,125.401,1,KUCUK_TICARETHANE
1036627364.0,,,,5.01,334.86,0,0,0,0,1,0.0,0.0,0.0,0.0,334.86,1,KUCUK_TICARETHANE
1036629503.0,39.76959398,30.47106543,26010914.0,5.01,748.826,0,0,0,0,1,0.0,0.0,0.0,0.0,748.826,1,KUCUK_TICARETHANE
1036629801.0,39.79497919,30.47164183,26006044.0,5.01,3504.481,0,0,0,0,1,0.0,0.0,0.0,0.0,3504.481,1,KUCUK_TICARETHANE
1036630267.0,,,,5.01,1505.425,0,0,0,0,1,0.0,0.0,0.0,0.0,1505.425,1,KUCUK_TICARETHANE
1036630551.0,39.79954888,30.4939912,26010543.0,5.01,1891.352,0,0,0,0,1,0.0,0.0,0.0,0.0,1891.352,1,KUCUK_TICARETHANE
1036631982.0,39.78390631,30.49237473,26010659.0,7.568,89422.312,0,2,0,0,48,0.0,39709.439,0.0,0.0,49712.873,50,ORTA_TICARETHANE
1036632506.0,39.78034716,30.46969001,26013543.0,5.01,426.96,0,0,0,0,1,0.0,0.0,0.0,0.0,426.96,1,KUCUK_TICARETHANE
1036633936.0,39.80421909,30.45423514,26014277.0,5.01,8426.514,1,0,0,0,0,8426.514,0.0,0.0,0.0,0.0,0,AYDINLATMA
1036633981.0,39.79998704,30.51379533,26010519.0,5.1,555.477,0,0,0,0,1,0.0,0.0,0.0,0.0,555.477,1,KUCUK_TICARETHANE
1036634008.0,39.78169382,30.52175732,26005917.0,5.01,605.105,0,0,0,0,1,0.0,0.0,0.0,0.0,605.105,1,KUCUK_TICARETHANE
1036634028.0,39.77695,30.460678,26010842.0,5.1,1385.189,0,0,0,0,1,0.0,0.0,0.0,0.0,1385.189,1,KUCUK_TICARETHANE
1036634990.0,39.80198918,30.45418494,26005256.0,5.01,134.625,0,0,0,0,1,0.0,0.0,0.0,0.0,134.625,1,KUCUK_TICARETHANE
1036635066.0,,,,5.01,1720.265,0,0,0,0,1,0.0,0.0,0.0,0.0,1720.265,1,KUCUK_TICARETHANE
1036635726.0,39.77181572,30.4775929,26010904.0,5.01,1690.691,0,0,0,0,1,0.0,0.0,0.0,0.0,1690.691,1,KUCUK_TICARETHANE
1036635851.0,39.8018013,30.49471127,26010537.0,5.01,1029.717,0,0,0,0,1,0.0,0.0,0.0,0.0,1029.717,1,KUCUK_TICARETHANE
1036645601.0,39.78067605,30.4615241,26010101.0,5.1,909.219,0,0,0,0,1,0.0,0.0,0.0,0.0,909.219,1,KUCUK_TICARETHANE
1036647289.0,39.79155286,30.46343934,,5.01,334.986,0,0,0,0,1,0.0,0.0,0.0,0.0,334.986,1,KUCUK_TICARETHANE
1036649958.0,39.78381749,30.45409158,26005973.0,5.01,278.026,0,0,0,0,1,0.0,0.0,0.0,0.0,278.026,1,KUCUK_TICARETHANE
1036651882.0,39.77937088,30.4502245,26010835.0,5.01,725.345,0,0,0,0,1,0.0,0.0,0.0,0.0,725.345,1,KUCUK_TICARETHANE
1036656414.0,39.77981613,30.46171599,26010101.0,5.01,323.015,0,0,0,0,1,0.0,0.0,0.0,0.0,323.015,1,KUCUK_TICARETHANE
1036656551.0,39.79568703,30.52223769,26010154.0,5.01,117.439,0,0,0,0,1,0.0,0.0,0.0,0.0,117.439,1,KUCUK_TICARETHANE
1036656701.0,39.77766937,30.45676729,26010838.0,5.01,400.686,0,0,0,0,1,0.0,0.0,0.0,0.0,400.686,1,KUCUK_TICARETHANE
1036656716.0,39.79416788,30.50866935,26010526.0,5.01,417.335,0,0,0,0,1,0.0,0.0,0.0,0.0,417.335,1,KUCUK_TICARETHANE
1036656807.0,39.78450253,30.52565137,26013563.0,5.01,511.06,0,0,0,0,1,0.0,0.0,0.0,0.0,511.06,1,KUCUK_TICARETHANE
1036656944.0,39.79506746,30.46151159,26006123.0,5.01,6018.96,0,0,0,0,1,0.0,0.0,0.0,0.0,6018.96,1,KUCUK_TICARETHANE
1036659376.0,39.78508092,30.44272182,26010824.0,5.01,296.851,0,0,0,0,1,0.0,0.0,0.0,0.0,296.851,1,KUCUK_TICARETHANE
1036659533.0,39.79640194,30.49657309,26010534.0,5.01,2404.332,0,0,0,0,1,0.0,0.0,0.0,0.0,2404.332,1,KUCUK_TICARETHANE
1036659575.0,39.80432794,30.49380548,26010545.0,5.01,1974.915,0,0,0,0,1,0.0,0.0,0.0,0.0,1974.915,1,KUCUK_TICARETHANE
1036659593.0,39.80380955,30.49178658,26010545.0,5.01,2154.721,0,0,0,0,1,0.0,0.0,0.0,0.0,2154.721,1,KUCUK_TICARETHANE
1036661027.0,39.790835,30.525968,26013574.0,5.1,287.726,0,0,0,0,1,0.0,0.0,0.0,0.0,287.726,1,KUCUK_TICARETHANE
1036662059.0,39.79430126,30.47839084,26006203.0,5.01,314.587,0,0,0,0,1,0.0,0.0,0.0,0.0,314.587,1,KUCUK_TICARETHANE
1036662113.0,39.77260718,30.47051112,26010900.0,5.01,270.11,0,0,0,0,1,0.0,0.0,0.0,0.0,270.11,1,KUCUK_TICARETHANE
1036662119.0,39.78156283,30.47439213,26010805.0,5.01,1387.009,0,0,0,0,1,0.0,0.0,0.0,0.0,1387.009,1,KUCUK_TICARETHANE
1036662138.0,39.77723402,30.45092219,26010834.0,5.01,38.468,0,0,0,0,1,0.0,0.0,0.0,0.0,38.468,1,KUCUK_TICARETHANE
1036662592.0,39.79703106,30.49081908,26010542.0,5.01,365.193,0,0,0,0,1,0.0,0.0,0.0,0.0,365.193,1,KUCUK_TICARETHANE
1036662609.0,39.79833553,30.46469812,26013558.0,5.01,67.003,0,0,0,0,1,0.0,0.0,0.0,0.0,67.003,1,KUCUK_TICARETHANE
1036663908.0,39.79635566,30.48254856,26005900.0,5.01,475.357,0,0,0,0,1,0.0,0.0,0.0,0.0,475.357,1,KUCUK_TICARETHANE
1036664331.0,39.79816034,30.51300419,26010522.0,5.1,428.365,0,0,0,0,1,0.0,0.0,0.0,0.0,428.365,1,KUCUK_TICARETHANE
1036665545.0,39.77466184,30.46344451,26010842.0,5.01,1008.649,0,0,0,0,1,0.0,0.0,0.0,0.0,1008.649,1,KUCUK_TICARETHANE
1036666004.0,39.79656206,30.51664911,26010516.0,5.1,1048.532,0,0,0,0,1,0.0,0.0,0.0,0.0,1048.532,1,KUCUK_TICARETHANE
1036666175.0,39.78522168,30.45992421,26005904.0,5.01,788.244,0,0,0,0,1,0.0,0.0,0.0,0.0,788.244,1,KUCUK_TICARETHANE
1036668934.0,39.7599608,30.4267053,26005787.0,5.01,437.709,0,0,0,0,1,0.0,0.0,0.0,0.0,437.709,1,KUCUK_TICARETHANE
1036668970.0,39.78167845,30.4552337,26005972.0,5.01,521.2,0,0,0,0,1,0.0,0.0,0.0,0.0,521.2,1,KUCUK_TICARETHANE
1036672417.0,39.79946251,30.47691166,26006286.0,5.01,800.363,0,0,0,0,1,0.0,0.0,0.0,0.0,800.363,1,KUCUK_TICARETHANE
1036672567.0,39.79096434,30.52669778,26013567.0,5.1,1496.542,0,0,0,0,1,0.0,0.0,0.0,0.0,1496.542,1,KUCUK_TICARETHANE
1036675545.0,39.79821127,30.44309814,26010696.0,13.2,19.924,0,0,0,0,1,0.0,0.0,0.0,0.0,19.924,1,KUCUK_TICARETHANE
1036677127.0,39.79703974,30.48716446,26005687.0,5.01,653.633,0,0,0,0,1,0.0,0.0,0.0,0.0,653.633,1,KUCUK_TICARETHANE
1036677648.0,39.79594365,30.52461472,26013572.0,5.01,1348.927,0,0,0,0,1,0.0,0.0,0.0,0.0,1348.927,1,KUCUK_TICARETHANE
1036678175.0,39.78343063,30.45578476,26005972.0,5.01,283.294,0,0,0,0,1,0.0,0.0,0.0,0.0,283.294,1,KUCUK_TICARETHANE
1036679037.0,39.79079928,30.46424951,26010448.0,5.01,619.915,0,0,0,0,1,0.0,0.0,0.0,0.0,619.915,1,KUCUK_TICARETHANE
1036679680.0,,,,5.01,507.341,0,0,0,0,1,0.0,0.0,0.0,0.0,507.341,1,KUCUK_TICARETHANE
1036682303.0,39.78317659,30.4649531,,5.01,444.33,0,0,0,0,1,0.0,0.0,0.0,0.0,444.33,1,KUCUK_TICARETHANE
1036682319.0,39.78320484,30.43879818,26010824.0,5.01,1464.542,0,0,0,0,1,0.0,0.0,0.0,0.0,1464.542,1,KUCUK_TICARETHANE
1036682787.0,39.77501129,30.46524668,26010843.0,5.1,451.721,0,0,0,0,1,0.0,0.0,0.0,0.0,451.721,1,KUCUK_TICARETHANE
1036683409.0,39.79821856,30.51485024,26010517.0,5.01,688.729,0,0,0,0,1,0.0,0.0,0.0,0.0,688.729,1,KUCUK_TICARETHANE
1036684862.0,39.78598103,30.45986843,26005973.0,5.28,354.56,0,0,0,0,1,0.0,0.0,0.0,0.0,354.56,1,KUCUK_TICARETHANE
1036686746.0,39.7996918,30.4549128,26013636.0,5.01,1532.566,0,0,0,0,1,0.0,0.0,0.0,0.0,1532.566,1,KUCUK_TICARETHANE
1036686983.0,,,,7.14,4073.52,0,0,0,0,1,0.0,0.0,0.0,0.0,4073.52,1,KUCUK_TICARETHANE
1036688777.0,39.78325622,30.45468821,26005973.0,5.1,51.222,0,0,0,0,1,0.0,0.0,0.0,0.0,51.222,1,KUCUK_TICARETHANE
1036689645.0,39.79446084,30.50183858,26010533.0,5.01,3156.675,0,0,0,0,1,0.0,0.0,0.0,0.0,3156.675,1,KUCUK_TICARETHANE
1036689665.0,39.77257393,30.47907336,26006342.0,5.01,13.028,0,0,0,0,1,0.0,0.0,0.0,0.0,13.028,1,KUCUK_TICARETHANE
1036690172.0,39.78451162,30.45944004,,5.01,561.299,0,0,0,0,1,0.0,0.0,0.0,0.0,561.299,1,KUCUK_TICARETHANE
1036691238.0,39.798186,30.440359,26006226.0,5.1,1760.444,0,0,0,0,1,0.0,0.0,0.0,0.0,1760.444,1,KUCUK_TICARETHANE
1036691773.0,39.78404247,30.53052226,26013563.0,5.28,660.239,0,0,0,0,1,0.0,0.0,0.0,0.0,660.239,1,KUCUK_TICARETHANE
1036692990.0,39.77536518,30.44844529,26010832.0,5.01,177.592,0,0,0,0,1,0.0,0.0,0.0,0.0,177.592,1,KUCUK_TICARETHANE
1036693015.0,39.79812268,30.49029796,26005688.0,5.01,289.481,0,0,0,0,1,0.0,0.0,0.0,0.0,289.481,1,KUCUK_TICARETHANE
1036693845.0,39.79214258,30.48645201,26014892.0,5.1,859.148,0,0,0,0,1,0.0,0.0,0.0,0.0,859.148,1,KUCUK_TICARETHANE
1036693898.0,39.78681045,30.53445702,26005686.0,5.01,501.879,0,0,0,0,1,0.0,0.0,0.0,0.0,501.879,1,KUCUK_TICARETHANE
1036693922.0,39.7990451,30.51425709,26010519.0,5.01,351.783,0,0,0,0,1,0.0,0.0,0.0,0.0,351.783,1,KUCUK_TICARETHANE
1036694274.0,39.80097773,30.46340042,26013558.0,5.01,425.981,0,0,0,0,1,0.0,0.0,0.0,0.0,425.981,1,KUCUK_TICARETHANE
1036694277.0,39.79608397,30.52507687,26013572.0,5.01,380.436,0,0,0,0,1,0.0,0.0,0.0,0.0,380.436,1,KUCUK_TICARETHANE
1036694532.0,39.78212648,30.45690965,26005972.0,5.01,231.168,0,0,0,0,1,0.0,0.0,0.0,0.0,231.168,1,KUCUK_TICARETHANE
1036694906.0,39.80037936,30.50830202,26010528.0,5.01,135.154,0,0,0,0,1,0.0,0.0,0.0,0.0,135.154,1,KUCUK_TICARETHANE
1036694910.0,39.80142931,30.48690374,26006287.0,5.1,366.008,0,0,0,0,1,0.0,0.0,0.0,0.0,366.008,1,KUCUK_TICARETHANE
1036694924.0,39.76084,30.45858,26010891.0,5.1,10.583,0,0,0,0,1,0.0,0.0,0.0,0.0,10.583,1,KUCUK_TICARETHANE
1036695934.0,39.79432172,30.52643687,26013572.0,5.1,284.56,0,0,0,0,1,0.0,0.0,0.0,0.0,284.56,1,KUCUK_TICARETHANE
1036695954.0,39.78057122,30.44706351,26010827.0,5.1,675.119,0,0,0,0,1,0.0,0.0,0.0,0.0,675.119,1,KUCUK_TICARETHANE
1036696172.0,39.79973197,30.45923772,26013635.0,5.01,311.078,0,0,0,0,1,0.0,0.0,0.0,0.0,311.078,1,KUCUK_TICARETHANE
1036696244.0,39.80112136,30.48125226,26006286.0,5.01,31.462,0,0,0,0,1,0.0,0.0,0.0,0.0,31.462,1,KUCUK_TICARETHANE
1036696305.0,39.77666923,30.4491352,26010832.0,5.01,419.315,0,0,0,0,1,0.0,0.0,0.0,0.0,419.315,1,KUCUK_TICARETHANE
1036697629.0,39.77312133,30.47117441,26010900.0,5.01,606.257,0,0,0,0,1,0.0,0.0,0.0,0.0,606.257,1,KUCUK_TICARETHANE
1036698453.0,39.79372903,30.51897406,26010288.0,5.01,768.473,0,0,0,0,1,0.0,0.0,0.0,0.0,768.473,1,KUCUK_TICARETHANE
1036700151.0,39.77388011,30.47489736,26005720.0,5.01,426.773,0,0,0,0,1,0.0,0.0,0.0,0.0,426.773,1,KUCUK_TICARETHANE
1036701291.0,39.78175916,30.47366478,26010805.0,5.01,327.313,0,0,0,0,1,0.0,0.0,0.0,0.0,327.313,1,KUCUK_TICARETHANE
1036702418.0,39.78875911,30.48539207,26005893.0,5.01,268.335,0,0,0,0,1,0.0,0.0,0.0,0.0,268.335,1,KUCUK_TICARETHANE
1036702622.0,39.78225225,30.47609328,26001518.0,5.01,2411.348,0,0,0,0,1,0.0,0.0,0.0,0.0,2411.348,1,KUCUK_TICARETHANE
1036702667.0,39.79898928,30.49168926,26010542.0,5.01,862.301,0,0,0,0,1,0.0,0.0,0.0,0.0,862.301,1,KUCUK_TICARETHANE
1036704808.0,39.77312945,30.47209203,26010901.0,5.01,407.984,0,0,0,0,1,0.0,0.0,0.0,0.0,407.984,1,KUCUK_TICARETHANE
1036705032.0,39.77759334,30.48640596,26005907.0,5.01,1554.8,0,0,0,0,1,0.0,0.0,0.0,0.0,1554.8,1,KUCUK_TICARETHANE
1036705291.0,39.79394199,30.50442897,26010530.0,5.01,2095.482,0,0,0,0,1,0.0,0.0,0.0,0.0,2095.482,1,KUCUK_TICARETHANE
1036706743.0,39.77795753,30.46427981,26010841.0,5.01,240.25,0,0,0,0,1,0.0,0.0,0.0,0.0,240.25,1,KUCUK_TICARETHANE
1036707356.0,39.79076684,30.46438436,26010448.0,5.01,342.046,0,0,0,0,1,0.0,0.0,0.0,0.0,342.046,1,KUCUK_TICARETHANE
1036707627.0,39.77781461,30.5134269,26005189.0,56.4,7089.09,0,0,0,0,1,0.0,0.0,0.0,0.0,7089.09,1,ORTA_TICARETHANE
1036707673.0,39.77580897,30.45421732,26010839.0,5.1,395.786,0,0,0,0,1,0.0,0.0,0.0,0.0,395.786,1,KUCUK_TICARETHANE
1036707733.0,39.78524,30.532418,26013563.0,5.01,216.635,0,0,0,0,1,0.0,0.0,0.0,0.0,216.635,1,KUCUK_TICARETHANE
1036707735.0,39.799251,30.514375,26010519.0,5.01,1416.291,0,0,0,0,1,0.0,0.0,0.0,0.0,1416.291,1,KUCUK_TICARETHANE
1036709172.0,39.7808102,30.44822116,26010835.0,5.01,589.698,0,0,0,0,1,0.0,0.0,0.0,0.0,589.698,1,KUCUK_TICARETHANE
1036709451.0,39.77634911,30.44859979,26010832.0,5.1,359.169,0,0,0,0,1,0.0,0.0,0.0,0.0,359.169,1,KUCUK_TICARETHANE
1036709500.0,39.79048121,30.5308,26013566.0,5.1,260.554,0,0,0,0,1,0.0,0.0,0.0,0.0,260.554,1,KUCUK_TICARETHANE
1036710603.0,,,,5.01,314.706,0,0,0,0,1,0.0,0.0,0.0,0.0,314.706,1,KUCUK_TICARETHANE
1036710653.0,39.79964866,30.46521315,26013558.0,5.28,1037.418,0,0,0,0,1,0.0,0.0,0.0,0.0,1037.418,1,KUCUK_TICARETHANE
1036712408.0,39.77693159,30.44635666,26010832.0,5.01,1428.492,0,0,0,0,1,0.0,0.0,0.0,0.0,1428.492,1,KUCUK_TICARETHANE
1036712485.0,39.79522071,30.53223195,26013570.0,5.01,360.777,0,0,0,0,1,0.0,0.0,0.0,0.0,360.777,1,KUCUK_TICARETHANE
1036713781.0,39.79432514,30.50283788,26010531.0,5.01,378.096,0,0,0,0,1,0.0,0.0,0.0,0.0,378.096,1,KUCUK_TICARETHANE
1036713784.0,39.77922137,30.513031,26005195.0,65.015,54878.73,0,0,0,0,2,0.0,0.0,0.0,0.0,54878.73,2,ORTA_TICARETHANE
1036714683.0,39.78371393,30.4520398,26005971.0,5.01,441.897,0,0,0,0,1,0.0,0.0,0.0,0.0,441.897,1,KUCUK_TICARETHANE
1036714926.0,39.77774129,30.44615336,26010832.0,5.01,509.284,0,0,0,0,1,0.0,0.0,0.0,0.0,509.284,1,KUCUK_TICARETHANE
1036715174.0,39.79730794,30.51631955,26010516.0,5.1,800.02,0,0,0,0,1,0.0,0.0,0.0,0.0,800.02,1,KUCUK_TICARETHANE
1036715274.0,39.80364881,30.49084543,26010545.0,5.01,245.749,0,0,0,0,1,0.0,0.0,0.0,0.0,245.749,1,KUCUK_TICARETHANE
1036715308.0,39.80408064,30.5092992,26010520.0,5.01,852.655,0,0,0,0,1,0.0,0.0,0.0,0.0,852.655,1,KUCUK_TICARETHANE
1036715413.0,39.80281276,30.45513134,26005256.0,5.01,5849.39,0,0,0,0,1,0.0,0.0,0.0,0.0,5849.39,1,KUCUK_TICARETHANE
1036715639.0,39.80184795,30.50838819,26010529.0,5.01,374.776,0,0,0,0,1,0.0,0.0,0.0,0.0,374.776,1,KUCUK_TICARETHANE
1036715778.0,39.79367475,30.52546598,26013568.0,5.01,561.824,0,0,0,0,1,0.0,0.0,0.0,0.0,561.824,1,KUCUK_TICARETHANE
1036715787.0,39.79588776,30.53003182,26013571.0,5.01,528.016,0,0,0,0,1,0.0,0.0,0.0,0.0,528.016,1,KUCUK_TICARETHANE
1036716196.0,39.79172137,30.4713338,26006045.0,5.1,491.916,0,0,0,0,1,0.0,0.0,0.0,0.0,491.916,1,KUCUK_TICARETHANE
1036716307.0,39.79723902,30.51521576,26010517.0,5.01,1375.118,0,0,0,0,1,0.0,0.0,0.0,0.0,1375.118,1,KUCUK_TICARETHANE
1036717503.0,39.777046,30.461227,26010842.0,5.1,455.518,0,0,0,0,1,0.0,0.0,0.0,0.0,455.518,1,KUCUK_TICARETHANE
1036717662.0,39.82003425,30.48720998,26006759.0,5.01,175.577,0,0,0,1,0,0.0,0.0,0.0,175.577,0.0,0,TARIMSAL_SULAMA
1036718253.0,39.78900027,30.53860274,26005428.0,5.01,1250.692,0,0,0,0,1,0.0,0.0,0.0,0.0,1250.692,1,KUCUK_TICARETHANE
1036718569.0,39.77826672,30.44768253,26010832.0,5.01,1173.129,0,0,0,0,1,0.0,0.0,0.0,0.0,1173.129,1,KUCUK_TICARETHANE
1036719532.0,39.80296167,30.48259917,26006286.0,5.01,1604.397,0,0,0,0,1,0.0,0.0,0.0,0.0,1604.397,1,KUCUK_TICARETHANE
1036719538.0,39.7825697,30.46374855,26005120.0,5.01,477.752,0,0,0,0,1,0.0,0.0,0.0,0.0,477.752,1,KUCUK_TICARETHANE
1036719542.0,39.77677331,30.44915192,26010832.0,5.01,588.431,0,0,0,0,1,0.0,0.0,0.0,0.0,588.431,1,KUCUK_TICARETHANE
1036719550.0,39.79950987,30.51279833,26010519.0,5.01,683.243,0,0,0,0,1,0.0,0.0,0.0,0.0,683.243,1,KUCUK_TICARETHANE
1036719556.0,39.79062905,30.52394354,26010292.0,5.01,204.841,0,0,0,0,1,0.0,0.0,0.0,0.0,204.841,1,KUCUK_TICARETHANE
1036719873.0,,,,5.01,464.379,0,0,0,0,1,0.0,0.0,0.0,0.0,464.379,1,KUCUK_TICARETHANE
1036721994.0,39.7757457,30.45214794,26010834.0,5.01,450.081,0,0,0,0,1,0.0,0.0,0.0,0.0,450.081,1,KUCUK_TICARETHANE
1036724503.0,39.78307766,30.46175916,26005903.0,5.01,458.658,0,0,0,0,1,0.0,0.0,0.0,0.0,458.658,1,KUCUK_TICARETHANE
1036724627.0,39.7931603,30.4776816,26006203.0,5.01,909.18,0,0,0,0,1,0.0,0.0,0.0,0.0,909.18,1,KUCUK_TICARETHANE
1036724854.0,39.78889389,30.52510041,26013565.0,5.01,1261.26,0,0,0,0,1,0.0,0.0,0.0,0.0,1261.26,1,KUCUK_TICARETHANE
1036724917.0,39.79541319,30.49062166,26005899.0,5.01,9.035,0,0,0,0,1,0.0,0.0,0.0,0.0,9.035,1,KUCUK_TICARETHANE
1036726092.0,39.7875003,30.4739764,26013551.0,5.01,3508.519,0,0,0,0,1,0.0,0.0,0.0,0.0,3508.519,1,KUCUK_TICARETHANE
1036728713.0,39.7893672,30.51932127,26010680.0,5.01,734.44,0,0,0,0,1,0.0,0.0,0.0,0.0,734.44,1,KUCUK_TICARETHANE
1036729666.0,39.7906204,30.44681344,26009987.0,5.01,7380.389,0,0,0,0,1,0.0,0.0,0.0,0.0,7380.389,1,KUCUK_TICARETHANE
1036730109.0,39.77974018,30.45570182,26010838.0,5.01,484.948,0,0,0,0,1,0.0,0.0,0.0,0.0,484.948,1,KUCUK_TICARETHANE
1036730607.0,39.76019999,30.46091834,26010890.0,5.01,49.604,0,0,0,0,1,0.0,0.0,0.0,0.0,49.604,1,KUCUK_TICARETHANE
1036730613.0,,,,5.01,825.723,0,0,0,0,1,0.0,0.0,0.0,0.0,825.723,1,KUCUK_TICARETHANE
1036731147.0,39.78520806,30.44701711,26005681.0,5.01,658.033,0,0,0,0,1,0.0,0.0,0.0,0.0,658.033,1,KUCUK_TICARETHANE
1036731559.0,39.77699068,30.44623285,26010832.0,5.01,598.97,0,0,0,0,1,0.0,0.0,0.0,0.0,598.97,1,KUCUK_TICARETHANE
1036731564.0,39.77818638,30.44443465,26010829.0,5.01,119.417,0,0,0,0,1,0.0,0.0,0.0,0.0,119.417,1,KUCUK_TICARETHANE
1036732847.0,39.80638,30.58138294,26005231.0,5.01,2373.312,0,0,0,1,0,0.0,0.0,0.0,2373.312,0.0,0,TARIMSAL_SULAMA
1036734470.0,39.77798269,30.46383427,26010841.0,5.01,158.485,0,0,0,0,1,0.0,0.0,0.0,0.0,158.485,1,KUCUK_TICARETHANE
1036734671.0,39.78421032,30.52937867,26013563.0,5.01,374.103,0,0,0,0,1,0.0,0.0,0.0,0.0,374.103,1,KUCUK_TICARETHANE
1036735006.0,39.769483,30.469318,26010914.0,5.01,361.281,0,0,0,0,1,0.0,0.0,0.0,0.0,361.281,1,KUCUK_TICARETHANE
1036735714.0,39.7767232,30.46225735,26010840.0,5.01,389.049,0,0,0,0,1,0.0,0.0,0.0,0.0,389.049,1,KUCUK_TICARETHANE
1036735719.0,39.79052121,30.46902385,26010450.0,5.01,491.872,0,0,0,0,1,0.0,0.0,0.0,0.0,491.872,1,KUCUK_TICARETHANE
1036738077.0,39.77726725,30.45010742,26010832.0,5.01,573.049,0,0,0,0,1,0.0,0.0,0.0,0.0,573.049,1,KUCUK_TICARETHANE
1036738099.0,39.78550468,30.51402499,26010675.0,5.01,355.795,0,0,0,0,1,0.0,0.0,0.0,0.0,355.795,1,KUCUK_TICARETHANE
1036738506.0,39.7978743,30.5062399,26010530.0,5.01,2475.328,0,0,0,0,1,0.0,0.0,0.0,0.0,2475.328,1,KUCUK_TICARETHANE
1036738684.0,39.7823295,30.47268565,,5.01,75.893,0,0,0,0,1,0.0,0.0,0.0,0.0,75.893,1,KUCUK_TICARETHANE
1036739369.0,39.79523019,30.51273379,26010524.0,5.01,338.955,0,0,0,0,1,0.0,0.0,0.0,0.0,338.955,1,KUCUK_TICARETHANE
1036743167.0,39.7916503,30.47679881,26005199.0,5.01,166.438,0,0,0,0,1,0.0,0.0,0.0,0.0,166.438,1,KUCUK_TICARETHANE
1036748021.0,39.7760807,30.45288123,26010836.0,5.01,271.217,0,0,0,0,1,0.0,0.0,0.0,0.0,271.217,1,KUCUK_TICARETHANE
1036748271.0,39.78121502,30.47171735,26010805.0,5.01,1072.985,0,0,0,0,1,0.0,0.0,0.0,0.0,1072.985,1,KUCUK_TICARETHANE
1036748467.0,39.78828722,30.53347695,,5.01,879.017,0,0,0,0,1,0.0,0.0,0.0,0.0,879.017,1,KUCUK_TICARETHANE
1036748757.0,39.770104,30.469862,26010914.0,5.01,3735.372,0,0,0,0,1,0.0,0.0,0.0,0.0,3735.372,1,KUCUK_TICARETHANE
1036749171.0,39.78144245,30.46332152,26005120.0,5.01,1152.511,0,0,0,0,1,0.0,0.0,0.0,0.0,1152.511,1,KUCUK_TICARETHANE
1036749560.0,39.78535587,30.535198,26005686.0,5.01,1412.063,0,0,0,0,1,0.0,0.0,0.0,0.0,1412.063,1,KUCUK_TICARETHANE
1036754089.0,39.78326949,30.45861843,26005972.0,5.01,326.93,0,0,0,0,1,0.0,0.0,0.0,0.0,326.93,1,KUCUK_TICARETHANE
1036754094.0,39.79390173,30.48131414,26006047.0,5.01,192.008,0,0,0,0,1,0.0,0.0,0.0,0.0,192.008,1,KUCUK_TICARETHANE
1036754200.0,39.819439,30.49595021,26006389.0,5.01,454.229,0,0,0,0,1,0.0,0.0,0.0,0.0,454.229,1,KUCUK_TICARETHANE
1036754339.0,39.76109216,30.46066606,26010890.0,5.01,1083.274,0,0,0,0,1,0.0,0.0,0.0,0.0,1083.274,1,KUCUK_TICARETHANE
1036754354.0,39.80051475,30.48678489,26006287.0,5.01,263.009,0,0,0,0,1,0.0,0.0,0.0,0.0,263.009,1,KUCUK_TICARETHANE
1036754364.0,39.7782381,30.46388836,26010841.0,5.01,622.893,0,0,0,0,1,0.0,0.0,0.0,0.0,622.893,1,KUCUK_TICARETHANE
1036754510.0,39.82996548,30.49915885,26006451.0,5.01,431.751,0,0,0,0,1,0.0,0.0,0.0,0.0,431.751,1,KUCUK_TICARETHANE
1036754626.0,39.79109019,30.5188217,26010290.0,5.01,297.668,0,0,0,0,1,0.0,0.0,0.0,0.0,297.668,1,KUCUK_TICARETHANE
1036754676.0,39.80041109,30.49666765,26010539.0,5.01,1145.416,0,0,0,0,1,0.0,0.0,0.0,0.0,1145.416,1,KUCUK_TICARETHANE
1036755091.0,39.79578222,30.4809103,26006124.0,5.01,249.182,0,0,0,0,1,0.0,0.0,0.0,0.0,249.182,1,KUCUK_TICARETHANE
1036755123.0,39.77615,30.46347,26010840.0,5.1,225.974,0,0,0,0,1,0.0,0.0,0.0,0.0,225.974,1,KUCUK_TICARETHANE
1036755219.0,39.78172797,30.44712784,26010827.0,5.01,306.581,0,0,0,0,1,0.0,0.0,0.0,0.0,306.581,1,KUCUK_TICARETHANE
1036755604.0,,,,17.1,8624.842,0,0,0,0,2,0.0,0.0,0.0,0.0,8624.842,2,ORTA_TICARETHANE
1036757422.0,39.79851,30.48389713,26006125.0,5.01,831.945,0,0,0,0,1,0.0,0.0,0.0,0.0,831.945,1,KUCUK_TICARETHANE
1036757658.0,39.77786346,30.45362427,26010837.0,5.01,1750.634,0,0,0,0,1,0.0,0.0,0.0,0.0,1750.634,1,KUCUK_TICARETHANE
1036765202.0,39.78549332,30.46251665,,5.01,247.361,0,0,0,0,1,0.0,0.0,0.0,0.0,247.361,1,KUCUK_TICARETHANE
1036765906.0,39.79506622,30.53213356,26013570.0,5.01,343.407,0,0,0,0,1,0.0,0.0,0.0,0.0,343.407,1,KUCUK_TICARETHANE
1036766617.0,39.77800234,30.46406094,26010841.0,5.01,493.332,0,0,0,0,1,0.0,0.0,0.0,0.0,493.332,1,KUCUK_TICARETHANE
1036766625.0,39.77876828,30.47219577,26010847.0,5.01,187.156,0,0,0,0,1,0.0,0.0,0.0,0.0,187.156,1,KUCUK_TICARETHANE
1036766692.0,39.79492834,30.50122246,26010533.0,5.01,186.035,0,0,0,0,1,0.0,0.0,0.0,0.0,186.035,1,KUCUK_TICARETHANE
1036766913.0,39.78649645,30.51262506,26010675.0,5.01,1200.839,0,0,0,0,1,0.0,0.0,0.0,0.0,1200.839,1,KUCUK_TICARETHANE
1036767011.0,39.79385789,30.50852101,26010525.0,5.28,470.719,0,0,0,0,1,0.0,0.0,0.0,0.0,470.719,1,KUCUK_TICARETHANE
1036767014.0,39.783823,30.455797,26005973.0,5.1,128.645,0,0,0,0,1,0.0,0.0,0.0,0.0,128.645,1,KUCUK_TICARETHANE
1036771431.0,39.79777219,30.51364186,26010517.0,5.01,234.157,0,0,0,0,1,0.0,0.0,0.0,0.0,234.157,1,KUCUK_TICARETHANE
1036771481.0,39.80277409,30.5992699,26003675.0,5.04,120.156,0,0,0,0,1,0.0,0.0,0.0,0.0,120.156,1,KUCUK_TICARETHANE
1036771651.0,39.7780509,30.45024179,26010835.0,5.01,319.086,0,0,0,0,1,0.0,0.0,0.0,0.0,319.086,1,KUCUK_TICARETHANE
1036771744.0,39.77713387,30.44818377,26010832.0,5.1,2671.042,0,0,0,0,1,0.0,0.0,0.0,0.0,2671.042,1,KUCUK_TICARETHANE
1036773603.0,,,,5.01,207.58,0,0,0,0,1,0.0,0.0,0.0,0.0,207.58,1,KUCUK_TICARETHANE
1036773816.0,39.77836996,30.52564824,26006079.0,5.01,200.577,0,0,0,0,1,0.0,0.0,0.0,0.0,200.577,1,KUCUK_TICARETHANE
1036773824.0,39.78883742,30.5400123,26005434.0,5.01,1970.337,0,0,0,0,1,0.0,0.0,0.0,0.0,1970.337,1,KUCUK_TICARETHANE
1036774278.0,39.79113864,30.53677981,26005230.0,5.01,648.964,0,0,0,0,1,0.0,0.0,0.0,0.0,648.964,1,KUCUK_TICARETHANE
1036774387.0,39.77993977,30.45638142,26005121.0,5.01,209.028,0,0,0,0,1,0.0,0.0,0.0,0.0,209.028,1,KUCUK_TICARETHANE
1036774407.0,39.7603337,30.46094827,26010890.0,5.01,1010.418,0,0,0,0,1,0.0,0.0,0.0,0.0,1010.418,1,KUCUK_TICARETHANE
1036774456.0,39.77749367,30.4533516,26010837.0,5.01,86.957,0,0,0,0,1,0.0,0.0,0.0,0.0,86.957,1,KUCUK_TICARETHANE
1036775283.0,39.82854993,30.50392473,26006466.0,5.01,411.529,0,0,0,0,1,0.0,0.0,0.0,0.0,411.529,1,KUCUK_TICARETHANE
1036776329.0,39.80258231,30.49029565,26010545.0,5.01,982.203,0,0,0,0,1,0.0,0.0,0.0,0.0,982.203,1,KUCUK_TICARETHANE
1036776513.0,39.78500147,30.51460939,26010673.0,5.01,150.075,0,0,0,0,1,0.0,0.0,0.0,0.0,150.075,1,KUCUK_TICARETHANE
1036776756.0,39.80142857,30.50663151,26010529.0,5.01,323.476,0,0,0,0,1,0.0,0.0,0.0,0.0,323.476,1,KUCUK_TICARETHANE
1036776767.0,39.80136319,30.51554886,26010518.0,5.01,212.607,0,0,0,0,1,0.0,0.0,0.0,0.0,212.607,1,KUCUK_TICARETHANE
1036777915.0,39.79214776,30.53489702,26005230.0,5.01,202.35,0,0,0,0,1,0.0,0.0,0.0,0.0,202.35,1,KUCUK_TICARETHANE
1036778464.0,39.78250657,30.44410828,26010827.0,5.01,593.96,0,0,0,0,1,0.0,0.0,0.0,0.0,593.96,1,KUCUK_TICARETHANE
1036778686.0,39.79392322,30.50961,26010525.0,5.1,832.597,0,0,0,0,1,0.0,0.0,0.0,0.0,832.597,1,KUCUK_TICARETHANE
1036779073.0,39.78789979,30.48704126,26005893.0,5.01,389.43,0,0,0,0,1,0.0,0.0,0.0,0.0,389.43,1,KUCUK_TICARETHANE
1036779122.0,39.7801136,30.46494155,26010841.0,5.01,28.25,0,0,0,0,1,0.0,0.0,0.0,0.0,28.25,1,KUCUK_TICARETHANE
1036779151.0,39.81038155,30.49397598,26010538.0,5.01,361.478,0,0,0,1,0,0.0,0.0,0.0,361.478,0.0,0,TARIMSAL_SULAMA
1036779367.0,39.77242348,30.47690521,26005720.0,5.1,795.974,0,0,0,0,1,0.0,0.0,0.0,0.0,795.974,1,KUCUK_TICARETHANE
1036779429.0,39.78131045,30.45997638,26005903.0,5.01,258.167,0,0,0,0,1,0.0,0.0,0.0,0.0,258.167,1,KUCUK_TICARETHANE
1036779623.0,39.82991606,30.49894061,26006451.0,5.01,85.067,0,0,0,0,1,0.0,0.0,0.0,0.0,85.067,1,KUCUK_TICARETHANE
1036779801.0,39.82296523,30.50346453,26005773.0,5.01,1019.687,0,0,0,0,1,0.0,0.0,0.0,0.0,1019.687,1,KUCUK_TICARETHANE
1036779960.0,39.80190846,30.50837213,26010529.0,5.01,590.324,0,0,0,0,1,0.0,0.0,0.0,0.0,590.324,1,KUCUK_TICARETHANE
1036780139.0,39.77683735,30.46403011,26010841.0,5.01,185.529,0,0,0,0,1,0.0,0.0,0.0,0.0,185.529,1,KUCUK_TICARETHANE
1036780230.0,39.80141578,30.48107554,26006286.0,5.01,605.281,0,0,0,0,1,0.0,0.0,0.0,0.0,605.281,1,KUCUK_TICARETHANE
1036781534.0,39.76442103,30.46682252,26010913.0,5.01,150.14,0,0,0,0,1,0.0,0.0,0.0,0.0,150.14,1,KUCUK_TICARETHANE
1036783966.0,39.79755032,30.48042539,26006125.0,5.01,673.196,0,0,0,0,1,0.0,0.0,0.0,0.0,673.196,1,KUCUK_TICARETHANE
1036786038.0,39.7949153,30.50695276,26010526.0,5.01,848.01,0,0,0,0,1,0.0,0.0,0.0,0.0,848.01,1,KUCUK_TICARETHANE
1036786701.0,39.78336804,30.51158138,26010685.0,5.01,410.228,0,0,0,0,1,0.0,0.0,0.0,0.0,410.228,1,KUCUK_TICARETHANE
1036787337.0,39.79728175,30.46163275,26013558.0,5.04,3029.924,0,0,0,0,1,0.0,0.0,0.0,0.0,3029.924,1,KUCUK_TICARETHANE
1036787346.0,39.78775049,30.48475806,26005892.0,5.01,96.697,0,0,0,0,1,0.0,0.0,0.0,0.0,96.697,1,KUCUK_TICARETHANE
1036787862.0,39.79441193,30.48561818,26005900.0,5.01,515.575,0,0,0,0,1,0.0,0.0,0.0,0.0,515.575,1,KUCUK_TICARETHANE
1036788227.0,39.77926257,30.4497409,26010835.0,5.01,1630.13,0,0,0,0,1,0.0,0.0,0.0,0.0,1630.13,1,KUCUK_TICARETHANE
1036788252.0,39.79051113,30.53539147,26005872.0,5.1,76.223,0,0,0,0,1,0.0,0.0,0.0,0.0,76.223,1,KUCUK_TICARETHANE
1036788254.0,39.779847,30.485875,26005907.0,5.01,1207.692,0,0,0,0,1,0.0,0.0,0.0,0.0,1207.692,1,KUCUK_TICARETHANE
1036789089.0,39.77823193,30.44663335,26010829.0,5.1,280.915,0,0,0,0,1,0.0,0.0,0.0,0.0,280.915,1,KUCUK_TICARETHANE
1036789096.0,,,,5.1,244.357,0,0,0,0,1,0.0,0.0,0.0,0.0,244.357,1,KUCUK_TICARETHANE
1036790439.0,39.77838138,30.48808588,26006139.0,5.01,616.298,0,0,0,0,1,0.0,0.0,0.0,0.0,616.298,1,KUCUK_TICARETHANE
1036790640.0,39.791434,30.491054,26006361.0,5.1,300.252,0,0,0,0,1,0.0,0.0,0.0,0.0,300.252,1,KUCUK_TICARETHANE
1036792328.0,39.78054657,30.44897816,26010835.0,5.01,327.831,0,0,0,0,1,0.0,0.0,0.0,0.0,327.831,1,KUCUK_TICARETHANE
1036792709.0,39.79805155,30.50401689,26010532.0,5.01,274.239,0,0,0,0,1,0.0,0.0,0.0,0.0,274.239,1,KUCUK_TICARETHANE
1036793262.0,39.78684148,30.52550218,26013564.0,5.01,827.746,0,0,0,0,1,0.0,0.0,0.0,0.0,827.746,1,KUCUK_TICARETHANE
1036793332.0,39.77660409,30.45522463,26010836.0,5.01,279.333,0,0,0,0,1,0.0,0.0,0.0,0.0,279.333,1,KUCUK_TICARETHANE
1036793524.0,39.78212155,30.45923241,26005903.0,5.01,187.787,0,0,0,0,1,0.0,0.0,0.0,0.0,187.787,1,KUCUK_TICARETHANE
1036794153.0,39.792674,30.535783,26005230.0,5.1,202.059,0,0,0,0,1,0.0,0.0,0.0,0.0,202.059,1,KUCUK_TICARETHANE
1036794167.0,39.779107,30.45449,26010837.0,5.1,293.042,0,0,0,0,1,0.0,0.0,0.0,0.0,293.042,1,KUCUK_TICARETHANE
1036794172.0,39.776019,30.459711,26010848.0,5.1,119.361,0,0,0,0,1,0.0,0.0,0.0,0.0,119.361,1,KUCUK_TICARETHANE
1036794309.0,39.7850775,30.45910023,26005904.0,5.01,361.205,0,0,0,0,1,0.0,0.0,0.0,0.0,361.205,1,KUCUK_TICARETHANE
1036795538.0,39.78350436,30.46030496,26005903.0,5.01,1013.998,0,0,0,0,1,0.0,0.0,0.0,0.0,1013.998,1,KUCUK_TICARETHANE
1036798903.0,,,,5.1,200.023,0,0,0,0,1,0.0,0.0,0.0,0.0,200.023,1,KUCUK_TICARETHANE
1036798907.0,39.778349,30.479541,26005698.0,5.1,285.717,0,0,0,0,1,0.0,0.0,0.0,0.0,285.717,1,KUCUK_TICARETHANE
1036802392.0,39.80249977,30.47988017,26006286.0,5.01,194.936,0,0,0,0,1,0.0,0.0,0.0,0.0,194.936,1,KUCUK_TICARETHANE
1036802966.0,39.78562109,30.53613726,26005686.0,5.01,722.987,0,0,0,0,1,0.0,0.0,0.0,0.0,722.987,1,KUCUK_TICARETHANE
1036802999.0,39.79479834,30.48971615,26005899.0,5.01,254.645,0,0,0,0,1,0.0,0.0,0.0,0.0,254.645,1,KUCUK_TICARETHANE
1036803006.0,39.79484045,30.4850492,26005900.0,5.01,235.348,0,0,0,0,1,0.0,0.0,0.0,0.0,235.348,1,KUCUK_TICARETHANE
1036803091.0,,,,5.1,666.536,0,0,0,0,1,0.0,0.0,0.0,0.0,666.536,1,KUCUK_TICARETHANE
1036803524.0,39.78288707,30.45126754,26005971.0,5.01,379.736,0,0,0,0,1,0.0,0.0,0.0,0.0,379.736,1,KUCUK_TICARETHANE
1036803621.0,39.78387695,30.45313666,26005971.0,5.01,275.376,0,0,0,0,1,0.0,0.0,0.0,0.0,275.376,1,KUCUK_TICARETHANE
1036803907.0,39.77999733,30.44920577,26010835.0,5.01,199.028,0,0,0,0,1,0.0,0.0,0.0,0.0,199.028,1,KUCUK_TICARETHANE
1036803916.0,39.79541852,30.52135885,26010154.0,5.01,833.184,0,0,0,0,1,0.0,0.0,0.0,0.0,833.184,1,KUCUK_TICARETHANE
1036803997.0,39.7819525,30.47211528,26010805.0,5.01,3791.64,0,0,0,0,1,0.0,0.0,0.0,0.0,3791.64,1,KUCUK_TICARETHANE
1036804304.0,39.82004016,30.50397071,26005773.0,5.01,475.784,0,0,0,0,1,0.0,0.0,0.0,0.0,475.784,1,KUCUK_TICARETHANE
1036806112.0,39.79979791,30.47307,26006187.0,5.01,51.78,0,0,0,0,1,0.0,0.0,0.0,0.0,51.78,1,KUCUK_TICARETHANE
1036806387.0,39.77793,30.47157,26010846.0,5.01,64.752,0,0,0,0,1,0.0,0.0,0.0,0.0,64.752,1,KUCUK_TICARETHANE
1036806576.0,39.77897067,30.45251966,26010837.0,5.01,123.806,0,0,0,0,1,0.0,0.0,0.0,0.0,123.806,1,KUCUK_TICARETHANE
1036808624.0,39.78864,30.53552,26005927.0,6.01,20530.753,0,0,0,0,1,0.0,0.0,0.0,0.0,20530.753,1,ORTA_TICARETHANE
1036808634.0,39.79981588,30.48818134,26005688.0,5.1,47.004,0,0,0,0,1,0.0,0.0,0.0,0.0,47.004,1,KUCUK_TICARETHANE
1036809676.0,39.76866464,30.47113906,26010914.0,5.01,849.896,0,0,0,0,1,0.0,0.0,0.0,0.0,849.896,1,KUCUK_TICARETHANE
1036811231.0,39.77713726,30.46966688,26010843.0,5.01,340.389,0,0,0,0,1,0.0,0.0,0.0,0.0,340.389,1,KUCUK_TICARETHANE
1036811325.0,39.77991363,30.46066847,26010101.0,5.01,295.028,0,0,0,0,1,0.0,0.0,0.0,0.0,295.028,1,KUCUK_TICARETHANE
1036812950.0,39.78464895,30.45658693,26005973.0,5.01,206.358,0,0,0,0,1,0.0,0.0,0.0,0.0,206.358,1,KUCUK_TICARETHANE
1036812965.0,39.78918013,30.51537716,26005134.0,5.01,855.681,0,0,0,0,1,0.0,0.0,0.0,0.0,855.681,1,KUCUK_TICARETHANE
1036813154.0,39.79230334,30.53748074,26005230.0,5.01,8.179,0,0,0,0,1,0.0,0.0,0.0,0.0,8.179,1,KUCUK_TICARETHANE
1036816114.0,39.78639675,30.51247465,26010675.0,5.01,1501.955,0,0,0,0,1,0.0,0.0,0.0,0.0,1501.955,1,KUCUK_TICARETHANE
1036816115.0,39.7824196,30.5157384,26010672.0,5.01,159.586,0,0,0,0,1,0.0,0.0,0.0,0.0,159.586,1,KUCUK_TICARETHANE
1036816116.0,39.80317945,30.45447473,26005256.0,5.01,1001.067,0,0,0,0,1,0.0,0.0,0.0,0.0,1001.067,1,KUCUK_TICARETHANE
1036816687.0,39.80037678,30.45747681,26013636.0,5.01,234.466,0,0,0,0,1,0.0,0.0,0.0,0.0,234.466,1,KUCUK_TICARETHANE
1036816691.0,39.77908903,30.45957278,26010136.0,5.01,317.051,0,0,0,0,1,0.0,0.0,0.0,0.0,317.051,1,KUCUK_TICARETHANE
1036817040.0,,,,5.1,66.532,0,0,0,0,1,0.0,0.0,0.0,0.0,66.532,1,KUCUK_TICARETHANE
1036817128.0,39.778366,30.456845,26010838.0,5.1,124.005,0,0,0,0,1,0.0,0.0,0.0,0.0,124.005,1,KUCUK_TICARETHANE
1036817161.0,39.777625,30.462218,26010840.0,5.1,126.854,0,0,0,0,1,0.0,0.0,0.0,0.0,126.854,1,KUCUK_TICARETHANE
1036817664.0,39.79351896,30.52361638,26010154.0,5.01,27.81,0,0,0,0,1,0.0,0.0,0.0,0.0,27.81,1,KUCUK_TICARETHANE
1036819775.0,39.77289174,30.4697013,26010900.0,5.01,74.016,0,0,0,0,1,0.0,0.0,0.0,0.0,74.016,1,KUCUK_TICARETHANE
1036819970.0,39.79871785,30.47979126,26006125.0,5.01,356.071,0,0,0,0,1,0.0,0.0,0.0,0.0,356.071,1,KUCUK_TICARETHANE
1036820010.0,39.77899451,30.5155,26005145.0,10.81,49923.781,0,0,0,0,1,0.0,0.0,0.0,0.0,49923.781,1,ORTA_TICARETHANE
1036820904.0,39.80000574,30.47459711,26006286.0,32.94,4147.625,0,0,0,0,1,0.0,0.0,0.0,0.0,4147.625,1,ORTA_TICARETHANE
1036821040.0,39.77810348,30.46499473,26010841.0,5.01,330.862,0,0,0,0,1,0.0,0.0,0.0,0.0,330.862,1,KUCUK_TICARETHANE
1036821165.0,39.79644034,30.52794746,26013571.0,5.01,307.627,0,0,0,0,1,0.0,0.0,0.0,0.0,307.627,1,KUCUK_TICARETHANE
1036821198.0,39.80053242,30.51201734,26010521.0,5.01,221.58,0,0,0,0,1,0.0,0.0,0.0,0.0,221.58,1,KUCUK_TICARETHANE
1036821202.0,39.7837297,30.45048889,26005971.0,5.01,479.973,0,0,0,0,1,0.0,0.0,0.0,0.0,479.973,1,KUCUK_TICARETHANE
1036825060.0,39.79894948,30.51013269,26010523.0,5.01,341.558,0,0,0,0,1,0.0,0.0,0.0,0.0,341.558,1,KUCUK_TICARETHANE
1036825604.0,39.7709519,30.4722383,26010914.0,5.01,383.964,0,0,0,0,1,0.0,0.0,0.0,0.0,383.964,1,KUCUK_TICARETHANE
1036825822.0,39.7839022,30.46334227,26005904.0,5.01,117.535,0,0,0,0,1,0.0,0.0,0.0,0.0,117.535,1,KUCUK_TICARETHANE
1036827506.0,39.77579833,30.45432269,26010839.0,5.01,692.093,0,0,0,0,1,0.0,0.0,0.0,0.0,692.093,1,KUCUK_TICARETHANE
1036827638.0,39.771182,30.4622,26010898.0,5.1,73.236,0,0,0,0,1,0.0,0.0,0.0,0.0,73.236,1,KUCUK_TICARETHANE
1036828184.0,39.79917252,30.49071785,26005688.0,5.01,183.609,0,0,0,0,1,0.0,0.0,0.0,0.0,183.609,1,KUCUK_TICARETHANE
1036828924.0,39.79554597,30.52411173,26013572.0,5.01,131.431,0,0,0,0,1,0.0,0.0,0.0,0.0,131.431,1,KUCUK_TICARETHANE
1036829303.0,39.79061192,30.46359167,26010448.0,5.01,758.986,0,0,0,0,1,0.0,0.0,0.0,0.0,758.986,1,KUCUK_TICARETHANE
1036830682.0,39.82415418,30.49892642,26005773.0,5.01,1241.19,0,0,0,0,1,0.0,0.0,0.0,0.0,1241.19,1,KUCUK_TICARETHANE
1036831434.0,39.79313179,30.48681039,26005901.0,5.01,271.734,0,0,0,0,1,0.0,0.0,0.0,0.0,271.734,1,KUCUK_TICARETHANE
1036831438.0,39.79834735,30.48256244,26006286.0,5.01,256.668,0,0,0,0,1,0.0,0.0,0.0,0.0,256.668,1,KUCUK_TICARETHANE
1036833388.0,39.78417917,30.4640201,26005120.0,5.01,48.494,0,0,0,0,1,0.0,0.0,0.0,0.0,48.494,1,KUCUK_TICARETHANE
1036833391.0,39.77512953,30.46867421,26010845.0,5.01,132.223,0,0,0,0,1,0.0,0.0,0.0,0.0,132.223,1,KUCUK_TICARETHANE
1036833397.0,39.77494005,30.45146292,26010834.0,5.01,303.713,0,0,0,0,1,0.0,0.0,0.0,0.0,303.713,1,KUCUK_TICARETHANE
1036833575.0,39.78132136,30.4474391,26010835.0,5.1,962.591,0,0,0,0,1,0.0,0.0,0.0,0.0,962.591,1,KUCUK_TICARETHANE
1036833873.0,39.79979098,30.45888188,26013635.0,5.01,1303.329,0,0,0,0,1,0.0,0.0,0.0,0.0,1303.329,1,KUCUK_TICARETHANE
1036834500.0,39.77740133,30.46012496,26010136.0,5.01,195.39,0,0,0,0,1,0.0,0.0,0.0,0.0,195.39,1,KUCUK_TICARETHANE
1036834723.0,39.78270531,30.4532956,26005971.0,5.1,323.341,0,0,0,0,1,0.0,0.0,0.0,0.0,323.341,1,KUCUK_TICARETHANE
1036834726.0,39.79942847,30.49234855,26010544.0,5.01,387.392,0,0,0,0,1,0.0,0.0,0.0,0.0,387.392,1,KUCUK_TICARETHANE
1036834939.0,39.79653046,30.51275864,26010524.0,5.01,155.778,0,0,0,0,1,0.0,0.0,0.0,0.0,155.778,1,KUCUK_TICARETHANE
1036835285.0,39.79822175,30.47940632,26006125.0,5.01,155.643,0,0,0,0,1,0.0,0.0,0.0,0.0,155.643,1,KUCUK_TICARETHANE
1036836027.0,39.78271777,30.52890046,26005928.0,5.01,1387.648,0,0,0,0,1,0.0,0.0,0.0,0.0,1387.648,1,KUCUK_TICARETHANE
1036836046.0,39.79342121,30.48034324,26006047.0,5.01,131.781,0,0,0,0,1,0.0,0.0,0.0,0.0,131.781,1,KUCUK_TICARETHANE
1036837018.0,39.79462135,30.5071728,26010530.0,5.01,521.831,0,0,0,0,1,0.0,0.0,0.0,0.0,521.831,1,KUCUK_TICARETHANE
1036838241.0,39.80151992,30.49967833,26010539.0,5.01,850.787,0,0,0,0,1,0.0,0.0,0.0,0.0,850.787,1,KUCUK_TICARETHANE
1036839653.0,39.78489598,30.45385638,26005971.0,5.01,304.291,0,0,0,0,1,0.0,0.0,0.0,0.0,304.291,1,KUCUK_TICARETHANE
1036839660.0,39.7777816,30.46597133,26005120.0,5.01,71.199,0,0,0,0,1,0.0,0.0,0.0,0.0,71.199,1,KUCUK_TICARETHANE
1036839675.0,39.80016525,30.45902395,26013635.0,5.01,421.344,0,0,0,0,1,0.0,0.0,0.0,0.0,421.344,1,KUCUK_TICARETHANE
1036841334.0,39.78907508,30.48517343,26005893.0,5.01,316.323,0,0,0,0,4,0.0,0.0,0.0,0.0,316.323,4,KUCUK_TICARETHANE
1036841683.0,39.78046721,30.52360383,26005917.0,5.01,100.858,0,0,0,0,1,0.0,0.0,0.0,0.0,100.858,1,KUCUK_TICARETHANE
1036842085.0,39.7806243,30.44977514,26010835.0,5.1,252.86,0,0,0,0,1,0.0,0.0,0.0,0.0,252.86,1,KUCUK_TICARETHANE
1036842347.0,39.77913118,30.48936586,26006139.0,5.01,114.102,0,0,0,0,1,0.0,0.0,0.0,0.0,114.102,1,KUCUK_TICARETHANE
1036842906.0,39.80176984,30.51178167,26010521.0,5.01,69.651,0,0,0,0,1,0.0,0.0,0.0,0.0,69.651,1,KUCUK_TICARETHANE
1036842997.0,39.79739526,30.50611203,26010530.0,5.01,852.25,0,0,0,0,1,0.0,0.0,0.0,0.0,852.25,1,KUCUK_TICARETHANE
1036843323.0,39.83044582,30.50524027,26006466.0,5.01,388.647,0,0,0,0,1,0.0,0.0,0.0,0.0,388.647,1,KUCUK_TICARETHANE
1036844393.0,39.77434279,30.47878972,26005721.0,5.01,1289.822,0,0,0,0,1,0.0,0.0,0.0,0.0,1289.822,1,KUCUK_TICARETHANE
1036844548.0,39.78253713,30.45683423,26005972.0,5.01,101.895,0,0,0,0,1,0.0,0.0,0.0,0.0,101.895,1,KUCUK_TICARETHANE
1036846550.0,39.781163,30.450478,26010835.0,5.1,421.529,0,0,0,0,1,0.0,0.0,0.0,0.0,421.529,1,KUCUK_TICARETHANE
1036846681.0,39.78429033,30.53203811,26013563.0,5.01,81.949,0,0,0,0,1,0.0,0.0,0.0,0.0,81.949,1,KUCUK_TICARETHANE
1036846689.0,39.80172847,30.4951593,26010537.0,5.01,183.974,0,0,0,0,1,0.0,0.0,0.0,0.0,183.974,1,KUCUK_TICARETHANE
1036847636.0,39.79962291,30.50909041,26010528.0,5.1,162.156,0,0,0,0,1,0.0,0.0,0.0,0.0,162.156,1,KUCUK_TICARETHANE
1036848556.0,39.79797028,30.50982694,26010523.0,5.01,190.167,0,0,0,0,1,0.0,0.0,0.0,0.0,190.167,1,KUCUK_TICARETHANE
1036848639.0,39.79241885,30.47271775,26006045.0,5.01,176.666,0,0,0,0,1,0.0,0.0,0.0,0.0,176.666,1,KUCUK_TICARETHANE
1036849295.0,39.76980774,30.46893979,26010914.0,5.1,231.759,0,0,0,0,1,0.0,0.0,0.0,0.0,231.759,1,KUCUK_TICARETHANE
1036849500.0,39.72229391,30.25611744,26014359.0,60.0,37.32,0,0,0,0,1,0.0,0.0,0.0,0.0,37.32,1,ORTA_TICARETHANE
1036849989.0,39.80125999,30.5764252,26009785.0,5.01,30.322,0,0,0,0,1,0.0,0.0,0.0,0.0,30.322,1,KUCUK_TICARETHANE
1036851506.0,39.77702863,30.44844961,26010832.0,5.01,21.981,0,0,0,0,1,0.0,0.0,0.0,0.0,21.981,1,KUCUK_TICARETHANE
1036851616.0,39.79346464,30.52563302,26013568.0,5.1,434.333,0,0,0,0,1,0.0,0.0,0.0,0.0,434.333,1,KUCUK_TICARETHANE
1036851621.0,39.79052706,30.45421468,26005957.0,5.1,1541.317,0,0,0,0,1,0.0,0.0,0.0,0.0,1541.317,1,KUCUK_TICARETHANE
1036852466.0,39.78147646,30.46248165,26005904.0,5.01,72.088,0,0,0,0,1,0.0,0.0,0.0,0.0,72.088,1,KUCUK_TICARETHANE
1036853072.0,39.76400557,30.46674216,26010888.0,5.01,11.876,0,0,0,0,1,0.0,0.0,0.0,0.0,11.876,1,KUCUK_TICARETHANE
1036853293.0,39.76045904,30.46097562,26010890.0,5.01,704.512,0,0,0,0,1,0.0,0.0,0.0,0.0,704.512,1,KUCUK_TICARETHANE
1036853294.0,39.79761148,30.48797869,26005688.0,5.01,121.896,0,0,0,0,1,0.0,0.0,0.0,0.0,121.896,1,KUCUK_TICARETHANE
1036853532.0,39.79585117,30.50611157,26010526.0,5.01,78.268,0,0,0,0,1,0.0,0.0,0.0,0.0,78.268,1,KUCUK_TICARETHANE
1036853799.0,39.77435607,30.47984226,26005721.0,5.1,371.294,0,0,0,0,1,0.0,0.0,0.0,0.0,371.294,1,KUCUK_TICARETHANE
1036854612.0,39.796521,30.48621975,26005687.0,5.01,1812.997,0,0,0,0,1,0.0,0.0,0.0,0.0,1812.997,1,KUCUK_TICARETHANE
1036856225.0,39.784193,30.458133,26005972.0,5.1,298.623,0,0,0,0,1,0.0,0.0,0.0,0.0,298.623,1,KUCUK_TICARETHANE
1036856872.0,39.79810832,30.50724508,26010528.0,5.01,159.47,0,0,0,0,1,0.0,0.0,0.0,0.0,159.47,1,KUCUK_TICARETHANE
1036860193.0,39.79707822,30.49646956,26010541.0,5.01,244.507,0,0,0,0,1,0.0,0.0,0.0,0.0,244.507,1,KUCUK_TICARETHANE
1036860660.0,39.79088058,30.53613734,26005872.0,5.01,202.216,0,0,0,0,1,0.0,0.0,0.0,0.0,202.216,1,KUCUK_TICARETHANE
1036860663.0,39.83110721,30.49910726,26006451.0,5.01,10.026,0,0,0,0,1,0.0,0.0,0.0,0.0,10.026,1,KUCUK_TICARETHANE
1036861566.0,39.79294128,30.53608102,26005230.0,5.01,590.874,0,0,0,0,1,0.0,0.0,0.0,0.0,590.874,1,KUCUK_TICARETHANE
1036862487.0,39.778339,30.514017,26005188.0,14.44,9968.769,0,0,0,0,1,0.0,0.0,0.0,0.0,9968.769,1,KUCUK_TICARETHANE
1036863208.0,39.77933991,30.45421144,26010837.0,5.01,118.24,0,0,0,0,1,0.0,0.0,0.0,0.0,118.24,1,KUCUK_TICARETHANE
1036863217.0,39.77980581,30.45557748,26010838.0,5.1,1469.114,0,0,0,0,1,0.0,0.0,0.0,0.0,1469.114,1,KUCUK_TICARETHANE
1036864874.0,39.77710258,30.44864042,26010832.0,5.1,420.019,0,0,0,0,1,0.0,0.0,0.0,0.0,420.019,1,KUCUK_TICARETHANE
1036864880.0,39.78550921,30.46330966,26005904.0,5.01,101.028,0,0,0,0,1,0.0,0.0,0.0,0.0,101.028,1,KUCUK_TICARETHANE
1036865674.0,39.77711167,30.45303866,26010836.0,5.01,922.413,0,0,0,0,1,0.0,0.0,0.0,0.0,922.413,1,KUCUK_TICARETHANE
1036865880.0,39.7875387,30.53659971,26005428.0,5.01,648.717,0,0,0,0,1,0.0,0.0,0.0,0.0,648.717,1,KUCUK_TICARETHANE
1036866386.0,39.80236961,30.51839188,26010515.0,5.01,185.35,0,0,0,0,1,0.0,0.0,0.0,0.0,185.35,1,KUCUK_TICARETHANE
1036866713.0,39.79466082,30.47199346,26006044.0,5.01,271.642,0,0,0,0,1,0.0,0.0,0.0,0.0,271.642,1,KUCUK_TICARETHANE
1036867087.0,39.79441888,30.50860224,26010526.0,5.1,220.456,0,0,0,0,1,0.0,0.0,0.0,0.0,220.456,1,KUCUK_TICARETHANE
1036867416.0,39.79289959,30.47925479,26006203.0,5.01,127.018,0,0,0,0,1,0.0,0.0,0.0,0.0,127.018,1,KUCUK_TICARETHANE
1036867463.0,39.78461216,30.44529245,26005681.0,5.01,40.834,0,0,0,0,1,0.0,0.0,0.0,0.0,40.834,1,KUCUK_TICARETHANE
1036867544.0,39.76073378,30.45908837,26010891.0,8.16,1050.942,0,0,0,0,1,0.0,0.0,0.0,0.0,1050.942,1,KUCUK_TICARETHANE
1036867811.0,39.77540103,30.46085285,26010848.0,5.1,198.889,0,0,0,0,1,0.0,0.0,0.0,0.0,198.889,1,KUCUK_TICARETHANE
1036868355.0,39.77120005,30.47929006,26010904.0,7.2,460.717,0,0,0,0,1,0.0,0.0,0.0,0.0,460.717,1,KUCUK_TICARETHANE
1036868363.0,39.79105647,30.52052717,26010590.0,5.01,300.871,0,0,0,0,1,0.0,0.0,0.0,0.0,300.871,1,KUCUK_TICARETHANE
1036868440.0,39.79984057,30.51524336,26010519.0,5.01,159.415,0,0,0,0,1,0.0,0.0,0.0,0.0,159.415,1,KUCUK_TICARETHANE
1036869712.0,39.79282181,30.48831067,26005901.0,5.01,312.488,0,0,0,0,1,0.0,0.0,0.0,0.0,312.488,1,KUCUK_TICARETHANE
1036870183.0,39.786784,30.539252,26005428.0,5.1,309.822,0,0,0,0,1,0.0,0.0,0.0,0.0,309.822,1,KUCUK_TICARETHANE
1036870280.0,39.79947223,30.51105589,26010521.0,5.1,65.47,0,0,0,0,1,0.0,0.0,0.0,0.0,65.47,1,KUCUK_TICARETHANE
1036870282.0,39.79699554,30.51050598,26010524.0,5.1,124.651,0,0,0,0,1,0.0,0.0,0.0,0.0,124.651,1,KUCUK_TICARETHANE
1036870434.0,39.7810007,30.46188388,26010101.0,5.04,298.011,0,0,0,0,1,0.0,0.0,0.0,0.0,298.011,1,KUCUK_TICARETHANE
1036870532.0,39.79531116,30.5104377,26010524.0,5.01,890.208,0,0,0,0,1,0.0,0.0,0.0,0.0,890.208,1,KUCUK_TICARETHANE
1036873216.0,39.76663926,30.46861174,26010913.0,5.01,171.601,0,0,0,0,1,0.0,0.0,0.0,0.0,171.601,1,KUCUK_TICARETHANE
1036873987.0,39.79376103,30.51029994,26010525.0,5.01,158.522,0,0,0,0,1,0.0,0.0,0.0,0.0,158.522,1,KUCUK_TICARETHANE
1036874362.0,39.79794618,30.48311005,26006125.0,5.01,234.834,0,0,0,0,1,0.0,0.0,0.0,0.0,234.834,1,KUCUK_TICARETHANE
1036874785.0,39.79061828,30.52051821,26010590.0,5.1,256.986,0,0,0,0,1,0.0,0.0,0.0,0.0,256.986,1,KUCUK_TICARETHANE
1036875521.0,39.78300223,30.45832201,26005972.0,5.1,1281.861,0,0,0,0,1,0.0,0.0,0.0,0.0,1281.861,1,KUCUK_TICARETHANE
1036875541.0,39.80170275,30.51460285,26010518.0,5.1,463.87,0,0,0,0,1,0.0,0.0,0.0,0.0,463.87,1,KUCUK_TICARETHANE
1036875915.0,39.79635002,30.5014611,26010533.0,5.01,52.295,0,0,0,0,1,0.0,0.0,0.0,0.0,52.295,1,KUCUK_TICARETHANE
1036875928.0,39.79793686,30.46459024,26013558.0,5.01,239.349,0,0,0,0,1,0.0,0.0,0.0,0.0,239.349,1,KUCUK_TICARETHANE
1036876576.0,39.77774725,30.44979402,26010835.0,5.1,60.218,0,0,0,0,1,0.0,0.0,0.0,0.0,60.218,1,KUCUK_TICARETHANE
1036876583.0,39.78944811,30.53923581,26005434.0,5.1,111.074,0,0,0,0,1,0.0,0.0,0.0,0.0,111.074,1,KUCUK_TICARETHANE
1036876606.0,39.78192553,30.44926642,26006212.0,5.1,93.884,0,0,0,0,1,0.0,0.0,0.0,0.0,93.884,1,KUCUK_TICARETHANE
1036877419.0,39.78270446,30.49127635,26006141.0,5.01,185.599,0,0,0,0,1,0.0,0.0,0.0,0.0,185.599,1,KUCUK_TICARETHANE
1036878066.0,39.78747999,30.4842145,26006181.0,5.01,276.566,0,0,0,0,1,0.0,0.0,0.0,0.0,276.566,1,KUCUK_TICARETHANE
1036878712.0,39.78075678,30.44813093,26010835.0,5.01,6.388,0,0,0,0,1,0.0,0.0,0.0,0.0,6.388,1,KUCUK_TICARETHANE
1036878988.0,39.76428858,30.46451525,26010913.0,5.01,1336.618,0,0,0,0,1,0.0,0.0,0.0,0.0,1336.618,1,KUCUK_TICARETHANE
1036879072.0,39.80161732,30.49470193,26010537.0,5.01,55.534,0,0,0,0,1,0.0,0.0,0.0,0.0,55.534,1,KUCUK_TICARETHANE
1036879418.0,39.78709022,30.50120579,26010554.0,108.0,13345.12,0,0,0,0,1,0.0,0.0,0.0,0.0,13345.12,1,ORTA_TICARETHANE
1036879469.0,39.78105049,30.44770911,26010835.0,5.01,129.746,0,0,0,0,1,0.0,0.0,0.0,0.0,129.746,1,KUCUK_TICARETHANE
1036879493.0,39.80054117,30.48446838,26006287.0,5.01,266.729,0,0,0,0,1,0.0,0.0,0.0,0.0,266.729,1,KUCUK_TICARETHANE
1036879496.0,39.7761705,30.46825998,26010843.0,5.01,88.76,0,0,0,0,1,0.0,0.0,0.0,0.0,88.76,1,KUCUK_TICARETHANE
1036879724.0,39.77917209,30.45428404,26010837.0,5.01,914.399,0,0,0,0,1,0.0,0.0,0.0,0.0,914.399,1,KUCUK_TICARETHANE
1036880642.0,39.77634839,30.44946827,26010832.0,5.01,88.914,0,0,0,0,1,0.0,0.0,0.0,0.0,88.914,1,KUCUK_TICARETHANE
1036881013.0,39.776388,30.452158,26010834.0,5.1,79.942,0,0,0,0,1,0.0,0.0,0.0,0.0,79.942,1,KUCUK_TICARETHANE
1036881071.0,39.78136586,30.4622,26005903.0,5.1,33.371,0,0,0,0,1,0.0,0.0,0.0,0.0,33.371,1,KUCUK_TICARETHANE
1036881278.0,39.78131181,30.47225431,26010805.0,5.01,2067.193,0,2,0,0,1,0.0,1106.948,0.0,0.0,960.245,3,KUCUK_TICARETHANE
1036881338.0,39.78592868,30.53555022,26005686.0,5.01,724.991,0,0,0,0,1,0.0,0.0,0.0,0.0,724.991,1,KUCUK_TICARETHANE
1036881360.0,39.784285,30.457084,26005973.0,5.01,63.135,0,0,0,0,1,0.0,0.0,0.0,0.0,63.135,1,KUCUK_TICARETHANE
1036881364.0,39.800916,30.516132,26010515.0,5.01,162.476,0,0,0,0,1,0.0,0.0,0.0,0.0,162.476,1,KUCUK_TICARETHANE
1036881397.0,39.77930576,30.44362594,26010829.0,5.01,994.635,0,0,0,0,1,0.0,0.0,0.0,0.0,994.635,1,KUCUK_TICARETHANE
1036881451.0,39.77809511,30.44931187,26010835.0,5.01,92.27,0,0,0,0,1,0.0,0.0,0.0,0.0,92.27,1,KUCUK_TICARETHANE
1036881808.0,39.77785517,30.48841468,26006139.0,5.1,68.352,0,0,0,0,1,0.0,0.0,0.0,0.0,68.352,1,KUCUK_TICARETHANE
1036882071.0,39.78942404,30.44006694,26010823.0,5.01,651.184,0,0,0,0,1,0.0,0.0,0.0,0.0,651.184,1,KUCUK_TICARETHANE
1036882518.0,39.78200133,30.52323427,26005917.0,5.01,286.622,0,0,0,0,1,0.0,0.0,0.0,0.0,286.622,1,KUCUK_TICARETHANE
1036884481.0,39.80270275,30.51162128,26010520.0,5.01,172.777,0,0,0,0,1,0.0,0.0,0.0,0.0,172.777,1,KUCUK_TICARETHANE
1036884590.0,39.77711124,30.45772121,26010136.0,5.01,102.228,0,0,0,0,1,0.0,0.0,0.0,0.0,102.228,1,KUCUK_TICARETHANE
1036884601.0,39.83076091,30.49990303,26006451.0,5.01,14.974,0,0,0,0,1,0.0,0.0,0.0,0.0,14.974,1,KUCUK_TICARETHANE
1036884622.0,39.78358263,30.51005458,26010549.0,5.01,278.773,0,0,0,0,1,0.0,0.0,0.0,0.0,278.773,1,KUCUK_TICARETHANE
1036884735.0,39.77813146,30.52697616,26006079.0,5.01,144.121,0,0,0,0,1,0.0,0.0,0.0,0.0,144.121,1,KUCUK_TICARETHANE
1036885376.0,39.7793664,30.4583623,26010136.0,5.01,51.571,0,0,0,0,1,0.0,0.0,0.0,0.0,51.571,1,KUCUK_TICARETHANE
1036885414.0,39.793535,30.49077251,26006361.0,5.1,121.85,0,0,0,0,1,0.0,0.0,0.0,0.0,121.85,1,KUCUK_TICARETHANE
1036885515.0,39.788543,30.480011,26006157.0,6.0,4136.057,0,0,0,0,1,0.0,0.0,0.0,0.0,4136.057,1,KUCUK_TICARETHANE
1036885608.0,39.79712948,30.506218,26010528.0,5.01,865.195,0,0,0,0,1,0.0,0.0,0.0,0.0,865.195,1,KUCUK_TICARETHANE
1036886119.0,39.78035715,30.45889699,26005121.0,5.01,108.171,0,0,0,0,1,0.0,0.0,0.0,0.0,108.171,1,KUCUK_TICARETHANE
1036886248.0,39.784888,30.5244481,26006026.0,5.01,332.253,0,0,0,0,1,0.0,0.0,0.0,0.0,332.253,1,KUCUK_TICARETHANE
1036886726.0,39.77444666,30.46567051,26010843.0,5.01,113.554,0,0,0,0,1,0.0,0.0,0.0,0.0,113.554,1,KUCUK_TICARETHANE
1036886760.0,,,,6.805,214.27700000000002,0,0,0,0,2,0.0,0.0,0.0,0.0,214.27700000000002,2,KUCUK_TICARETHANE
1036886974.0,39.79427097,30.52448252,26010154.0,5.1,97.008,0,0,0,0,1,0.0,0.0,0.0,0.0,97.008,1,KUCUK_TICARETHANE
1036887952.0,39.79500843,30.52947431,26013570.0,5.01,179.794,0,0,0,0,1,0.0,0.0,0.0,0.0,179.794,1,KUCUK_TICARETHANE
1036888533.0,39.77777237,30.45559804,26010838.0,5.01,139.042,0,0,0,0,1,0.0,0.0,0.0,0.0,139.042,1,KUCUK_TICARETHANE
1036888888.0,39.77474379,30.48161807,26010905.0,5.01,27.617,0,0,0,0,1,0.0,0.0,0.0,0.0,27.617,1,KUCUK_TICARETHANE
1036889028.0,39.79418797,30.48128455,26005900.0,5.1,158.563,0,0,0,0,1,0.0,0.0,0.0,0.0,158.563,1,KUCUK_TICARETHANE
1036889033.0,39.76798086,30.47140179,26010914.0,5.1,101.482,0,0,0,0,1,0.0,0.0,0.0,0.0,101.482,1,KUCUK_TICARETHANE
1036889464.0,39.800774,30.513375,26010519.0,5.1,1158.357,0,0,0,0,1,0.0,0.0,0.0,0.0,1158.357,1,KUCUK_TICARETHANE
1036889991.0,39.77976418,30.51754159,26005146.0,5.01,12.875,0,0,0,0,1,0.0,0.0,0.0,0.0,12.875,1,KUCUK_TICARETHANE
1036889992.0,39.77788777,30.44831083,26010832.0,5.01,121.136,0,0,0,0,1,0.0,0.0,0.0,0.0,121.136,1,KUCUK_TICARETHANE
1036889997.0,39.79665049,30.512468,26010517.0,5.01,33.787,0,0,0,0,1,0.0,0.0,0.0,0.0,33.787,1,KUCUK_TICARETHANE
1036890143.0,39.79635909,30.47695951,26006124.0,5.01,73.239,0,0,0,0,1,0.0,0.0,0.0,0.0,73.239,1,KUCUK_TICARETHANE
1036890178.0,39.78221042,30.45095758,26005971.0,5.01,355.695,0,0,0,0,1,0.0,0.0,0.0,0.0,355.695,1,KUCUK_TICARETHANE
1036890188.0,39.78942481,30.48264156,26005892.0,5.1,172.477,0,0,0,0,1,0.0,0.0,0.0,0.0,172.477,1,KUCUK_TICARETHANE
1036890434.0,39.78898103,30.48388447,26005892.0,5.1,21.773,0,0,0,0,1,0.0,0.0,0.0,0.0,21.773,1,KUCUK_TICARETHANE
1036890588.0,39.795228,30.471132,26006123.0,5.1,1183.95,0,0,0,0,1,0.0,0.0,0.0,0.0,1183.95,1,KUCUK_TICARETHANE
1036890596.0,39.79954172,30.48724358,26006287.0,5.1,119.666,0,0,0,0,1,0.0,0.0,0.0,0.0,119.666,1,KUCUK_TICARETHANE
1036892646.0,39.77827982,30.4500489,26010835.0,5.01,49.971,0,0,0,0,1,0.0,0.0,0.0,0.0,49.971,1,KUCUK_TICARETHANE
1036892664.0,39.79616107,30.52744937,26013571.0,5.01,414.463,0,0,0,0,1,0.0,0.0,0.0,0.0,414.463,1,KUCUK_TICARETHANE
1036892985.0,39.78137421,30.46229653,26005903.0,5.01,78.616,0,0,0,0,1,0.0,0.0,0.0,0.0,78.616,1,KUCUK_TICARETHANE
1036893205.0,39.79442787,30.51831781,26010288.0,5.01,118.403,0,0,0,0,1,0.0,0.0,0.0,0.0,118.403,1,KUCUK_TICARETHANE
1036893317.0,39.78903589,30.46843308,26010451.0,5.01,76.592,0,0,0,0,1,0.0,0.0,0.0,0.0,76.592,1,KUCUK_TICARETHANE
1036893467.0,39.78228867,30.52030326,26005722.0,5.01,36.383,0,0,0,0,1,0.0,0.0,0.0,0.0,36.383,1,KUCUK_TICARETHANE
1036893536.0,39.80013795,30.51793924,26010516.0,5.01,28.213,0,0,0,0,1,0.0,0.0,0.0,0.0,28.213,1,KUCUK_TICARETHANE
1036894276.0,39.78953077,30.45984424,26010445.0,5.01,45.812,0,0,0,0,1,0.0,0.0,0.0,0.0,45.812,1,KUCUK_TICARETHANE
1036895849.0,39.78646134,30.44863911,26005681.0,5.01,361.422,0,0,0,0,1,0.0,0.0,0.0,0.0,361.422,1,KUCUK_TICARETHANE
1036895906.0,39.79742149,30.50374117,26010532.0,5.01,7.398,0,0,0,0,1,0.0,0.0,0.0,0.0,7.398,1,KUCUK_TICARETHANE
1036895908.0,39.79371557,30.51885078,26010288.0,5.01,67.161,0,0,0,0,1,0.0,0.0,0.0,0.0,67.161,1,KUCUK_TICARETHANE
1036896531.0,39.79992982,30.48701256,26006287.0,5.01,162.424,0,0,0,0,1,0.0,0.0,0.0,0.0,162.424,1,KUCUK_TICARETHANE
1036897468.0,39.77884251,30.48358622,26010294.0,5.01,33.748,0,0,0,0,1,0.0,0.0,0.0,0.0,33.748,1,KUCUK_TICARETHANE
1036897684.0,39.77987072,30.45969647,26010101.0,5.01,152.594,0,0,0,0,1,0.0,0.0,0.0,0.0,152.594,1,KUCUK_TICARETHANE
1036898152.0,39.77720519,30.46835732,26010843.0,5.1,25.471,0,0,0,0,1,0.0,0.0,0.0,0.0,25.471,1,KUCUK_TICARETHANE
1036898180.0,39.77617225,30.44613389,26010833.0,5.1,68.266,0,0,0,0,1,0.0,0.0,0.0,0.0,68.266,1,KUCUK_TICARETHANE
1036898342.0,39.79370572,30.45753517,26007420.0,108.0,12672.72,0,0,0,0,1,0.0,0.0,0.0,0.0,12672.72,1,ORTA_TICARETHANE
1036898354.0,39.79370223,30.45753371,26007420.0,108.0,9686.96,0,0,0,0,1,0.0,0.0,0.0,0.0,9686.96,1,ORTA_TICARETHANE
1036898594.0,39.78312393,30.45962411,26005903.0,5.01,50.83,0,0,0,0,1,0.0,0.0,0.0,0.0,50.83,1,KUCUK_TICARETHANE
1036899212.0,39.78119865,30.4469219,26010827.0,5.01,80.541,0,0,0,0,1,0.0,0.0,0.0,0.0,80.541,1,KUCUK_TICARETHANE
1036899401.0,39.79841794,30.51667598,26010516.0,5.1,56.159,0,0,0,0,1,0.0,0.0,0.0,0.0,56.159,1,KUCUK_TICARETHANE
1036899651.0,39.80081689,30.46123744,26013558.0,5.01,142.783,0,0,0,0,1,0.0,0.0,0.0,0.0,142.783,1,KUCUK_TICARETHANE
1036900314.0,39.80041479,30.45389109,26013636.0,5.01,1806.433,0,0,0,0,1,0.0,0.0,0.0,0.0,1806.433,1,KUCUK_TICARETHANE
1036900463.0,39.77953131,30.45518077,26005121.0,5.01,34.404,0,0,0,0,1,0.0,0.0,0.0,0.0,34.404,1,KUCUK_TICARETHANE
1036900862.0,39.79183072,30.52942191,26013567.0,5.01,18.592,0,0,0,0,1,0.0,0.0,0.0,0.0,18.592,1,KUCUK_TICARETHANE
1036901822.0,39.77731445,30.44967076,26010832.0,5.01,119.657,0,0,0,0,1,0.0,0.0,0.0,0.0,119.657,1,KUCUK_TICARETHANE
1036902152.0,39.76126767,30.46083154,26010890.0,5.04,69.29,0,0,0,0,1,0.0,0.0,0.0,0.0,69.29,1,KUCUK_TICARETHANE
1036902489.0,39.78629561,30.54048796,26005429.0,5.01,330.131,0,0,0,0,1,0.0,0.0,0.0,0.0,330.131,1,KUCUK_TICARETHANE
1036903528.0,39.77481131,30.48303968,26010905.0,13.8,75.659,0,0,0,0,1,0.0,0.0,0.0,0.0,75.659,1,KUCUK_TICARETHANE
1036903530.0,39.77736189,30.45011201,26010832.0,5.1,48.433,0,0,0,0,1,0.0,0.0,0.0,0.0,48.433,1,KUCUK_TICARETHANE
1036903859.0,39.76959398,30.47157107,26010914.0,5.01,48.694,0,0,0,0,1,0.0,0.0,0.0,0.0,48.694,1,KUCUK_TICARETHANE
1036903910.0,39.77483706,30.44890166,26010832.0,5.1,665.222,0,0,0,0,1,0.0,0.0,0.0,0.0,665.222,1,KUCUK_TICARETHANE
1036904046.0,39.80137624,30.46024625,26013635.0,5.01,156.796,0,0,0,0,1,0.0,0.0,0.0,0.0,156.796,1,KUCUK_TICARETHANE
1036904097.0,39.79492646,30.51208713,26010524.0,5.01,41.47,0,0,0,0,1,0.0,0.0,0.0,0.0,41.47,1,KUCUK_TICARETHANE
1036904099.0,39.782958,30.50636,26010547.0,15.43,73282.188,0,0,0,0,1,0.0,0.0,0.0,0.0,73282.188,1,ORTA_TICARETHANE
1036904658.0,39.7762018,30.44750146,26010833.0,5.01,15.871,0,0,0,0,1,0.0,0.0,0.0,0.0,15.871,1,KUCUK_TICARETHANE
1036904805.0,39.79287138,30.4818821,26006047.0,5.01,52.174,0,0,0,0,1,0.0,0.0,0.0,0.0,52.174,1,KUCUK_TICARETHANE
1036906242.0,39.78270475,30.48990407,26006141.0,7.56,425.377,0,0,0,0,1,0.0,0.0,0.0,0.0,425.377,1,KUCUK_TICARETHANE
1036906926.0,39.77783462,30.52291245,26006453.0,5.01,269.22,0,0,0,0,1,0.0,0.0,0.0,0.0,269.22,1,KUCUK_TICARETHANE
1036915227.0,39.78979284,30.52646811,26013565.0,5.01,27.665,0,0,0,0,1,0.0,0.0,0.0,0.0,27.665,1,KUCUK_TICARETHANE
1036915370.0,39.776031,30.459217,26010848.0,5.1,38.758,0,0,0,0,1,0.0,0.0,0.0,0.0,38.758,1,KUCUK_TICARETHANE
1036915631.0,39.80277756,30.51280344,26010518.0,5.01,33.913,0,0,0,0,1,0.0,0.0,0.0,0.0,33.913,1,KUCUK_TICARETHANE
1036916712.0,39.80023983,30.51597089,26010519.0,5.01,45.795,0,0,0,0,1,0.0,0.0,0.0,0.0,45.795,1,KUCUK_TICARETHANE
1036917031.0,39.7959198,30.47931942,26006124.0,5.01,110.458,0,0,0,0,1,0.0,0.0,0.0,0.0,110.458,1,KUCUK_TICARETHANE
1036917224.0,39.79746505,30.50962887,26010523.0,5.01,61.81,0,0,0,0,1,0.0,0.0,0.0,0.0,61.81,1,KUCUK_TICARETHANE
1036918613.0,39.79741883,30.51511287,26010517.0,5.01,167.688,0,0,0,0,1,0.0,0.0,0.0,0.0,167.688,1,KUCUK_TICARETHANE
1036919297.0,39.79407027,30.47162799,26006044.0,5.01,43.824,0,0,0,0,1,0.0,0.0,0.0,0.0,43.824,1,KUCUK_TICARETHANE
1036919963.0,39.78417794,30.4510521,26005971.0,5.01,11.626,0,0,0,0,1,0.0,0.0,0.0,0.0,11.626,1,KUCUK_TICARETHANE
1036920022.0,39.77198781,30.47240034,26010901.0,5.01,409.322,0,0,0,0,1,0.0,0.0,0.0,0.0,409.322,1,KUCUK_TICARETHANE
1036920766.0,39.7748724,30.453155,26010836.0,5.1,43.838,0,0,0,0,1,0.0,0.0,0.0,0.0,43.838,1,KUCUK_TICARETHANE
1036920782.0,39.802475,30.510274,26010520.0,5.1,143.368,0,0,0,0,1,0.0,0.0,0.0,0.0,143.368,1,KUCUK_TICARETHANE
1036920941.0,39.80262074,30.454502,26005256.0,8.46,582.304,0,0,0,0,1,0.0,0.0,0.0,0.0,582.304,1,KUCUK_TICARETHANE
1036921832.0,39.79948494,30.51545921,26010519.0,5.1,40.517,0,0,0,0,1,0.0,0.0,0.0,0.0,40.517,1,KUCUK_TICARETHANE
1036922805.0,39.82425409,30.53502778,26014321.0,150.0,5423.68,0,0,0,0,1,0.0,0.0,0.0,0.0,5423.68,1,ORTA_TICARETHANE
1036923371.0,39.80316326,30.462965,26005255.0,5.1,862.465,0,0,0,0,1,0.0,0.0,0.0,0.0,862.465,1,KUCUK_TICARETHANE
1036923711.0,39.79477803,30.4786672,26010385.0,5.01,56.303,0,0,0,0,1,0.0,0.0,0.0,0.0,56.303,1,KUCUK_TICARETHANE
1036923720.0,39.78895954,30.54418217,26005222.0,5.01,136.436,0,0,0,0,1,0.0,0.0,0.0,0.0,136.436,1,KUCUK_TICARETHANE
1036924576.0,39.77855601,30.48876671,26006139.0,5.01,18.822,0,0,0,0,1,0.0,0.0,0.0,0.0,18.822,1,KUCUK_TICARETHANE
1036927414.0,39.8043798,30.45707092,26014277.0,5.01,36.073,0,0,0,0,1,0.0,0.0,0.0,0.0,36.073,1,KUCUK_TICARETHANE
1036929029.0,39.79949185,30.51366889,26010519.0,5.01,9.853,0,0,0,0,1,0.0,0.0,0.0,0.0,9.853,1,KUCUK_TICARETHANE
1036932272.0,39.769243,30.459342,26010898.0,8.1,170.955,0,0,0,0,1,0.0,0.0,0.0,0.0,170.955,1,KUCUK_TICARETHANE
1036938808.0,39.80201257,30.4544881,26005256.0,5.01,17.477,0,0,0,0,1,0.0,0.0,0.0,0.0,17.477,1,KUCUK_TICARETHANE
1036942960.0,39.77592605,30.44987358,26010832.0,5.01,23.041,0,0,0,0,1,0.0,0.0,0.0,0.0,23.041,1,KUCUK_TICARETHANE
1036944783.0,39.79698751,30.48095338,26006125.0,5.01,5.832,0,0,0,0,1,0.0,0.0,0.0,0.0,5.832,1,KUCUK_TICARETHANE
1036950355.0,39.79653637,30.44147913,26006226.0,72.0,1277.3,0,0,0,0,1,0.0,0.0,0.0,0.0,1277.3,1,ORTA_TICARETHANE
1036953630.0,39.7962248,30.47733962,26006124.0,5.01,9.193,0,0,0,0,1,0.0,0.0,0.0,0.0,9.193,1,KUCUK_TICARETHANE
1036954521.0,39.78400604,30.49644486,26010566.0,43.02,29.125,0,0,0,0,1,0.0,0.0,0.0,0.0,29.125,1,ORTA_TICARETHANE
1036959080.0,39.76691736,30.46892933,26010913.0,5.01,19.817,0,0,0,0,1,0.0,0.0,0.0,0.0,19.817,1,KUCUK_TICARETHANE
1037008505.0,39.78194839,30.5118146,26010671.0,3.0,34146.441,1,0,0,0,0,34146.441,0.0,0.0,0.0,0.0,0,AYDINLATMA
1037008713.0,39.7863246,30.50066066,26010554.0,5.01,37817.085,1,0,0,0,0,37817.085,0.0,0.0,0.0,0.0,0,AYDINLATMA
1037009528.0,39.81202556,30.53880628,26006447.0,54.12,247350.48,1,0,0,0,0,247350.48,0.0,0.0,0.0,0.0,0,AYDINLATMA
1037009534.0,39.78337421,30.50484602,26010547.0,5.01,543.723,1,0,0,0,0,543.723,0.0,0.0,0.0,0.0,0,AYDINLATMA
1037015166.0,39.79510728,30.53392145,26010568.0,36.12,41735.02,0,0,0,0,1,0.0,0.0,0.0,0.0,41735.02,1,ORTA_TICARETHANE
1037015194.0,39.79510727,30.53391801,26010568.0,72.72,74140.02,1,0,0,0,0,74140.02,0.0,0.0,0.0,0.0,0,AYDINLATMA
1037015286.0,39.7738153,30.55707188,26006488.0,21.6,94977.0,1,0,0,0,0,94977.0,0.0,0.0,0.0,0.0,0,AYDINLATMA
1037015604.0,39.78973162,30.50531908,26010666.0,36.12,10325.04,0,0,0,0,1,0.0,0.0,0.0,0.0,10325.04,1,ORTA_TICARETHANE
1037018758.0,39.78265196,30.50975039,26010546.0,5.01,10086.382,1,0,0,0,0,10086.382,0.0,0.0,0.0,0.0,0,AYDINLATMA
1037036454.0,39.7767547,30.5181029,26005890.0,3.0,971.888,1,0,0,0,0,971.888,0.0,0.0,0.0,0.0,0,AYDINLATMA
1037037164.0,39.78983763,30.50589377,26010666.0,3.0,1252.624,1,0,0,0,0,1252.624,0.0,0.0,0.0,0.0,0,AYDINLATMA
1037056053.0,39.780914,30.44700366,26010827.0,5.01,5822.698,0,0,0,0,1,0.0,0.0,0.0,0.0,5822.698,1,KUCUK_TICARETHANE
