2023_Tuketim,ABONE SAYISI,ADR_BINA_ID,AYDINLATMA_count,AYDINLATMA_tuketim,BINA_TIPI,ENERJI_TABLO_KAYIT_KODU,ILCE_ADI,IL_KODU,IMAR_ID,IMAR_ID_FORECAST,MAHALLE,MESKEN SAYISI,MESKENTUKETIM,MESKEN_SANAYI_TICARETHANE_SAYISI,MESKEN_count,MESKEN_tuketim,ORT_BAG_GUCU,ORT_Mesken_tuketim,SANAYI_count,SANAYI_tuketim,TARIMSALSULAMA_count,TARIMSALSULAMA_tuketim,TICARETHANE_count,TICARETHANE_tuketim,URETICI_count,URETICI_tuketim,X_KOORDINAT,Y_KOORDINAT
256610.56,0,7461382,0,0.0,ORTA_TICARETHANE,35-04-K03844,KARSIYAKA,35,0,0,TUNA,0,0,3,0,0.0,62.34666666666667,0,0,0.0,0,0.0,3,256610.56,0,0.0,27.11898235,38.45647639
1177.064,0,7461987,0,0.0,KUCUK_TICARETHANE,35-04-K01990,KARSIYAKA,35,0,0,TUNA,0,0,1,0,0.0,5.0,0,0,0.0,0,0.0,1,1177.064,0,0.0,27.1196367,38.45701
51919.583999999995,0,7464885,0,0.0,ORTA_TICARETHANE,35-04-K00018,KARSIYAKA,35,0,0,DONANMACI,0,0,2,0,0.0,40.545,0,0,0.0,0,0.0,2,51919.583999999995,0,0.0,27.11595217,38.45520929
10165.902,0,7465081,0,0.0,KUCUK_TICARETHANE,35-09-M00210,CIGLI,35,0,0,HARMANDALI GAZI MUSTAFA KEMAL ATATURK,0,0,2,1,5848.969,5.0,0,0,0.0,0,0.0,1,4316.933,0,0.0,27.05246654,38.53216677
82320.53600000001,0,7465580,0,0.0,ORTA_TICARETHANE,35-04-K02433,KARSIYAKA,35,0,0,DONANMACI,0,0,7,0,0.0,5.0,0,0,0.0,0,0.0,7,82320.53600000001,0,0.0,27.11693697,38.45612108
7904.6410000000005,0,7469080,0,0.0,KUCUK_TICARETHANE,35-04-M01755,KARSIYAKA,35,0,0,IMBATLI,0,0,2,1,2549.117,8.575,0,0,0.0,0,0.0,1,5355.524,0,0.0,27.11099502,38.47544987
40918.555,0,7474134,0,0.0,ORTA_TICARETHANE,35-04-K00885,KARSIYAKA,35,0,0,ATAKENT,0,0,13,9,21127.588,5.81923076923077,0,0,0.0,0,0.0,4,19790.967,0,0.0,27.09101617,38.46531644
2995.945,0,7475792,0,0.0,KUCUK_TICARETHANE,35-04-M02647,KARSIYAKA,35,0,0,IMBATLI,0,0,3,0,0.0,5.0,0,0,0.0,0,0.0,3,2995.945,0,0.0,27.10415268,38.47592724
27449.625,0,7479533,0,0.0,KUCUK_TICARETHANE,35-04-K00282,KARSIYAKA,35,0,0,AKSOY,0,0,13,9,18963.711,5.519230769230769,0,0,0.0,0,0.0,4,8485.914,0,0.0,27.11092967,38.45447818
6936.213,0,7484149,0,0.0,KUCUK_TICARETHANE,35-09-M00625,CIGLI,35,0,0,AHMET EFENDI,0,0,1,0,0.0,5.0,0,0,0.0,0,0.0,1,6936.213,0,0.0,27.04034694,38.51999201
16377.364000000001,0,7484168,0,0.0,ORTA_TICARETHANE,35-09-M00208,CIGLI,35,0,0,HARMANDALI GAZI MUSTAFA KEMAL ATATURK,0,0,4,2,4781.032,7.07,0,0,0.0,0,0.0,2,11596.332,0,0.0,27.05024445,38.5343092
8369.544,0,7488343,0,0.0,KUCUK_TICARETHANE,35-09-M00210,CIGLI,35,0,0,HARMANDALI GAZI MUSTAFA KEMAL ATATURK,0,0,1,0,0.0,5.0,0,0,0.0,0,0.0,1,8369.544,0,0.0,27.05514907,38.53280998
5085.994,0,7489542,0,0.0,KUCUK_TICARETHANE,35-09-M00209,CIGLI,35,0,0,HARMANDALI GAZI MUSTAFA KEMAL ATATURK,0,0,2,1,2555.662,12.85,0,0,0.0,0,0.0,1,2530.332,0,0.0,27.05111714,38.53367782
5585.938,0,7490875,0,0.0,KUCUK_TICARETHANE,35-09-M00212,CIGLI,35,0,0,INONU,0,0,1,0,0.0,8.35,0,0,0.0,0,0.0,1,5585.938,0,0.0,27.04767499,38.52912855
45284.876000000004,0,7517967,0,0.0,ORTA_TICARETHANE,35-09-M00207,CIGLI,35,0,0,HARMANDALI GAZI MUSTAFA KEMAL ATATURK,0,0,9,0,0.0,6.095555555555555,0,0,0.0,0,0.0,9,45284.876000000004,0,0.0,27.05030352,38.53588212
9711.407,0,7521527,0,0.0,ORTA_TICARETHANE,35-09-M00209,CIGLI,35,0,0,HARMANDALI GAZI MUSTAFA KEMAL ATATURK,0,0,1,0,0.0,27.44,0,0,0.0,0,0.0,1,9711.407,0,0.0,27.05141997,38.53357654
10729.087,0,7530893,0,0.0,KUCUK_TICARETHANE,35-09-M00210,CIGLI,35,0,0,HARMANDALI GAZI MUSTAFA KEMAL ATATURK,0,0,2,1,3305.638,7.36,0,0,0.0,0,0.0,1,7423.449,0,0.0,27.05239809,38.53254978
124.568,0,7533538,0,0.0,KUCUK_TICARETHANE,35-09-M00214,CIGLI,35,0,0,HARMANDALI GAZI MUSTAFA KEMAL ATATURK,0,0,1,0,0.0,5.0,0,0,0.0,0,0.0,1,124.568,0,0.0,27.05224797,38.53146609
5001.859,0,7537291,0,0.0,KUCUK_TICARETHANE,35-09-M00625,CIGLI,35,0,0,AHMET EFENDI,0,0,5,2,2846.323,7.048,0,0,0.0,0,0.0,3,2155.536,0,0.0,27.04034329,38.51995096
15291.573,0,7539557,0,0.0,ORTA_TICARETHANE,35-09-M00207,CIGLI,35,0,0,CUMHURIYET,0,0,3,0,0.0,6.553333333333334,0,0,0.0,0,0.0,3,15291.573,0,0.0,27.05206329,38.5377831
1947.822,0,7542790,0,0.0,KUCUK_TICARETHANE,35-09-M01308,CIGLI,35,0,0,AHMET EFENDI,0,0,3,2,1877.039,7.5,0,0,0.0,0,0.0,1,70.783,0,0.0,27.0399633,38.52133193
1524.565,0,7545650,0,0.0,KUCUK_TICARETHANE,35-09-M00209,CIGLI,35,0,0,HARMANDALI GAZI MUSTAFA KEMAL ATATURK,0,0,1,0,0.0,5.02,0,0,0.0,0,0.0,1,1524.565,0,0.0,27.05162198,38.53384212
10863.518,0,7554048,0,0.0,KUCUK_TICARETHANE,35-09-M00211,CIGLI,35,0,0,INONU,0,0,2,1,3291.715,9.675,0,0,0.0,0,0.0,1,7571.803,0,0.0,27.04701121,38.52677908
2943.496,0,7565487,0,0.0,KUCUK_TICARETHANE,35-09-M00214,CIGLI,35,0,0,HARMANDALI GAZI MUSTAFA KEMAL ATATURK,0,0,1,0,0.0,5.0,0,0,0.0,0,0.0,1,2943.496,0,0.0,27.05248648,38.53149077
2988.189,0,7570025,0,0.0,KUCUK_TICARETHANE,35-09-M00212,CIGLI,35,0,0,INONU,0,0,1,0,0.0,5.2,0,0,0.0,0,0.0,1,2988.189,0,0.0,27.04778945,38.52884515
42763.991,0,7577336,0,0.0,ORTA_TICARETHANE,35-09-M03520,CIGLI,35,0,0,ATASEHIR,0,0,7,0,0.0,5.821428571428571,0,0,0.0,0,0.0,7,42763.991,0,0.0,27.06416456,38.49221295
14750.95,0,7586102,0,0.0,ORTA_TICARETHANE,35-09-M02552,CIGLI,35,0,0,SIRINTEPE,0,0,1,0,0.0,8.35,0,0,0.0,0,0.0,1,14750.95,0,0.0,27.06840639,38.49081755
47648.170000000006,0,7589140,0,0.0,ORTA_TICARETHANE,35-09-M00219,CIGLI,35,0,0,HARMANDALI GAZI MUSTAFA KEMAL ATATURK,0,0,7,4,10672.022,9.885142857142856,0,0,0.0,0,0.0,3,36976.148,0,0.0,27.04913344,38.53218281
7115.674,0,7590931,0,0.0,ORTA_TICARETHANE,35-09-M00212,CIGLI,35,0,0,INONU,0,0,1,0,0.0,50.0,0,0,0.0,0,0.0,1,7115.674,0,0.0,27.04815836,38.53009638
613.356,0,7598263,0,0.0,KUCUK_TICARETHANE,35-09-M00206,CIGLI,35,0,0,HARMANDALI GAZI MUSTAFA KEMAL ATATURK,0,0,1,0,0.0,5.0,0,0,0.0,0,0.0,1,613.356,0,0.0,27.0530043,38.53285748
792.898,0,7601845,0,0.0,KUCUK_TICARETHANE,35-09-M00212,CIGLI,35,0,0,INONU,0,0,2,0,0.0,11.68,0,0,0.0,0,0.0,2,792.898,0,0.0,27.04796532,38.52929165
27178.904000000002,0,7605442,0,0.0,ORTA_TICARETHANE,35-09-M02549,CIGLI,35,0,0,KUCUK CIGLI,0,0,3,0,0.0,5.786666666666666,0,0,0.0,0,0.0,3,27178.904000000002,0,0.0,27.04588606,38.50236458
4858.566,0,7607183,0,0.0,KUCUK_TICARETHANE,35-09-K02899,CIGLI,35,0,0,ATASEHIR,0,0,2,1,4767.184,9.690000000000001,0,0,0.0,0,0.0,1,91.382,0,0.0,27.0670254,38.48592809
17697.775999999998,0,7608526,0,0.0,ORTA_TICARETHANE,,CIGLI,35,0,0,KOYICI,0,0,6,2,3137.8070000000002,5.0,0,0,0.0,0,0.0,4,14559.969000000001,0,0.0,27.06075223,38.49643844
27923.07,0,7608645,0,0.0,ORTA_TICARETHANE,35-09-M00361,CIGLI,35,0,0,SASALLI MERKEZ,0,0,1,0,0.0,62.4,0,0,0.0,0,0.0,1,27923.07,0,0.0,26.94285711,38.49936767
5578.429,0,7609468,0,0.0,KUCUK_TICARETHANE,35-09-K01864,CIGLI,35,0,0,YENI MAHALLE,0,0,1,0,0.0,8.88,0,0,0.0,0,0.0,1,5578.429,0,0.0,27.05848549,38.49726223
206826.6,0,7610364,0,0.0,ORTA_TICARETHANE,35-09-K03266,CIGLI,35,0,0,BALATCIK,0,0,1,0,0.0,117.7,0,0,0.0,0,0.0,1,206826.6,0,0.0,27.04622401,38.51007302
8433.701000000001,0,7610397,0,0.0,KUCUK_TICARETHANE,35-09-K01870,CIGLI,35,0,0,KOYICI,0,0,5,3,7010.075,6.824000000000001,0,0,0.0,0,0.0,2,1423.6260000000002,0,0.0,27.06565937,38.49651452
4464.0,0,7610808,0,0.0,KUCUK_TICARETHANE,35-09-K01876,CIGLI,35,0,0,KOYICI,0,0,1,0,0.0,8.35,0,0,0.0,0,0.0,1,4464.0,0,0.0,27.06107075,38.49617526
2158.7,0,7613352,0,0.0,KUCUK_TICARETHANE,35-09-M02390,CIGLI,35,0,0,BALATCIK,0,0,1,0,0.0,5.0,0,0,0.0,0,0.0,1,2158.7,0,0.0,27.04528377,38.50772633
26471.78,0,7613363,0,0.0,ORTA_TICARETHANE,35-09-M03520,CIGLI,35,0,0,ATASEHIR,0,0,2,0,0.0,8.35,0,0,0.0,0,0.0,2,26471.78,0,0.0,27.06160338,38.49400109
5323.332,0,7613955,0,0.0,KUCUK_TICARETHANE,35-09-M03090,CIGLI,35,0,0,YENI MAHALLE,0,0,3,2,2537.6530000000002,6.116666666666667,0,0,0.0,0,0.0,1,2785.679,0,0.0,27.0522019,38.49817604
14071.141,0,7614962,0,0.0,ORTA_TICARETHANE,35-09-K03314,CIGLI,35,0,0,ATASEHIR,0,0,7,2,1798.212,6.031428571428571,0,0,0.0,0,0.0,5,12272.929,0,0.0,27.05310112,38.49316501
85036.11899999999,0,7615016,0,0.0,ORTA_TICARETHANE,,CIGLI,35,0,0,KOYICI,0,0,6,4,13218.24,8.411666666666667,0,0,0.0,0,0.0,2,71817.87899999999,0,0.0,27.06233264,38.49771948
4508.087,0,7616552,0,0.0,KUCUK_TICARETHANE,35-09-M00257,CIGLI,35,0,0,SASALLI MERKEZ,0,0,1,0,0.0,5.6,0,0,0.0,0,0.0,1,4508.087,0,0.0,26.9518715,38.49470396
8861.32,0,7617774,0,0.0,KUCUK_TICARETHANE,35-09-K01866,CIGLI,35,0,0,KUCUK CIGLI,0,0,3,2,7352.673000000001,8.783333333333333,0,0,0.0,0,0.0,1,1508.647,0,0.0,27.05603286,38.50118002
6697.57,0,7619917,0,0.0,KUCUK_TICARETHANE,35-09-M01950,CIGLI,35,0,0,MALTEPE,0,0,2,1,1613.168,9.43,0,0,0.0,0,0.0,1,5084.402,0,0.0,27.0753238,38.48974686
19903.82,0,7620521,0,0.0,ORTA_TICARETHANE,35-09-M00396,CIGLI,35,0,0,BALATCIK,0,0,1,0,0.0,8.35,0,0,0.0,0,0.0,1,19903.82,0,0.0,27.03634662,38.51067268
85096.907,0,7621181,0,0.0,ORTA_TICARETHANE,35-09-K01862,CIGLI,35,0,0,ATASEHIR,0,0,13,0,0.0,15.210769230769232,0,0,0.0,0,0.0,13,85096.907,0,0.0,27.05039082,38.49234175
12632.26,0,7621268,0,0.0,ORTA_TICARETHANE,35-09-K02499,CIGLI,35,0,0,AYDINLIKEVLER,0,0,1,0,0.0,5.0,0,0,0.0,0,0.0,1,12632.26,0,0.0,27.07943094,38.48925188
4253.59,0,7622838,0,0.0,KUCUK_TICARETHANE,35-09-M00540,CIGLI,35,0,0,SASALLI MERKEZ,0,0,1,0,0.0,8.35,0,0,0.0,0,0.0,1,4253.59,0,0.0,26.94386758,38.49630834
5.838,0,7624243,0,0.0,KUCUK_TICARETHANE,35-09-K04122,CIGLI,35,0,0,SIRINTEPE,0,0,1,0,0.0,5.0,0,0,0.0,0,0.0,1,5.838,0,0.0,27.06976046,38.49516981
1353.75,0,7624395,0,0.0,KUCUK_TICARETHANE,35-09-M00255,CIGLI,35,0,0,KAKLIC,0,0,1,0,0.0,5.0,0,0,0.0,0,0.0,1,1353.75,0,0.0,26.98549932,38.50658073
129.271,0,7626894,0,0.0,KUCUK_TICARETHANE,35-09-K03323,CIGLI,35,0,0,GUZELTEPE,0,0,1,0,0.0,5.0,0,0,0.0,0,0.0,1,129.271,0,0.0,27.07418588,38.50001818
3244.998,0,7626927,0,0.0,KUCUK_TICARETHANE,35-09-M02464,CIGLI,35,0,0,YENI MAHALLE,0,0,2,1,1870.853,5.0,0,0,0.0,0,0.0,1,1374.145,0,0.0,27.05011679,38.49822192
4170.629,0,7627165,0,0.0,KUCUK_TICARETHANE,35-09-M00625,CIGLI,35,0,0,AHMET EFENDI,0,0,3,2,3423.1490000000003,8.4,0,0,0.0,0,0.0,1,747.48,0,0.0,27.03891215,38.52030214
33512.75,0,7629033,0,0.0,ORTA_TICARETHANE,35-09-M00347,CIGLI,35,0,0,SASALLI MERKEZ,0,0,1,0,0.0,8.648,0,0,0.0,0,0.0,1,33512.75,0,0.0,26.94835873,38.49108576
55966.4,0,7629044,0,0.0,ORTA_TICARETHANE,35-09-M00347,CIGLI,35,0,0,SASALLI MERKEZ,0,0,1,0,0.0,8.08,0,0,0.0,0,0.0,1,55966.4,0,0.0,26.94901008,38.49231885
13013.4,0,7630543,0,0.0,ORTA_TICARETHANE,35-09-K03266,CIGLI,35,0,0,BALATCIK,0,0,1,0,0.0,57.38,0,0,0.0,0,0.0,1,13013.4,0,0.0,27.04589253,38.51001546
3487.236,0,7630825,0,0.0,KUCUK_TICARETHANE,35-09-M01608,CIGLI,35,0,0,MALTEPE,0,0,2,1,3257.478,5.0,0,0,0.0,0,0.0,1,229.758,0,0.0,27.07574106,38.48963839
29421.46,0,7633294,0,0.0,ORTA_TICARETHANE,35-09-K02499,CIGLI,35,0,0,AYDINLIKEVLER,0,0,1,0,0.0,19.46,0,0,0.0,0,0.0,1,29421.46,0,0.0,27.07954542,38.48914666
6988.102999999999,0,7634448,0,0.0,KUCUK_TICARETHANE,35-09-K04681,CIGLI,35,0,0,MALTEPE,0,0,3,1,2980.225,7.206666666666666,0,0,0.0,0,0.0,2,4007.8779999999997,0,0.0,27.07213607,38.49097112
10214.04,0,7635107,0,0.0,ORTA_TICARETHANE,35-09-M00206,CIGLI,35,0,0,HARMANDALI GAZI MUSTAFA KEMAL ATATURK,0,0,1,0,0.0,8.35,0,0,0.0,0,0.0,1,10214.04,0,0.0,27.05454675,38.53343559
42.929,0,7635398,0,0.0,KUCUK_TICARETHANE,35-09-M01975,CIGLI,35,0,0,GUZELTEPE,0,0,1,0,0.0,8.35,0,0,0.0,0,0.0,1,42.929,0,0.0,27.079858,38.50307889
15373.69,0,7636801,0,0.0,KUCUK_TICARETHANE,35-09-K01870,CIGLI,35,0,0,KOYICI,0,0,3,2,9146.404,7.153333333333333,0,0,0.0,0,0.0,1,6227.286,0,0.0,27.0638279,38.4952425
47655.82,0,7638911,0,0.0,ORTA_TICARETHANE,35-09-K01859,CIGLI,35,0,0,KUCUK CIGLI,0,0,14,0,0.0,6.506428571428572,0,0,0.0,0,0.0,14,47655.82,0,0.0,27.04769678,38.50035755
623.253,0,7639268,0,0.0,KUCUK_TICARETHANE,35-09-M02439,CIGLI,35,0,0,KUCUK CIGLI,0,0,1,0,0.0,8.35,0,0,0.0,0,0.0,1,623.253,0,0.0,27.05030807,38.50525461
125519.783,0,7639311,0,0.0,ORTA_TICARETHANE,35-09-K01859,CIGLI,35,0,0,KUCUK CIGLI,0,0,9,0,0.0,33.11577777777778,0,0,0.0,0,0.0,9,125519.783,0,0.0,27.04824268,38.50141908
3781.768,0,7639667,0,0.0,KUCUK_TICARETHANE,35-09-M02549,CIGLI,35,0,0,KUCUK CIGLI,0,0,1,0,0.0,8.2,0,0,0.0,0,0.0,1,3781.768,0,0.0,27.04334595,38.50235709
3099.523,0,7640845,0,0.0,KUCUK_TICARETHANE,35-09-K04046,CIGLI,35,0,0,CAGDAS,0,0,1,0,0.0,5.0,0,0,0.0,0,0.0,1,3099.523,0,0.0,27.05902378,38.50413759
1049.932,0,7644092,0,0.0,ORTA_TICARETHANE,35-09-M00211,CIGLI,35,0,0,INONU,0,0,1,0,0.0,15.01,0,0,0.0,0,0.0,1,1049.932,0,0.0,27.0463695,38.52669303
3648.1,0,7644157,0,0.0,KUCUK_TICARETHANE,35-09-K04009,CIGLI,35,0,0,ATASEHIR,0,0,2,0,0.0,5.0,0,0,0.0,0,0.0,2,3648.1,0,0.0,27.06804539,38.48712615
18198.11,0,7644838,0,0.0,ORTA_TICARETHANE,35-09-K04221,CIGLI,35,0,0,SIRINTEPE,0,0,6,2,2575.81,7.358333333333333,0,0,0.0,0,0.0,4,15622.3,0,0.0,27.06547309,38.49161179
5908.733,0,7646378,0,0.0,KUCUK_TICARETHANE,35-09-M00257,CIGLI,35,0,0,SASALLI MERKEZ,0,0,4,1,702.615,5.175,0,0,0.0,0,0.0,3,5206.1179999999995,0,0.0,26.95204409,38.49501917
16142.252,0,7646389,0,0.0,KUCUK_TICARETHANE,35-09-M00257,CIGLI,35,0,0,SASALLI MERKEZ,0,0,8,5,15131.342,5.005,0,0,0.0,0,0.0,3,1010.91,0,0.0,26.9509183,38.49322668
3221.327,0,7646919,0,0.0,KUCUK_TICARETHANE,35-09-M02549,CIGLI,35,0,0,KUCUK CIGLI,0,0,2,0,0.0,6.279999999999999,0,0,0.0,0,0.0,2,3221.327,0,0.0,27.04603543,38.50244285
650.093,0,7649369,0,0.0,ORTA_TICARETHANE,35-09-M02551,CIGLI,35,0,0,KOYICI,0,0,1,0,0.0,15.01,0,0,0.0,0,0.0,1,650.093,0,0.0,27.06336501,38.49491434
290587.565,0,7649618,0,0.0,ORTA_TICARETHANE,35-09-M02465,CIGLI,35,0,0,KUCUK CIGLI,0,0,3,0,0.0,12.193333333333333,0,0,0.0,0,0.0,3,290587.565,0,0.0,27.04865418,38.50284153
7989.117,0,7649661,0,0.0,KUCUK_TICARETHANE,35-09-K01870,CIGLI,35,0,0,KOYICI,0,0,3,2,7905.929,9.346666666666666,0,0,0.0,0,0.0,1,83.188,0,0.0,27.06195023,38.49673122
1734.124,0,7649726,0,0.0,KUCUK_TICARETHANE,35-09-K01953,CIGLI,35,0,0,EVKA - 2,0,0,1,0,0.0,5.0,0,0,0.0,0,0.0,1,1734.124,0,0.0,27.08787266,38.50193334
5790.4349999999995,0,7650082,0,0.0,KUCUK_TICARETHANE,35-09-K01873,CIGLI,35,0,0,SIRINTEPE,0,0,2,1,3050.272,7.15,0,0,0.0,0,0.0,1,2740.163,0,0.0,27.07293686,38.49748463
20358.53,0,7650147,0,0.0,ORTA_TICARETHANE,35-09-M02547,CIGLI,35,0,0,KUCUK CIGLI,0,0,1,0,0.0,5.06,0,0,0.0,0,0.0,1,20358.53,0,0.0,27.04679529,38.4996659
2239.6549999999997,0,7650180,0,0.0,KUCUK_TICARETHANE,35-09-M01981,CIGLI,35,0,0,SIRINTEPE,0,0,3,1,2212.941,6.266666666666667,0,0,0.0,0,0.0,2,26.714,0,0.0,27.07462042,38.4945907
2375.477,0,7650845,0,0.0,ORTA_TICARETHANE,35-09-K04597,CIGLI,35,0,0,KUCUK CIGLI,0,0,1,0,0.0,16.87,0,0,0.0,0,0.0,1,2375.477,0,0.0,27.04897331,38.50416102
37422.895,0,7650889,0,0.0,ORTA_TICARETHANE,,CIGLI,35,0,0,KUCUK CIGLI,0,0,6,4,13319.011,15.74,0,0,0.0,0,0.0,2,24103.884,0,0.0,27.06153398,38.49749599
9687.832,0,7650922,0,0.0,KUCUK_TICARETHANE,35-09-K01870,CIGLI,35,0,0,KOYICI,0,0,3,2,5322.923000000001,5.0,0,0,0.0,0,0.0,1,4364.909,0,0.0,27.06630202,38.49676362
0.0,0,7651249,0,0.0,KUCUK_TICARETHANE,35-09-K04046,CIGLI,35,0,0,EGEKENT,0,0,1,0,0.0,8.35,0,0,0.0,0,0.0,1,0.0,0,0.0,27.06078274,38.50626346
2963.786,0,7651358,0,0.0,KUCUK_TICARETHANE,35-09-K01876,CIGLI,35,0,0,KOYICI,0,0,2,0,0.0,5.0,0,0,0.0,0,0.0,2,2963.786,0,0.0,27.06060514,38.4956455
14856.05,0,7651761,0,0.0,ORTA_TICARETHANE,35-09-K03705,CIGLI,35,0,0,MALTEPE,0,0,1,0,0.0,26.1,0,0,0.0,0,0.0,1,14856.05,0,0.0,27.074511,38.49024307
5672.299,0,7652448,0,0.0,KUCUK_TICARETHANE,35-09-M01732,CIGLI,35,0,0,UGUR MUMCU,0,0,4,2,1818.9109999999998,5.0,0,0,0.0,0,0.0,2,3853.388,0,0.0,27.04757334,38.52343831
924.764,0,7653199,0,0.0,KUCUK_TICARETHANE,35-09-M00257,CIGLI,35,0,0,SASALLI MERKEZ,0,0,2,0,0.0,5.59,0,0,0.0,0,0.0,2,924.764,0,0.0,26.95126022,38.49403163
13670.73,0,7653602,0,0.0,ORTA_TICARETHANE,35-09-M03520,CIGLI,35,0,0,ATASEHIR,0,0,1,0,0.0,12.0,0,0,0.0,0,0.0,1,13670.73,0,0.0,27.06405524,38.4923461
3639.7039999999997,0,7653689,0,0.0,KUCUK_TICARETHANE,35-09-M02552,CIGLI,35,0,0,SIRINTEPE,0,0,3,2,2654.8129999999996,11.68,0,0,0.0,0,0.0,1,984.891,0,0.0,27.06814246,38.49123369
9079.09,0,7653906,0,0.0,KUCUK_TICARETHANE,35-09-M00447,CIGLI,35,0,0,SASALLI MERKEZ,0,0,3,2,8790.560000000001,7.223333333333334,0,0,0.0,0,0.0,1,288.53,0,0.0,26.95015168,38.49629955
4122.958,0,7653983,0,0.0,KUCUK_TICARETHANE,35-09-K01875,CIGLI,35,0,0,KOYICI,0,0,1,0,0.0,5.0,0,0,0.0,0,0.0,1,4122.958,0,0.0,27.06529369,38.49276341
40568.05,0,7654179,0,0.0,ORTA_TICARETHANE,35-09-M02547,CIGLI,35,0,0,KUCUK CIGLI,0,0,1,0,0.0,8.82,0,0,0.0,0,0.0,1,40568.05,0,0.0,27.04506889,38.49939748
33842.95,0,7654190,0,0.0,ORTA_TICARETHANE,35-09-M02547,CIGLI,35,0,0,KUCUK CIGLI,0,0,1,0,0.0,46.06,0,0,0.0,0,0.0,1,33842.95,0,0.0,27.044945,38.4991033
65348.99,0,7654375,0,0.0,ORTA_TICARETHANE,35-09-M02551,CIGLI,35,0,0,KOYICI,0,0,1,0,0.0,18.44,0,0,0.0,0,0.0,1,65348.99,0,0.0,27.06365148,38.49500162
4198.177,0,7654538,0,0.0,KUCUK_TICARETHANE,35-09-K04681,CIGLI,35,0,0,MALTEPE,0,0,2,1,3380.393,9.51,0,0,0.0,0,0.0,1,817.784,0,0.0,27.07292346,38.49157036
4145.721,0,7654952,0,0.0,KUCUK_TICARETHANE,35-09-K04314,CIGLI,35,0,0,KUCUK CIGLI,0,0,3,2,3603.023,8.776666666666666,0,0,0.0,0,0.0,1,542.698,0,0.0,27.05405462,38.49941017
4800.877,0,7655149,0,0.0,KUCUK_TICARETHANE,35-09-M01950,CIGLI,35,0,0,MALTEPE,0,0,3,2,3252.2129999999997,7.253333333333334,0,0,0.0,0,0.0,1,1548.664,0,0.0,27.07532295,38.48974796
46243.054,0,7656130,0,0.0,ORTA_TICARETHANE,35-09-M02548,CIGLI,35,0,0,KUCUK CIGLI,0,0,2,0,0.0,11.225000000000001,0,0,0.0,0,0.0,2,46243.054,0,0.0,27.04468975,38.50012834
19314.79,0,7657026,0,0.0,ORTA_TICARETHANE,35-09-K03266,CIGLI,35,0,0,BALATCIK,0,0,1,0,0.0,193.87,0,0,0.0,0,0.0,1,19314.79,0,0.0,27.04189517,38.51342097
66240.59,0,7657124,0,0.0,ORTA_TICARETHANE,35-09-K02730,CIGLI,35,0,0,ATASEHIR,0,0,6,4,15876.423,8.768333333333333,0,0,0.0,0,0.0,2,50364.167,0,0.0,27.06011223,38.49291073
8106.9220000000005,0,7657637,0,0.0,KUCUK_TICARETHANE,35-09-M00255,CIGLI,35,0,0,KAKLIC,0,0,2,1,3720.988,6.675,0,0,0.0,0,0.0,1,4385.934,0,0.0,26.98819215,38.50680679
9903.625,0,7657692,0,0.0,KUCUK_TICARETHANE,35-09-K01870,CIGLI,35,0,0,KOYICI,0,0,1,0,0.0,5.0,0,0,0.0,0,0.0,1,9903.625,0,0.0,27.06534128,38.49644249
8522.593,0,7657746,0,0.0,ORTA_TICARETHANE,35-09-K03320,CIGLI,35,0,0,AYDINLIKEVLER,0,0,1,0,0.0,38.68,0,0,0.0,0,0.0,1,8522.593,0,0.0,27.07892986,38.48994874
26746.98,0,7657801,0,0.0,ORTA_TICARETHANE,35-09-M02165,CIGLI,35,0,0,BALATCIK,0,0,1,0,0.0,11.0,0,0,0.0,0,0.0,1,26746.98,0,0.0,27.04311945,38.51619035
201902.19,0,7659219,0,0.0,ORTA_TICARETHANE,35-09-M02547,CIGLI,35,0,0,KUCUK CIGLI,0,0,34,0,0.0,6.7108823529411765,0,0,0.0,0,0.0,34,201902.19,0,0.0,27.04796391,38.49837411
13841.717,0,7659361,0,0.0,ORTA_TICARETHANE,35-09-M00256,CIGLI,35,0,0,KAKLIC,0,0,2,0,0.0,5.0,0,0,0.0,0,0.0,2,13841.717,0,0.0,26.9876231,38.50859303
909.192,0,7659677,0,0.0,KUCUK_TICARETHANE,35-09-K01870,CIGLI,35,0,0,KOYICI,0,0,1,0,0.0,5.0,0,0,0.0,0,0.0,1,909.192,0,0.0,27.06520499,38.49614696
4332.564,0,7659887,0,0.0,KUCUK_TICARETHANE,,CIGLI,35,0,0,SIRINTEPE,0,0,2,1,2884.682,6.675,0,0,0.0,0,0.0,1,1447.882,0,0.0,27.07365686,38.49640583
77351.92,0,7660127,0,0.0,ORTA_TICARETHANE,35-09-M02548,CIGLI,35,0,0,KUCUK CIGLI,0,0,2,0,0.0,52.355,0,0,0.0,0,0.0,2,77351.92,0,0.0,27.04398783,38.50073499
15878.876,0,7660457,0,0.0,KUCUK_TICARETHANE,35-09-K04389,CIGLI,35,0,0,ATASEHIR,0,0,6,4,6389.5960000000005,8.231666666666667,0,0,0.0,0,0.0,2,9489.28,0,0.0,27.06421441,38.48821856
6379.022000000001,0,7661107,0,0.0,KUCUK_TICARETHANE,35-09-K01869,CIGLI,35,0,0,KUCUK CIGLI,0,0,3,2,4988.594,7.013333333333333,0,0,0.0,0,0.0,1,1390.428,0,0.0,27.04865194,38.50543199
52479.85,0,7661827,0,0.0,ORTA_TICARETHANE,35-09-M00256,CIGLI,35,0,0,KAKLIC,0,0,1,0,0.0,48.432,0,0,0.0,0,0.0,1,52479.85,0,0.0,26.98805457,38.51146243
159359.981,0,7661977,0,0.0,ORTA_TICARETHANE,35-09-K01858,CIGLI,35,0,0,KUCUK CIGLI,0,0,36,1,2901.449,7.279916666666667,0,0,0.0,0,0.0,35,156458.532,0,0.0,27.0472591,38.50164993
30.665,0,7661987,0,0.0,KUCUK_TICARETHANE,35-09-K01874,CIGLI,35,0,0,GUZELTEPE,0,0,1,0,0.0,5.0,0,0,0.0,0,0.0,1,30.665,0,0.0,27.07404425,38.5012192
23747.966,0,7662037,0,0.0,ORTA_TICARETHANE,35-09-K04124,CIGLI,35,0,0,AYDINLIKEVLER,0,0,8,1,1612.163,6.665,0,0,0.0,0,0.0,7,22135.803,0,0.0,27.08443208,38.49110209
2418.292,0,7662197,0,0.0,KUCUK_TICARETHANE,35-09-K04123,CIGLI,35,0,0,SIRINTEPE,0,0,2,1,1013.938,5.0,0,0,0.0,0,0.0,1,1404.354,0,0.0,27.06886333,38.49316895
232708.15,0,7662407,0,0.0,ORTA_TICARETHANE,35-09-K04221,CIGLI,35,0,0,KOYICI,0,0,2,0,0.0,103.75500000000001,0,0,0.0,0,0.0,2,232708.15,0,0.0,27.06453394,38.49241339
21923.115999999998,0,7662707,0,0.0,KUCUK_TICARETHANE,35-09-K01876,CIGLI,35,0,0,KOYICI,0,0,9,6,12823.572,5.5633333333333335,0,0,0.0,0,0.0,3,9099.544,0,0.0,27.06179797,38.49531325
16241.61,0,7662787,0,0.0,ORTA_TICARETHANE,35-09-K03320,CIGLI,35,0,0,AYDINLIKEVLER,0,0,1,0,0.0,18.5,0,0,0.0,0,0.0,1,16241.61,0,0.0,27.07927798,38.49021433
22215.141,0,7663844,0,0.0,ORTA_TICARETHANE,35-09-M03520,CIGLI,35,0,0,ATASEHIR,0,0,4,1,67.599,6.675,0,0,0.0,0,0.0,3,22147.542,0,0.0,27.06328005,38.49236936
6092.645999999999,0,7663854,0,0.0,KUCUK_TICARETHANE,35-09-K01870,CIGLI,35,0,0,KOYICI,0,0,4,2,5938.581,6.25,0,0,0.0,0,0.0,2,154.065,0,0.0,27.06625459,38.49677966
4960.747,0,7664184,0,0.0,KUCUK_TICARETHANE,35-09-K04020,CIGLI,35,0,0,YENI MAHALLE,0,0,3,2,4841.405000000001,6.426666666666667,0,0,0.0,0,0.0,1,119.342,0,0.0,27.05841548,38.4937618
9121.59,0,7664344,0,0.0,KUCUK_TICARETHANE,35-09-K04314,CIGLI,35,0,0,KUCUK CIGLI,0,0,5,3,8742.966,5.82,0,0,0.0,0,0.0,2,378.62399999999997,0,0.0,27.05403012,38.4994883
776673.052,0,7664444,0,0.0,ORTA_TICARETHANE,35-09-M03520,CIGLI,35,0,0,ATASEHIR,0,0,96,1,1694.164,6.829979166666667,0,0,0.0,0,0.0,95,774978.888,0,0.0,27.06472916,38.49226526
101154.619,0,7664564,0,0.0,ORTA_TICARETHANE,35-09-K04221,CIGLI,35,0,0,ATASEHIR,0,0,11,0,0.0,5.328181818181818,0,0,0.0,0,0.0,11,101154.619,0,0.0,27.06656568,38.49128352
2422.063,0,7664584,0,0.0,KUCUK_TICARETHANE,35-09-M03520,CIGLI,35,0,0,ATASEHIR,0,0,2,0,0.0,5.0,0,0,0.0,0,0.0,2,2422.063,0,0.0,27.06237895,38.49325739
8782.66,0,7664594,0,0.0,KUCUK_TICARETHANE,35-09-K04020,CIGLI,35,0,0,YENI MAHALLE,0,0,3,2,5202.208,5.0,0,0,0.0,0,0.0,1,3580.452,0,0.0,27.05738364,38.49349358
102893.749,0,7664944,0,0.0,ORTA_TICARETHANE,35-09-K01860,CIGLI,35,0,0,KUCUK CIGLI,0,0,5,0,0.0,44.178000000000004,0,0,0.0,0,0.0,5,102893.749,0,0.0,27.04756581,38.49911237
26080.591,0,7665124,0,0.0,ORTA_TICARETHANE,35-09-M00999,CIGLI,35,0,0,BALATCIK,0,0,3,1,2108.52,13.866666666666665,0,0,0.0,0,0.0,2,23972.071,0,0.0,27.03668462,38.51103602
8620.883,0,7666335,0,0.0,KUCUK_TICARETHANE,35-09-M03520,CIGLI,35,0,0,ATASEHIR,0,0,3,0,0.0,6.243333333333333,0,0,0.0,0,0.0,3,8620.883,0,0.0,27.06342541,38.49227648
5664.18,0,7666365,0,0.0,KUCUK_TICARETHANE,35-09-M02551,CIGLI,35,0,0,KOYICI,0,0,3,1,442.99,5.0,0,0,0.0,0,0.0,2,5221.1900000000005,0,0.0,27.06297927,38.4937061
15378.09,0,7666655,0,0.0,ORTA_TICARETHANE,35-09-M00257,CIGLI,35,0,0,SASALLI MERKEZ,0,0,1,0,0.0,5.0,0,0,0.0,0,0.0,1,15378.09,0,0.0,26.95178152,38.49442985
5360.075000000001,0,7666725,0,0.0,KUCUK_TICARETHANE,35-09-K01873,CIGLI,35,0,0,SIRINTEPE,0,0,2,1,2628.945,6.675,0,0,0.0,0,0.0,1,2731.13,0,0.0,27.07076762,38.49584285
4732.109,0,7666735,0,0.0,KUCUK_TICARETHANE,35-09-K04123,CIGLI,35,0,0,SIRINTEPE,0,0,3,2,3162.0589999999997,6.426666666666667,0,0,0.0,0,0.0,1,1570.05,0,0.0,27.07268021,38.49488626
30904.236,0,7666775,0,0.0,ORTA_TICARETHANE,35-09-M03090,CIGLI,35,0,0,YENI MAHALLE,0,0,8,5,9277.970000000001,6.30875,0,0,0.0,0,0.0,3,21626.266,0,0.0,27.05288712,38.4986041
5562.398,0,7667175,0,0.0,KUCUK_TICARETHANE,35-09-K03266,CIGLI,35,0,0,BALATCIK,0,0,1,0,0.0,8.65,0,0,0.0,0,0.0,1,5562.398,0,0.0,27.0456213,38.50991874
2063.695,0,7667405,0,0.0,KUCUK_TICARETHANE,35-09-M02465,CIGLI,35,0,0,KUCUK CIGLI,0,0,1,0,0.0,8.35,0,0,0.0,0,0.0,1,2063.695,0,0.0,27.04812345,38.50343968
76671.879,0,7667545,0,0.0,ORTA_TICARETHANE,35-09-K01859,CIGLI,35,0,0,KUCUK CIGLI,0,0,33,0,0.0,6.184848484848485,0,0,0.0,0,0.0,33,76671.879,0,0.0,27.04771885,38.50089258
31219.35,0,7667585,0,0.0,ORTA_TICARETHANE,35-09-M02548,CIGLI,35,0,0,KUCUK CIGLI,0,0,2,0,0.0,8.35,0,0,0.0,0,0.0,2,31219.35,0,0.0,27.04413155,38.50034589
17775.188000000002,0,7668125,0,0.0,ORTA_TICARETHANE,35-09-M00257,CIGLI,35,0,0,SASALLI MERKEZ,0,0,2,0,0.0,8.120000000000001,0,0,0.0,0,0.0,2,17775.188000000002,0,0.0,26.95154378,38.49444871
7828.601000000001,0,7668516,0,0.0,KUCUK_TICARETHANE,35-09-M00103,CIGLI,35,0,0,BALATCIK,0,0,3,1,1776.372,5.0,0,0,0.0,0,0.0,2,6052.228999999999,0,0.0,27.04071468,38.51708668
23932.46,0,7668956,0,0.0,ORTA_TICARETHANE,35-09-K01869,CIGLI,35,0,0,BALATCIK,0,0,1,0,0.0,54.66,0,0,0.0,0,0.0,1,23932.46,0,0.0,27.0459319,38.50427616
206.123,0,7669526,0,0.0,KUCUK_TICARETHANE,35-09-M03090,CIGLI,35,0,0,YENI MAHALLE,0,0,1,0,0.0,7.16,0,0,0.0,0,0.0,1,206.123,0,0.0,27.05082204,38.49935996
29390.66,0,7669946,0,0.0,ORTA_TICARETHANE,35-09-K04221,CIGLI,35,0,0,ATASEHIR,0,0,1,0,0.0,45.95,0,0,0.0,0,0.0,1,29390.66,0,0.0,27.06659875,38.49092694
18666.5,0,7670156,0,0.0,ORTA_TICARETHANE,35-09-K01874,CIGLI,35,0,0,YAKAKENT,0,0,1,0,0.0,27.116,0,0,0.0,0,0.0,1,18666.5,0,0.0,27.07715204,38.50263901
22765.05,0,7670166,0,0.0,ORTA_TICARETHANE,35-09-K04776,CIGLI,35,0,0,KUCUK CIGLI,0,0,1,0,0.0,5.0,0,0,0.0,0,0.0,1,22765.05,0,0.0,27.05050257,38.50539946
38472.05,0,7670186,0,0.0,ORTA_TICARETHANE,35-09-K03313,CIGLI,35,0,0,YENI MAHALLE,0,0,1,0,0.0,5.1,0,0,0.0,0,0.0,1,38472.05,0,0.0,27.0531104,38.49363742
1828.455,0,7670226,0,0.0,KUCUK_TICARETHANE,35-09-K01879,CIGLI,35,0,0,YENI MAHALLE,0,0,2,1,1502.106,6.675,0,0,0.0,0,0.0,1,326.349,0,0.0,27.05473414,38.49475407
1691.053,0,7670456,0,0.0,ORTA_TICARETHANE,35-09-M01950,CIGLI,35,0,0,MALTEPE,0,0,1,0,0.0,15.01,0,0,0.0,0,0.0,1,1691.053,0,0.0,27.07464822,38.48799826
44483.69,0,7670496,0,0.0,ORTA_TICARETHANE,35-09-M02551,CIGLI,35,0,0,KOYICI,0,0,3,0,0.0,21.283333333333335,0,0,0.0,0,0.0,3,44483.69,0,0.0,27.06396896,38.49269499
4927.4039999999995,0,7671086,0,0.0,KUCUK_TICARETHANE,35-09-K01876,CIGLI,35,0,0,KOYICI,0,0,3,1,581.207,6.506666666666667,0,0,0.0,0,0.0,2,4346.197,0,0.0,27.06094068,38.49529777
396558.72400000005,0,7671136,0,0.0,ORTA_SANAYI,35-09-K01858,CIGLI,35,0,0,KUCUK CIGLI,0,0,32,0,0.0,9.614374999999999,0,2,170110.07,0,0.0,30,226448.654,0,0.0,27.04780488,38.50202824
291440.424,0,7671176,0,0.0,ORTA_TICARETHANE,35-09-M02552,CIGLI,35,0,0,MALTEPE,0,0,13,0,0.0,12.942769230769231,0,0,0.0,0,0.0,13,291440.424,0,0.0,27.06855543,38.49096005
42568.81,0,7671626,0,0.0,ORTA_TICARETHANE,35-09-K01864,CIGLI,35,0,0,YENI MAHALLE,0,0,1,0,0.0,28.5,0,0,0.0,0,0.0,1,42568.81,0,0.0,27.05865182,38.49701779
13238.925,0,7671786,0,0.0,KUCUK_TICARETHANE,35-09-M00447,CIGLI,35,0,0,SASALLI MERKEZ,0,0,2,1,7922.097,11.855,0,0,0.0,0,0.0,1,5316.828,0,0.0,26.949787,38.49492786
5566.394,0,7671946,0,0.0,KUCUK_TICARETHANE,35-09-M00999,CIGLI,35,0,0,BALATCIK,0,0,3,2,5215.472,8.013333333333334,0,0,0.0,0,0.0,1,350.922,0,0.0,27.03913435,38.51040667
25803.006,0,7672186,0,0.0,ORTA_TICARETHANE,35-09-M02551,CIGLI,35,0,0,KOYICI,0,0,7,1,1595.24,5.478571428571429,0,0,0.0,0,0.0,6,24207.766,0,0.0,27.06393201,38.49255709
11082.923999999999,0,7673136,0,0.0,KUCUK_TICARETHANE,35-09-K01873,CIGLI,35,0,0,SIRINTEPE,0,0,3,2,3963.648,6.766666666666667,0,0,0.0,0,0.0,1,7119.276,0,0.0,27.06977329,38.49660852
38424.405,0,7673146,0,0.0,ORTA_TICARETHANE,35-09-K01870,CIGLI,35,0,0,KOYICI,0,0,5,1,4957.933,7.17,0,0,0.0,0,0.0,4,33466.472,0,0.0,27.06296546,38.49639321
3446.674,0,7674896,0,0.0,KUCUK_TICARETHANE,35-09-M00626,CIGLI,35,0,0,UGUR MUMCU,0,0,2,1,2316.035,7.43,0,0,0.0,0,0.0,1,1130.639,0,0.0,27.04530232,38.52223741
6112.33,0,7675256,0,0.0,KUCUK_TICARETHANE,35-09-K01875,CIGLI,35,0,0,SIRINTEPE,0,0,1,0,0.0,8.35,0,0,0.0,0,0.0,1,6112.33,0,0.0,27.06534899,38.49296624
6158.013,0,7675356,0,0.0,KUCUK_TICARETHANE,35-09-K01887,CIGLI,35,0,0,ATASEHIR,0,0,1,0,0.0,5.0,0,0,0.0,0,0.0,1,6158.013,0,0.0,27.07352524,38.48787203
14109.048999999999,0,7675626,0,0.0,KUCUK_TICARETHANE,35-09-K04123,CIGLI,35,0,0,SIRINTEPE,0,0,5,3,10211.474,5.0,0,0,0.0,0,0.0,2,3897.5750000000003,0,0.0,27.07236912,38.49489257
6818.466,0,7676266,0,0.0,KUCUK_TICARETHANE,35-09-K01863,CIGLI,35,0,0,YENI MAHALLE,0,0,3,2,6816.8099999999995,5.0,0,0,0.0,0,0.0,1,1.656,0,0.0,27.05384725,38.49735813
135133.3,0,7676785,0,0.0,ORTA_TICARETHANE,35-09-K04221,CIGLI,35,0,0,KOYICI,0,0,1,0,0.0,156.177,0,0,0.0,0,0.0,1,135133.3,0,0.0,27.06526512,38.49226905
69387.91399999999,0,7676845,0,0.0,ORTA_TICARETHANE,35-09-M02547,CIGLI,35,0,0,KUCUK CIGLI,0,0,5,0,0.0,7.506,0,0,0.0,0,0.0,5,69387.91399999999,0,0.0,27.04618319,38.49925356
44148.486999999994,0,7677544,0,0.0,ORTA_TICARETHANE,35-09-K04478,CIGLI,35,0,0,IZKENT,0,0,2,1,1151.037,13.015,0,0,0.0,0,0.0,1,42997.45,0,0.0,27.06591942,38.51518669
151536.9,0,7677574,0,0.0,ORTA_TICARETHANE,35-09-K04221,CIGLI,35,0,0,ATASEHIR,0,0,1,0,0.0,51.68,0,0,0.0,0,0.0,1,151536.9,0,0.0,27.0658605,38.49127389
9254.385,0,7677664,0,0.0,KUCUK_TICARETHANE,35-09-K01879,CIGLI,35,0,0,YENI MAHALLE,0,0,3,2,4044.178,5.0,0,0,0.0,0,0.0,1,5210.207,0,0.0,27.05589938,38.49604963
9529.339,0,7678418,0,0.0,KUCUK_TICARETHANE,35-09-K01871,CIGLI,35,0,0,KOYICI,0,0,4,2,6667.464,5.0,0,0,0.0,0,0.0,2,2861.875,0,0.0,27.06877956,38.49874441
34513.76,0,7678649,0,0.0,ORTA_TICARETHANE,35-09-K01936,CIGLI,35,0,0,CAGDAS,0,0,1,0,0.0,17.84,0,0,0.0,0,0.0,1,34513.76,0,0.0,27.05898571,38.50437232
4475.273,0,7679210,0,0.0,KUCUK_TICARETHANE,35-09-K01873,CIGLI,35,0,0,GUZELTEPE,0,0,3,2,4403.156,6.12,0,0,0.0,0,0.0,1,72.117,0,0.0,27.0718773,38.49871223
3081.4410000000003,0,7680805,0,0.0,KUCUK_TICARETHANE,35-09-K01876,CIGLI,35,0,0,KOYICI,0,0,3,2,2180.3810000000003,6.426666666666667,0,0,0.0,0,0.0,1,901.06,0,0.0,27.06097877,38.49549339
114525.294,0,7681025,0,0.0,ORTA_TICARETHANE,35-09-M03520,CIGLI,35,0,0,ATASEHIR,0,0,3,0,0.0,8.756666666666666,0,0,0.0,0,0.0,3,114525.294,0,0.0,27.06409704,38.49268315
7173.9439999999995,0,7681146,0,0.0,KUCUK_TICARETHANE,35-09-M01950,CIGLI,35,0,0,MALTEPE,0,0,2,1,672.252,8.629999999999999,0,0,0.0,0,0.0,1,6501.692,0,0.0,27.07552099,38.48823432
10156.738,0,7681443,0,0.0,ORTA_TICARETHANE,35-09-K01866,CIGLI,35,0,0,KUCUK CIGLI,0,0,2,0,0.0,5.0,0,0,0.0,0,0.0,2,10156.738,0,0.0,27.05460413,38.50068498
31474.447,0,7681454,0,0.0,ORTA_TICARETHANE,35-09-M02552,CIGLI,35,0,0,SIRINTEPE,0,0,8,5,11860.843,9.48375,0,0,0.0,0,0.0,3,19613.604,0,0.0,27.06728786,38.49133666
4426.063,0,7681927,0,0.0,KUCUK_TICARETHANE,35-09-M02552,CIGLI,35,0,0,SIRINTEPE,0,0,2,1,1324.791,9.305,0,0,0.0,0,0.0,1,3101.272,0,0.0,27.06932639,38.49135202
22919.86,0,7682070,0,0.0,ORTA_TICARETHANE,35-09-M03520,CIGLI,35,0,0,ATASEHIR,0,0,1,0,0.0,5.0,0,0,0.0,0,0.0,1,22919.86,0,0.0,27.06284471,38.49343351
11846.03,0,7682191,0,0.0,ORTA_TICARETHANE,35-09-M02551,CIGLI,35,0,0,KOYICI,0,0,1,0,0.0,8.35,0,0,0.0,0,0.0,1,11846.03,0,0.0,27.06266723,38.49384296
30450.71,0,7683170,0,0.0,ORTA_TICARETHANE,35-09-K04282,CIGLI,35,0,0,KUCUK CIGLI,0,0,2,0,0.0,12.925,0,0,0.0,0,0.0,2,30450.71,0,0.0,27.0584982,38.49766951
5902.535,0,7683478,0,0.0,KUCUK_TICARETHANE,35-09-M00646,CIGLI,35,0,0,UGUR MUMCU,0,0,3,2,4519.076,8.56,0,0,0.0,0,0.0,1,1383.459,0,0.0,27.04979857,38.52515946
2225.793,0,7684985,0,0.0,KUCUK_TICARETHANE,35-09-K02764,CIGLI,35,0,0,EVKA-5,0,0,1,0,0.0,11.18,0,0,0.0,0,0.0,1,2225.793,0,0.0,27.05632249,38.51916498
3981.424,0,7685106,0,0.0,KUCUK_TICARETHANE,35-09-M00257,CIGLI,35,0,0,SASALLI MERKEZ,0,0,1,0,0.0,5.0,0,0,0.0,0,0.0,1,3981.424,0,0.0,26.95145763,38.49453948
44273.83,0,7685425,0,0.0,ORTA_TICARETHANE,35-09-K01887,CIGLI,35,0,0,ATASEHIR,0,0,11,7,16208.822,11.090909090909092,0,0,0.0,0,0.0,4,28065.008,0,0.0,27.07035779,38.48875449
5217.788,0,7685721,0,0.0,KUCUK_TICARETHANE,35-09-K03317,CIGLI,35,0,0,MALTEPE,0,0,1,0,0.0,5.0,0,0,0.0,0,0.0,1,5217.788,0,0.0,27.07716004,38.49145679
28880.19,0,7685908,0,0.0,ORTA_TICARETHANE,35-09-M00257,CIGLI,35,0,0,SASALLI MERKEZ,0,0,1,0,0.0,8.61,0,0,0.0,0,0.0,1,28880.19,0,0.0,26.95233616,38.49457824
624730.638,0,7686117,0,0.0,ORTA_SANAYI,35-09-M02548,CIGLI,35,0,0,KUCUK CIGLI,0,0,16,0,0.0,25.364,0,1,530810.1,0,0.0,15,93920.538,0,0.0,27.04522922,38.50040043
18517.711,0,7687118,0,0.0,ORTA_TICARETHANE,35-09-M00845,CIGLI,35,0,0,UGUR MUMCU,0,0,6,3,6706.695,6.793333333333334,0,0,0.0,0,0.0,3,11811.016,0,0.0,27.04491547,38.52311733
10203.152,0,7687151,0,0.0,KUCUK_TICARETHANE,35-09-K02771,CIGLI,35,0,0,BALATCIK,0,0,3,2,9123.0,5.833333333333333,0,0,0.0,0,0.0,1,1080.152,0,0.0,27.0484351,38.51157422
16840.39,0,7687173,0,0.0,KUCUK_TICARETHANE,35-09-K03266,CIGLI,35,0,0,BALATCIK,0,0,3,2,10420.59,6.9799999999999995,0,0,0.0,0,0.0,1,6419.8,0,0.0,27.04800096,38.51177304
12161.252,0,7688042,0,0.0,ORTA_TICARETHANE,35-09-K03315,CIGLI,35,0,0,KUCUK CIGLI,0,0,2,1,2020.362,5.0,0,0,0.0,0,0.0,1,10140.89,0,0.0,27.04741307,38.50715644
8565.677,0,7688143,0,0.0,KUCUK_TICARETHANE,35-09-K01876,CIGLI,35,0,0,KOYICI,0,0,2,1,2679.083,12.78,0,0,0.0,0,0.0,1,5886.594,0,0.0,27.06114334,38.49524391
15067.19,0,7689243,0,0.0,ORTA_TICARETHANE,35-09-M00256,CIGLI,35,0,0,KAKLIC,0,0,1,0,0.0,5.0,0,0,0.0,0,0.0,1,15067.19,0,0.0,26.9877539,38.50874167
34819.52,0,7689540,0,0.0,ORTA_SANAYI,35-09-M00386Ã–,CIGLI,35,0,0,KAKLIC,0,0,1,0,0.0,250.0,0,1,34819.52,0,0.0,0,0.0,0,0.0,26.98978417,38.50223047
4456.082,0,7689716,0,0.0,KUCUK_TICARETHANE,35-09-M02551,CIGLI,35,0,0,KOYICI,0,0,2,0,0.0,5.0,0,0,0.0,0,0.0,2,4456.082,0,0.0,27.06270503,38.49425069
199.557,0,7689782,0,0.0,KUCUK_TICARETHANE,35-09-K01863,CIGLI,35,0,0,YENI MAHALLE,0,0,1,0,0.0,5.0,0,0,0.0,0,0.0,1,199.557,0,0.0,27.05323208,38.49733474
87362.27,0,7690211,0,0.0,ORTA_TICARETHANE,35-09-M01950,CIGLI,35,0,0,MALTEPE,0,0,1,0,0.0,33.0,0,0,0.0,0,0.0,1,87362.27,0,0.0,27.07394838,38.48989684
131389.66999999998,0,7690365,0,0.0,ORTA_TICARETHANE,35-09-M00400,CIGLI,35,0,0,BALATCIK,0,0,2,0,0.0,11.68,0,0,0.0,0,0.0,2,131389.66999999998,0,0.0,27.0396167,38.51873894
60944.54,0,7690662,0,0.0,ORTA_TICARETHANE,35-09-K04282,CIGLI,35,0,0,KUCUK CIGLI,0,0,2,0,0.0,15.450000000000001,0,0,0.0,0,0.0,2,60944.54,0,0.0,27.05656905,38.49906338
10519.439,0,7691463,0,0.0,KUCUK_TICARETHANE,35-09-M01950,CIGLI,35,0,0,MALTEPE,0,0,6,4,6550.610000000001,6.861666666666667,0,0,0.0,0,0.0,2,3968.829,0,0.0,27.07423041,38.48841634
3837.754,0,7691628,0,0.0,KUCUK_TICARETHANE,35-09-K01875,CIGLI,35,0,0,SIRINTEPE,0,0,2,1,2248.198,5.0,0,0,0.0,0,0.0,1,1589.556,0,0.0,27.06701886,38.49271987
13519.01,0,7691672,0,0.0,ORTA_TICARETHANE,35-09-M00256,CIGLI,35,0,0,KAKLIC,0,0,1,0,0.0,8.16,0,0,0.0,0,0.0,1,13519.01,0,0.0,26.98474248,38.51108085
796.224,0,7691815,0,0.0,KUCUK_TICARETHANE,35-09-M00256,CIGLI,35,0,0,KAKLIC,0,0,1,0,0.0,9.22,0,0,0.0,0,0.0,1,796.224,0,0.0,26.98773655,38.50991392
388.598,0,7692002,0,0.0,KUCUK_TICARETHANE,35-09-K01866,CIGLI,35,0,0,KUCUK CIGLI,0,0,4,2,30.86,5.995,0,0,0.0,0,0.0,2,357.738,0,0.0,27.05526255,38.49983164
71588.537,0,7692101,0,0.0,ORTA_TICARETHANE,35-09-M02551,CIGLI,35,0,0,KOYICI,0,0,8,5,7903.592000000001,9.4575,0,0,0.0,0,0.0,3,63684.945,0,0.0,27.06346635,38.49349208
6308.456,0,7692365,0,0.0,KUCUK_TICARETHANE,35-09-M02552,CIGLI,35,0,0,SIRINTEPE,0,0,2,0,0.0,5.054,0,0,0.0,0,0.0,2,6308.456,0,0.0,27.06948296,38.49132448
3470.5299999999997,0,7692387,0,0.0,KUCUK_TICARETHANE,35-09-K03323,CIGLI,35,0,0,GUZELTEPE,0,0,3,2,3105.9429999999998,6.486666666666667,0,0,0.0,0,0.0,1,364.587,0,0.0,27.07424775,38.49983533
4100.302,0,7692442,0,0.0,KUCUK_TICARETHANE,35-09-K01480,CIGLI,35,0,0,YAKAKENT,0,0,1,0,0.0,5.0,0,0,0.0,0,0.0,1,4100.302,0,0.0,27.07203309,38.50080166
53332.291999999994,0,7692596,0,0.0,ORTA_TICARETHANE,35-09-M02548,CIGLI,35,0,0,KUCUK CIGLI,0,0,2,0,0.0,8.780000000000001,0,0,0.0,0,0.0,2,53332.291999999994,0,0.0,27.04464846,38.50014815
3499.926,0,7692772,0,0.0,KUCUK_TICARETHANE,35-09-M02390,CIGLI,35,0,0,BALATCIK,0,0,3,2,3220.5860000000002,8.343333333333334,0,0,0.0,0,0.0,1,279.34,0,0.0,27.04543029,38.50758513
2140.2439999999997,0,7692849,0,0.0,KUCUK_TICARETHANE,35-09-M00255,CIGLI,35,0,0,KAKLIC,0,0,2,1,1097.251,9.175,0,0,0.0,0,0.0,1,1042.993,0,0.0,26.98606493,38.50792827
5666.598,0,7692959,0,0.0,KUCUK_TICARETHANE,35-09-M01145,CIGLI,35,0,0,KAKLIC,0,0,1,0,0.0,5.24,0,0,0.0,0,0.0,1,5666.598,0,0.0,26.9934841,38.5036771
6738.6050000000005,0,7693299,0,0.0,KUCUK_TICARETHANE,35-09-K01870,CIGLI,35,0,0,KOYICI,0,0,2,1,1815.287,5.0,0,0,0.0,0,0.0,1,4923.318,0,0.0,27.06423059,38.49561335
104883.8,0,7693354,0,0.0,ORTA_TICARETHANE,35-09-K03315,CIGLI,35,0,0,KUCUK CIGLI,0,0,1,0,0.0,46.0,0,0,0.0,0,0.0,1,104883.8,0,0.0,27.0500117,38.506325
64724.41,0,7693376,0,0.0,ORTA_TICARETHANE,35-09-M00254,CIGLI,35,0,0,KAKLIC,0,0,1,0,0.0,26.0,0,0,0.0,0,0.0,1,64724.41,0,0.0,26.98917316,38.50378384
5044.553,0,7693848,0,0.0,KUCUK_TICARETHANE,35-09-M00627,CIGLI,35,0,0,UGUR MUMCU,0,0,2,1,2486.169,10.075,0,0,0.0,0,0.0,1,2558.384,0,0.0,27.04247596,38.5234725
1518.927,0,7694321,0,0.0,KUCUK_TICARETHANE,35-09-M01951,CIGLI,35,0,0,MALTEPE,0,0,1,0,0.0,5.0,0,0,0.0,0,0.0,1,1518.927,0,0.0,27.07082414,38.49172051
21937.478,0,7694420,0,0.0,ORTA_TICARETHANE,35-09-M02551,CIGLI,35,0,0,KOYICI,0,0,2,0,0.0,6.390000000000001,0,0,0.0,0,0.0,2,21937.478,0,0.0,27.06364174,38.49511541
1986.82,0,7694464,0,0.0,KUCUK_TICARETHANE,35-09-K01874,CIGLI,35,0,0,GUZELTEPE,0,0,1,0,0.0,5.0,0,0,0.0,0,0.0,1,1986.82,0,0.0,27.07656184,38.50214784
21060.531,0,7694508,0,0.0,ORTA_TICARETHANE,35-09-M03520,CIGLI,35,0,0,ATASEHIR,0,0,6,0,0.0,10.633333333333335,0,0,0.0,0,0.0,6,21060.531,0,0.0,27.06200793,38.49356916
40870.57,0,7695168,0,0.0,ORTA_TICARETHANE,35-09-K04282,CIGLI,35,0,0,KUCUK CIGLI,0,0,1,0,0.0,63.172,0,0,0.0,0,0.0,1,40870.57,0,0.0,27.05670627,38.49901697
5843.73,0,7695212,0,0.0,KUCUK_TICARETHANE,35-09-K03323,CIGLI,35,0,0,GUZELTEPE,0,0,3,2,4631.771,6.66,0,0,0.0,0,0.0,1,1211.959,0,0.0,27.07374469,38.4986803
3503.455,0,7695398,0,0.0,KUCUK_TICARETHANE,35-09-K03313,CIGLI,35,0,0,YENI MAHALLE,0,0,2,1,2105.824,6.675,0,0,0.0,0,0.0,1,1397.631,0,0.0,27.0545608,38.49464739
78685.784,0,7695475,0,0.0,ORTA_TICARETHANE,35-09-K04221,CIGLI,35,0,0,ATASEHIR,0,0,7,0,0.0,9.09142857142857,0,0,0.0,0,0.0,7,78685.784,0,0.0,27.06660711,38.4911155
34379.389,0,7695519,0,0.0,ORTA_TICARETHANE,35-09-K01875,CIGLI,35,0,0,SIRINTEPE,0,0,4,1,2112.135,9.955,0,0,0.0,0,0.0,3,32267.254,0,0.0,27.06540506,38.49195372
46383.81,0,7695574,0,0.0,ORTA_TICARETHANE,35-09-K01859,CIGLI,35,0,0,KUCUK CIGLI,0,0,14,0,0.0,8.120714285714286,0,0,0.0,0,0.0,14,46383.81,0,0.0,27.04820607,38.50045278
12873.903,0,7695717,0,0.0,KUCUK_TICARETHANE,35-09-K01876,CIGLI,35,0,0,KOYICI,0,0,4,2,8067.207,5.0,0,0,0.0,0,0.0,2,4806.696,0,0.0,27.06099475,38.49613495
1797.702,0,7695761,0,0.0,KUCUK_TICARETHANE,35-09-K01870,CIGLI,35,0,0,KOYICI,0,0,1,0,0.0,12.5,0,0,0.0,0,0.0,1,1797.702,0,0.0,27.06514097,38.49456058
7095.95,0,7695904,0,0.0,KUCUK_TICARETHANE,35-09-M00396,CIGLI,35,0,0,BALATCIK,0,0,3,2,5866.172,7.716666666666666,0,0,0.0,0,0.0,1,1229.778,0,0.0,27.03911683,38.50829411
2665.325,0,7696762,0,0.0,KUCUK_TICARETHANE,35-09-K04020,CIGLI,35,0,0,YENI MAHALLE,0,0,1,0,0.0,5.0,0,0,0.0,0,0.0,1,2665.325,0,0.0,27.05765022,38.49384883
5173.286,0,7697213,0,0.0,KUCUK_TICARETHANE,35-09-M00257,CIGLI,35,0,0,SASALLI MERKEZ,0,0,1,0,0.0,5.0,0,0,0.0,0,0.0,1,5173.286,0,0.0,26.95161599,38.49455772
8928.064,0,7697422,0,0.0,KUCUK_TICARETHANE,35-09-K01870,CIGLI,35,0,0,KOYICI,0,0,3,1,3885.834,5.366666666666667,0,0,0.0,0,0.0,2,5042.23,0,0.0,27.06287469,38.49656775
3516.7,0,7697884,0,0.0,KUCUK_TICARETHANE,35-09-M00256,CIGLI,35,0,0,KAKLIC,0,0,3,2,2674.3360000000002,8.58,0,0,0.0,0,0.0,1,842.364,0,0.0,26.98616677,38.50813022
11559.462,0,7698060,0,0.0,KUCUK_TICARETHANE,35-09-K01887,CIGLI,35,0,0,ATASEHIR,0,0,6,2,5133.34,11.961333333333334,0,0,0.0,0,0.0,4,6426.122,0,0.0,27.06993296,38.48891996
7516.701,0,7698336,0,0.0,KUCUK_TICARETHANE,35-09-K01863,CIGLI,35,0,0,YENI MAHALLE,0,0,3,2,7060.845,5.0,0,0,0.0,0,0.0,1,455.856,0,0.0,27.05453858,38.49685439
2552.154,0,7698490,0,0.0,KUCUK_TICARETHANE,35-09-K01887,CIGLI,35,0,0,ATASEHIR,0,0,1,0,0.0,5.58,0,0,0.0,0,0.0,1,2552.154,0,0.0,27.07308578,38.48772684
40644.146,0,7698600,0,0.0,ORTA_TICARETHANE,35-09-M02551,CIGLI,35,0,0,KOYICI,0,0,5,0,0.0,9.879999999999999,0,0,0.0,0,0.0,5,40644.146,0,0.0,27.06323966,38.49450621
4291.957,0,7699424,0,0.0,KUCUK_TICARETHANE,35-09-M01992,CIGLI,35,0,0,ESENTEPE,0,0,3,2,4202.321,9.700000000000001,0,0,0.0,0,0.0,1,89.636,0,0.0,27.05009613,38.50718815
4850.263,0,7699567,0,0.0,KUCUK_TICARETHANE,35-09-K04314,CIGLI,35,0,0,KUCUK CIGLI,0,0,4,2,2232.7580000000003,5.0,0,0,0.0,0,0.0,2,2617.505,0,0.0,27.05460791,38.4983023
7777.521,0,7699677,0,0.0,KUCUK_TICARETHANE,35-09-M00626,CIGLI,35,0,0,UGUR MUMCU,0,0,1,0,0.0,5.0,0,0,0.0,0,0.0,1,7777.521,0,0.0,27.04502466,38.52247991
5701.196,0,7699743,0,0.0,KUCUK_TICARETHANE,35-09-K03216,CIGLI,35,0,0,GUZELTEPE,0,0,2,1,2941.513,5.0,0,0,0.0,0,0.0,1,2759.683,0,0.0,27.07785619,38.50089092
20325.964,0,7699776,0,0.0,ORTA_TICARETHANE,35-09-K01879,CIGLI,35,0,0,YENI MAHALLE,0,0,3,2,5236.814,5.0,0,0,0.0,0,0.0,1,15089.15,0,0.0,27.05508464,38.49653572
11077.72,0,7700062,0,0.0,KUCUK_TICARETHANE,35-09-M01608,CIGLI,35,0,0,MALTEPE,0,0,2,1,5970.668,7.93,0,0,0.0,0,0.0,1,5107.052,0,0.0,27.07600963,38.48907434
103251.724,0,7700172,0,0.0,ORTA_TICARETHANE,35-09-K01858,CIGLI,35,0,0,KUCUK CIGLI,0,0,26,0,0.0,10.71923076923077,0,0,0.0,0,0.0,26,103251.724,0,0.0,27.04699773,38.50186216
3459.1929999999998,0,7700315,0,0.0,KUCUK_TICARETHANE,35-09-M01951,CIGLI,35,0,0,SIRINTEPE,0,0,2,1,3146.553,6.675,0,0,0.0,0,0.0,1,312.64,0,0.0,27.07146109,38.49233836
17526.162,0,7701162,0,0.0,ORTA_TICARETHANE,35-09-K01865,CIGLI,35,0,0,KUCUK CIGLI,0,0,9,5,5593.684,6.855555555555556,0,0,0.0,0,0.0,4,11932.478,0,0.0,27.05995337,38.49717635
52187.402,0,7701184,0,0.0,ORTA_TICARETHANE,35-09-M02547,CIGLI,35,0,0,KUCUK CIGLI,0,0,8,0,0.0,13.64125,0,0,0.0,0,0.0,8,52187.402,0,0.0,27.04515379,38.49837466
162415.24,0,7701261,0,0.0,ORTA_SANAYI,35-09-M02547,CIGLI,35,0,0,KUCUK CIGLI,0,0,2,0,0.0,54.274,0,1,137821.3,0,0.0,1,24593.94,0,0.0,27.04507729,38.49890305
85444.721,0,7701415,0,0.0,ORTA_TICARETHANE,35-09-K01882,CIGLI,35,0,0,ATASEHIR,0,0,18,12,26433.076999999997,5.477777777777778,0,0,0.0,0,0.0,6,59011.64400000001,0,0.0,27.06285137,38.49148065
10207.2,0,7701624,0,0.0,ORTA_TICARETHANE,35-09-M00256,CIGLI,35,0,0,KAKLIC,0,0,1,0,0.0,5.0,0,0,0.0,0,0.0,1,10207.2,0,0.0,26.9878839,38.50870152
11788.541,0,7701778,0,0.0,ORTA_TICARETHANE,35-09-M02551,CIGLI,35,0,0,KOYICI,0,0,4,0,0.0,5.0,0,0,0.0,0,0.0,4,11788.541,0,0.0,27.06390165,38.49260013
44711.3,0,7702052,0,0.0,ORTA_TICARETHANE,35-09-M00258,CIGLI,35,0,0,SASALLI MERKEZ,0,0,2,1,16375.16,5.35,0,0,0.0,0,0.0,1,28336.14,0,0.0,26.95079188,38.49238769
15088.23,0,7702151,0,0.0,ORTA_TICARETHANE,35-09-M00256,CIGLI,35,0,0,KAKLIC,0,0,1,0,0.0,5.0,0,0,0.0,0,0.0,1,15088.23,0,0.0,26.9868314,38.5104731
15340.75,0,7702206,0,0.0,KUCUK_TICARETHANE,35-09-K03705,CIGLI,35,0,0,MALTEPE,0,0,3,2,6406.878,6.286666666666666,0,0,0.0,0,0.0,1,8933.872,0,0.0,27.07462699,38.49106264
24.124,0,7702382,0,0.0,KUCUK_TICARETHANE,35-09-M01950,CIGLI,35,0,0,MALTEPE,0,0,1,0,0.0,5.0,0,0,0.0,0,0.0,1,24.124,0,0.0,27.0747515,38.49016069
2615.061,0,7702778,0,0.0,KUCUK_TICARETHANE,35-09-K01480,CIGLI,35,0,0,YAKAKENT,0,0,1,0,0.0,8.35,0,0,0.0,0,0.0,1,2615.061,0,0.0,27.07024978,38.50016559
7195.156,0,7702833,0,0.0,KUCUK_TICARETHANE,35-09-K01870,CIGLI,35,0,0,KOYICI,0,0,4,2,5471.605,5.275,0,0,0.0,0,0.0,2,1723.551,0,0.0,27.06612794,38.4966167
8234.836,0,7703065,0,0.0,KUCUK_TICARETHANE,35-09-M00396,CIGLI,35,0,0,BALATCIK,0,0,5,3,6520.822,8.790000000000001,0,0,0.0,0,0.0,2,1714.014,0,0.0,27.04006632,38.50849276
1376.527,0,7703230,0,0.0,KUCUK_TICARETHANE,35-09-M02551,CIGLI,35,0,0,KOYICI,0,0,1,0,0.0,5.0,0,0,0.0,0,0.0,1,1376.527,0,0.0,27.06314973,38.49370575
15728.34,0,7703681,0,0.0,ORTA_TICARETHANE,35-09-K02499,CIGLI,35,0,0,AYDINLIKEVLER,0,0,1,0,0.0,5.0,0,0,0.0,0,0.0,1,15728.34,0,0.0,27.07964369,38.48905037
15528.95,0,7703791,0,0.0,ORTA_TICARETHANE,35-09-M01985,CIGLI,35,0,0,EVKA - 2,0,0,1,0,0.0,5.0,0,0,0.0,0,0.0,1,15528.95,0,0.0,27.087875,38.49938496
7929.146000000001,0,7703824,0,0.0,KUCUK_TICARETHANE,35-09-M02464,CIGLI,35,0,0,YENI MAHALLE,0,0,3,2,6212.204,5.0,0,0,0.0,0,0.0,1,1716.942,0,0.0,27.04909917,38.49800017
4485.219,0,7703923,0,0.0,KUCUK_TICARETHANE,35-09-K01869,CIGLI,35,0,0,KUCUK CIGLI,0,0,3,2,3883.478,8.446666666666667,0,0,0.0,0,0.0,1,601.741,0,0.0,27.04870463,38.50534034
2485.574,0,7704033,0,0.0,KUCUK_TICARETHANE,35-09-K02733,CIGLI,35,0,0,ATASEHIR,0,0,1,0,0.0,8.35,0,0,0.0,0,0.0,1,2485.574,0,0.0,27.06776609,38.48687159
139706.8,0,7704253,0,0.0,ORTA_TICARETHANE,35-09-M03520,CIGLI,35,0,0,ATASEHIR,0,0,3,0,0.0,8.953333333333333,0,0,0.0,0,0.0,3,139706.8,0,0.0,27.06221684,38.49341467
11800.292,0,7704264,0,0.0,KUCUK_TICARETHANE,35-09-K01878,CIGLI,35,0,0,YENI MAHALLE,0,0,6,4,5592.856,10.366666666666667,0,0,0.0,0,0.0,2,6207.436,0,0.0,27.05500727,38.49341919
4462.041,0,7704429,0,0.0,KUCUK_TICARETHANE,35-09-K02778,CIGLI,35,0,0,ATASEHIR,0,0,2,1,3607.426,7.14,0,0,0.0,0,0.0,1,854.615,0,0.0,27.07021647,38.48652343
29051.39,0,7704517,0,0.0,TARIMSAL_SULAMA,35-09-M00256,CIGLI,35,0,0,KAKLIC,0,0,0,0,0.0,39.46,0,0,0.0,1,29051.39,0,0.0,0,0.0,26.98778445,38.51102397
82155.23,0,7705023,0,0.0,ORTA_TICARETHANE,35-09-K01887,CIGLI,35,0,0,MALTEPE,0,0,1,0,0.0,55.12,0,0,0.0,0,0.0,1,82155.23,0,0.0,27.0701333,38.489555
2729.016,0,7705210,0,0.0,KUCUK_TICARETHANE,35-09-K03216,CIGLI,35,0,0,GUZELTEPE,0,0,2,1,1990.01,8.28,0,0,0.0,0,0.0,1,739.006,0,0.0,27.07719431,38.4995669
670.439,0,7705221,0,0.0,KUCUK_TICARETHANE,35-09-M00845,CIGLI,35,0,0,UGUR MUMCU,0,0,1,0,0.0,5.0,0,0,0.0,0,0.0,1,670.439,0,0.0,27.04490304,38.52432502
62439.097,0,7705331,0,0.0,ORTA_TICARETHANE,35-09-M02547,CIGLI,35,0,0,KUCUK CIGLI,0,0,7,0,0.0,14.814285714285715,0,0,0.0,0,0.0,7,62439.097,0,0.0,27.0459138,38.49970183
53630.14,0,7705342,0,0.0,ORTA_TICARETHANE,35-09-M01989,CIGLI,35,0,0,CAGDAS,0,0,1,0,0.0,18.05,0,0,0.0,0,0.0,1,53630.14,0,0.0,27.05698981,38.50608826
22832.06,0,7705518,0,0.0,ORTA_TICARETHANE,35-09-K02499,CIGLI,35,0,0,AYDINLIKEVLER,0,0,1,0,0.0,10.2,0,0,0.0,0,0.0,1,22832.06,0,0.0,27.07879783,38.48927197
3381.229,0,7705881,0,0.0,KUCUK_TICARETHANE,35-09-K01880,CIGLI,35,0,0,ATASEHIR,0,0,1,0,0.0,5.0,0,0,0.0,0,0.0,1,3381.229,0,0.0,27.05827498,38.49069975
3028.925,0,7705892,0,0.0,KUCUK_TICARETHANE,35-09-K04681,CIGLI,35,0,0,MALTEPE,0,0,1,0,0.0,5.0,0,0,0.0,0,0.0,1,3028.925,0,0.0,27.07252384,38.49048522
33171.784,0,7705936,0,0.0,ORTA_TICARETHANE,35-09-K01870,CIGLI,35,0,0,KOYICI,0,0,2,1,6035.784,7.17,0,0,0.0,0,0.0,1,27136.0,0,0.0,27.06253886,38.49605745
6648.289,0,7706200,0,0.0,KUCUK_TICARETHANE,35-09-K01006,CIGLI,35,0,0,AYDINLIKEVLER,0,0,3,2,3494.852,7.517333333333333,0,0,0.0,0,0.0,1,3153.437,0,0.0,27.08284147,38.48791231
16381.908,0,7706233,0,0.0,KUCUK_TICARETHANE,35-09-K02899,CIGLI,35,0,0,ATASEHIR,0,0,5,3,14353.826000000001,5.0,0,0,0.0,0,0.0,2,2028.082,0,0.0,27.06566938,38.48599618
13932.705,0,7706277,0,0.0,KUCUK_TICARETHANE,35-09-M03053,CIGLI,35,0,0,EGEKENT,0,0,6,2,8815.208999999999,9.905666666666667,0,0,0.0,0,0.0,4,5117.495999999999,0,0.0,27.06260766,38.50658725
6270.936,0,7706750,0,0.0,KUCUK_TICARETHANE,35-09-K04597,CIGLI,35,0,0,KUCUK CIGLI,0,0,3,2,6097.952,5.0,0,0,0.0,0,0.0,1,172.984,0,0.0,27.05108007,38.5027481
5508.491,0,7706761,0,0.0,KUCUK_TICARETHANE,35-09-M02549,CIGLI,35,0,0,KUCUK CIGLI,0,0,3,2,4899.888,8.173333333333334,0,0,0.0,0,0.0,1,608.603,0,0.0,27.04451958,38.50274787
5319.403,0,7706860,0,0.0,KUCUK_TICARETHANE,35-09-M00396,CIGLI,35,0,0,BALATCIK,0,0,2,1,4274.281,7.4,0,0,0.0,0,0.0,1,1045.122,0,0.0,27.03950853,38.50816865
2827.746,0,7706871,0,0.0,KUCUK_TICARETHANE,35-09-M00254,CIGLI,35,0,0,KAKLIC,0,0,1,0,0.0,6.16,0,0,0.0,0,0.0,1,2827.746,0,0.0,26.98884008,38.50505847
5394.003,0,7706926,0,0.0,KUCUK_TICARETHANE,35-09-K01876,CIGLI,35,0,0,KOYICI,0,0,3,2,4637.1900000000005,6.116666666666667,0,0,0.0,0,0.0,1,756.813,0,0.0,27.06191496,38.49543248
12923.42,0,7707773,0,0.0,ORTA_TICARETHANE,35-09-M00257,CIGLI,35,0,0,SASALLI MERKEZ,0,0,1,0,0.0,8.35,0,0,0.0,0,0.0,1,12923.42,0,0.0,26.95144654,38.49425404
63618.172,0,7707993,0,0.0,ORTA_TICARETHANE,35-09-M03520,CIGLI,35,0,0,ATASEHIR,0,0,13,0,0.0,8.243846153846153,0,0,0.0,0,0.0,13,63618.172,0,0.0,27.06180943,38.49372988
62329.229999999996,0,7708532,0,0.0,ORTA_TICARETHANE,35-09-K01867,CIGLI,35,0,0,KUCUK CIGLI,0,0,2,1,27561.6,19.183,0,0,0.0,0,0.0,1,34767.63,0,0.0,27.05310152,38.50305957
14124.067000000001,0,7708598,0,0.0,KUCUK_TICARETHANE,35-09-M00999,CIGLI,35,0,0,BALATCIK,0,0,6,4,4225.886,8.518333333333333,0,0,0.0,0,0.0,2,9898.181,0,0.0,27.04075817,38.51004441
8707.871000000001,0,7708686,0,0.0,KUCUK_TICARETHANE,35-09-K03313,CIGLI,35,0,0,YENI MAHALLE,0,0,9,6,7405.693,7.06,0,0,0.0,0,0.0,3,1302.1779999999999,0,0.0,27.05432027,38.4944608
15665.553,0,7708697,0,0.0,KUCUK_TICARETHANE,35-09-K01866,CIGLI,35,0,0,KUCUK CIGLI,0,0,8,4,9151.835,5.0,0,0,0.0,0,0.0,4,6513.718,0,0.0,27.05338144,38.50171843
2252.1549999999997,0,7708940,0,0.0,KUCUK_TICARETHANE,35-09-K01870,CIGLI,35,0,0,KOYICI,0,0,3,0,0.0,5.0,0,0,0.0,0,0.0,3,2252.1549999999997,0,0.0,27.06478806,38.49594097
49766.83,0,7708951,0,0.0,ORTA_TICARETHANE,35-09-M00254,CIGLI,35,0,0,KAKLIC,0,0,2,0,0.0,15.155,0,0,0.0,0,0.0,2,49766.83,0,0.0,26.99056638,38.50516919
3030.358,0,7709050,0,0.0,KUCUK_TICARETHANE,35-09-M02552,CIGLI,35,0,0,SIRINTEPE,0,0,2,1,1620.111,5.0,0,0,0.0,0,0.0,1,1410.247,0,0.0,27.07138459,38.49326878
8987.884,0,7709072,0,0.0,KUCUK_TICARETHANE,35-09-K01869,CIGLI,35,0,0,KUCUK CIGLI,0,0,4,2,2414.327,5.195,0,0,0.0,0,0.0,2,6573.557,0,0.0,27.04820135,38.50531401
23902.472,0,7709083,0,0.0,ORTA_TICARETHANE,35-09-K01869,CIGLI,35,0,0,BALATCIK,0,0,3,2,5546.832,6.833333333333333,0,0,0.0,0,0.0,1,18355.64,0,0.0,27.04346114,38.50555162
101577.31999999999,0,7709578,0,0.0,ORTA_TICARETHANE,35-09-M01996,CIGLI,35,0,0,ESENTEPE,0,0,2,0,0.0,170.75,0,0,0.0,0,0.0,2,101577.31999999999,0,0.0,27.056649,38.51604338
1153.491,0,7709897,0,0.0,KUCUK_TICARETHANE,35-09-M02552,CIGLI,35,0,0,SIRINTEPE,0,0,1,0,0.0,5.0,0,0,0.0,0,0.0,1,1153.491,0,0.0,27.07016272,38.4916218
6253.04,0,7710106,0,0.0,KUCUK_TICARETHANE,35-09-K01873,CIGLI,35,0,0,SIRINTEPE,0,0,3,2,5210.4980000000005,8.77,0,0,0.0,0,0.0,1,1042.542,0,0.0,27.07224012,38.49654784
18606.119,0,7710414,0,0.0,ORTA_TICARETHANE,35-09-M00845,CIGLI,35,0,0,UGUR MUMCU,0,0,5,2,5822.632,6.162,0,0,0.0,0,0.0,3,12783.487,0,0.0,27.0448776,38.52329848
3370.842,0,7710667,0,0.0,KUCUK_TICARETHANE,35-09-M02549,CIGLI,35,0,0,KUCUK CIGLI,0,0,2,1,2538.059,6.84,0,0,0.0,0,0.0,1,832.783,0,0.0,27.04356001,38.50270708
8044.192999999999,0,7710799,0,0.0,KUCUK_TICARETHANE,35-09-K04314,CIGLI,35,0,0,KUCUK CIGLI,0,0,2,1,5068.365,7.58,0,0,0.0,0,0.0,1,2975.828,0,0.0,27.05434269,38.49958177
2424.963,0,7710865,0,0.0,KUCUK_TICARETHANE,35-09-M01145,CIGLI,35,0,0,KAKLIC,0,0,1,0,0.0,5.0,0,0,0.0,0,0.0,1,2424.963,0,0.0,26.99377212,38.50346826
16140.346,0,7710876,0,0.0,ORTA_TICARETHANE,35-09-M03520,CIGLI,35,0,0,ATASEHIR,0,0,3,1,3320.554,5.0,0,0,0.0,0,0.0,2,12819.792,0,0.0,27.06096688,38.49363575
8414.847,0,7710898,0,0.0,KUCUK_TICARETHANE,35-09-K01464,CIGLI,35,0,0,KUCUK CIGLI,0,0,3,2,8413.922,5.0,0,0,0.0,0,0.0,1,0.925,0,0.0,27.05868615,38.49840563
27801.279,0,7710931,0,0.0,ORTA_TICARETHANE,35-09-M03520,CIGLI,35,0,0,ATASEHIR,0,0,7,0,0.0,5.008571428571429,0,0,0.0,0,0.0,7,27801.279,0,0.0,27.06270925,38.49274331
5926.834,0,7711074,0,0.0,KUCUK_TICARETHANE,35-09-K02499,CIGLI,35,0,0,AYDINLIKEVLER,0,0,1,0,0.0,5.0,0,0,0.0,0,0.0,1,5926.834,0,0.0,27.07941953,38.48799699
1663.463,0,7711558,0,0.0,KUCUK_TICARETHANE,35-09-K04165,CIGLI,35,0,0,BALATCIK,0,0,1,0,0.0,5.26,0,0,0.0,0,0.0,1,1663.463,0,0.0,27.04677817,38.51283438
65523.263999999996,0,7711778,0,0.0,ORTA_TICARETHANE,,CIGLI,35,0,0,KOYICI,0,0,3,0,0.0,6.156,0,0,0.0,0,0.0,3,65523.263999999996,0,0.0,27.0619059,38.49727412
1016.137,0,7712020,0,0.0,KUCUK_TICARETHANE,35-09-M02551,CIGLI,35,0,0,KOYICI,0,0,1,0,0.0,5.0,0,0,0.0,0,0.0,1,1016.137,0,0.0,27.06261367,38.49393815
13793.84,0,7712119,0,0.0,ORTA_TICARETHANE,35-09-M01860,CIGLI,35,0,0,ATASEHIR,0,0,1,0,0.0,15.01,0,0,0.0,0,0.0,1,13793.84,0,0.0,27.05768711,38.48933164
28752.955,0,7712405,0,0.0,ORTA_TICARETHANE,35-09-M00257,CIGLI,35,0,0,SASALLI MERKEZ,0,0,3,0,0.0,7.75,0,0,0.0,0,0.0,3,28752.955,0,0.0,26.95146235,38.49413048
509.674,0,7712416,0,0.0,KUCUK_TICARETHANE,35-09-M00257,CIGLI,35,0,0,SASALLI MERKEZ,0,0,1,0,0.0,5.0,0,0,0.0,0,0.0,1,509.674,0,0.0,26.95260872,38.49470195
24617.18,0,7712680,0,0.0,ORTA_TICARETHANE,35-09-K01958,CIGLI,35,0,0,AYDINLIKEVLER,0,0,1,0,0.0,8.35,0,0,0.0,0,0.0,1,24617.18,0,0.0,27.08258751,38.49214345
4064.048,0,7712768,0,0.0,KUCUK_TICARETHANE,35-09-K03705,CIGLI,35,0,0,MALTEPE,0,0,2,1,2500.063,5.16,0,0,0.0,0,0.0,1,1563.985,0,0.0,27.07619073,38.49073466
17122.93,0,7713186,0,0.0,ORTA_TICARETHANE,35-09-K01879,CIGLI,35,0,0,YENI MAHALLE,0,0,1,0,0.0,65.56,0,0,0.0,0,0.0,1,17122.93,0,0.0,27.0556607,38.49613622
8170.5830000000005,0,7713438,0,0.0,KUCUK_TICARETHANE,35-09-K03317,CIGLI,35,0,0,MALTEPE,0,0,4,0,0.0,8.765,0,0,0.0,0,0.0,4,8170.5830000000005,0,0.0,27.07548472,38.49204885
1706.957,0,7713614,0,0.0,ORTA_TICARETHANE,35-09-M01145,CIGLI,35,0,0,KAKLIC,0,0,1,0,0.0,17.3,0,0,0.0,0,0.0,1,1706.957,0,0.0,26.99164465,38.50505972
3932.534,0,7713647,0,0.0,ORTA_TICARETHANE,35-09-K03320,CIGLI,35,0,0,AYDINLIKEVLER,0,0,1,0,0.0,15.98,0,0,0.0,0,0.0,1,3932.534,0,0.0,27.07834923,38.49155148
2233.653,0,7713779,0,0.0,KUCUK_TICARETHANE,35-09-M01985,CIGLI,35,0,0,EVKA - 2,0,0,1,0,0.0,5.0,0,0,0.0,0,0.0,1,2233.653,0,0.0,27.08655927,38.49979673
4702.277,0,7713834,0,0.0,KUCUK_TICARETHANE,35-09-K01874,CIGLI,35,0,0,GUZELTEPE,0,0,2,1,4004.31,5.18,0,0,0.0,0,0.0,1,697.967,0,0.0,27.07688452,38.50111356
13238.968,0,7713900,0,0.0,KUCUK_TICARETHANE,35-09-K04020,CIGLI,35,0,0,ATASEHIR,0,0,6,4,7445.3099999999995,8.41,0,0,0.0,0,0.0,2,5793.657999999999,0,0.0,27.05975345,38.49310041
27512.35,0,7714142,0,0.0,ORTA_TICARETHANE,35-09-K01936,CIGLI,35,0,0,CAGDAS,0,0,1,0,0.0,16.78,0,0,0.0,0,0.0,1,27512.35,0,0.0,27.05816981,38.50383219
66908.549,0,7714483,0,0.0,ORTA_TICARETHANE,35-09-K01878,CIGLI,35,0,0,ATASEHIR,0,0,3,0,0.0,30.606666666666666,0,0,0.0,0,0.0,3,66908.549,0,0.0,27.05852644,38.49270192
16446.105,0,7714494,0,0.0,KUCUK_TICARETHANE,35-09-M02551,CIGLI,35,0,0,KOYICI,0,0,6,4,12310.389,6.675,0,0,0.0,0,0.0,2,4135.716,0,0.0,27.06357038,38.49362767
1511.205,0,7714945,0,0.0,KUCUK_TICARETHANE,35-09-M01145,CIGLI,35,0,0,KAKLIC,0,0,1,0,0.0,14.9,0,0,0.0,0,0.0,1,1511.205,0,0.0,26.9916433,38.5047367
10409.05,0,7715022,0,0.0,ORTA_TICARETHANE,35-09-M00845,CIGLI,35,0,0,UGUR MUMCU,0,0,1,0,0.0,62.7,0,0,0.0,0,0.0,1,10409.05,0,0.0,27.0453143,38.52345131
5911.967000000001,0,7715044,0,0.0,KUCUK_TICARETHANE,35-09-K01870,CIGLI,35,0,0,KOYICI,0,0,3,2,4033.956,5.0,0,0,0.0,0,0.0,1,1878.011,0,0.0,27.06576024,38.49636368
4732.901,0,7715352,0,0.0,KUCUK_TICARETHANE,35-09-K01870,CIGLI,35,0,0,KOYICI,0,0,1,0,0.0,8.35,0,0,0.0,0,0.0,1,4732.901,0,0.0,27.06636205,38.49634104
12256.51,0,7715385,0,0.0,KUCUK_TICARETHANE,35-09-K01870,CIGLI,35,0,0,KOYICI,0,0,6,2,4856.709,5.0,0,0,0.0,0,0.0,4,7399.8009999999995,0,0.0,27.06250575,38.49636633
80055.15,0,7715561,0,0.0,ORTA_TICARETHANE,35-09-M03520,CIGLI,35,0,0,ATASEHIR,0,0,16,0,0.0,10.908125,0,0,0.0,0,0.0,16,80055.15,0,0.0,27.06408299,38.49286336
7387.76,0,7716100,0,0.0,KUCUK_TICARETHANE,35-09-K01870,CIGLI,35,0,0,KOYICI,0,0,3,2,3622.971,5.0,0,0,0.0,0,0.0,1,3764.789,0,0.0,27.06481714,38.49826177
91273.112,0,7716254,0,0.0,ORTA_TICARETHANE,35-09-K01860,CIGLI,35,0,0,KUCUK CIGLI,0,0,17,0,0.0,10.09,0,0,0.0,0,0.0,17,91273.112,0,0.0,27.04666443,38.49861217
16914.34,0,7716331,0,0.0,KUCUK_TICARETHANE,35-09-M03090,CIGLI,35,0,0,YENI MAHALLE,0,0,6,4,6927.1720000000005,9.645,0,0,0.0,0,0.0,2,9987.168,0,0.0,27.05118897,38.50002369
12576.082,0,7716496,0,0.0,KUCUK_TICARETHANE,35-09-K01870,CIGLI,35,0,0,KOYICI,0,0,6,4,12300.86,6.163333333333334,0,0,0.0,0,0.0,2,275.222,0,0.0,27.06267217,38.49590907
9691.698,0,7716595,0,0.0,KUCUK_TICARETHANE,35-09-M01860,CIGLI,35,0,0,ATASEHIR,0,0,3,2,7365.55,5.0,0,0,0.0,0,0.0,1,2326.148,0,0.0,27.0560692,38.4887505
3253.908,0,7716892,0,0.0,KUCUK_TICARETHANE,35-09-K01874,CIGLI,35,0,0,GUZELTEPE,0,0,1,0,0.0,5.0,0,0,0.0,0,0.0,1,3253.908,0,0.0,27.07853958,38.50236045
214173.981,0,7717189,0,0.0,ORTA_TICARETHANE,35-09-M03520,CIGLI,35,0,0,ATASEHIR,0,0,60,4,5019.25,6.7169,0,0,0.0,0,0.0,56,209154.731,0,0.0,27.06157625,38.49336923
52807.563,0,7717321,0,0.0,ORTA_TICARETHANE,35-09-K01874,CIGLI,35,0,0,GUZELTEPE,0,0,2,1,4336.203,9.38,0,0,0.0,0,0.0,1,48471.36,0,0.0,27.07714045,38.50127793
2369.821,0,7717541,0,0.0,KUCUK_TICARETHANE,35-09-M00103,CIGLI,35,0,0,BALATCIK,0,0,1,0,0.0,5.0,0,0,0.0,0,0.0,1,2369.821,0,0.0,27.04138337,38.51690743
133309.4,0,7717706,0,0.0,ORTA_TICARETHANE,35-09-K01878,CIGLI,35,0,0,ATASEHIR,0,0,1,0,0.0,96.124,0,0,0.0,0,0.0,1,133309.4,0,0.0,27.05545875,38.49308856
12697.32,0,7717761,0,0.0,ORTA_TICARETHANE,35-09-M00403,CIGLI,35,0,0,BALATCIK,0,0,1,0,0.0,5.0,0,0,0.0,0,0.0,1,12697.32,0,0.0,27.04528865,38.51571203
14341.421,0,7717816,0,0.0,ORTA_TICARETHANE,35-09-M03064,CIGLI,35,0,0,EVKA-5,0,0,4,0,0.0,5.43,0,0,0.0,0,0.0,4,14341.421,0,0.0,27.05649217,38.52017934
30506.15,0,7717948,0,0.0,ORTA_TICARETHANE,35-09-K01874,CIGLI,35,0,0,GUZELTEPE,0,0,1,0,0.0,8.201,0,0,0.0,0,0.0,1,30506.15,0,0.0,27.07673759,38.50054631
8146.317,0,7718003,0,0.0,KUCUK_TICARETHANE,35-09-M03520,CIGLI,35,0,0,ATASEHIR,0,0,3,0,0.0,6.116666666666667,0,0,0.0,0,0.0,3,8146.317,0,0.0,27.06139304,38.49385253
17292.66,0,7718058,0,0.0,KUCUK_TICARETHANE,35-09-M00626,CIGLI,35,0,0,UGUR MUMCU,0,0,5,3,12947.896,7.715999999999999,0,0,0.0,0,0.0,2,4344.764,0,0.0,27.04393181,38.52200159
3247.6220000000003,0,7718344,0,0.0,KUCUK_TICARETHANE,35-09-K01873,CIGLI,35,0,0,SIRINTEPE,0,0,3,2,2490.742,7.1499999999999995,0,0,0.0,0,0.0,1,756.88,0,0.0,27.07124155,38.49651718
20692.25,0,7718366,0,0.0,ORTA_TICARETHANE,35-09-K02771,CIGLI,35,0,0,ESENTEPE,0,0,1,0,0.0,17.76,0,0,0.0,0,0.0,1,20692.25,0,0.0,27.05108384,38.51180067
434529.213,0,7718421,0,0.0,ORTA_TICARETHANE,35-09-M02549,CIGLI,35,0,0,KUCUK CIGLI,0,0,16,0,0.0,17.622375,0,0,0.0,0,0.0,16,434529.213,0,0.0,27.04498967,38.50133245
29184.81,0,7718520,0,0.0,ORTA_TICARETHANE,35-09-K03320,CIGLI,35,0,0,AYDINLIKEVLER,0,0,1,0,0.0,20.95,0,0,0.0,0,0.0,1,29184.81,0,0.0,27.0787513,38.49108245
39563.72,0,7718938,0,0.0,ORTA_TICARETHANE,35-09-K01871,CIGLI,35,0,0,KOYICI,0,0,1,0,0.0,61.42,0,0,0.0,0,0.0,1,39563.72,0,0.0,27.06806055,38.49788136
29012.622,0,7719026,0,0.0,ORTA_TICARETHANE,35-09-M03520,CIGLI,35,0,0,ATASEHIR,0,0,7,0,0.0,6.192857142857143,0,0,0.0,0,0.0,7,29012.622,0,0.0,27.0623165,38.49293313
6563.363,0,7719070,0,0.0,KUCUK_TICARETHANE,35-09-K03323,CIGLI,35,0,0,GUZELTEPE,0,0,3,2,3973.8720000000003,8.246666666666668,0,0,0.0,0,0.0,1,2589.491,0,0.0,27.07640858,38.50033627
1904.652,0,7719356,0,0.0,KUCUK_TICARETHANE,35-09-M02552,CIGLI,35,0,0,SIRINTEPE,0,0,1,0,0.0,8.35,0,0,0.0,0,0.0,1,1904.652,0,0.0,27.06962475,38.49212541
11496.539,0,7719609,0,0.0,KUCUK_TICARETHANE,35-09-M02551,CIGLI,35,0,0,KOYICI,0,0,7,3,3235.273,6.985714285714286,0,0,0.0,0,0.0,4,8261.266,0,0.0,27.06421346,38.49365744
10893.86,0,7720049,0,0.0,ORTA_TICARETHANE,35-09-M03520,CIGLI,35,0,0,ATASEHIR,0,0,1,0,0.0,5.0,0,0,0.0,0,0.0,1,10893.86,0,0.0,27.06294028,38.49350137
130101.552,0,7720071,0,0.0,ORTA_TICARETHANE,35-09-K03313,CIGLI,35,0,0,YENI MAHALLE,0,0,35,18,47110.004,9.867914285714287,0,0,0.0,0,0.0,17,82991.548,0,0.0,27.05041322,38.49514711
26538.932,0,7720401,0,0.0,ORTA_TICARETHANE,35-09-M00845,CIGLI,35,0,0,UGUR MUMCU,0,0,4,1,3290.584,7.563,0,0,0.0,0,0.0,3,23248.347999999998,0,0.0,27.04523727,38.52438802
30174.32,0,7720676,0,0.0,ORTA_TICARETHANE,35-09-M01950,CIGLI,35,0,0,MALTEPE,0,0,1,0,0.0,26.0,0,0,0.0,0,0.0,1,30174.32,0,0.0,27.07361864,38.48867313
35138.42,0,7720775,0,0.0,ORTA_TICARETHANE,35-09-K03314,CIGLI,35,0,0,ATASEHIR,0,0,1,0,0.0,37.02,0,0,0.0,0,0.0,1,35138.42,0,0.0,27.05171403,38.49232827
2501.364,0,7720819,0,0.0,KUCUK_TICARETHANE,35-09-M00396,CIGLI,35,0,0,BALATCIK,0,0,2,1,2500.884,5.25,0,0,0.0,0,0.0,1,0.48,0,0.0,27.04092501,38.5089118
677.648,0,7721270,0,0.0,KUCUK_TICARETHANE,35-09-K01870,CIGLI,35,0,0,KOYICI,0,0,1,0,0.0,5.0,0,0,0.0,0,0.0,1,677.648,0,0.0,27.06625529,38.49679598
12904.18,0,7721611,0,0.0,ORTA_TICARETHANE,35-09-K01864,CIGLI,35,0,0,KUCUK CIGLI,0,0,1,0,0.0,49.46,0,0,0.0,0,0.0,1,12904.18,0,0.0,27.05896834,38.49726299
20541.429,0,7721665,0,0.0,ORTA_TICARETHANE,35-09-M00396,CIGLI,35,0,0,BALATCIK,0,0,3,2,9263.569,7.359999999999999,0,0,0.0,0,0.0,1,11277.86,0,0.0,27.04041679,38.50772613
2268.666,0,7721676,0,0.0,KUCUK_TICARETHANE,35-09-K01871,CIGLI,35,0,0,KOYICI,0,0,1,0,0.0,5.0,0,0,0.0,0,0.0,1,2268.666,0,0.0,27.06875835,38.49872709
13044.197,0,7721731,0,0.0,ORTA_TICARETHANE,35-09-M02464,CIGLI,35,0,0,YENI MAHALLE,0,0,2,1,2982.917,7.94,0,0,0.0,0,0.0,1,10061.28,0,0.0,27.04894481,38.49769582
8241.47,0,7721742,0,0.0,KUCUK_TICARETHANE,35-09-M01951,CIGLI,35,0,0,SIRINTEPE,0,0,2,1,5569.942,6.675,0,0,0.0,0,0.0,1,2671.528,0,0.0,27.07048781,38.49177074
75679.77799999999,0,7721797,0,0.0,ORTA_TICARETHANE,35-09-M02547,CIGLI,35,0,0,KUCUK CIGLI,0,0,31,0,0.0,7.865806451612904,0,0,0.0,0,0.0,31,75679.77799999999,0,0.0,27.04598794,38.49757867
53706.64,0,7721940,0,0.0,ORTA_TICARETHANE,35-09-K03706,CIGLI,35,0,0,KUCUK CIGLI,0,0,9,0,0.0,9.549999999999999,0,0,0.0,0,0.0,9,53706.64,0,0.0,27.05620836,38.49911715
6690.7,0,7722394,0,0.0,KUCUK_TICARETHANE,35-09-M02083,CIGLI,35,0,0,ATASEHIR,0,0,2,1,6588.271,9.254999999999999,0,0,0.0,0,0.0,1,102.429,0,0.0,27.06495637,38.48941879
4481.43,0,7722416,0,0.0,KUCUK_TICARETHANE,35-09-K01871,CIGLI,35,0,0,SIRINTEPE,0,0,3,1,2683.726,5.0,0,0,0.0,0,0.0,2,1797.704,0,0.0,27.06837797,38.49788776
7939.596,0,7722471,0,0.0,KUCUK_TICARETHANE,35-09-K01867,CIGLI,35,0,0,KUCUK CIGLI,0,0,3,1,5026.621,6.573333333333333,0,0,0.0,0,0.0,2,2912.975,0,0.0,27.05325794,38.50400203
63372.21,0,7722548,0,0.0,ORTA_TICARETHANE,35-09-M03520,CIGLI,35,0,0,ATASEHIR,0,0,1,0,0.0,13.38,0,0,0.0,0,0.0,1,63372.21,0,0.0,27.06269351,38.49279889
8121.151,0,7722658,0,0.0,KUCUK_TICARETHANE,35-09-K01870,CIGLI,35,0,0,KOYICI,0,0,3,2,6395.199,5.0,0,0,0.0,0,0.0,1,1725.952,0,0.0,27.06420461,38.49542053
13098.975,0,7722691,0,0.0,KUCUK_TICARETHANE,35-09-K01875,CIGLI,35,0,0,SIRINTEPE,0,0,3,2,6186.018,5.0,0,0,0.0,0,0.0,1,6912.957,0,0.0,27.06641342,38.4952301
11368.261,0,7723065,0,0.0,KUCUK_TICARETHANE,35-09-M02464,CIGLI,35,0,0,YENI MAHALLE,0,0,10,2,2418.8230000000003,12.035,0,0,0.0,0,0.0,8,8949.438,0,0.0,27.04957344,38.49696993
1188.397,0,7723263,0,0.0,KUCUK_TICARETHANE,,CIGLI,35,0,0,KOYICI,0,0,1,0,0.0,5.0,0,0,0.0,0,0.0,1,1188.397,0,0.0,27.06319507,38.49840464
856.058,0,7723527,0,0.0,KUCUK_TICARETHANE,35-09-M00403,CIGLI,35,0,0,BALATCIK,0,0,1,0,0.0,5.0,0,0,0.0,0,0.0,1,856.058,0,0.0,27.04557061,38.51247973
5839.319,0,7723681,0,0.0,KUCUK_TICARETHANE,35-09-K01871,CIGLI,35,0,0,YAKAKENT,0,0,1,0,0.0,5.0,0,0,0.0,0,0.0,1,5839.319,0,0.0,27.06932215,38.49958218
32513.4,0,7723912,0,0.0,ORTA_TICARETHANE,35-09-M00254,CIGLI,35,0,0,KAKLIC,0,0,1,0,0.0,44.75,0,0,0.0,0,0.0,1,32513.4,0,0.0,26.98930991,38.50519435
25885.440000000002,0,7724022,0,0.0,ORTA_TICARETHANE,35-09-K01867,CIGLI,35,0,0,KUCUK CIGLI,0,0,2,0,0.0,20.005,0,0,0.0,0,0.0,2,25885.440000000002,0,0.0,27.05255972,38.50249513
26647.34,0,7724385,0,0.0,ORTA_TICARETHANE,35-09-M03520,CIGLI,35,0,0,ATASEHIR,0,0,1,0,0.0,28.02,0,0,0.0,0,0.0,1,26647.34,0,0.0,27.06202338,38.49344876
32256.424,0,7724605,0,0.0,ORTA_TICARETHANE,35-09-M01950,CIGLI,35,0,0,MALTEPE,0,0,3,1,5758.564,8.69,0,0,0.0,0,0.0,2,26497.86,0,0.0,27.07532423,38.4887335
29929.347999999998,0,7725012,0,0.0,ORTA_TICARETHANE,35-09-M01145,CIGLI,35,0,0,KAKLIC,0,0,4,0,0.0,7.4495000000000005,0,0,0.0,0,0.0,4,29929.347999999998,0,0.0,26.9925496,38.50477889
40407.74,0,7725089,0,0.0,ORTA_TICARETHANE,35-09-K04282,CIGLI,35,0,0,KUCUK CIGLI,0,0,2,0,0.0,5.01,0,0,0.0,0,0.0,2,40407.74,0,0.0,27.05745377,38.4979356
8108.782,0,7725452,0,0.0,KUCUK_TICARETHANE,35-09-M03520,CIGLI,35,0,0,ATASEHIR,0,0,1,0,0.0,5.0,0,0,0.0,0,0.0,1,8108.782,0,0.0,27.06307321,38.49206892
1349.535,0,7725595,0,0.0,KUCUK_TICARETHANE,35-09-K01321,CIGLI,35,0,0,AYDINLIKEVLER,0,0,1,0,0.0,5.0,0,0,0.0,0,0.0,1,1349.535,0,0.0,27.08775518,38.49264244
9284.757,0,7725749,0,0.0,KUCUK_TICARETHANE,35-09-K02899,CIGLI,35,0,0,ATASEHIR,0,0,2,1,3899.064,7.56,0,0,0.0,0,0.0,1,5385.693,0,0.0,27.06517653,38.48469472
10268.83,0,7725958,0,0.0,ORTA_TICARETHANE,35-09-K01938,CIGLI,35,0,0,EGEKENT,0,0,1,0,0.0,8.18,0,0,0.0,0,0.0,1,10268.83,0,0.0,27.0609049,38.50584454
6256.831,0,7726090,0,0.0,KUCUK_TICARETHANE,35-09-M00255,CIGLI,35,0,0,KAKLIC,0,0,1,0,0.0,9.1,0,0,0.0,0,0.0,1,6256.831,0,0.0,26.98670809,38.50733455
2585.491,0,7726266,0,0.0,KUCUK_TICARETHANE,35-09-M01981,CIGLI,35,0,0,MALTEPE,0,0,3,2,2016.02,8.753333333333332,0,0,0.0,0,0.0,1,569.471,0,0.0,27.0745907,38.4939841
3715.237,0,7726387,0,0.0,KUCUK_TICARETHANE,35-09-K03216,CIGLI,35,0,0,GUZELTEPE,0,0,2,1,1361.541,7.5,0,0,0.0,0,0.0,1,2353.696,0,0.0,27.0774022,38.49908945
10384.41,0,7726508,0,0.0,KUCUK_TICARETHANE,35-09-K01879,CIGLI,35,0,0,YENI MAHALLE,0,0,3,2,4708.575,10.513333333333334,0,0,0.0,0,0.0,1,5675.835,0,0.0,27.05571153,38.49613353
4018.891,0,7726926,0,0.0,KUCUK_TICARETHANE,35-09-K01873,CIGLI,35,0,0,SIRINTEPE,0,0,3,2,1530.8799999999999,6.933333333333334,0,0,0.0,0,0.0,1,2488.011,0,0.0,27.07119492,38.49596965
6398.428,0,7727025,0,0.0,KUCUK_TICARETHANE,35-09-M00103,CIGLI,35,0,0,BALATCIK,0,0,1,0,0.0,5.0,0,0,0.0,0,0.0,1,6398.428,0,0.0,27.04125771,38.5169226
5547.499,0,7727102,0,0.0,KUCUK_TICARETHANE,35-09-M00999,CIGLI,35,0,0,BALATCIK,0,0,3,2,5105.951,6.466666666666666,0,0,0.0,0,0.0,1,441.548,0,0.0,27.03975011,38.51119525
5023.997,0,7727135,0,0.0,KUCUK_TICARETHANE,35-09-K01870,CIGLI,35,0,0,KOYICI,0,0,3,2,4718.304,5.0,0,0,0.0,0,0.0,1,305.693,0,0.0,27.06492808,38.49599112
31470.807,0,7727641,0,0.0,ORTA_TICARETHANE,35-09-M00254,CIGLI,35,0,0,KAKLIC,0,0,3,0,0.0,11.04,0,0,0.0,0,0.0,3,31470.807,0,0.0,26.98868487,38.50535824
72829.83099999999,0,7728245,0,0.0,ORTA_TICARETHANE,35-09-M01091,CIGLI,35,0,0,AHMET EFENDI,0,0,2,0,0.0,11.565,0,0,0.0,0,0.0,2,72829.83099999999,0,0.0,27.03723089,38.51959972
12.852,0,7728278,0,0.0,KUCUK_TICARETHANE,35-09-K04597,CIGLI,35,0,0,KUCUK CIGLI,0,0,1,0,0.0,6.8,0,0,0.0,0,0.0,1,12.852,0,0.0,27.05083144,38.50372445
27244.515,0,7728806,0,0.0,ORTA_TICARETHANE,35-09-K01864,CIGLI,35,0,0,KUCUK CIGLI,0,0,6,1,9426.429,11.451666666666668,0,0,0.0,0,0.0,5,17818.086,0,0.0,27.05946264,38.4969464
31071.048,0,7729819,0,0.0,ORTA_TICARETHANE,35-09-M03520,CIGLI,35,0,0,ATASEHIR,0,0,5,0,0.0,5.0,0,0,0.0,0,0.0,5,31071.048,0,0.0,27.06271505,38.49288278
7542.209,0,7729863,0,0.0,KUCUK_TICARETHANE,35-09-M01608,CIGLI,35,0,0,MALTEPE,0,0,3,2,6176.044,5.0,0,0,0.0,0,0.0,1,1366.165,0,0.0,27.07601621,38.48982644
10883.667,0,7729918,0,0.0,KUCUK_TICARETHANE,35-09-K01866,CIGLI,35,0,0,KUCUK CIGLI,0,0,6,3,3050.5029999999997,5.558333333333334,0,0,0.0,0,0.0,3,7833.164,0,0.0,27.05508105,38.50003571
6204.686,0,7730138,0,0.0,KUCUK_TICARETHANE,35-09-K03323,CIGLI,35,0,0,GUZELTEPE,0,0,2,1,4460.787,6.67,0,0,0.0,0,0.0,1,1743.899,0,0.0,27.07603454,38.50027349
8478.491,0,7730215,0,0.0,ORTA_TICARETHANE,35-09-M00103,CIGLI,35,0,0,BALATCIK,0,0,1,0,0.0,15.01,0,0,0.0,0,0.0,1,8478.491,0,0.0,27.04080073,38.51730353
31759.115,0,7730555,0,0.0,ORTA_TICARETHANE,35-09-M00845,CIGLI,35,0,0,UGUR MUMCU,0,0,8,5,5372.27,7.75,0,0,0.0,0,0.0,3,26386.845,0,0.0,27.04549698,38.52403904
5269.94,0,7730984,0,0.0,KUCUK_TICARETHANE,35-09-M00626,CIGLI,35,0,0,UGUR MUMCU,0,0,3,2,3793.2079999999996,8.266666666666667,0,0,0.0,0,0.0,1,1476.732,0,0.0,27.04565497,38.52226504
50304.73,0,7731336,0,0.0,ORTA_TICARETHANE,35-09-K01864,CIGLI,35,0,0,YENI MAHALLE,0,0,1,0,0.0,37.116,0,0,0.0,0,0.0,1,50304.73,0,0.0,27.05780659,38.49741374
9939.894,0,7731644,0,0.0,KUCUK_TICARETHANE,35-09-M01951,CIGLI,35,0,0,SIRINTEPE,0,0,2,1,6004.393,8.165,0,0,0.0,0,0.0,1,3935.501,0,0.0,27.07236418,38.49285211
17494.41,0,7731809,0,0.0,ORTA_TICARETHANE,35-09-M01985,CIGLI,35,0,0,AHMET TANER KISLALI,0,0,1,0,0.0,8.35,0,0,0.0,0,0.0,1,17494.41,0,0.0,27.08854143,38.49717971
62478.43,0,7731974,0,0.0,ORTA_TICARETHANE,,CIGLI,35,0,0,KOYICI,0,0,1,0,0.0,7.12,0,0,0.0,0,0.0,1,62478.43,0,0.0,27.06232854,38.49788448
103913.85,0,7731985,0,0.0,ORTA_TICARETHANE,,CIGLI,35,0,0,KOYICI,0,0,3,0,0.0,21.293333333333333,0,0,0.0,0,0.0,3,103913.85,0,0.0,27.06271835,38.4983714
666.596,0,7732029,0,0.0,ORTA_TICARETHANE,35-09-M00103,CIGLI,35,0,0,BALATCIK,0,0,1,0,0.0,18.65,0,0,0.0,0,0.0,1,666.596,0,0.0,27.04138344,38.51641117
104238.268,0,7732095,0,0.0,ORTA_TICARETHANE,35-09-K01858,CIGLI,35,0,0,KUCUK CIGLI,0,0,30,0,0.0,7.1080000000000005,0,0,0.0,0,0.0,30,104238.268,0,0.0,27.04832584,38.50202528
2672.07,0,7732392,0,0.0,KUCUK_TICARETHANE,35-09-K04307,CIGLI,35,0,0,KOYICI,0,0,2,1,2630.302,7.11,0,0,0.0,0,0.0,1,41.768,0,0.0,27.06446229,38.49766844
8298.663,0,7732557,0,0.0,KUCUK_TICARETHANE,35-09-M02091,CIGLI,35,0,0,BALATCIK,0,0,1,0,0.0,5.0,0,0,0.0,0,0.0,1,8298.663,0,0.0,27.03905112,38.51509142
46871.647,0,7732579,0,0.0,ORTA_TICARETHANE,35-09-K01866,CIGLI,35,0,0,KUCUK CIGLI,0,0,12,8,24602.306,7.504166666666666,0,0,0.0,0,0.0,4,22269.341,0,0.0,27.05553497,38.49967313
18249.1,0,7732623,0,0.0,ORTA_TICARETHANE,35-09-M02464,CIGLI,35,0,0,YENI MAHALLE,0,0,1,0,0.0,5.1,0,0,0.0,0,0.0,1,18249.1,0,0.0,27.04914669,38.49723895
3892.278,0,7732645,0,0.0,ORTA_TICARETHANE,,CIGLI,35,0,0,KOYICI,0,0,1,0,0.0,27.83,0,0,0.0,0,0.0,1,3892.278,0,0.0,27.06153351,38.49697029
12177.274,0,7732733,0,0.0,KUCUK_TICARETHANE,35-09-M01951,CIGLI,35,0,0,MALTEPE,0,0,5,2,2282.377,5.0,0,0,0.0,0,0.0,3,9894.896999999999,0,0.0,27.07188822,38.49206827
101419.4,0,7733173,0,0.0,ORTA_TICARETHANE,35-09-K04501,CIGLI,35,0,0,KUCUK CIGLI,0,0,1,0,0.0,98.406,0,0,0.0,0,0.0,1,101419.4,0,0.0,27.05428265,38.50042721
2850.849,0,7733679,0,0.0,KUCUK_TICARETHANE,35-09-M00257,CIGLI,35,0,0,SASALLI MERKEZ,0,0,1,0,0.0,5.0,0,0,0.0,0,0.0,1,2850.849,0,0.0,26.95133603,38.49402772
8265.612,0,7733789,0,0.0,KUCUK_TICARETHANE,35-09-K04122,CIGLI,35,0,0,SIRINTEPE,0,0,3,1,5469.49,6.116666666666667,0,0,0.0,0,0.0,2,2796.122,0,0.0,27.07024416,38.4957809
1802.13,0,7733888,0,0.0,KUCUK_TICARETHANE,35-09-M02549,CIGLI,35,0,0,KUCUK CIGLI,0,0,2,1,1413.077,7.16,0,0,0.0,0,0.0,1,389.053,0,0.0,27.04345261,38.50311274
4261.914,0,7734064,0,0.0,KUCUK_TICARETHANE,35-09-M02549,CIGLI,35,0,0,KUCUK CIGLI,0,0,1,0,0.0,10.5,0,0,0.0,0,0.0,1,4261.914,0,0.0,27.04309002,38.50220301
181401.032,0,7734141,0,0.0,ORTA_TICARETHANE,35-09-K04314,CIGLI,35,0,0,KUCUK CIGLI,0,0,4,0,0.0,13.745000000000001,0,0,0.0,0,0.0,4,181401.032,0,0.0,27.05485781,38.49999058
1665.455,0,7734185,0,0.0,KUCUK_TICARETHANE,35-09-M00257,CIGLI,35,0,0,SASALLI MERKEZ,0,0,2,1,853.751,5.0,0,0,0.0,0,0.0,1,811.704,0,0.0,26.95130183,38.49393204
43476.55,0,7734570,0,0.0,ORTA_TICARETHANE,35-09-M01950,CIGLI,35,0,0,MALTEPE,0,0,1,0,0.0,57.276,0,0,0.0,0,0.0,1,43476.55,0,0.0,27.07331095,38.48945546
15501.573,0,7734603,0,0.0,KUCUK_TICARETHANE,35-09-K01876,CIGLI,35,0,0,KOYICI,0,0,5,3,8713.141,5.67,0,0,0.0,0,0.0,2,6788.432,0,0.0,27.0613992,38.49505924
13539.032,0,7734647,0,0.0,ORTA_TICARETHANE,35-09-M03520,CIGLI,35,0,0,ATASEHIR,0,0,3,0,0.0,7.233333333333333,0,0,0.0,0,0.0,3,13539.032,0,0.0,27.06383535,38.49223224
7443.072,0,7734735,0,0.0,KUCUK_TICARETHANE,35-09-K01869,CIGLI,35,0,0,KUCUK CIGLI,0,0,3,2,4672.154,6.3066666666666675,0,0,0.0,0,0.0,1,2770.918,0,0.0,27.04876651,38.50572619
60429.76,0,7735010,0,0.0,ORTA_TICARETHANE,35-09-M00626,CIGLI,35,0,0,UGUR MUMCU,0,0,1,0,0.0,132.1,0,0,0.0,0,0.0,1,60429.76,0,0.0,27.04645131,38.52070264
10938.94,0,7735032,0,0.0,ORTA_TICARETHANE,35-09-M03520,CIGLI,35,0,0,ATASEHIR,0,0,1,0,0.0,5.0,0,0,0.0,0,0.0,1,10938.94,0,0.0,27.06279531,38.49280477
32899.72,0,7735087,0,0.0,ORTA_TICARETHANE,35-09-K04020,CIGLI,35,0,0,YENI MAHALLE,0,0,5,3,6247.228,7.88,0,0,0.0,0,0.0,2,26652.492000000002,0,0.0,27.05678742,38.49302973
15340.903,0,7735978,0,0.0,KUCUK_TICARETHANE,35-09-M00257,CIGLI,35,0,0,SASALLI MERKEZ,0,0,3,2,14615.607,5.0,0,0,0.0,0,0.0,1,725.296,0,0.0,26.95283016,38.4941774
8679.056,0,7736154,0,0.0,KUCUK_TICARETHANE,35-09-K01869,CIGLI,35,0,0,BALATCIK,0,0,4,1,2663.149,10.158999999999999,0,0,0.0,0,0.0,3,6015.906999999999,0,0.0,27.04490797,38.50400799
4104.301,0,7736198,0,0.0,ORTA_TICARETHANE,35-09-M00103,CIGLI,35,0,0,BALATCIK,0,0,1,0,0.0,15.42,0,0,0.0,0,0.0,1,4104.301,0,0.0,27.04299909,38.51676477
752.116,0,7736297,0,0.0,KUCUK_TICARETHANE,35-09-M01951,CIGLI,35,0,0,SIRINTEPE,0,0,2,1,552.704,5.0,0,0,0.0,0,0.0,1,199.412,0,0.0,27.07104071,38.49212462
35939.18,0,7736308,0,0.0,ORTA_TICARETHANE,35-09-K04282,CIGLI,35,0,0,KUCUK CIGLI,0,0,1,0,0.0,5.68,0,0,0.0,0,0.0,1,35939.18,0,0.0,27.05832477,38.49739605
91379.81,0,7736319,0,0.0,ORTA_TICARETHANE,35-09-M01091,CIGLI,35,0,0,AHMET EFENDI,0,0,4,0,0.0,25.2275,0,0,0.0,0,0.0,4,91379.81,0,0.0,27.0372205,38.51943675
20448.46,0,7736528,0,0.0,ORTA_TICARETHANE,35-09-M02091,CIGLI,35,0,0,BALATCIK,0,0,1,0,0.0,5.0,0,0,0.0,0,0.0,1,20448.46,0,0.0,27.03940394,38.51468092
11066.71,0,7736550,0,0.0,ORTA_TICARETHANE,35-09-K02771,CIGLI,35,0,0,ESENTEPE,0,0,1,0,0.0,12.24,0,0,0.0,0,0.0,1,11066.71,0,0.0,27.05061168,38.51145048
18990.38,0,7736649,0,0.0,ORTA_TICARETHANE,35-09-K02733,CIGLI,35,0,0,ATASEHIR,0,0,2,0,0.0,17.425,0,0,0.0,0,0.0,2,18990.38,0,0.0,27.06337881,38.48668999
5003.213000000001,0,7737243,0,0.0,KUCUK_TICARETHANE,35-09-K04681,CIGLI,35,0,0,MALTEPE,0,0,3,2,3485.2560000000003,8.806666666666667,0,0,0.0,0,0.0,1,1517.957,0,0.0,27.07352259,38.49151514
7228.461,0,7737375,0,0.0,KUCUK_TICARETHANE,35-09-M02551,CIGLI,35,0,0,KOYICI,0,0,2,0,0.0,5.0,0,0,0.0,0,0.0,2,7228.461,0,0.0,27.06260871,38.49379323
25320.727,0,7737430,0,0.0,KUCUK_TICARETHANE,35-09-K02733,CIGLI,35,0,0,ATASEHIR,0,0,11,7,15760.717,7.75090909090909,0,0,0.0,0,0.0,4,9560.009999999998,0,0.0,27.06525987,38.48725804
4501.896,0,7737441,0,0.0,KUCUK_TICARETHANE,35-09-M00257,CIGLI,35,0,0,SASALLI MERKEZ,0,0,1,0,0.0,5.0,0,0,0.0,0,0.0,1,4501.896,0,0.0,26.95288587,38.49385884
17111.206,0,7738343,0,0.0,ORTA_TICARETHANE,35-09-M00257,CIGLI,35,0,0,SASALLI MERKEZ,0,0,2,0,0.0,6.675,0,0,0.0,0,0.0,2,17111.206,0,0.0,26.95270935,38.49465142
46589.648,0,7738563,0,0.0,ORTA_TICARETHANE,35-09-K01873,CIGLI,35,0,0,SIRINTEPE,0,0,6,4,5194.45,12.036666666666667,0,0,0.0,0,0.0,2,41395.198000000004,0,0.0,27.07028607,38.49558471
9787.716,0,7738739,0,0.0,KUCUK_TICARETHANE,35-09-M02551,CIGLI,35,0,0,KOYICI,0,0,5,0,0.0,5.0,0,0,0.0,0,0.0,5,9787.716,0,0.0,27.06423145,38.4935559
7268.864,0,7738794,0,0.0,KUCUK_TICARETHANE,35-09-K04681,CIGLI,35,0,0,MALTEPE,0,0,3,2,5965.593,9.26,0,0,0.0,0,0.0,1,1303.271,0,0.0,27.07373808,38.49104952
3241.309,0,7738903,0,0.0,KUCUK_TICARETHANE,35-09-K01480,CIGLI,35,0,0,YAKAKENT,0,0,1,0,0.0,5.0,0,0,0.0,0,0.0,1,3241.309,0,0.0,27.07135112,38.5010632
6308.675,0,7739156,0,0.0,KUCUK_TICARETHANE,35-09-K04597,CIGLI,35,0,0,KUCUK CIGLI,0,0,3,2,4978.239,6.346666666666667,0,0,0.0,0,0.0,1,1330.436,0,0.0,27.05022925,38.50373888
5325.401,0,7739244,0,0.0,KUCUK_TICARETHANE,35-09-M03090,CIGLI,35,0,0,YENI MAHALLE,0,0,3,2,4073.083,9.126666666666667,0,0,0.0,0,0.0,1,1252.318,0,0.0,27.0506221,38.49857394
5938.747,0,7739255,0,0.0,KUCUK_TICARETHANE,35-09-M01974,CIGLI,35,0,0,EVKA - 2,0,0,1,0,0.0,5.0,0,0,0.0,0,0.0,1,5938.747,0,0.0,27.08125629,38.49873178
5017.899,0,7739376,0,0.0,KUCUK_TICARETHANE,35-09-K01871,CIGLI,35,0,0,SIRINTEPE,0,0,3,2,3844.98,6.266666666666667,0,0,0.0,0,0.0,1,1172.919,0,0.0,27.06794913,38.49719845
7837.879,0,7739519,0,0.0,KUCUK_TICARETHANE,35-09-K01870,CIGLI,35,0,0,KOYICI,0,0,2,1,7143.648,5.0,0,0,0.0,0,0.0,1,694.231,0,0.0,27.0619708,38.49617391
9154.094000000001,0,7740235,0,0.0,KUCUK_TICARETHANE,35-09-K01863,CIGLI,35,0,0,YENI MAHALLE,0,0,3,2,7707.370000000001,5.0,0,0,0.0,0,0.0,1,1446.724,0,0.0,27.05404375,38.49705854
2990.345,0,7740642,0,0.0,KUCUK_TICARETHANE,35-09-K01874,CIGLI,35,0,0,YAKAKENT,0,0,2,1,2754.924,5.0,0,0,0.0,0,0.0,1,235.421,0,0.0,27.0736128,38.50138164
7441.3589999999995,0,7740785,0,0.0,KUCUK_TICARETHANE,35-09-M01950,CIGLI,35,0,0,MALTEPE,0,0,5,2,1625.3739999999998,6.553999999999999,0,0,0.0,0,0.0,3,5815.985,0,0.0,27.07334641,38.49032224
18375.62,0,7740884,0,0.0,ORTA_TICARETHANE,35-09-M01985,CIGLI,35,0,0,AHMET TANER KISLALI,0,0,1,0,0.0,8.38,0,0,0.0,0,0.0,1,18375.62,0,0.0,27.08853196,38.49715827
51811.081,0,7741214,0,0.0,ORTA_TICARETHANE,35-09-M00256,CIGLI,35,0,0,KAKLIC,0,0,2,0,0.0,12.48,0,0,0.0,0,0.0,2,51811.081,0,0.0,26.98761753,38.50857594
5224.686,0,7741225,0,0.0,KUCUK_TICARETHANE,35-09-M02551,CIGLI,35,0,0,KOYICI,0,0,1,0,0.0,5.0,0,0,0.0,0,0.0,1,5224.686,0,0.0,27.06305311,38.49459262
34641.419,0,7741522,0,0.0,ORTA_TICARETHANE,35-09-K01870,CIGLI,35,0,0,KOYICI,0,0,6,4,7571.099,5.891666666666667,0,0,0.0,0,0.0,2,27070.32,0,0.0,27.06663194,38.49550594
15372.644,0,7742269,0,0.0,ORTA_TICARETHANE,35-09-M03520,CIGLI,35,0,0,ATASEHIR,0,0,7,0,0.0,5.064285714285715,0,0,0.0,0,0.0,7,15372.644,0,0.0,27.06256763,38.49315001
6298.623,0,7742445,0,0.0,KUCUK_TICARETHANE,35-09-K01870,CIGLI,35,0,0,KOYICI,0,0,2,1,5041.879,6.675,0,0,0.0,0,0.0,1,1256.744,0,0.0,27.06353965,38.49669287
2303.572,0,7742456,0,0.0,KUCUK_TICARETHANE,35-09-K01480,CIGLI,35,0,0,GUZELTEPE,0,0,2,1,1936.352,7.5,0,0,0.0,0,0.0,1,367.22,0,0.0,27.07055867,38.49920767
1380.576,0,7742808,0,0.0,KUCUK_TICARETHANE,35-09-M02551,CIGLI,35,0,0,KOYICI,0,0,1,0,0.0,5.0,0,0,0.0,0,0.0,1,1380.576,0,0.0,27.06369623,38.49346052
3347.593,0,7742973,0,0.0,KUCUK_TICARETHANE,35-09-M00257,CIGLI,35,0,0,SASALLI MERKEZ,0,0,2,1,3345.997,5.67,0,0,0.0,0,0.0,1,1.596,0,0.0,26.95108873,38.49357147
4255.231,0,7743006,0,0.0,KUCUK_TICARETHANE,35-09-K03323,CIGLI,35,0,0,GUZELTEPE,0,0,3,2,4253.724999999999,7.883333333333333,0,0,0.0,0,0.0,1,1.506,0,0.0,27.07563698,38.50029577
42364.182,0,7743303,0,0.0,ORTA_TICARETHANE,35-09-K01870,CIGLI,35,0,0,KOYICI,0,0,2,0,0.0,10.935,0,0,0.0,0,0.0,2,42364.182,0,0.0,27.06195984,38.49704245
10170.01,0,7743358,0,0.0,ORTA_TICARETHANE,35-09-K03320,CIGLI,35,0,0,AYDINLIKEVLER,0,0,1,0,0.0,5.0,0,0,0.0,0,0.0,1,10170.01,0,0.0,27.07934528,38.49056141
60453.643,0,7743424,0,0.0,ORTA_TICARETHANE,35-09-M03090,CIGLI,35,0,0,YENI MAHALLE,0,0,9,6,22828.07,10.037777777777778,0,0,0.0,0,0.0,3,37625.573,0,0.0,27.05229426,38.49855147
5954.286,0,7743556,0,0.0,KUCUK_TICARETHANE,35-09-K01480,CIGLI,35,0,0,GUZELTEPE,0,0,3,2,5916.621999999999,6.666666666666667,0,0,0.0,0,0.0,1,37.664,0,0.0,27.07323516,38.50068936
4093.834,0,7743864,0,0.0,KUCUK_TICARETHANE,35-09-K01879,CIGLI,35,0,0,YENI MAHALLE,0,0,2,1,2692.02,5.0,0,0,0.0,0,0.0,1,1401.814,0,0.0,27.0568841,38.49436419
3476.4610000000002,0,7744084,0,0.0,KUCUK_TICARETHANE,35-09-K01874,CIGLI,35,0,0,GUZELTEPE,0,0,2,1,1384.372,7.14,0,0,0.0,0,0.0,1,2092.089,0,0.0,27.07815176,38.50190618
83181.6,0,7744139,0,0.0,ORTA_SANAYI,35-09-M00360Ã–,CIGLI,35,0,0,SASALLI MERKEZ,0,0,1,0,0.0,400.0,0,1,83181.6,0,0.0,0,0.0,0,0.0,26.94849218,38.49842345
14555.749,0,7744381,0,0.0,KUCUK_TICARETHANE,35-09-M02551,CIGLI,35,0,0,KOYICI,0,0,6,2,9117.946,5.0,0,0,0.0,0,0.0,4,5437.803,0,0.0,27.0641134,38.49360338
21527.82,0,7744414,0,0.0,ORTA_TICARETHANE,35-09-M03520,CIGLI,35,0,0,ATASEHIR,0,0,1,0,0.0,6.07,0,0,0.0,0,0.0,1,21527.82,0,0.0,27.06307549,38.49246498
9113.223,0,7744557,0,0.0,KUCUK_TICARETHANE,35-09-K01866,CIGLI,35,0,0,KUCUK CIGLI,0,0,5,3,2716.361,5.0,0,0,0.0,0,0.0,2,6396.862,0,0.0,27.05451803,38.50144322
4801.218,0,7744733,0,0.0,KUCUK_TICARETHANE,35-09-K04122,CIGLI,35,0,0,SIRINTEPE,0,0,3,2,4475.208,10.433333333333332,0,0,0.0,0,0.0,1,326.01,0,0.0,27.06920633,38.49477699
1511.326,0,7744865,0,0.0,KUCUK_TICARETHANE,35-09-M00103,CIGLI,35,0,0,BALATCIK,0,0,2,1,1384.884,5.3100000000000005,0,0,0.0,0,0.0,1,126.442,0,0.0,27.04077945,38.51696736
10160.34,0,7744953,0,0.0,KUCUK_TICARETHANE,35-09-K01874,CIGLI,35,0,0,GUZELTEPE,0,0,3,2,5684.437,6.116666666666667,0,0,0.0,0,0.0,1,4475.903,0,0.0,27.07745307,38.50183373
39578.301999999996,0,7745283,0,0.0,ORTA_TICARETHANE,35-09-M02551,CIGLI,35,0,0,KOYICI,0,0,3,0,0.0,5.3133333333333335,0,0,0.0,0,0.0,3,39578.301999999996,0,0.0,27.06347672,38.49314319
17525.4,0,7745855,0,0.0,ORTA_TICARETHANE,35-09-M02552,CIGLI,35,0,0,SIRINTEPE,0,0,1,0,0.0,5.4,0,0,0.0,0,0.0,1,17525.4,0,0.0,27.06841152,38.49159231
4649.562,0,7746009,0,0.0,KUCUK_TICARETHANE,35-09-K01869,CIGLI,35,0,0,BALATCIK,0,0,2,1,2363.19,5.0,0,0,0.0,0,0.0,1,2286.372,0,0.0,27.04342159,38.50577807
120733.02,0,7746042,0,0.0,ORTA_TICARETHANE,35-09-M02549,CIGLI,35,0,0,KUCUK CIGLI,0,0,25,0,0.0,9.1952,0,0,0.0,0,0.0,25,120733.02,0,0.0,27.04607479,38.502407
108509.774,0,7746064,0,0.0,ORTA_TICARETHANE,35-09-M00845,CIGLI,35,0,0,UGUR MUMCU,0,0,5,3,14291.394,8.392,0,0,0.0,0,0.0,2,94218.38,0,0.0,27.04522605,38.52528253
17696.5,0,7746328,0,0.0,ORTA_TICARETHANE,35-09-M00257,CIGLI,35,0,0,SASALLI MERKEZ,0,0,1,0,0.0,5.0,0,0,0.0,0,0.0,1,17696.5,0,0.0,26.95174086,38.49454857
48850.297000000006,0,7746801,0,0.0,KUCUK_TICARETHANE,35-09-K01875,CIGLI,35,0,0,KOYICI,0,0,3,2,47153.192,5.14,0,0,0.0,0,0.0,1,1697.105,0,0.0,27.06550499,38.49241218
21932.695,0,7746867,0,0.0,ORTA_TICARETHANE,35-09-M03520,CIGLI,35,0,0,ATASEHIR,0,0,15,0,0.0,6.272666666666667,0,0,0.0,0,0.0,15,21932.695,0,0.0,27.06224214,38.49313306
5767.389999999999,0,7747087,0,0.0,KUCUK_TICARETHANE,35-09-M02551,CIGLI,35,0,0,KOYICI,0,0,5,2,2033.607,5.0,0,0,0.0,0,0.0,3,3733.783,0,0.0,27.06425214,38.49309982
17525.606,0,7747197,0,0.0,ORTA_TICARETHANE,35-09-M02552,CIGLI,35,0,0,SIRINTEPE,0,0,5,3,4405.103,8.532,0,0,0.0,0,0.0,2,13120.502999999999,0,0.0,27.06704555,38.49068589
1142.13,0,7747252,0,0.0,KUCUK_TICARETHANE,35-09-K01865,CIGLI,35,0,0,KUCUK CIGLI,0,0,1,0,0.0,8.35,0,0,0.0,0,0.0,1,1142.13,0,0.0,27.06097267,38.49876351
6815.726000000001,0,7747318,0,0.0,KUCUK_TICARETHANE,35-09-K04681,CIGLI,35,0,0,MALTEPE,0,0,3,2,6684.573,6.44,0,0,0.0,0,0.0,1,131.153,0,0.0,27.07384693,38.49119117
29202.693,0,7747461,0,0.0,ORTA_TICARETHANE,35-09-K01867,CIGLI,35,0,0,KUCUK CIGLI,0,0,5,2,3710.226,7.656000000000001,0,0,0.0,0,0.0,3,25492.466999999997,0,0.0,27.05185163,38.50313214
58960.334,0,7747670,0,0.0,ORTA_TICARETHANE,35-09-M00999,CIGLI,35,0,0,BALATCIK,0,0,4,2,3836.764,7.720000000000001,0,0,0.0,0,0.0,2,55123.57,0,0.0,27.03913759,38.51129193
3585.471,0,7747758,0,0.0,KUCUK_TICARETHANE,35-09-K01862,CIGLI,35,0,0,ATASEHIR,0,0,1,0,0.0,5.13,0,0,0.0,0,0.0,1,3585.471,0,0.0,27.04989163,38.49268065
8958.173,0,7747824,0,0.0,KUCUK_TICARETHANE,35-09-K01874,CIGLI,35,0,0,YAKAKENT,0,0,1,0,0.0,5.0,0,0,0.0,0,0.0,1,8958.173,0,0.0,27.07578299,38.50203224
8940.347,0,7748000,0,0.0,KUCUK_TICARETHANE,35-09-K01880,CIGLI,35,0,0,ATASEHIR,0,0,3,2,7873.643,10.253333333333332,0,0,0.0,0,0.0,1,1066.704,0,0.0,27.0557564,38.49085189
2315.573,0,7748484,0,0.0,KUCUK_TICARETHANE,35-09-M00396,CIGLI,35,0,0,BALATCIK,0,0,2,1,1345.559,7.5,0,0,0.0,0,0.0,1,970.014,0,0.0,27.04091226,38.51075963
6472.411,0,7748517,0,0.0,KUCUK_TICARETHANE,35-09-K01874,CIGLI,35,0,0,GUZELTEPE,0,0,3,2,5462.216,6.573333333333333,0,0,0.0,0,0.0,1,1010.195,0,0.0,27.07780466,38.50257953
80809.751,0,7748572,0,0.0,ORTA_TICARETHANE,35-09-M02551,CIGLI,35,0,0,KOYICI,0,0,4,1,16628.25,5.7225,0,0,0.0,0,0.0,3,64181.501000000004,0,0.0,27.06302005,38.49390422
51219.441,0,7749386,0,0.0,ORTA_TICARETHANE,35-09-M02547,CIGLI,35,0,0,KUCUK CIGLI,0,0,8,0,0.0,8.29125,0,0,0.0,0,0.0,8,51219.441,0,0.0,27.04672475,38.50044463
44793.882999999994,0,7749496,0,0.0,ORTA_TICARETHANE,35-09-K01866,CIGLI,35,0,0,KUCUK CIGLI,0,0,7,1,2459.872,5.0,0,0,0.0,0,0.0,6,42334.011,0,0.0,27.05519882,38.50016356
6044.221,0,7749947,0,0.0,KUCUK_TICARETHANE,35-09-K04776,CIGLI,35,0,0,KUCUK CIGLI,0,0,1,0,0.0,9.61,0,0,0.0,0,0.0,1,6044.221,0,0.0,27.05040057,38.50543988
1294.958,0,7750090,0,0.0,KUCUK_TICARETHANE,35-09-M02549,CIGLI,35,0,0,KUCUK CIGLI,0,0,1,0,0.0,8.2,0,0,0.0,0,0.0,1,1294.958,0,0.0,27.04343888,38.50233896
6301.157999999999,0,7750211,0,0.0,KUCUK_TICARETHANE,35-09-M00396,CIGLI,35,0,0,BALATCIK,0,0,3,2,4147.266,8.493333333333332,0,0,0.0,0,0.0,1,2153.892,0,0.0,27.03970661,38.50900049
48811.34,0,7750453,0,0.0,ORTA_TICARETHANE,35-09-M02552,CIGLI,35,0,0,SIRINTEPE,0,0,1,0,0.0,8.35,0,0,0.0,0,0.0,1,48811.34,0,0.0,27.06786259,38.49066077
12257.112,0,7750740,0,0.0,KUCUK_TICARETHANE,35-09-M02551,CIGLI,35,0,0,KOYICI,0,0,3,2,9245.858,7.233333333333333,0,0,0.0,0,0.0,1,3011.254,0,0.0,27.06304436,38.49463961
8809.554,0,7751191,0,0.0,KUCUK_TICARETHANE,35-09-K03320,CIGLI,35,0,0,AYDINLIKEVLER,0,0,2,0,0.0,6.55,0,0,0.0,0,0.0,2,8809.554,0,0.0,27.07819884,38.49155138
7507.275,0,7751235,0,0.0,KUCUK_TICARETHANE,35-09-K04597,CIGLI,35,0,0,KUCUK CIGLI,0,0,3,2,4422.764,5.0,0,0,0.0,0,0.0,1,3084.511,0,0.0,27.04978254,38.50476904
2893.632,0,7751466,0,0.0,KUCUK_TICARETHANE,35-09-M02551,CIGLI,35,0,0,KOYICI,0,0,1,0,0.0,8.35,0,0,0.0,0,0.0,1,2893.632,0,0.0,27.06342607,38.49474018
18533.143,0,7751653,0,0.0,ORTA_TICARETHANE,35-09-M03520,CIGLI,35,0,0,ATASEHIR,0,0,2,0,0.0,6.25,0,0,0.0,0,0.0,2,18533.143,0,0.0,27.06307607,38.49337929
676.845,0,7751939,0,0.0,KUCUK_TICARETHANE,35-09-K01866,CIGLI,35,0,0,KUCUK CIGLI,0,0,1,0,0.0,5.0,0,0,0.0,0,0.0,1,676.845,0,0.0,27.05456321,38.50201662
42587.887,0,7752467,0,0.0,ORTA_TICARETHANE,35-09-M00255,CIGLI,35,0,0,KAKLIC,0,0,2,1,1163.087,37.965,0,0,0.0,0,0.0,1,41424.8,0,0.0,26.98794624,38.50852343
27189.899999999998,0,7752632,0,0.0,ORTA_TICARETHANE,35-09-K03266,CIGLI,35,0,0,BALATCIK,0,0,4,0,0.0,12.3875,0,0,0.0,0,0.0,4,27189.899999999998,0,0.0,27.04485766,38.51220168
7149.427,0,7752764,0,0.0,KUCUK_TICARETHANE,35-09-M02552,CIGLI,35,0,0,SIRINTEPE,0,0,3,2,3442.782,7.766666666666666,0,0,0.0,0,0.0,1,3706.645,0,0.0,27.07268626,38.49342326
9752.744999999999,0,7752929,0,0.0,KUCUK_TICARETHANE,35-09-M02088,CIGLI,35,0,0,BALATCIK,0,0,3,2,5380.02,5.0,0,0,0.0,0,0.0,1,4372.725,0,0.0,27.04133678,38.50742342
4828.317999999999,0,7753350,0,0.0,KUCUK_TICARETHANE,35-09-M03090,CIGLI,35,0,0,YENI MAHALLE,0,0,2,1,1091.906,5.13,0,0,0.0,0,0.0,1,3736.412,0,0.0,27.05147073,38.49792288
24664.08,0,7753518,0,0.0,ORTA_TICARETHANE,35-09-K03322,CIGLI,35,0,0,YENI MAHALLE,0,0,1,0,0.0,5.41,0,0,0.0,0,0.0,1,24664.08,0,0.0,27.05076082,38.49663559
286760.5,0,7753698,0,0.0,ORTA_SANAYI,35-09-K03266,CIGLI,35,0,0,BALATCIK,0,0,1,0,0.0,130.0,0,1,286760.5,0,0.0,0,0.0,0,0.0,27.04371202,38.51220067
40456.327,0,7753962,0,0.0,ORTA_TICARETHANE,35-09-K01887,CIGLI,35,0,0,ATASEHIR,0,0,14,4,6696.657999999999,10.41,0,0,0.0,0,0.0,10,33759.669,0,0.0,27.07090426,38.4890496
2054.944,0,7754178,0,0.0,KUCUK_TICARETHANE,35-09-M03035,CIGLI,35,0,0,IZKENT,0,0,1,0,0.0,5.0,0,0,0.0,0,0.0,1,2054.944,0,0.0,27.06435701,38.51155389
20212.63,0,7754202,0,0.0,ORTA_TICARETHANE,35-09-M02552,CIGLI,35,0,0,SIRINTEPE,0,0,1,0,0.0,17.588,0,0,0.0,0,0.0,1,20212.63,0,0.0,27.06715131,38.49130711
1301.693,0,7754262,0,0.0,KUCUK_TICARETHANE,35-09-K01874,CIGLI,35,0,0,GUZELTEPE,0,0,1,0,0.0,5.0,0,0,0.0,0,0.0,1,1301.693,0,0.0,27.07500958,38.50124129
1444.123,0,7754322,0,0.0,KUCUK_TICARETHANE,35-09-K01320,CIGLI,35,0,0,AYDINLIKEVLER,0,0,1,0,0.0,8.35,0,0,0.0,0,0.0,1,1444.123,0,0.0,27.08074134,38.49017696
5894.875,0,7754574,0,0.0,ORTA_TICARETHANE,35-09-M03520,CIGLI,35,0,0,ATASEHIR,0,0,1,0,0.0,20.4,0,0,0.0,0,0.0,1,5894.875,0,0.0,27.06314388,38.49263361
30725.781,0,7754610,0,0.0,ORTA_TICARETHANE,35-09-K01870,CIGLI,35,0,0,KOYICI,0,0,6,3,1368.975,5.678333333333334,0,0,0.0,0,0.0,3,29356.805999999997,0,0.0,27.06699684,38.49706456
3912.766,0,7754658,0,0.0,KUCUK_TICARETHANE,35-09-K01873,CIGLI,35,0,0,SIRINTEPE,0,0,5,3,3635.745,5.46,0,0,0.0,0,0.0,2,277.021,0,0.0,27.07030541,38.49489412
8932.384,0,7754670,0,0.0,KUCUK_TICARETHANE,35-09-M01981,CIGLI,35,0,0,SIRINTEPE,0,0,4,2,6556.084,6.205,0,0,0.0,0,0.0,2,2376.3,0,0.0,27.07315656,38.49321635
3931.685,0,7754934,0,0.0,KUCUK_TICARETHANE,35-09-M01985,CIGLI,35,0,0,EVKA - 2,0,0,1,0,0.0,5.0,0,0,0.0,0,0.0,1,3931.685,0,0.0,27.08586931,38.49737232
5902.384,0,7755270,0,0.0,KUCUK_TICARETHANE,35-09-M01951,CIGLI,35,0,0,SIRINTEPE,0,0,2,1,2030.207,6.675,0,0,0.0,0,0.0,1,3872.177,0,0.0,27.07049278,38.49173694
7066.9400000000005,0,7755282,0,0.0,KUCUK_TICARETHANE,35-09-K04307,CIGLI,35,0,0,KOYICI,0,0,4,2,2698.7490000000003,6.75,0,0,0.0,0,0.0,2,4368.191,0,0.0,27.06539351,38.49803616
4026.666,0,7755486,0,0.0,KUCUK_TICARETHANE,35-09-K01873,CIGLI,35,0,0,SIRINTEPE,0,0,3,2,2984.364,6.446666666666666,0,0,0.0,0,0.0,1,1042.302,0,0.0,27.07182341,38.49623817
3762.352,0,7755534,0,0.0,KUCUK_TICARETHANE,35-09-K01870,CIGLI,35,0,0,KOYICI,0,0,1,0,0.0,5.0,0,0,0.0,0,0.0,1,3762.352,0,0.0,27.06539729,38.49632222
9931.880000000001,0,7755630,0,0.0,KUCUK_TICARETHANE,35-09-K01887,CIGLI,35,0,0,ATASEHIR,0,0,3,2,4372.554,5.0,0,0,0.0,0,0.0,1,5559.326,0,0.0,27.07190775,38.48816015
3429.735,0,7755726,0,0.0,KUCUK_TICARETHANE,35-09-K04597,CIGLI,35,0,0,KUCUK CIGLI,0,0,3,2,3428.867,8.34,0,0,0.0,0,0.0,1,0.868,0,0.0,27.04994865,38.50354232
17570.0,0,7755786,0,0.0,ORTA_TICARETHANE,35-09-M01950,CIGLI,35,0,0,MALTEPE,0,0,1,0,0.0,6.55,0,0,0.0,0,0.0,1,17570.0,0,0.0,27.07571107,38.48880843
36561.188,0,7756374,0,0.0,ORTA_TICARETHANE,35-09-K01879,CIGLI,35,0,0,YENI MAHALLE,0,0,2,1,447.978,9.285,0,0,0.0,0,0.0,1,36113.21,0,0.0,27.05682247,38.49453038
9317.752,0,7756398,0,0.0,KUCUK_TICARETHANE,35-09-K03705,CIGLI,35,0,0,MALTEPE,0,0,3,2,4960.8279999999995,5.0,0,0,0.0,0,0.0,1,4356.924,0,0.0,27.07547342,38.49091311
4933.36,0,7756542,0,0.0,KUCUK_TICARETHANE,35-09-K01874,CIGLI,35,0,0,GUZELTEPE,0,0,4,2,3615.496,5.1,0,0,0.0,0,0.0,2,1317.864,0,0.0,27.07758645,38.50258999
4700.2880000000005,0,7756722,0,0.0,KUCUK_TICARETHANE,35-09-M00646,CIGLI,35,0,0,UGUR MUMCU,0,0,3,2,3176.107,6.533333333333334,0,0,0.0,0,0.0,1,1524.181,0,0.0,27.04798772,38.52621692
5806.794,0,7756890,0,0.0,KUCUK_TICARETHANE,35-09-K01873,CIGLI,35,0,0,SIRINTEPE,0,0,1,0,0.0,5.0,0,0,0.0,0,0.0,1,5806.794,0,0.0,27.07061327,38.49534531
1361.768,0,7757274,0,0.0,KUCUK_TICARETHANE,35-09-K01876,CIGLI,35,0,0,KOYICI,0,0,1,0,0.0,5.0,0,0,0.0,0,0.0,1,1361.768,0,0.0,27.060775,38.49549298
42379.865,0,7757681,0,0.0,ORTA_TICARETHANE,35-09-K04282,CIGLI,35,0,0,KUCUK CIGLI,0,0,2,0,0.0,15.59,0,0,0.0,0,0.0,2,42379.865,0,0.0,27.0573235,38.49814737
7383.876,0,7757729,0,0.0,KUCUK_TICARETHANE,35-09-K03705,CIGLI,35,0,0,MALTEPE,0,0,5,3,3818.5389999999998,8.72,0,0,0.0,0,0.0,2,3565.3370000000004,0,0.0,27.07434602,38.49097516
18426.794,0,7757861,0,0.0,ORTA_TICARETHANE,35-09-M00257,CIGLI,35,0,0,SASALLI MERKEZ,0,0,2,1,3906.384,6.908,0,0,0.0,0,0.0,1,14520.41,0,0.0,26.95192106,38.49423582
9786.421,0,7758317,0,0.0,KUCUK_TICARETHANE,35-09-K02537,CIGLI,35,0,0,ATASEHIR,0,0,2,0,0.0,5.43,0,0,0.0,0,0.0,2,9786.421,0,0.0,27.05474023,38.48109991
5190.608,0,7758413,0,0.0,KUCUK_TICARETHANE,35-09-K01879,CIGLI,35,0,0,YENI MAHALLE,0,0,3,1,1270.978,5.0,0,0,0.0,0,0.0,2,3919.63,0,0.0,27.05352034,38.49561917
1383.203,0,7758953,0,0.0,KUCUK_TICARETHANE,35-09-K01936,CIGLI,35,0,0,CAGDAS,0,0,1,0,0.0,8.35,0,0,0.0,0,0.0,1,1383.203,0,0.0,27.05834226,38.50415574
12629.69,0,7759265,0,0.0,ORTA_TICARETHANE,35-09-K04123,CIGLI,35,0,0,SIRINTEPE,0,0,1,0,0.0,5.0,0,0,0.0,0,0.0,1,12629.69,0,0.0,27.07283771,38.49446281
5652.755,0,7759422,0,0.0,ORTA_TICARETHANE,35-09-M03034,CIGLI,35,0,0,IZKENT,0,0,1,0,0.0,23.09,0,0,0.0,0,0.0,1,5652.755,0,0.0,27.06482574,38.50833904
11055.718,0,7759458,0,0.0,KUCUK_TICARETHANE,35-09-K01887,CIGLI,35,0,0,ATASEHIR,0,0,5,3,4730.2,11.0,0,0,0.0,0,0.0,2,6325.518,0,0.0,27.07173458,38.48811058
16818.2,0,7759601,0,0.0,ORTA_TICARETHANE,35-09-M01975,CIGLI,35,0,0,GUZELTEPE,0,0,1,0,0.0,5.0,0,0,0.0,0,0.0,1,16818.2,0,0.0,27.07934591,38.50372922
27852.619,0,7760105,0,0.0,ORTA_TICARETHANE,35-09-M02552,CIGLI,35,0,0,SIRINTEPE,0,0,7,3,3392.261,7.751428571428571,0,0,0.0,0,0.0,4,24460.358,0,0.0,27.06786406,38.49056637
25387.18,0,7760237,0,0.0,ORTA_TICARETHANE,35-09-K01876,CIGLI,35,0,0,KOYICI,0,0,1,0,0.0,5.25,0,0,0.0,0,0.0,1,25387.18,0,0.0,27.06066536,38.4964701
6581.767,0,7760513,0,0.0,KUCUK_TICARETHANE,35-09-K04681,CIGLI,35,0,0,MALTEPE,0,0,3,2,5349.592,6.766666666666667,0,0,0.0,0,0.0,1,1232.175,0,0.0,27.07261444,38.4914164
10912.439,0,7760525,0,0.0,KUCUK_TICARETHANE,35-09-K01875,CIGLI,35,0,0,KOYICI,0,0,3,1,6473.712,8.81,0,0,0.0,0,0.0,2,4438.727,0,0.0,27.06485796,38.49296056
27822.395099999998,0,7760909,0,0.0,ORTA_TICARETHANE,35-09-K01875,CIGLI,35,0,0,KOYICI,0,0,6,4,7011.2531,5.833333333333333,0,0,0.0,0,0.0,2,20811.142,0,0.0,27.06514078,38.49326994
95083.795,0,7761329,0,0.0,ORTA_TICARETHANE,35-09-K01859,CIGLI,35,0,0,KUCUK CIGLI,0,0,35,0,0.0,7.191428571428571,0,0,0.0,0,0.0,35,95083.795,0,0.0,27.04667376,38.50133295
6269.359,0,7761425,0,0.0,KUCUK_TICARETHANE,35-09-M00627,CIGLI,35,0,0,UGUR MUMCU,0,0,6,4,6028.728999999999,6.425,0,0,0.0,0,0.0,2,240.63,0,0.0,27.04323209,38.52412928
6310.983,0,7761701,0,0.0,KUCUK_TICARETHANE,35-09-K04597,CIGLI,35,0,0,KUCUK CIGLI,0,0,3,2,5700.932000000001,5.166666666666667,0,0,0.0,0,0.0,1,610.051,0,0.0,27.05092625,38.50417472
938.692,0,7762097,0,0.0,KUCUK_TICARETHANE,35-09-K03706,CIGLI,35,0,0,KUCUK CIGLI,0,0,1,0,0.0,5.1,0,0,0.0,0,0.0,1,938.692,0,0.0,27.05595277,38.49845189
1013.049,0,7762289,0,0.0,KUCUK_TICARETHANE,35-09-K04122,CIGLI,35,0,0,SIRINTEPE,0,0,1,0,0.0,5.0,0,0,0.0,0,0.0,1,1013.049,0,0.0,27.0678185,38.49353088
10777.507,0,7762613,0,0.0,KUCUK_TICARETHANE,35-09-K03322,CIGLI,35,0,0,YENI MAHALLE,0,0,3,1,1818.379,8.813333333333333,0,0,0.0,0,0.0,2,8959.128,0,0.0,27.05063764,38.49811341
1597.086,0,7762853,0,0.0,KUCUK_TICARETHANE,35-09-M02551,CIGLI,35,0,0,KOYICI,0,0,3,2,1518.338,5.0,0,0,0.0,0,0.0,1,78.748,0,0.0,27.06375102,38.49329544
929211.2,0,7762949,0,0.0,ORTA_SANAYI,35-09-M00361,CIGLI,35,0,0,SASALLI MERKEZ,0,0,3,0,0.0,382.44866666666667,0,1,176710.1,0,0.0,2,752501.1,0,0.0,26.94386462,38.49969301
56013.3,0,7762973,0,0.0,ORTA_TICARETHANE,35-09-M00894Ã–,CIGLI,35,0,0,SASALLI MERKEZ,0,0,1,0,0.0,160.0,0,0,0.0,0,0.0,1,56013.3,0,0.0,26.94832653,38.49801083
3176.513,0,7763285,0,0.0,KUCUK_TICARETHANE,35-09-K01874,CIGLI,35,0,0,YAKAKENT,0,0,1,0,0.0,11.64,0,0,0.0,0,0.0,1,3176.513,0,0.0,27.0766758,38.50262663
913.566,0,7763585,0,0.0,KUCUK_TICARETHANE,35-09-K01873,CIGLI,35,0,0,SIRINTEPE,0,0,1,0,0.0,5.0,0,0,0.0,0,0.0,1,913.566,0,0.0,27.07113251,38.49620806
59317.21800000001,0,7763861,0,0.0,ORTA_TICARETHANE,35-09-K04123,CIGLI,35,0,0,SIRINTEPE,0,0,5,3,9789.148000000001,6.7379999999999995,0,0,0.0,0,0.0,2,49528.07000000001,0,0.0,27.07248678,38.49426315
12690.199999999999,0,7764053,0,0.0,KUCUK_TICARETHANE,35-09-K04122,CIGLI,35,0,0,SIRINTEPE,0,0,3,2,5034.58,5.0,0,0,0.0,0,0.0,1,7655.62,0,0.0,27.06992874,38.49557197
13218.73,0,7764113,0,0.0,ORTA_TICARETHANE,35-09-M03520,CIGLI,35,0,0,ATASEHIR,0,0,1,0,0.0,8.35,0,0,0.0,0,0.0,1,13218.73,0,0.0,27.06255052,38.49358433
412148.91,0,7764269,0,0.0,ORTA_TICARETHANE,35-09-K04438,CIGLI,35,0,0,ATASEHIR,0,0,2,0,0.0,75.0,0,0,0.0,0,0.0,2,412148.91,0,0.0,27.06049289,38.49312492
9281.153,0,7764437,0,0.0,KUCUK_TICARETHANE,35-09-M00103,CIGLI,35,0,0,BALATCIK,0,0,1,0,0.0,5.0,0,0,0.0,0,0.0,1,9281.153,0,0.0,27.04038505,38.51771625
1326.1960000000001,0,7764509,0,0.0,KUCUK_TICARETHANE,35-09-K01870,CIGLI,35,0,0,KOYICI,0,0,2,1,1319.862,5.0,0,0,0.0,0,0.0,1,6.334,0,0.0,27.06457489,38.49585232
9408.705,0,7764725,0,0.0,KUCUK_TICARETHANE,35-09-K03320,CIGLI,35,0,0,AYDINLIKEVLER,0,0,2,1,3074.161,5.0,0,0,0.0,0,0.0,1,6334.544,0,0.0,27.07980005,38.49081108
98590.419,0,7764773,0,0.0,ORTA_TICARETHANE,35-09-K04221,CIGLI,35,0,0,SIRINTEPE,0,0,5,1,741.95,20.438,0,0,0.0,0,0.0,4,97848.469,0,0.0,27.06648362,38.49169603
71.087,0,7764881,0,0.0,KUCUK_TICARETHANE,35-09-M00540,CIGLI,35,0,0,SASALLI MERKEZ,0,0,1,0,0.0,8.35,0,0,0.0,0,0.0,1,71.087,0,0.0,26.94356191,38.49631524
13510.8,0,7765385,0,0.0,ORTA_TICARETHANE,35-09-M00255,CIGLI,35,0,0,KAKLIC,0,0,1,0,0.0,5.0,0,0,0.0,0,0.0,1,13510.8,0,0.0,26.98763305,38.50846039
5730.008,0,7765397,0,0.0,KUCUK_TICARETHANE,35-09-K04020,CIGLI,35,0,0,YENI MAHALLE,0,0,3,2,5646.423,5.0,0,0,0.0,0,0.0,1,83.585,0,0.0,27.0581451,38.49401397
5857.557,0,7765409,0,0.0,KUCUK_TICARETHANE,35-09-K04123,CIGLI,35,0,0,SIRINTEPE,0,0,3,1,4151.76,8.293333333333333,0,0,0.0,0,0.0,2,1705.797,0,0.0,27.06979499,38.49339326
142324.575,0,7765601,0,0.0,ORTA_TICARETHANE,35-09-M02465,CIGLI,35,0,0,KUCUK CIGLI,0,0,20,0,0.0,12.2285,0,0,0.0,0,0.0,20,142324.575,0,0.0,27.04824172,38.50300824
6774.887,0,7765661,0,0.0,KUCUK_TICARETHANE,35-09-M02390,CIGLI,35,0,0,BALATCIK,0,0,1,0,0.0,5.0,0,0,0.0,0,0.0,1,6774.887,0,0.0,27.04435387,38.50880147
3469.68,0,7765721,0,0.0,ORTA_TICARETHANE,35-09-K01878,CIGLI,35,0,0,YENI MAHALLE,0,0,1,0,0.0,111.5,0,0,0.0,0,0.0,1,3469.68,0,0.0,27.05792057,38.49316203
27674.23,0,7766117,0,0.0,ORTA_TICARETHANE,35-09-K01874,CIGLI,35,0,0,GUZELTEPE,0,0,6,4,9907.217,8.863333333333333,0,0,0.0,0,0.0,2,17767.013,0,0.0,27.07579981,38.50212707
14093.939,0,7766165,0,0.0,KUCUK_TICARETHANE,35-09-K03322,CIGLI,35,0,0,YENI MAHALLE,0,0,3,2,13478.961,7.039999999999999,0,0,0.0,0,0.0,1,614.978,0,0.0,27.04993106,38.49694651
2118.735,0,7766237,0,0.0,KUCUK_TICARETHANE,35-09-K01871,CIGLI,35,0,0,GUZELTEPE,0,0,1,0,0.0,5.0,0,0,0.0,0,0.0,1,2118.735,0,0.0,27.06845053,38.49800021
13949.792,0,7766417,0,0.0,KUCUK_TICARETHANE,35-09-M00646,CIGLI,35,0,0,UGUR MUMCU,0,0,5,3,4781.32,6.720000000000001,0,0,0.0,0,0.0,2,9168.472,0,0.0,27.04817871,38.52422543
1214.022,0,7766513,0,0.0,KUCUK_TICARETHANE,35-09-K01873,CIGLI,35,0,0,SIRINTEPE,0,0,1,0,0.0,5.0,0,0,0.0,0,0.0,1,1214.022,0,0.0,27.07137056,38.49696656
15103.842,0,7766897,0,0.0,ORTA_TICARETHANE,35-09-K01870,CIGLI,35,0,0,KOYICI,0,0,2,0,0.0,5.0,0,0,0.0,0,0.0,2,15103.842,0,0.0,27.06655813,38.49692099
6522.952,0,7767245,0,0.0,KUCUK_TICARETHANE,35-09-M00258,CIGLI,35,0,0,SASALLI MERKEZ,0,0,3,2,5936.851000000001,9.74,0,0,0.0,0,0.0,1,586.101,0,0.0,26.95275302,38.49290287
95620.295,0,7768157,0,0.0,ORTA_TICARETHANE,35-09-M01985,CIGLI,35,0,0,EVKA - 2,0,0,4,2,13585.725,9.115,0,0,0.0,0,0.0,2,82034.57,0,0.0,27.08679868,38.49950487
6948.541,0,7768241,0,0.0,KUCUK_TICARETHANE,35-09-M00255,CIGLI,35,0,0,KAKLIC,0,0,1,0,0.0,5.0,0,0,0.0,0,0.0,1,6948.541,0,0.0,26.98755291,38.50803442
18806.457,0,7768265,0,0.0,ORTA_TICARETHANE,35-09-K02899,CIGLI,35,0,0,ATASEHIR,0,0,3,2,7497.157,6.116666666666667,0,0,0.0,0,0.0,1,11309.3,0,0.0,27.0655474,38.48596065
4891.15,0,7768409,0,0.0,KUCUK_TICARETHANE,35-09-K04597,CIGLI,35,0,0,KUCUK CIGLI,0,0,3,2,4249.979,9.716666666666667,0,0,0.0,0,0.0,1,641.171,0,0.0,27.05027487,38.50380567
4088.438,0,7768457,0,0.0,KUCUK_TICARETHANE,35-09-K01878,CIGLI,35,0,0,ATASEHIR,0,0,2,0,0.0,8.35,0,0,0.0,0,0.0,2,4088.438,0,0.0,27.05685964,38.49307619
4380.572,0,7768481,0,0.0,KUCUK_TICARETHANE,35-09-M01992,CIGLI,35,0,0,ESENTEPE,0,0,3,2,4063.451,10.806666666666667,0,0,0.0,0,0.0,1,317.121,0,0.0,27.05012065,38.50715936
1291.037,0,7768625,0,0.0,KUCUK_TICARETHANE,35-09-K04020,CIGLI,35,0,0,YENI MAHALLE,0,0,1,0,0.0,8.35,0,0,0.0,0,0.0,1,1291.037,0,0.0,27.05973557,38.49379045
9722.274,0,7768949,0,0.0,KUCUK_TICARETHANE,35-09-K01876,CIGLI,35,0,0,KOYICI,0,0,5,2,6131.726000000001,7.002,0,0,0.0,0,0.0,3,3590.5480000000002,0,0.0,27.06144811,38.49524586
34440.34,0,7769165,0,0.0,ORTA_TICARETHANE,35-09-K01480,CIGLI,35,0,0,YAKAKENT,0,0,4,1,129.854,8.7625,0,0,0.0,0,0.0,3,34310.486000000004,0,0.0,27.06902186,38.50413802
27816.921000000002,0,7769537,0,0.0,ORTA_TICARETHANE,35-09-M02549,CIGLI,35,0,0,KUCUK CIGLI,0,0,5,0,0.0,11.952000000000002,0,0,0.0,0,0.0,5,27816.921000000002,0,0.0,27.04349034,38.50199078
11179.528,0,7769657,0,0.0,KUCUK_TICARETHANE,35-09-K02730,CIGLI,35,0,0,ATASEHIR,0,0,3,1,2246.483,6.366666666666667,0,0,0.0,0,0.0,2,8933.045,0,0.0,27.06114402,38.49119478
109834.296,0,7769909,0,0.0,ORTA_TICARETHANE,35-09-K01887,CIGLI,35,0,0,ATASEHIR,0,0,3,0,0.0,6.116666666666667,0,0,0.0,0,0.0,3,109834.296,0,0.0,27.07351041,38.48811006
5952.137,0,7771061,0,0.0,KUCUK_TICARETHANE,35-09-K04123,CIGLI,35,0,0,SIRINTEPE,0,0,1,0,0.0,5.28,0,0,0.0,0,0.0,1,5952.137,0,0.0,27.07296787,38.49461431
37509.651,0,7771109,0,0.0,ORTA_TICARETHANE,35-09-M01981,CIGLI,35,0,0,MALTEPE,0,0,12,7,17779.631999999998,5.954166666666667,0,0,0.0,0,0.0,5,19730.019,0,0.0,27.07268278,38.49299258
16249.522,0,7771205,0,0.0,ORTA_TICARETHANE,35-09-M03520,CIGLI,35,0,0,ATASEHIR,0,0,2,0,0.0,6.675,0,0,0.0,0,0.0,2,16249.522,0,0.0,27.06228971,38.49342164
13538.71,0,7771289,0,0.0,ORTA_TICARETHANE,35-09-M00255,CIGLI,35,0,0,KAKLIC,0,0,1,0,0.0,5.0,0,0,0.0,0,0.0,1,13538.71,0,0.0,26.9876318,38.50781386
1679.251,0,7771589,0,0.0,KUCUK_TICARETHANE,35-09-K01866,CIGLI,35,0,0,KUCUK CIGLI,0,0,2,1,1676.75,7.05,0,0,0.0,0,0.0,1,2.501,0,0.0,27.05392158,38.50156202
2296.647,0,7771601,0,0.0,KUCUK_TICARETHANE,35-09-K01874,CIGLI,35,0,0,GUZELTEPE,0,0,1,0,0.0,8.35,0,0,0.0,0,0.0,1,2296.647,0,0.0,27.07650906,38.50157707
35846.2,0,7771853,0,0.0,ORTA_TICARETHANE,35-09-K04046,CIGLI,35,0,0,CAGDAS,0,0,1,0,0.0,22.84,0,0,0.0,0,0.0,1,35846.2,0,0.0,27.0589838,38.50475871
10124.42,0,7771865,0,0.0,KUCUK_TICARETHANE,35-09-K01869,CIGLI,35,0,0,BALATCIK,0,0,3,1,3276.739,5.27,0,0,0.0,0,0.0,2,6847.6810000000005,0,0.0,27.04723463,38.50501104
23012.2,0,7771937,0,0.0,ORTA_TICARETHANE,35-09-K04282,CIGLI,35,0,0,KUCUK CIGLI,0,0,3,2,3156.24,5.406666666666666,0,0,0.0,0,0.0,1,19855.96,0,0.0,27.05683563,38.49888236
4419.497,0,7771985,0,0.0,KUCUK_TICARETHANE,35-09-M01608,CIGLI,35,0,0,MALTEPE,0,0,2,1,1950.559,5.0,0,0,0.0,0,0.0,1,2468.938,0,0.0,27.07583629,38.48908756
44737.463,0,7772033,0,0.0,ORTA_TICARETHANE,35-09-M03520,CIGLI,35,0,0,ATASEHIR,0,0,3,0,0.0,11.666666666666666,0,0,0.0,0,0.0,3,44737.463,0,0.0,27.06306826,38.4929254
41981.026,0,7772945,0,0.0,KUCUK_TICARETHANE,35-09-M02464,CIGLI,35,0,0,YENI MAHALLE,0,0,6,4,32787.187,6.958333333333333,0,0,0.0,0,0.0,2,9193.839,0,0.0,27.04959245,38.49810064
16931.255,0,7773041,0,0.0,ORTA_TICARETHANE,35-09-M03520,CIGLI,35,0,0,ATASEHIR,0,0,3,0,0.0,5.0,0,0,0.0,0,0.0,3,16931.255,0,0.0,27.06296725,38.49258391
44284.049,0,7773089,0,0.0,ORTA_TICARETHANE,35-09-K04020,CIGLI,35,0,0,YENI MAHALLE,0,0,14,9,20964.175,6.672142857142857,0,0,0.0,0,0.0,5,23319.874,0,0.0,27.06015816,38.49345692
18994.441,0,7773125,0,0.0,ORTA_TICARETHANE,35-09-K01874,CIGLI,35,0,0,GUZELTEPE,0,0,3,2,3406.861,6.673333333333333,0,0,0.0,0,0.0,1,15587.58,0,0.0,27.07711494,38.50232305
9612.030999999999,0,7773257,0,0.0,KUCUK_TICARETHANE,35-09-K04597,CIGLI,35,0,0,KUCUK CIGLI,0,0,3,2,6474.896,5.0,0,0,0.0,0,0.0,1,3137.135,0,0.0,27.05126105,38.50311665
4148.8060000000005,0,7773401,0,0.0,KUCUK_TICARETHANE,35-09-M01732,CIGLI,35,0,0,UGUR MUMCU,0,0,2,1,951.424,6.675,0,0,0.0,0,0.0,1,3197.382,0,0.0,27.04702865,38.52359123
10638.422,0,7774674,0,0.0,KUCUK_TICARETHANE,35-09-M01951,CIGLI,35,0,0,SIRINTEPE,0,0,3,1,3385.638,5.0,0,0,0.0,0,0.0,2,7252.784000000001,0,0.0,27.07158349,38.49236092
1811.679,0,7775298,0,0.0,KUCUK_TICARETHANE,35-09-K02730,CIGLI,35,0,0,ATASEHIR,0,0,1,0,0.0,5.0,0,0,0.0,0,0.0,1,1811.679,0,0.0,27.06052273,38.49224849
7727.842,0,7775670,0,0.0,KUCUK_TICARETHANE,35-09-K04165,CIGLI,35,0,0,BALATCIK,0,0,3,2,5871.731,11.213333333333333,0,0,0.0,0,0.0,1,1856.111,0,0.0,27.04724268,38.51345386
65589.575,0,7775910,0,0.0,ORTA_TICARETHANE,35-09-M02552,CIGLI,35,0,0,SIRINTEPE,0,0,11,1,2662.077,10.200909090909091,0,0,0.0,0,0.0,10,62927.49800000001,0,0.0,27.06658263,38.49123719
17105.064,0,7776066,0,0.0,ORTA_TICARETHANE,35-09-K01867,CIGLI,35,0,0,KUCUK CIGLI,0,0,9,0,0.0,5.403555555555555,0,0,0.0,0,0.0,9,17105.064,0,0.0,27.05166248,38.50358369
1791.745,0,7776570,0,0.0,KUCUK_TICARETHANE,35-09-M00257,CIGLI,35,0,0,SASALLI MERKEZ,0,0,1,0,0.0,13.86,0,0,0.0,0,0.0,1,1791.745,0,0.0,26.95470186,38.49448687
45225.043,0,7776942,0,0.0,ORTA_TICARETHANE,35-09-M03520,CIGLI,35,0,0,ATASEHIR,0,0,3,1,6422.626,7.233333333333333,0,0,0.0,0,0.0,2,38802.417,0,0.0,27.06075584,38.49363843
5851.886,0,7777050,0,0.0,ORTA_TICARETHANE,35-09-K04314,CIGLI,35,0,0,KUCUK CIGLI,0,0,1,0,0.0,18.4,0,0,0.0,0,0.0,1,5851.886,0,0.0,27.0538345,38.49876757
15081.661,0,7777098,0,0.0,KUCUK_TICARETHANE,35-09-K03266,CIGLI,35,0,0,BALATCIK,0,0,7,4,9455.257,7.551428571428572,0,0,0.0,0,0.0,3,5626.4039999999995,0,0.0,27.04600099,38.51039286
1626.904,0,7777530,0,0.0,KUCUK_TICARETHANE,35-09-K01862,CIGLI,35,0,0,ATASEHIR,0,0,1,0,0.0,8.35,0,0,0.0,0,0.0,1,1626.904,0,0.0,27.0507339,38.49328
31608.865,0,7777782,0,0.0,ORTA_TICARETHANE,35-09-M03520,CIGLI,35,0,0,ATASEHIR,0,0,14,1,2628.188,6.322142857142857,0,0,0.0,0,0.0,13,28980.677,0,0.0,27.06183057,38.4935069
3990.4880000000003,0,7777950,0,0.0,KUCUK_TICARETHANE,35-09-K01879,CIGLI,35,0,0,YENI MAHALLE,0,0,3,2,3327.342,5.0,0,0,0.0,0,0.0,1,663.146,0,0.0,27.05440335,38.4955287
2836.7000000000003,0,7778274,0,0.0,KUCUK_TICARETHANE,35-09-K03323,CIGLI,35,0,0,GUZELTEPE,0,0,2,1,2073.503,8.21,0,0,0.0,0,0.0,1,763.197,0,0.0,27.07588431,38.49868456
3563.463,0,7779714,0,0.0,KUCUK_TICARETHANE,35-09-M00103,CIGLI,35,0,0,BALATCIK,0,0,1,0,0.0,8.35,0,0,0.0,0,0.0,1,3563.463,0,0.0,27.04007154,38.51844862
44201.34,0,7779726,0,0.0,ORTA_TICARETHANE,35-09-M00400,CIGLI,35,0,0,BALATCIK,0,0,8,4,7710.433999999999,9.879999999999999,0,0,0.0,0,0.0,4,36490.906,0,0.0,27.03911499,38.51844421
14421.837,0,7779834,0,0.0,KUCUK_TICARETHANE,35-09-K03319,CIGLI,35,0,0,GUZELTEPE,0,0,3,2,13829.027,6.226666666666667,0,0,0.0,0,0.0,1,592.81,0,0.0,27.0754794,38.49769328
26637.084,0,7780255,0,0.0,ORTA_TICARETHANE,35-09-M02464,CIGLI,35,0,0,YENI MAHALLE,0,0,7,4,10205.259,9.77,0,0,0.0,0,0.0,3,16431.825,0,0.0,27.05010876,38.49850369
2690.151,0,7780687,0,0.0,KUCUK_TICARETHANE,35-09-K01878,CIGLI,35,0,0,YENI MAHALLE,0,0,1,0,0.0,8.35,0,0,0.0,0,0.0,1,2690.151,0,0.0,27.05763465,38.49309272
27927.88,0,7780735,0,0.0,ORTA_TICARETHANE,35-09-M02547,CIGLI,35,0,0,KUCUK CIGLI,0,0,1,0,0.0,122.31,0,0,0.0,0,0.0,1,27927.88,0,0.0,27.0449097,38.49942692
6479.057,0,7781515,0,0.0,KUCUK_TICARETHANE,35-09-M00257,CIGLI,35,0,0,SASALLI MERKEZ,0,0,3,2,4571.438,10.323333333333332,0,0,0.0,0,0.0,1,1907.619,0,0.0,26.95155185,38.4935663
16210.528,0,7782127,0,0.0,KUCUK_TICARETHANE,35-09-M00396,CIGLI,35,0,0,BALATCIK,0,0,8,5,6252.718000000001,9.355,0,0,0.0,0,0.0,3,9957.81,0,0.0,27.03807094,38.5096594
8363.992,0,7782354,0,0.0,KUCUK_TICARETHANE,35-09-K04478,CIGLI,35,0,0,IZKENT,0,0,1,0,0.0,6.33,0,0,0.0,0,0.0,1,8363.992,0,0.0,27.06538188,38.51556594
11335.356,0,7782726,0,0.0,KUCUK_TICARETHANE,35-09-K01874,CIGLI,35,0,0,GUZELTEPE,0,0,4,2,5059.311,8.23,0,0,0.0,0,0.0,2,6276.045,0,0.0,27.07378002,38.50136713
1388.723,0,7783002,0,0.0,KUCUK_TICARETHANE,35-09-K04597,CIGLI,35,0,0,KUCUK CIGLI,0,0,1,0,0.0,5.0,0,0,0.0,0,0.0,1,1388.723,0,0.0,27.05070881,38.50388493
3361.402,0,7783242,0,0.0,KUCUK_TICARETHANE,35-09-M02551,CIGLI,35,0,0,KOYICI,0,0,2,1,1842.806,5.0,0,0,0.0,0,0.0,1,1518.596,0,0.0,27.06345783,38.4948562
356140.259,0,7783446,0,0.0,ORTA_SANAYI,35-09-M02549,CIGLI,35,0,0,KUCUK CIGLI,0,0,4,0,0.0,41.5475,0,1,340681.0,0,0.0,3,15459.259,0,0.0,27.04372863,38.50167233
3872.106,0,7784512,0,0.0,ORTA_TICARETHANE,35-09-K03320,CIGLI,35,0,0,AYDINLIKEVLER,0,0,1,0,0.0,27.37,0,0,0.0,0,0.0,1,3872.106,0,0.0,27.080096,38.4920286
25038.91,0,7784524,0,0.0,ORTA_TICARETHANE,35-09-K03320,CIGLI,35,0,0,AYDINLIKEVLER,0,0,1,0,0.0,20.07,0,0,0.0,0,0.0,1,25038.91,0,0.0,27.07869519,38.49106239
15263.315,0,7784656,0,0.0,KUCUK_TICARETHANE,35-09-M01951,CIGLI,35,0,0,MALTEPE,0,0,7,3,7613.632,5.0,0,0,0.0,0,0.0,4,7649.683000000001,0,0.0,27.0714107,38.4920771
38230.024000000005,0,7784716,0,0.0,ORTA_TICARETHANE,35-09-K01874,CIGLI,35,0,0,GUZELTEPE,0,0,8,5,12767.912,6.0,0,0,0.0,0,0.0,3,25462.112,0,0.0,27.0771812,38.50229612
2775.37,0,7785316,0,0.0,KUCUK_TICARETHANE,35-09-K04122,CIGLI,35,0,0,SIRINTEPE,0,0,3,2,2597.6690000000003,8.6,0,0,0.0,0,0.0,1,177.701,0,0.0,27.06817494,38.4936505
33358.52,0,7785724,0,0.0,ORTA_TICARETHANE,35-09-K02817,CIGLI,35,0,0,ATASEHIR,0,0,1,0,0.0,37.0,0,0,0.0,0,0.0,1,33358.52,0,0.0,27.05116045,38.4873557
3350.49,0,7785880,0,0.0,KUCUK_TICARETHANE,35-09-M01950,CIGLI,35,0,0,MALTEPE,0,0,1,0,0.0,5.0,0,0,0.0,0,0.0,1,3350.49,0,0.0,27.07531592,38.48812463
8051.465,0,7786192,0,0.0,KUCUK_TICARETHANE,35-09-M03520,CIGLI,35,0,0,ATASEHIR,0,0,3,0,0.0,5.0,0,0,0.0,0,0.0,3,8051.465,0,0.0,27.06303232,38.49251502
12305.279999999999,0,7786240,0,0.0,KUCUK_TICARETHANE,35-09-M00257,CIGLI,35,0,0,SASALLI MERKEZ,0,0,3,2,6952.616,5.0,0,0,0.0,0,0.0,1,5352.664,0,0.0,26.95145806,38.49463016
12686.661,0,7786252,0,0.0,KUCUK_TICARETHANE,35-09-M00257,CIGLI,35,0,0,SASALLI MERKEZ,0,0,5,2,9271.126,6.7299999999999995,0,0,0.0,0,0.0,3,3415.535,0,0.0,26.95195125,38.49472596
6906.121,0,7786504,0,0.0,KUCUK_TICARETHANE,35-09-K03320,CIGLI,35,0,0,AYDINLIKEVLER,0,0,3,0,0.0,10.293333333333335,0,0,0.0,0,0.0,3,6906.121,0,0.0,27.07925846,38.49074996
3182.7200000000003,0,7786528,0,0.0,KUCUK_TICARETHANE,35-09-K03323,CIGLI,35,0,0,GUZELTEPE,0,0,2,1,2601.219,9.16,0,0,0.0,0,0.0,1,581.501,0,0.0,27.07531649,38.5003261
948.36,0,7786660,0,0.0,KUCUK_TICARETHANE,35-09-K01871,CIGLI,35,0,0,KOYICI,0,0,1,0,0.0,5.0,0,0,0.0,0,0.0,1,948.36,0,0.0,27.06765943,38.49751494
82844.45,0,7787176,0,0.0,ORTA_TICARETHANE,35-04-M01585,KARSIYAKA,35,0,0,YALI,0,0,2,0,0.0,99.497,0,0,0.0,0,0.0,2,82844.45,0,0.0,27.08536204,38.47614746
549.982,0,7787428,0,0.0,KUCUK_TICARETHANE,35-09-M01984,CIGLI,35,0,0,AHMET TANER KISLALI,0,0,1,0,0.0,5.0,0,0,0.0,0,0.0,1,549.982,0,0.0,27.08567173,38.496848
31631.946,0,7787536,0,0.0,ORTA_TICARETHANE,,CIGLI,35,0,0,KUCUK CIGLI,0,0,5,3,7095.756,5.13,0,0,0.0,0,0.0,2,24536.19,0,0.0,27.0609934,38.49700988
6066.87,0,7787644,0,0.0,KUCUK_TICARETHANE,35-09-K01880,CIGLI,35,0,0,ATASEHIR,0,0,2,1,4015.124,5.0,0,0,0.0,0,0.0,1,2051.746,0,0.0,27.05622404,38.49149132
13031.126,0,7787824,0,0.0,KUCUK_TICARETHANE,35-09-M02083,CIGLI,35,0,0,ATASEHIR,0,0,6,4,4946.356,11.49,0,0,0.0,0,0.0,2,8084.77,0,0.0,27.06519502,38.48954729
1447.975,0,7788376,0,0.0,KUCUK_TICARETHANE,35-09-M00845,CIGLI,35,0,0,UGUR MUMCU,0,0,1,0,0.0,8.35,0,0,0.0,0,0.0,1,1447.975,0,0.0,27.04496288,38.52420563
1034.733,0,7788388,0,0.0,KUCUK_TICARETHANE,35-09-M01951,CIGLI,35,0,0,MALTEPE,0,0,1,0,0.0,8.35,0,0,0.0,0,0.0,1,1034.733,0,0.0,27.07014556,38.4913437
7331.631,0,7788472,0,0.0,KUCUK_TICARETHANE,,CIGLI,35,0,0,KUCUK CIGLI,0,0,2,0,0.0,5.04,0,0,0.0,0,0.0,2,7331.631,0,0.0,27.06228988,38.49818591
9804.623,0,7788868,0,0.0,KUCUK_TICARETHANE,35-09-M00254,CIGLI,35,0,0,KAKLIC,0,0,1,0,0.0,6.9,0,0,0.0,0,0.0,1,9804.623,0,0.0,26.98902792,38.50409999
686871.206,0,7788940,0,0.0,ORTA_TICARETHANE,35-09-K02764,CIGLI,35,0,0,EVKA-5,0,0,55,0,0.0,9.796472727272729,0,0,0.0,0,0.0,55,686871.206,0,0.0,27.05574903,38.5175918
4739.025,0,7788988,0,0.0,KUCUK_TICARETHANE,35-09-K03319,CIGLI,35,0,0,GUZELTEPE,0,0,2,1,1362.252,5.0,0,0,0.0,0,0.0,1,3376.773,0,0.0,27.07279873,38.49866625
5304.134,0,7789240,0,0.0,ORTA_TICARETHANE,,CIGLI,35,0,0,KOYICI,0,0,1,0,0.0,28.51,0,0,0.0,0,0.0,1,5304.134,0,0.0,27.06202198,38.49774031
32411.801,0,7789252,0,0.0,ORTA_TICARETHANE,35-09-K04282,CIGLI,35,0,0,KUCUK CIGLI,0,0,3,1,15693.58,7.286666666666666,0,0,0.0,0,0.0,2,16718.220999999998,0,0.0,27.05747765,38.49777064
6785.567,0,7790620,0,0.0,KUCUK_TICARETHANE,35-09-K01870,CIGLI,35,0,0,KOYICI,0,0,2,1,4256.295,5.0,0,0,0.0,0,0.0,1,2529.272,0,0.0,27.06448966,38.49573491
57728.38599999999,0,7790656,0,0.0,ORTA_TICARETHANE,35-09-K01875,CIGLI,35,0,0,SIRINTEPE,0,0,3,2,10959.146,15.28,0,0,0.0,0,0.0,1,46769.24,0,0.0,27.06568103,38.49435082
280.08,0,7790872,0,0.0,KUCUK_TICARETHANE,35-09-K03320,CIGLI,35,0,0,AYDINLIKEVLER,0,0,3,0,0.0,8.653333333333334,0,0,0.0,0,0.0,3,280.08,0,0.0,27.07967393,38.49162397
124229.04299999999,0,7791568,0,0.0,ORTA_TICARETHANE,,CIGLI,35,0,0,KUCUK CIGLI,0,0,6,0,0.0,12.431666666666667,0,0,0.0,0,0.0,6,124229.04299999999,0,0.0,27.06042877,38.49679342
2285.639,0,7791616,0,0.0,KUCUK_TICARETHANE,35-09-M02551,CIGLI,35,0,0,KOYICI,0,0,4,2,2234.915,5.0,0,0,0.0,0,0.0,2,50.724,0,0.0,27.06448132,38.49353681
2530.3320000000003,0,7791736,0,0.0,KUCUK_TICARETHANE,35-09-M02549,CIGLI,35,0,0,KUCUK CIGLI,0,0,3,2,2068.702,7.126666666666666,0,0,0.0,0,0.0,1,461.63,0,0.0,27.04450786,38.50291993
1246.595,0,7791892,0,0.0,KUCUK_TICARETHANE,35-09-M00447,CIGLI,35,0,0,SASALLI MERKEZ,0,0,1,0,0.0,5.0,0,0,0.0,0,0.0,1,1246.595,0,0.0,26.95103188,38.49724648
67911.262,0,7792024,0,0.0,ORTA_TICARETHANE,35-09-M02547,CIGLI,35,0,0,KUCUK CIGLI,0,0,11,0,0.0,8.406363636363636,0,0,0.0,0,0.0,11,67911.262,0,0.0,27.04596476,38.49877959
29443.192,0,7792276,0,0.0,ORTA_TICARETHANE,35-09-M02552,CIGLI,35,0,0,SIRINTEPE,0,0,3,0,0.0,6.366666666666667,0,0,0.0,0,0.0,3,29443.192,0,0.0,27.06835304,38.49082001
13123.27,0,7793269,0,0.0,ORTA_TICARETHANE,35-09-M02551,CIGLI,35,0,0,KOYICI,0,0,4,0,0.0,5.0,0,0,0.0,0,0.0,4,13123.27,0,0.0,27.06390851,38.4932762
4184.086,0,7793581,0,0.0,KUCUK_TICARETHANE,35-09-M00103,CIGLI,35,0,0,BALATCIK,0,0,2,1,2802.167,6.0,0,0,0.0,0,0.0,1,1381.919,0,0.0,27.04031146,38.51786773
7298.951999999999,0,7793665,0,0.0,KUCUK_TICARETHANE,35-09-K03322,CIGLI,35,0,0,YENI MAHALLE,0,0,2,1,3445.999,5.0,0,0,0.0,0,0.0,1,3852.953,0,0.0,27.05111234,38.49638746
90840.97600000001,0,7795069,0,0.0,ORTA_TICARETHANE,35-09-M02548,CIGLI,35,0,0,KUCUK CIGLI,0,0,2,0,0.0,16.805,0,0,0.0,0,0.0,2,90840.97600000001,0,0.0,27.0447233,38.4997983
4268.931,0,7795186,0,0.0,KUCUK_TICARETHANE,35-09-K03216,CIGLI,35,0,0,GUZELTEPE,0,0,3,1,125.38,6.613333333333333,0,0,0.0,0,0.0,2,4143.5509999999995,0,0.0,27.07539502,38.49769504
4093.495,0,7795277,0,0.0,KUCUK_TICARETHANE,35-09-M00254,CIGLI,35,0,0,KAKLIC,0,0,1,0,0.0,5.0,0,0,0.0,0,0.0,1,4093.495,0,0.0,26.98835209,38.50569464
7405.556,0,7795615,0,0.0,KUCUK_TICARETHANE,35-09-M02549,CIGLI,35,0,0,KUCUK CIGLI,0,0,3,2,4735.632,5.0,0,0,0.0,0,0.0,1,2669.924,0,0.0,27.04317336,38.50255089
10350.233,0,7795771,0,0.0,KUCUK_TICARETHANE,35-09-K01870,CIGLI,35,0,0,KOYICI,0,0,3,2,8124.5380000000005,5.0,0,0,0.0,0,0.0,1,2225.695,0,0.0,27.06230067,38.49586806
485.19100000000003,0,7796877,0,0.0,KUCUK_TICARETHANE,35-09-M03520,CIGLI,35,0,0,YENI MAHALLE,0,0,3,0,0.0,6.366666666666667,0,0,0.0,0,0.0,3,485.19100000000003,0,0.0,27.06067814,38.49367135
48991.2,0,7796994,0,0.0,ORTA_TICARETHANE,35-09-K03266,CIGLI,35,0,0,BALATCIK,0,0,1,0,0.0,298.16,0,0,0.0,0,0.0,1,48991.2,0,0.0,27.04386335,38.51234013
1281.351,0,7797007,0,0.0,KUCUK_TICARETHANE,35-09-M00103,CIGLI,35,0,0,BALATCIK,0,0,1,0,0.0,5.0,0,0,0.0,0,0.0,1,1281.351,0,0.0,27.0407862,38.51735165
88578.29800000001,0,7797176,0,0.0,ORTA_TICARETHANE,,CIGLI,35,0,0,KUCUK CIGLI,0,0,5,3,15582.259,6.808,0,0,0.0,0,0.0,2,72996.039,0,0.0,27.06185322,38.49757572
16010.798999999999,0,7797254,0,0.0,ORTA_TICARETHANE,35-09-K01874,CIGLI,35,0,0,GUZELTEPE,0,0,2,1,2444.959,6.675,0,0,0.0,0,0.0,1,13565.84,0,0.0,27.07889445,38.50249493
1928.031,0,7797280,0,0.0,KUCUK_TICARETHANE,35-09-M01984,CIGLI,35,0,0,AHMET TANER KISLALI,0,0,1,0,0.0,8.35,0,0,0.0,0,0.0,1,1928.031,0,0.0,27.08365584,38.49632369
16703.933,0,7797332,0,0.0,ORTA_TICARETHANE,35-09-M03090,CIGLI,35,0,0,YENI MAHALLE,0,0,2,0,0.0,6.116,0,0,0.0,0,0.0,2,16703.933,0,0.0,27.05273736,38.498764
15701.797999999999,0,7797436,0,0.0,KUCUK_TICARETHANE,35-09-K03313,CIGLI,35,0,0,YENI MAHALLE,0,0,6,3,12929.418,5.558333333333334,0,0,0.0,0,0.0,3,2772.38,0,0.0,27.05358763,38.49387758
206361.184,0,7797657,0,0.0,ORTA_SANAYI,35-09-M02547,CIGLI,35,0,0,KUCUK CIGLI,0,0,2,0,0.0,65.17,0,1,198839.6,0,0.0,1,7521.584,0,0.0,27.04491264,38.49974647
7197.148,0,7798214,0,0.0,KUCUK_TICARETHANE,35-09-K01874,CIGLI,35,0,0,GUZELTEPE,0,0,4,2,4615.244000000001,8.16,0,0,0.0,0,0.0,2,2581.9040000000005,0,0.0,27.07427648,38.50147721
1976.824,0,7798292,0,0.0,KUCUK_TICARETHANE,35-09-M00103,CIGLI,35,0,0,BALATCIK,0,0,1,0,0.0,5.5,0,0,0.0,0,0.0,1,1976.824,0,0.0,27.04223571,38.51654342
12119.41,0,7798409,0,0.0,ORTA_TICARETHANE,35-09-K02499,CIGLI,35,0,0,AYDINLIKEVLER,0,0,1,0,0.0,5.0,0,0,0.0,0,0.0,1,12119.41,0,0.0,27.07992614,38.48922268
2047.3090000000002,0,7798604,0,0.0,KUCUK_TICARETHANE,35-09-K01480,CIGLI,35,0,0,YAKAKENT,0,0,2,1,1395.287,10.440000000000001,0,0,0.0,0,0.0,1,652.022,0,0.0,27.0707548,38.50144921
0.0,0,7798890,0,0.0,KUCUK_TICARETHANE,35-09-K04501,CIGLI,35,0,0,KUCUK CIGLI,0,0,3,2,0.0,10.016666666666667,0,0,0.0,0,0.0,1,0.0,0,0.0,27.05330394,38.501279
1509.337,0,7799124,0,0.0,KUCUK_TICARETHANE,35-09-K03216,CIGLI,35,0,0,GUZELTEPE,0,0,1,0,0.0,5.0,0,0,0.0,0,0.0,1,1509.337,0,0.0,27.07895283,38.50071661
19886.409,0,7799176,0,0.0,KUCUK_TICARETHANE,35-09-K01870,CIGLI,35,0,0,KOYICI,0,0,8,4,16416.584,5.0,0,0,0.0,0,0.0,4,3469.825,0,0.0,27.063406,38.49632077
3245.059,0,7800229,0,0.0,KUCUK_TICARETHANE,35-09-K01870,CIGLI,35,0,0,KOYICI,0,0,2,1,1696.389,5.0,0,0,0.0,0,0.0,1,1548.67,0,0.0,27.06657306,38.49693093
12256.371,0,7800255,0,0.0,KUCUK_TICARETHANE,35-09-M00254,CIGLI,35,0,0,KAKLIC,0,0,3,2,6229.3550000000005,6.446666666666666,0,0,0.0,0,0.0,1,6027.016,0,0.0,26.98972571,38.50434894
8001.929,0,7800398,0,0.0,KUCUK_TICARETHANE,35-09-K01870,CIGLI,35,0,0,KOYICI,0,0,6,4,7298.983,7.023333333333333,0,0,0.0,0,0.0,2,702.9459999999999,0,0.0,27.06645886,38.49694851
13512.803,0,7800814,0,0.0,ORTA_TICARETHANE,35-09-K01875,CIGLI,35,0,0,SIRINTEPE,0,0,4,2,1713.857,9.275,0,0,0.0,0,0.0,2,11798.946,0,0.0,27.06618706,38.49205852
55729.06,0,7801009,0,0.0,ORTA_TICARETHANE,35-09-M02547,CIGLI,35,0,0,KUCUK CIGLI,0,0,2,0,0.0,39.236000000000004,0,0,0.0,0,0.0,2,55729.06,0,0.0,27.04546877,38.49901891
34528.497,0,7802986,0,0.0,ORTA_TICARETHANE,35-09-K01876,CIGLI,35,0,0,KOYICI,0,0,5,3,10563.303,5.651999999999999,0,0,0.0,0,0.0,2,23965.194,0,0.0,27.06136029,38.49503067
18188.2,0,7803038,0,0.0,ORTA_TICARETHANE,35-09-M01145,CIGLI,35,0,0,KAKLIC,0,0,1,0,0.0,43.72,0,0,0.0,0,0.0,1,18188.2,0,0.0,26.9947367,38.5037733
4037.69,0,7803389,0,0.0,KUCUK_TICARETHANE,35-09-K01887,CIGLI,35,0,0,ATASEHIR,0,0,1,0,0.0,8.35,0,0,0.0,0,0.0,1,4037.69,0,0.0,27.07286999,38.48799298
4129.9439999999995,0,7803519,0,0.0,KUCUK_TICARETHANE,35-09-M00103,CIGLI,35,0,0,BALATCIK,0,0,2,1,3042.527,7.18,0,0,0.0,0,0.0,1,1087.417,0,0.0,27.03971598,38.5168467
4718.1900000000005,0,7803701,0,0.0,KUCUK_TICARETHANE,35-09-K02899,CIGLI,35,0,0,ATASEHIR,0,0,3,2,4717.8060000000005,9.033333333333333,0,0,0.0,0,0.0,1,0.384,0,0.0,27.06545097,38.48539243
5653.943,0,7803727,0,0.0,KUCUK_TICARETHANE,35-09-M01981,CIGLI,35,0,0,SIRINTEPE,0,0,2,1,2275.918,6.675,0,0,0.0,0,0.0,1,3378.025,0,0.0,27.07420651,38.49424198
11248.735,0,7803792,0,0.0,KUCUK_TICARETHANE,35-09-K01870,CIGLI,35,0,0,KOYICI,0,0,3,2,3946.941,5.0,0,0,0.0,0,0.0,1,7301.794,0,0.0,27.0663923,38.49693807
21672.69,0,7804680,0,0.0,ORTA_TICARETHANE,35-09-M00103,CIGLI,35,0,0,BALATCIK,0,0,1,0,0.0,6.4,0,0,0.0,0,0.0,1,21672.69,0,0.0,27.04205534,38.51719437
12350.589,0,7805415,0,0.0,KUCUK_TICARETHANE,35-09-K02764,CIGLI,35,0,0,EVKA-5,0,0,5,1,4213.804,9.754,0,0,0.0,0,0.0,4,8136.785000000001,0,0.0,27.05604517,38.51930689
7685.116,0,7805441,0,0.0,KUCUK_TICARETHANE,35-09-M03520,CIGLI,35,0,0,ATASEHIR,0,0,3,0,0.0,6.116666666666667,0,0,0.0,0,0.0,3,7685.116,0,0.0,27.0620432,38.49358755
11309.846,0,7805480,0,0.0,KUCUK_TICARETHANE,35-09-M03520,CIGLI,35,0,0,ATASEHIR,0,0,6,4,6261.4259999999995,5.558333333333334,0,0,0.0,0,0.0,2,5048.42,0,0.0,27.06114083,38.49385363
27895.141000000003,0,7805493,0,0.0,ORTA_TICARETHANE,35-09-M02551,CIGLI,35,0,0,KOYICI,0,0,2,0,0.0,5.0,0,0,0.0,0,0.0,2,27895.141000000003,0,0.0,27.06279134,38.49402509
8725.721,0,7805727,0,0.0,KUCUK_TICARETHANE,35-09-M01981,CIGLI,35,0,0,SIRINTEPE,0,0,3,2,6938.531,7.543333333333333,0,0,0.0,0,0.0,1,1787.19,0,0.0,27.07283726,38.49320413
12052.808,0,7805818,0,0.0,KUCUK_TICARETHANE,35-09-K01870,CIGLI,35,0,0,KOYICI,0,0,3,2,4491.128000000001,7.386666666666667,0,0,0.0,0,0.0,1,7561.68,0,0.0,27.0632916,38.49689059
14362.44,0,7805935,0,0.0,ORTA_TICARETHANE,35-09-M02551,CIGLI,35,0,0,KOYICI,0,0,1,0,0.0,35.41,0,0,0.0,0,0.0,1,14362.44,0,0.0,27.06374992,38.49370261
20294.246,0,7806156,0,0.0,ORTA_TICARETHANE,35-09-K03322,CIGLI,35,0,0,YENI MAHALLE,0,0,2,0,0.0,11.495000000000001,0,0,0.0,0,0.0,2,20294.246,0,0.0,27.051704,38.49754321
23938.54,0,7806182,0,0.0,ORTA_TICARETHANE,35-09-K02733,CIGLI,35,0,0,ATASEHIR,0,0,2,0,0.0,5.0,0,0,0.0,0,0.0,2,23938.54,0,0.0,27.06778792,38.48711939
14468.95,0,7806221,0,0.0,ORTA_TICARETHANE,35-09-K02499,CIGLI,35,0,0,AYDINLIKEVLER,0,0,1,0,0.0,10.2,0,0,0.0,0,0.0,1,14468.95,0,0.0,27.07876562,38.48922218
22959.7,0,7806325,0,0.0,ORTA_TICARETHANE,35-09-M01401,CIGLI,35,0,0,SASALLI MERKEZ,0,0,1,0,0.0,33.18,0,0,0.0,0,0.0,1,22959.7,0,0.0,26.95263409,38.50740604
6108.422,0,7806546,0,0.0,KUCUK_TICARETHANE,35-09-M01951,CIGLI,35,0,0,SIRINTEPE,0,0,4,1,4008.109,5.0,0,0,0.0,0,0.0,3,2100.313,0,0.0,27.07063325,38.49190722
4012.052,0,7806702,0,0.0,KUCUK_TICARETHANE,35-09-K01480,CIGLI,35,0,0,YAKAKENT,0,0,3,2,3848.764,5.0,0,0,0.0,0,0.0,1,163.288,0,0.0,27.07101782,38.50151823
145.823,0,7807131,0,0.0,KUCUK_TICARETHANE,35-09-K03323,CIGLI,35,0,0,GUZELTEPE,0,0,1,0,0.0,5.0,0,0,0.0,0,0.0,1,145.823,0,0.0,27.07555437,38.50040623
9709.77,0,7807417,0,0.0,KUCUK_TICARETHANE,35-09-M02552,CIGLI,35,0,0,SIRINTEPE,0,0,6,4,9608.834,6.75,0,0,0.0,0,0.0,2,100.936,0,0.0,27.07132836,38.49324017
88900.936,0,7807664,0,0.0,ORTA_TICARETHANE,35-09-M02548,CIGLI,35,0,0,KUCUK CIGLI,0,0,27,0,0.0,7.41,0,0,0.0,0,0.0,27,88900.936,0,0.0,27.04575591,38.50082797
93567.582,0,7807833,0,0.0,ORTA_TICARETHANE,,CIGLI,35,0,0,KUCUK CIGLI,0,0,7,2,3388.414,10.575714285714286,0,0,0.0,0,0.0,5,90179.168,0,0.0,27.0611228,38.49715944
7474.543000000001,0,7808028,0,0.0,KUCUK_TICARETHANE,35-09-M02439,CIGLI,35,0,0,KUCUK CIGLI,0,0,4,2,4277.328,5.8375,0,0,0.0,0,0.0,2,3197.215,0,0.0,27.04942715,38.50496474
14732.632,0,7808041,0,0.0,ORTA_TICARETHANE,35-09-M02548,CIGLI,35,0,0,KUCUK CIGLI,0,0,2,0,0.0,48.120000000000005,0,0,0.0,0,0.0,2,14732.632,0,0.0,27.04444919,38.50089586
10916.36,0,7808184,0,0.0,ORTA_TICARETHANE,35-09-M03520,CIGLI,35,0,0,ATASEHIR,0,0,1,0,0.0,5.0,0,0,0.0,0,0.0,1,10916.36,0,0.0,27.06220737,38.49328017
364618.33999999997,0,7808210,0,0.0,ORTA_TICARETHANE,35-09-M02548,CIGLI,35,0,0,KUCUK CIGLI,0,0,2,0,0.0,84.844,0,0,0.0,0,0.0,2,364618.33999999997,0,0.0,27.04486489,38.4998595
2179.677,0,7808223,0,0.0,KUCUK_TICARETHANE,35-09-M02465,CIGLI,35,0,0,KUCUK CIGLI,0,0,1,0,0.0,8.84,0,0,0.0,0,0.0,1,2179.677,0,0.0,27.04844577,38.50319953
18714.008,0,7808574,0,0.0,ORTA_TICARETHANE,35-09-M00257,CIGLI,35,0,0,SASALLI MERKEZ,0,0,2,1,1306.738,11.98,0,0,0.0,0,0.0,1,17407.27,0,0.0,26.94463303,38.49188399
28646.264000000003,0,7808691,0,0.0,ORTA_TICARETHANE,35-09-K01874,CIGLI,35,0,0,GUZELTEPE,0,0,4,2,7542.231,5.8,0,0,0.0,0,0.0,2,21104.033,0,0.0,27.07711876,38.50135502
9612.408,0,7808938,0,0.0,KUCUK_TICARETHANE,35-09-K03705,CIGLI,35,0,0,MALTEPE,0,0,3,1,5298.75,6.116666666666667,0,0,0.0,0,0.0,2,4313.658,0,0.0,27.07563616,38.4913733
2615.83,0,7808977,0,0.0,KUCUK_TICARETHANE,35-09-K01870,CIGLI,35,0,0,KOYICI,0,0,2,0,0.0,6.675,0,0,0.0,0,0.0,2,2615.83,0,0.0,27.06604467,38.49502718
483.852,0,7809445,0,0.0,KUCUK_TICARETHANE,35-09-K01871,CIGLI,35,0,0,SIRINTEPE,0,0,1,0,0.0,5.0,0,0,0.0,0,0.0,1,483.852,0,0.0,27.06820016,38.49721341
2584.891,0,7809926,0,0.0,KUCUK_TICARETHANE,35-09-M01985,CIGLI,35,0,0,EVKA - 2,0,0,1,0,0.0,8.35,0,0,0.0,0,0.0,1,2584.891,0,0.0,27.08738074,38.49936251
15247.84,0,7810056,0,0.0,ORTA_TICARETHANE,35-09-M02552,CIGLI,35,0,0,SIRINTEPE,0,0,2,1,4283.31,9.6,0,0,0.0,0,0.0,1,10964.53,0,0.0,27.07021288,38.49159324
5201.279,0,7810251,0,0.0,KUCUK_TICARETHANE,35-09-M01975,CIGLI,35,0,0,GUZELTEPE,0,0,2,1,4087.509,5.0,0,0,0.0,0,0.0,1,1113.77,0,0.0,27.07997915,38.5037564
8778.224,0,7810810,0,0.0,KUCUK_TICARETHANE,35-09-M03034,CIGLI,35,0,0,IZKENT,0,0,1,0,0.0,8.96,0,0,0.0,0,0.0,1,8778.224,0,0.0,27.06487398,38.50853553
14139.291,0,7811044,0,0.0,KUCUK_TICARETHANE,35-09-K01870,CIGLI,35,0,0,KOYICI,0,0,11,2,8041.208999999999,5.0,0,0,0.0,0,0.0,9,6098.082,0,0.0,27.06418391,38.49562451
125906.0,0,7811421,0,0.0,ORTA_TICARETHANE,35-09-M01608,CIGLI,35,0,0,AYDINLIKEVLER,0,0,1,0,0.0,150.0,0,0,0.0,0,0.0,1,125906.0,0,0.0,27.07750979,38.48857992
111646.6,0,7811485,0,0.0,ORTA_TICARETHANE,35-09-M02551,CIGLI,35,0,0,KOYICI,0,0,1,0,0.0,48.23,0,0,0.0,0,0.0,1,111646.6,0,0.0,27.06273,38.4945867
9680.63,0,7811615,0,0.0,KUCUK_TICARETHANE,35-09-K01864,CIGLI,35,0,0,KUCUK CIGLI,0,0,1,0,0.0,12.13,0,0,0.0,0,0.0,1,9680.63,0,0.0,27.05857734,38.49721671
15857.08,0,7812005,0,0.0,ORTA_TICARETHANE,35-09-K02764,CIGLI,35,0,0,EVKA-5,0,0,1,0,0.0,25.6,0,0,0.0,0,0.0,1,15857.08,0,0.0,27.05664311,38.51820966
9996.734,0,7812070,0,0.0,KUCUK_TICARETHANE,35-09-K04314,CIGLI,35,0,0,KUCUK CIGLI,0,0,5,3,6145.54,5.0,0,0,0.0,0,0.0,2,3851.194,0,0.0,27.05451564,38.49968189
23123.157,0,7812330,0,0.0,ORTA_TICARETHANE,35-09-M02551,CIGLI,35,0,0,KOYICI,0,0,5,0,0.0,5.0,0,0,0.0,0,0.0,5,23123.157,0,0.0,27.06341231,38.49312767
11249.224,0,7812512,0,0.0,KUCUK_TICARETHANE,35-09-K04681,CIGLI,35,0,0,MALTEPE,0,0,6,4,5276.5960000000005,5.633333333333333,0,0,0.0,0,0.0,2,5972.628,0,0.0,27.072383,38.49174328
34292.322,0,7812616,0,0.0,ORTA_TICARETHANE,35-09-K01875,CIGLI,35,0,0,SIRINTEPE,0,0,4,2,7566.536,9.3,0,0,0.0,0,0.0,2,26725.786,0,0.0,27.06540658,38.49296729
19111.764,0,7813187,0,0.0,ORTA_TICARETHANE,35-09-M02548,CIGLI,35,0,0,KUCUK CIGLI,0,0,2,0,0.0,14.245000000000001,0,0,0.0,0,0.0,2,19111.764,0,0.0,27.04406924,38.50027897
30930.12,0,7813538,0,0.0,ORTA_TICARETHANE,35-09-K01464,CIGLI,35,0,0,KUCUK CIGLI,0,0,1,0,0.0,45.42,0,0,0.0,0,0.0,1,30930.12,0,0.0,27.05613378,38.49929899
42316.4,0,7814045,0,0.0,ORTA_TICARETHANE,35-09-M00451Ã–,CIGLI,35,0,0,SASALLI MERKEZ,0,0,1,0,0.0,34.262,0,0,0.0,0,0.0,1,42316.4,0,0.0,26.94226804,38.50018047
1110.621,0,7814487,0,0.0,KUCUK_TICARETHANE,35-09-M00447,CIGLI,35,0,0,SASALLI MERKEZ,0,0,1,0,0.0,5.0,0,0,0.0,0,0.0,1,1110.621,0,0.0,26.9520222,38.4980427
17937.54,0,7814708,0,0.0,ORTA_TICARETHANE,35-09-K04681,CIGLI,35,0,0,MALTEPE,0,0,1,0,0.0,5.0,0,0,0.0,0,0.0,1,17937.54,0,0.0,27.07275353,38.4917733
21105.566,0,7814799,0,0.0,ORTA_TICARETHANE,35-09-K01954,CIGLI,35,0,0,AHMET TANER KISLALI,0,0,2,1,2124.516,11.035,0,0,0.0,0,0.0,1,18981.05,0,0.0,27.08477579,38.49533006
3326.6090000000004,0,7815033,0,0.0,KUCUK_TICARETHANE,35-09-K03216,CIGLI,35,0,0,GUZELTEPE,0,0,3,2,3235.1000000000004,6.546666666666667,0,0,0.0,0,0.0,1,91.509,0,0.0,27.07751784,38.49992049
28359.269999999997,0,7815046,0,0.0,ORTA_TICARETHANE,,CIGLI,35,0,0,KOYICI,0,0,9,5,12334.533,5.7444444444444445,0,0,0.0,0,0.0,4,16024.737,0,0.0,27.06196581,38.49704269
12403.29,0,7815072,0,0.0,ORTA_TICARETHANE,35-09-K04681,CIGLI,35,0,0,MALTEPE,0,0,1,0,0.0,5.0,0,0,0.0,0,0.0,1,12403.29,0,0.0,27.07368039,38.49127196
5508.563,0,7815449,0,0.0,KUCUK_TICARETHANE,35-09-K03322,CIGLI,35,0,0,YENI MAHALLE,0,0,3,2,5497.853,9.76,0,0,0.0,0,0.0,1,10.71,0,0.0,27.0511074,38.49695331
18637.351,0,7815787,0,0.0,KUCUK_TICARETHANE,35-09-K04282,CIGLI,35,0,0,KUCUK CIGLI,0,0,2,1,14043.13,6.32,0,0,0.0,0,0.0,1,4594.221,0,0.0,27.05710588,38.49824274
6029.187,0,7816541,0,0.0,ORTA_TICARETHANE,35-09-K01867,CIGLI,35,0,0,KUCUK CIGLI,0,0,1,0,0.0,49.6,0,0,0.0,0,0.0,1,6029.187,0,0.0,27.05156257,38.5046612
12338.332,0,7817971,0,0.0,ORTA_TICARETHANE,35-09-M02551,CIGLI,35,0,0,KOYICI,0,0,3,0,0.0,5.0,0,0,0.0,0,0.0,3,12338.332,0,0.0,27.06268413,38.49377401
38735.564,0,7818075,0,0.0,ORTA_TICARETHANE,35-09-M00255,CIGLI,35,0,0,KAKLIC,0,0,4,2,9693.847,7.654999999999999,0,0,0.0,0,0.0,2,29041.717,0,0.0,26.98809629,38.50649164
5335.416,0,7818231,0,0.0,KUCUK_TICARETHANE,35-09-K03313,CIGLI,35,0,0,YENI MAHALLE,0,0,3,2,5225.9400000000005,5.0,0,0,0.0,0,0.0,1,109.476,0,0.0,27.0533295,38.49501608
695.829,0,7818426,0,0.0,KUCUK_TICARETHANE,35-09-K01874,CIGLI,35,0,0,GUZELTEPE,0,0,1,0,0.0,5.34,0,0,0.0,0,0.0,1,695.829,0,0.0,27.07666315,38.50224311
6972.875,0,7818764,0,0.0,KUCUK_TICARETHANE,35-09-K03323,CIGLI,35,0,0,GUZELTEPE,0,0,3,2,3994.5950000000003,7.8133333333333335,0,0,0.0,0,0.0,1,2978.28,0,0.0,27.0760496,38.49972767
477113.97799000004,0,7818816,0,0.0,ORTA_TICARETHANE,35-09-K01938,CIGLI,35,0,0,EGEKENT,0,0,30,1,8554.066,7.933999999999999,0,0,0.0,0,0.0,29,468559.91199000005,0,0.0,27.06195465,38.50358967
32323.050000000003,0,7819349,0,0.0,ORTA_TICARETHANE,35-09-M02551,CIGLI,35,0,0,KOYICI,0,0,2,0,0.0,5.67,0,0,0.0,0,0.0,2,32323.050000000003,0,0.0,27.06275386,38.49429811
25530.71,0,7819505,0,0.0,ORTA_TICARETHANE,35-09-K01480,CIGLI,35,0,0,KOYICI,0,0,2,1,3385.59,10.004999999999999,0,0,0.0,0,0.0,1,22145.12,0,0.0,27.06923297,38.49989118
57923.94,0,7819570,0,0.0,ORTA_TICARETHANE,35-09-M03520,CIGLI,35,0,0,ATASEHIR,0,0,1,0,0.0,8.58,0,0,0.0,0,0.0,1,57923.94,0,0.0,27.06087404,38.49371553
6724.312,0,7820376,0,0.0,KUCUK_TICARETHANE,35-09-M02549,CIGLI,35,0,0,KUCUK CIGLI,0,0,4,0,0.0,5.1875,0,0,0.0,0,0.0,4,6724.312,0,0.0,27.0454283,38.50233463
7252.589,0,7820584,0,0.0,KUCUK_TICARETHANE,35-09-K03321,CIGLI,35,0,0,KUCUK CIGLI,0,0,3,2,6124.773,5.0,0,0,0.0,0,0.0,1,1127.816,0,0.0,27.0563024,38.50191291
1295.303,0,7820610,0,0.0,KUCUK_TICARETHANE,35-09-M01608,CIGLI,35,0,0,AYDINLIKEVLER,0,0,1,0,0.0,5.0,0,0,0.0,0,0.0,1,1295.303,0,0.0,27.07882457,38.48793029
99404.52900000001,0,7820805,0,0.0,ORTA_TICARETHANE,35-09-M03090,CIGLI,35,0,0,YENI MAHALLE,0,0,3,2,8519.729,7.743333333333333,0,0,0.0,0,0.0,1,90884.8,0,0.0,27.05289223,38.49914425
28790.61,0,7820922,0,0.0,ORTA_TICARETHANE,35-09-M02547,CIGLI,35,0,0,KUCUK CIGLI,0,0,6,0,0.0,6.7749999999999995,0,0,0.0,0,0.0,6,28790.61,0,0.0,27.04658211,38.49966963
12095.994999999999,0,7821195,0,0.0,KUCUK_TICARETHANE,35-09-K04009,CIGLI,35,0,0,ATASEHIR,0,0,6,4,9800.183,6.203333333333333,0,0,0.0,0,0.0,2,2295.812,0,0.0,27.06858023,38.48723792
28469.178,0,7821598,0,0.0,ORTA_TICARETHANE,35-09-M01985,CIGLI,35,0,0,AHMET TANER KISLALI,0,0,2,0,0.0,18.02,0,0,0.0,0,0.0,2,28469.178,0,0.0,27.0893819,38.49616473
3258.376,0,7821663,0,0.0,KUCUK_TICARETHANE,35-09-K04314,CIGLI,35,0,0,KUCUK CIGLI,0,0,2,1,2902.98,10.004999999999999,0,0,0.0,0,0.0,1,355.396,0,0.0,27.05368037,38.49922757
7302.5,0,7821703,0,0.0,KUCUK_TICARETHANE,35-09-M00347,CIGLI,35,0,0,SASALLI MERKEZ,0,0,5,2,3460.973,7.8,0,0,0.0,0,0.0,3,3841.527,0,0.0,26.94682139,38.4928136
4804.969,0,7821872,0,0.0,KUCUK_TICARETHANE,35-09-K01480,CIGLI,35,0,0,GUZELTEPE,0,0,3,2,4802.6810000000005,6.533333333333334,0,0,0.0,0,0.0,1,2.288,0,0.0,27.07290884,38.50103217
55230.179,0,7822744,0,0.0,ORTA_TICARETHANE,35-09-M00254,CIGLI,35,0,0,KAKLIC,0,0,3,0,0.0,13.933333333333332,0,0,0.0,0,0.0,3,55230.179,0,0.0,26.98864513,38.50456128
10713.694,0,7822978,0,0.0,ORTA_TICARETHANE,35-09-M02465,CIGLI,35,0,0,KUCUK CIGLI,0,0,7,0,0.0,6.438571428571429,0,0,0.0,0,0.0,7,10713.694,0,0.0,27.04813697,38.5033437
3585.4770000000003,0,7824031,0,0.0,KUCUK_TICARETHANE,35-09-K03323,CIGLI,35,0,0,GUZELTEPE,0,0,2,1,1150.226,6.675,0,0,0.0,0,0.0,1,2435.251,0,0.0,27.07376728,38.49962892
16394.988999999998,0,7824122,0,0.0,KUCUK_TICARETHANE,35-09-K01871,CIGLI,35,0,0,SIRINTEPE,0,0,6,3,9454.449,8.596666666666666,0,0,0.0,0,0.0,3,6940.539999999999,0,0.0,27.06738193,38.49691467
7865.612,0,7825980,0,0.0,KUCUK_TICARETHANE,35-09-M01985,CIGLI,35,0,0,EVKA - 2,0,0,1,0,0.0,5.0,0,0,0.0,0,0.0,1,7865.612,0,0.0,27.08749305,38.49911432
75661.34,0,7825993,0,0.0,ORTA_TICARETHANE,35-09-K01864,CIGLI,35,0,0,YENI MAHALLE,0,0,3,0,0.0,22.556,0,0,0.0,0,0.0,3,75661.34,0,0.0,27.05859157,38.4972705
8229.849,0,7826305,0,0.0,KUCUK_TICARETHANE,35-09-K01878,CIGLI,35,0,0,YENI MAHALLE,0,0,4,2,5013.445,5.0,0,0,0.0,0,0.0,2,3216.404,0,0.0,27.05675552,38.49332831
24422.988,0,7827110,0,0.0,ORTA_TICARETHANE,35-09-K04314,CIGLI,35,0,0,KUCUK CIGLI,0,0,5,3,9187.566,5.67,0,0,0.0,0,0.0,2,15235.421999999999,0,0.0,27.05463854,38.49986827
46616.961,0,7827331,0,0.0,ORTA_TICARETHANE,35-09-M00400,CIGLI,35,0,0,BALATCIK,0,0,13,8,31817.097999999998,9.295384615384616,0,0,0.0,0,0.0,5,14799.863,0,0.0,27.03847498,38.51848555
1300.734,0,7827409,0,0.0,KUCUK_TICARETHANE,35-09-M00888,CIGLI,35,0,0,BALATCIK,0,0,1,0,0.0,10.24,0,0,0.0,0,0.0,1,1300.734,0,0.0,27.04465226,38.51342828
39391.532,0,7827695,0,0.0,ORTA_TICARETHANE,35-09-K01870,CIGLI,35,0,0,KOYICI,0,0,7,1,3416.687,8.429142857142859,0,0,0.0,0,0.0,6,35974.845,0,0.0,27.06393631,38.49568265
387552.87200000003,0,7827955,0,0.0,ORTA_TICARETHANE,35-09-M03034,CIGLI,35,0,0,IZKENT,0,0,14,0,0.0,23.795714285714286,0,0,0.0,0,0.0,14,387552.87200000003,0,0.0,27.06435482,38.5089279
101392.148,0,7828267,0,0.0,ORTA_TICARETHANE,35-09-M03090,CIGLI,35,0,0,YENI MAHALLE,0,0,13,9,15110.919,9.336923076923076,0,0,0.0,0,0.0,4,86281.22899999999,0,0.0,27.05047492,38.4988116
3041.726,0,7828449,0,0.0,KUCUK_TICARETHANE,35-09-M00540,CIGLI,35,0,0,SASALLI MERKEZ,0,0,1,0,0.0,8.35,0,0,0.0,0,0.0,1,3041.726,0,0.0,26.94415443,38.49626718
20246.327999999998,0,7829710,0,0.0,ORTA_TICARETHANE,35-09-K04597,CIGLI,35,0,0,KUCUK CIGLI,0,0,4,1,5363.643,5.0,0,0,0.0,0,0.0,3,14882.684999999998,0,0.0,27.0518533,38.50327707
4010.2110000000002,0,7830477,0,0.0,KUCUK_TICARETHANE,35-09-K01871,CIGLI,35,0,0,KOYICI,0,0,2,1,3673.329,6.91,0,0,0.0,0,0.0,1,336.882,0,0.0,27.06731234,38.49660833
51442.28,0,7830711,0,0.0,ORTA_TICARETHANE,35-09-M00255,CIGLI,35,0,0,KAKLIC,0,0,2,0,0.0,39.898,0,0,0.0,0,0.0,2,51442.28,0,0.0,26.9870885,38.50739935
4353.208,0,7831438,0,0.0,KUCUK_TICARETHANE,35-09-M02465,CIGLI,35,0,0,KUCUK CIGLI,0,0,1,0,0.0,8.92,0,0,0.0,0,0.0,1,4353.208,0,0.0,27.04812707,38.50339423
1316.374,0,7831555,0,0.0,KUCUK_TICARETHANE,35-09-K02899,CIGLI,35,0,0,ATASEHIR,0,0,2,1,1296.054,7.5,0,0,0.0,0,0.0,1,20.32,0,0.0,27.06432905,38.48538504
37636.989,0,7831633,0,0.0,ORTA_TICARETHANE,35-09-M00396,CIGLI,35,0,0,BALATCIK,0,0,3,2,4102.019,6.566666666666666,0,0,0.0,0,0.0,1,33534.97,0,0.0,27.03817876,38.50952057
112403.2,0,7832829,0,0.0,ORTA_TICARETHANE,35-09-M00888,CIGLI,35,0,0,BALATCIK,0,0,1,0,0.0,29.87,0,0,0.0,0,0.0,1,112403.2,0,0.0,27.04377806,38.51320129
55407.55100000001,0,7833895,0,0.0,ORTA_TICARETHANE,35-09-K03314,CIGLI,35,0,0,ATASEHIR,0,0,2,0,0.0,41.91,0,0,0.0,0,0.0,2,55407.55100000001,0,0.0,27.05284022,38.49103642
2001.438,0,7833921,0,0.0,KUCUK_TICARETHANE,35-09-M00999,CIGLI,35,0,0,BALATCIK,0,0,1,0,0.0,5.0,0,0,0.0,0,0.0,1,2001.438,0,0.0,27.04041586,38.51035692
63317.16,0,7834012,0,0.0,ORTA_TICARETHANE,35-09-K04221,CIGLI,35,0,0,ATASEHIR,0,0,6,1,35.551,6.780666666666666,0,0,0.0,0,0.0,5,63281.609000000004,0,0.0,27.06629572,38.491413
34091.28,0,7834545,0,0.0,ORTA_TICARETHANE,35-09-M00437Ã–,CIGLI,35,0,0,SASALLI MERKEZ,0,0,1,0,0.0,250.0,0,0,0.0,0,0.0,1,34091.28,0,0.0,26.94797123,38.49896644
6466.519,0,7834922,0,0.0,KUCUK_TICARETHANE,,CIGLI,35,0,0,KOYICI,0,0,1,0,0.0,5.0,0,0,0.0,0,0.0,1,6466.519,0,0.0,27.06346011,38.49498462
2858.355,0,7835845,0,0.0,KUCUK_TICARETHANE,35-09-M00845,CIGLI,35,0,0,UGUR MUMCU,0,0,1,0,0.0,6.36,0,0,0.0,0,0.0,1,2858.355,0,0.0,27.04602817,38.5235524
3012.465,0,7836872,0,0.0,KUCUK_TICARETHANE,35-09-M00400,CIGLI,35,0,0,BALATCIK,0,0,3,2,3012.3720000000003,7.706666666666667,0,0,0.0,0,0.0,1,0.093,0,0.0,27.03779612,38.51833201
10663.857,0,7836911,0,0.0,KUCUK_TICARETHANE,35-09-M00400,CIGLI,35,0,0,BALATCIK,0,0,3,2,3510.964,11.4,0,0,0.0,0,0.0,1,7152.893,0,0.0,27.03776404,38.51840126
7641.169,0,7837015,0,0.0,KUCUK_TICARETHANE,35-09-K01866,CIGLI,35,0,0,KUCUK CIGLI,0,0,3,2,7610.999,6.116666666666667,0,0,0.0,0,0.0,1,30.17,0,0.0,27.05421093,38.5034581
3791.9310000000005,0,7837236,0,0.0,KUCUK_TICARETHANE,35-09-M00447,CIGLI,35,0,0,SASALLI MERKEZ,0,0,3,2,3235.8720000000003,7.84,0,0,0.0,0,0.0,1,556.059,0,0.0,26.9505516,38.49547528
3749.614,0,7837912,0,0.0,ORTA_TICARETHANE,35-09-K03320,CIGLI,35,0,0,AYDINLIKEVLER,0,0,1,0,0.0,17.91,0,0,0.0,0,0.0,1,3749.614,0,0.0,27.07899973,38.48996146
2740.429,0,7838198,0,0.0,KUCUK_TICARETHANE,35-09-K01871,CIGLI,35,0,0,SIRINTEPE,0,0,1,0,0.0,5.0,0,0,0.0,0,0.0,1,2740.429,0,0.0,27.06828589,38.49768867
13887.557,0,7838757,0,0.0,KUCUK_TICARETHANE,35-09-M02083,CIGLI,35,0,0,ATASEHIR,0,0,3,2,7742.4130000000005,6.1113333333333335,0,0,0.0,0,0.0,1,6145.144,0,0.0,27.06489281,38.48941794
74192.41,0,7841071,0,0.0,ORTA_TICARETHANE,35-09-K04221,CIGLI,35,0,0,KOYICI,0,0,1,0,0.0,41.92,0,0,0.0,0,0.0,1,74192.41,0,0.0,27.06516979,38.49238043
335.377,0,7841097,0,0.0,KUCUK_TICARETHANE,35-09-K01874,CIGLI,35,0,0,YAKAKENT,0,0,1,0,0.0,5.0,0,0,0.0,0,0.0,1,335.377,0,0.0,27.07475997,38.50177978
10019.907,0,7841162,0,0.0,KUCUK_TICARETHANE,35-09-M00911,CIGLI,35,0,0,SASALLI MERKEZ,0,0,5,3,9559.721,6.593999999999999,0,0,0.0,0,0.0,2,460.18600000000004,0,0.0,26.95324255,38.49341216
6879.465,0,7841383,0,0.0,KUCUK_TICARETHANE,35-09-K01866,CIGLI,35,0,0,KUCUK CIGLI,0,0,2,1,3097.741,5.0,0,0,0.0,0,0.0,1,3781.724,0,0.0,27.05384447,38.50081935
18123.95,0,7842123,0,0.0,ORTA_TICARETHANE,35-09-M02549,CIGLI,35,0,0,KUCUK CIGLI,0,0,3,2,6492.09,10.068,0,0,0.0,0,0.0,1,11631.86,0,0.0,27.04471048,38.50290312
11049.73,0,7842214,0,0.0,ORTA_TICARETHANE,35-09-M03520,CIGLI,35,0,0,ATASEHIR,0,0,1,0,0.0,5.0,0,0,0.0,0,0.0,1,11049.73,0,0.0,27.06315832,38.4927572
2086.458,0,7842539,0,0.0,KUCUK_TICARETHANE,35-09-M01950,CIGLI,35,0,0,MALTEPE,0,0,3,2,1305.5990000000002,6.116666666666667,0,0,0.0,0,0.0,1,780.859,0,0.0,27.07498511,38.48803472
197104.0,0,7842565,0,0.0,ORTA_TICARETHANE,35-09-M01981,CIGLI,35,0,0,MALTEPE,0,0,1,0,0.0,1000.0,0,0,0.0,0,0.0,1,197104.0,0,0.0,27.07716015,38.49352392
35323.482,0,7843566,0,0.0,ORTA_TICARETHANE,35-09-K03313,CIGLI,35,0,0,YENI MAHALLE,0,0,5,2,10988.11,7.01,0,0,0.0,0,0.0,3,24335.372,0,0.0,27.05350448,38.49344609
4875.709,0,7844203,0,0.0,KUCUK_TICARETHANE,35-09-M00255,CIGLI,35,0,0,KAKLIC,0,0,2,1,2739.598,10.004999999999999,0,0,0.0,0,0.0,1,2136.111,0,0.0,26.98781712,38.50724438
29062.74,0,7844307,0,0.0,ORTA_TICARETHANE,35-09-M01974,CIGLI,35,0,0,EVKA - 2,0,0,1,0,0.0,8.334,0,0,0.0,0,0.0,1,29062.74,0,0.0,27.08229847,38.49979264
3500.809,0,7844827,0,0.0,KUCUK_TICARETHANE,35-09-M00403,CIGLI,35,0,0,BALATCIK,0,0,1,0,0.0,5.0,0,0,0.0,0,0.0,1,3500.809,0,0.0,27.04686679,38.51557739
12697.65,0,7844867,0,0.0,ORTA_TICARETHANE,35-09-M00347,CIGLI,35,0,0,SASALLI MERKEZ,0,0,1,0,0.0,8.35,0,0,0.0,0,0.0,1,12697.65,0,0.0,26.94493965,38.49055034
9397.043,0,7844880,0,0.0,ORTA_TICARETHANE,35-09-M00347,CIGLI,35,0,0,SASALLI MERKEZ,0,0,1,0,0.0,16.0,0,0,0.0,0,0.0,1,9397.043,0,0.0,26.94488422,38.49169306
9762.21,0,7845205,0,0.0,KUCUK_TICARETHANE,35-09-M02781,CIGLI,35,0,0,UGUR MUMCU,0,0,5,3,4137.765,5.0,0,0,0.0,0,0.0,2,5624.445,0,0.0,27.0459233,38.52572142
3133.876,0,7845556,0,0.0,KUCUK_TICARETHANE,35-09-M00347,CIGLI,35,0,0,SASALLI MERKEZ,0,0,1,0,0.0,12.08,0,0,0.0,0,0.0,1,3133.876,0,0.0,26.9447728,38.4913206
5547.509,0,7846570,0,0.0,KUCUK_TICARETHANE,35-09-M02083,CIGLI,35,0,0,ATASEHIR,0,0,2,0,0.0,6.675,0,0,0.0,0,0.0,2,5547.509,0,0.0,27.06547854,38.48913126
398.44399999999996,0,7846713,0,0.0,KUCUK_TICARETHANE,35-09-M00257,CIGLI,35,0,0,SASALLI MERKEZ,0,0,2,1,186.444,10.32,0,0,0.0,0,0.0,1,212.0,0,0.0,26.95239483,38.49383646
4125.2080000000005,0,7847637,0,0.0,KUCUK_TICARETHANE,35-09-M02551,CIGLI,35,0,0,KOYICI,0,0,2,0,0.0,5.0,0,0,0.0,0,0.0,2,4125.2080000000005,0,0.0,27.06379289,38.49527749
4538.647000000001,0,7848456,0,0.0,KUCUK_TICARETHANE,35-09-K04314,CIGLI,35,0,0,KUCUK CIGLI,0,0,2,1,2061.82,5.0,0,0,0.0,0,0.0,1,2476.827,0,0.0,27.05433744,38.49953988
16682.9,0,7848482,0,0.0,ORTA_TICARETHANE,35-09-M01951,CIGLI,35,0,0,MALTEPE,0,0,1,0,0.0,34.58,0,0,0.0,0,0.0,1,16682.9,0,0.0,27.07028628,38.49109114
43.968,0,7848859,0,0.0,KUCUK_TICARETHANE,35-09-M00403,CIGLI,35,0,0,BALATCIK,0,0,1,0,0.0,5.0,0,0,0.0,0,0.0,1,43.968,0,0.0,27.04561384,38.51253133
16021.987,0,7849496,0,0.0,KUCUK_TICARETHANE,35-09-M00257,CIGLI,35,0,0,SASALLI MERKEZ,0,0,6,3,7868.558,5.558333333333334,0,0,0.0,0,0.0,3,8153.429,0,0.0,26.95178549,38.4950733
33098.068,0,7849730,0,0.0,ORTA_TICARETHANE,35-09-K01866,CIGLI,35,0,0,KUCUK CIGLI,0,0,10,5,9468.563,6.403999999999999,0,0,0.0,0,0.0,5,23629.505,0,0.0,27.05505113,38.50049063
3929.052,0,7849821,0,0.0,KUCUK_TICARETHANE,35-09-M00257,CIGLI,35,0,0,SASALLI MERKEZ,0,0,1,0,0.0,8.35,0,0,0.0,0,0.0,1,3929.052,0,0.0,26.95126773,38.49418485
49653.659,0,7849860,0,0.0,ORTA_TICARETHANE,35-09-M02551,CIGLI,35,0,0,KOYICI,0,0,3,0,0.0,7.7,0,0,0.0,0,0.0,3,49653.659,0,0.0,27.06300246,38.49357568
677.03,0,7850016,0,0.0,KUCUK_TICARETHANE,35-09-K03317,CIGLI,35,0,0,MALTEPE,0,0,1,0,0.0,5.0,0,0,0.0,0,0.0,1,677.03,0,0.0,27.07470529,38.49197063
12346.099,0,7850081,0,0.0,KUCUK_TICARETHANE,35-09-K04124,CIGLI,35,0,0,AYDINLIKEVLER,0,0,3,2,4542.823,7.523333333333333,0,0,0.0,0,0.0,1,7803.276,0,0.0,27.08066417,38.49194181
4843.996,0,7850224,0,0.0,KUCUK_TICARETHANE,35-09-M00999,CIGLI,35,0,0,BALATCIK,0,0,2,1,10.515,5.0,0,0,0.0,0,0.0,1,4833.481,0,0.0,27.04047299,38.51010491
117806.681,0,7850588,0,0.0,ORTA_TICARETHANE,35-09-K01859,CIGLI,35,0,0,KUCUK CIGLI,0,0,26,1,1241.341,6.01,0,0,0.0,0,0.0,25,116565.34,0,0.0,27.04807556,38.50017012
39.894,0,7850627,0,0.0,KUCUK_TICARETHANE,35-09-M00254,CIGLI,35,0,0,KAKLIC,0,0,1,0,0.0,5.0,0,0,0.0,0,0.0,1,39.894,0,0.0,26.98972016,38.50452581
2093.065,0,7850991,0,0.0,KUCUK_TICARETHANE,35-09-K04123,CIGLI,35,0,0,SIRINTEPE,0,0,1,0,0.0,5.0,0,0,0.0,0,0.0,1,2093.065,0,0.0,27.07145118,38.49475701
604.466,0,7851784,0,0.0,KUCUK_TICARETHANE,35-09-K01870,CIGLI,35,0,0,KOYICI,0,0,2,0,0.0,5.0,0,0,0.0,0,0.0,2,604.466,0,0.0,27.06458382,38.49583172
44580.226,0,7852044,0,0.0,ORTA_TICARETHANE,35-09-K04307,CIGLI,35,0,0,KOYICI,0,0,8,5,8498.512999999999,6.1825,0,0,0.0,0,0.0,3,36081.713,0,0.0,27.06341324,38.49876252
13552.083,0,7852850,0,0.0,ORTA_TICARETHANE,35-09-M00257,CIGLI,35,0,0,SASALLI MERKEZ,0,0,2,1,1273.063,5.0,0,0,0.0,0,0.0,1,12279.02,0,0.0,26.95189324,38.49407605
7722.551,0,7853019,0,0.0,KUCUK_TICARETHANE,35-09-K01874,CIGLI,35,0,0,YAKAKENT,0,0,3,2,6311.0160000000005,5.416666666666667,0,0,0.0,0,0.0,1,1411.535,0,0.0,27.07457347,38.50213043
16049.81,0,7853058,0,0.0,ORTA_TICARETHANE,35-09-M01950,CIGLI,35,0,0,MALTEPE,0,0,1,0,0.0,35.0,0,0,0.0,0,0.0,1,16049.81,0,0.0,27.07349014,38.48885665
215.169,0,7853110,0,0.0,KUCUK_TICARETHANE,35-09-K04307,CIGLI,35,0,0,KOYICI,0,0,1,0,0.0,5.0,0,0,0.0,0,0.0,1,215.169,0,0.0,27.06527372,38.49813893
3648.339,0,7853617,0,0.0,KUCUK_TICARETHANE,35-09-M01932,CIGLI,35,0,0,BALATCIK,0,0,3,2,3646.3469999999998,5.0,0,0,0.0,0,0.0,1,1.992,0,0.0,27.04121382,38.50989185
1928.112,0,7853760,0,0.0,KUCUK_TICARETHANE,35-09-K01480,CIGLI,35,0,0,YAKAKENT,0,0,1,0,0.0,5.0,0,0,0.0,0,0.0,1,1928.112,0,0.0,27.0709117,38.50050836
1639.289,0,7853916,0,0.0,KUCUK_TICARETHANE,35-09-M02673Ã–,CIGLI,35,0,0,KAKLIC,0,0,2,0,0.0,15.0,0,0,0.0,0,0.0,2,1639.289,0,0.0,26.98707916,38.49545811
2914.9880000000003,0,7854371,0,0.0,KUCUK_TICARETHANE,35-09-K01870,CIGLI,35,0,0,KOYICI,0,0,2,1,1790.066,5.0,0,0,0.0,0,0.0,1,1124.922,0,0.0,27.0652266,38.49604238
1635.279,0,7854696,0,0.0,KUCUK_TICARETHANE,35-09-K01866,CIGLI,35,0,0,KUCUK CIGLI,0,0,1,0,0.0,5.62,0,0,0.0,0,0.0,1,1635.279,0,0.0,27.05406766,38.50159476
194933.374,0,7855281,0,0.0,ORTA_TICARETHANE,35-09-K01867,CIGLI,35,0,0,KUCUK CIGLI,0,0,5,1,3160.216,12.278,0,0,0.0,0,0.0,4,191773.15800000002,0,0.0,27.05199276,38.50432548
59231.261,0,7855567,0,0.0,ORTA_TICARETHANE,35-09-M03036,CIGLI,35,0,0,IZKENT,0,0,2,0,0.0,28.295,0,0,0.0,0,0.0,2,59231.261,0,0.0,27.06528384,38.50721
9093.76,0,7855826,0,0.0,ORTA_TICARETHANE,35-09-K01869,CIGLI,35,0,0,KUCUK CIGLI,0,0,1,0,0.0,48.73,0,0,0.0,0,0.0,1,9093.76,0,0.0,27.04942378,38.5058063
47888.72,0,7856801,0,0.0,ORTA_TICARETHANE,35-09-M02551,CIGLI,35,0,0,KOYICI,0,0,1,0,0.0,8.76,0,0,0.0,0,0.0,1,47888.72,0,0.0,27.06335993,38.49324173
64621.18,0,7856892,0,0.0,ORTA_TICARETHANE,35-09-M00254,CIGLI,35,0,0,KAKLIC,0,0,1,0,0.0,17.6,0,0,0.0,0,0.0,1,64621.18,0,0.0,26.99077615,38.50540691
2914.854,0,7858140,0,0.0,KUCUK_TICARETHANE,35-09-K01480,CIGLI,35,0,0,YAKAKENT,0,0,2,1,1420.783,5.0,0,0,0.0,0,0.0,1,1494.071,0,0.0,27.07037988,38.50157354
76606.56000000001,0,7859401,0,0.0,ORTA_SANAYI,35-09-M01145,CIGLI,35,0,0,KAKLIC,0,0,2,0,0.0,52.025,0,1,76382.82,0,0.0,1,223.74,0,0.0,26.9920017,38.5044817
8173.518999999999,0,7860363,0,0.0,KUCUK_TICARETHANE,35-09-K01480,CIGLI,35,0,0,GUZELTEPE,0,0,2,1,7931.257,5.0,0,0,0.0,0,0.0,1,242.262,0,0.0,27.07394653,38.50117298
7036.465999999999,0,7860467,0,0.0,KUCUK_TICARETHANE,35-09-M00646,CIGLI,35,0,0,UGUR MUMCU,0,0,2,1,2115.709,5.67,0,0,0.0,0,0.0,1,4920.757,0,0.0,27.04905762,38.52394707
6719.053,0,7860493,0,0.0,KUCUK_TICARETHANE,35-09-K01878,CIGLI,35,0,0,YENI MAHALLE,0,0,2,1,2333.346,6.675,0,0,0.0,0,0.0,1,4385.707,0,0.0,27.05708647,38.49310013
162098.1,0,7861286,0,0.0,ORTA_TICARETHANE,35-09-K03315,CIGLI,35,0,0,BALATCIK,0,0,1,0,0.0,99.0,0,0,0.0,0,0.0,1,162098.1,0,0.0,27.0474767,38.5077033
41581.904,0,7862378,0,0.0,ORTA_TICARETHANE,35-09-M02551,CIGLI,35,0,0,KOYICI,0,0,3,2,12335.074,8.326666666666666,0,0,0.0,0,0.0,1,29246.83,0,0.0,27.06398819,38.49329174
3010.019,0,7863015,0,0.0,KUCUK_TICARETHANE,35-09-K04020,CIGLI,35,0,0,YENI MAHALLE,0,0,1,0,0.0,8.35,0,0,0.0,0,0.0,1,3010.019,0,0.0,27.05966568,38.49375821
41455.08,0,7863262,0,0.0,ORTA_TICARETHANE,35-09-M03520,CIGLI,35,0,0,ATASEHIR,0,0,1,0,0.0,6.56,0,0,0.0,0,0.0,1,41455.08,0,0.0,27.06175295,38.49382427
19571.447,0,7863392,0,0.0,ORTA_TICARETHANE,35-09-M03520,CIGLI,35,0,0,ATASEHIR,0,0,4,0,0.0,5.0,0,0,0.0,0,0.0,4,19571.447,0,0.0,27.06292573,38.49332711
2376.384,0,7864042,0,0.0,KUCUK_TICARETHANE,35-09-K01480,CIGLI,35,0,0,GUZELTEPE,0,0,1,0,0.0,5.0,0,0,0.0,0,0.0,1,2376.384,0,0.0,27.07240907,38.50076037
8187.567999999999,0,7865199,0,0.0,KUCUK_TICARETHANE,35-09-K01006,CIGLI,35,0,0,AYDINLIKEVLER,0,0,5,3,4078.2110000000002,5.0,0,0,0.0,0,0.0,2,4109.357,0,0.0,27.08236767,38.48744986
1915.027,0,7865212,0,0.0,ORTA_TICARETHANE,35-09-K04282,CIGLI,35,0,0,KUCUK CIGLI,0,0,1,0,0.0,29.4,0,0,0.0,0,0.0,1,1915.027,0,0.0,27.05718886,38.49805382
7411.106,0,7865654,0,0.0,KUCUK_TICARETHANE,35-09-K02730,CIGLI,35,0,0,ATASEHIR,0,0,3,2,7409.263,8.56,0,0,0.0,0,0.0,1,1.843,0,0.0,27.06011427,38.49186231
143.8,0,7865771,0,0.0,KUCUK_TICARETHANE,35-09-K01875,CIGLI,35,0,0,SIRINTEPE,0,0,1,0,0.0,12.4,0,0,0.0,0,0.0,1,143.8,0,0.0,27.06588014,38.49454528
68919.21,0,7865784,0,0.0,ORTA_TICARETHANE,35-09-M00347,CIGLI,35,0,0,SASALLI MERKEZ,0,0,1,0,0.0,5.44,0,0,0.0,0,0.0,1,68919.21,0,0.0,26.94488981,38.49055277
6058.253,0,7865966,0,0.0,KUCUK_TICARETHANE,35-09-K01879,CIGLI,35,0,0,YENI MAHALLE,0,0,3,2,5271.607,7.066666666666666,0,0,0.0,0,0.0,1,786.646,0,0.0,27.05490521,38.49533041
6208.0779999999995,0,7867670,0,0.0,KUCUK_TICARETHANE,35-09-M01932,CIGLI,35,0,0,BALATCIK,0,0,3,2,3969.7019999999998,8.52,0,0,0.0,0,0.0,1,2238.376,0,0.0,27.04184331,38.50897343
10959.195,0,7868489,0,0.0,ORTA_TICARETHANE,35-09-M01145,CIGLI,35,0,0,KAKLIC,0,0,2,0,0.0,7.28,0,0,0.0,0,0.0,2,10959.195,0,0.0,26.99339148,38.50382185
6162.473,0,7869411,0,0.0,KUCUK_TICARETHANE,35-09-K01871,CIGLI,35,0,0,SIRINTEPE,0,0,1,0,0.0,7.9,0,0,0.0,0,0.0,1,6162.473,0,0.0,27.06769158,38.49708673
1823.141,0,7870334,0,0.0,KUCUK_TICARETHANE,35-09-K04776,CIGLI,35,0,0,KUCUK CIGLI,0,0,1,0,0.0,5.0,0,0,0.0,0,0.0,1,1823.141,0,0.0,27.0501792,38.5055867
298847.596,0,7872491,0,0.0,ORTA_TICARETHANE,35-09-K01876,CIGLI,35,0,0,KOYICI,0,0,18,1,369.353,14.262833333333333,0,0,0.0,0,0.0,17,298478.243,0,0.0,27.06043999,38.496255
6352.959000000001,0,7872543,0,0.0,KUCUK_TICARETHANE,35-09-K01871,CIGLI,35,0,0,KOYICI,0,0,5,3,1997.8269999999998,6.0,0,0,0.0,0,0.0,2,4355.1320000000005,0,0.0,27.06903274,38.49878744
40551.71,0,7877015,0,0.0,ORTA_TICARETHANE,35-09-M03520,CIGLI,35,0,0,ATASEHIR,0,0,6,1,6441.997,5.608333333333333,0,0,0.0,0,0.0,5,34109.713,0,0.0,27.06279848,38.49315499
12078.562,0,7880317,0,0.0,KUCUK_TICARETHANE,35-09-K01875,CIGLI,35,0,0,SIRINTEPE,0,0,5,2,5728.0560000000005,5.0,0,0,0.0,0,0.0,3,6350.505999999999,0,0.0,27.06553789,38.4920398
27193.240999999998,0,7883151,0,0.0,ORTA_TICARETHANE,35-09-M01951,CIGLI,35,0,0,MALTEPE,0,0,2,1,3411.391,5.3,0,0,0.0,0,0.0,1,23781.85,0,0.0,27.07186614,38.49181448
45678.397000000004,0,7895971,0,0.0,ORTA_TICARETHANE,35-09-M00845,CIGLI,35,0,0,UGUR MUMCU,0,0,2,0,0.0,5.0,0,0,0.0,0,0.0,2,45678.397000000004,0,0.0,27.04522161,38.52399967
3048.785,0,7896777,0,0.0,KUCUK_TICARETHANE,35-09-K03481,CIGLI,35,0,0,ATASEHIR,0,0,1,0,0.0,13.73,0,0,0.0,0,0.0,1,3048.785,0,0.0,27.05659381,38.48725163
20198.18,0,7896790,0,0.0,ORTA_TICARETHANE,35-09-M00888,CIGLI,35,0,0,BALATCIK,0,0,1,0,0.0,7.2,0,0,0.0,0,0.0,1,20198.18,0,0.0,27.04453159,38.5135636
29430.194,0,7898882,0,0.0,KUCUK_TICARETHANE,35-09-K01875,CIGLI,35,0,0,KOYICI,0,0,13,8,22002.554,7.92076923076923,0,0,0.0,0,0.0,5,7427.640000000001,0,0.0,27.06603302,38.49493836
5712.825,0,7898934,0,0.0,KUCUK_TICARETHANE,35-09-K04501,CIGLI,35,0,0,KUCUK CIGLI,0,0,3,2,3453.6270000000004,8.533333333333333,0,0,0.0,0,0.0,1,2259.198,0,0.0,27.05237222,38.50179328
48645.76,0,7906123,0,0.0,ORTA_TICARETHANE,35-09-M02348,CIGLI,35,0,0,KAKLIC,0,0,1,0,0.0,267.194,0,0,0.0,0,0.0,1,48645.76,0,0.0,26.99266175,38.50184329
1535.304,0,7906461,0,0.0,KUCUK_TICARETHANE,35-09-K04597,CIGLI,35,0,0,KUCUK CIGLI,0,0,2,1,1535.304,5.029999999999999,0,0,0.0,0,0.0,1,0.0,0,0.0,27.04936791,38.5044288
2978.175,0,7907514,0,0.0,KUCUK_TICARETHANE,35-09-K04307,CIGLI,35,0,0,KOYICI,0,0,3,1,2059.539,7.233333333333333,0,0,0.0,0,0.0,2,918.636,0,0.0,27.06612659,38.4974755
11571.693,0,7909919,0,0.0,KUCUK_TICARETHANE,35-09-K04282,CIGLI,35,0,0,KUCUK CIGLI,0,0,10,5,11179.765,5.0,0,0,0.0,0,0.0,5,391.928,0,0.0,27.05718708,38.49821263
17822.34,0,7911844,0,0.0,KUCUK_TICARETHANE,35-09-M03090,CIGLI,35,0,0,YENI MAHALLE,0,0,4,1,8709.728,5.0,0,0,0.0,0,0.0,3,9112.612000000001,0,0.0,27.05153904,38.49973935
10633.67,0,7912065,0,0.0,ORTA_TICARETHANE,35-09-M00845,CIGLI,35,0,0,UGUR MUMCU,0,0,1,0,0.0,8.35,0,0,0.0,0,0.0,1,10633.67,0,0.0,27.04500508,38.5242826
16895.903,0,7915302,0,0.0,KUCUK_TICARETHANE,35-09-K02730,CIGLI,35,0,0,ATASEHIR,0,0,8,4,11885.837,10.8925,0,0,0.0,0,0.0,4,5010.066,0,0.0,27.05993577,38.4925398
5141.809,0,7923023,0,0.0,KUCUK_TICARETHANE,35-09-M00257,CIGLI,35,0,0,SASALLI MERKEZ,0,0,2,1,1914.172,5.0,0,0,0.0,0,0.0,1,3227.637,0,0.0,26.95001685,38.49436476
20066.887,0,7947655,0,0.0,KUCUK_TICARETHANE,35-04-K00111,KARSIYAKA,35,0,0,BOSTANLI,0,0,9,5,16908.296,5.625888888888889,0,0,0.0,0,0.0,4,3158.5910000000003,0,0.0,27.09911458,38.45704713
15625.649,0,7973549,0,0.0,ORTA_TICARETHANE,35-04-M03251,KARSIYAKA,35,0,0,BOSTANLI,0,0,2,0,0.0,15.25,0,0,0.0,0,0.0,2,15625.649,0,0.0,27.10702269,38.45574015
55510.101,0,7996129,0,0.0,ORTA_TICARETHANE,35-04-K04689,KARSIYAKA,35,0,0,BOSTANLI,0,0,6,4,3693.5899999999997,12.674999999999999,0,0,0.0,0,0.0,2,51816.511,0,0.0,27.09722193,38.45688707
41310.844000000005,0,8010727,0,0.0,ORTA_TICARETHANE,35-04-K01746,KARSIYAKA,35,0,0,DONANMACI,0,0,10,5,6900.358,9.695,0,0,0.0,0,0.0,5,34410.486000000004,0,0.0,27.11541851,38.45702137
27609.786,0,8025013,0,0.0,ORTA_TICARETHANE,35-04-K01746,KARSIYAKA,35,0,0,DONANMACI,0,0,13,8,12413.168,5.0,0,0,0.0,0,0.0,5,15196.618,0,0.0,27.11598473,38.45614714
12934.844000000001,0,8028601,0,0.0,KUCUK_TICARETHANE,35-04-K02900,KARSIYAKA,35,0,0,BAHARIYE,0,0,6,4,7947.268,5.386666666666667,0,0,0.0,0,0.0,2,4987.576,0,0.0,27.12069864,38.46165577
19445.751,0,8061541,0,0.0,ORTA_TICARETHANE,35-04-K00692,KARSIYAKA,35,0,0,BAHARIYE,0,0,10,4,9169.226,5.336,0,0,0.0,0,0.0,6,10276.525,0,0.0,27.11615107,38.45893596
7859.6849999999995,0,8099692,0,0.0,KUCUK_TICARETHANE,35-09-M00212,CIGLI,35,0,0,INONU,0,0,3,2,6783.614,10.1,0,0,0.0,0,0.0,1,1076.071,0,0.0,27.04682726,38.53032393
10013.37,0,8115462,0,0.0,ORTA_TICARETHANE,35-04-K00587,KARSIYAKA,35,0,0,BOSTANLI,0,0,1,0,0.0,5.0,0,0,0.0,0,0.0,1,10013.37,0,0.0,27.09764761,38.45602981
22425.521,0,8144463,0,0.0,ORTA_TICARETHANE,35-09-M00625,CIGLI,35,0,0,AHMET EFENDI,0,0,8,5,4061.995,7.99125,0,0,0.0,0,0.0,3,18363.525999999998,0,0.0,27.03985796,38.51966387
2207.798,0,8165224,0,0.0,ORTA_TICARETHANE,35-09-M00625,CIGLI,35,0,0,AHMET EFENDI,0,0,2,0,0.0,16.05,0,0,0.0,0,0.0,2,2207.798,0,0.0,27.0396624,38.51955945
11811.487,0,8167539,0,0.0,KUCUK_TICARETHANE,35-09-M00209,CIGLI,35,0,0,HARMANDALI GAZI MUSTAFA KEMAL ATATURK,0,0,3,2,8571.940999999999,6.853333333333334,0,0,0.0,0,0.0,1,3239.546,0,0.0,27.05217199,38.53355722
10183.531,0,8172243,0,0.0,KUCUK_TICARETHANE,35-09-M00208,CIGLI,35,0,0,HARMANDALI GAZI MUSTAFA KEMAL ATATURK,0,0,3,2,8291.81,5.0,0,0,0.0,0,0.0,1,1891.721,0,0.0,27.04933214,38.53437486
45387.652,0,8175316,0,0.0,ORTA_TICARETHANE,35-09-M00209,CIGLI,35,0,0,HARMANDALI GAZI MUSTAFA KEMAL ATATURK,0,0,2,0,0.0,5.0,0,0,0.0,0,0.0,2,45387.652,0,0.0,27.051131,38.53413544
30038.999,0,8198918,0,0.0,ORTA_TICARETHANE,35-04-K00893,KARSIYAKA,35,0,0,TUNA,0,0,6,2,4443.223,5.723333333333334,0,0,0.0,0,0.0,4,25595.775999999998,0,0.0,27.12177921,38.4562363
41279.987,0,8214323,0,0.0,ORTA_TICARETHANE,35-04-K01433,KARSIYAKA,35,0,0,GONCALAR,0,0,13,9,24713.975,10.108461538461539,0,0,0.0,0,0.0,4,16566.012,0,0.0,27.10653722,38.46589668
10692.938,0,8214443,0,0.0,KUCUK_TICARETHANE,35-04-K03185,KARSIYAKA,35,0,0,DONANMACI,0,0,9,5,9550.573,5.0,0,0,0.0,0,0.0,4,1142.365,0,0.0,27.114699,38.45250099
28231.38,0,8238107,0,0.0,ORTA_TICARETHANE,35-04-K04454,KARSIYAKA,35,0,0,TUNA,0,0,1,0,0.0,29.38,0,0,0.0,0,0.0,1,28231.38,0,0.0,27.12070809,38.45594015
131874.614,0,8238131,0,0.0,ORTA_TICARETHANE,35-04-K04454,KARSIYAKA,35,0,0,TUNA,0,0,19,11,18310.277000000002,6.478947368421053,0,0,0.0,0,0.0,8,113564.337,0,0.0,27.12087937,38.45592869
67362.77,0,8238143,0,0.0,ORTA_TICARETHANE,35-04-K04454,KARSIYAKA,35,0,0,TUNA,0,0,1,0,0.0,15.01,0,0,0.0,0,0.0,1,67362.77,0,0.0,27.1205933,38.45599
39720.38,0,8247911,0,0.0,ORTA_TICARETHANE,35-04-K00363,KARSIYAKA,35,0,0,TUNA,0,0,11,6,11778.98,6.441818181818181,0,0,0.0,0,0.0,5,27941.4,0,0.0,27.12296214,38.45614165
44336.263,0,8252975,0,0.0,ORTA_TICARETHANE,35-04-K01450,KARSIYAKA,35,0,0,YALI,0,0,7,4,10196.26,5.478571428571429,0,0,0.0,0,0.0,3,34140.003,0,0.0,27.08821966,38.46823039
28682.414,0,8281279,0,0.0,ORTA_TICARETHANE,35-04-K01746,KARSIYAKA,35,0,0,DONANMACI,0,0,9,5,12178.405999999999,6.706666666666667,0,0,0.0,0,0.0,4,16504.008,0,0.0,27.11546114,38.45633172
13750.947,0,8289017,0,0.0,KUCUK_TICARETHANE,35-04-K04099,KARSIYAKA,35,0,0,YALI,0,0,8,5,11698.85,11.994125,0,0,0.0,0,0.0,3,2052.097,0,0.0,27.09126011,38.47250585
15069.29,0,8303248,0,0.0,ORTA_TICARETHANE,35-04-K01360,KARSIYAKA,35,0,0,BAHARIYE,0,0,1,0,0.0,8.35,0,0,0.0,0,0.0,1,15069.29,0,0.0,27.11620042,38.4598339
11053.26,0,8313194,0,0.0,ORTA_TICARETHANE,35-09-M01950,CIGLI,35,0,0,MALTEPE,0,0,1,0,0.0,7.72,0,0,0.0,0,0.0,1,11053.26,0,0.0,27.07226809,38.489211
35459.7,0,8323635,0,0.0,ORTA_TICARETHANE,35-09-M01950,CIGLI,35,0,0,MALTEPE,0,0,1,0,0.0,35.36,0,0,0.0,0,0.0,1,35459.7,0,0.0,27.07253939,38.4886343
4328.774,0,8341000,0,0.0,KUCUK_TICARETHANE,35-04-K03083,KARSIYAKA,35,0,0,FIKRI ALTAY,0,0,1,0,0.0,5.0,0,0,0.0,0,0.0,1,4328.774,0,0.0,27.09971146,38.47327961
2600.196,0,8471653,0,0.0,KUCUK_TICARETHANE,35-09-M00447,CIGLI,35,0,0,SASALLI MERKEZ,0,0,1,0,0.0,5.0,0,0,0.0,0,0.0,1,2600.196,0,0.0,26.95328099,38.49755638
9682.56,0,8493733,0,0.0,KUCUK_TICARETHANE,35-09-K02764,CIGLI,35,0,0,EVKA-5,0,0,1,0,0.0,11.8,0,0,0.0,0,0.0,1,9682.56,0,0.0,27.05633056,38.51878357
21951.777,0,8512238,0,0.0,ORTA_TICARETHANE,35-09-M00999,CIGLI,35,0,0,BALATCIK,0,0,6,3,4394.648999999999,9.881333333333332,0,0,0.0,0,0.0,3,17557.128,0,0.0,27.04069508,38.51063209
61125.53,0,8526960,0,0.0,ORTA_TICARETHANE,35-04-K03844,KARSIYAKA,35,0,0,TUNA,0,0,2,0,0.0,23.4,0,0,0.0,0,0.0,2,61125.53,0,0.0,27.11938591,38.45720762
49035.392,0,8529661,0,0.0,ORTA_TICARETHANE,35-04-M02777,KARSIYAKA,35,0,0,BOSTANLI,0,0,19,13,25796.673,5.528052631578947,0,0,0.0,0,0.0,6,23238.719,0,0.0,27.09573246,38.45983151
47669.94,0,8544298,0,0.0,ORTA_TICARETHANE,35-04-M02959,KARSIYAKA,35,0,0,BAHCELIEVLER,0,0,14,9,17366.569,6.526000000000001,0,0,0.0,0,0.0,5,30303.371000000003,0,0.0,27.11233655,38.46439494
86376.962,0,8562236,0,0.0,ORTA_TICARETHANE,35-09-M01974,CIGLI,35,0,0,EVKA - 2,0,0,3,0,0.0,33.88933333333333,0,0,0.0,0,0.0,3,86376.962,0,0.0,27.0841715,38.4994262
12858.545,0,8571885,0,0.0,KUCUK_TICARETHANE,35-09-M00396,CIGLI,35,0,0,BALATCIK,0,0,6,4,4799.37,9.426666666666668,0,0,0.0,0,0.0,2,8059.174999999999,0,0.0,27.04071104,38.51071101
93647.19200000001,0,8575292,0,0.0,ORTA_TICARETHANE,35-04-M02777,KARSIYAKA,35,0,0,BOSTANLI,0,0,16,9,12686.474,5.45875,0,0,0.0,0,0.0,7,80960.71800000001,0,0.0,27.09763196,38.45770625
30525.331000000002,0,8578616,0,0.0,ORTA_TICARETHANE,35-04-K04689,KARSIYAKA,35,0,0,BOSTANLI,0,0,13,9,18999.644,5.256384615384615,0,0,0.0,0,0.0,4,11525.687,0,0.0,27.09682487,38.45733825
18699.73,0,8587016,0,0.0,ORTA_TICARETHANE,35-04-K00358,KARSIYAKA,35,0,0,ORNEKKOY,0,0,1,0,0.0,16.47,0,0,0.0,0,0.0,1,18699.73,0,0.0,27.10969618,38.47814092
39004.048,0,8587556,0,0.0,ORTA_TICARETHANE,35-04-K02433,KARSIYAKA,35,0,0,TUNA,0,0,8,1,4455.723,5.24,0,0,0.0,0,0.0,7,34548.325000000004,0,0.0,27.116867,38.45670909
11506.839,0,8596856,0,0.0,KUCUK_TICARETHANE,35-09-M00999,CIGLI,35,0,0,BALATCIK,0,0,3,2,6206.827,7.960000000000001,0,0,0.0,0,0.0,1,5300.012,0,0.0,27.04054122,38.51059385
956.176,0,8597204,0,0.0,KUCUK_TICARETHANE,35-04-K00277,KARSIYAKA,35,0,0,AKSOY,0,0,1,0,0.0,5.0,0,0,0.0,0,0.0,1,956.176,0,0.0,27.10731236,38.45508096
641906.01,0,8623319,0,0.0,ORTA_TICARETHANE,35-04-K03676,KARSIYAKA,35,0,0,BAHRIYE UCOK,0,0,4,0,0.0,164.6,0,0,0.0,0,0.0,4,641906.01,0,0.0,27.11304085,38.46011835
9406.067,0,8623332,0,0.0,KUCUK_TICARETHANE,35-04-K01990,KARSIYAKA,35,0,0,TUNA,0,0,4,2,4243.477,5.0,0,0,0.0,0,0.0,2,5162.59,0,0.0,27.11983498,38.45660648
83346.037,0,8658182,0,0.0,ORTA_TICARETHANE,35-09-M01897,CIGLI,35,0,0,ATASEHIR,0,0,2,0,0.0,85.49,0,0,0.0,0,0.0,2,83346.037,0,0.0,27.06367523,38.4894775
5116.844,0,8676389,0,0.0,KUCUK_TICARETHANE,35-04-K01360,KARSIYAKA,35,0,0,BAHARIYE,0,0,1,0,0.0,5.0,0,0,0.0,0,0.0,1,5116.844,0,0.0,27.1147502,38.45973748
50688.6,0,8682274,0,0.0,ORTA_TICARETHANE,35-04-K01670,KARSIYAKA,35,0,0,ALAYBEY,0,0,1,0,0.0,95.8,0,0,0.0,0,0.0,1,50688.6,0,0.0,27.12543678,38.45859091
22191.65,0,8689258,0,0.0,ORTA_TICARETHANE,35-04-M01033,KARSIYAKA,35,0,0,BAHCELIEVLER,0,0,1,0,0.0,7.46,0,0,0.0,0,0.0,1,22191.65,0,0.0,27.116855,38.4666117
44456.888,0,8695596,0,0.0,ORTA_TICARETHANE,35-04-M01743,KARSIYAKA,35,0,0,YALI,0,0,9,6,13311.55,9.164444444444445,0,0,0.0,0,0.0,3,31145.337999999996,0,0.0,27.09084866,38.47272434
223.66,0,8695662,0,0.0,KUCUK_TICARETHANE,35-04-K01482,KARSIYAKA,35,0,0,SEMIKLER,0,0,1,0,0.0,14.02,0,0,0.0,0,0.0,1,223.66,0,0.0,27.0954563,38.47352523
1004.473,0,8708376,0,0.0,KUCUK_TICARETHANE,35-09-M00212,CIGLI,35,0,0,INONU,0,0,1,0,0.0,8.35,0,0,0.0,0,0.0,1,1004.473,0,0.0,27.04810558,38.53001876
25407.692,0,8713404,0,0.0,ORTA_TICARETHANE,35-09-M03520,CIGLI,35,0,0,YENI MAHALLE,0,0,5,1,1593.262,11.262,0,0,0.0,0,0.0,4,23814.429999999997,0,0.0,27.06106465,38.49391427
62907.69,0,8714713,0,0.0,ORTA_TICARETHANE,35-04-K03676,KARSIYAKA,35,0,0,BAHRIYE UCOK,0,0,15,6,7070.802,6.4783333333333335,0,0,0.0,0,0.0,9,55836.888,0,0.0,27.11435174,38.46008214
131820.4,0,8714955,0,0.0,ORTA_TICARETHANE,35-09-K03314,CIGLI,35,0,0,ATASEHIR,0,0,1,0,0.0,100.75,0,0,0.0,0,0.0,1,131820.4,0,0.0,27.0523467,38.4931633
33986.752,0,8724689,0,0.0,ORTA_TICARETHANE,35-04-K03204,KARSIYAKA,35,0,0,DONANMACI,0,0,2,0,0.0,27.385,0,0,0.0,0,0.0,2,33986.752,0,0.0,27.11306394,38.45656332
710.032,0,8724788,0,0.0,KUCUK_TICARETHANE,35-04-K01746,KARSIYAKA,35,0,0,DONANMACI,0,0,1,0,0.0,14.88,0,0,0.0,0,0.0,1,710.032,0,0.0,27.11530531,38.45649138
56279.39,0,8726603,0,0.0,ORTA_TICARETHANE,35-09-M02551,CIGLI,35,0,0,KOYICI,0,0,1,0,0.0,26.9,0,0,0.0,0,0.0,1,56279.39,0,0.0,27.06313524,38.49344935
2968.306,0,8728946,0,0.0,KUCUK_TICARETHANE,35-04-M01184,KARSIYAKA,35,0,0,FIKRI ALTAY,0,0,1,0,0.0,5.0,0,0,0.0,0,0.0,1,2968.306,0,0.0,27.10216334,38.47404673
21687.27,0,8735746,0,0.0,ORTA_TICARETHANE,35-04-K04059,KARSIYAKA,35,0,0,BAHCELIEVLER,0,0,1,0,0.0,30.81,0,0,0.0,0,0.0,1,21687.27,0,0.0,27.12601904,38.46473175
57296.386,0,8743907,0,0.0,ORTA_TICARETHANE,35-04-K00885,KARSIYAKA,35,0,0,ATAKENT,0,0,13,9,18134.424,6.431538461538461,0,0,0.0,0,0.0,4,39161.962,0,0.0,27.0897887,38.46534777
6628.364,0,8746062,0,0.0,KUCUK_TICARETHANE,35-04-K00243,KARSIYAKA,35,0,0,CUMHURIYET,0,0,2,0,0.0,11.68,0,0,0.0,0,0.0,2,6628.364,0,0.0,27.09618439,38.48248231
20641.424,0,8746205,0,0.0,ORTA_TICARETHANE,35-04-K03214,KARSIYAKA,35,0,0,DEDEBASI,0,0,3,2,4162.9439999999995,6.239999999999999,0,0,0.0,0,0.0,1,16478.48,0,0.0,27.10511168,38.47378711
30951.567,0,8749627,0,0.0,KUCUK_TICARETHANE,35-04-K01064,KARSIYAKA,35,0,0,BAHARIYE,0,0,13,9,26654.947,5.0,0,0,0.0,0,0.0,4,4296.62,0,0.0,27.11758116,38.45927896
24060.055,0,8760262,0,0.0,ORTA_TICARETHANE,35-04-K03844,KARSIYAKA,35,0,0,TUNA,0,0,16,1,3391.026,6.594375,0,0,0.0,0,0.0,15,20669.029,0,0.0,27.11912898,38.45676006
21019.539,0,8776301,0,0.0,ORTA_TICARETHANE,35-04-K00928,KARSIYAKA,35,0,0,TUNA,0,0,6,0,0.0,5.0,0,0,0.0,0,0.0,6,21019.539,0,0.0,27.1213133,38.4584567
27310.610999999997,0,8776884,0,0.0,ORTA_TICARETHANE,35-04-K03969,KARSIYAKA,35,0,0,ORNEKKOY,0,0,6,3,2718.984,11.51,0,0,0.0,0,0.0,3,24591.627,0,0.0,27.11478595,38.47788897
7368.358,0,8779689,0,0.0,KUCUK_TICARETHANE,35-04-K00166,KARSIYAKA,35,0,0,ALAYBEY,0,0,1,0,0.0,8.935,0,0,0.0,0,0.0,1,7368.358,0,0.0,27.12105154,38.45910928
7243.74,0,8782582,0,0.0,KUCUK_TICARETHANE,35-04-M01643,KARSIYAKA,35,0,0,DEMIRKOPRU,0,0,3,2,6919.483,5.053333333333334,0,0,0.0,0,0.0,1,324.257,0,0.0,27.09795824,38.46706978
11867.241,0,8784519,0,0.0,KUCUK_TICARETHANE,35-04-M02100,KARSIYAKA,35,0,0,IMBATLI,0,0,3,2,6880.746,5.0,0,0,0.0,0,0.0,1,4986.495,0,0.0,27.10804106,38.47246092
21141.863,0,8785129,0,0.0,KUCUK_TICARETHANE,35-04-M01040,KARSIYAKA,35,0,0,GONCALAR,0,0,9,6,16279.286,8.517777777777777,0,0,0.0,0,0.0,3,4862.577,0,0.0,27.10817711,38.46422836
28416.744,0,8785149,0,0.0,ORTA_TICARETHANE,35-04-K00017,KARSIYAKA,35,0,0,ALAYBEY,0,0,14,9,14045.07,5.0,0,0,0.0,0,0.0,5,14371.673999999999,0,0.0,27.11993167,38.45870093
24268.85,0,8785669,0,0.0,ORTA_TICARETHANE,35-04-K01681,KARSIYAKA,35,0,0,TUNA,0,0,2,0,0.0,6.975,0,0,0.0,0,0.0,2,24268.85,0,0.0,27.11796518,38.45637476
22427.355,0,8787119,0,0.0,ORTA_TICARETHANE,35-04-K00111,KARSIYAKA,35,0,0,BOSTANLI,0,0,2,1,2789.875,5.0,0,0,0.0,0,0.0,1,19637.48,0,0.0,27.18000795,38.46694114
75047.693,0,8788261,0,0.0,ORTA_TICARETHANE,35-04-K00692,KARSIYAKA,35,0,0,TUNA,0,0,14,0,0.0,11.85,0,0,0.0,0,0.0,14,75047.693,0,0.0,27.11684497,38.45785899
37860.631,0,8792612,0,0.0,ORTA_TICARETHANE,35-04-K00427,KARSIYAKA,35,0,0,IMBATLI,0,0,2,0,0.0,11.795,0,0,0.0,0,0.0,2,37860.631,0,0.0,27.10588581,38.47542496
34481.25,0,8792700,0,0.0,ORTA_TICARETHANE,35-04-K01990,KARSIYAKA,35,0,0,TUNA,0,0,1,0,0.0,8.82,0,0,0.0,0,0.0,1,34481.25,0,0.0,27.12006351,38.45680337
55777.767,0,8794756,0,0.0,ORTA_TICARETHANE,35-04-M01178,KARSIYAKA,35,0,0,YALI,0,0,13,9,21211.618000000002,14.558461538461538,0,0,0.0,0,0.0,4,34566.149,0,0.0,27.08752576,38.47270792
14332.23,0,8797495,0,0.0,ORTA_TICARETHANE,35-04-K03773,KARSIYAKA,35,0,0,CUMHURIYET,0,0,1,0,0.0,5.0,0,0,0.0,0,0.0,1,14332.23,0,0.0,27.09653555,38.48494542
301994.9,0,8804655,0,0.0,ORTA_TICARETHANE,35-04-K01360,KARSIYAKA,35,0,0,BAHARIYE,0,0,1,0,0.0,5.0,0,0,0.0,0,0.0,1,301994.9,0,0.0,27.1149817,38.4596783
10296.081,0,8811335,0,0.0,KUCUK_TICARETHANE,35-09-M00206,CIGLI,35,0,0,HARMANDALI GAZI MUSTAFA KEMAL ATATURK,0,0,2,1,6859.295,9.52,0,0,0.0,0,0.0,1,3436.786,0,0.0,27.05359965,38.53369916
8265.739,0,8811445,0,0.0,KUCUK_TICARETHANE,35-09-M01981,CIGLI,35,0,0,MALTEPE,0,0,1,0,0.0,8.35,0,0,0.0,0,0.0,1,8265.739,0,0.0,27.0745352,38.49427058
21643.83,0,8812424,0,0.0,ORTA_TICARETHANE,35-09-K01887,CIGLI,35,0,0,ATASEHIR,0,0,1,0,0.0,8.35,0,0,0.0,0,0.0,1,21643.83,0,0.0,27.07469431,38.48723431
27191.695,0,8812952,0,0.0,ORTA_TICARETHANE,35-04-K00018,KARSIYAKA,35,0,0,DONANMACI,0,0,11,7,10278.173,12.825454545454544,0,0,0.0,0,0.0,4,16913.521999999997,0,0.0,27.11457173,38.45444782
11587.132,0,8819751,0,0.0,KUCUK_TICARETHANE,35-04-K02316,KARSIYAKA,35,0,0,GONCALAR,0,0,6,4,7909.722,5.0,0,0,0.0,0,0.0,2,3677.41,0,0.0,27.10860435,38.46468102
25700.24,0,8830916,0,0.0,ORTA_TICARETHANE,35-04-M03251,KARSIYAKA,35,0,0,BOSTANLI,0,0,1,0,0.0,15.01,0,0,0.0,0,0.0,1,25700.24,0,0.0,27.10523171,38.45827985
181588.7,0,8841498,0,0.0,ORTA_TICARETHANE,35-04-K01109,KARSIYAKA,35,0,0,DONANMACI,0,0,1,0,0.0,116.4,0,0,0.0,0,0.0,1,181588.7,0,0.0,27.11809584,38.45624502
2375.263,0,8845031,0,0.0,KUCUK_TICARETHANE,35-04-K01555,KARSIYAKA,35,0,0,DONANMACI,0,0,1,0,0.0,5.0,0,0,0.0,0,0.0,1,2375.263,0,0.0,27.11830529,38.45575393
32273.9,0,8849530,0,0.0,ORTA_TICARETHANE,35-04-M01186,KARSIYAKA,35,0,0,YALI,0,0,2,0,0.0,27.55,0,0,0.0,0,0.0,2,32273.9,0,0.0,27.0943071,38.46506223
16678844.1,0,8863798,0,0.0,BUYUK_TICARETHANE,35-04-M02237Ã–,KARSIYAKA,35,0,0,MAVISEHIR,0,0,2,0,0.0,5200.0,0,0,0.0,0,0.0,2,16678844.1,0,0.0,27.07443,38.474171
32474.339,0,8865074,0,0.0,ORTA_TICARETHANE,35-04-M01184,KARSIYAKA,35,0,0,FIKRI ALTAY,0,0,3,0,0.0,11.673333333333332,0,0,0.0,0,0.0,3,32474.339,0,0.0,27.10206435,38.47380906
6089.017,0,8868208,0,0.0,KUCUK_TICARETHANE,35-09-K04165,CIGLI,35,0,0,BALATCIK,0,0,3,2,4305.912,9.046666666666667,0,0,0.0,0,0.0,1,1783.105,0,0.0,27.04645647,38.51187954
53833.1,0,8870024,0,0.0,ORTA_TICARETHANE,35-09-M02551,CIGLI,35,0,0,KOYICI,0,0,1,0,0.0,8.58,0,0,0.0,0,0.0,1,53833.1,0,0.0,27.06404511,38.49306635
178704.13999999998,0,8872587,0,0.0,ORTA_TICARETHANE,35-09-M00999,CIGLI,35,0,0,BALATCIK,0,0,3,0,0.0,241.81999999999996,0,0,0.0,0,0.0,3,178704.13999999998,0,0.0,27.03839843,38.51324183
13994.187,0,8874127,0,0.0,ORTA_TICARETHANE,35-04-K00489,KARSIYAKA,35,0,0,BAHRIYE UCOK,0,0,7,1,1195.388,10.278428571428572,0,0,0.0,0,0.0,6,12798.799,0,0.0,27.11357325,38.4581117
11698.49,0,8874809,0,0.0,KUCUK_TICARETHANE,35-04-K00197,KARSIYAKA,35,0,0,SEMIKLER,0,0,5,3,9110.612000000001,5.0,0,0,0.0,0,0.0,2,2587.8779999999997,0,0.0,27.09530037,38.47142141
1595.897,0,8896447,0,0.0,KUCUK_TICARETHANE,35-09-M00219,CIGLI,35,0,0,INONU,0,0,1,0,0.0,8.35,0,0,0.0,0,0.0,1,1595.897,0,0.0,27.04816567,38.53107583
36063.328,0,8897008,0,0.0,ORTA_TICARETHANE,35-04-K00017,KARSIYAKA,35,0,0,TUNA,0,0,6,0,0.0,5.0,0,0,0.0,0,0.0,6,36063.328,0,0.0,27.1203097,38.45857777
3828.646,0,8898823,0,0.0,KUCUK_TICARETHANE,35-04-K00849,KARSIYAKA,35,0,0,BOSTANLI,0,0,1,0,0.0,7.5,0,0,0.0,0,0.0,1,3828.646,0,0.0,27.09709979,38.46010932
4697.598,0,8901398,0,0.0,ORTA_TICARETHANE,35-04-K03214,KARSIYAKA,35,0,0,DEDEBASI,0,0,1,0,0.0,15.01,0,0,0.0,0,0.0,1,4697.598,0,0.0,27.10415335,38.47419014
8597.088,0,8902817,0,0.0,KUCUK_TICARETHANE,35-04-M01676,KARSIYAKA,35,0,0,SEMIKLER,0,0,2,1,4757.091,5.0,0,0,0.0,0,0.0,1,3839.997,0,0.0,27.08828617,38.47925744
14717.741,0,8904082,0,0.0,KUCUK_TICARETHANE,35-04-K00111,KARSIYAKA,35,0,0,BOSTANLI,0,0,8,5,10027.834,5.0,0,0,0.0,0,0.0,3,4689.907,0,0.0,27.09991887,38.45649957
4624.745,0,8905985,0,0.0,KUCUK_TICARETHANE,35-04-M02100,KARSIYAKA,35,0,0,IMBATLI,0,0,2,1,2260.0,5.0,0,0,0.0,0,0.0,1,2364.745,0,0.0,27.1085813,38.47267084
60636.9,0,8906007,0,0.0,ORTA_TICARETHANE,35-04-K01990,KARSIYAKA,35,0,0,TUNA,0,0,1,0,0.0,8.35,0,0,0.0,0,0.0,1,60636.9,0,0.0,27.11980205,38.45697761
28081.16,0,8906480,0,0.0,KUCUK_TICARETHANE,35-04-K00928,KARSIYAKA,35,0,0,TUNA,0,0,13,9,24654.18,5.257692307692308,0,0,0.0,0,0.0,4,3426.98,0,0.0,27.12166599,38.45769769
10223.776,0,8907756,0,0.0,KUCUK_TICARETHANE,35-04-K04689,KARSIYAKA,35,0,0,BOSTANLI,0,0,6,4,9628.461,10.1455,0,0,0.0,0,0.0,2,595.315,0,0.0,27.09506608,38.4578184
41799.106,0,8907987,0,0.0,ORTA_TICARETHANE,35-04-K01746,KARSIYAKA,35,0,0,DONANMACI,0,0,18,0,0.0,6.283333333333333,0,0,0.0,0,0.0,18,41799.106,0,0.0,27.1162689,38.45669935
24878.623,0,8911407,0,0.0,KUCUK_TICARETHANE,35-04-K00928,KARSIYAKA,35,0,0,TUNA,0,0,15,9,17822.882999999998,5.671333333333333,0,0,0.0,0,0.0,6,7055.74,0,0.0,27.11965348,38.45792496
99406.777,0,8912694,0,0.0,ORTA_TICARETHANE,35-04-K04689,KARSIYAKA,35,0,0,BOSTANLI,0,0,10,5,10436.2,5.9433,0,0,0.0,0,0.0,5,88970.577,0,0.0,27.09679055,38.45784307
30610.882,0,8912705,0,0.0,ORTA_TICARETHANE,35-04-K00928,KARSIYAKA,35,0,0,TUNA,0,0,14,7,16052.982,5.239285714285714,0,0,0.0,0,0.0,7,14557.9,0,0.0,27.12002457,38.45788042
892.876,0,8913244,0,0.0,KUCUK_TICARETHANE,35-09-M00216,CIGLI,35,0,0,INONU,0,0,1,0,0.0,5.0,0,0,0.0,0,0.0,1,892.876,0,0.0,27.04827799,38.52759851
5748.3589999999995,0,8914795,0,0.0,KUCUK_TICARETHANE,35-04-K01411,KARSIYAKA,35,0,0,GONCALAR,0,0,3,2,5603.878,5.0,0,0,0.0,0,0.0,1,144.481,0,0.0,27.10217096,38.46521172
32859.684,0,8915081,0,0.0,KUCUK_TICARETHANE,35-04-K03102,KARSIYAKA,35,0,0,TERSANE,0,0,13,9,30084.57,5.0,0,0,0.0,0,0.0,4,2775.114,0,0.0,27.1237488,38.46079648
20181.714,0,8919956,0,0.0,KUCUK_TICARETHANE,35-04-K00849,KARSIYAKA,35,0,0,BOSTANLI,0,0,16,11,15890.315,5.4176874999999995,0,0,0.0,0,0.0,5,4291.398999999999,0,0.0,27.09698327,38.4588782
40033.7621,0,8922574,0,0.0,ORTA_TICARETHANE,35-04-K01360,KARSIYAKA,35,0,0,BAHARIYE,0,0,18,12,28394.63,5.5905555555555555,0,0,0.0,0,0.0,6,11639.1321,0,0.0,27.11552632,38.45948514
11419.247,0,8925984,0,0.0,KUCUK_TICARETHANE,35-04-M01035,KARSIYAKA,35,0,0,YALI,0,0,8,5,9856.595,5.8375,0,0,0.0,0,0.0,3,1562.6519999999998,0,0.0,27.09289731,38.46560305
7495.593,0,8925995,0,0.0,KUCUK_TICARETHANE,35-04-K01411,KARSIYAKA,35,0,0,DEDEBASI,0,0,4,2,7495.263999999999,5.0,0,0,0.0,0,0.0,2,0.329,0,0.0,27.10243187,38.46531182
12851.824,0,8926567,0,0.0,KUCUK_TICARETHANE,35-09-M00208,CIGLI,35,0,0,HARMANDALI GAZI MUSTAFA KEMAL ATATURK,0,0,4,2,3027.2929999999997,5.0,0,0,0.0,0,0.0,2,9824.531,0,0.0,27.0505229,38.53405279
18643.6,0,8932254,0,0.0,KUCUK_TICARETHANE,35-04-K01433,KARSIYAKA,35,0,0,GONCALAR,0,0,5,3,13582.197,7.392,0,0,0.0,0,0.0,2,5061.403,0,0.0,27.10643471,38.46633563
36106.394,0,8937424,0,0.0,ORTA_TICARETHANE,35-04-K00930,KARSIYAKA,35,0,0,NERGIZ,0,0,19,13,24666.947,5.528947368421052,0,0,0.0,0,0.0,6,11439.447,0,0.0,27.10511082,38.4603669
19819.81,0,8938767,0,0.0,ORTA_TICARETHANE,35-04-K00928,KARSIYAKA,35,0,0,TUNA,0,0,1,0,0.0,38.43,0,0,0.0,0,0.0,1,19819.81,0,0.0,27.1200034,38.45715447
43556.01,0,8939636,0,0.0,ORTA_TICARETHANE,35-09-M00208,CIGLI,35,0,0,HARMANDALI GAZI MUSTAFA KEMAL ATATURK,0,0,1,0,0.0,15.01,0,0,0.0,0,0.0,1,43556.01,0,0.0,27.050085,38.53552
8882.274,0,8939856,0,0.0,KUCUK_TICARETHANE,35-04-K00849,KARSIYAKA,35,0,0,BOSTANLI,0,0,6,4,4692.169,5.555499999999999,0,0,0.0,0,0.0,2,4190.105,0,0.0,27.09613121,38.4590491
44635.943999999996,0,8940824,0,0.0,ORTA_TICARETHANE,35-04-K04246,KARSIYAKA,35,0,0,GONCALAR,0,0,15,9,10338.945,5.446666666666667,0,0,0.0,0,0.0,6,34296.999,0,0.0,27.10575521,38.46380582
1010.0409999999999,0,8940989,0,0.0,KUCUK_TICARETHANE,35-09-K04122,CIGLI,35,0,0,SIRINTEPE,0,0,3,1,386.893,7.766666666666667,0,0,0.0,0,0.0,2,623.148,0,0.0,27.06962227,38.49383085
35579.991,0,8942232,0,0.0,ORTA_TICARETHANE,35-04-K01109,KARSIYAKA,35,0,0,TUNA,0,0,5,1,2672.74,5.0,0,0,0.0,0,0.0,4,32907.251000000004,0,0.0,27.11851028,38.45607695
521.06701,0,8943322,0,0.0,KUCUK_TICARETHANE,35-04-M01607,KARSIYAKA,35,0,0,DEDEBASI,0,0,3,2,449.355,7.933333333333334,0,0,0.0,0,0.0,1,71.71201,0,0.0,27.10168529,38.46577299
23749.319,0,8944213,0,0.0,KUCUK_TICARETHANE,35-04-K00833,KARSIYAKA,35,0,0,DONANMACI,0,0,14,8,16640.165,5.0,0,0,0.0,0,0.0,6,7109.1539999999995,0,0.0,27.11371437,38.45522618
70915.883,0,8944774,0,0.0,ORTA_TICARETHANE,35-04-K00692,KARSIYAKA,35,0,0,TUNA,0,0,20,0,0.0,5.503,0,0,0.0,0,0.0,20,70915.883,0,0.0,27.11582964,38.45776562
75340.32400000001,0,8946446,0,0.0,ORTA_TICARETHANE,35-04-K01360,KARSIYAKA,35,0,0,BAHARIYE,0,0,18,8,10943.296,7.721666666666668,0,0,0.0,0,0.0,10,64397.028000000006,0,0.0,27.11493036,38.46069469
104537.27699,0,8947810,0,0.0,ORTA_TICARETHANE,35-04-K01109,KARSIYAKA,35,0,0,TUNA,0,0,23,0,0.0,6.458260869565217,0,0,0.0,0,0.0,23,104537.27699,0,0.0,27.11799437,38.45631422
7447.885,0,8948129,0,0.0,KUCUK_TICARETHANE,35-04-K00308,KARSIYAKA,35,0,0,SEMIKLER,0,0,3,2,1546.595,5.0,0,0,0.0,0,0.0,1,5901.29,0,0.0,27.08888902,38.48122756
11412.307,0,8949064,0,0.0,KUCUK_TICARETHANE,35-04-K00893,KARSIYAKA,35,0,0,TUNA,0,0,8,5,7212.072,5.0,0,0,0.0,0,0.0,3,4200.235000000001,0,0.0,27.12215059,38.45797743
21850.82,0,8949856,0,0.0,ORTA_TICARETHANE,35-04-K00928,KARSIYAKA,35,0,0,TUNA,0,0,1,0,0.0,20.0,0,0,0.0,0,0.0,1,21850.82,0,0.0,27.12081004,38.45624466
2662.871,0,8950901,0,0.0,KUCUK_TICARETHANE,35-04-K00115,KARSIYAKA,35,0,0,GONCALAR,0,0,1,0,0.0,5.0,0,0,0.0,0,0.0,1,2662.871,0,0.0,27.10581567,38.46479538
26171.716,0,8951132,0,0.0,ORTA_TICARETHANE,35-04-K04246,KARSIYAKA,35,0,0,GONCALAR,0,0,7,4,6635.573,7.398571428571429,0,0,0.0,0,0.0,3,19536.143,0,0.0,27.10597788,38.46379843
4932.887,0,8954090,0,0.0,KUCUK_TICARETHANE,35-04-M02100,KARSIYAKA,35,0,0,IMBATLI,0,0,1,0,0.0,8.35,0,0,0.0,0,0.0,1,4932.887,0,0.0,27.10848676,38.47310313
166273.2,0,8954893,0,0.0,ORTA_TICARETHANE,35-04-K00166,KARSIYAKA,35,0,0,BAHARIYE,0,0,1,0,0.0,15.01,0,0,0.0,0,0.0,1,166273.2,0,0.0,27.1205467,38.4604767
10308.322,0,8958270,0,0.0,KUCUK_TICARETHANE,35-04-K04641,KARSIYAKA,35,0,0,BOSTANLI,0,0,6,4,5950.3009999999995,5.0,0,0,0.0,0,0.0,2,4358.021000000001,0,0.0,27.10163363,38.457223
22573.941,0,8958687,0,0.0,ORTA_TICARETHANE,35-09-M00211,CIGLI,35,0,0,INONU,0,0,9,6,9687.662,6.116666666666666,0,0,0.0,0,0.0,3,12886.279,0,0.0,27.04698986,38.52751648
15577.55,0,8961657,0,0.0,ORTA_TICARETHANE,35-04-K03109,KARSIYAKA,35,0,0,TUNA,0,0,1,0,0.0,8.36,0,0,0.0,0,0.0,1,15577.55,0,0.0,27.12343002,38.45749102
204675.3689,0,8963131,0,0.0,ORTA_TICARETHANE,35-04-K00590,KARSIYAKA,35,0,0,BAHRIYE UCOK,0,0,20,7,23221.4619,5.9375,0,0,0.0,0,0.0,13,181453.907,0,0.0,27.11428463,38.45863118
30518.8219,0,8964077,0,0.0,ORTA_TICARETHANE,35-04-K00692,KARSIYAKA,35,0,0,TUNA,0,0,17,0,0.0,5.0,0,0,0.0,0,0.0,17,30518.8219,0,0.0,27.11636621,38.45757392
1700.896,0,8965254,0,0.0,KUCUK_TICARETHANE,35-09-M00219,CIGLI,35,0,0,INONU,0,0,3,0,0.0,7.276666666666666,0,0,0.0,0,0.0,3,1700.896,0,0.0,27.05046687,38.5305069
38316.374899999995,0,8967323,0,0.0,ORTA_TICARETHANE,35-04-K01109,KARSIYAKA,35,0,0,TUNA,0,0,17,0,0.0,5.591764705882353,0,0,0.0,0,0.0,17,38316.374899999995,0,0.0,27.11837483,38.45676943
528040.3,0,8969829,0,0.0,ORTA_TICARETHANE,35-04-K01285,KARSIYAKA,35,0,0,BAHCELIEVLER,0,0,1,0,0.0,250.0,0,0,0.0,0,0.0,1,528040.3,0,0.0,27.1195959,38.4675156
76638.712,0,8970599,0,0.0,ORTA_TICARETHANE,35-04-K02316,KARSIYAKA,35,0,0,GONCALAR,0,0,13,9,20907.328,11.575384615384614,0,0,0.0,0,0.0,4,55731.384,0,0.0,27.10620779,38.46524292
1799.709,0,8972084,0,0.0,KUCUK_TICARETHANE,35-04-K01316,KARSIYAKA,35,0,0,DONANMACI,0,0,3,1,767.152,5.0,0,0,0.0,0,0.0,2,1032.557,0,0.0,27.11750741,38.45602472
17490.487,0,8972656,0,0.0,KUCUK_TICARETHANE,35-04-K00692,KARSIYAKA,35,0,0,BAHARIYE,0,0,11,7,10224.270999999999,5.732727272727273,0,0,0.0,0,0.0,4,7266.216,0,0.0,27.11819674,38.45867123
6185.563,0,8973195,0,0.0,KUCUK_TICARETHANE,35-04-K04708,KARSIYAKA,35,0,0,SEMIKLER,0,0,3,2,5720.537,7.039999999999999,0,0,0.0,0,0.0,1,465.026,0,0.0,27.09434137,38.47488796
26942.916,0,8973283,0,0.0,ORTA_TICARETHANE,35-04-K00872,KARSIYAKA,35,0,0,AKSOY,0,0,15,10,14138.201000000001,5.223333333333333,0,0,0.0,0,0.0,5,12804.715,0,0.0,27.10942667,38.45759599
15782.236,0,8973382,0,0.0,KUCUK_TICARETHANE,35-04-K00893,KARSIYAKA,35,0,0,TUNA,0,0,8,5,12900.914,5.41875,0,0,0.0,0,0.0,3,2881.322,0,0.0,27.12186709,38.45789805
159110.12,0,8973393,0,0.0,ORTA_TICARETHANE,35-04-M02777,KARSIYAKA,35,0,0,BOSTANLI,0,0,8,4,5112.591,10.7925,0,0,0.0,0,0.0,4,153997.52899999998,0,0.0,27.09687134,38.4577969
1744.328,0,8973404,0,0.0,KUCUK_TICARETHANE,35-04-K00930,KARSIYAKA,35,0,0,NERGIZ,0,0,1,0,0.0,5.0,0,0,0.0,0,0.0,1,1744.328,0,0.0,27.10738814,38.45932015
8508.176,0,8980070,0,0.0,KUCUK_TICARETHANE,35-04-K00692,KARSIYAKA,35,0,0,TUNA,0,0,14,2,1049.301,5.957142857142857,0,0,0.0,0,0.0,12,7458.875,0,0.0,27.11705674,38.45737469
822.929,0,8981621,0,0.0,KUCUK_TICARETHANE,35-04-M01834,KARSIYAKA,35,0,0,CUMHURIYET,0,0,1,0,0.0,5.0,0,0,0.0,0,0.0,1,822.929,0,0.0,27.09905311,38.4777345
43712.873,0,8981896,0,0.0,ORTA_TICARETHANE,35-04-K00489,KARSIYAKA,35,0,0,BAHRIYE UCOK,0,0,3,1,893.433,29.048333333333332,0,0,0.0,0,0.0,2,42819.44,0,0.0,27.11259185,38.45800632
24961.925,0,8983425,0,0.0,KUCUK_TICARETHANE,35-04-K01449,KARSIYAKA,35,0,0,YALI,0,0,14,9,17056.869,5.478571428571429,0,0,0.0,0,0.0,5,7905.056,0,0.0,27.0912504,38.46945519
43370.856,0,8986153,0,0.0,ORTA_TICARETHANE,35-04-K04375,KARSIYAKA,35,0,0,SEMIKLER,0,0,8,5,11024.018,6.37,0,0,0.0,0,0.0,3,32346.838,0,0.0,27.09875196,38.4732403
28622.396,0,8989146,0,0.0,ORTA_TICARETHANE,35-04-K00166,KARSIYAKA,35,0,0,BAHARIYE,0,0,3,2,4649.066,7.333333333333333,0,0,0.0,0,0.0,1,23973.33,0,0.0,27.12066998,38.46093522
836646.0,0,8992578,0,0.0,BUYUK_TICARETHANE,35-04-M01036,KARSIYAKA,35,0,0,BOSTANLI,0,0,1,0,0.0,494.6,0,0,0.0,0,0.0,1,836646.0,0,0.0,27.09321921,38.46399036
7069.928,0,8995076,0,0.0,KUCUK_TICARETHANE,35-04-K01433,KARSIYAKA,35,0,0,DEDEBASI,0,0,3,2,1631.145,5.0,0,0,0.0,0,0.0,1,5438.783,0,0.0,27.10558745,38.46636882
25551.569000000003,0,8995395,0,0.0,ORTA_TICARETHANE,35-04-K04521,KARSIYAKA,35,0,0,YALI,0,0,7,0,0.0,5.125714285714286,0,0,0.0,0,0.0,7,25551.569000000003,0,0.0,27.09345123,38.47044394
30393.722999999998,0,8995417,0,0.0,ORTA_TICARETHANE,35-04-M02777,KARSIYAKA,35,0,0,BOSTANLI,0,0,7,3,5246.069,5.1000000000000005,0,0,0.0,0,0.0,4,25147.654,0,0.0,27.09627147,38.4579823
32958.390999999996,0,8997166,0,0.0,ORTA_TICARETHANE,35-04-K01990,KARSIYAKA,35,0,0,TUNA,0,0,4,2,4742.5289999999995,8.203,0,0,0.0,0,0.0,2,28215.862,0,0.0,27.1194453,38.45606531
147874.3,0,9000796,0,0.0,ORTA_TICARETHANE,35-04-K03022,KARSIYAKA,35,0,0,YALI,0,0,1,0,0.0,177.38,0,0,0.0,0,0.0,1,147874.3,0,0.0,27.0905217,38.47422
49323.87,0,9002534,0,0.0,ORTA_TICARETHANE,35-09-M03520,CIGLI,35,0,0,ATASEHIR,0,0,1,0,0.0,32.11,0,0,0.0,0,0.0,1,49323.87,0,0.0,27.06379123,38.49251443
10309.48,0,9002545,0,0.0,ORTA_TICARETHANE,35-04-K04918,KARSIYAKA,35,0,0,CUMHURIYET,0,0,1,0,0.0,12.0,0,0,0.0,0,0.0,1,10309.48,0,0.0,27.08777956,38.48443135
20255.386,0,9003194,0,0.0,ORTA_TICARETHANE,35-04-K01681,KARSIYAKA,35,0,0,TUNA,0,0,18,0,0.0,5.587777777777777,0,0,0.0,0,0.0,18,20255.386,0,0.0,27.11763488,38.45796379
4597.78,0,9005041,0,0.0,KUCUK_TICARETHANE,35-04-K00928,KARSIYAKA,35,0,0,TUNA,0,0,3,2,2695.435,5.0,0,0,0.0,0,0.0,1,1902.345,0,0.0,27.12015534,38.45822274
5962.639,0,9005118,0,0.0,KUCUK_TICARETHANE,35-04-K00907,KARSIYAKA,35,0,0,BAHCELIEVLER,0,0,1,0,0.0,5.0,0,0,0.0,0,0.0,1,5962.639,0,0.0,27.11714863,38.46542321
63937.272,0,9006768,0,0.0,ORTA_TICARETHANE,35-04-K00885,KARSIYAKA,35,0,0,YALI,0,0,12,6,12258.758,5.0,0,0,0.0,0,0.0,6,51678.514,0,0.0,27.08993156,38.46623431
26971.717,0,9007648,0,0.0,ORTA_TICARETHANE,35-04-K00833,KARSIYAKA,35,0,0,DONANMACI,0,0,13,8,13818.254,5.257692307692308,0,0,0.0,0,0.0,5,13153.463,0,0.0,27.11389519,38.45684275
29996.475000000002,0,9008165,0,0.0,ORTA_TICARETHANE,35-04-K00166,KARSIYAKA,35,0,0,BAHARIYE,0,0,14,8,16996.851000000002,5.239285714285714,0,0,0.0,0,0.0,6,12999.624,0,0.0,27.12190934,38.46200608
369.447,0,9010221,0,0.0,KUCUK_TICARETHANE,35-04-K00358,KARSIYAKA,35,0,0,ORNEKKOY,0,0,1,0,0.0,5.0,0,0,0.0,0,0.0,1,369.447,0,0.0,27.10904339,38.48041828
30933.529000000002,0,9010441,0,0.0,ORTA_TICARETHANE,35-04-K03224,KARSIYAKA,35,0,0,DONANMACI,0,0,11,7,12115.437,6.409090909090909,0,0,0.0,0,0.0,4,18818.092,0,0.0,27.11777663,38.45546259
9407.461,0,9011189,0,0.0,KUCUK_TICARETHANE,35-04-K03719,KARSIYAKA,35,0,0,BOSTANLI,0,0,2,1,5621.0,5.0,0,0,0.0,0,0.0,1,3786.461,0,0.0,27.09988032,38.45715767
46641.68,0,9012267,0,0.0,ORTA_TICARETHANE,35-04-K02433,KARSIYAKA,35,0,0,DONANMACI,0,0,1,0,0.0,128.63,0,0,0.0,0,0.0,1,46641.68,0,0.0,27.11728146,38.45674494
33242.238,0,9012575,0,0.0,ORTA_TICARETHANE,35-04-K00282,KARSIYAKA,35,0,0,AKSOY,0,0,9,5,8581.534,5.09,0,0,0.0,0,0.0,4,24660.704,0,0.0,27.11166418,38.45456593
69970.5,0,9013622,0,0.0,ORTA_TICARETHANE,35-04-K04454,KARSIYAKA,35,0,0,TUNA,0,0,1,0,0.0,97.774,0,0,0.0,0,0.0,1,69970.5,0,0.0,27.12001668,38.45572152
3782.952,0,9014150,0,0.0,KUCUK_TICARETHANE,35-04-K00358,KARSIYAKA,35,0,0,ORNEKKOY,0,0,2,0,0.0,5.0,0,0,0.0,0,0.0,2,3782.952,0,0.0,27.1102908,38.47991108
11783.123,0,9014601,0,0.0,KUCUK_TICARETHANE,35-04-K01064,KARSIYAKA,35,0,0,BAHARIYE,0,0,12,8,10986.505000000001,5.0,0,0,0.0,0,0.0,4,796.618,0,0.0,27.11745557,38.4601531
16466.536,0,9021289,0,0.0,KUCUK_TICARETHANE,35-04-K01670,KARSIYAKA,35,0,0,TERSANE,0,0,8,5,7613.095,5.33375,0,0,0.0,0,0.0,3,8853.441,0,0.0,27.12618767,38.46047802
35817.17,0,9021740,0,0.0,ORTA_TICARETHANE,35-04-K03204,KARSIYAKA,35,0,0,DONANMACI,0,0,1,0,0.0,10.5,0,0,0.0,0,0.0,1,35817.17,0,0.0,27.11314576,38.45753667
19644.963,0,9021828,0,0.0,KUCUK_TICARETHANE,35-04-M01268,KARSIYAKA,35,0,0,YALI,0,0,12,8,13290.982,5.279166666666667,0,0,0.0,0,0.0,4,6353.981,0,0.0,27.08719854,38.4696161
74117.45,0,9024908,0,0.0,ORTA_TICARETHANE,35-04-K03844,KARSIYAKA,35,0,0,TUNA,0,0,1,0,0.0,26.18,0,0,0.0,0,0.0,1,74117.45,0,0.0,27.119138,38.456598
18967.096,0,9024919,0,0.0,KUCUK_TICARETHANE,35-04-K00833,KARSIYAKA,35,0,0,DONANMACI,0,0,12,8,10327.621,6.395833333333333,0,0,0.0,0,0.0,4,8639.475,0,0.0,27.11396795,38.4569366
12274.104,0,9026656,0,0.0,KUCUK_TICARETHANE,35-04-K00928,KARSIYAKA,35,0,0,TUNA,0,0,9,5,5418.777,5.372222222222223,0,0,0.0,0,0.0,4,6855.327,0,0.0,27.12115329,38.45795622
4117.451,0,9029098,0,0.0,KUCUK_TICARETHANE,,KARSIYAKA,35,0,0,IMBATLI,0,0,1,0,0.0,5.0,0,0,0.0,0,0.0,1,4117.451,0,0.0,27.10921725,38.47296581
324970.9,0,9029417,0,0.0,ORTA_TICARETHANE,35-04-K04709,KARSIYAKA,35,0,0,DEMIRKOPRU,0,0,1,0,0.0,106.05,0,0,0.0,0,0.0,1,324970.9,0,0.0,27.098935,38.4707317
28443.612,0,9033652,0,0.0,ORTA_TICARETHANE,35-04-K01746,KARSIYAKA,35,0,0,DONANMACI,0,0,6,4,14312.873,6.668333333333333,0,0,0.0,0,0.0,2,14130.739000000001,0,0.0,27.11599955,38.45730028
831.2429999999999,0,9034422,0,0.0,KUCUK_TICARETHANE,35-04-K00243,KARSIYAKA,35,0,0,CUMHURIYET,0,0,2,1,827.708,5.0,0,0,0.0,0,0.0,1,3.535,0,0.0,27.09546244,38.4833082
71124.489,0,9034763,0,0.0,ORTA_TICARETHANE,35-04-M02777,KARSIYAKA,35,0,0,BOSTANLI,0,0,12,5,8740.043,5.3308333333333335,0,0,0.0,0,0.0,7,62384.445999999996,0,0.0,27.09761398,38.45806088
45566.671,0,9035874,0,0.0,ORTA_TICARETHANE,35-04-K01670,KARSIYAKA,35,0,0,TERSANE,0,0,11,6,14036.43,5.941818181818181,0,0,0.0,0,0.0,5,31530.241,0,0.0,27.12741098,38.46071728
38.339,0,9036359,0,0.0,KUCUK_TICARETHANE,35-04-M02326,KARSIYAKA,35,0,0,IMBATLI,0,0,1,0,0.0,5.0,0,0,0.0,0,0.0,1,38.339,0,0.0,27.1097501,38.4758199
103688.387,0,9037426,0,0.0,ORTA_TICARETHANE,35-04-M02777,KARSIYAKA,35,0,0,BOSTANLI,0,0,14,8,17896.266,8.686714285714286,0,0,0.0,0,0.0,6,85792.121,0,0.0,27.09747481,38.45861274
18968.328,0,9037679,0,0.0,ORTA_TICARETHANE,35-04-K03975,KARSIYAKA,35,0,0,YALI,0,0,8,4,7903.9580000000005,5.88375,0,0,0.0,0,0.0,4,11064.37,0,0.0,27.09430286,38.4696682
27981.194,0,9039208,0,0.0,ORTA_TICARETHANE,35-04-K02815,KARSIYAKA,35,0,0,NERGIZ,0,0,9,6,17756.722,5.848888888888889,0,0,0.0,0,0.0,3,10224.472,0,0.0,27.10378806,38.46078652
59031.05,0,9039846,0,0.0,ORTA_TICARETHANE,35-04-K04013,KARSIYAKA,35,0,0,CUMHURIYET,0,0,1,0,0.0,6.19,0,0,0.0,0,0.0,1,59031.05,0,0.0,27.09105588,38.480933
57949.512,0,9039934,0,0.0,ORTA_TICARETHANE,35-04-K01746,KARSIYAKA,35,0,0,DONANMACI,0,0,19,2,2964.714,6.585263157894737,0,0,0.0,0,0.0,17,54984.797999999995,0,0.0,27.11608313,38.45703263
324426.32,0,9040638,0,0.0,ORTA_TICARETHANE,35-04-K01542,KARSIYAKA,35,0,0,ATAKENT,0,0,3,0,0.0,51.12833333333333,0,0,0.0,0,0.0,3,324426.32,0,0.0,27.08575024,38.46752962
8579.939999999999,0,9040725,0,0.0,KUCUK_TICARETHANE,35-04-K02423,KARSIYAKA,35,0,0,MAVISEHIR,0,0,2,1,7785.922,6.675,0,0,0.0,0,0.0,1,794.018,0,0.0,27.07694118,38.47047172
1820.9920000000002,0,9041077,0,0.0,KUCUK_TICARETHANE,35-09-M00210,CIGLI,35,0,0,HARMANDALI GAZI MUSTAFA KEMAL ATATURK,0,0,2,1,774.891,5.0,0,0,0.0,0,0.0,1,1046.101,0,0.0,27.05180748,38.53324942
18388.85,0,9042353,0,0.0,ORTA_TICARETHANE,35-04-K01088,KARSIYAKA,35,0,0,AKSOY,0,0,1,0,0.0,15.01,0,0,0.0,0,0.0,1,18388.85,0,0.0,27.111993,38.4520394
7395.356,0,9043662,0,0.0,ORTA_TICARETHANE,35-04-K01555,KARSIYAKA,35,0,0,DONANMACI,0,0,1,0,0.0,41.78,0,0,0.0,0,0.0,1,7395.356,0,0.0,27.11815297,38.455472
14020.504,0,9043871,0,0.0,KUCUK_TICARETHANE,35-04-M01035,KARSIYAKA,35,0,0,YALI,0,0,8,5,10096.91,5.903499999999999,0,0,0.0,0,0.0,3,3923.594,0,0.0,27.09266186,38.4659234
827.089,0,9044168,0,0.0,KUCUK_TICARETHANE,35-04-K04641,KARSIYAKA,35,0,0,BOSTANLI,0,0,1,0,0.0,8.35,0,0,0.0,0,0.0,1,827.089,0,0.0,27.10114406,38.45752972
2928.254,0,9046115,0,0.0,KUCUK_TICARETHANE,35-04-K01141,KARSIYAKA,35,0,0,CUMHURIYET,0,0,1,0,0.0,8.35,0,0,0.0,0,0.0,1,2928.254,0,0.0,27.08716906,38.48318257
34881.871,0,9046665,0,0.0,KUCUK_TICARETHANE,35-04-K00627,KARSIYAKA,35,0,0,BAHCELIEVLER,0,0,19,13,26526.674,5.1763157894736835,0,0,0.0,0,0.0,6,8355.197,0,0.0,27.1183387,38.46385605
68031.572,0,9047006,0,0.0,ORTA_TICARETHANE,35-04-M02777,KARSIYAKA,35,0,0,BOSTANLI,0,0,8,4,4887.732,5.962875,0,0,0.0,0,0.0,4,63143.84,0,0.0,27.09895485,38.45761288
9472.666,0,9047061,0,0.0,KUCUK_TICARETHANE,35-04-K00627,KARSIYAKA,35,0,0,BAHCELIEVLER,0,0,1,0,0.0,14.78,0,0,0.0,0,0.0,1,9472.666,0,0.0,27.12050994,38.46389077
66253.86,0,9047984,0,0.0,ORTA_TICARETHANE,35-04-K01760,KARSIYAKA,35,0,0,DONANMACI,0,0,1,0,0.0,20.5,0,0,0.0,0,0.0,1,66253.86,0,0.0,27.11867773,38.45584063
67456.427,0,9048644,0,0.0,ORTA_TICARETHANE,35-04-K00692,KARSIYAKA,35,0,0,TUNA,0,0,2,0,0.0,10.004999999999999,0,0,0.0,0,0.0,2,67456.427,0,0.0,27.1166894,38.45778135
34776.979,0,9049116,0,0.0,ORTA_TICARETHANE,35-04-K00289,KARSIYAKA,35,0,0,DONANMACI,0,0,4,2,2857.707,11.247499999999999,0,0,0.0,0,0.0,2,31919.272,0,0.0,27.11630964,38.45748224
1354.128,0,9050525,0,0.0,KUCUK_TICARETHANE,35-04-M01027,KARSIYAKA,35,0,0,CUMHURIYET,0,0,1,0,0.0,5.0,0,0,0.0,0,0.0,1,1354.128,0,0.0,27.09594374,38.4811948
76.236,0,9053573,0,0.0,KUCUK_TICARETHANE,35-04-M02425,KARSIYAKA,35,0,0,SEMIKLER,0,0,1,0,0.0,5.0,0,0,0.0,0,0.0,1,76.236,0,0.0,27.10029926,38.47671255
30015.287,0,9054343,0,0.0,KUCUK_TICARETHANE,35-04-K00766,KARSIYAKA,35,0,0,BAHCELIEVLER,0,0,16,11,25562.264,11.893749999999999,0,0,0.0,0,0.0,5,4453.023,0,0.0,27.1238574,38.46313369
20729.962,0,9054376,0,0.0,ORTA_TICARETHANE,35-04-K00928,KARSIYAKA,35,0,0,TUNA,0,0,6,4,9841.398,5.0,0,0,0.0,0,0.0,2,10888.564,0,0.0,27.12094294,38.45789336
9451.534,0,9055256,0,0.0,KUCUK_TICARETHANE,35-04-K00692,KARSIYAKA,35,0,0,BAHARIYE,0,0,7,4,7354.768999999999,5.0,0,0,0.0,0,0.0,3,2096.765,0,0.0,27.11618023,38.45874516
50836.494999999995,0,9055795,0,0.0,ORTA_TICARETHANE,35-04-K03676,KARSIYAKA,35,0,0,BAHRIYE UCOK,0,0,16,9,12258.88,8.776250000000001,0,0,0.0,0,0.0,7,38577.615,0,0.0,27.1146917,38.4607067
524561.1,0,9056818,0,0.0,ORTA_TICARETHANE,35-04-K03043,KARSIYAKA,35,0,0,BAHCELIEVLER,0,0,1,0,0.0,211.953,0,0,0.0,0,0.0,1,524561.1,0,0.0,27.11888396,38.46693841
18034.456,0,9057829,0,0.0,KUCUK_TICARETHANE,35-04-K00288,KARSIYAKA,35,0,0,ALAYBEY,0,0,8,5,12067.669,6.31875,0,0,0.0,0,0.0,3,5966.786999999999,0,0.0,27.12342946,38.4595305
17863.329999999998,0,9057840,0,0.0,ORTA_TICARETHANE,35-04-M02777,KARSIYAKA,35,0,0,BOSTANLI,0,0,2,0,0.0,5.0,0,0,0.0,0,0.0,2,17863.329999999998,0,0.0,27.09744113,38.45940451
191024.686,0,9058214,0,0.0,ORTA_TICARETHANE,35-04-K00133,KARSIYAKA,35,0,0,DONANMACI,0,0,12,0,0.0,10.978333333333333,0,0,0.0,0,0.0,12,191024.686,0,0.0,27.11911914,38.4555443
631.183,0,9059930,0,0.0,KUCUK_TICARETHANE,35-04-K04246,KARSIYAKA,35,0,0,NERGIZ,0,0,1,0,0.0,5.0,0,0,0.0,0,0.0,1,631.183,0,0.0,27.10587118,38.46363336
29017.394999999997,0,9059974,0,0.0,ORTA_TICARETHANE,35-04-K03224,KARSIYAKA,35,0,0,DONANMACI,0,0,6,4,5633.709000000001,6.25,0,0,0.0,0,0.0,2,23383.686,0,0.0,27.11825253,38.45483332
107539.03,0,9062350,0,0.0,ORTA_TICARETHANE,35-04-K03390,KARSIYAKA,35,0,0,YALI,0,0,10,3,10427.364,21.697,0,0,0.0,0,0.0,7,97111.666,0,0.0,27.08574304,38.47147003
8926.462,0,9062383,0,0.0,KUCUK_TICARETHANE,35-04-K01542,KARSIYAKA,35,0,0,ATAKENT,0,0,2,1,6856.681,5.0,0,0,0.0,0,0.0,1,2069.781,0,0.0,27.08344278,38.46690009
24188.95,0,9062900,0,0.0,ORTA_TICARETHANE,35-04-K00590,KARSIYAKA,35,0,0,BAHARIYE,0,0,1,0,0.0,67.368,0,0,0.0,0,0.0,1,24188.95,0,0.0,27.11549516,38.45871754
24238.695,0,9063241,0,0.0,KUCUK_TICARETHANE,35-04-K00288,KARSIYAKA,35,0,0,ALAYBEY,0,0,13,9,18513.751,5.257692307692308,0,0,0.0,0,0.0,4,5724.9439999999995,0,0.0,27.12406224,38.45995663
7175.828,0,9065694,0,0.0,KUCUK_TICARETHANE,35-04-K01316,KARSIYAKA,35,0,0,DONANMACI,0,0,1,0,0.0,8.38,0,0,0.0,0,0.0,1,7175.828,0,0.0,27.11770745,38.45625404
18323.315,0,9065837,0,0.0,ORTA_TICARETHANE,35-04-K01746,KARSIYAKA,35,0,0,DONANMACI,0,0,6,2,206.177,5.0,0,0,0.0,0,0.0,4,18117.138,0,0.0,27.11684051,38.45592674
312647.64,0,9069017,0,0.0,ORTA_TICARETHANE,35-04-K01746,KARSIYAKA,35,0,0,DONANMACI,0,0,2,0,0.0,44.175000000000004,0,0,0.0,0,0.0,2,312647.64,0,0.0,27.1160717,38.4562167
22409.8679,0,9073020,0,0.0,KUCUK_TICARETHANE,35-04-K03102,KARSIYAKA,35,0,0,TERSANE,0,0,13,9,21346.527000000002,5.0,0,0,0.0,0,0.0,4,1063.3409,0,0.0,27.12379937,38.46110931
8032.463,0,9073779,0,0.0,KUCUK_TICARETHANE,35-04-K04133,KARSIYAKA,35,0,0,SEMIKLER,0,0,2,0,0.0,5.0,0,0,0.0,0,0.0,2,8032.463,0,0.0,27.09556543,38.47193077
12575.873,0,9074483,0,0.0,KUCUK_TICARETHANE,35-04-K00833,KARSIYAKA,35,0,0,DONANMACI,0,0,9,5,7029.561,5.372222222222223,0,0,0.0,0,0.0,4,5546.312,0,0.0,27.11438572,38.45575214
25077.925,0,9074824,0,0.0,KUCUK_TICARETHANE,35-04-K03203,KARSIYAKA,35,0,0,BAHARIYE,0,0,14,9,21440.564,5.7178571428571425,0,0,0.0,0,0.0,5,3637.361,0,0.0,27.11876064,38.46317184
11693.035,0,9075242,0,0.0,KUCUK_TICARETHANE,35-04-K01746,KARSIYAKA,35,0,0,DONANMACI,0,0,6,4,4564.721,6.116666666666667,0,0,0.0,0,0.0,2,7128.314,0,0.0,27.11590332,38.45631185
28.438,0,9075847,0,0.0,KUCUK_TICARETHANE,35-04-K03847,KARSIYAKA,35,0,0,YALI,0,0,2,1,0.0,6.675,0,0,0.0,0,0.0,1,28.438,0,0.0,27.09166118,38.46796902
201684.974,0,9076067,0,0.0,ORTA_TICARETHANE,35-04-K00476,KARSIYAKA,35,0,0,BOSTANLI,0,0,6,4,10375.067,12.916666666666666,0,0,0.0,0,0.0,2,191309.907,0,0.0,27.09341,38.4591717
115462.09,0,9077079,0,0.0,ORTA_TICARETHANE,35-04-K00692,KARSIYAKA,35,0,0,BAHARIYE,0,0,5,1,25678.7,5.746,0,0,0.0,0,0.0,4,89783.39,0,0.0,27.11817121,38.45885665
105487.67899999999,0,9077156,0,0.0,ORTA_TICARETHANE,35-04-K00277,KARSIYAKA,35,0,0,AKSOY,0,0,13,9,18833.409,5.265384615384615,0,0,0.0,0,0.0,4,86654.26999999999,0,0.0,27.10721113,38.45437085
38658.765,0,9078069,0,0.0,ORTA_TICARETHANE,35-04-K00289,KARSIYAKA,35,0,0,DONANMACI,0,0,10,1,671.237,7.42,0,0,0.0,0,0.0,9,37987.528,0,0.0,27.11667854,38.45665737
14159.918,0,9078091,0,0.0,KUCUK_TICARETHANE,35-04-M02777,KARSIYAKA,35,0,0,BOSTANLI,0,0,10,6,11838.796,5.3332999999999995,0,0,0.0,0,0.0,4,2321.1220000000003,0,0.0,27.09852745,38.45966833
22235.335,0,9078168,0,0.0,ORTA_TICARETHANE,35-04-M01181,KARSIYAKA,35,0,0,DEDEBASI,0,0,8,5,11684.698,8.9825,0,0,0.0,0,0.0,3,10550.637,0,0.0,27.10542279,38.46934756
12310.35,0,9078575,0,0.0,ORTA_TICARETHANE,35-04-K00587,KARSIYAKA,35,0,0,BOSTANLI,0,0,1,0,0.0,5.0,0,0,0.0,0,0.0,1,12310.35,0,0.0,27.09730446,38.457479
87.341,0,9079289,0,0.0,KUCUK_TICARETHANE,35-04-K01591,KARSIYAKA,35,0,0,BAHARIYE,0,0,1,0,0.0,5.0,0,0,0.0,0,0.0,1,87.341,0,0.0,27.11604185,38.46246301
67341.687,0,9079399,0,0.0,ORTA_TICARETHANE,35-04-K00133,KARSIYAKA,35,0,0,DONANMACI,0,0,20,0,0.0,5.519,0,0,0.0,0,0.0,20,67341.687,0,0.0,27.1194378,38.45555457
10903.179,0,9079992,0,0.0,KUCUK_TICARETHANE,35-04-K03083,KARSIYAKA,35,0,0,FIKRI ALTAY,0,0,2,1,8917.573,13.045,0,0,0.0,0,0.0,1,1985.606,0,0.0,27.09953,38.4726683
4094.584,0,9080201,0,0.0,KUCUK_TICARETHANE,35-04-M03251,KARSIYAKA,35,0,0,BOSTANLI,0,0,1,0,0.0,5.0,0,0,0.0,0,0.0,1,4094.584,0,0.0,27.10596872,38.45670837
37009.92,0,9080652,0,0.0,ORTA_TICARETHANE,35-04-K01990,KARSIYAKA,35,0,0,TUNA,0,0,1,0,0.0,18.18,0,0,0.0,0,0.0,1,37009.92,0,0.0,27.11958292,38.45619596
2703.3450000000003,0,9082940,0,0.0,KUCUK_TICARETHANE,35-09-M00211,CIGLI,35,0,0,INONU,0,0,2,1,1437.449,7.39,0,0,0.0,0,0.0,1,1265.896,0,0.0,27.04809729,38.52688036
113752.807,0,9083479,0,0.0,ORTA_TICARETHANE,35-04-K01542,KARSIYAKA,35,0,0,ATAKENT,0,0,2,1,2700.907,15.9,0,0,0.0,0,0.0,1,111051.9,0,0.0,27.08408528,38.46659477
129610.0,0,9083897,0,0.0,ORTA_TICARETHANE,35-04-K02940,KARSIYAKA,35,0,0,SEMIKLER,0,0,1,0,0.0,96.6,0,0,0.0,0,0.0,1,129610.0,0,0.0,27.09672913,38.47724402
1733.099,0,9084601,0,0.0,KUCUK_TICARETHANE,35-04-K04708,KARSIYAKA,35,0,0,SEMIKLER,0,0,1,0,0.0,5.0,0,0,0.0,0,0.0,1,1733.099,0,0.0,27.09479881,38.4751835
345.546,0,9085811,0,0.0,KUCUK_TICARETHANE,35-04-K00053,KARSIYAKA,35,0,0,BOSTANLI,0,0,1,0,0.0,5.0,0,0,0.0,0,0.0,1,345.546,0,0.0,27.10592632,38.45499707
13156.07,0,9086020,0,0.0,ORTA_TICARETHANE,35-04-K04013,KARSIYAKA,35,0,0,CUMHURIYET,0,0,3,0,0.0,5.78,0,0,0.0,0,0.0,3,13156.07,0,0.0,27.08954383,38.48184354
41569.822,0,9087285,0,0.0,ORTA_TICARETHANE,35-04-K03844,KARSIYAKA,35,0,0,TUNA,0,0,7,4,14050.998,6.0600000000000005,0,0,0.0,0,0.0,3,27518.824,0,0.0,27.11943755,38.45681478
14364.503999999999,0,9088199,0,0.0,KUCUK_TICARETHANE,35-04-K00928,KARSIYAKA,35,0,0,TUNA,0,0,3,2,5476.951999999999,6.116666666666667,0,0,0.0,0,0.0,1,8887.552,0,0.0,27.11993969,38.45714933
54307.03,0,9088320,0,0.0,ORTA_TICARETHANE,35-04-K00289,KARSIYAKA,35,0,0,DONANMACI,0,0,12,4,7681.336,5.120833333333334,0,0,0.0,0,0.0,8,46625.694,0,0.0,27.11684571,38.4567913
29136.3861,0,9089453,0,0.0,ORTA_TICARETHANE,35-04-K01990,KARSIYAKA,35,0,0,TUNA,0,0,25,0,0.0,5.938,0,0,0.0,0,0.0,25,29136.3861,0,0.0,27.11998929,38.45673879
34387.956,0,9090706,0,0.0,ORTA_TICARETHANE,35-04-K00885,KARSIYAKA,35,0,0,YALI,0,0,12,8,21474.756,5.5683333333333325,0,0,0.0,0,0.0,4,12913.2,0,0.0,27.0895232,38.4664457
78584.36099999999,0,9091179,0,0.0,ORTA_TICARETHANE,35-04-K01109,KARSIYAKA,35,0,0,TUNA,0,0,29,0,0.0,5.943448275862069,0,0,0.0,0,0.0,29,78584.36099999999,0,0.0,27.11789783,38.45674669
57498.89,0,9091245,0,0.0,ORTA_TICARETHANE,35-04-K01109,KARSIYAKA,35,0,0,DONANMACI,0,0,1,0,0.0,35.16,0,0,0.0,0,0.0,1,57498.89,0,0.0,27.11762135,38.45660589
25945.822,0,9092136,0,0.0,ORTA_TICARETHANE,35-04-K00294,KARSIYAKA,35,0,0,BAHCELIEVLER,0,0,14,8,12148.070000000002,5.239285714285714,0,0,0.0,0,0.0,6,13797.752,0,0.0,27.12251824,38.46514063
26523.915,0,9093115,0,0.0,ORTA_TICARETHANE,35-04-K01692,KARSIYAKA,35,0,0,NERGIZ,0,0,3,0,0.0,6.313333333333333,0,0,0.0,0,0.0,3,26523.915,0,0.0,27.1053312,38.46109236
17179.907,0,9094094,0,0.0,ORTA_TICARETHANE,35-04-K01746,KARSIYAKA,35,0,0,DONANMACI,0,0,5,3,6158.067999999999,5.276,0,0,0.0,0,0.0,2,11021.839,0,0.0,27.11648369,38.45629475
24523.490999999998,0,9095051,0,0.0,KUCUK_TICARETHANE,35-04-K00692,KARSIYAKA,35,0,0,BAHARIYE,0,0,14,9,16738.541,5.239285714285714,0,0,0.0,0,0.0,5,7784.95,0,0.0,27.11686885,38.45918944
34271.665,0,9096273,0,0.0,KUCUK_TICARETHANE,35-04-K00833,KARSIYAKA,35,0,0,DONANMACI,0,0,24,16,28608.11,5.522916666666667,0,0,0.0,0,0.0,8,5663.555,0,0.0,27.11323122,38.45727543
75444.17,0,9097307,0,0.0,ORTA_TICARETHANE,35-04-K00833,KARSIYAKA,35,0,0,DONANMACI,0,0,11,4,6136.978,5.0,0,0,0.0,0,0.0,7,69307.19200000001,0,0.0,27.11500582,38.45785016
50788.689999999995,0,9097692,0,0.0,ORTA_TICARETHANE,35-04-K00476,KARSIYAKA,35,0,0,BOSTANLI,0,0,7,4,11882.675,8.664285714285715,0,0,0.0,0,0.0,3,38906.015,0,0.0,27.09310383,38.45927921
24747.75,0,9097945,0,0.0,ORTA_TICARETHANE,35-04-M02100,KARSIYAKA,35,0,0,IMBATLI,0,0,1,0,0.0,8.5,0,0,0.0,0,0.0,1,24747.75,0,0.0,27.10823127,38.47223436
30685.121000000003,0,9098033,0,0.0,ORTA_TICARETHANE,35-04-K03224,KARSIYAKA,35,0,0,DONANMACI,0,0,11,6,8633.786,6.281818181818181,0,0,0.0,0,0.0,5,22051.335,0,0.0,27.1180152,38.45554815
11763.7,0,9098077,0,0.0,KUCUK_TICARETHANE,35-04-K04619,KARSIYAKA,35,0,0,SEMIKLER,0,0,7,4,10490.778,6.602857142857142,0,0,0.0,0,0.0,3,1272.922,0,0.0,27.08956838,38.47586669
38603.795,0,9098154,0,0.0,ORTA_TICARETHANE,35-04-K00191,KARSIYAKA,35,0,0,BOSTANLI,0,0,11,7,15127.521999999999,5.930000000000001,0,0,0.0,0,0.0,4,23476.273,0,0.0,27.09228279,38.46221859
35724.596999999994,0,9099969,0,0.0,ORTA_TICARETHANE,35-04-K01746,KARSIYAKA,35,0,0,DONANMACI,0,0,9,5,19776.283,5.0,0,0,0.0,0,0.0,4,15948.314,0,0.0,27.11660535,38.45563176
19093.951,0,9100167,0,0.0,ORTA_TICARETHANE,35-04-K00358,KARSIYAKA,35,0,0,ORNEKKOY,0,0,3,1,1672.117,5.1000000000000005,0,0,0.0,0,0.0,2,17421.834000000003,0,0.0,27.1103965,38.48006054
49404.523,0,9100431,0,0.0,ORTA_TICARETHANE,35-04-K00111,KARSIYAKA,35,0,0,BOSTANLI,0,0,19,12,19136.432,5.528052631578947,0,0,0.0,0,0.0,7,30268.091,0,0.0,27.09899193,38.45730569
27109.714,0,9102763,0,0.0,KUCUK_TICARETHANE,35-04-M02957,KARSIYAKA,35,0,0,BAHCELIEVLER,0,0,14,9,18982.242000000002,6.196428571428571,0,0,0.0,0,0.0,5,8127.472,0,0.0,27.1114583,38.4658283
10037.15,0,9103676,0,0.0,ORTA_TICARETHANE,35-04-K01191,KARSIYAKA,35,0,0,AKSOY,0,0,1,0,0.0,5.0,0,0,0.0,0,0.0,1,10037.15,0,0.0,27.11141066,38.45024867
249.243,0,9103808,0,0.0,KUCUK_TICARETHANE,35-04-M02100,KARSIYAKA,35,0,0,IMBATLI,0,0,1,0,0.0,5.0,0,0,0.0,0,0.0,1,249.243,0,0.0,27.10862162,38.47264167
4077.9159999999997,0,9104303,0,0.0,KUCUK_TICARETHANE,35-04-M01180,KARSIYAKA,35,0,0,CUMHURIYET,0,0,2,0,0.0,6.675,0,0,0.0,0,0.0,2,4077.9159999999997,0,0.0,27.1011966,38.47657664
21120.733,0,9104435,0,0.0,ORTA_TICARETHANE,35-04-K01555,KARSIYAKA,35,0,0,DONANMACI,0,0,9,0,0.0,6.65,0,0,0.0,0,0.0,9,21120.733,0,0.0,27.11845909,38.45563785
9418.001,0,9104710,0,0.0,KUCUK_TICARETHANE,35-04-K03022,KARSIYAKA,35,0,0,YALI,0,0,3,1,5891.162,5.533333333333334,0,0,0.0,0,0.0,2,3526.839,0,0.0,27.08934218,38.47535753
21636.302,0,9105645,0,0.0,KUCUK_TICARETHANE,35-04-K00017,KARSIYAKA,35,0,0,TUNA,0,0,6,4,14268.777,5.416666666666667,0,0,0.0,0,0.0,2,7367.525,0,0.0,27.12131577,38.45814713
28616.345,0,9106692,0,0.0,ORTA_TICARETHANE,35-09-M00625,CIGLI,35,0,0,AHMET EFENDI,0,0,3,1,211.892,7.233333333333333,0,0,0.0,0,0.0,2,28404.453,0,0.0,27.04031637,38.51952837
55437.77,0,9107242,0,0.0,ORTA_TICARETHANE,35-04-K00476,KARSIYAKA,35,0,0,BOSTANLI,0,0,1,0,0.0,46.49,0,0,0.0,0,0.0,1,55437.77,0,0.0,27.09350888,38.45880846
39028.468,0,9107935,0,0.0,ORTA_TICARETHANE,35-04-M03251,KARSIYAKA,35,0,0,AKSOY,0,0,19,13,24153.286,5.529473684210527,0,0,0.0,0,0.0,6,14875.182,0,0.0,27.10726026,38.45643248
20720.749,0,9111411,0,0.0,ORTA_TICARETHANE,35-04-K01482,KARSIYAKA,35,0,0,SEMIKLER,0,0,5,3,4351.803999999999,5.26,0,0,0.0,0,0.0,2,16368.945,0,0.0,27.09598693,38.47197153
12549.48201,0,9111488,0,0.0,KUCUK_TICARETHANE,35-04-K04000,KARSIYAKA,35,0,0,ALAYBEY,0,0,6,4,4363.97601,5.56,0,0,0.0,0,0.0,2,8185.505999999999,0,0.0,27.1218117,38.460905
2377.86,0,9112467,0,0.0,KUCUK_TICARETHANE,35-04-K01681,KARSIYAKA,35,0,0,TUNA,0,0,1,0,0.0,5.0,0,0,0.0,0,0.0,1,2377.86,0,0.0,27.11763781,38.45723612
69800.444,0,9112522,0,0.0,ORTA_TICARETHANE,35-04-M02777,KARSIYAKA,35,0,0,BOSTANLI,0,0,9,0,0.0,6.791,0,0,0.0,0,0.0,9,69800.444,0,0.0,27.09694193,38.45766017
11432.577000000001,0,9113941,0,0.0,KUCUK_TICARETHANE,35-04-K03975,KARSIYAKA,35,0,0,YALI,0,0,6,4,7089.433,8.450000000000001,0,0,0.0,0,0.0,2,4343.144,0,0.0,27.09312738,38.46925013
15543.206,0,9114667,0,0.0,KUCUK_TICARETHANE,35-04-K01433,KARSIYAKA,35,0,0,DEDEBASI,0,0,6,4,14251.088,5.673333333333333,0,0,0.0,0,0.0,2,1292.118,0,0.0,27.10599204,38.46637598
77919.359,0,9114711,0,0.0,ORTA_TICARETHANE,35-04-K00191,KARSIYAKA,35,0,0,ATAKENT,0,0,11,7,12334.690999999999,11.351636363636363,0,0,0.0,0,0.0,4,65584.668,0,0.0,27.0925373,38.46274371
9984.293,0,9115437,0,0.0,KUCUK_TICARETHANE,35-04-K03010,KARSIYAKA,35,0,0,YALI,0,0,6,4,7958.286,5.558333333333334,0,0,0.0,0,0.0,2,2026.007,0,0.0,27.08900322,38.46734998
27965.409,0,9115987,0,0.0,KUCUK_TICARETHANE,35-04-M01037,KARSIYAKA,35,0,0,BOSTANLI,0,0,15,9,20747.314,5.67,0,0,0.0,0,0.0,6,7218.095,0,0.0,27.0996383,38.46179114
19215.254999999997,0,9116141,0,0.0,ORTA_TICARETHANE,35-04-K04000,KARSIYAKA,35,0,0,ALAYBEY,0,0,5,2,2873.9610000000002,5.0,0,0,0.0,0,0.0,3,16341.294,0,0.0,27.12350191,38.46059822
27.133,0,9117384,0,0.0,KUCUK_TICARETHANE,35-09-M00210,CIGLI,35,0,0,HARMANDALI GAZI MUSTAFA KEMAL ATATURK,0,0,1,0,0.0,8.0,0,0,0.0,0,0.0,1,27.133,0,0.0,27.0532813,38.5324972
26757.533,0,9118012,0,0.0,ORTA_TICARETHANE,35-04-K01555,KARSIYAKA,35,0,0,DONANMACI,0,0,13,9,10755.335,8.893846153846154,0,0,0.0,0,0.0,4,16002.198,0,0.0,27.11801262,38.45551656
7104.448,0,9118254,0,0.0,KUCUK_TICARETHANE,35-04-K00665,KARSIYAKA,35,0,0,DONANMACI,0,0,1,0,0.0,5.0,0,0,0.0,0,0.0,1,7104.448,0,0.0,27.11429262,38.45135999
75206.832,0,9118551,0,0.0,ORTA_TICARETHANE,35-04-M02777,KARSIYAKA,35,0,0,BOSTANLI,0,0,20,11,35311.047,5.63315,0,0,0.0,0,0.0,9,39895.784999999996,0,0.0,27.09786529,38.45767119
9708.351,0,9120168,0,0.0,KUCUK_TICARETHANE,35-04-K01483,KARSIYAKA,35,0,0,BOSTANLI,0,0,1,0,0.0,5.0,0,0,0.0,0,0.0,1,9708.351,0,0.0,27.09410581,38.46287355
17427.222,0,9121114,0,0.0,ORTA_TICARETHANE,35-04-K02433,KARSIYAKA,35,0,0,DONANMACI,0,0,19,1,1995.383,5.0,0,0,0.0,0,0.0,18,15431.839,0,0.0,27.11720313,38.45603388
72508.174,0,9121455,0,0.0,ORTA_TICARETHANE,35-04-M01037,KARSIYAKA,35,0,0,BOSTANLI,0,0,13,9,18109.482,5.898692307692307,0,0,0.0,0,0.0,4,54398.691999999995,0,0.0,27.1012783,38.46192218
124590.6,0,9122511,0,0.0,ORTA_TICARETHANE,35-04-K00476,KARSIYAKA,35,0,0,BOSTANLI,0,0,1,0,0.0,143.016,0,0,0.0,0,0.0,1,124590.6,0,0.0,27.09388634,38.45751264
45399.387,0,9123896,0,0.0,ORTA_TICARETHANE,35-04-K01681,KARSIYAKA,35,0,0,TUNA,0,0,24,0,0.0,5.279583333333333,0,0,0.0,0,0.0,24,45399.387,0,0.0,27.11785045,38.45682064
4054.681,0,9127208,0,0.0,KUCUK_TICARETHANE,35-09-M01357,CIGLI,35,0,0,BALATCIK,0,0,1,0,0.0,8.7,0,0,0.0,0,0.0,1,4054.681,0,0.0,27.03573936,38.51633586
40391.157999999996,0,9127307,0,0.0,ORTA_TICARETHANE,35-04-K00476,KARSIYAKA,35,0,0,BOSTANLI,0,0,3,0,0.0,7.233333333333333,0,0,0.0,0,0.0,3,40391.157999999996,0,0.0,27.09325441,38.45838559
40864.119,0,9129782,0,0.0,ORTA_TICARETHANE,35-04-K03224,KARSIYAKA,35,0,0,DONANMACI,0,0,6,4,7857.459000000001,5.56,0,0,0.0,0,0.0,2,33006.659999999996,0,0.0,27.11786385,38.45511815
17860.644,0,9130794,0,0.0,ORTA_TICARETHANE,35-04-M01892,KARSIYAKA,35,0,0,YALI,0,0,9,6,5373.085,6.865888888888889,0,0,0.0,0,0.0,3,12487.559000000001,0,0.0,27.0870769,38.47271848
63215.259,0,9131025,0,0.0,ORTA_TICARETHANE,35-04-K01760,KARSIYAKA,35,0,0,DONANMACI,0,0,6,0,0.0,8.964333333333334,0,0,0.0,0,0.0,6,63215.259,0,0.0,27.11896616,38.45603175
21209.27,0,9131410,0,0.0,ORTA_TICARETHANE,35-04-K03719,KARSIYAKA,35,0,0,BOSTANLI,0,0,7,4,9749.962,5.957142857142857,0,0,0.0,0,0.0,3,11459.308,0,0.0,27.09934089,38.45749044
16201.124,0,9132961,0,0.0,KUCUK_TICARETHANE,35-04-K03719,KARSIYAKA,35,0,0,BOSTANLI,0,0,8,5,9713.197,5.625,0,0,0.0,0,0.0,3,6487.927,0,0.0,27.09917221,38.45750869
17348.456,0,9132983,0,0.0,KUCUK_TICARETHANE,35-04-K00017,KARSIYAKA,35,0,0,TUNA,0,0,9,5,9358.812,5.802222222222222,0,0,0.0,0,0.0,4,7989.644,0,0.0,27.12133325,38.45827714
121334.08,0,9133016,0,0.0,ORTA_TICARETHANE,35-04-K00590,KARSIYAKA,35,0,0,BAHARIYE,0,0,2,0,0.0,11.175,0,0,0.0,0,0.0,2,121334.08,0,0.0,27.11546215,38.45842206
33939.77,0,9133610,0,0.0,ORTA_TICARETHANE,35-04-K02433,KARSIYAKA,35,0,0,DONANMACI,0,0,1,0,0.0,43.38,0,0,0.0,0,0.0,1,33939.77,0,0.0,27.11705596,38.45613086
95261.053,0,9133786,0,0.0,ORTA_TICARETHANE,35-04-K01360,KARSIYAKA,35,0,0,BAHARIYE,0,0,16,6,8211.196,6.453749999999999,0,0,0.0,0,0.0,10,87049.857,0,0.0,27.11448092,38.46000303
9384.751,0,9134369,0,0.0,KUCUK_TICARETHANE,35-04-M01184,KARSIYAKA,35,0,0,FIKRI ALTAY,0,0,3,2,7778.786,8.386666666666667,0,0,0.0,0,0.0,1,1605.965,0,0.0,27.10101439,38.47363615
25.333,0,9136063,0,0.0,KUCUK_TICARETHANE,35-04-K04013,KARSIYAKA,35,0,0,CUMHURIYET,0,0,1,0,0.0,5.0,0,0,0.0,0,0.0,1,25.333,0,0.0,27.09288512,38.48029196
7741.104,0,9136118,0,0.0,KUCUK_TICARETHANE,35-04-K04709,KARSIYAKA,35,0,0,SEMIKLER,0,0,8,5,4673.329,5.84,0,0,0.0,0,0.0,3,3067.775,0,0.0,27.0976368,38.46997493
7878.313,0,9136426,0,0.0,KUCUK_TICARETHANE,35-04-K00254,KARSIYAKA,35,0,0,BAHRIYE UCOK,0,0,1,0,0.0,11.82,0,0,0.0,0,0.0,1,7878.313,0,0.0,27.11356075,38.4603471
22441.154000000002,0,9136788,0,0.0,ORTA_TICARETHANE,35-04-K01316,KARSIYAKA,35,0,0,DONANMACI,0,0,3,0,0.0,5.0,0,0,0.0,0,0.0,3,22441.154000000002,0,0.0,27.11729677,38.45536606
33017.705,0,9136865,0,0.0,ORTA_TICARETHANE,35-04-K00928,KARSIYAKA,35,0,0,TUNA,0,0,10,0,0.0,5.335,0,0,0.0,0,0.0,10,33017.705,0,0.0,27.12001551,38.45810341
10440.35,0,9137173,0,0.0,KUCUK_TICARETHANE,35-04-K01433,KARSIYAKA,35,0,0,GONCALAR,0,0,2,1,5722.692,5.0,0,0,0.0,0,0.0,1,4717.658,0,0.0,27.10627633,38.4663345
3589.906,0,9137294,0,0.0,KUCUK_TICARETHANE,35-04-M02425,KARSIYAKA,35,0,0,SEMIKLER,0,0,2,1,2334.051,5.0,0,0,0.0,0,0.0,1,1255.855,0,0.0,27.10002607,38.47669876
46439.16,0,9141242,0,0.0,ORTA_TICARETHANE,35-04-K01542,KARSIYAKA,35,0,0,ATAKENT,0,0,1,0,0.0,42.888,0,0,0.0,0,0.0,1,46439.16,0,0.0,27.08574314,38.4677982
4702.57,0,9141891,0,0.0,KUCUK_TICARETHANE,35-04-K01034,KARSIYAKA,35,0,0,DEMIRKOPRU,0,0,1,0,0.0,8.35,0,0,0.0,0,0.0,1,4702.57,0,0.0,27.0993619,38.47025904
36338.59,0,9142045,0,0.0,ORTA_TICARETHANE,35-04-K00692,KARSIYAKA,35,0,0,TUNA,0,0,1,0,0.0,5.516,0,0,0.0,0,0.0,1,36338.59,0,0.0,27.11597732,38.45753495
19112.303,0,9142749,0,0.0,KUCUK_TICARETHANE,35-09-M00210,CIGLI,35,0,0,HARMANDALI GAZI MUSTAFA KEMAL ATATURK,0,0,4,2,11159.89,7.925,0,0,0.0,0,0.0,2,7952.413,0,0.0,27.05255976,38.53162136
13364.755,0,9144642,0,0.0,KUCUK_TICARETHANE,35-04-K00928,KARSIYAKA,35,0,0,TUNA,0,0,5,3,7950.424999999999,6.4,0,0,0.0,0,0.0,2,5414.33,0,0.0,27.11955375,38.45781352
14773.884,0,9145016,0,0.0,ORTA_TICARETHANE,35-04-K02323,KARSIYAKA,35,0,0,CUMHURIYET,0,0,4,2,2406.933,5.0,0,0,0.0,0,0.0,2,12366.951000000001,0,0.0,27.10059754,38.48001507
7224.281,0,9145313,0,0.0,KUCUK_TICARETHANE,35-09-M00210,CIGLI,35,0,0,HARMANDALI GAZI MUSTAFA KEMAL ATATURK,0,0,2,1,4803.097,10.004999999999999,0,0,0.0,0,0.0,1,2421.184,0,0.0,27.05254134,38.53183259
79915.482,0,9145665,0,0.0,ORTA_TICARETHANE,35-04-K01249,KARSIYAKA,35,0,0,BOSTANLI,0,0,15,7,14952.517,9.325333333333333,0,0,0.0,0,0.0,8,64962.965,0,0.0,27.1019156,38.4546531
9237.615000000002,0,9147293,0,0.0,KUCUK_TICARETHANE,35-04-K04628,KARSIYAKA,35,0,0,SEMIKLER,0,0,4,2,8202.59,5.84,0,0,0.0,0,0.0,2,1035.025,0,0.0,27.0945234,38.4707383
9727.17,0,9147909,0,0.0,KUCUK_TICARETHANE,35-04-M01741,KARSIYAKA,35,0,0,ORNEKKOY,0,0,2,0,0.0,5.3,0,0,0.0,0,0.0,2,9727.17,0,0.0,27.11037048,38.4796501
25205.772,0,9148448,0,0.0,ORTA_TICARETHANE,35-04-K02815,KARSIYAKA,35,0,0,NERGIZ,0,0,12,8,12976.710000000001,5.0,0,0,0.0,0,0.0,4,12229.062000000002,0,0.0,27.10373737,38.46118229
42669.869,0,9148547,0,0.0,ORTA_TICARETHANE,35-04-K03850,KARSIYAKA,35,0,0,GONCALAR,0,0,15,9,29349.414,10.19,0,0,0.0,0,0.0,6,13320.455,0,0.0,27.10880288,38.467489
49259.418999999994,0,9150031,0,0.0,ORTA_TICARETHANE,35-04-K04375,KARSIYAKA,35,0,0,SEMIKLER,0,0,15,10,26486.928,5.966666666666667,0,0,0.0,0,0.0,5,22772.490999999998,0,0.0,27.09930743,38.47282167
11054.404,0,9151064,0,0.0,KUCUK_TICARETHANE,35-04-K02323,KARSIYAKA,35,0,0,CUMHURIYET,0,0,2,1,4446.645,5.0,0,0,0.0,0,0.0,1,6607.759,0,0.0,27.10016693,38.48092982
17464.022,0,9153044,0,0.0,KUCUK_TICARETHANE,35-04-K00833,KARSIYAKA,35,0,0,DONANMACI,0,0,9,5,9353.407,5.7444444444444445,0,0,0.0,0,0.0,4,8110.615,0,0.0,27.11454317,38.45624744
25795.593,0,9155904,0,0.0,ORTA_TICARETHANE,35-04-M01268,KARSIYAKA,35,0,0,YALI,0,0,8,5,13519.976999999999,5.715,0,0,0.0,0,0.0,3,12275.616,0,0.0,27.08780971,38.46913041
17403.718,0,9156927,0,0.0,KUCUK_TICARETHANE,35-04-K00928,KARSIYAKA,35,0,0,TUNA,0,0,9,6,14644.689999999999,5.0,0,0,0.0,0,0.0,3,2759.0280000000002,0,0.0,27.11965758,38.45820481
0.0,0,9157081,0,0.0,KUCUK_TICARETHANE,35-04-K00488,KARSIYAKA,35,0,0,BOSTANLI,0,0,1,0,0.0,5.0,0,0,0.0,0,0.0,1,0.0,0,0.0,27.10097655,38.45445919
29499.84,0,9159028,0,0.0,ORTA_TICARETHANE,35-04-K00289,KARSIYAKA,35,0,0,TUNA,0,0,1,0,0.0,13.25,0,0,0.0,0,0.0,1,29499.84,0,0.0,27.11680257,38.45718186
32131.226,0,9159820,0,0.0,ORTA_TICARETHANE,35-04-K03975,KARSIYAKA,35,0,0,YALI,0,0,8,5,12825.248,9.41,0,0,0.0,0,0.0,3,19305.978,0,0.0,27.0925555,38.46862841
7809.8910000000005,0,9160689,0,0.0,KUCUK_TICARETHANE,35-04-K00692,KARSIYAKA,35,0,0,TUNA,0,0,5,3,796.2909999999999,5.67,0,0,0.0,0,0.0,2,7013.6,0,0.0,27.11701084,38.45767986
10827.944,0,9162053,0,0.0,KUCUK_TICARETHANE,35-04-K02316,KARSIYAKA,35,0,0,GONCALAR,0,0,5,2,3822.1499999999996,5.0,0,0,0.0,0,0.0,3,7005.794,0,0.0,27.10693507,38.46614214
22810.597,0,9162594,0,0.0,KUCUK_TICARETHANE,35-04-K03102,KARSIYAKA,35,0,0,TERSANE,0,0,15,10,19785.915,5.0,0,0,0.0,0,0.0,5,3024.682,0,0.0,27.12314966,38.46133722
116.042,0,9163804,0,0.0,KUCUK_TICARETHANE,35-04-K02472,KARSIYAKA,35,0,0,ZUBEYDE HANIM,0,0,1,0,0.0,5.5,0,0,0.0,0,0.0,1,116.042,0,0.0,27.1095652,38.49309204
276066.5,0,9164310,0,0.0,BUYUK_TICARETHANE,35-04-K04477,KARSIYAKA,35,0,0,ZUBEYDE HANIM,0,0,1,0,0.0,689.65,0,0,0.0,0,0.0,1,276066.5,0,0.0,27.1154917,38.4938517
3316.076,0,9165003,0,0.0,KUCUK_TICARETHANE,35-04-M02425,KARSIYAKA,35,0,0,SEMIKLER,0,0,3,1,1537.842,5.0,0,0,0.0,0,0.0,2,1778.234,0,0.0,27.10081012,38.47509788
15941.627,0,9165454,0,0.0,KUCUK_TICARETHANE,35-04-K03214,KARSIYAKA,35,0,0,DEDEBASI,0,0,5,3,9340.714,5.36,0,0,0.0,0,0.0,2,6600.9130000000005,0,0.0,27.10492244,38.47399567
152094.2,0,9166279,0,0.0,ORTA_TICARETHANE,35-04-K03464,KARSIYAKA,35,0,0,IMBATLI,0,0,1,0,0.0,121.95,0,0,0.0,0,0.0,1,152094.2,0,0.0,27.11573896,38.47388793
3389.079,0,9166752,0,0.0,KUCUK_TICARETHANE,35-09-M00209,CIGLI,35,0,0,HARMANDALI GAZI MUSTAFA KEMAL ATATURK,0,0,2,1,2746.3,5.0,0,0,0.0,0,0.0,1,642.779,0,0.0,27.05146007,38.53421046
4472.644,0,9167082,0,0.0,KUCUK_TICARETHANE,35-09-M00210,CIGLI,35,0,0,HARMANDALI GAZI MUSTAFA KEMAL ATATURK,0,0,1,0,0.0,5.0,0,0,0.0,0,0.0,1,4472.644,0,0.0,27.05255462,38.53249148
1463.936,0,9167258,0,0.0,KUCUK_TICARETHANE,35-04-K00358,KARSIYAKA,35,0,0,ORNEKKOY,0,0,1,0,0.0,5.0,0,0,0.0,0,0.0,1,1463.936,0,0.0,27.11029976,38.47940437
5505.884,0,9167401,0,0.0,KUCUK_TICARETHANE,35-04-M02404,KARSIYAKA,35,0,0,CUMHURIYET,0,0,3,2,4319.955,5.0,0,0,0.0,0,0.0,1,1185.929,0,0.0,27.10161204,38.47728591
9714.012999999999,0,9167489,0,0.0,KUCUK_TICARETHANE,35-04-K00243,KARSIYAKA,35,0,0,CUMHURIYET,0,0,4,1,1919.743,5.0,0,0,0.0,0,0.0,3,7794.27,0,0.0,27.0973424,38.48207042
38725.812,0,9168347,0,0.0,ORTA_TICARETHANE,35-04-K03203,KARSIYAKA,35,0,0,BAHARIYE,0,0,3,0,0.0,44.17666666666667,0,0,0.0,0,0.0,3,38725.812,0,0.0,27.119531,38.46276038
9163.169,0,9168919,0,0.0,KUCUK_TICARETHANE,35-04-K01608,KARSIYAKA,35,0,0,CUMHURIYET,0,0,3,2,7060.280000000001,5.326666666666667,0,0,0.0,0,0.0,1,2102.889,0,0.0,27.09318688,38.47949162
8694.861,0,9169051,0,0.0,KUCUK_TICARETHANE,35-04-K00833,KARSIYAKA,35,0,0,DONANMACI,0,0,9,5,6599.842,5.0,0,0,0.0,0,0.0,4,2095.0190000000002,0,0.0,27.11390124,38.45586131
42045.239,0,9169457,0,0.0,ORTA_TICARETHANE,35-04-K03224,KARSIYAKA,35,0,0,DONANMACI,0,0,10,0,0.0,5.3740000000000006,0,0,0.0,0,0.0,10,42045.239,0,0.0,27.1178628,38.45554019
10311.54,0,9169930,0,0.0,ORTA_TICARETHANE,35-04-K03388,KARSIYAKA,35,0,0,MAVISEHIR,0,0,1,0,0.0,16.57,0,0,0.0,0,0.0,1,10311.54,0,0.0,27.06936089,38.46799724
32777.13,0,9170480,0,0.0,ORTA_TICARETHANE,35-04-K00289,KARSIYAKA,35,0,0,DONANMACI,0,0,1,0,0.0,41.25,0,0,0.0,0,0.0,1,32777.13,0,0.0,27.11700159,38.45685888
77339.132,0,9170645,0,0.0,ORTA_TICARETHANE,35-04-K01316,KARSIYAKA,35,0,0,DONANMACI,0,0,5,0,0.0,8.844,0,0,0.0,0,0.0,5,77339.132,0,0.0,27.11762353,38.45532043
2352.623,0,9172504,0,0.0,KUCUK_TICARETHANE,35-04-K00308,KARSIYAKA,35,0,0,SEMIKLER,0,0,2,0,0.0,5.59,0,0,0.0,0,0.0,2,2352.623,0,0.0,27.08871134,38.48088151
19447.575,0,9172790,0,0.0,ORTA_TICARETHANE,35-04-M02326,KARSIYAKA,35,0,0,ORNEKKOY,0,0,3,2,5003.495,6.406666666666666,0,0,0.0,0,0.0,1,14444.08,0,0.0,27.11075272,38.47707793
9478.304,0,9173307,0,0.0,KUCUK_TICARETHANE,35-04-K00115,KARSIYAKA,35,0,0,GONCALAR,0,0,3,2,7971.822,8.85,0,0,0.0,0,0.0,1,1506.482,0,0.0,27.10760841,38.46406646
14670.769,0,9173384,0,0.0,ORTA_TICARETHANE,35-04-M01027,KARSIYAKA,35,0,0,CUMHURIYET,0,0,3,0,0.0,5.0,0,0,0.0,0,0.0,3,14670.769,0,0.0,27.09600419,38.48107459
7197.325000000001,0,9173450,0,0.0,KUCUK_TICARETHANE,35-04-M02326,KARSIYAKA,35,0,0,IMBATLI,0,0,3,2,3542.5159999999996,5.0,0,0,0.0,0,0.0,1,3654.809,0,0.0,27.10954882,38.47596165
54170.66,0,9173505,0,0.0,ORTA_TICARETHANE,35-04-K01681,KARSIYAKA,35,0,0,TUNA,0,0,16,8,18076.682,6.04125,0,0,0.0,0,0.0,8,36093.978,0,0.0,27.11750176,38.45747567
74495.64,0,9173582,0,0.0,ORTA_TICARETHANE,35-04-K02486,KARSIYAKA,35,0,0,DEDEBASI,0,0,1,0,0.0,224.707,0,0,0.0,0,0.0,1,74495.64,0,0.0,27.10748801,38.46885201
52791.93,0,9173615,0,0.0,ORTA_TICARETHANE,35-04-K01990,KARSIYAKA,35,0,0,TUNA,0,0,1,0,0.0,78.826,0,0,0.0,0,0.0,1,52791.93,0,0.0,27.11989872,38.45669156
25135.600000000002,0,9173779,0,0.0,ORTA_TICARETHANE,35-04-K02433,KARSIYAKA,35,0,0,DONANMACI,0,0,6,3,5086.149,6.73,0,0,0.0,0,0.0,3,20049.451,0,0.0,27.11712316,38.45639604
53791.17800000001,0,9175461,0,0.0,ORTA_TICARETHANE,35-04-K00111,KARSIYAKA,35,0,0,BOSTANLI,0,0,3,0,0.0,30.816666666666663,0,0,0.0,0,0.0,3,53791.17800000001,0,0.0,27.10031354,38.45600944
10271.13,0,9175637,0,0.0,KUCUK_TICARETHANE,35-04-K01692,KARSIYAKA,35,0,0,GONCALAR,0,0,4,2,4064.553,5.0,0,0,0.0,0,0.0,2,6206.576999999999,0,0.0,27.10576723,38.46358415
66866.629,0,9177430,0,0.0,ORTA_TICARETHANE,35-04-K00692,KARSIYAKA,35,0,0,TUNA,0,0,11,3,5392.046,7.070909090909091,0,0,0.0,0,0.0,8,61474.583,0,0.0,27.11589413,38.45759984
3367.766,0,9177969,0,0.0,KUCUK_TICARETHANE,35-04-M01182,KARSIYAKA,35,0,0,DEMIRKOPRU,0,0,2,1,70.783,5.0,0,0,0.0,0,0.0,1,3296.983,0,0.0,27.09784587,38.46663481
4352.772,0,9178310,0,0.0,KUCUK_TICARETHANE,35-04-K00037,KARSIYAKA,35,0,0,TERSANE,0,0,1,0,0.0,5.0,0,0,0.0,0,0.0,1,4352.772,0,0.0,27.12741539,38.46186737
28892.772,0,9178673,0,0.0,ORTA_TICARETHANE,35-04-K03224,KARSIYAKA,35,0,0,DONANMACI,0,0,6,4,9121.345000000001,6.076666666666667,0,0,0.0,0,0.0,2,19771.427,0,0.0,27.11779652,38.45505264
7012.958,0,9179003,0,0.0,KUCUK_TICARETHANE,35-04-M01360,KARSIYAKA,35,0,0,CUMHURIYET,0,0,1,0,0.0,5.0,0,0,0.0,0,0.0,1,7012.958,0,0.0,27.09504512,38.4817528
83781.037,0,9180312,0,0.0,ORTA_TICARETHANE,35-04-K00587,KARSIYAKA,35,0,0,BOSTANLI,0,0,11,7,18320.494,7.1557272727272725,0,0,0.0,0,0.0,4,65460.543000000005,0,0.0,27.09809388,38.45686042
26098.829999999998,0,9180675,0,0.0,KUCUK_TICARETHANE,35-04-K03036,KARSIYAKA,35,0,0,DEDEBASI,0,0,14,9,21891.508,5.744285714285714,0,0,0.0,0,0.0,5,4207.322,0,0.0,27.10926279,38.46946184
52339.622,0,9181082,0,0.0,ORTA_TICARETHANE,35-04-K00111,KARSIYAKA,35,0,0,BOSTANLI,0,0,14,9,27215.587,5.4799999999999995,0,0,0.0,0,0.0,5,25124.035,0,0.0,27.0993474,38.45720667
12937.625,0,9181249,0,0.0,ORTA_TICARETHANE,35-04-M02875,KARSIYAKA,35,0,0,ORNEKKOY,0,0,2,1,1604.855,8.82,0,0,0.0,0,0.0,1,11332.77,0,0.0,27.10646056,38.48431701
115561.455,0,9181876,0,0.0,ORTA_TICARETHANE,35-04-K01681,KARSIYAKA,35,0,0,TUNA,0,0,4,2,384.51800000000003,12.022499999999999,0,0,0.0,0,0.0,2,115176.937,0,0.0,27.11848938,38.45667006
291.88,0,9182624,0,0.0,KUCUK_TICARETHANE,35-04-M02326,KARSIYAKA,35,0,0,IMBATLI,0,0,1,0,0.0,5.0,0,0,0.0,0,0.0,1,291.88,0,0.0,27.10967013,38.47562585
45480.04,0,9183219,0,0.0,ORTA_TICARETHANE,35-04-K00476,KARSIYAKA,35,0,0,BOSTANLI,0,0,1,0,0.0,25.5,0,0,0.0,0,0.0,1,45480.04,0,0.0,27.09359802,38.45905997
25799.961,0,9183538,0,0.0,KUCUK_TICARETHANE,35-04-K00166,KARSIYAKA,35,0,0,ALAYBEY,0,0,13,9,16474.15,5.8952307692307695,0,0,0.0,0,0.0,4,9325.811,0,0.0,27.12035696,38.45935192
9894.535,0,9183901,0,0.0,KUCUK_TICARETHANE,35-04-K04012,KARSIYAKA,35,0,0,ORNEKKOY,0,0,4,2,8166.276,7.5,0,0,0.0,0,0.0,2,1728.259,0,0.0,27.10596269,38.48490385
17875.161,0,9184660,0,0.0,KUCUK_TICARETHANE,35-04-K01450,KARSIYAKA,35,0,0,YALI,0,0,6,4,10302.619999999999,6.116666666666667,0,0,0.0,0,0.0,2,7572.541,0,0.0,27.08843406,38.46795123
46211.576,0,9185463,0,0.0,ORTA_TICARETHANE,35-04-K02313,KARSIYAKA,35,0,0,BOSTANLI,0,0,13,9,19320.458000000002,5.516153846153846,0,0,0.0,0,0.0,4,26891.118,0,0.0,27.09954472,38.45630763
78881.04,0,9186629,0,0.0,ORTA_TICARETHANE,35-04-K00289,KARSIYAKA,35,0,0,TUNA,0,0,1,0,0.0,49.85,0,0,0.0,0,0.0,1,78881.04,0,0.0,27.1167917,38.457085
38745.850000000006,0,9187168,0,0.0,ORTA_TICARETHANE,35-04-K03388,KARSIYAKA,35,0,0,MAVISEHIR,0,0,2,1,24233.99,8.879999999999999,0,0,0.0,0,0.0,1,14511.86,0,0.0,27.06883585,38.46767811
3601.706,0,9189192,0,0.0,KUCUK_TICARETHANE,35-04-M02100,KARSIYAKA,35,0,0,IMBATLI,0,0,3,2,2563.768,5.0,0,0,0.0,0,0.0,1,1037.938,0,0.0,27.10845565,38.47293481
9456.445,0,9190105,0,0.0,KUCUK_TICARETHANE,35-04-K01316,KARSIYAKA,35,0,0,DONANMACI,0,0,6,2,447.442,5.558333333333334,0,0,0.0,0,0.0,4,9009.003,0,0.0,27.11737194,38.4557643
174033.9,0,9191040,0,0.0,ORTA_TICARETHANE,35-04-K04188,KARSIYAKA,35,0,0,TUNA,0,0,13,7,16926.357,6.638461538461538,0,0,0.0,0,0.0,6,157107.543,0,0.0,27.11591221,38.45845502
4718.494,0,9191150,0,0.0,KUCUK_TICARETHANE,35-04-K00872,KARSIYAKA,35,0,0,AKSOY,0,0,6,4,3347.549,5.0,0,0,0.0,0,0.0,2,1370.9450000000002,0,0.0,27.11207591,38.45653343
12693.231,0,9191733,0,0.0,ORTA_TICARETHANE,35-04-K00427,KARSIYAKA,35,0,0,IMBATLI,0,0,2,0,0.0,5.0,0,0,0.0,0,0.0,2,12693.231,0,0.0,27.10515787,38.47402996
25172.796,0,9193086,0,0.0,KUCUK_TICARETHANE,35-04-M02957,KARSIYAKA,35,0,0,BAHCELIEVLER,0,0,12,8,20866.343999999997,5.0,0,0,0.0,0,0.0,4,4306.452,0,0.0,27.11038813,38.46597433
611.197,0,9193888,0,0.0,KUCUK_TICARETHANE,35-04-K00928,KARSIYAKA,35,0,0,TUNA,0,0,2,1,46.878,6.75,0,0,0.0,0,0.0,1,564.319,0,0.0,27.12001673,38.45835447
5960.235,0,9193932,0,0.0,KUCUK_TICARETHANE,35-04-K02422,KARSIYAKA,35,0,0,MAVISEHIR,0,0,2,1,5194.513,6.675,0,0,0.0,0,0.0,1,765.722,0,0.0,27.07833375,38.47115993
5334.733,0,9196231,0,0.0,KUCUK_TICARETHANE,35-04-K01746,KARSIYAKA,35,0,0,DONANMACI,0,0,1,0,0.0,5.0,0,0,0.0,0,0.0,1,5334.733,0,0.0,27.11617725,38.45700479
43310.3551,0,9196242,0,0.0,ORTA_TICARETHANE,35-04-K02433,KARSIYAKA,35,0,0,DONANMACI,0,0,17,8,11868.56,6.867058823529412,0,0,0.0,0,0.0,9,31441.7951,0,0.0,27.11756246,38.45638555
86834.34700000001,0,9196704,0,0.0,ORTA_TICARETHANE,35-04-K01990,KARSIYAKA,35,0,0,TUNA,0,0,4,0,0.0,12.1725,0,0,0.0,0,0.0,4,86834.34700000001,0,0.0,27.11895373,38.45584583
62861.279,0,9197045,0,0.0,ORTA_TICARETHANE,35-04-K01360,KARSIYAKA,35,0,0,BAHARIYE,0,0,14,9,15897.922999999999,5.239285714285714,0,0,0.0,0,0.0,5,46963.356,0,0.0,27.11415511,38.45975473
5528.103,0,9197221,0,0.0,KUCUK_TICARETHANE,35-04-K01746,KARSIYAKA,35,0,0,DONANMACI,0,0,1,0,0.0,5.0,0,0,0.0,0,0.0,1,5528.103,0,0.0,27.11678233,38.4558114
4848.312,0,9197331,0,0.0,KUCUK_TICARETHANE,35-04-K02940,KARSIYAKA,35,0,0,SEMIKLER,0,0,2,1,4733.755,6.675,0,0,0.0,0,0.0,1,114.557,0,0.0,27.0972146,38.47621275
502.643,0,9197672,0,0.0,KUCUK_TICARETHANE,35-04-M01182,KARSIYAKA,35,0,0,DEMIRKOPRU,0,0,3,1,480.342,5.0,0,0,0.0,0,0.0,2,22.301,0,0.0,27.09751427,38.46714117
17853.5,0,9198916,0,0.0,KUCUK_TICARETHANE,35-04-K03676,KARSIYAKA,35,0,0,BAHRIYE UCOK,0,0,9,5,9781.183,5.403333333333333,0,0,0.0,0,0.0,4,8072.317,0,0.0,27.11456629,38.4600463
41991.85,0,9199411,0,0.0,ORTA_TICARETHANE,35-04-M01040,KARSIYAKA,35,0,0,GONCALAR,0,0,14,9,24778.308,10.331428571428571,0,0,0.0,0,0.0,5,17213.542,0,0.0,27.10803338,38.46401336
310.81,0,9199554,0,0.0,KUCUK_TICARETHANE,35-04-K01144,KARSIYAKA,35,0,0,INONU,0,0,1,0,0.0,5.0,0,0,0.0,0,0.0,1,310.81,0,0.0,27.10023115,38.48625515
12992.24,0,9200566,0,0.0,KUCUK_TICARETHANE,35-04-K00692,KARSIYAKA,35,0,0,BAHARIYE,0,0,8,5,10679.619999999999,5.59375,0,0,0.0,0,0.0,3,2312.62,0,0.0,27.11646155,38.45936777
24298.221999999998,0,9200720,0,0.0,ORTA_TICARETHANE,,KARSIYAKA,35,0,0,IMBATLI,0,0,3,0,0.0,5.0,0,0,0.0,0,0.0,3,24298.221999999998,0,0.0,27.10924729,38.47310931
19205.719,0,9201182,0,0.0,KUCUK_TICARETHANE,35-04-K00928,KARSIYAKA,35,0,0,TUNA,0,0,9,5,10164.848,5.373333333333333,0,0,0.0,0,0.0,4,9040.871,0,0.0,27.12074185,38.45755776
7977.886,0,9202381,0,0.0,KUCUK_TICARETHANE,35-04-K04375,KARSIYAKA,35,0,0,SEMIKLER,0,0,5,3,7759.661,8.134,0,0,0.0,0,0.0,2,218.225,0,0.0,27.09880426,38.47304737
19382.311,0,9202590,0,0.0,ORTA_TICARETHANE,35-04-K01422,KARSIYAKA,35,0,0,DEMIRKOPRU,0,0,7,4,8206.332,8.191857142857144,0,0,0.0,0,0.0,3,11175.979000000001,0,0.0,27.09707586,38.46774155
9403.463,0,9202920,0,0.0,KUCUK_TICARETHANE,35-04-M01026,KARSIYAKA,35,0,0,CUMHURIYET,0,0,4,2,6787.442,5.0,0,0,0.0,0,0.0,2,2616.0209999999997,0,0.0,27.09924949,38.48175521
29016.342,0,9204042,0,0.0,KUCUK_TICARETHANE,35-04-K03303,KARSIYAKA,35,0,0,BOSTANLI,0,0,12,8,19872.199,6.706083333333333,0,0,0.0,0,0.0,4,9144.143,0,0.0,27.09152778,38.45973386
154.266,0,9204285,0,0.0,KUCUK_TICARETHANE,35-04-K00018,KARSIYAKA,35,0,0,DONANMACI,0,0,2,1,154.266,5.0,0,0,0.0,0,0.0,1,0.0,0,0.0,27.11596183,38.45534902
17032.532,0,9206023,0,0.0,KUCUK_TICARETHANE,35-04-K00017,KARSIYAKA,35,0,0,TUNA,0,0,8,4,7578.287,5.0,0,0,0.0,0,0.0,4,9454.245,0,0.0,27.11990007,38.45884998
6810.222,0,9206980,0,0.0,KUCUK_TICARETHANE,35-04-M01374,KARSIYAKA,35,0,0,FIKRI ALTAY,0,0,2,1,5448.844,5.0,0,0,0.0,0,0.0,1,1361.378,0,0.0,27.10200365,38.47478516
38991.058000000005,0,9206991,0,0.0,ORTA_TICARETHANE,35-04-K00476,KARSIYAKA,35,0,0,BOSTANLI,0,0,4,0,0.0,5.8375,0,0,0.0,0,0.0,4,38991.058000000005,0,0.0,27.09324683,38.45892304
6885.016,0,9207145,0,0.0,KUCUK_TICARETHANE,35-09-M00215,CIGLI,35,0,0,HARMANDALI GAZI MUSTAFA KEMAL ATATURK,0,0,3,2,4760.325000000001,6.116666666666667,0,0,0.0,0,0.0,1,2124.691,0,0.0,27.04963009,38.53244898
4344.065,0,9207244,0,0.0,KUCUK_TICARETHANE,35-04-K02316,KARSIYAKA,35,0,0,GONCALAR,0,0,3,2,1975.608,5.633333333333333,0,0,0.0,0,0.0,1,2368.457,0,0.0,27.10883623,38.46522618
15262.507,0,9207343,0,0.0,ORTA_TICARETHANE,35-04-K00476,KARSIYAKA,35,0,0,BOSTANLI,0,0,4,2,5203.509,8.3825,0,0,0.0,0,0.0,2,10058.998,0,0.0,27.09397384,38.45861549
16531.459,0,9207651,0,0.0,KUCUK_TICARETHANE,35-04-M02425,KARSIYAKA,35,0,0,FIKRI ALTAY,0,0,4,2,9025.871,5.0,0,0,0.0,0,0.0,2,7505.588,0,0.0,27.09978494,38.47438316
31939.96,0,9207717,0,0.0,ORTA_TICARETHANE,35-04-K01555,KARSIYAKA,35,0,0,DONANMACI,0,0,4,1,3.359,9.7125,0,0,0.0,0,0.0,3,31936.601,0,0.0,27.11820503,38.45571676
6790.094,0,9208587,0,0.0,KUCUK_TICARETHANE,35-04-M01027,KARSIYAKA,35,0,0,CUMHURIYET,0,0,3,2,4858.635,5.0,0,0,0.0,0,0.0,1,1931.459,0,0.0,27.09623318,38.4803405
18582.855,0,9209027,0,0.0,KUCUK_TICARETHANE,35-04-K00197,KARSIYAKA,35,0,0,SEMIKLER,0,0,3,2,17481.529000000002,5.0,0,0,0.0,0,0.0,1,1101.326,0,0.0,27.09513036,38.47121915
26594.679,0,9209434,0,0.0,ORTA_TICARETHANE,35-04-K03844,KARSIYAKA,35,0,0,TUNA,0,0,6,3,8085.424,6.551666666666667,0,0,0.0,0,0.0,3,18509.255,0,0.0,27.11894713,38.45698683
1752.175,0,9209852,0,0.0,KUCUK_TICARETHANE,35-04-K00115,KARSIYAKA,35,0,0,GONCALAR,0,0,1,0,0.0,5.0,0,0,0.0,0,0.0,1,1752.175,0,0.0,27.10565934,38.4643037
23281.782,0,9210952,0,0.0,KUCUK_TICARETHANE,35-04-K00692,KARSIYAKA,35,0,0,BAHARIYE,0,0,15,9,13785.986,5.456666666666666,0,0,0.0,0,0.0,6,9495.796,0,0.0,27.1173717,38.45909572
12669.111,0,9212107,0,0.0,KUCUK_TICARETHANE,35-04-K00590,KARSIYAKA,35,0,0,BAHARIYE,0,0,6,4,5332.182,5.0,0,0,0.0,0,0.0,2,7336.929,0,0.0,27.11558996,38.45921665
34409.62,0,9212987,0,0.0,ORTA_TICARETHANE,35-04-K03844,KARSIYAKA,35,0,0,TUNA,0,0,1,0,0.0,5.48,0,0,0.0,0,0.0,1,34409.62,0,0.0,27.11913004,38.45652795
31484.657,0,9213570,0,0.0,ORTA_TICARETHANE,35-04-K01316,KARSIYAKA,35,0,0,DONANMACI,0,0,8,4,16498.584,5.41875,0,0,0.0,0,0.0,4,14986.073,0,0.0,27.11759075,38.45525741
8901.785,0,9213933,0,0.0,KUCUK_TICARETHANE,35-04-K02313,KARSIYAKA,35,0,0,BOSTANLI,0,0,6,4,3642.023,9.066666666666666,0,0,0.0,0,0.0,2,5259.762000000001,0,0.0,27.10019632,38.45612634
2193.762,0,9214219,0,0.0,KUCUK_TICARETHANE,35-04-K00243,KARSIYAKA,35,0,0,CUMHURIYET,0,0,1,0,0.0,5.0,0,0,0.0,0,0.0,1,2193.762,0,0.0,27.09767747,38.48297116
74918.507,0,9215506,0,0.0,ORTA_TICARETHANE,35-04-K03203,KARSIYAKA,35,0,0,BAHARIYE,0,0,13,8,17978.966,5.029230769230769,0,0,0.0,0,0.0,5,56939.541,0,0.0,27.11922884,38.46220036
39135.584,0,9216133,0,0.0,ORTA_TICARETHANE,35-04-K04128,KARSIYAKA,35,0,0,NERGIZ,0,0,13,9,19359.698,5.477692307692307,0,0,0.0,0,0.0,4,19775.886,0,0.0,27.10402814,38.46162649
38646.571,0,9216660,0,0.0,ORTA_TICARETHANE,35-04-K01681,KARSIYAKA,35,0,0,TUNA,0,0,8,5,8730.858,7.9350000000000005,0,0,0.0,0,0.0,3,29915.713,0,0.0,27.11725582,38.45732456
4431.421,0,9216825,0,0.0,KUCUK_TICARETHANE,35-09-M00212,CIGLI,35,0,0,INONU,0,0,2,1,2014.889,5.859999999999999,0,0,0.0,0,0.0,1,2416.532,0,0.0,27.04705874,38.53033798
17135.215,0,9217440,0,0.0,KUCUK_TICARETHANE,35-04-K04058,KARSIYAKA,35,0,0,BAHRIYE UCOK,0,0,13,9,15221.011,5.257692307692308,0,0,0.0,0,0.0,4,1914.204,0,0.0,27.1087985,38.45921401
67095.06,0,9218530,0,0.0,ORTA_TICARETHANE,35-04-K04013,KARSIYAKA,35,0,0,CUMHURIYET,0,0,3,0,0.0,82.95333333333333,0,0,0.0,0,0.0,3,67095.06,0,0.0,27.08888479,38.48232074
30396.912,0,9218981,0,0.0,ORTA_TICARETHANE,35-04-K01746,KARSIYAKA,35,0,0,DONANMACI,0,0,7,3,2701.235,6.9071428571428575,0,0,0.0,0,0.0,4,27695.677,0,0.0,27.1171979,38.45683396
5393.693,0,9219091,0,0.0,KUCUK_TICARETHANE,35-09-M00209,CIGLI,35,0,0,HARMANDALI GAZI MUSTAFA KEMAL ATATURK,0,0,4,2,1505.967,7.6499999999999995,0,0,0.0,0,0.0,2,3887.726,0,0.0,27.051593,38.53447537
1518.1399999999999,0,9219850,0,0.0,KUCUK_TICARETHANE,35-04-M02100,KARSIYAKA,35,0,0,IMBATLI,0,0,2,1,1449.068,5.0,0,0,0.0,0,0.0,1,69.072,0,0.0,27.10873819,38.47299417
295.734,0,9220378,0,0.0,KUCUK_TICARETHANE,35-09-M00212,CIGLI,35,0,0,INONU,0,0,1,0,0.0,5.0,0,0,0.0,0,0.0,1,295.734,0,0.0,27.04831778,38.53025365
12585.946,0,9220543,0,0.0,KUCUK_TICARETHANE,35-04-K00111,KARSIYAKA,35,0,0,BOSTANLI,0,0,10,5,6600.455,5.6693,0,0,0.0,0,0.0,5,5985.491,0,0.0,27.09916746,38.45734104
64723.717000000004,0,9221830,0,0.0,ORTA_TICARETHANE,35-04-K03847,KARSIYAKA,35,0,0,YALI,0,0,13,9,17476.351,7.358461538461539,0,0,0.0,0,0.0,4,47247.366,0,0.0,27.09067381,38.46820424
10433.12,0,9222105,0,0.0,ORTA_TICARETHANE,35-04-K04610,KARSIYAKA,35,0,0,ZUBEYDE HANIM,0,0,1,0,0.0,8.35,0,0,0.0,0,0.0,1,10433.12,0,0.0,27.1038127,38.49011898
68362.185,0,9222237,0,0.0,ORTA_TICARETHANE,35-04-M01268,KARSIYAKA,35,0,0,YALI,0,0,12,8,13608.374,6.011666666666667,0,0,0.0,0,0.0,4,54753.811,0,0.0,27.08708235,38.46957084
819.793,0,9222930,0,0.0,KUCUK_SANAYI,35-04-K02940,KARSIYAKA,35,0,0,SEMIKLER,0,0,1,0,0.0,15.01,0,1,819.793,0,0.0,0,0.0,0,0.0,27.09761919,38.47684973
4485.388,0,9222941,0,0.0,KUCUK_TICARETHANE,35-04-K03766,KARSIYAKA,35,0,0,ORNEKKOY,0,0,2,1,1792.238,5.0,0,0,0.0,0,0.0,1,2693.15,0,0.0,27.11181366,38.47584915
17195.503,0,9223623,0,0.0,ORTA_TICARETHANE,35-04-K04188,KARSIYAKA,35,0,0,TUNA,0,0,6,4,5021.071,5.0,0,0,0.0,0,0.0,2,12174.431999999999,0,0.0,27.11804644,38.458104
47306.263,0,9224745,0,0.0,ORTA_TICARETHANE,35-04-K04128,KARSIYAKA,35,0,0,NERGIZ,0,0,11,5,11664.118,5.571090909090909,0,0,0.0,0,0.0,6,35642.145000000004,0,0.0,27.10517806,38.46097055
36255.342,0,9224767,0,0.0,ORTA_TICARETHANE,35-04-K03719,KARSIYAKA,35,0,0,BOSTANLI,0,0,15,10,16130.037,8.895333333333333,0,0,0.0,0,0.0,5,20125.305,0,0.0,27.09971531,38.45755595
42579.914,0,9225604,0,0.0,ORTA_TICARETHANE,35-04-M01268,KARSIYAKA,35,0,0,YALI,0,0,13,9,15369.641,6.133076923076923,0,0,0.0,0,0.0,4,27210.273,0,0.0,27.08755351,38.46880371
1317.538,0,9226462,0,0.0,KUCUK_TICARETHANE,35-04-K00358,KARSIYAKA,35,0,0,ORNEKKOY,0,0,1,0,0.0,5.0,0,0,0.0,0,0.0,1,1317.538,0,0.0,27.10933691,38.47974329
19307.639,0,9227419,0,0.0,KUCUK_TICARETHANE,35-04-K00590,KARSIYAKA,35,0,0,BAHARIYE,0,0,6,2,11441.916,10.481666666666667,0,0,0.0,0,0.0,4,7865.723,0,0.0,27.11599902,38.45851429
3187.991,0,9228079,0,0.0,KUCUK_TICARETHANE,35-04-M01036,KARSIYAKA,35,0,0,ATAKENT,0,0,2,1,2821.971,6.675,0,0,0.0,0,0.0,1,366.02,0,0.0,27.09185484,38.46396235
9688.447,0,9228222,0,0.0,KUCUK_TICARETHANE,35-09-M00211,CIGLI,35,0,0,INONU,0,0,3,2,3650.888,5.0,0,0,0.0,0,0.0,1,6037.559,0,0.0,27.04755922,38.5266419
27773.194,0,9228541,0,0.0,ORTA_TICARETHANE,35-04-K02486,KARSIYAKA,35,0,0,DEDEBASI,0,0,11,7,14817.824,8.555454545454545,0,0,0.0,0,0.0,4,12955.37,0,0.0,27.10802396,38.46905289
133497.334,0,9228695,0,0.0,ORTA_TICARETHANE,35-04-K03719,KARSIYAKA,35,0,0,BOSTANLI,0,0,13,9,19407.052,5.866153846153846,0,0,0.0,0,0.0,4,114090.282,0,0.0,27.10043036,38.45830573
2911.5679999999998,0,9230102,0,0.0,KUCUK_TICARETHANE,35-04-K03204,KARSIYAKA,35,0,0,DONANMACI,0,0,3,1,403.908,5.0,0,0,0.0,0,0.0,2,2507.66,0,0.0,27.11301632,38.45593012
1099.714,0,9230696,0,0.0,KUCUK_TICARETHANE,35-04-M01180,KARSIYAKA,35,0,0,IMBATLI,0,0,1,0,0.0,5.0,0,0,0.0,0,0.0,1,1099.714,0,0.0,27.10434522,38.47576597
117113.6,0,9230960,0,0.0,ORTA_TICARETHANE,35-04-K00590,KARSIYAKA,35,0,0,BAHARIYE,0,0,1,0,0.0,212.75,0,0,0.0,0,0.0,1,117113.6,0,0.0,27.11499407,38.45875776
35495.55,0,9231433,0,0.0,ORTA_TICARETHANE,35-04-M02777,KARSIYAKA,35,0,0,BOSTANLI,0,0,9,6,19835.428,5.7444444444444445,0,0,0.0,0,0.0,3,15660.122,0,0.0,27.09790016,38.45936751
39068.472,0,9232181,0,0.0,ORTA_TICARETHANE,35-04-K00692,KARSIYAKA,35,0,0,BAHARIYE,0,0,13,9,16885.265,5.356923076923077,0,0,0.0,0,0.0,4,22183.207000000002,0,0.0,27.11673505,38.4593451
93441.494,0,9233193,0,0.0,ORTA_TICARETHANE,35-04-K04689,KARSIYAKA,35,0,0,BOSTANLI,0,0,16,7,12520.784,5.8501875,0,0,0.0,0,0.0,9,80920.70999999999,0,0.0,27.09676331,38.4579217
32827.593,0,9234150,0,0.0,ORTA_TICARETHANE,35-04-K01109,KARSIYAKA,35,0,0,TUNA,0,0,9,6,9491.837,12.015666666666668,0,0,0.0,0,0.0,3,23335.756,0,0.0,27.118674,38.45744501
17641.94,0,9234359,0,0.0,KUCUK_TICARETHANE,35-04-M02425,KARSIYAKA,35,0,0,FIKRI ALTAY,0,0,5,3,12220.027999999998,6.648000000000001,0,0,0.0,0,0.0,2,5421.912,0,0.0,27.10015588,38.47474887
38564.076,0,9235162,0,0.0,ORTA_TICARETHANE,35-04-M02777,KARSIYAKA,35,0,0,BOSTANLI,0,0,10,6,9855.864,6.5173000000000005,0,0,0.0,0,0.0,4,28708.212,0,0.0,27.0963866,38.4579333
19735.231,0,9235426,0,0.0,ORTA_TICARETHANE,35-04-K01746,KARSIYAKA,35,0,0,DONANMACI,0,0,6,3,2880.7599999999998,6.398333333333333,0,0,0.0,0,0.0,3,16854.470999999998,0,0.0,27.1167819,38.45563056
7572.188,0,9235723,0,0.0,KUCUK_TICARETHANE,35-04-M01305,KARSIYAKA,35,0,0,ORNEKKOY,0,0,3,2,7569.48,5.0,0,0,0.0,0,0.0,1,2.708,0,0.0,27.11426935,38.4770406
36379.792,0,9236152,0,0.0,ORTA_TICARETHANE,35-04-K03204,KARSIYAKA,35,0,0,DONANMACI,0,0,14,9,13527.382,5.0,0,0,0.0,0,0.0,5,22852.41,0,0.0,27.11221619,38.4571097
38092.385,0,9236581,0,0.0,ORTA_TICARETHANE,35-04-K01681,KARSIYAKA,35,0,0,TUNA,0,0,8,2,4480.923000000001,5.5075,0,0,0.0,0,0.0,6,33611.462,0,0.0,27.11828509,38.4569437
12312.751,0,9238243,0,0.0,KUCUK_TICARETHANE,35-04-M02425,KARSIYAKA,35,0,0,FIKRI ALTAY,0,0,5,3,7603.116,5.0,0,0,0.0,0,0.0,2,4709.635,0,0.0,27.10070442,38.47393005
3714.134,0,9238320,0,0.0,KUCUK_TICARETHANE,35-04-K00166,KARSIYAKA,35,0,0,BAHARIYE,0,0,1,0,0.0,5.0,0,0,0.0,0,0.0,1,3714.134,0,0.0,27.12063233,38.46039226
23564.254,0,9238408,0,0.0,ORTA_TICARETHANE,35-04-K01760,KARSIYAKA,35,0,0,DONANMACI,0,0,2,0,0.0,9.7,0,0,0.0,0,0.0,2,23564.254,0,0.0,27.11849776,38.45584044
211737.2,0,9239167,0,0.0,ORTA_TICARETHANE,35-04-K00590,KARSIYAKA,35,0,0,BAHARIYE,0,0,1,0,0.0,15.0,0,0,0.0,0,0.0,1,211737.2,0,0.0,27.1153283,38.4590517
3984.736,0,9239233,0,0.0,KUCUK_TICARETHANE,35-04-K02316,KARSIYAKA,35,0,0,GONCALAR,0,0,3,2,2716.042,5.0,0,0,0.0,0,0.0,1,1268.694,0,0.0,27.10686034,38.46630311
19825.008,0,9239629,0,0.0,ORTA_TICARETHANE,35-04-M01035,KARSIYAKA,35,0,0,ATAKENT,0,0,8,5,8130.532999999999,5.0649999999999995,0,0,0.0,0,0.0,3,11694.475,0,0.0,27.09120673,38.46474317
4820.489,0,9240025,0,0.0,KUCUK_TICARETHANE,35-04-M02425,KARSIYAKA,35,0,0,SEMIKLER,0,0,3,2,2324.747,5.0,0,0,0.0,0,0.0,1,2495.742,0,0.0,27.10074666,38.47532023
4400.995,0,9241499,0,0.0,KUCUK_TICARETHANE,35-04-K00358,KARSIYAKA,35,0,0,ORNEKKOY,0,0,2,1,4016.118,5.0,0,0,0.0,0,0.0,1,384.877,0,0.0,27.11024526,38.47877423
15653.071,0,9242301,0,0.0,KUCUK_TICARETHANE,35-04-K00833,KARSIYAKA,35,0,0,DONANMACI,0,0,8,5,8953.976999999999,5.83875,0,0,0.0,0,0.0,3,6699.093999999999,0,0.0,27.11411924,38.45697147
4992.085,0,9244622,0,0.0,KUCUK_TICARETHANE,35-04-K00363,KARSIYAKA,35,0,0,TUNA,0,0,1,0,0.0,5.0,0,0,0.0,0,0.0,1,4992.085,0,0.0,27.12465248,38.45765123
41384.581,0,9244655,0,0.0,ORTA_TICARETHANE,35-04-K01316,KARSIYAKA,35,0,0,DONANMACI,0,0,2,0,0.0,9.39,0,0,0.0,0,0.0,2,41384.581,0,0.0,27.11792479,38.45629004
102119.08499999999,0,9245876,0,0.0,ORTA_TICARETHANE,35-04-K01555,KARSIYAKA,35,0,0,DONANMACI,0,0,22,1,5395.467,7.7224545454545455,0,0,0.0,0,0.0,21,96723.618,0,0.0,27.11925006,38.45521433
76201.95,0,9246019,0,0.0,ORTA_TICARETHANE,35-04-K00476,KARSIYAKA,35,0,0,BOSTANLI,0,0,1,0,0.0,28.15,0,0,0.0,0,0.0,1,76201.95,0,0.0,27.09078091,38.45908412
6065.725,0,9246636,0,0.0,ORTA_TICARETHANE,35-04-K00282,KARSIYAKA,35,0,0,AKSOY,0,0,1,0,0.0,25.02,0,0,0.0,0,0.0,1,6065.725,0,0.0,27.11090466,38.45436133
33215.375,0,9246944,0,0.0,ORTA_TICARETHANE,35-04-K00282,KARSIYAKA,35,0,0,AKSOY,0,0,7,4,6074.019,7.138571428571429,0,0,0.0,0,0.0,3,27141.356,0,0.0,27.10958293,38.45473797
8259.548999999999,0,9247131,0,0.0,KUCUK_TICARETHANE,35-04-K00692,KARSIYAKA,35,0,0,TUNA,0,0,13,0,0.0,6.288692307692307,0,0,0.0,0,0.0,13,8259.548999999999,0,0.0,27.11713498,38.45764168
33304.759000000005,0,9247758,0,0.0,ORTA_TICARETHANE,35-04-K00928,KARSIYAKA,35,0,0,TUNA,0,0,6,4,1594.468,13.225000000000001,0,0,0.0,0,0.0,2,31710.291,0,0.0,27.12041626,38.45757421
12209.529999999999,0,9249275,0,0.0,ORTA_TICARETHANE,35-04-K00489,KARSIYAKA,35,0,0,BAHRIYE UCOK,0,0,2,0,0.0,5.0,0,0,0.0,0,0.0,2,12209.529999999999,0,0.0,27.11323058,38.45860705
33442.621,0,9249583,0,0.0,ORTA_TICARETHANE,35-04-K00590,KARSIYAKA,35,0,0,BAHARIYE,0,0,7,4,6470.635,6.492857142857143,0,0,0.0,0,0.0,3,26971.986,0,0.0,27.11574419,38.45836979
120944.16900000001,0,9251079,0,0.0,ORTA_TICARETHANE,35-04-K03390,KARSIYAKA,35,0,0,YALI,0,0,8,5,25754.502999999997,33.3775,0,0,0.0,0,0.0,3,95189.66600000001,0,0.0,27.08480758,38.47280892
21634.181,0,9251178,0,0.0,KUCUK_TICARETHANE,35-04-M02777,KARSIYAKA,35,0,0,BOSTANLI,0,0,8,5,12313.568000000001,10.242875,0,0,0.0,0,0.0,3,9320.613,0,0.0,27.09836254,38.45898068
361.834,0,9251420,0,0.0,ORTA_TICARETHANE,35-04-M01755,KARSIYAKA,35,0,0,IMBATLI,0,0,1,0,0.0,15.01,0,0,0.0,0,0.0,1,361.834,0,0.0,27.109235,38.47609523
628.794,0,9252179,0,0.0,KUCUK_TICARETHANE,35-04-M01027,KARSIYAKA,35,0,0,CUMHURIYET,0,0,1,0,0.0,5.0,0,0,0.0,0,0.0,1,628.794,0,0.0,27.09563562,38.48042233
42330.471,0,9252806,0,0.0,ORTA_TICARETHANE,35-04-K00111,KARSIYAKA,35,0,0,BOSTANLI,0,0,8,4,7838.625,6.0966249999999995,0,0,0.0,0,0.0,4,34491.846,0,0.0,27.09953532,38.45692014
7614.616,0,9253070,0,0.0,KUCUK_TICARETHANE,35-04-K02433,KARSIYAKA,35,0,0,TUNA,0,0,1,0,0.0,5.0,0,0,0.0,0,0.0,1,7614.616,0,0.0,27.1171354,38.45691875
17825.024,0,9253950,0,0.0,KUCUK_TICARETHANE,35-04-M01027,KARSIYAKA,35,0,0,CUMHURIYET,0,0,3,2,12916.969000000001,5.0,0,0,0.0,0,0.0,1,4908.055,0,0.0,27.09619788,38.48048076
26460.747,0,9254929,0,0.0,ORTA_TICARETHANE,35-04-M01186,KARSIYAKA,35,0,0,YALI,0,0,8,5,9854.155999999999,5.8375,0,0,0.0,0,0.0,3,16606.591,0,0.0,27.09643314,38.46616641
0.0,0,9255082,0,0.0,KUCUK_TICARETHANE,35-04-M01873,KARSIYAKA,35,0,0,CUMHURIYET,0,0,1,0,0.0,8.35,0,0,0.0,0,0.0,1,0.0,0,0.0,27.0908959,38.48223992
28624.341,0,9255137,0,0.0,KUCUK_TICARETHANE,35-04-K03204,KARSIYAKA,35,0,0,DONANMACI,0,0,18,12,19322.939000000002,5.372777777777777,0,0,0.0,0,0.0,6,9301.402,0,0.0,27.1119885,38.4561839
64880.125,0,9255159,0,0.0,ORTA_TICARETHANE,35-04-M02777,KARSIYAKA,35,0,0,BOSTANLI,0,0,28,19,34290.559,5.7005357142857145,0,0,0.0,0,0.0,9,30589.566,0,0.0,27.09741288,38.45829628
7006.862999999999,0,9255746,0,0.0,KUCUK_TICARETHANE,35-04-K00358,KARSIYAKA,35,0,0,ORNEKKOY,0,0,2,1,3778.017,5.0,0,0,0.0,0,0.0,1,3228.846,0,0.0,27.10894103,38.48005466
3375.073,0,9255768,0,0.0,KUCUK_TICARETHANE,35-04-K00476,KARSIYAKA,35,0,0,BOSTANLI,0,0,2,1,1825.629,5.0,0,0,0.0,0,0.0,1,1549.444,0,0.0,27.09107359,38.45909741
135.471,0,9256538,0,0.0,KUCUK_TICARETHANE,35-09-M00207,CIGLI,35,0,0,CUMHURIYET,0,0,1,0,0.0,10.93,0,0,0.0,0,0.0,1,135.471,0,0.0,27.0523411,38.53699562
11368.716,0,9257363,0,0.0,KUCUK_TICARETHANE,35-04-K03975,KARSIYAKA,35,0,0,YALI,0,0,6,4,7673.454,5.266666666666667,0,0,0.0,0,0.0,2,3695.2619999999997,0,0.0,27.09278719,38.46950486
33291.693,0,9257770,0,0.0,KUCUK_TICARETHANE,35-04-K01735,KARSIYAKA,35,0,0,DEDEBASI,0,0,15,9,26163.968,6.390666666666666,0,0,0.0,0,0.0,6,7127.725,0,0.0,27.10887004,38.47012175
31615.892,0,9257781,0,0.0,KUCUK_TICARETHANE,35-04-K00833,KARSIYAKA,35,0,0,DONANMACI,0,0,19,13,26277.565,5.1763157894736835,0,0,0.0,0,0.0,6,5338.326999999999,0,0.0,27.11436102,38.45605317
48521.86,0,9258144,0,0.0,ORTA_TICARETHANE,35-04-K01555,KARSIYAKA,35,0,0,DONANMACI,0,0,1,0,0.0,45.515,0,0,0.0,0,0.0,1,48521.86,0,0.0,27.1179242,38.45563796
24004.545,0,9258617,0,0.0,ORTA_TICARETHANE,35-04-K00191,KARSIYAKA,35,0,0,BOSTANLI,0,0,11,7,13000.884,6.578181818181818,0,0,0.0,0,0.0,4,11003.661,0,0.0,27.09301689,38.46171527
64178.833,0,9258661,0,0.0,ORTA_TICARETHANE,35-04-K04188,KARSIYAKA,35,0,0,TUNA,0,0,28,8,20714.677,5.424285714285714,0,0,0.0,0,0.0,20,43464.156,0,0.0,27.11772261,38.45789022
12735.953,0,9259288,0,0.0,KUCUK_TICARETHANE,35-04-K01692,KARSIYAKA,35,0,0,NERGIZ,0,0,6,3,3592.4030000000002,5.566666666666666,0,0,0.0,0,0.0,3,9143.55,0,0.0,27.10527663,38.46143302
30241.542999999998,0,9260047,0,0.0,ORTA_TICARETHANE,35-04-K01316,KARSIYAKA,35,0,0,DONANMACI,0,0,8,5,10589.817,5.73125,0,0,0.0,0,0.0,3,19651.726,0,0.0,27.11749397,38.45582961
326360.349,0,9260168,0,0.0,ORTA_TICARETHANE,35-04-K01990,KARSIYAKA,35,0,0,TUNA,0,0,15,1,217.872,8.246666666666666,0,0,0.0,0,0.0,14,326142.47699999996,0,0.0,27.11943046,38.45578744
28931.075,0,9260234,0,0.0,KUCUK_TICARETHANE,35-04-K03058,KARSIYAKA,35,0,0,DEDEBASI,0,0,14,9,19365.006999999998,10.7045,0,0,0.0,0,0.0,5,9566.068,0,0.0,27.10449504,38.47036674
14388.669999999998,0,9260256,0,0.0,KUCUK_TICARETHANE,35-04-K00476,KARSIYAKA,35,0,0,BOSTANLI,0,0,5,3,8099.744,6.32,0,0,0.0,0,0.0,2,6288.9259999999995,0,0.0,27.09426118,38.45861136
6104.2570000000005,0,9261191,0,0.0,KUCUK_TICARETHANE,35-04-K04188,KARSIYAKA,35,0,0,TUNA,0,0,3,2,5094.030000000001,8.35,0,0,0.0,0,0.0,1,1010.227,0,0.0,27.11869644,38.45817916
1589.681,0,9262533,0,0.0,KUCUK_TICARETHANE,35-04-K00215,KARSIYAKA,35,0,0,SEMIKLER,0,0,2,0,0.0,5.0,0,0,0.0,0,0.0,2,1589.681,0,0.0,27.09285795,38.47863119
6406.0000001,0,9263984,0,0.0,KUCUK_TICARETHANE,35-04-K01433,KARSIYAKA,35,0,0,DEDEBASI,0,0,3,2,6405.093,5.0,0,0,0.0,0,0.0,1,0.9070001,0,0.0,27.10548762,38.46788856
39310.076,0,9264633,0,0.0,ORTA_TICARETHANE,35-04-K01411,KARSIYAKA,35,0,0,GONCALAR,0,0,6,3,5518.158,5.991666666666667,0,0,0.0,0,0.0,3,33791.918000000005,0,0.0,27.10039143,38.46439475
5989.459000000001,0,9264688,0,0.0,KUCUK_TICARETHANE,35-04-K00833,KARSIYAKA,35,0,0,DONANMACI,0,0,6,4,5164.934,6.116666666666667,0,0,0.0,0,0.0,2,824.525,0,0.0,27.11422688,38.45660715
48887.873,0,9264798,0,0.0,ORTA_TICARETHANE,35-04-K01692,KARSIYAKA,35,0,0,NERGIZ,0,0,14,9,17304.011,5.871428571428572,0,0,0.0,0,0.0,5,31583.862,0,0.0,27.10564546,38.46287924
11105.449999999999,0,9266129,0,0.0,KUCUK_TICARETHANE,35-09-M00209,CIGLI,35,0,0,HARMANDALI GAZI MUSTAFA KEMAL ATATURK,0,0,3,1,7082.142,5.0,0,0,0.0,0,0.0,2,4023.308,0,0.0,27.05149649,38.53372681
107614.7,0,9266327,0,0.0,ORTA_TICARETHANE,35-04-M01033,KARSIYAKA,35,0,0,BAHCELIEVLER,0,0,1,0,0.0,79.154,0,0,0.0,0,0.0,1,107614.7,0,0.0,27.113345,38.4679717
36869.834,0,9266393,0,0.0,ORTA_TICARETHANE,35-04-K00282,KARSIYAKA,35,0,0,AKSOY,0,0,13,9,14077.602,5.0,0,0,0.0,0,0.0,4,22792.232,0,0.0,27.11140629,38.4547377
63816.771,0,9266470,0,0.0,ORTA_TICARETHANE,35-04-K00476,KARSIYAKA,35,0,0,BOSTANLI,0,0,6,2,3893.1090000000004,7.898333333333333,0,0,0.0,0,0.0,4,59923.662,0,0.0,27.09399186,38.45891536
23765.056,0,9267473,0,0.0,ORTA_TICARETHANE,35-04-K01064,KARSIYAKA,35,0,0,BAHARIYE,0,0,12,7,11814.190999999999,5.279166666666667,0,0,0.0,0,0.0,5,11950.865,0,0.0,27.11839204,38.46015224
4078.22,0,9267748,0,0.0,KUCUK_TICARETHANE,35-04-K02940,KARSIYAKA,35,0,0,SEMIKLER,0,0,1,0,0.0,5.0,0,0,0.0,0,0.0,1,4078.22,0,0.0,27.09780927,38.4768022
453.083,0,9268458,0,0.0,ORTA_TICARETHANE,35-04-K03766,KARSIYAKA,35,0,0,ORNEKKOY,0,0,1,0,0.0,17.94,0,0,0.0,0,0.0,1,453.083,0,0.0,27.11271386,38.47592074
178874.811,0,9269188,0,0.0,ORTA_TICARETHANE,35-04-K00833,KARSIYAKA,35,0,0,DONANMACI,0,0,18,1,7262.374,17.016666666666666,0,0,0.0,0,0.0,17,171612.437,0,0.0,27.11481363,38.45735653
10338.007,0,9269218,0,0.0,KUCUK_TICARETHANE,35-04-K00681,KARSIYAKA,35,0,0,DONANMACI,0,0,5,3,7454.103,5.0,0,0,0.0,0,0.0,2,2883.904,0,0.0,27.11624872,38.45359712
74226.7,0,9270378,0,0.0,ORTA_TICARETHANE,35-04-K03224,KARSIYAKA,35,0,0,DONANMACI,0,0,1,0,0.0,32.13,0,0,0.0,0,0.0,1,74226.7,0,0.0,27.11820911,38.4550708
8985.181,0,9270978,0,0.0,KUCUK_TICARETHANE,35-04-K00833,KARSIYAKA,35,0,0,DONANMACI,0,0,6,4,6995.091,5.0,0,0,0.0,0,0.0,2,1990.0900000000001,0,0.0,27.11424035,38.45511802
50507.678,0,9271548,0,0.0,ORTA_TICARETHANE,35-04-M01741,KARSIYAKA,35,0,0,ORNEKKOY,0,0,6,4,9050.978,5.558333333333334,0,0,0.0,0,0.0,2,41456.7,0,0.0,27.11066835,38.48037632
60593.74,0,9272267,0,0.0,ORTA_TICARETHANE,35-04-K00692,KARSIYAKA,35,0,0,TUNA,0,0,1,0,0.0,28.49,0,0,0.0,0,0.0,1,60593.74,0,0.0,27.11641001,38.45780263
74715.265,0,9272457,0,0.0,ORTA_TICARETHANE,35-04-K01990,KARSIYAKA,35,0,0,TUNA,0,0,6,4,7483.656,11.133333333333333,0,0,0.0,0,0.0,2,67231.609,0,0.0,27.11942454,38.45594346
13109.576,0,9272657,0,0.0,KUCUK_TICARETHANE,35-04-K01746,KARSIYAKA,35,0,0,DONANMACI,0,0,4,2,3855.559,5.0,0,0,0.0,0,0.0,2,9254.017,0,0.0,27.11606568,38.45669906
87809.48700000001,0,9272858,0,0.0,ORTA_TICARETHANE,35-04-K00289,KARSIYAKA,35,0,0,DONANMACI,0,0,6,4,10815.377,7.786666666666666,0,0,0.0,0,0.0,2,76994.11,0,0.0,27.11588511,38.45754493
31104.737,0,9273758,0,0.0,KUCUK_TICARETHANE,35-04-M01179,KARSIYAKA,35,0,0,DEDEBASI,0,0,14,9,24976.345999999998,10.756428571428572,0,0,0.0,0,0.0,5,6128.391,0,0.0,27.10366492,38.46990306
276226.704,0,9274598,0,0.0,ORTA_TICARETHANE,35-04-K01555,KARSIYAKA,35,0,0,DONANMACI,0,0,90,0,0.0,5.983999999999999,0,0,0.0,0,0.0,90,276226.704,0,0.0,27.11809277,38.45603657
13400.071,0,9274658,0,0.0,KUCUK_TICARETHANE,35-04-K03204,KARSIYAKA,35,0,0,DONANMACI,0,0,10,6,11052.404,5.335,0,0,0.0,0,0.0,4,2347.6670000000004,0,0.0,27.11208161,38.45653735
10815.011,0,9276277,0,0.0,KUCUK_TICARETHANE,35-04-K04012,KARSIYAKA,35,0,0,ORNEKKOY,0,0,3,2,6632.103,5.0,0,0,0.0,0,0.0,1,4182.908,0,0.0,27.10298014,38.48232301
11829.848,0,9276777,0,0.0,KUCUK_TICARETHANE,35-04-K03676,KARSIYAKA,35,0,0,BAHRIYE UCOK,0,0,8,5,6961.05,6.2575,0,0,0.0,0,0.0,3,4868.798,0,0.0,27.11400075,38.46030197
4105.6849999999995,0,9277647,0,0.0,KUCUK_TICARETHANE,35-04-M02100,KARSIYAKA,35,0,0,IMBATLI,0,0,2,1,560.148,7.81,0,0,0.0,0,0.0,1,3545.537,0,0.0,27.10846874,38.47300769
0.0,0,9277707,0,0.0,KUCUK_TICARETHANE,35-04-K03022,KARSIYAKA,35,0,0,YALI,0,0,1,0,0.0,8.35,0,0,0.0,0,0.0,1,0.0,0,0.0,27.08821433,38.47335676
25523.673000000003,0,9277847,0,0.0,KUCUK_TICARETHANE,35-04-M01174,KARSIYAKA,35,0,0,YALI,0,0,13,9,18595.74,11.031538461538462,0,0,0.0,0,0.0,4,6927.933000000001,0,0.0,27.09741479,38.46670439
2728.727,0,9278097,0,0.0,KUCUK_TICARETHANE,35-04-K01746,KARSIYAKA,35,0,0,DONANMACI,0,0,1,0,0.0,9.48,0,0,0.0,0,0.0,1,2728.727,0,0.0,27.11644504,38.45607682
17392.62,0,9278587,0,0.0,ORTA_TICARETHANE,35-04-K01990,KARSIYAKA,35,0,0,TUNA,0,0,1,0,0.0,29.85,0,0,0.0,0,0.0,1,17392.62,0,0.0,27.12019167,38.45711878
37711.214,0,9279846,0,0.0,ORTA_TICARETHANE,35-04-K03844,KARSIYAKA,35,0,0,TUNA,0,0,6,4,8620.22,5.875,0,0,0.0,0,0.0,2,29090.994000000002,0,0.0,27.11891485,38.45601955
26469.785,0,9280486,0,0.0,ORTA_TICARETHANE,35-04-K01109,KARSIYAKA,35,0,0,TUNA,0,0,16,2,2542.51,5.3975,0,0,0.0,0,0.0,14,23927.275,0,0.0,27.11811726,38.45664854
263.699,0,9280656,0,0.0,KUCUK_TICARETHANE,35-04-K01555,KARSIYAKA,35,0,0,DONANMACI,0,0,1,0,0.0,8.35,0,0,0.0,0,0.0,1,263.699,0,0.0,27.11824435,38.45589164
52831.531,0,9281066,0,0.0,ORTA_TICARETHANE,35-04-K01109,KARSIYAKA,35,0,0,DONANMACI,0,0,6,2,2548.0249999999996,10.353333333333333,0,0,0.0,0,0.0,4,50283.506,0,0.0,27.11801314,38.45641603
15886.064,0,9281746,0,0.0,KUCUK_TICARETHANE,35-04-K03844,KARSIYAKA,35,0,0,TUNA,0,0,6,4,6110.484,5.558333333333334,0,0,0.0,0,0.0,2,9775.580000000002,0,0.0,27.11923428,38.45711475
99935.647,0,9282254,0,0.0,ORTA_TICARETHANE,35-04-K00476,KARSIYAKA,35,0,0,BOSTANLI,0,0,6,4,6766.2480000000005,23.900000000000002,0,0,0.0,0,0.0,2,93169.39899999999,0,0.0,27.09329139,38.4591661
123931.693,0,9282624,0,0.0,ORTA_TICARETHANE,35-04-K04689,KARSIYAKA,35,0,0,BOSTANLI,0,0,16,10,16066.706,6.7675,0,0,0.0,0,0.0,6,107864.98700000001,0,0.0,27.09661005,38.45773213
14765.27,0,9283634,0,0.0,ORTA_TICARETHANE,35-09-M00208,CIGLI,35,0,0,HARMANDALI GAZI MUSTAFA KEMAL ATATURK,0,0,1,0,0.0,29.0,0,0,0.0,0,0.0,1,14765.27,0,0.0,27.0500733,38.5345667
28194.614999999998,0,9284064,0,0.0,ORTA_TICARETHANE,35-04-K00017,KARSIYAKA,35,0,0,TUNA,0,0,13,9,16326.788,5.0307692307692315,0,0,0.0,0,0.0,4,11867.827,0,0.0,27.12182783,38.45836805
6735.575,0,9285264,0,0.0,ORTA_TICARETHANE,35-04-M02100,KARSIYAKA,35,0,0,IMBATLI,0,0,1,0,0.0,15.01,0,0,0.0,0,0.0,1,6735.575,0,0.0,27.10845306,38.47214205
3897.8,0,9286286,0,0.0,KUCUK_TICARETHANE,35-04-K03214,KARSIYAKA,35,0,0,DEDEBASI,0,0,1,0,0.0,5.0,0,0,0.0,0,0.0,1,3897.8,0,0.0,27.10377629,38.47455278
18703.488,0,9286716,0,0.0,KUCUK_TICARETHANE,35-04-K00885,KARSIYAKA,35,0,0,YALI,0,0,7,4,9544.371,5.034285714285715,0,0,0.0,0,0.0,3,9159.117,0,0.0,27.08958563,38.46659506
3966.179,0,9287226,0,0.0,KUCUK_TICARETHANE,35-04-K03214,KARSIYAKA,35,0,0,DEDEBASI,0,0,1,0,0.0,12.43,0,0,0.0,0,0.0,1,3966.179,0,0.0,27.10526399,38.47375872
53676.172,0,9288216,0,0.0,ORTA_TICARETHANE,35-04-K00849,KARSIYAKA,35,0,0,BOSTANLI,0,0,21,14,35329.702000000005,5.913,0,0,0.0,0,0.0,7,18346.469999999998,0,0.0,27.09520111,38.4586771
3802.219,0,9288936,0,0.0,KUCUK_TICARETHANE,35-04-K01316,KARSIYAKA,35,0,0,DONANMACI,0,0,1,0,0.0,8.1,0,0,0.0,0,0.0,1,3802.219,0,0.0,27.11769416,38.45624981
30808.649,0,9289296,0,0.0,ORTA_TICARETHANE,35-04-K03082,KARSIYAKA,35,0,0,ZUBEYDE HANIM,0,0,3,2,7386.409,9.936666666666667,0,0,0.0,0,0.0,1,23422.24,0,0.0,27.11523524,38.49147066
6197.422,0,9289356,0,0.0,KUCUK_TICARETHANE,35-04-K00590,KARSIYAKA,35,0,0,BAHARIYE,0,0,6,4,4315.297,5.558333333333334,0,0,0.0,0,0.0,2,1882.125,0,0.0,27.1155731,38.4591658
31106.501,0,9289526,0,0.0,ORTA_TICARETHANE,35-04-K01746,KARSIYAKA,35,0,0,DONANMACI,0,0,13,9,15772.884,5.357692307692308,0,0,0.0,0,0.0,4,15333.617,0,0.0,27.11587109,38.45652998
40136.65,0,9289796,0,0.0,ORTA_TICARETHANE,35-04-K03390,KARSIYAKA,35,0,0,YALI,0,0,1,0,0.0,55.1,0,0,0.0,0,0.0,1,40136.65,0,0.0,27.08446745,38.47242202
48652.126000000004,0,9290387,0,0.0,ORTA_TICARETHANE,35-04-K01316,KARSIYAKA,35,0,0,DONANMACI,0,0,21,1,1077.252,5.187619047619047,0,0,0.0,0,0.0,20,47574.873999999996,0,0.0,27.11750374,38.45500377
2554.292,0,9290887,0,0.0,KUCUK_TICARETHANE,35-04-K01316,KARSIYAKA,35,0,0,DONANMACI,0,0,1,0,0.0,5.0,0,0,0.0,0,0.0,1,2554.292,0,0.0,27.11741677,38.45576827
15139.548999999999,0,9290947,0,0.0,ORTA_TICARETHANE,35-04-K00928,KARSIYAKA,35,0,0,TUNA,0,0,8,4,4656.182,6.795249999999999,0,0,0.0,0,0.0,4,10483.367,0,0.0,27.12005396,38.45774119
19759.633,0,9290997,0,0.0,ORTA_TICARETHANE,35-04-M02100,KARSIYAKA,35,0,0,IMBATLI,0,0,3,0,0.0,5.0,0,0,0.0,0,0.0,3,19759.633,0,0.0,27.10793786,38.47221441
118367.154,0,9291167,0,0.0,ORTA_TICARETHANE,35-04-K03012,KARSIYAKA,35,0,0,IMBATLI,0,0,26,14,34027.481,9.42153846153846,0,0,0.0,0,0.0,12,84339.67300000001,0,0.0,27.11101755,38.47431631
9875.875,0,9291757,0,0.0,KUCUK_TICARETHANE,35-04-K00833,KARSIYAKA,35,0,0,DONANMACI,0,0,7,4,8615.012,5.0,0,0,0.0,0,0.0,3,1260.8629999999998,0,0.0,27.11389214,38.45587132
15776.887,0,9291767,0,0.0,ORTA_TICARETHANE,35-04-K01746,KARSIYAKA,35,0,0,DONANMACI,0,0,6,3,5196.373,5.558333333333334,0,0,0.0,0,0.0,3,10580.514000000001,0,0.0,27.11684244,38.45578967
49418.801,0,9292487,0,0.0,ORTA_TICARETHANE,35-04-K01555,KARSIYAKA,35,0,0,DONANMACI,0,0,37,3,3311.424,5.498918918918919,0,0,0.0,0,0.0,34,46107.377,0,0.0,27.11844164,38.45549645
19695.969,0,9292807,0,0.0,KUCUK_TICARETHANE,35-04-M02425,KARSIYAKA,35,0,0,SEMIKLER,0,0,8,5,16115.046,6.699999999999999,0,0,0.0,0,0.0,3,3580.923,0,0.0,27.09969069,38.47456361
608462.89,0,9293297,0,0.0,ORTA_TICARETHANE,35-04-K02423,KARSIYAKA,35,0,0,MAVISEHIR,0,0,3,0,0.0,30.776666666666667,0,0,0.0,0,0.0,3,608462.89,0,0.0,27.076545,38.46793
714.547,0,9293777,0,0.0,KUCUK_TICARETHANE,35-04-M02326,KARSIYAKA,35,0,0,ORNEKKOY,0,0,1,0,0.0,5.0,0,0,0.0,0,0.0,1,714.547,0,0.0,27.10992263,38.47691284
4991.542,0,9293837,0,0.0,KUCUK_TICARETHANE,35-04-M01360,KARSIYAKA,35,0,0,CUMHURIYET,0,0,2,1,4989.777,5.635,0,0,0.0,0,0.0,1,1.765,0,0.0,27.0922984,38.48424421
27343.005,0,9293877,0,0.0,ORTA_TICARETHANE,35-04-M01755,KARSIYAKA,35,0,0,IMBATLI,0,0,2,0,0.0,10.004999999999999,0,0,0.0,0,0.0,2,27343.005,0,0.0,27.10910663,38.4749967
7568.219,0,9294737,0,0.0,KUCUK_TICARETHANE,35-04-K04601,KARSIYAKA,35,0,0,BAHARIYE,0,0,1,0,0.0,5.0,0,0,0.0,0,0.0,1,7568.219,0,0.0,27.12243366,38.46124136
12267.22,0,9294747,0,0.0,ORTA_TICARETHANE,35-04-K00053,KARSIYAKA,35,0,0,BOSTANLI,0,0,1,0,0.0,8.69,0,0,0.0,0,0.0,1,12267.22,0,0.0,27.10626598,38.45513671
96376.287,0,9295417,0,0.0,ORTA_TICARETHANE,35-04-K00289,KARSIYAKA,35,0,0,TUNA,0,0,26,0,0.0,5.583846153846154,0,0,0.0,0,0.0,26,96376.287,0,0.0,27.11671693,38.45701854
41931.754,0,9295747,0,0.0,ORTA_TICARETHANE,35-04-K00294,KARSIYAKA,35,0,0,BAHCELIEVLER,0,0,3,0,0.0,5.0,0,0,0.0,0,0.0,3,41931.754,0,0.0,27.1213112,38.46430108
7391.858,0,9295817,0,0.0,ORTA_TICARETHANE,35-04-K04013,KARSIYAKA,35,0,0,CUMHURIYET,0,0,1,0,0.0,15.7,0,0,0.0,0,0.0,1,7391.858,0,0.0,27.09172761,38.48089009
32100.13,0,9296407,0,0.0,ORTA_TICARETHANE,35-04-K03224,KARSIYAKA,35,0,0,DONANMACI,0,0,1,0,0.0,59.35,0,0,0.0,0,0.0,1,32100.13,0,0.0,27.118215,38.4548617
66882.091,0,9296987,0,0.0,ORTA_TICARETHANE,35-04-K01316,KARSIYAKA,35,0,0,DONANMACI,0,0,8,4,13881.835000000001,5.41875,0,0,0.0,0,0.0,4,53000.255999999994,0,0.0,27.11778238,38.45433246
75685.612,0,9297087,0,0.0,ORTA_TICARETHANE,35-04-M02777,KARSIYAKA,35,0,0,BOSTANLI,0,0,16,10,26083.286,6.3093125,0,0,0.0,0,0.0,6,49602.326,0,0.0,27.09568828,38.45822128
77101.807,0,9297137,0,0.0,ORTA_TICARETHANE,35-04-K00289,KARSIYAKA,35,0,0,TUNA,0,0,32,2,1862.9500000000003,5.5234375,0,0,0.0,0,0.0,30,75238.857,0,0.0,27.11687639,38.45725975
2872.01,0,9297257,0,0.0,KUCUK_TICARETHANE,35-04-K00928,KARSIYAKA,35,0,0,TUNA,0,0,1,0,0.0,5.5,0,0,0.0,0,0.0,1,2872.01,0,0.0,27.12021966,38.45766693
42233.281,0,9297577,0,0.0,ORTA_TICARETHANE,35-04-K01360,KARSIYAKA,35,0,0,BAHARIYE,0,0,12,8,14565.081,5.490833333333334,0,0,0.0,0,0.0,4,27668.2,0,0.0,27.11627749,38.45986013
26677.981999999996,0,9297597,0,0.0,ORTA_TICARETHANE,35-04-K00288,KARSIYAKA,35,0,0,ALAYBEY,0,0,2,0,0.0,48.144999999999996,0,0,0.0,0,0.0,2,26677.981999999996,0,0.0,27.12493079,38.45924917
5246.277,0,9298597,0,0.0,KUCUK_TICARETHANE,35-04-K00358,KARSIYAKA,35,0,0,ORNEKKOY,0,0,3,2,4551.761,5.0,0,0,0.0,0,0.0,1,694.516,0,0.0,27.1100518,38.47720983
28812.012,0,9299197,0,0.0,ORTA_TICARETHANE,35-04-K01316,KARSIYAKA,35,0,0,DONANMACI,0,0,9,1,2776.588,7.214444444444445,0,0,0.0,0,0.0,8,26035.424,0,0.0,27.11780786,38.45583021
17871.694,0,9300067,0,0.0,KUCUK_TICARETHANE,35-09-M00207,CIGLI,35,0,0,CUMHURIYET,0,0,3,2,15243.196,5.0,0,0,0.0,0,0.0,1,2628.498,0,0.0,27.05266352,38.53575606
12790.49,0,9300227,0,0.0,ORTA_TICARETHANE,35-04-K04756,KARSIYAKA,35,0,0,LATIFE HANIM,0,0,1,0,0.0,8.28,0,0,0.0,0,0.0,1,12790.49,0,0.0,27.12155184,38.49972596
35520.59,0,9300627,0,0.0,ORTA_TICARETHANE,35-04-K00476,KARSIYAKA,35,0,0,BOSTANLI,0,0,5,3,6489.996,7.228,0,0,0.0,0,0.0,2,29030.594,0,0.0,27.09270707,38.45932664
70298.689,0,9300667,0,0.0,ORTA_TICARETHANE,35-04-K01555,KARSIYAKA,35,0,0,DONANMACI,0,0,15,1,1015.433,6.117333333333333,0,0,0.0,0,0.0,14,69283.25600000001,0,0.0,27.11829654,38.45569731
462.695,0,9301267,0,0.0,KUCUK_TICARETHANE,35-04-K00215,KARSIYAKA,35,0,0,SEMIKLER,0,0,3,2,382.811,5.0,0,0,0.0,0,0.0,1,79.884,0,0.0,27.08906813,38.47686877
528.584,0,9302387,0,0.0,KUCUK_TICARETHANE,35-04-K04756,KARSIYAKA,35,0,0,LATIFE HANIM,0,0,1,0,0.0,8.2,0,0,0.0,0,0.0,1,528.584,0,0.0,27.1209438,38.49950705
15887.1,0,9302397,0,0.0,ORTA_TICARETHANE,35-04-K04756,KARSIYAKA,35,0,0,LATIFE HANIM,0,0,1,0,0.0,8.2,0,0,0.0,0,0.0,1,15887.1,0,0.0,27.12095604,38.49943901
2257.774,0,9302407,0,0.0,KUCUK_TICARETHANE,35-04-K03082,KARSIYAKA,35,0,0,LATIFE HANIM,0,0,2,1,2257.774,5.0,0,0,0.0,0,0.0,1,0.0,0,0.0,27.11676757,38.4917166
2857.599,0,9302637,0,0.0,KUCUK_TICARETHANE,35-04-K00308,KARSIYAKA,35,0,0,SEMIKLER,0,0,1,0,0.0,5.0,0,0,0.0,0,0.0,1,2857.599,0,0.0,27.09051975,38.47919633
165200.588,0,9302647,0,0.0,ORTA_TICARETHANE,35-04-K00692,KARSIYAKA,35,0,0,TUNA,0,0,6,4,10617.785,43.96733333333333,0,0,0.0,0,0.0,2,154582.80299999999,0,0.0,27.11598912,38.45780706
7751.144,0,9302907,0,0.0,KUCUK_TICARETHANE,35-04-K03847,KARSIYAKA,35,0,0,YALI,0,0,3,2,4498.652,8.19,0,0,0.0,0,0.0,1,3252.492,0,0.0,27.09175677,38.46817131
70699.73,0,9303007,0,0.0,ORTA_TICARETHANE,35-04-K00289,KARSIYAKA,35,0,0,TUNA,0,0,1,0,0.0,15.01,0,0,0.0,0,0.0,1,70699.73,0,0.0,27.11669202,38.45717296
6793.757,0,9303157,0,0.0,KUCUK_TICARETHANE,35-04-M01755,KARSIYAKA,35,0,0,IMBATLI,0,0,2,1,4110.406,5.0,0,0,0.0,0,0.0,1,2683.351,0,0.0,27.10924067,38.47523342
32900.339,0,9303357,0,0.0,ORTA_TICARETHANE,35-04-K00017,KARSIYAKA,35,0,0,ALAYBEY,0,0,14,9,15043.519,5.107142857142857,0,0,0.0,0,0.0,5,17856.82,0,0.0,27.12023975,38.45924882
29817.69,0,9303417,0,0.0,ORTA_TICARETHANE,35-04-K03844,KARSIYAKA,35,0,0,TUNA,0,0,2,0,0.0,21.44,0,0,0.0,0,0.0,2,29817.69,0,0.0,27.11912652,38.45642995
6358.875,0,9303697,0,0.0,KUCUK_TICARETHANE,35-04-K00215,KARSIYAKA,35,0,0,SEMIKLER,0,0,3,2,4188.121,8.336666666666666,0,0,0.0,0,0.0,1,2170.754,0,0.0,27.09129378,38.4776535
48677.69,0,9303857,0,0.0,ORTA_TICARETHANE,35-04-K01555,KARSIYAKA,35,0,0,DONANMACI,0,0,1,0,0.0,43.84,0,0,0.0,0,0.0,1,48677.69,0,0.0,27.11880344,38.45524931
38133.381,0,9303867,0,0.0,ORTA_TICARETHANE,35-04-K00590,KARSIYAKA,35,0,0,BAHARIYE,0,0,11,2,2362.822,5.304545454545455,0,0,0.0,0,0.0,9,35770.559,0,0.0,27.11557767,38.45921983
85561.271,0,9304298,0,0.0,ORTA_TICARETHANE,35-04-K03847,KARSIYAKA,35,0,0,YALI,0,0,13,9,25996.781,13.00523076923077,0,0,0.0,0,0.0,4,59564.49,0,0.0,27.09214323,38.46928008
33455.307,0,9304468,0,0.0,ORTA_TICARETHANE,35-04-K00288,KARSIYAKA,35,0,0,TERSANE,0,0,13,9,13661.923999999999,5.773846153846154,0,0,0.0,0,0.0,4,19793.383,0,0.0,27.12426703,38.46074075
66165.517,0,9304508,0,0.0,ORTA_TICARETHANE,35-04-K03778,KARSIYAKA,35,0,0,SEMIKLER,0,0,3,0,0.0,8.336666666666666,0,0,0.0,0,0.0,3,66165.517,0,0.0,27.09685533,38.47198616
77363.28,0,9304518,0,0.0,ORTA_TICARETHANE,35-04-K00277,KARSIYAKA,35,0,0,AKSOY,0,0,1,0,0.0,189.56,0,0,0.0,0,0.0,1,77363.28,0,0.0,27.10710263,38.45469099
5809.072,0,9305528,0,0.0,KUCUK_TICARETHANE,35-04-K00590,KARSIYAKA,35,0,0,BAHARIYE,0,0,1,0,0.0,11.32,0,0,0.0,0,0.0,1,5809.072,0,0.0,27.11556815,38.45829578
8271.919000000002,0,9305678,0,0.0,KUCUK_TICARETHANE,35-04-M02466,KARSIYAKA,35,0,0,INONU,0,0,3,2,5356.8,5.126666666666666,0,0,0.0,0,0.0,1,2915.119,0,0.0,27.0999389,38.48509711
36120.62,0,9306108,0,0.0,ORTA_TICARETHANE,35-04-K00037,KARSIYAKA,35,0,0,TERSANE,0,0,8,5,9107.395,5.02,0,0,0.0,0,0.0,3,27013.225,0,0.0,27.12586314,38.46170563
11210.98,0,9308629,0,0.0,ORTA_TICARETHANE,35-04-K01760,KARSIYAKA,35,0,0,DONANMACI,0,0,1,0,0.0,5.26,0,0,0.0,0,0.0,1,11210.98,0,0.0,27.11867622,38.45592559
34577.192,0,9308639,0,0.0,ORTA_TICARETHANE,35-04-K01990,KARSIYAKA,35,0,0,TUNA,0,0,21,0,0.0,5.488095238095238,0,0,0.0,0,0.0,21,34577.192,0,0.0,27.11935336,38.4558684
36028.84,0,9309009,0,0.0,ORTA_TICARETHANE,35-04-K04188,KARSIYAKA,35,0,0,TUNA,0,0,1,0,0.0,5.0,0,0,0.0,0,0.0,1,36028.84,0,0.0,27.11881372,38.45856722
0.0,0,9309159,0,0.0,KUCUK_TICARETHANE,35-04-K01482,KARSIYAKA,35,0,0,SEMIKLER,0,0,1,0,0.0,8.333,0,0,0.0,0,0.0,1,0.0,0,0.0,27.09616341,38.47384805
33320.883,0,9309689,0,0.0,ORTA_TICARETHANE,35-04-K00706,KARSIYAKA,35,0,0,NERGIZ,0,0,13,9,13778.97,5.257692307692308,0,0,0.0,0,0.0,4,19541.913,0,0.0,27.10705196,38.46103164
2689.863,0,9310979,0,0.0,KUCUK_TICARETHANE,35-04-M01741,KARSIYAKA,35,0,0,ORNEKKOY,0,0,1,0,0.0,5.0,0,0,0.0,0,0.0,1,2689.863,0,0.0,27.11050335,38.48035229
20243.887,0,9311119,0,0.0,KUCUK_TICARETHANE,35-04-K01746,KARSIYAKA,35,0,0,DONANMACI,0,0,8,4,11264.731,5.0,0,0,0.0,0,0.0,4,8979.155999999999,0,0.0,27.1160195,38.4569562
3475.64,0,9311379,0,0.0,KUCUK_TICARETHANE,35-04-K03214,KARSIYAKA,35,0,0,DEDEBASI,0,0,1,0,0.0,7.45,0,0,0.0,0,0.0,1,3475.64,0,0.0,27.10389111,38.47476647
66319.90299999999,0,9311859,0,0.0,ORTA_TICARETHANE,35-04-K03975,KARSIYAKA,35,0,0,YALI,0,0,13,9,21292.509,5.323076923076924,0,0,0.0,0,0.0,4,45027.394,0,0.0,27.09322461,38.46806847
17592.366,0,9312109,0,0.0,KUCUK_TICARETHANE,35-04-K00215,KARSIYAKA,35,0,0,SEMIKLER,0,0,7,4,10098.525000000001,5.957142857142857,0,0,0.0,0,0.0,3,7493.841,0,0.0,27.09311665,38.47894808
87691.052,0,9312259,0,0.0,ORTA_TICARETHANE,35-04-K00930,KARSIYAKA,35,0,0,NERGIZ,0,0,25,13,26722.888,5.268,0,0,0.0,0,0.0,12,60968.164,0,0.0,27.10481521,38.45977368
96541.628,0,9312629,0,0.0,ORTA_TICARETHANE,35-04-K03074,KARSIYAKA,35,0,0,AKSOY,0,0,33,20,44542.729,5.516666666666667,0,0,0.0,0,0.0,13,51998.899,0,0.0,27.10910308,38.45478994
7512.291,0,9313879,0,0.0,KUCUK_TICARETHANE,35-04-K01450,KARSIYAKA,35,0,0,YALI,0,0,2,1,1759.546,5.0,0,0,0.0,0,0.0,1,5752.745,0,0.0,27.08801181,38.46875137
2195.27,0,9314009,0,0.0,KUCUK_TICARETHANE,35-04-K00197,KARSIYAKA,35,0,0,SEMIKLER,0,0,2,1,2021.672,8.35,0,0,0.0,0,0.0,1,173.598,0,0.0,27.09421456,38.47135993
1532.653,0,9314149,0,0.0,KUCUK_TICARETHANE,35-04-M02875,KARSIYAKA,35,0,0,ORNEKKOY,0,0,1,0,0.0,5.0,0,0,0.0,0,0.0,1,1532.653,0,0.0,27.10595433,38.48416935
6795.755,0,9314179,0,0.0,KUCUK_TICARETHANE,35-04-M02404,KARSIYAKA,35,0,0,CUMHURIYET,0,0,3,2,6664.5599999999995,8.040000000000001,0,0,0.0,0,0.0,1,131.195,0,0.0,27.10319728,38.47837651
35646.192,0,9314369,0,0.0,ORTA_TICARETHANE,35-04-K01990,KARSIYAKA,35,0,0,TUNA,0,0,2,0,0.0,15.57,0,0,0.0,0,0.0,2,35646.192,0,0.0,27.11990111,38.45692787
79.342,0,9314549,0,0.0,KUCUK_TICARETHANE,35-04-K04013,KARSIYAKA,35,0,0,CUMHURIYET,0,0,2,0,0.0,10.004999999999999,0,0,0.0,0,0.0,2,79.342,0,0.0,27.09009163,38.48217441
44503.32399999999,0,9314609,0,0.0,ORTA_TICARETHANE,35-04-K01034,KARSIYAKA,35,0,0,DEMIRKOPRU,0,0,11,7,13490.431999999999,5.61,0,0,0.0,0,0.0,4,31012.892,0,0.0,27.09960943,38.46980989
48474.234,0,9314729,0,0.0,ORTA_TICARETHANE,35-04-K00930,KARSIYAKA,35,0,0,NERGIZ,0,0,13,7,14758.722999999998,5.5661538461538465,0,0,0.0,0,0.0,6,33715.511,0,0.0,27.10527603,38.45976595
6033.568,0,9314879,0,0.0,KUCUK_TICARETHANE,35-04-M01027,KARSIYAKA,35,0,0,CUMHURIYET,0,0,2,1,374.612,8.35,0,0,0.0,0,0.0,1,5658.956,0,0.0,27.09620274,38.48127469
45761.29,0,9315069,0,0.0,ORTA_TICARETHANE,35-04-K01589,KARSIYAKA,35,0,0,BAHRIYE UCOK,0,0,13,9,14747.010999999999,5.553846153846154,0,0,0.0,0,0.0,4,31014.279000000002,0,0.0,27.11062752,38.45918391
18722.426,0,9315599,0,0.0,KUCUK_TICARETHANE,35-04-K00254,KARSIYAKA,35,0,0,BAHRIYE UCOK,0,0,12,7,10006.687,5.77,0,0,0.0,0,0.0,5,8715.739000000001,0,0.0,27.11379118,38.45999731
58813.41,0,9315639,0,0.0,ORTA_TICARETHANE,35-04-M02425,KARSIYAKA,35,0,0,SEMIKLER,0,0,1,0,0.0,5.54,0,0,0.0,0,0.0,1,58813.41,0,0.0,27.10108206,38.47527714
560.302,0,9315669,0,0.0,KUCUK_TICARETHANE,35-04-K00166,KARSIYAKA,35,0,0,BAHARIYE,0,0,1,0,0.0,5.0,0,0,0.0,0,0.0,1,560.302,0,0.0,27.12069217,38.46054074
908.3489999999999,0,9315709,0,0.0,KUCUK_TICARETHANE,35-09-M01308,CIGLI,35,0,0,AHMET EFENDI,0,0,2,0,0.0,5.0,0,0,0.0,0,0.0,2,908.3489999999999,0,0.0,27.04077001,38.52121963
56418.347,0,9315939,0,0.0,ORTA_TICARETHANE,35-04-M02777,KARSIYAKA,35,0,0,BOSTANLI,0,0,13,8,18084.281,10.024076923076922,0,0,0.0,0,0.0,5,38334.066,0,0.0,27.09706767,38.458316
28857.419,0,9318118,0,0.0,ORTA_TICARETHANE,35-04-K03734,KARSIYAKA,35,0,0,BOSTANLI,0,0,9,6,17816.081,5.372222222222223,0,0,0.0,0,0.0,3,11041.338,0,0.0,27.10504177,38.45523521
32208.052,0,9318718,0,0.0,ORTA_TICARETHANE,35-04-K03010,KARSIYAKA,35,0,0,YALI,0,0,13,9,14347.996,5.257692307692308,0,0,0.0,0,0.0,4,17860.056,0,0.0,27.08969353,38.46703624
3384.691,0,9320508,0,0.0,ORTA_TICARETHANE,35-04-K00197,KARSIYAKA,35,0,0,SEMIKLER,0,0,1,0,0.0,20.5,0,0,0.0,0,0.0,1,3384.691,0,0.0,27.09364849,38.47101827
15346.184,0,9320598,0,0.0,KUCUK_TICARETHANE,35-04-M01180,KARSIYAKA,35,0,0,IMBATLI,0,0,5,2,6648.045,5.1,0,0,0.0,0,0.0,3,8698.139,0,0.0,27.10429584,38.4761931
28310.315000000002,0,9321188,0,0.0,KUCUK_TICARETHANE,35-04-K03058,KARSIYAKA,35,0,0,DEDEBASI,0,0,14,9,20424.229,11.664285714285713,0,0,0.0,0,0.0,5,7886.086,0,0.0,27.10608593,38.46978213
43854.737,0,9321638,0,0.0,ORTA_TICARETHANE,35-04-K01555,KARSIYAKA,35,0,0,DONANMACI,0,0,8,4,10940.607,7.2925,0,0,0.0,0,0.0,4,32914.13,0,0.0,27.11806924,38.45570678
4285.127,0,9321678,0,0.0,KUCUK_TICARETHANE,35-04-K00928,KARSIYAKA,35,0,0,TUNA,0,0,1,0,0.0,5.0,0,0,0.0,0,0.0,1,4285.127,0,0.0,27.12009725,38.45779619
16222.068,0,9321728,0,0.0,KUCUK_TICARETHANE,35-04-M01038,KARSIYAKA,35,0,0,BOSTANLI,0,0,10,6,11955.964,6.806,0,0,0.0,0,0.0,4,4266.104,0,0.0,27.10164803,38.46004364
23132.838,0,9322008,0,0.0,ORTA_TICARETHANE,35-04-K01555,KARSIYAKA,35,0,0,DONANMACI,0,0,4,1,1917.47,5.0,0,0,0.0,0,0.0,3,21215.368,0,0.0,27.11840425,38.45583373
24222.684,0,9322458,0,0.0,KUCUK_TICARETHANE,35-04-K01990,KARSIYAKA,35,0,0,TUNA,0,0,7,4,15659.111,5.957142857142857,0,0,0.0,0,0.0,3,8563.573,0,0.0,27.11978475,38.45642363
67432.954,0,9322508,0,0.0,ORTA_TICARETHANE,35-04-K00111,KARSIYAKA,35,0,0,BOSTANLI,0,0,6,0,0.0,12.021666666666667,0,0,0.0,0,0.0,6,67432.954,0,0.0,27.09943,38.4570583
78907.051,0,9323010,0,0.0,ORTA_TICARETHANE,35-04-K01990,KARSIYAKA,35,0,0,TUNA,0,0,4,0,0.0,9.1575,0,0,0.0,0,0.0,4,78907.051,0,0.0,27.11878809,38.45606159
10912.705,0,9323450,0,0.0,KUCUK_TICARETHANE,35-04-K01065,KARSIYAKA,35,0,0,BAHRIYE UCOK,0,0,8,4,7097.429,5.0,0,0,0.0,0,0.0,4,3815.276,0,0.0,27.11241905,38.46145542
548.237,0,9323850,0,0.0,KUCUK_TICARETHANE,35-04-M03260,KARSIYAKA,35,0,0,ORNEKKOY,0,0,1,0,0.0,8.35,0,0,0.0,0,0.0,1,548.237,0,0.0,27.11209985,38.48354494
35010.013999999996,0,9324002,0,0.0,ORTA_TICARETHANE,35-04-K04188,KARSIYAKA,35,0,0,TUNA,0,0,14,9,21073.467,5.7178571428571425,0,0,0.0,0,0.0,5,13936.546999999999,0,0.0,27.11965754,38.45845857
7726.877,0,9324302,0,0.0,KUCUK_TICARETHANE,35-04-K01227,KARSIYAKA,35,0,0,ORNEKKOY,0,0,3,1,4181.723,5.0,0,0,0.0,0,0.0,2,3545.154,0,0.0,27.10497176,38.48151456
13126.51,0,9324552,0,0.0,ORTA_TICARETHANE,35-04-K01227,KARSIYAKA,35,0,0,ORNEKKOY,0,0,1,0,0.0,5.0,0,0,0.0,0,0.0,1,13126.51,0,0.0,27.10574983,38.48171988
121651.175,0,9324612,0,0.0,ORTA_TICARETHANE,35-04-K00289,KARSIYAKA,35,0,0,DONANMACI,0,0,7,2,6016.804,12.389714285714287,0,0,0.0,0,0.0,5,115634.371,0,0.0,27.11668243,38.45714288
20147.764,0,9324832,0,0.0,KUCUK_TICARETHANE,35-04-K01692,KARSIYAKA,35,0,0,NERGIZ,0,0,3,2,11773.628999999999,5.0,0,0,0.0,0,0.0,1,8374.135,0,0.0,27.1058437,38.46339291
66543.391,0,9325012,0,0.0,ORTA_TICARETHANE,35-04-K01555,KARSIYAKA,35,0,0,DONANMACI,0,0,16,8,10144.122000000001,5.590625,0,0,0.0,0,0.0,8,56399.269,0,0.0,27.11832291,38.45569465
96014.076,0,9326082,0,0.0,ORTA_TICARETHANE,35-04-K03083,KARSIYAKA,35,0,0,SEMIKLER,0,0,19,13,35875.362,10.378421052631579,0,0,0.0,0,0.0,6,60138.714,0,0.0,27.09990333,38.47309971
4570.984,0,9326842,0,0.0,KUCUK_TICARETHANE,35-04-K00215,KARSIYAKA,35,0,0,SEMIKLER,0,0,3,2,1822.5,5.0,0,0,0.0,0,0.0,1,2748.484,0,0.0,27.08848887,38.4780165
7823.397,0,9327462,0,0.0,KUCUK_TICARETHANE,35-04-K01433,KARSIYAKA,35,0,0,GONCALAR,0,0,1,0,0.0,5.0,0,0,0.0,0,0.0,1,7823.397,0,0.0,27.10696251,38.46675445
2209.244,0,9327622,0,0.0,KUCUK_TICARETHANE,35-04-K01064,KARSIYAKA,35,0,0,BAHARIYE,0,0,5,1,226.353,5.67,0,0,0.0,0,0.0,4,1982.891,0,0.0,27.11852152,38.46049335
19876.851000000002,0,9328082,0,0.0,ORTA_TICARETHANE,35-04-K01681,KARSIYAKA,35,0,0,TUNA,0,0,8,0,0.0,5.8375,0,0,0.0,0,0.0,8,19876.851000000002,0,0.0,27.11796345,38.45801276
21456.513,0,9328642,0,0.0,ORTA_TICARETHANE,35-04-K04246,KARSIYAKA,35,0,0,NERGIZ,0,0,5,1,7971.687,5.0,0,0,0.0,0,0.0,4,13484.826000000001,0,0.0,27.10545942,38.46384555
21285.248,0,9329232,0,0.0,KUCUK_TICARETHANE,35-04-K00833,KARSIYAKA,35,0,0,DONANMACI,0,0,14,9,14312.015,5.24,0,0,0.0,0,0.0,5,6973.233,0,0.0,27.11538503,38.45698136
28236.24,0,9329332,0,0.0,ORTA_TICARETHANE,35-04-K00885,KARSIYAKA,35,0,0,ATAKENT,0,0,1,0,0.0,15.01,0,0,0.0,0,0.0,1,28236.24,0,0.0,27.08944488,38.46578003
11379.808,0,9329612,0,0.0,KUCUK_TICARETHANE,35-04-K04709,KARSIYAKA,35,0,0,SEMIKLER,0,0,3,2,4883.5509999999995,5.2,0,0,0.0,0,0.0,1,6496.257,0,0.0,27.09819029,38.47025155
76968.208,0,9329702,0,0.0,ORTA_TICARETHANE,35-04-K01109,KARSIYAKA,35,0,0,DONANMACI,0,0,12,3,4668.4130000000005,6.559166666666666,0,0,0.0,0,0.0,9,72299.795,0,0.0,27.11777881,38.45653632
15570.697,0,9329912,0,0.0,KUCUK_TICARETHANE,35-04-K00833,KARSIYAKA,35,0,0,DONANMACI,0,0,9,5,9371.804,5.373333333333333,0,0,0.0,0,0.0,4,6198.893,0,0.0,27.11386281,38.45591733
3171.3120000000004,0,9331182,0,0.0,KUCUK_TICARETHANE,35-04-K03969,KARSIYAKA,35,0,0,ORNEKKOY,0,0,3,2,2008.557,7.233333333333333,0,0,0.0,0,0.0,1,1162.755,0,0.0,27.11455086,38.47784038
17269.744,0,9331401,0,0.0,ORTA_TICARETHANE,35-04-K01681,KARSIYAKA,35,0,0,TUNA,0,0,2,0,0.0,5.0,0,0,0.0,0,0.0,2,17269.744,0,0.0,27.11697954,38.45714981
21412.031,0,9331521,0,0.0,KUCUK_TICARETHANE,35-04-K00017,KARSIYAKA,35,0,0,TUNA,0,0,9,5,11955.9,5.742666666666667,0,0,0.0,0,0.0,4,9456.131,0,0.0,27.12023576,38.45834317
3941.504,0,9331891,0,0.0,KUCUK_TICARETHANE,35-04-K00358,KARSIYAKA,35,0,0,ORNEKKOY,0,0,1,0,0.0,8.36,0,0,0.0,0,0.0,1,3941.504,0,0.0,27.1103841,38.47993528
2510.959,0,9332461,0,0.0,KUCUK_TICARETHANE,35-09-M00208,CIGLI,35,0,0,CUMHURIYET,0,0,1,0,0.0,5.0,0,0,0.0,0,0.0,1,2510.959,0,0.0,27.05111965,38.53734918
7421.876,0,9332691,0,0.0,KUCUK_TICARETHANE,35-04-K01746,KARSIYAKA,35,0,0,DONANMACI,0,0,1,0,0.0,5.0,0,0,0.0,0,0.0,1,7421.876,0,0.0,27.11547511,38.45743081
13648.425,0,9332871,0,0.0,KUCUK_TICARETHANE,35-04-K03185,KARSIYAKA,35,0,0,DONANMACI,0,0,9,6,10298.773,5.373333333333333,0,0,0.0,0,0.0,3,3349.652,0,0.0,27.11475621,38.45404032
18049.267,0,9333111,0,0.0,KUCUK_TICARETHANE,35-04-K02433,KARSIYAKA,35,0,0,DONANMACI,0,0,6,4,9700.258,5.0,0,0,0.0,0,0.0,2,8349.009,0,0.0,27.11694153,38.45622548
1765.751,0,9333471,0,0.0,KUCUK_TICARETHANE,35-04-K03038,KARSIYAKA,35,0,0,DEDEBASI,0,0,1,0,0.0,8.35,0,0,0.0,0,0.0,1,1765.751,0,0.0,27.10276301,38.46643681
20444.42,0,9334181,0,0.0,ORTA_TICARETHANE,35-04-K02433,KARSIYAKA,35,0,0,DONANMACI,0,0,4,1,1446.132,6.675,0,0,0.0,0,0.0,3,18998.288,0,0.0,27.1169237,38.45583885
19851.12,0,9334561,0,0.0,ORTA_TICARETHANE,35-04-K01990,KARSIYAKA,35,0,0,TUNA,0,0,5,3,8233.516,5.64,0,0,0.0,0,0.0,2,11617.604,0,0.0,27.11959455,38.45652684
31857.814,0,9334621,0,0.0,KUCUK_TICARETHANE,35-04-K00833,KARSIYAKA,35,0,0,DONANMACI,0,0,14,9,26576.2,5.24,0,0,0.0,0,0.0,5,5281.614,0,0.0,27.11472952,38.45678116
123712.938,0,9334961,0,0.0,ORTA_TICARETHANE,35-04-K00111,KARSIYAKA,35,0,0,BOSTANLI,0,0,10,5,10858.07,7.7193,0,0,0.0,0,0.0,5,112854.86799999999,0,0.0,27.09906698,38.45689124
41122.877,0,9335221,0,0.0,ORTA_TICARETHANE,35-04-K01746,KARSIYAKA,35,0,0,DONANMACI,0,0,12,5,9559.921,5.0,0,0,0.0,0,0.0,7,31562.956,0,0.0,27.11590561,38.45654297
77879.503,0,9336021,0,0.0,ORTA_TICARETHANE,35-04-K04454,KARSIYAKA,35,0,0,TUNA,0,0,9,5,9888.535,6.5811111111111105,0,0,0.0,0,0.0,4,67990.968,0,0.0,27.12008394,38.45582098
5656.399,0,9336141,0,0.0,KUCUK_TICARETHANE,35-04-K03488,KARSIYAKA,35,0,0,INONU,0,0,2,1,316.406,5.54,0,0,0.0,0,0.0,1,5339.993,0,0.0,27.09739986,38.48559066
49425.809,0,9336421,0,0.0,ORTA_TICARETHANE,35-04-K01555,KARSIYAKA,35,0,0,DONANMACI,0,0,5,3,5544.64,6.3420000000000005,0,0,0.0,0,0.0,2,43881.169,0,0.0,27.1180333,38.45559854
1513.404,0,9336741,0,0.0,KUCUK_TICARETHANE,35-04-K04756,KARSIYAKA,35,0,0,LATIFE HANIM,0,0,1,0,0.0,8.2,0,0,0.0,0,0.0,1,1513.404,0,0.0,27.121275,38.49970202
49265.096,0,9336931,0,0.0,ORTA_TICARETHANE,35-04-K04521,KARSIYAKA,35,0,0,YALI,0,0,14,9,24378.773,10.994285714285713,0,0,0.0,0,0.0,5,24886.323,0,0.0,27.09361031,38.47003811
75761.4361,0,9337111,0,0.0,ORTA_TICARETHANE,35-04-K01746,KARSIYAKA,35,0,0,DONANMACI,0,0,29,9,25217.795000000002,5.229310344827587,0,0,0.0,0,0.0,20,50543.6411,0,0.0,27.11634428,38.45566477
2783.305,0,9337141,0,0.0,KUCUK_TICARETHANE,35-04-K01608,KARSIYAKA,35,0,0,CUMHURIYET,0,0,1,0,0.0,5.52,0,0,0.0,0,0.0,1,2783.305,0,0.0,27.0931646,38.48015545
12398.4,0,9337251,0,0.0,ORTA_TICARETHANE,35-04-K02578,KARSIYAKA,35,0,0,YALI,0,0,1,0,0.0,17.5,0,0,0.0,0,0.0,1,12398.4,0,0.0,27.09515676,38.46880201
48594.652,0,9337271,0,0.0,ORTA_TICARETHANE,35-04-K03980,KARSIYAKA,35,0,0,GONCALAR,0,0,13,9,31674.069,5.771769230769231,0,0,0.0,0,0.0,4,16920.583,0,0.0,27.10234781,38.46416177
8338.543,0,9337661,0,0.0,KUCUK_TICARETHANE,35-04-K01375Ã–,KARSIYAKA,35,0,0,BAHCELIEVLER,0,0,2,0,0.0,8.35,0,0,0.0,0,0.0,2,8338.543,0,0.0,27.12022556,38.46601802
33073.904,0,9337701,0,0.0,KUCUK_TICARETHANE,35-04-M01037,KARSIYAKA,35,0,0,BOSTANLI,0,0,16,11,25298.825,6.5651875,0,0,0.0,0,0.0,5,7775.079,0,0.0,27.10091982,38.46268315
53214.003,0,9338381,0,0.0,ORTA_TICARETHANE,35-04-M01180,KARSIYAKA,35,0,0,CUMHURIYET,0,0,5,3,6233.055,11.22,0,0,0.0,0,0.0,2,46980.948000000004,0,0.0,27.10154215,38.47658665
3697.012,0,9338541,0,0.0,KUCUK_TICARETHANE,35-04-M02425,KARSIYAKA,35,0,0,SEMIKLER,0,0,1,0,0.0,5.0,0,0,0.0,0,0.0,1,3697.012,0,0.0,27.10049793,38.47502682
12531.57,0,9338951,0,0.0,ORTA_TICARETHANE,35-04-K03303,KARSIYAKA,35,0,0,ATAKENT,0,0,1,0,0.0,15.01,0,0,0.0,0,0.0,1,12531.57,0,0.0,27.09010378,38.46026766
5914.684,0,9339701,0,0.0,ORTA_TICARETHANE,35-04-K03388,KARSIYAKA,35,0,0,MAVISEHIR,0,0,1,0,0.0,16.57,0,0,0.0,0,0.0,1,5914.684,0,0.0,27.06734542,38.46684823
32421.910000000003,0,9339861,0,0.0,ORTA_TICARETHANE,35-04-K01316,KARSIYAKA,35,0,0,DONANMACI,0,0,4,2,6198.875,12.275,0,0,0.0,0,0.0,2,26223.035,0,0.0,27.11778961,38.45602897
4640.96,0,9339881,0,0.0,KUCUK_TICARETHANE,35-04-K03969,KARSIYAKA,35,0,0,ORNEKKOY,0,0,4,2,3114.069,6.7475000000000005,0,0,0.0,0,0.0,2,1526.891,0,0.0,27.11409257,38.47746677
124108.78,0,9340102,0,0.0,ORTA_TICARETHANE,35-04-K03723,KARSIYAKA,35,0,0,BAHCELIEVLER,0,0,14,8,20918.563,7.5685714285714285,0,0,0.0,0,0.0,6,103190.217,0,0.0,27.12666418,38.46545057
50031.496,0,9340212,0,0.0,ORTA_TICARETHANE,35-04-K00885,KARSIYAKA,35,0,0,ATAKENT,0,0,9,4,5051.777,8.86,0,0,0.0,0,0.0,5,44979.719,0,0.0,27.09060953,38.46470875
11648.665,0,9340604,0,0.0,KUCUK_TICARETHANE,35-04-K00215,KARSIYAKA,35,0,0,SEMIKLER,0,0,5,3,9118.2,5.0,0,0,0.0,0,0.0,2,2530.465,0,0.0,27.09286706,38.47939376
33146.27,0,9340724,0,0.0,ORTA_TICARETHANE,35-04-K01316,KARSIYAKA,35,0,0,DONANMACI,0,0,1,0,0.0,11.0,0,0,0.0,0,0.0,1,33146.27,0,0.0,27.11777991,38.45636523
11291.913,0,9341784,0,0.0,KUCUK_TICARETHANE,35-04-K00692,KARSIYAKA,35,0,0,TUNA,0,0,4,2,5102.205,5.0,0,0,0.0,0,0.0,2,6189.7080000000005,0,0.0,27.11708631,38.45763659
8315.074,0,9341874,0,0.0,KUCUK_TICARETHANE,35-04-M01033,KARSIYAKA,35,0,0,BAHCELIEVLER,0,0,3,2,7256.468,6.5,0,0,0.0,0,0.0,1,1058.606,0,0.0,27.11595977,38.46711485
25279.541,0,9342104,0,0.0,ORTA_TICARETHANE,35-04-K00111,KARSIYAKA,35,0,0,BOSTANLI,0,0,10,5,13250.654,5.67,0,0,0.0,0,0.0,5,12028.887,0,0.0,27.09911575,38.45689131
74736.166,0,9342134,0,0.0,ORTA_TICARETHANE,35-04-K03903,KARSIYAKA,35,0,0,DEDEBASI,0,0,21,13,25040.567,5.988095238095238,0,0,0.0,0,0.0,8,49695.599,0,0.0,27.10883916,38.46962709
76122.285,0,9342194,0,0.0,ORTA_TICARETHANE,35-04-M01468,KARSIYAKA,35,0,0,GONCALAR,0,0,13,7,10675.992,8.023076923076923,0,0,0.0,0,0.0,6,65446.293000000005,0,0.0,27.10977771,38.46656384
20794.059,0,9343117,0,0.0,ORTA_TICARETHANE,35-04-M01741,KARSIYAKA,35,0,0,ORNEKKOY,0,0,5,2,6360.008,5.0,0,0,0.0,0,0.0,3,14434.051,0,0.0,27.11040642,38.48035292
31026.31,0,9343544,0,0.0,ORTA_TICARETHANE,35-04-K01746,KARSIYAKA,35,0,0,DONANMACI,0,0,13,5,14611.667000000001,5.257692307692308,0,0,0.0,0,0.0,8,16414.643,0,0.0,27.11628098,38.45611081
11733.75,0,9344138,0,0.0,ORTA_TICARETHANE,35-04-K03376,KARSIYAKA,35,0,0,YALI,0,0,1,0,0.0,15.01,0,0,0.0,0,0.0,1,11733.75,0,0.0,27.08732993,38.47486886
16534.148,0,9344240,0,0.0,KUCUK_TICARETHANE,35-04-K00243,KARSIYAKA,35,0,0,CUMHURIYET,0,0,3,2,14392.767,7.873333333333332,0,0,0.0,0,0.0,1,2141.381,0,0.0,27.097058,38.48200899
162568.559,0,9344750,0,0.0,ORTA_TICARETHANE,35-04-K00476,KARSIYAKA,35,0,0,BOSTANLI,0,0,4,2,1463.848,15.805,0,0,0.0,0,0.0,2,161104.711,0,0.0,27.09236716,38.45927023
1010.256,0,9345562,0,0.0,KUCUK_TICARETHANE,35-04-K02940,KARSIYAKA,35,0,0,SEMIKLER,0,0,1,0,0.0,5.0,0,0,0.0,0,0.0,1,1010.256,0,0.0,27.09742679,38.47679679
107453.14,0,9346202,0,0.0,ORTA_TICARETHANE,35-04-K00590,KARSIYAKA,35,0,0,BAHARIYE,0,0,6,4,9733.575,6.668333333333333,0,0,0.0,0,0.0,2,97719.565,0,0.0,27.11541117,38.4586941
25521.177,0,9346322,0,0.0,KUCUK_TICARETHANE,35-04-K00476,KARSIYAKA,35,0,0,BOSTANLI,0,0,13,9,19400.573,5.671769230769231,0,0,0.0,0,0.0,4,6120.603999999999,0,0.0,27.09313864,38.45934424
4680.107,0,9346632,0,0.0,KUCUK_TICARETHANE,35-04-K00215,KARSIYAKA,35,0,0,SEMIKLER,0,0,3,2,2923.922,8.336666666666666,0,0,0.0,0,0.0,1,1756.185,0,0.0,27.09397513,38.47804659
48626.589,0,9346832,0,0.0,ORTA_TICARETHANE,35-04-K01555,KARSIYAKA,35,0,0,DONANMACI,0,0,7,2,1138.2379999999998,9.831428571428571,0,0,0.0,0,0.0,5,47488.350999999995,0,0.0,27.11901972,38.45525739
12089.944,0,9347522,0,0.0,KUCUK_TICARETHANE,35-04-M01026,KARSIYAKA,35,0,0,CUMHURIYET,0,0,2,1,10651.13,5.0,0,0,0.0,0,0.0,1,1438.814,0,0.0,27.09883836,38.48268848
2711.278,0,9347782,0,0.0,KUCUK_TICARETHANE,35-04-M01027,KARSIYAKA,35,0,0,CUMHURIYET,0,0,2,1,2223.861,5.0,0,0,0.0,0,0.0,1,487.417,0,0.0,27.09692844,38.47960649
35654.093,0,9348392,0,0.0,ORTA_TICARETHANE,35-04-K00197,KARSIYAKA,35,0,0,SEMIKLER,0,0,13,9,19227.192,5.257692307692308,0,0,0.0,0,0.0,4,16426.901,0,0.0,27.09512189,38.47215577
27931.658,0,9348432,0,0.0,ORTA_TICARETHANE,35-04-K01746,KARSIYAKA,35,0,0,DONANMACI,0,0,12,4,13670.682,5.279166666666667,0,0,0.0,0,0.0,8,14260.975999999999,0,0.0,27.11564098,38.45635212
24802.863999999998,0,9349762,0,0.0,ORTA_TICARETHANE,35-04-K00197,KARSIYAKA,35,0,0,SEMIKLER,0,0,7,2,3128.704,5.671428571428572,0,0,0.0,0,0.0,5,21674.16,0,0.0,27.09380127,38.47102404
9806.851999999999,0,9349862,0,0.0,KUCUK_TICARETHANE,35-04-M02875,KARSIYAKA,35,0,0,ORNEKKOY,0,0,3,2,5510.657,5.0,0,0,0.0,0,0.0,1,4296.195,0,0.0,27.10601121,38.48383975
24798.482,0,9350432,0,0.0,ORTA_TICARETHANE,35-04-K00893,KARSIYAKA,35,0,0,TUNA,0,0,9,5,11663.781,5.0,0,0,0.0,0,0.0,4,13134.701000000001,0,0.0,27.12168484,38.4566558
33142.509,0,9351711,0,0.0,ORTA_TICARETHANE,35-04-M02777,KARSIYAKA,35,0,0,BOSTANLI,0,0,8,5,12777.48,12.545,0,0,0.0,0,0.0,3,20365.029,0,0.0,27.09682718,38.45782927
5671.993001,0,9354591,0,0.0,KUCUK_TICARETHANE,35-04-M01035,KARSIYAKA,35,0,0,ATAKENT,0,0,3,2,5662.725,5.0,0,0,0.0,0,0.0,1,9.268001,0,0.0,27.09152821,38.46458384
53311.178,0,9354741,0,0.0,ORTA_TICARETHANE,35-04-K03719,KARSIYAKA,35,0,0,BOSTANLI,0,0,16,10,22170.328999999998,5.759375,0,0,0.0,0,0.0,6,31140.849000000002,0,0.0,27.09941055,38.45744089
5770.446,0,9355261,0,0.0,KUCUK_TICARETHANE,35-04-K00197,KARSIYAKA,35,0,0,SEMIKLER,0,0,2,1,4465.384,5.0,0,0,0.0,0,0.0,1,1305.062,0,0.0,27.09408342,38.47132316
114731.732,0,9355381,0,0.0,ORTA_TICARETHANE,35-04-M02425,KARSIYAKA,35,0,0,FIKRI ALTAY,0,0,14,9,22650.904,9.505714285714285,0,0,0.0,0,0.0,5,92080.82800000001,0,0.0,27.10167859,38.47568346
35296.808000000005,0,9356011,0,0.0,ORTA_TICARETHANE,35-04-K02316,KARSIYAKA,35,0,0,GONCALAR,0,0,13,8,13301.714,8.723076923076924,0,0,0.0,0,0.0,5,21995.094,0,0.0,27.1060101,38.46539514
17949.159,0,9356211,0,0.0,KUCUK_TICARETHANE,35-04-K01065,KARSIYAKA,35,0,0,BAHRIYE UCOK,0,0,9,6,14386.064,5.762222222222222,0,0,0.0,0,0.0,3,3563.095,0,0.0,27.11231496,38.46214414
14208.710000000001,0,9356962,0,0.0,KUCUK_TICARETHANE,35-04-K01990,KARSIYAKA,35,0,0,TUNA,0,0,8,4,8255.958,5.0,0,0,0.0,0,0.0,4,5952.752,0,0.0,27.1195366,38.45738373
37969.725,0,9357122,0,0.0,ORTA_TICARETHANE,,KARSIYAKA,35,0,0,IMBATLI,0,0,11,1,8499.876,5.454545454545454,0,0,0.0,0,0.0,10,29469.849,0,0.0,27.10911694,38.47272215
38531.519,0,9357732,0,0.0,ORTA_TICARETHANE,35-04-K00928,KARSIYAKA,35,0,0,TUNA,0,0,15,8,14161.202,5.946133333333333,0,0,0.0,0,0.0,7,24370.317,0,0.0,27.12052831,38.45779526
9463.077000000001,0,9358302,0,0.0,KUCUK_TICARETHANE,35-04-K03980,KARSIYAKA,35,0,0,GONCALAR,0,0,3,2,7870.644,7.313333333333333,0,0,0.0,0,0.0,1,1592.433,0,0.0,27.10442596,38.46428024
13546.08,0,9358934,0,0.0,ORTA_TICARETHANE,35-04-K00692,KARSIYAKA,35,0,0,TUNA,0,0,1,0,0.0,7.94,0,0,0.0,0,0.0,1,13546.08,0,0.0,27.11606543,38.45744472
35604.186,0,9359294,0,0.0,ORTA_TICARETHANE,35-04-K03676,KARSIYAKA,35,0,0,BAHRIYE UCOK,0,0,12,6,11055.036,5.279166666666667,0,0,0.0,0,0.0,6,24549.15,0,0.0,27.11396994,38.45992029
24897.2,0,9359504,0,0.0,ORTA_TICARETHANE,35-04-K03214,KARSIYAKA,35,0,0,DEDEBASI,0,0,1,0,0.0,5.6,0,0,0.0,0,0.0,1,24897.2,0,0.0,27.10413777,38.47448175
28284.042999999998,0,9359774,0,0.0,ORTA_TICARETHANE,35-04-K03203,KARSIYAKA,35,0,0,BAHARIYE,0,0,13,6,14398.612000000001,6.113846153846154,0,0,0.0,0,0.0,7,13885.431,0,0.0,27.11867089,38.46147986
43106.662,0,9360604,0,0.0,ORTA_TICARETHANE,35-04-M01039,KARSIYAKA,35,0,0,BOSTANLI,0,0,21,12,20107.172,5.6372857142857145,0,0,0.0,0,0.0,9,22999.49,0,0.0,27.10289061,38.45895505
31587.943,0,9360644,0,0.0,ORTA_TICARETHANE,35-04-K04058,KARSIYAKA,35,0,0,BAHRIYE UCOK,0,0,9,6,13225.15,5.0,0,0,0.0,0,0.0,3,18362.792999999998,0,0.0,27.10732586,38.45893632
137957.568,0,9361364,0,0.0,ORTA_TICARETHANE,35-04-K03390,KARSIYAKA,35,0,0,YALI,0,0,8,1,2880.546,14.235,0,0,0.0,0,0.0,7,135077.022,0,0.0,27.08532364,38.47182787
19612.056,0,9361794,0,0.0,KUCUK_TICARETHANE,35-04-K02313,KARSIYAKA,35,0,0,BOSTANLI,0,0,10,5,14835.423,5.335,0,0,0.0,0,0.0,5,4776.633,0,0.0,27.09994586,38.45619788
26537.081,0,9362054,0,0.0,ORTA_TICARETHANE,35-04-K03844,KARSIYAKA,35,0,0,TUNA,0,0,10,5,6772.724,11.151,0,0,0.0,0,0.0,5,19764.357,0,0.0,27.11871832,38.45737636
45958.102999999996,0,9362064,0,0.0,ORTA_TICARETHANE,35-04-K03719,KARSIYAKA,35,0,0,BOSTANLI,0,0,8,5,11026.417000000001,7.4403749999999995,0,0,0.0,0,0.0,3,34931.686,0,0.0,27.09988754,38.45773635
61773.199,0,9362514,0,0.0,ORTA_TICARETHANE,35-04-M01186,KARSIYAKA,35,0,0,YALI,0,0,2,0,0.0,62.595,0,0,0.0,0,0.0,2,61773.199,0,0.0,27.09587405,38.4654092
27102.328,0,9362824,0,0.0,ORTA_TICARETHANE,35-04-M01027,KARSIYAKA,35,0,0,CUMHURIYET,0,0,2,0,0.0,5.0,0,0,0.0,0,0.0,2,27102.328,0,0.0,27.09595577,38.48089238
5067.936,0,9363204,0,0.0,KUCUK_TICARETHANE,35-04-M02425,KARSIYAKA,35,0,0,FIKRI ALTAY,0,0,2,1,3169.428,5.0,0,0,0.0,0,0.0,1,1898.508,0,0.0,27.10090903,38.47437269
4177.243,0,9364063,0,0.0,KUCUK_TICARETHANE,35-04-M01265,KARSIYAKA,35,0,0,ORNEKKOY,0,0,3,2,2841.749,5.0,0,0,0.0,0,0.0,1,1335.494,0,0.0,27.11411447,38.47493398
56070.34,0,9364183,0,0.0,ORTA_TICARETHANE,35-04-K00289,KARSIYAKA,35,0,0,DONANMACI,0,0,2,0,0.0,43.141999999999996,0,0,0.0,0,0.0,2,56070.34,0,0.0,27.11710516,38.45675779
35617.171,0,9364193,0,0.0,ORTA_TICARETHANE,35-04-M03251,KARSIYAKA,35,0,0,BOSTANLI,0,0,13,9,18968.592,7.046923076923077,0,0,0.0,0,0.0,4,16648.578999999998,0,0.0,27.1053617,38.45672634
15455.365,0,9364853,0,0.0,KUCUK_TICARETHANE,35-04-K00037,KARSIYAKA,35,0,0,TERSANE,0,0,8,5,7659.669,5.41875,0,0,0.0,0,0.0,3,7795.696,0,0.0,27.1271963,38.46240135
4204.891,0,9365013,0,0.0,KUCUK_TICARETHANE,35-04-K00807,KARSIYAKA,35,0,0,BAHRIYE UCOK,0,0,2,0,0.0,5.0,0,0,0.0,0,0.0,2,4204.891,0,0.0,27.10829521,38.46006113
71712.516,0,9365463,0,0.0,ORTA_TICARETHANE,35-04-K03012,KARSIYAKA,35,0,0,IMBATLI,0,0,22,13,37346.023,10.033636363636363,0,0,0.0,0,0.0,9,34366.493,0,0.0,27.11118057,38.47454971
8028.938,0,9366003,0,0.0,KUCUK_TICARETHANE,35-04-K00872,KARSIYAKA,35,0,0,AKSOY,0,0,6,4,6726.973,5.0,0,0,0.0,0,0.0,2,1301.965,0,0.0,27.11172095,38.45605858
10718.7,0,9366363,0,0.0,ORTA_TICARETHANE,35-04-K01746,KARSIYAKA,35,0,0,DONANMACI,0,0,1,0,0.0,8.896,0,0,0.0,0,0.0,1,10718.7,0,0.0,27.11690315,38.45568592
12389.051,0,9366373,0,0.0,KUCUK_TICARETHANE,35-04-K01316,KARSIYAKA,35,0,0,DONANMACI,0,0,6,4,8815.358,6.116666666666667,0,0,0.0,0,0.0,2,3573.6929999999998,0,0.0,27.11725272,38.45580536
212.78,0,9367053,0,0.0,KUCUK_TICARETHANE,35-04-K00037,KARSIYAKA,35,0,0,TERSANE,0,0,1,0,0.0,5.0,0,0,0.0,0,0.0,1,212.78,0,0.0,27.12716351,38.46182256
86825.39,0,9367283,0,0.0,ORTA_TICARETHANE,35-04-K02433,KARSIYAKA,35,0,0,TUNA,0,0,1,0,0.0,56.73,0,0,0.0,0,0.0,1,86825.39,0,0.0,27.11748814,38.45670302
30341.958,0,9367323,0,0.0,ORTA_TICARETHANE,35-04-K00692,KARSIYAKA,35,0,0,TUNA,0,0,7,4,13468.749,5.2942857142857145,0,0,0.0,0,0.0,3,16873.209,0,0.0,27.1167875,38.45760386
151464.527,0,9367813,0,0.0,ORTA_TICARETHANE,35-04-K02996Ã–,KARSIYAKA,35,0,0,DONANMACI,0,0,5,3,6333.122,14.4864,0,0,0.0,0,0.0,2,145131.405,0,0.0,27.11861365,38.45567676
47913.947,0,9367833,0,0.0,ORTA_TICARETHANE,35-04-M02957,KARSIYAKA,35,0,0,BAHCELIEVLER,0,0,16,11,20970.163,6.286875,0,0,0.0,0,0.0,5,26943.784,0,0.0,27.10954347,38.46659634
7622.033,0,9368073,0,0.0,KUCUK_TICARETHANE,35-04-K03303,KARSIYAKA,35,0,0,ATAKENT,0,0,1,0,0.0,5.0,0,0,0.0,0,0.0,1,7622.033,0,0.0,27.09012849,38.46018436
29020.066,0,9368753,0,0.0,KUCUK_TICARETHANE,35-04-K03850,KARSIYAKA,35,0,0,GONCALAR,0,0,19,12,19789.309,5.529473684210527,0,0,0.0,0,0.0,7,9230.757,0,0.0,27.10857703,38.4662275
28482.444,0,9368933,0,0.0,ORTA_TICARETHANE,35-04-K00111,KARSIYAKA,35,0,0,BOSTANLI,0,0,8,5,10749.719000000001,5.41875,0,0,0.0,0,0.0,3,17732.725,0,0.0,27.09896546,38.45734586
2836.753,0,9369023,0,0.0,KUCUK_TICARETHANE,35-09-M00845,CIGLI,35,0,0,INONU,0,0,2,0,0.0,8.61,0,0,0.0,0,0.0,2,2836.753,0,0.0,27.04476719,38.52695371
20507.027000000002,0,9369402,0,0.0,KUCUK_TICARETHANE,35-04-M01268,KARSIYAKA,35,0,0,YALI,0,0,13,9,16575.403,5.0,0,0,0.0,0,0.0,4,3931.624,0,0.0,27.08738117,38.46939679
51416.17,0,9370112,0,0.0,ORTA_TICARETHANE,35-04-K03074,KARSIYAKA,35,0,0,AKSOY,0,0,5,2,5917.721,7.014,0,0,0.0,0,0.0,3,45498.449,0,0.0,27.10972316,38.45509634
26457.046000000002,0,9370602,0,0.0,ORTA_TICARETHANE,35-04-K02433,KARSIYAKA,35,0,0,TUNA,0,0,5,1,3922.627,6.194,0,0,0.0,0,0.0,4,22534.419,0,0.0,27.11767216,38.45655624
37791.202,0,9371002,0,0.0,ORTA_TICARETHANE,35-04-K00254,KARSIYAKA,35,0,0,BAHRIYE UCOK,0,0,10,6,9944.832,5.7909999999999995,0,0,0.0,0,0.0,4,27846.37,0,0.0,27.11337222,38.45996736
4342.266,0,9371242,0,0.0,KUCUK_TICARETHANE,35-04-M01027,KARSIYAKA,35,0,0,CUMHURIYET,0,0,3,2,3561.958,6.116666666666667,0,0,0.0,0,0.0,1,780.308,0,0.0,27.09778312,38.47887866
588.527,0,9371422,0,0.0,ORTA_TICARETHANE,35-04-M01873,KARSIYAKA,35,0,0,CUMHURIYET,0,0,1,0,0.0,15.01,0,0,0.0,0,0.0,1,588.527,0,0.0,27.09057461,38.48210088
26521.913,0,9371612,0,0.0,ORTA_TICARETHANE,35-04-K03766,KARSIYAKA,35,0,0,ORNEKKOY,0,0,4,1,1324.28,5.8375,0,0,0.0,0,0.0,3,25197.633,0,0.0,27.11191692,38.47530768
40283.32,0,9371862,0,0.0,ORTA_TICARETHANE,35-04-K01760,KARSIYAKA,35,0,0,DONANMACI,0,0,1,0,0.0,29.18,0,0,0.0,0,0.0,1,40283.32,0,0.0,27.11832598,38.45599214
3835.455,0,9372182,0,0.0,KUCUK_TICARETHANE,35-04-M01027,KARSIYAKA,35,0,0,CUMHURIYET,0,0,2,1,3034.637,5.0,0,0,0.0,0,0.0,1,800.818,0,0.0,27.0979617,38.47884142
33100.417,0,9372222,0,0.0,ORTA_TICARETHANE,35-04-K01064,KARSIYAKA,35,0,0,BAHARIYE,0,0,14,9,15011.625,5.776428571428572,0,0,0.0,0,0.0,5,18088.791999999998,0,0.0,27.11863595,38.46092579
88251.961,0,9372462,0,0.0,ORTA_TICARETHANE,35-04-K01746,KARSIYAKA,35,0,0,DONANMACI,0,0,10,6,8179.601,5.335,0,0,0.0,0,0.0,4,80072.36,0,0.0,27.11521242,38.45748167
7438.137,0,9372622,0,0.0,KUCUK_TICARETHANE,35-04-K00254,KARSIYAKA,35,0,0,BAHRIYE UCOK,0,0,1,0,0.0,5.0,0,0,0.0,0,0.0,1,7438.137,0,0.0,27.11346582,38.46079393
10969.608,0,9373072,0,0.0,KUCUK_TICARETHANE,35-04-K02486,KARSIYAKA,35,0,0,DEDEBASI,0,0,8,5,7205.641,9.1,0,0,0.0,0,0.0,3,3763.967,0,0.0,27.10838103,38.46825583
17108.032,0,9374503,0,0.0,ORTA_TICARETHANE,35-04-K04188,KARSIYAKA,35,0,0,TUNA,0,0,6,4,4966.456,5.038333333333333,0,0,0.0,0,0.0,2,12141.576000000001,0,0.0,27.11746225,38.45766648
1682.417,0,9374783,0,0.0,ORTA_TICARETHANE,35-04-M01177,KARSIYAKA,35,0,0,YALI,0,0,1,0,0.0,15.01,0,0,0.0,0,0.0,1,1682.417,0,0.0,27.08810684,38.47342421
160.327,0,9375593,0,0.0,ORTA_TICARETHANE,35-04-M01873,KARSIYAKA,35,0,0,CUMHURIYET,0,0,1,0,0.0,15.01,0,0,0.0,0,0.0,1,160.327,0,0.0,27.09040621,38.48209202
29700.381999999998,0,9375693,0,0.0,ORTA_TICARETHANE,35-04-K04188,KARSIYAKA,35,0,0,TUNA,0,0,6,4,10153.282000000001,5.0,0,0,0.0,0,0.0,2,19547.1,0,0.0,27.11867735,38.45796483
79093.03,0,9376033,0,0.0,ORTA_TICARETHANE,35-04-K03676,KARSIYAKA,35,0,0,BAHRIYE UCOK,0,0,14,7,14913.475,8.268571428571429,0,0,0.0,0,0.0,7,64179.555,0,0.0,27.11482074,38.46071487
0.0,0,9376924,0,0.0,KUCUK_TICARETHANE,35-04-K00215,KARSIYAKA,35,0,0,SEMIKLER,0,0,1,0,0.0,5.0,0,0,0.0,0,0.0,1,0.0,0,0.0,27.09009734,38.47876968
19578.021,0,9376994,0,0.0,KUCUK_TICARETHANE,35-04-K04641,KARSIYAKA,35,0,0,BOSTANLI,0,0,9,6,14614.77,5.854777777777778,0,0,0.0,0,0.0,3,4963.251,0,0.0,27.10059182,38.45662314
8319.404999999999,0,9377184,0,0.0,KUCUK_TICARETHANE,35-04-K03038,KARSIYAKA,35,0,0,DEDEBASI,0,0,6,4,6625.949,5.0,0,0,0.0,0,0.0,2,1693.456,0,0.0,27.10305864,38.46627542
22114.667999999998,0,9377214,0,0.0,KUCUK_TICARETHANE,35-04-M02326,KARSIYAKA,35,0,0,IMBATLI,0,0,12,5,14851.301,5.0,0,0,0.0,0,0.0,7,7263.367,0,0.0,27.10923707,38.47641092
963.442,0,9377244,0,0.0,ORTA_TICARETHANE,35-04-M03260,KARSIYAKA,35,0,0,ORNEKKOY,0,0,1,0,0.0,15.01,0,0,0.0,0,0.0,1,963.442,0,0.0,27.11165413,38.48325115
10350.636,0,9377744,0,0.0,KUCUK_TICARETHANE,35-04-K03980,KARSIYAKA,35,0,0,GONCALAR,0,0,6,4,10347.905,5.0,0,0,0.0,0,0.0,2,2.731,0,0.0,27.10370733,38.4640579
10767.951000000001,0,9377794,0,0.0,KUCUK_TICARETHANE,35-04-K04503,KARSIYAKA,35,0,0,ZUBEYDE HANIM,0,0,3,2,5329.673000000001,5.0,0,0,0.0,0,0.0,1,5438.278,0,0.0,27.11503969,38.49207444
14784.677,0,9377814,0,0.0,ORTA_TICARETHANE,35-04-K03082,KARSIYAKA,35,0,0,LATIFE HANIM,0,0,2,1,4727.257,5.0,0,0,0.0,0,0.0,1,10057.42,0,0.0,27.11600904,38.49319451
5060.208,0,9377834,0,0.0,KUCUK_TICARETHANE,35-04-K00289,KARSIYAKA,35,0,0,TUNA,0,0,5,0,0.0,5.3740000000000006,0,0,0.0,0,0.0,5,5060.208,0,0.0,27.11670778,38.45718772
1444.8700000000001,0,9377904,0,0.0,KUCUK_TICARETHANE,35-04-M01027,KARSIYAKA,35,0,0,CUMHURIYET,0,0,2,1,1238.469,5.0,0,0,0.0,0,0.0,1,206.401,0,0.0,27.09830931,38.47867802
86383.977,0,9379013,0,0.0,ORTA_TICARETHANE,35-04-K01109,KARSIYAKA,35,0,0,DONANMACI,0,0,12,6,12259.017,8.9925,0,0,0.0,0,0.0,6,74124.96,0,0.0,27.11737774,38.45662159
29664.211,0,9379903,0,0.0,ORTA_TICARETHANE,35-04-K01316,KARSIYAKA,35,0,0,DONANMACI,0,0,5,0,0.0,5.0,0,0,0.0,0,0.0,5,29664.211,0,0.0,27.1177803,38.45545864
1803.605,0,9380513,0,0.0,KUCUK_TICARETHANE,35-04-M02466,KARSIYAKA,35,0,0,CUMHURIYET,0,0,1,0,0.0,5.0,0,0,0.0,0,0.0,1,1803.605,0,0.0,27.09926533,38.48316103
75306.221,0,9380683,0,0.0,ORTA_TICARETHANE,35-04-K01555,KARSIYAKA,35,0,0,DONANMACI,0,0,15,3,3739.256,5.677333333333333,0,0,0.0,0,0.0,12,71566.965,0,0.0,27.1182431,38.45588999
54999.926,0,9381133,0,0.0,ORTA_TICARETHANE,35-04-M02466,KARSIYAKA,35,0,0,INONU,0,0,4,2,8371.926,7.5024999999999995,0,0,0.0,0,0.0,2,46628.0,0,0.0,27.09990436,38.48483606
12315.276000000002,0,9381533,0,0.0,KUCUK_TICARETHANE,35-04-K01316,KARSIYAKA,35,0,0,DONANMACI,0,0,6,4,3471.7250000000004,5.558333333333334,0,0,0.0,0,0.0,2,8843.551,0,0.0,27.11742761,38.45535498
11033.617,0,9381613,0,0.0,KUCUK_TICARETHANE,35-04-M02922,KARSIYAKA,35,0,0,ORNEKKOY,0,0,5,2,4375.811,5.0,0,0,0.0,0,0.0,3,6657.8060000000005,0,0.0,27.11007554,38.47851714
17399.56,0,9382043,0,0.0,ORTA_TICARETHANE,35-09-M00216,CIGLI,35,0,0,INONU,0,0,4,2,3278.175,9.1425,0,0,0.0,0,0.0,2,14121.385,0,0.0,27.04970063,38.52692948
44906.543,0,9382993,0,0.0,ORTA_TICARETHANE,35-04-K00115,KARSIYAKA,35,0,0,DEDEBASI,0,0,13,9,19441.296000000002,5.0,0,0,0.0,0,0.0,4,25465.247,0,0.0,27.10537452,38.46461575
82369.5,0,9383022,0,0.0,ORTA_TICARETHANE,35-04-K01760,KARSIYAKA,35,0,0,DONANMACI,0,0,1,0,0.0,126.772,0,0,0.0,0,0.0,1,82369.5,0,0.0,27.11910118,38.45584876
2639.624,0,9383062,0,0.0,KUCUK_TICARETHANE,35-04-K04013,KARSIYAKA,35,0,0,CUMHURIYET,0,0,4,2,78.11,7.2,0,0,0.0,0,0.0,2,2561.514,0,0.0,27.09169438,38.48109955
39560.503,0,9383252,0,0.0,ORTA_TICARETHANE,35-04-K01360,KARSIYAKA,35,0,0,BAHARIYE,0,0,6,4,10965.969000000001,6.121666666666667,0,0,0.0,0,0.0,2,28594.534,0,0.0,27.1154223,38.46007784
9067.684,0,9383272,0,0.0,KUCUK_TICARETHANE,35-04-K02433,KARSIYAKA,35,0,0,DONANMACI,0,0,2,0,0.0,6.675,0,0,0.0,0,0.0,2,9067.684,0,0.0,27.11716354,38.45625587
17757.878,0,9383302,0,0.0,KUCUK_TICARETHANE,35-04-K00282,KARSIYAKA,35,0,0,AKSOY,0,0,8,5,10414.634,5.41875,0,0,0.0,0,0.0,3,7343.244000000001,0,0.0,27.1114173,38.45468357
145578.37299899998,0,9383312,0,0.0,ORTA_TICARETHANE,35-04-K03844,KARSIYAKA,35,0,0,TUNA,0,0,27,0,0.0,5.865555555555556,0,0,0.0,0,0.0,27,145578.37299899998,0,0.0,27.11886771,38.45595219
3405.327,0,9384162,0,0.0,KUCUK_TICARETHANE,35-04-M02100,KARSIYAKA,35,0,0,IMBATLI,0,0,3,1,809.97,5.0,0,0,0.0,0,0.0,2,2595.357,0,0.0,27.10867185,38.47289418
1114.259,0,9384562,0,0.0,KUCUK_TICARETHANE,35-04-K00243,KARSIYAKA,35,0,0,CUMHURIYET,0,0,1,0,0.0,5.0,0,0,0.0,0,0.0,1,1114.259,0,0.0,27.09646787,38.48349017
9753.57,0,9385902,0,0.0,KUCUK_TICARETHANE,35-04-K01316,KARSIYAKA,35,0,0,DONANMACI,0,0,6,2,2610.324,8.891666666666666,0,0,0.0,0,0.0,4,7143.245999999999,0,0.0,27.11766529,38.45594051
15188.262999999999,0,9386452,0,0.0,KUCUK_TICARETHANE,35-04-M01028,KARSIYAKA,35,0,0,IMBATLI,0,0,3,2,5787.445000000001,7.233333333333333,0,0,0.0,0,0.0,1,9400.818,0,0.0,27.10523864,38.47666588
54508.974,0,9386832,0,0.0,ORTA_TICARETHANE,35-04-K00254,KARSIYAKA,35,0,0,BAHRIYE UCOK,0,0,26,18,29784.769,5.134615384615385,0,0,0.0,0,0.0,8,24724.204999999998,0,0.0,27.11362299,38.45946557
5865.094,0,9386852,0,0.0,KUCUK_TICARETHANE,35-04-K02316,KARSIYAKA,35,0,0,GONCALAR,0,0,3,1,3005.634,5.0,0,0,0.0,0,0.0,2,2859.46,0,0.0,27.10737111,38.46471115
51314.793,0,9387072,0,0.0,ORTA_TICARETHANE,35-04-K00476,KARSIYAKA,35,0,0,BOSTANLI,0,0,7,4,11089.068,5.454285714285715,0,0,0.0,0,0.0,3,40225.725,0,0.0,27.09419499,38.45865448
11640.413,0,9388102,0,0.0,KUCUK_TICARETHANE,35-04-K00288,KARSIYAKA,35,0,0,ALAYBEY,0,0,9,5,6579.266,5.745555555555556,0,0,0.0,0,0.0,4,5061.147000000001,0,0.0,27.12396708,38.46009686
4157.956,0,9389152,0,0.0,KUCUK_TICARETHANE,35-04-M02777,KARSIYAKA,35,0,0,BOSTANLI,0,0,1,0,0.0,14.92,0,0,0.0,0,0.0,1,4157.956,0,0.0,27.09800789,38.45974132
2296.864,0,9389512,0,0.0,KUCUK_TICARETHANE,35-04-M01265,KARSIYAKA,35,0,0,ORNEKKOY,0,0,3,1,751.121,6.866666666666667,0,0,0.0,0,0.0,2,1545.743,0,0.0,27.11484309,38.47470212
18867.084,0,9389652,0,0.0,KUCUK_TICARETHANE,35-04-K03224,KARSIYAKA,35,0,0,DONANMACI,0,0,6,4,11560.288,5.558333333333334,0,0,0.0,0,0.0,2,7306.796,0,0.0,27.11802202,38.4551266
36768.246,0,9389962,0,0.0,ORTA_TICARETHANE,35-04-K01735,KARSIYAKA,35,0,0,DEDEBASI,0,0,12,7,22395.341,8.179166666666667,0,0,0.0,0,0.0,5,14372.904999999999,0,0.0,27.108188,38.47003839
37268.127,0,9390142,0,0.0,ORTA_TICARETHANE,35-04-K00115,KARSIYAKA,35,0,0,GONCALAR,0,0,6,4,13661.072,6.116666666666667,0,0,0.0,0,0.0,2,23607.055,0,0.0,27.10552485,38.46541163
4019.002,0,9390242,0,0.0,KUCUK_TICARETHANE,35-04-M01873,KARSIYAKA,35,0,0,CUMHURIYET,0,0,2,1,2870.689,5.0,0,0,0.0,0,0.0,1,1148.313,0,0.0,27.09119136,38.48161513
12324.804,0,9390572,0,0.0,KUCUK_TICARETHANE,35-04-M02466,KARSIYAKA,35,0,0,CUMHURIYET,0,0,3,2,11482.877999999999,5.0,0,0,0.0,0,0.0,1,841.926,0,0.0,27.09876995,38.483285
17291.593,0,9390612,0,0.0,KUCUK_TICARETHANE,35-04-K04000,KARSIYAKA,35,0,0,ALAYBEY,0,0,9,5,12746.794,5.7444444444444445,0,0,0.0,0,0.0,4,4544.799,0,0.0,27.12326382,38.46004617
15883.223,0,9390744,0,0.0,KUCUK_TICARETHANE,35-04-K02815,KARSIYAKA,35,0,0,NERGIZ,0,0,9,6,15184.66,5.7444444444444445,0,0,0.0,0,0.0,3,698.563,0,0.0,27.10454899,38.46153255
14311.447,0,9391484,0,0.0,KUCUK_TICARETHANE,35-04-K01746,KARSIYAKA,35,0,0,DONANMACI,0,0,6,4,6174.89,5.558333333333334,0,0,0.0,0,0.0,2,8136.557000000001,0,0.0,27.11659544,38.45628301
12572.604,0,9391924,0,0.0,KUCUK_TICARETHANE,35-04-K00115,KARSIYAKA,35,0,0,GONCALAR,0,0,3,1,6340.126,5.0,0,0,0.0,0,0.0,2,6232.478,0,0.0,27.10562459,38.46417207
23576.78,0,9392044,0,0.0,ORTA_TICARETHANE,35-04-M01027,KARSIYAKA,35,0,0,CUMHURIYET,0,0,4,2,4227.392,9.1125,0,0,0.0,0,0.0,2,19349.388,0,0.0,27.09831227,38.47881723
121593.941,0,9392544,0,0.0,ORTA_TICARETHANE,35-04-M01180,KARSIYAKA,35,0,0,CUMHURIYET,0,0,26,1,2252.688,5.341538461538462,0,0,0.0,0,0.0,25,119341.25300000001,0,0.0,27.10284249,38.47577116
97116.71,0,9392634,0,0.0,ORTA_TICARETHANE,35-04-K04689,KARSIYAKA,35,0,0,BOSTANLI,0,0,16,10,13626.654,5.628125,0,0,0.0,0,0.0,6,83490.056,0,0.0,27.09536857,38.45831665
36670.013,0,9392664,0,0.0,ORTA_TICARETHANE,35-04-K04641,KARSIYAKA,35,0,0,BOSTANLI,0,0,13,9,20325.091,6.163076923076924,0,0,0.0,0,0.0,4,16344.922,0,0.0,27.10009731,38.45552058
5768.794,0,9393484,0,0.0,ORTA_TICARETHANE,35-04-K03388,KARSIYAKA,35,0,0,MAVISEHIR,0,0,1,0,0.0,19.41,0,0,0.0,0,0.0,1,5768.794,0,0.0,27.06797669,38.46733035
21647.18,0,9394084,0,0.0,ORTA_TICARETHANE,35-04-K03102,KARSIYAKA,35,0,0,ALAYBEY,0,0,9,6,10989.849,5.372222222222223,0,0,0.0,0,0.0,3,10657.331,0,0.0,27.12466232,38.46050795
41963.802,0,9396415,0,0.0,ORTA_TICARETHANE,35-04-K03850,KARSIYAKA,35,0,0,GONCALAR,0,0,13,9,23853.577,5.657153846153847,0,0,0.0,0,0.0,4,18110.225000000002,0,0.0,27.1089468,38.46603131
15069.393,0,9396685,0,0.0,KUCUK_TICARETHANE,35-04-M02777,KARSIYAKA,35,0,0,BOSTANLI,0,0,8,5,6086.152,8.09375,0,0,0.0,0,0.0,3,8983.241,0,0.0,27.09699018,38.45825129
22022.849000000002,0,9396805,0,0.0,ORTA_TICARETHANE,35-04-K00427,KARSIYAKA,35,0,0,IMBATLI,0,0,3,1,1907.687,9.293333333333333,0,0,0.0,0,0.0,2,20115.162,0,0.0,27.10440399,38.47471075
188398.4,0,9397695,0,0.0,ORTA_TICARETHANE,35-04-K04794,KARSIYAKA,35,0,0,TUNA,0,0,1,0,0.0,310.56,0,0,0.0,0,0.0,1,188398.4,0,0.0,27.11856451,38.45743028
31393.060989999998,0,9397925,0,0.0,ORTA_TICARETHANE,35-04-K01692,KARSIYAKA,35,0,0,NERGIZ,0,0,8,5,11576.49,6.70625,0,0,0.0,0,0.0,3,19816.57099,0,0.0,27.10537233,38.46166458
186640.63,0,9398035,0,0.0,ORTA_TICARETHANE,35-04-K00282,KARSIYAKA,35,0,0,AKSOY,0,0,2,0,0.0,86.66,0,0,0.0,0,0.0,2,186640.63,0,0.0,27.111217,38.453855
4823.57,0,9398655,0,0.0,ORTA_TICARETHANE,35-04-M02326,KARSIYAKA,35,0,0,IMBATLI,0,0,1,0,0.0,15.01,0,0,0.0,0,0.0,1,4823.57,0,0.0,27.10946604,38.47619104
86088.65,0,9399085,0,0.0,ORTA_TICARETHANE,35-04-K01760,KARSIYAKA,35,0,0,TUNA,0,0,1,0,0.0,5.0,0,0,0.0,0,0.0,1,86088.65,0,0.0,27.11864,38.45613296
36928.362,0,9399365,0,0.0,ORTA_TICARETHANE,35-04-K03385,KARSIYAKA,35,0,0,AKSOY,0,0,10,6,19990.762,9.672,0,0,0.0,0,0.0,4,16937.6,0,0.0,27.10810446,38.45133163
17506.534,0,9399615,0,0.0,KUCUK_TICARETHANE,35-04-M01186,KARSIYAKA,35,0,0,YALI,0,0,8,5,13550.442,5.41875,0,0,0.0,0,0.0,3,3956.0919999999996,0,0.0,27.09404877,38.46555818
459191.088,0,9400005,0,0.0,ORTA_TICARETHANE,35-04-K01109,KARSIYAKA,35,0,0,TUNA,0,0,124,0,0.0,5.199967741935485,0,0,0.0,0,0.0,124,459191.088,0,0.0,27.11851199,38.45640177
7208.772000000001,0,9400685,0,0.0,KUCUK_TICARETHANE,35-04-M02326,KARSIYAKA,35,0,0,ORNEKKOY,0,0,2,1,1168.828,5.0,0,0,0.0,0,0.0,1,6039.944,0,0.0,27.11093629,38.47743292
35717.850999999995,0,9400855,0,0.0,ORTA_TICARETHANE,35-04-K03037,KARSIYAKA,35,0,0,YALI,0,0,10,6,17102.929,10.408,0,0,0.0,0,0.0,4,18614.922,0,0.0,27.09275044,38.46942869
38328.05,0,9401005,0,0.0,ORTA_TICARETHANE,35-04-K04059,KARSIYAKA,35,0,0,BAHCELIEVLER,0,0,1,0,0.0,7.6,0,0,0.0,0,0.0,1,38328.05,0,0.0,27.12530666,38.46391614
26813.632,0,9402625,0,0.0,ORTA_TICARETHANE,35-04-K02433,KARSIYAKA,35,0,0,DONANMACI,0,0,6,4,10842.84,5.503333333333333,0,0,0.0,0,0.0,2,15970.792,0,0.0,27.11702445,38.4561432
30783.958,0,9402915,0,0.0,ORTA_TICARETHANE,35-04-K00590,KARSIYAKA,35,0,0,BAHRIYE UCOK,0,0,7,4,10308.822,5.0,0,0,0.0,0,0.0,3,20475.136,0,0.0,27.11380733,38.4579352
44638.141,0,9403665,0,0.0,ORTA_TICARETHANE,35-04-K00928,KARSIYAKA,35,0,0,TUNA,0,0,7,1,12087.21,5.4799999999999995,0,0,0.0,0,0.0,6,32550.931,0,0.0,27.11984321,38.45730442
49759.056,0,9405535,0,0.0,ORTA_TICARETHANE,35-04-K01360,KARSIYAKA,35,0,0,BAHARIYE,0,0,13,9,19133.128,5.566923076923077,0,0,0.0,0,0.0,4,30625.928,0,0.0,27.1143271,38.46057701
8239.801,0,9405785,0,0.0,KUCUK_TICARETHANE,35-04-K04918,KARSIYAKA,35,0,0,CUMHURIYET,0,0,3,2,6174.323,5.0,0,0,0.0,0,0.0,1,2065.478,0,0.0,27.08694209,38.4844256
4210.4400000000005,0,9405935,0,0.0,KUCUK_TICARETHANE,35-04-K00358,KARSIYAKA,35,0,0,ORNEKKOY,0,0,2,1,1734.448,7.37,0,0,0.0,0,0.0,1,2475.992,0,0.0,27.1090501,38.48065648
13986.409,0,9406025,0,0.0,KUCUK_TICARETHANE,35-04-K03719,KARSIYAKA,35,0,0,BOSTANLI,0,0,8,5,11445.212,5.0,0,0,0.0,0,0.0,3,2541.197,0,0.0,27.09965851,38.45716115
29102.657,0,9406245,0,0.0,KUCUK_TICARETHANE,35-04-K00753,KARSIYAKA,35,0,0,AKSOY,0,0,21,14,22828.708,5.159523809523809,0,0,0.0,0,0.0,7,6273.9490000000005,0,0.0,27.10831299,38.45385592
36666.248999999996,0,9406645,0,0.0,ORTA_TICARETHANE,35-04-K00018,KARSIYAKA,35,0,0,DONANMACI,0,0,12,8,15174.397,5.0,0,0,0.0,0,0.0,4,21491.852,0,0.0,27.11441954,38.45579141
3360.073,0,9406856,0,0.0,KUCUK_TICARETHANE,35-04-K00243,KARSIYAKA,35,0,0,CUMHURIYET,0,0,1,0,0.0,5.0,0,0,0.0,0,0.0,1,3360.073,0,0.0,27.09807744,38.48293834
10791.244,0,9407216,0,0.0,KUCUK_TICARETHANE,35-04-K04709,KARSIYAKA,35,0,0,SEMIKLER,0,0,3,2,6973.891,6.252666666666666,0,0,0.0,0,0.0,1,3817.353,0,0.0,27.10023788,38.4714257
36888.963,0,9408816,0,0.0,ORTA_TICARETHANE,35-04-M01181,KARSIYAKA,35,0,0,DEDEBASI,0,0,8,5,9921.875,7.47,0,0,0.0,0,0.0,3,26967.088,0,0.0,27.10441874,38.46845465
67972.932,0,9408916,0,0.0,ORTA_TICARETHANE,35-04-K01681,KARSIYAKA,35,0,0,TUNA,0,0,5,0,0.0,5.67,0,0,0.0,0,0.0,5,67972.932,0,0.0,27.11821743,38.45697175
103237.193,0,9409946,0,0.0,ORTA_TICARETHANE,35-04-K01360,KARSIYAKA,35,0,0,BAHARIYE,0,0,15,10,24360.045,7.513333333333334,0,0,0.0,0,0.0,5,78877.148,0,0.0,27.11476683,38.46148671
20262.738,0,9409966,0,0.0,ORTA_TICARETHANE,35-04-K01746,KARSIYAKA,35,0,0,DONANMACI,0,0,19,0,0.0,5.153157894736842,0,0,0.0,0,0.0,19,20262.738,0,0.0,27.11642175,38.45596394
0.0,0,9409976,0,0.0,KUCUK_TICARETHANE,35-04-K01064,KARSIYAKA,35,0,0,BAHARIYE,0,0,1,0,0.0,8.35,0,0,0.0,0,0.0,1,0.0,0,0.0,27.11889436,38.46130266
365.926,0,9410306,0,0.0,KUCUK_TICARETHANE,35-04-M01026,KARSIYAKA,35,0,0,CUMHURIYET,0,0,1,0,0.0,5.0,0,0,0.0,0,0.0,1,365.926,0,0.0,27.0996774,38.48156509
2015.464,0,9410356,0,0.0,KUCUK_TICARETHANE,35-04-M01305,KARSIYAKA,35,0,0,ORNEKKOY,0,0,1,0,0.0,5.0,0,0,0.0,0,0.0,1,2015.464,0,0.0,27.1136908,38.47691306
10508.34,0,9410456,0,0.0,KUCUK_TICARETHANE,35-04-K01681,KARSIYAKA,35,0,0,TUNA,0,0,6,4,5795.621,5.56,0,0,0.0,0,0.0,2,4712.719,0,0.0,27.11777711,38.45785511
20543.213,0,9410976,0,0.0,KUCUK_TICARETHANE,35-04-K00692,KARSIYAKA,35,0,0,BAHARIYE,0,0,14,9,11344.916000000001,5.064285714285715,0,0,0.0,0,0.0,5,9198.297,0,0.0,27.11681401,38.45923255
10135.198,0,9411566,0,0.0,ORTA_TICARETHANE,35-04-K00308,KARSIYAKA,35,0,0,SEMIKLER,0,0,3,0,0.0,7.489999999999999,0,0,0.0,0,0.0,3,10135.198,0,0.0,27.08915178,38.48158291
216694.8,0,9411816,0,0.0,ORTA_TICARETHANE,35-04-K01608,KARSIYAKA,35,0,0,CUMHURIYET,0,0,1,0,0.0,109.61,0,0,0.0,0,0.0,1,216694.8,0,0.0,27.0962383,38.47823
776.549,0,9412036,0,0.0,KUCUK_TICARETHANE,35-04-K00288,KARSIYAKA,35,0,0,ALAYBEY,0,0,1,0,0.0,5.0,0,0,0.0,0,0.0,1,776.549,0,0.0,27.12534915,38.45927929
23102.263000000003,0,9412806,0,0.0,ORTA_TICARETHANE,35-04-K01990,KARSIYAKA,35,0,0,TUNA,0,0,6,4,4850.387,5.626333333333332,0,0,0.0,0,0.0,2,18251.876,0,0.0,27.11969684,38.45652768
7564.075,0,9412907,0,0.0,KUCUK_TICARETHANE,35-04-M02425,KARSIYAKA,35,0,0,SEMIKLER,0,0,3,2,6673.094999999999,7.723333333333334,0,0,0.0,0,0.0,1,890.98,0,0.0,27.09999364,38.47626011
31475.725,0,9413067,0,0.0,ORTA_TICARETHANE,35-04-K01681,KARSIYAKA,35,0,0,TUNA,0,0,16,4,5449.644,6.241875,0,0,0.0,0,0.0,12,26026.081,0,0.0,27.11787091,38.45725824
14514.159,0,9413107,0,0.0,ORTA_TICARETHANE,35-04-M02425,KARSIYAKA,35,0,0,SEMIKLER,0,0,3,1,3030.395,5.1866666666666665,0,0,0.0,0,0.0,2,11483.764000000001,0,0.0,27.1009503,38.47537791
31393.83,0,9413896,0,0.0,ORTA_TICARETHANE,35-04-K00282,KARSIYAKA,35,0,0,AKSOY,0,0,1,0,0.0,31.4,0,0,0.0,0,0.0,1,31393.83,0,0.0,27.11138079,38.4534461
60431.565,0,9415286,0,0.0,ORTA_TICARETHANE,35-04-K00928,KARSIYAKA,35,0,0,TUNA,0,0,23,16,30699.649,5.297826086956522,0,0,0.0,0,0.0,7,29731.915999999997,0,0.0,27.120224,38.45811653
1433.761,0,9416386,0,0.0,KUCUK_TICARETHANE,35-04-M03260,KARSIYAKA,35,0,0,ORNEKKOY,0,0,2,0,0.0,5.0,0,0,0.0,0,0.0,2,1433.761,0,0.0,27.11250556,38.48353239
121214.94,0,9416636,0,0.0,ORTA_TICARETHANE,35-04-K01681,KARSIYAKA,35,0,0,TUNA,0,0,43,0,0.0,5.303953488372093,0,0,0.0,0,0.0,43,121214.94,0,0.0,27.11783915,38.45654743
2996.971,0,9419286,0,0.0,KUCUK_TICARETHANE,35-04-K00243,KARSIYAKA,35,0,0,CUMHURIYET,0,0,2,1,1107.994,5.0,0,0,0.0,0,0.0,1,1888.977,0,0.0,27.09730558,38.48319812
24656.123,0,9419746,0,0.0,ORTA_TICARETHANE,35-04-K00833,KARSIYAKA,35,0,0,DONANMACI,0,0,6,2,5409.197,5.558333333333334,0,0,0.0,0,0.0,4,19246.926,0,0.0,27.11516012,38.4577289
36111.29,0,9420685,0,0.0,ORTA_TICARETHANE,35-04-K00282,KARSIYAKA,35,0,0,AKSOY,0,0,1,0,0.0,8.86,0,0,0.0,0,0.0,1,36111.29,0,0.0,27.10933561,38.45367304
20388.504,0,9420855,0,0.0,KUCUK_TICARETHANE,35-04-K00491,KARSIYAKA,35,0,0,AKSOY,0,0,16,10,18804.694,5.41875,0,0,0.0,0,0.0,6,1583.81,0,0.0,27.10550649,38.45225396
26107.443,0,9421755,0,0.0,ORTA_TICARETHANE,35-04-K00587,KARSIYAKA,35,0,0,BOSTANLI,0,0,7,4,6291.72,5.504714285714286,0,0,0.0,0,0.0,3,19815.723,0,0.0,27.09722394,38.45770868
12986.16,0,9422485,0,0.0,KUCUK_TICARETHANE,35-09-M00215,CIGLI,35,0,0,HARMANDALI GAZI MUSTAFA KEMAL ATATURK,0,0,2,1,11368.05,8.65,0,0,0.0,0,0.0,1,1618.11,0,0.0,27.05135283,38.53268278
25306.868,0,9422785,0,0.0,KUCUK_TICARETHANE,35-04-K00055,KARSIYAKA,35,0,0,BAHARIYE,0,0,9,6,17582.183,5.6066666666666665,0,0,0.0,0,0.0,3,7724.6849999999995,0,0.0,27.11580105,38.46202677
15422.136,0,9422915,0,0.0,KUCUK_TICARETHANE,35-04-K01735,KARSIYAKA,35,0,0,DEDEBASI,0,0,6,4,9589.65,9.955,0,0,0.0,0,0.0,2,5832.486000000001,0,0.0,27.10870337,38.47010151
7024.976000000001,0,9423505,0,0.0,KUCUK_TICARETHANE,35-04-K00590,KARSIYAKA,35,0,0,BAHARIYE,0,0,6,4,4953.144,5.0,0,0,0.0,0,0.0,2,2071.832,0,0.0,27.11570012,38.4587325
0.0,0,9423665,0,0.0,KUCUK_TICARETHANE,35-04-K03036,KARSIYAKA,35,0,0,DEDEBASI,0,0,1,0,0.0,8.5,0,0,0.0,0,0.0,1,0.0,0,0.0,27.11008251,38.46960848
5854.786,0,9423766,0,0.0,KUCUK_TICARETHANE,35-04-K00928,KARSIYAKA,35,0,0,TUNA,0,0,1,0,0.0,8.66,0,0,0.0,0,0.0,1,5854.786,0,0.0,27.12066787,38.45598188
12763.387999999999,0,9424106,0,0.0,KUCUK_TICARETHANE,35-04-M01035,KARSIYAKA,35,0,0,YALI,0,0,6,4,7201.2519999999995,5.558333333333334,0,0,0.0,0,0.0,2,5562.136,0,0.0,27.09296725,38.46606277
7781.931,0,9424446,0,0.0,KUCUK_TICARETHANE,35-04-K00243,KARSIYAKA,35,0,0,CUMHURIYET,0,0,1,0,0.0,5.0,0,0,0.0,0,0.0,1,7781.931,0,0.0,27.09706117,38.48144827
4412.735000000001,0,9424666,0,0.0,KUCUK_TICARETHANE,35-09-M00210,CIGLI,35,0,0,HARMANDALI GAZI MUSTAFA KEMAL ATATURK,0,0,3,2,4401.433,10.08,0,0,0.0,0,0.0,1,11.302,0,0.0,27.05237844,38.53235836
467.399,0,9424776,0,0.0,ORTA_TICARETHANE,35-04-K04013,KARSIYAKA,35,0,0,CUMHURIYET,0,0,1,0,0.0,15.01,0,0,0.0,0,0.0,1,467.399,0,0.0,27.09006576,38.48215021
16625.563000000002,0,9425266,0,0.0,ORTA_TICARETHANE,35-04-M02100,KARSIYAKA,35,0,0,IMBATLI,0,0,2,1,31.633,6.78,0,0,0.0,0,0.0,1,16593.93,0,0.0,27.10883604,38.47279453
5725.608,0,9425496,0,0.0,KUCUK_TICARETHANE,35-04-K01541,KARSIYAKA,35,0,0,ATAKENT,0,0,1,0,0.0,8.35,0,0,0.0,0,0.0,1,5725.608,0,0.0,27.08538632,38.4686968
15797.947,0,9426356,0,0.0,KUCUK_TICARETHANE,35-04-K00885,KARSIYAKA,35,0,0,ATAKENT,0,0,8,5,9383.73,5.0,0,0,0.0,0,0.0,3,6414.217,0,0.0,27.09055407,38.46560918
268069.102,0,9426906,0,0.0,ORTA_TICARETHANE,35-04-K01681,KARSIYAKA,35,0,0,TUNA,0,0,30,0,0.0,6.528666666666667,0,0,0.0,0,0.0,30,268069.102,0,0.0,27.1177348,38.45653574
23927.863,0,9427126,0,0.0,ORTA_TICARETHANE,35-04-K01555,KARSIYAKA,35,0,0,DONANMACI,0,0,19,0,0.0,5.5268421052631584,0,0,0.0,0,0.0,19,23927.863,0,0.0,27.11939621,38.4551498
56557.56,0,9427596,0,0.0,ORTA_TICARETHANE,35-04-K01433,KARSIYAKA,35,0,0,DEDEBASI,0,0,13,9,19961.125,5.41,0,0,0.0,0,0.0,4,36596.435,0,0.0,27.10667911,38.46677658
39116.891,0,9427776,0,0.0,ORTA_TICARETHANE,35-04-K00115,KARSIYAKA,35,0,0,GONCALAR,0,0,12,7,19559.383,7.803333333333334,0,0,0.0,0,0.0,5,19557.508,0,0.0,27.10582346,38.46473705
7954.106,0,9428186,0,0.0,KUCUK_TICARETHANE,35-04-K01990,KARSIYAKA,35,0,0,TUNA,0,0,6,3,2974.2909999999997,5.0,0,0,0.0,0,0.0,3,4979.8150000000005,0,0.0,27.11991214,38.45703214
31036.268,0,9428566,0,0.0,ORTA_TICARETHANE,35-04-K01746,KARSIYAKA,35,0,0,DONANMACI,0,0,19,0,0.0,5.3531578947368414,0,0,0.0,0,0.0,19,31036.268,0,0.0,27.11580596,38.4564818
42640.8969,0,9429076,0,0.0,ORTA_TICARETHANE,35-04-K03719,KARSIYAKA,35,0,0,BOSTANLI,0,0,16,9,15199.3879,6.2926874999999995,0,0,0.0,0,0.0,7,27441.509000000002,0,0.0,27.09940313,38.45750637
16516.872,0,9429166,0,0.0,ORTA_TICARETHANE,35-04-M02647,KARSIYAKA,35,0,0,IMBATLI,0,0,3,0,0.0,5.3,0,0,0.0,0,0.0,3,16516.872,0,0.0,27.10431443,38.47623174
42954.844,0,9429466,0,0.0,ORTA_TICARETHANE,35-04-K00017,KARSIYAKA,35,0,0,ALAYBEY,0,0,15,9,19305.641,5.67,0,0,0.0,0,0.0,6,23649.203,0,0.0,27.12014899,38.45858176
0.0,0,9430096,0,0.0,KUCUK_TICARETHANE,35-04-M01173,KARSIYAKA,35,0,0,ORNEKKOY,0,0,1,0,0.0,5.0,0,0,0.0,0,0.0,1,0.0,0,0.0,27.11059611,38.48056175
16342.994,0,9430596,0,0.0,KUCUK_TICARETHANE,35-04-K02815,KARSIYAKA,35,0,0,NERGIZ,0,0,8,5,12937.95,5.41875,0,0,0.0,0,0.0,3,3405.044,0,0.0,27.10370847,38.4612215
29653.265,0,9430976,0,0.0,ORTA_TICARETHANE,35-04-K03847,KARSIYAKA,35,0,0,YALI,0,0,8,5,18232.138,6.25625,0,0,0.0,0,0.0,3,11421.127,0,0.0,27.09159695,38.46788586
11026.851999999999,0,9431026,0,0.0,KUCUK_TICARETHANE,35-04-K03229,KARSIYAKA,35,0,0,YALI,0,0,6,4,8860.961,9.238333333333333,0,0,0.0,0,0.0,2,2165.891,0,0.0,27.09689744,38.46694517
2570.475,0,9431398,0,0.0,KUCUK_TICARETHANE,35-04-M02466,KARSIYAKA,35,0,0,CUMHURIYET,0,0,2,1,1982.206,5.0,0,0,0.0,0,0.0,1,588.269,0,0.0,27.09863839,38.48333368
97443.898,0,9432028,0,0.0,ORTA_TICARETHANE,35-04-K01360,KARSIYAKA,35,0,0,BAHRIYE UCOK,0,0,28,1,1771.858,8.183571428571428,0,0,0.0,0,0.0,27,95672.04,0,0.0,27.11414428,38.45878602
46842.279,0,9432198,0,0.0,ORTA_TICARETHANE,35-04-K00191,KARSIYAKA,35,0,0,BOSTANLI,0,0,16,10,20351.566,5.649125,0,0,0.0,0,0.0,6,26490.712999999996,0,0.0,27.09107134,38.46070887
17488.092999999997,0,9432528,0,0.0,ORTA_TICARETHANE,35-04-M02777,KARSIYAKA,35,0,0,BOSTANLI,0,0,2,0,0.0,28.675,0,0,0.0,0,0.0,2,17488.092999999997,0,0.0,27.0983414,38.45902713
5188.764,0,9432768,0,0.0,KUCUK_TICARETHANE,35-04-M01180,KARSIYAKA,35,0,0,IMBATLI,0,0,2,1,334.993,5.0,0,0,0.0,0,0.0,1,4853.771,0,0.0,27.10430333,38.47574069
10205.052,0,9432968,0,0.0,KUCUK_TICARETHANE,35-04-K02433,KARSIYAKA,35,0,0,DONANMACI,0,0,6,4,8494.733,5.0,0,0,0.0,0,0.0,2,1710.319,0,0.0,27.11693548,38.45617366
23189.622,0,9433078,0,0.0,ORTA_TICARETHANE,35-04-K00928,KARSIYAKA,35,0,0,TUNA,0,0,10,0,0.0,8.111799999999999,0,0,0.0,0,0.0,10,23189.622,0,0.0,27.11969004,38.45759896
9602.83,0,9433478,0,0.0,KUCUK_TICARETHANE,35-09-M00211,CIGLI,35,0,0,INONU,0,0,5,3,5601.381,5.67,0,0,0.0,0,0.0,2,4001.4489999999996,0,0.0,27.04737767,38.52660368
7215.884,0,9433648,0,0.0,KUCUK_TICARETHANE,35-04-K01316,KARSIYAKA,35,0,0,DONANMACI,0,0,7,3,1817.502,5.958571428571429,0,0,0.0,0,0.0,4,5398.382,0,0.0,27.11750852,38.45576826
84903.596,0,9433878,0,0.0,ORTA_TICARETHANE,35-04-K01990,KARSIYAKA,35,0,0,TUNA,0,0,9,2,4208.046,8.594444444444443,0,0,0.0,0,0.0,7,80695.55,0,0.0,27.11942929,38.45609312
17798.648,0,9434278,0,0.0,KUCUK_TICARETHANE,35-04-K00833,KARSIYAKA,35,0,0,DONANMACI,0,0,8,5,8328.612000000001,5.2875,0,0,0.0,0,0.0,3,9470.036,0,0.0,27.11454366,38.45644719
4341.092,0,9434888,0,0.0,KUCUK_TICARETHANE,35-04-K04628,KARSIYAKA,35,0,0,SEMIKLER,0,0,3,2,4074.89,5.0,0,0,0.0,0,0.0,1,266.202,0,0.0,27.09525272,38.47127575
15241.595000000001,0,9435978,0,0.0,KUCUK_TICARETHANE,35-04-M01184,KARSIYAKA,35,0,0,FIKRI ALTAY,0,0,5,3,5277.363,5.2,0,0,0.0,0,0.0,2,9964.232,0,0.0,27.10106696,38.47526764
587.545,0,9436438,0,0.0,KUCUK_TICARETHANE,35-04-K04756,KARSIYAKA,35,0,0,LATIFE HANIM,0,0,1,0,0.0,8.2,0,0,0.0,0,0.0,1,587.545,0,0.0,27.12092688,38.49956594
25522.047,0,9436718,0,0.0,ORTA_TICARETHANE,35-04-K00017,KARSIYAKA,35,0,0,ALAYBEY,0,0,8,5,12077.621,5.4875,0,0,0.0,0,0.0,3,13444.426,0,0.0,27.12029016,38.45949337
5498.359,0,9436948,0,0.0,KUCUK_TICARETHANE,35-04-M02326,KARSIYAKA,35,0,0,ORNEKKOY,0,0,3,1,2141.593,6.116666666666667,0,0,0.0,0,0.0,2,3356.766,0,0.0,27.1115657,38.47792523
133413.0,0,9437178,0,0.0,ORTA_TICARETHANE,35-04-K00243,KARSIYAKA,35,0,0,CUMHURIYET,0,0,1,0,0.0,15.01,0,0,0.0,0,0.0,1,133413.0,0,0.0,27.09760318,38.48270358
4357.651,0,9437828,0,0.0,KUCUK_TICARETHANE,35-04-M01873,KARSIYAKA,35,0,0,CUMHURIYET,0,0,3,2,1384.022,9.413333333333334,0,0,0.0,0,0.0,1,2973.629,0,0.0,27.09036268,38.48218606
49912.109000000004,0,9438118,0,0.0,ORTA_TICARETHANE,35-04-K01109,KARSIYAKA,35,0,0,TUNA,0,0,24,0,0.0,5.598333333333334,0,0,0.0,0,0.0,24,49912.109000000004,0,0.0,27.11800454,38.45634057
31991.819,0,9438328,0,0.0,ORTA_TICARETHANE,35-04-K01316,KARSIYAKA,35,0,0,DONANMACI,0,0,2,0,0.0,10.004999999999999,0,0,0.0,0,0.0,2,31991.819,0,0.0,27.11740667,38.45530528
2009.7640000000001,0,9438498,0,0.0,KUCUK_TICARETHANE,35-04-K04918,KARSIYAKA,35,0,0,CUMHURIYET,0,0,3,2,1917.018,5.0,0,0,0.0,0,0.0,1,92.746,0,0.0,27.08686806,38.48449169
74594.197,0,9439247,0,0.0,ORTA_TICARETHANE,35-04-K01664,KARSIYAKA,35,0,0,SEMIKLER,0,0,2,0,0.0,41.71,0,0,0.0,0,0.0,2,74594.197,0,0.0,27.08664565,38.4824508
23877.607,0,9439567,0,0.0,ORTA_TICARETHANE,35-04-K00930,KARSIYAKA,35,0,0,NERGIZ,0,0,13,8,13535.779,5.0,0,0,0.0,0,0.0,5,10341.828,0,0.0,27.10524528,38.46061154
3722.142,0,9440517,0,0.0,KUCUK_TICARETHANE,35-04-K00358,KARSIYAKA,35,0,0,ORNEKKOY,0,0,2,1,3194.761,5.0,0,0,0.0,0,0.0,1,527.381,0,0.0,27.10866404,38.48024719
10901.110999999999,0,9440607,0,0.0,KUCUK_TICARETHANE,35-04-K03012,KARSIYAKA,35,0,0,IMBATLI,0,0,3,2,10820.523,5.0,0,0,0.0,0,0.0,1,80.588,0,0.0,27.11053753,38.47119809
91672.698,0,9440788,0,0.0,ORTA_TICARETHANE,35-04-K01109,KARSIYAKA,35,0,0,TUNA,0,0,33,7,15076.94,5.956969696969696,0,0,0.0,0,0.0,26,76595.758,0,0.0,27.11898349,38.45706015
5864.201,0,9441668,0,0.0,KUCUK_TICARETHANE,35-04-K01542,KARSIYAKA,35,0,0,ATAKENT,0,0,1,0,0.0,5.0,0,0,0.0,0,0.0,1,5864.201,0,0.0,27.0828046,38.4664046
71.305,0,9441828,0,0.0,KUCUK_TICARETHANE,35-04-M01180,KARSIYAKA,35,0,0,CUMHURIYET,0,0,1,0,0.0,5.0,0,0,0.0,0,0.0,1,71.305,0,0.0,27.10288021,38.47595156
13611.23,0,9441858,0,0.0,ORTA_TICARETHANE,35-04-K00243,KARSIYAKA,35,0,0,CUMHURIYET,0,0,1,0,0.0,5.0,0,0,0.0,0,0.0,1,13611.23,0,0.0,27.09776924,38.48297386
8431.196,0,9441888,0,0.0,KUCUK_SANAYI,35-04-M01873,KARSIYAKA,35,0,0,CUMHURIYET,0,0,1,0,0.0,34.28,0,1,8431.196,0,0.0,0,0.0,0,0.0,27.09072691,38.48209472
843.844,0,9442318,0,0.0,KUCUK_TICARETHANE,35-04-K04756,KARSIYAKA,35,0,0,LATIFE HANIM,0,0,1,0,0.0,9.76,0,0,0.0,0,0.0,1,843.844,0,0.0,27.12164184,38.499126
12046.1,0,9442568,0,0.0,ORTA_TICARETHANE,35-04-K03844,KARSIYAKA,35,0,0,TUNA,0,0,1,0,0.0,12.4,0,0,0.0,0,0.0,1,12046.1,0,0.0,27.11886737,38.45593035
29333.339,0,9442838,0,0.0,ORTA_TICARETHANE,35-04-K00928,KARSIYAKA,35,0,0,TUNA,0,0,13,9,18874.784,6.031538461538461,0,0,0.0,0,0.0,4,10458.555,0,0.0,27.11959059,38.45740778
27497.64,0,9443538,0,0.0,KUCUK_TICARETHANE,35-04-K03203,KARSIYAKA,35,0,0,BAHARIYE,0,0,14,9,22868.154,5.0,0,0,0.0,0,0.0,5,4629.486,0,0.0,27.1207723,38.46236301
526.856,0,9443818,0,0.0,KUCUK_TICARETHANE,35-04-K00358,KARSIYAKA,35,0,0,ORNEKKOY,0,0,1,0,0.0,5.0,0,0,0.0,0,0.0,1,526.856,0,0.0,27.10888734,38.47997498
11205.906,0,9443978,0,0.0,KUCUK_TICARETHANE,35-04-K00358,KARSIYAKA,35,0,0,ORNEKKOY,0,0,2,1,2130.795,10.455,0,0,0.0,0,0.0,1,9075.111,0,0.0,27.10989583,38.47811203
11777.064,0,9445458,0,0.0,KUCUK_TICARETHANE,35-04-K01746,KARSIYAKA,35,0,0,DONANMACI,0,0,4,2,5582.768,7.0825,0,0,0.0,0,0.0,2,6194.296,0,0.0,27.11604823,38.45695001
24581.137,0,9445478,0,0.0,KUCUK_TICARETHANE,35-04-K02900,KARSIYAKA,35,0,0,BAHARIYE,0,0,13,9,18526.138,5.28923076923077,0,0,0.0,0,0.0,4,6054.999000000001,0,0.0,27.12079322,38.46205932
1122.541,0,9446647,0,0.0,KUCUK_TICARETHANE,35-04-K02472,KARSIYAKA,35,0,0,ZUBEYDE HANIM,0,0,1,0,0.0,5.0,0,0,0.0,0,0.0,1,1122.541,0,0.0,27.10991777,38.49301099
2865.601,0,9446877,0,0.0,KUCUK_TICARETHANE,35-04-M02922,KARSIYAKA,35,0,0,ORNEKKOY,0,0,1,0,0.0,5.82,0,0,0.0,0,0.0,1,2865.601,0,0.0,27.10990731,38.47771767
3262.298,0,9446957,0,0.0,KUCUK_TICARETHANE,35-04-K04756,KARSIYAKA,35,0,0,LATIFE HANIM,0,0,1,0,0.0,7.22,0,0,0.0,0,0.0,1,3262.298,0,0.0,27.12448008,38.49832796
94119.91,0,9447707,0,0.0,ORTA_TICARETHANE,35-04-K01760,KARSIYAKA,35,0,0,DONANMACI,0,0,1,0,0.0,43.48,0,0,0.0,0,0.0,1,94119.91,0,0.0,27.11851992,38.45607004
186706.9,0,9448547,0,0.0,ORTA_TICARETHANE,35-04-K03390,KARSIYAKA,35,0,0,YALI,0,0,1,0,0.0,86.31,0,0,0.0,0,0.0,1,186706.9,0,0.0,27.08461738,38.47239243
173346.25,0,9448597,0,0.0,ORTA_TICARETHANE,35-04-K00111,KARSIYAKA,35,0,0,BOSTANLI,0,0,32,15,26683.954,5.6449375,0,0,0.0,0,0.0,17,146662.296,0,0.0,27.0985222,38.45691615
18270.103,0,9448727,0,0.0,KUCUK_TICARETHANE,35-04-K02323,KARSIYAKA,35,0,0,CUMHURIYET,0,0,6,4,12107.705,5.558333333333334,0,0,0.0,0,0.0,2,6162.398,0,0.0,27.09999459,38.48038679
22014.703,0,9450028,0,0.0,KUCUK_TICARETHANE,35-04-K00833,KARSIYAKA,35,0,0,DONANMACI,0,0,13,9,16263.057,5.257692307692308,0,0,0.0,0,0.0,4,5751.646000000001,0,0.0,27.11460947,38.45678793
209205.993,0,9450088,0,0.0,ORTA_SANAYI,35-04-K00289,KARSIYAKA,35,0,0,DONANMACI,0,0,31,1,5573.75,6.365161290322581,0,1,116624.1,0,0.0,29,87008.143,0,0.0,27.11587947,38.45719864
2777.38,0,9450218,0,0.0,ORTA_TICARETHANE,35-04-M01873,KARSIYAKA,35,0,0,CUMHURIYET,0,0,1,0,0.0,15.01,0,0,0.0,0,0.0,1,2777.38,0,0.0,27.09066457,38.48210525
14567.873,0,9450488,0,0.0,KUCUK_TICARETHANE,35-04-K00753,KARSIYAKA,35,0,0,AKSOY,0,0,13,9,12967.896,5.257692307692308,0,0,0.0,0,0.0,4,1599.9769999999999,0,0.0,27.10868659,38.45391525
135107.389,0,9450618,0,0.0,ORTA_TICARETHANE,35-04-M02777,KARSIYAKA,35,0,0,BOSTANLI,0,0,19,12,21782.492000000002,8.639526315789475,0,0,0.0,0,0.0,7,113324.897,0,0.0,27.09883778,38.45758579
89491.51000000001,0,9450798,0,0.0,ORTA_TICARETHANE,35-04-K03010,KARSIYAKA,35,0,0,YALI,0,0,11,6,17793.659,13.063636363636363,0,0,0.0,0,0.0,5,71697.851,0,0.0,27.08855288,38.4673328
4702.392,0,9450938,0,0.0,KUCUK_TICARETHANE,35-04-K04503,KARSIYAKA,35,0,0,ZUBEYDE HANIM,0,0,2,1,3840.539,7.2,0,0,0.0,0,0.0,1,861.853,0,0.0,27.1138962,38.49128454
27117.556,0,9450988,0,0.0,ORTA_TICARETHANE,35-04-K01746,KARSIYAKA,35,0,0,DONANMACI,0,0,6,4,9603.626,5.066666666666666,0,0,0.0,0,0.0,2,17513.93,0,0.0,27.1168958,38.45659972
16542.972,0,9451018,0,0.0,ORTA_TICARETHANE,35-04-K01608,KARSIYAKA,35,0,0,CUMHURIYET,0,0,4,2,5622.836,5.005,0,0,0.0,0,0.0,2,10920.135999999999,0,0.0,27.09439887,38.47878782
21730.244,0,9451658,0,0.0,ORTA_TICARETHANE,35-04-K00358,KARSIYAKA,35,0,0,ORNEKKOY,0,0,4,2,8922.73,5.0,0,0,0.0,0,0.0,2,12807.514000000001,0,0.0,27.10985458,38.47933164
3465.6899999999996,0,9452498,0,0.0,KUCUK_TICARETHANE,35-04-K04477,KARSIYAKA,35,0,0,LATIFE HANIM,0,0,2,0,0.0,5.0,0,0,0.0,0,0.0,2,3465.6899999999996,0,0.0,27.11718083,38.49127841
19872.171,0,9452528,0,0.0,ORTA_TICARETHANE,35-04-M02100,KARSIYAKA,35,0,0,IMBATLI,0,0,2,1,209.671,5.0,0,0,0.0,0,0.0,1,19662.5,0,0.0,27.10831198,38.47206684
796.511,0,9453658,0,0.0,KUCUK_TICARETHANE,35-04-K04709,KARSIYAKA,35,0,0,DEMIRKOPRU,0,0,2,0,0.0,5.0,0,0,0.0,0,0.0,2,796.511,0,0.0,27.09764301,38.46740982
124102.497,0,9453708,0,0.0,ORTA_TICARETHANE,35-04-K00488,KARSIYAKA,35,0,0,BOSTANLI,0,0,13,5,12459.643,5.616307692307692,0,0,0.0,0,0.0,8,111642.854,0,0.0,27.10048202,38.45422709
1079.525,0,9453958,0,0.0,KUCUK_TICARETHANE,35-04-M01834,KARSIYAKA,35,0,0,CUMHURIYET,0,0,1,0,0.0,5.0,0,0,0.0,0,0.0,1,1079.525,0,0.0,27.09927881,38.47757844
27980.576,0,9454428,0,0.0,KUCUK_TICARETHANE,35-04-K04246,KARSIYAKA,35,0,0,GONCALAR,0,0,15,8,19073.375,5.223333333333333,0,0,0.0,0,0.0,7,8907.201000000001,0,0.0,27.10521325,38.46387201
13598.927,0,9455198,0,0.0,ORTA_TICARETHANE,35-04-K02323,KARSIYAKA,35,0,0,CUMHURIYET,0,0,2,1,1799.967,5.0,0,0,0.0,0,0.0,1,11798.96,0,0.0,27.09981051,38.4798427
3617.925,0,9455338,0,0.0,KUCUK_TICARETHANE,35-04-M02425,KARSIYAKA,35,0,0,SEMIKLER,0,0,1,0,0.0,5.81,0,0,0.0,0,0.0,1,3617.925,0,0.0,27.10141601,38.4755511
8952.663,0,9455728,0,0.0,KUCUK_TICARETHANE,35-04-K01608,KARSIYAKA,35,0,0,CUMHURIYET,0,0,6,3,6027.29,5.0,0,0,0.0,0,0.0,3,2925.373,0,0.0,27.09443955,38.47900551
78504.696,0,9457048,0,0.0,ORTA_TICARETHANE,35-04-K01360,KARSIYAKA,35,0,0,BAHRIYE UCOK,0,0,24,12,24551.092,6.175,0,0,0.0,0,0.0,12,53953.604,0,0.0,27.11415275,38.45925291
1032.731,0,9457258,0,0.0,KUCUK_TICARETHANE,35-04-K00358,KARSIYAKA,35,0,0,ORNEKKOY,0,0,1,0,0.0,5.0,0,0,0.0,0,0.0,1,1032.731,0,0.0,27.10972011,38.48103129
7425.077,0,9457658,0,0.0,KUCUK_TICARETHANE,35-04-K04628,KARSIYAKA,35,0,0,SEMIKLER,0,0,3,2,7261.719,5.263333333333333,0,0,0.0,0,0.0,1,163.358,0,0.0,27.09569008,38.47134735
47099.07,0,9459342,0,0.0,ORTA_TICARETHANE,35-04-K01450,KARSIYAKA,35,0,0,YALI,0,0,3,0,0.0,6.2299999999999995,0,0,0.0,0,0.0,3,47099.07,0,0.0,27.08873916,38.46898972
59495.947,0,9459502,0,0.0,ORTA_TICARETHANE,35-04-K00115,KARSIYAKA,35,0,0,GONCALAR,0,0,9,6,16773.86,5.77,0,0,0.0,0,0.0,3,42722.087,0,0.0,27.10406241,38.46463063
6151.139,0,9460072,0,0.0,KUCUK_TICARETHANE,35-04-K03214,KARSIYAKA,35,0,0,DEDEBASI,0,0,1,0,0.0,8.352,0,0,0.0,0,0.0,1,6151.139,0,0.0,27.10392487,38.47455132
21912.23,0,9460332,0,0.0,ORTA_TICARETHANE,35-04-K00427,KARSIYAKA,35,0,0,IMBATLI,0,0,1,0,0.0,5.66,0,0,0.0,0,0.0,1,21912.23,0,0.0,27.10464323,38.47553543
14392.907,0,9460642,0,0.0,KUCUK_TICARETHANE,35-04-K00928,KARSIYAKA,35,0,0,TUNA,0,0,6,3,7436.6,5.8566666666666665,0,0,0.0,0,0.0,3,6956.307,0,0.0,27.12021759,38.45711708
44997.796,0,9460792,0,0.0,ORTA_TICARETHANE,35-04-K01411,KARSIYAKA,35,0,0,GONCALAR,0,0,14,9,23346.644,5.517142857142857,0,0,0.0,0,0.0,5,21651.152000000002,0,0.0,27.10257687,38.46498855
54673.26699999999,0,9461252,0,0.0,ORTA_TICARETHANE,35-04-K01316,KARSIYAKA,35,0,0,DONANMACI,0,0,7,3,4066.4449999999997,5.142857142857143,0,0,0.0,0,0.0,4,50606.82199999999,0,0.0,27.11803421,38.45422348
61522.54,0,9461332,0,0.0,ORTA_TICARETHANE,35-04-K03058,KARSIYAKA,35,0,0,DEDEBASI,0,0,1,0,0.0,62.0,0,0,0.0,0,0.0,1,61522.54,0,0.0,27.10562344,38.46999417
237.507,0,9461652,0,0.0,KUCUK_TICARETHANE,35-04-K01141,KARSIYAKA,35,0,0,CUMHURIYET,0,0,1,0,0.0,5.0,0,0,0.0,0,0.0,1,237.507,0,0.0,27.08693274,38.48329376
6602.346,0,9461772,0,0.0,KUCUK_TICARETHANE,35-04-K04756,KARSIYAKA,35,0,0,LATIFE HANIM,0,0,1,0,0.0,7.892,0,0,0.0,0,0.0,1,6602.346,0,0.0,27.12130704,38.49919206
2215.503,0,9462201,0,0.0,ORTA_TICARETHANE,35-04-K04709,KARSIYAKA,35,0,0,SEMIKLER,0,0,1,0,0.0,15.01,0,0,0.0,0,0.0,1,2215.503,0,0.0,27.0976888,38.46979939
11595.992,0,9462291,0,0.0,KUCUK_TICARETHANE,35-04-K00244,KARSIYAKA,35,0,0,CUMHURIYET,0,0,3,2,6265.6849999999995,5.073333333333333,0,0,0.0,0,0.0,1,5330.307,0,0.0,27.1020407,38.48063828
3595.786,0,9462431,0,0.0,KUCUK_TICARETHANE,35-04-K00358,KARSIYAKA,35,0,0,ORNEKKOY,0,0,2,1,1385.973,7.41,0,0,0.0,0,0.0,1,2209.813,0,0.0,27.11038754,38.47925125
13045.276,0,9463141,0,0.0,KUCUK_TICARETHANE,35-04-K01316,KARSIYAKA,35,0,0,DONANMACI,0,0,6,4,8321.196,5.0,0,0,0.0,0,0.0,2,4724.08,0,0.0,27.11732035,38.45578016
6752.8859999999995,0,9463541,0,0.0,KUCUK_TICARETHANE,35-04-M02777,KARSIYAKA,35,0,0,BOSTANLI,0,0,2,1,4784.94,5.0,0,0,0.0,0,0.0,1,1967.946,0,0.0,27.09827602,38.45982015
61591.69500001,0,9463861,0,0.0,ORTA_TICARETHANE,35-04-K01760,KARSIYAKA,35,0,0,DONANMACI,0,0,12,0,0.0,6.116666666666667,0,0,0.0,0,0.0,12,61591.69500001,0,0.0,27.11861476,38.45588907
10096.516,0,9464061,0,0.0,ORTA_TICARETHANE,35-04-K02433,KARSIYAKA,35,0,0,DONANMACI,0,0,4,0,0.0,5.8375,0,0,0.0,0,0.0,4,10096.516,0,0.0,27.11693417,38.45593918
9814.155,0,9464231,0,0.0,KUCUK_TICARETHANE,35-04-K04188,KARSIYAKA,35,0,0,TUNA,0,0,6,4,2934.572,5.558333333333334,0,0,0.0,0,0.0,2,6879.5830000000005,0,0.0,27.11760334,38.45755417
9478.673,0,9464241,0,0.0,KUCUK_TICARETHANE,35-04-K00590,KARSIYAKA,35,0,0,BAHARIYE,0,0,6,3,5279.25,9.881666666666666,0,0,0.0,0,0.0,3,4199.423,0,0.0,27.11524382,38.45874897
13201.719,0,9465441,0,0.0,KUCUK_TICARETHANE,35-09-M00625,CIGLI,35,0,0,AHMET EFENDI,0,0,2,1,4085.918,8.335,0,0,0.0,0,0.0,1,9115.801,0,0.0,27.03967988,38.51991608
4569.622,0,9465521,0,0.0,KUCUK_TICARETHANE,35-04-M01150,KARSIYAKA,35,0,0,ORNEKKOY,0,0,3,2,4359.262000000001,5.0,0,0,0.0,0,0.0,1,210.36,0,0.0,27.11299323,38.47978846
6186.4039999999995,0,9465631,0,0.0,KUCUK_TICARETHANE,35-04-K00115,KARSIYAKA,35,0,0,GONCALAR,0,0,2,0,0.0,5.0,0,0,0.0,0,0.0,2,6186.4039999999995,0,0.0,27.10586681,38.4646036
54736.118,0,9465651,0,0.0,ORTA_TICARETHANE,35-04-M02777,KARSIYAKA,35,0,0,BOSTANLI,0,0,13,9,14424.502,5.256384615384615,0,0,0.0,0,0.0,4,40311.616,0,0.0,27.09574342,38.45794721
14377.699,0,9465661,0,0.0,ORTA_TICARETHANE,35-04-K00590,KARSIYAKA,35,0,0,BAHARIYE,0,0,8,2,1945.641,5.8375,0,0,0.0,0,0.0,6,12432.058,0,0.0,27.11620516,38.45789759
139036.236,0,9465991,0,0.0,ORTA_TICARETHANE,35-04-K01360,KARSIYAKA,35,0,0,BAHRIYE UCOK,0,0,29,0,0.0,6.04551724137931,0,0,0.0,0,0.0,29,139036.236,0,0.0,27.11420776,38.45955576
14914.798999999999,0,9466072,0,0.0,KUCUK_TICARETHANE,35-04-K01411,KARSIYAKA,35,0,0,DEDEBASI,0,0,6,4,11701.946,5.958333333333333,0,0,0.0,0,0.0,2,3212.853,0,0.0,27.10267487,38.46529209
792.808,0,9466812,0,0.0,KUCUK_TICARETHANE,35-04-M01180,KARSIYAKA,35,0,0,CUMHURIYET,0,0,1,0,0.0,5.0,0,0,0.0,0,0.0,1,792.808,0,0.0,27.10294728,38.47592924
24146.399999999998,0,9467302,0,0.0,ORTA_TICARETHANE,35-04-K04521,KARSIYAKA,35,0,0,YALI,0,0,3,0,0.0,8.4,0,0,0.0,0,0.0,3,24146.399999999998,0,0.0,27.09362987,38.46978891
70486.15999999999,0,9467562,0,0.0,ORTA_TICARETHANE,35-04-K00197,KARSIYAKA,35,0,0,SEMIKLER,0,0,2,0,0.0,12.75,0,0,0.0,0,0.0,2,70486.15999999999,0,0.0,27.09387277,38.47119939
0.187,0,9468013,0,0.0,KUCUK_TICARETHANE,35-04-M01027,KARSIYAKA,35,0,0,CUMHURIYET,0,0,1,0,0.0,5.0,0,0,0.0,0,0.0,1,0.187,0,0.0,27.09656909,38.48003
33785.128,0,9468113,0,0.0,ORTA_TICARETHANE,35-04-K00872,KARSIYAKA,35,0,0,AKSOY,0,0,18,11,16331.478,5.558333333333334,0,0,0.0,0,0.0,7,17453.65,0,0.0,27.1101565,38.45473136
13491.728000000001,0,9468123,0,0.0,KUCUK_TICARETHANE,35-04-K04641,KARSIYAKA,35,0,0,BOSTANLI,0,0,10,5,9220.635999999999,6.026,0,0,0.0,0,0.0,5,4271.092000000001,0,0.0,27.10134305,38.45598986
41992.54,0,9468383,0,0.0,ORTA_TICARETHANE,35-04-K00692,KARSIYAKA,35,0,0,BAHARIYE,0,0,1,0,0.0,5.0,0,0,0.0,0,0.0,1,41992.54,0,0.0,27.11638447,38.45826294
12802.817000000001,0,9468933,0,0.0,KUCUK_TICARETHANE,35-04-K03102,KARSIYAKA,35,0,0,TERSANE,0,0,6,3,4564.127,6.579999999999999,0,0,0.0,0,0.0,3,8238.69,0,0.0,27.12389768,38.46066821
13497.44,0,9469223,0,0.0,ORTA_TICARETHANE,35-04-K04756,KARSIYAKA,35,0,0,LATIFE HANIM,0,0,1,0,0.0,8.2,0,0,0.0,0,0.0,1,13497.44,0,0.0,27.12091608,38.49962693
35807.159,0,9469743,0,0.0,ORTA_TICARETHANE,35-04-K03723,KARSIYAKA,35,0,0,BAHCELIEVLER,0,0,8,5,6722.344999999999,5.5075,0,0,0.0,0,0.0,3,29084.814,0,0.0,27.12459948,38.46465613
22690.851000000002,0,9470693,0,0.0,ORTA_TICARETHANE,35-04-K00363,KARSIYAKA,35,0,0,TUNA,0,0,3,0,0.0,5.8133333333333335,0,0,0.0,0,0.0,3,22690.851000000002,0,0.0,27.12263634,38.45665985
15237.21,0,9471823,0,0.0,KUCUK_SANAYI,35-04-K04756,KARSIYAKA,35,0,0,LATIFE HANIM,0,0,1,0,0.0,8.2,0,1,15237.21,0,0.0,0,0.0,0,0.0,27.12096216,38.49937604
75886.88399999999,0,9471853,0,0.0,ORTA_TICARETHANE,35-04-K00243,KARSIYAKA,35,0,0,CUMHURIYET,0,0,5,3,3772.9269999999997,9.403,0,0,0.0,0,0.0,2,72113.957,0,0.0,27.09691539,38.483446
10285.93,0,9472203,0,0.0,KUCUK_TICARETHANE,35-04-M01027,KARSIYAKA,35,0,0,CUMHURIYET,0,0,2,1,2938.044,5.0,0,0,0.0,0,0.0,1,7347.886,0,0.0,27.09734749,38.47915619
24511.983,0,9473483,0,0.0,ORTA_TICARETHANE,35-04-M03260,KARSIYAKA,35,0,0,ORNEKKOY,0,0,8,5,6937.22,5.55,0,0,0.0,0,0.0,3,17574.763,0,0.0,27.11189363,38.48330097
8010.254999999999,0,9473553,0,0.0,KUCUK_TICARETHANE,35-04-K04708,KARSIYAKA,35,0,0,SEMIKLER,0,0,3,2,4129.2789999999995,5.0,0,0,0.0,0,0.0,1,3880.976,0,0.0,27.09519528,38.4748912
87305.31599999999,0,9473974,0,0.0,ORTA_TICARETHANE,35-04-K01433,KARSIYAKA,35,0,0,DEDEBASI,0,0,13,9,19538.078,6.052307692307693,0,0,0.0,0,0.0,4,67767.238,0,0.0,27.10621756,38.46573078
20012.707000000002,0,9474184,0,0.0,ORTA_TICARETHANE,35-04-K03012,KARSIYAKA,35,0,0,IMBATLI,0,0,2,1,2941.217,5.0,0,0,0.0,0,0.0,1,17071.49,0,0.0,27.11014674,38.47114326
3086.638,0,9474194,0,0.0,KUCUK_TICARETHANE,35-04-M01027,KARSIYAKA,35,0,0,CUMHURIYET,0,0,3,1,2368.665,6.613333333333333,0,0,0.0,0,0.0,2,717.973,0,0.0,27.09547682,38.48156375
939.657,0,9474304,0,0.0,KUCUK_TICARETHANE,35-04-M01180,KARSIYAKA,35,0,0,IMBATLI,0,0,1,0,0.0,5.0,0,0,0.0,0,0.0,1,939.657,0,0.0,27.10444513,38.47571295
33919.688,0,9474744,0,0.0,KUCUK_TICARETHANE,35-04-M03251,KARSIYAKA,35,0,0,BOSTANLI,0,0,13,9,26433.21,5.516153846153846,0,0,0.0,0,0.0,4,7486.477999999999,0,0.0,27.10588094,38.45650098
6644.428,0,9475474,0,0.0,KUCUK_TICARETHANE,35-04-K01450,KARSIYAKA,35,0,0,YALI,0,0,4,2,6309.3279999999995,5.8375,0,0,0.0,0,0.0,2,335.09999999999997,0,0.0,27.08907937,38.46885334
5696.246,0,9475614,0,0.0,KUCUK_TICARETHANE,35-04-M01180,KARSIYAKA,35,0,0,IMBATLI,0,0,1,0,0.0,5.0,0,0,0.0,0,0.0,1,5696.246,0,0.0,27.10411182,38.47576078
4465.71,0,9475684,0,0.0,KUCUK_TICARETHANE,35-04-K00358,KARSIYAKA,35,0,0,ORNEKKOY,0,0,2,1,3094.182,5.0,0,0,0.0,0,0.0,1,1371.528,0,0.0,27.11028109,38.47950333
6759.688,0,9475764,0,0.0,KUCUK_TICARETHANE,35-04-M02466,KARSIYAKA,35,0,0,CUMHURIYET,0,0,3,2,6757.739,6.419999999999999,0,0,0.0,0,0.0,1,1.949,0,0.0,27.10008687,38.48335879
6982.699,0,9476674,0,0.0,KUCUK_TICARETHANE,35-04-K01608,KARSIYAKA,35,0,0,CUMHURIYET,0,0,1,0,0.0,14.18,0,0,0.0,0,0.0,1,6982.699,0,0.0,27.0930456,38.4796814
5065.228,0,9476954,0,0.0,KUCUK_TICARETHANE,35-04-K00308,KARSIYAKA,35,0,0,SEMIKLER,0,0,4,2,3573.273,5.0,0,0,0.0,0,0.0,2,1491.955,0,0.0,27.08847962,38.48066416
6382.494000000001,0,9477094,0,0.0,KUCUK_TICARETHANE,35-04-K04619,KARSIYAKA,35,0,0,SEMIKLER,0,0,2,1,6357.274,5.0,0,0,0.0,0,0.0,1,25.22,0,0.0,27.08959247,38.47628983
4740.2699999999995,0,9477174,0,0.0,KUCUK_TICARETHANE,35-04-M02425,KARSIYAKA,35,0,0,SEMIKLER,0,0,2,1,3282.785,5.0,0,0,0.0,0,0.0,1,1457.485,0,0.0,27.10016234,38.47651299
11340.924,0,9477624,0,0.0,KUCUK_TICARETHANE,35-04-K00288,KARSIYAKA,35,0,0,ALAYBEY,0,0,6,4,9114.936,5.0,0,0,0.0,0,0.0,2,2225.9880000000003,0,0.0,27.12498569,38.45896818
101869.7,0,9479044,0,0.0,ORTA_TICARETHANE,35-04-K00133,KARSIYAKA,35,0,0,DONANMACI,0,0,1,0,0.0,47.58,0,0,0.0,0,0.0,1,101869.7,0,0.0,27.11921501,38.45548702
29068.036999999997,0,9479774,0,0.0,ORTA_TICARETHANE,35-04-K00243,KARSIYAKA,35,0,0,CUMHURIYET,0,0,2,1,1394.617,8.355,0,0,0.0,0,0.0,1,27673.42,0,0.0,27.0969592,38.4833638
868.4780000000001,0,9480344,0,0.0,KUCUK_TICARETHANE,35-04-M01026,KARSIYAKA,35,0,0,CUMHURIYET,0,0,2,1,570.613,5.0,0,0,0.0,0,0.0,1,297.865,0,0.0,27.0973898,38.48133619
3095.701,0,9480674,0,0.0,ORTA_TICARETHANE,35-04-K04756,KARSIYAKA,35,0,0,LATIFE HANIM,0,0,1,0,0.0,17.6,0,0,0.0,0,0.0,1,3095.701,0,0.0,27.120915,38.50008194
102162.782,0,9480914,0,0.0,ORTA_TICARETHANE,35-04-K01433,KARSIYAKA,35,0,0,DEDEBASI,0,0,19,13,21629.109,6.638421052631578,0,0,0.0,0,0.0,6,80533.67300000001,0,0.0,27.1057666,38.46527571
31517.225000000002,0,9481044,0,0.0,ORTA_TICARETHANE,35-04-K02815,KARSIYAKA,35,0,0,NERGIZ,0,0,13,9,11684.749,5.286153846153846,0,0,0.0,0,0.0,4,19832.476000000002,0,0.0,27.104271,38.46084448
72145.25300000001,0,9481954,0,0.0,ORTA_TICARETHANE,35-04-K04794,KARSIYAKA,35,0,0,TUNA,0,0,5,3,7257.874000000001,6.34,0,0,0.0,0,0.0,2,64887.379,0,0.0,27.1185112,38.45692256
5574.383,0,9482034,0,0.0,KUCUK_TICARETHANE,35-04-K01141,KARSIYAKA,35,0,0,CUMHURIYET,0,0,3,1,3888.008,8.113333333333333,0,0,0.0,0,0.0,2,1686.375,0,0.0,27.08655758,38.48373978
26881.968999999997,0,9482184,0,0.0,ORTA_TICARETHANE,35-04-K02433,KARSIYAKA,35,0,0,DONANMACI,0,0,9,1,628.381,5.833333333333333,0,0,0.0,0,0.0,8,26253.588,0,0.0,27.11722958,38.45616229
3379.8410000000003,0,9482194,0,0.0,KUCUK_TICARETHANE,35-04-K03488,KARSIYAKA,35,0,0,INONU,0,0,2,1,1644.248,5.0,0,0,0.0,0,0.0,1,1735.593,0,0.0,27.09873541,38.4874412
21722.821,0,9482604,0,0.0,ORTA_TICARETHANE,35-04-M01374,KARSIYAKA,35,0,0,FIKRI ALTAY,0,0,7,0,0.0,9.31,0,0,0.0,0,0.0,7,21722.821,0,0.0,27.10248051,38.47516416
16372.542999999998,0,9482874,0,0.0,ORTA_TICARETHANE,35-04-K03082,KARSIYAKA,35,0,0,ZUBEYDE HANIM,0,0,2,1,4723.083,6.675,0,0,0.0,0,0.0,1,11649.46,0,0.0,27.11534148,38.49169457
4423.416,0,9483814,0,0.0,KUCUK_TICARETHANE,35-04-K04013,KARSIYAKA,35,0,0,CUMHURIYET,0,0,2,0,0.0,5.4,0,0,0.0,0,0.0,2,4423.416,0,0.0,27.09174484,38.48082554
2551.489,0,9483824,0,0.0,KUCUK_TICARETHANE,35-04-M02425,KARSIYAKA,35,0,0,SEMIKLER,0,0,3,1,2241.343,5.0,0,0,0.0,0,0.0,2,310.14599999999996,0,0.0,27.10149159,38.47557211
20384.83,0,9485814,0,0.0,ORTA_TICARETHANE,35-04-K03385,KARSIYAKA,35,0,0,AKSOY,0,0,1,0,0.0,8.6,0,0,0.0,0,0.0,1,20384.83,0,0.0,27.10916289,38.45209202
37561.166999999994,0,9486094,0,0.0,ORTA_TICARETHANE,35-04-K00692,KARSIYAKA,35,0,0,TUNA,0,0,23,0,0.0,5.9308695652173915,0,0,0.0,0,0.0,23,37561.166999999994,0,0.0,27.11736026,38.45751678
4680.98,0,9486154,0,0.0,KUCUK_TICARETHANE,35-04-K00243,KARSIYAKA,35,0,0,CUMHURIYET,0,0,1,0,0.0,5.0,0,0,0.0,0,0.0,1,4680.98,0,0.0,27.09528291,38.48341999
53421.93,0,9487056,0,0.0,ORTA_TICARETHANE,35-04-K00243,KARSIYAKA,35,0,0,CUMHURIYET,0,0,1,0,0.0,22.255,0,0,0.0,0,0.0,1,53421.93,0,0.0,27.09685656,38.48357064
21593.68,0,9487656,0,0.0,ORTA_TICARETHANE,35-04-K04503,KARSIYAKA,35,0,0,ZUBEYDE HANIM,0,0,1,0,0.0,5.0,0,0,0.0,0,0.0,1,21593.68,0,0.0,27.114589,38.49097623
16869.076,0,9487806,0,0.0,ORTA_TICARETHANE,35-04-K04013,KARSIYAKA,35,0,0,CUMHURIYET,0,0,5,2,5152.598,7.773999999999999,0,0,0.0,0,0.0,3,11716.478,0,0.0,27.09179948,38.48121543
1331.0,0,9488556,0,0.0,KUCUK_TICARETHANE,35-04-K00243,KARSIYAKA,35,0,0,CUMHURIYET,0,0,1,0,0.0,5.0,0,0,0.0,0,0.0,1,1331.0,0,0.0,27.09723027,38.48161027
41970.63,0,9489676,0,0.0,ORTA_TICARETHANE,35-04-K00692,KARSIYAKA,35,0,0,TUNA,0,0,1,0,0.0,50.96,0,0,0.0,0,0.0,1,41970.63,0,0.0,27.1162129,38.45744839
9918.484,0,9489886,0,0.0,KUCUK_TICARETHANE,35-04-K03799,KARSIYAKA,35,0,0,ZUBEYDE HANIM,0,0,3,2,8121.455,5.283333333333333,0,0,0.0,0,0.0,1,1797.029,0,0.0,27.1118038,38.4939445
170333.668,0,9489966,0,0.0,ORTA_TICARETHANE,35-04-K02433,KARSIYAKA,35,0,0,TUNA,0,0,51,0,0.0,5.1613725490196085,0,0,0.0,0,0.0,51,170333.668,0,0.0,27.11722519,38.45686023
9336.961,0,9490476,0,0.0,KUCUK_TICARETHANE,35-04-M02466,KARSIYAKA,35,0,0,CUMHURIYET,0,0,1,0,0.0,5.0,0,0,0.0,0,0.0,1,9336.961,0,0.0,27.09860627,38.48317486
10016.56,0,9490576,0,0.0,ORTA_TICARETHANE,35-04-K00665,KARSIYAKA,35,0,0,DONANMACI,0,0,1,0,0.0,195.0,0,0,0.0,0,0.0,1,10016.56,0,0.0,27.11273939,38.45063235
29611.52,0,9491067,0,0.0,ORTA_TICARETHANE,35-04-K04188,KARSIYAKA,35,0,0,TUNA,0,0,1,0,0.0,9.64,0,0,0.0,0,0.0,1,29611.52,0,0.0,27.11854044,38.45872409
1383.219,0,9491117,0,0.0,KUCUK_TICARETHANE,35-04-K04756,KARSIYAKA,35,0,0,LATIFE HANIM,0,0,1,0,0.0,9.76,0,0,0.0,0,0.0,1,1383.219,0,0.0,27.12157999,38.499559
755.138,0,9491237,0,0.0,KUCUK_TICARETHANE,35-04-M01180,KARSIYAKA,35,0,0,IMBATLI,0,0,1,0,0.0,8.36,0,0,0.0,0,0.0,1,755.138,0,0.0,27.10389024,38.47578007
6500.019,0,9491397,0,0.0,KUCUK_TICARETHANE,35-04-M03260,KARSIYAKA,35,0,0,ORNEKKOY,0,0,3,2,4931.769,7.859999999999999,0,0,0.0,0,0.0,1,1568.25,0,0.0,27.11138763,38.48336133
30168.547,0,9491877,0,0.0,ORTA_TICARETHANE,35-04-K03390,KARSIYAKA,35,0,0,YALI,0,0,6,2,2857.98,9.816666666666666,0,0,0.0,0,0.0,4,27310.567,0,0.0,27.08461872,38.47275445
75723.307,0,9492136,0,0.0,ORTA_TICARETHANE,35-04-K01450,KARSIYAKA,35,0,0,YALI,0,0,10,5,8035.824,5.949800000000001,0,0,0.0,0,0.0,5,67687.48300000001,0,0.0,27.08767589,38.46837772
1679.421,0,9492356,0,0.0,KUCUK_TICARETHANE,35-04-K03872,KARSIYAKA,35,0,0,SEMIKLER,0,0,1,0,0.0,5.0,0,0,0.0,0,0.0,1,1679.421,0,0.0,27.08808658,38.48073017
15567.332999999999,0,9492426,0,0.0,ORTA_TICARETHANE,35-04-K01746,KARSIYAKA,35,0,0,DONANMACI,0,0,15,0,0.0,5.223333333333333,0,0,0.0,0,0.0,15,15567.332999999999,0,0.0,27.11714421,38.45529242
4476.835,0,9493306,0,0.0,KUCUK_TICARETHANE,35-04-K03766,KARSIYAKA,35,0,0,ORNEKKOY,0,0,3,2,2441.189,6.44,0,0,0.0,0,0.0,1,2035.646,0,0.0,27.11251162,38.47630726
16516.068,0,9493326,0,0.0,KUCUK_TICARETHANE,35-04-M01305,KARSIYAKA,35,0,0,ORNEKKOY,0,0,5,3,9228.122,6.742,0,0,0.0,0,0.0,2,7287.946,0,0.0,27.11265916,38.4750796
15348.599,0,9493806,0,0.0,KUCUK_TICARETHANE,35-04-K04188,KARSIYAKA,35,0,0,TUNA,0,0,6,4,11885.641,5.0,0,0,0.0,0,0.0,2,3462.958,0,0.0,27.11817014,38.45826664
3344.484,0,9493816,0,0.0,KUCUK_TICARETHANE,35-04-K01227,KARSIYAKA,35,0,0,ORNEKKOY,0,0,1,0,0.0,5.0,0,0,0.0,0,0.0,1,3344.484,0,0.0,27.10454483,38.48160621
106.921,0,9493936,0,0.0,KUCUK_TICARETHANE,35-04-M03251,KARSIYAKA,35,0,0,AKSOY,0,0,2,0,0.0,12.222999999999999,0,0,0.0,0,0.0,2,106.921,0,0.0,27.10675917,38.45600475
2010.414,0,9494796,0,0.0,KUCUK_TICARETHANE,35-04-K00427,KARSIYAKA,35,0,0,IMBATLI,0,0,1,0,0.0,5.0,0,0,0.0,0,0.0,1,2010.414,0,0.0,27.10415606,38.47482568
5712.526,0,9495616,0,0.0,KUCUK_TICARETHANE,35-04-K00243,KARSIYAKA,35,0,0,CUMHURIYET,0,0,3,0,0.0,5.0,0,0,0.0,0,0.0,3,5712.526,0,0.0,27.09733171,38.48213523
26876.101000000002,0,9496946,0,0.0,ORTA_TICARETHANE,35-04-K04629,KARSIYAKA,35,0,0,SEMIKLER,0,0,3,1,3161.791,7.233333333333333,0,0,0.0,0,0.0,2,23714.309999999998,0,0.0,27.09248457,38.47659991
8874.466,0,9497186,0,0.0,KUCUK_TICARETHANE,35-04-K03969,KARSIYAKA,35,0,0,ORNEKKOY,0,0,3,2,6026.174,5.366666666666667,0,0,0.0,0,0.0,1,2848.292,0,0.0,27.1140648,38.47592613
11559.208,0,9497695,0,0.0,KUCUK_TICARETHANE,35-04-K03036,KARSIYAKA,35,0,0,DEDEBASI,0,0,8,5,11111.519,6.2875,0,0,0.0,0,0.0,3,447.68899999999996,0,0.0,27.10904581,38.46900272
3416.879,0,9498305,0,0.0,KUCUK_TICARETHANE,35-04-K00282,KARSIYAKA,35,0,0,AKSOY,0,0,2,1,1760.097,5.0,0,0,0.0,0,0.0,1,1656.782,0,0.0,27.11050586,38.4542942
7065.241,0,9498785,0,0.0,KUCUK_TICARETHANE,35-04-M01188,KARSIYAKA,35,0,0,DEDEBASI,0,0,3,2,5688.027,5.126666666666666,0,0,0.0,0,0.0,1,1377.214,0,0.0,27.10401789,38.46770575
42527.559,0,9499445,0,0.0,ORTA_TICARETHANE,35-04-K00928,KARSIYAKA,35,0,0,TUNA,0,0,13,8,17888.396,5.850769230769231,0,0,0.0,0,0.0,5,24639.162999999997,0,0.0,27.1196826,38.45795119
21058.708000000002,0,9499525,0,0.0,KUCUK_TICARETHANE,35-04-K03719,KARSIYAKA,35,0,0,BOSTANLI,0,0,12,8,16145.136,5.279166666666667,0,0,0.0,0,0.0,4,4913.572,0,0.0,27.09956946,38.45714551
10077.537,0,9499745,0,0.0,KUCUK_TICARETHANE,35-04-K03773,KARSIYAKA,35,0,0,CUMHURIYET,0,0,2,1,6128.361,5.0,0,0,0.0,0,0.0,1,3949.176,0,0.0,27.09451195,38.48532728
5806.271,0,9500655,0,0.0,KUCUK_TICARETHANE,35-04-M02326,KARSIYAKA,35,0,0,IMBATLI,0,0,3,2,4778.466,5.0,0,0,0.0,0,0.0,1,1027.805,0,0.0,27.10972699,38.47565816
56203.59,0,9500935,0,0.0,ORTA_TICARETHANE,35-04-K00018,KARSIYAKA,35,0,0,DONANMACI,0,0,1,0,0.0,114.4,0,0,0.0,0,0.0,1,56203.59,0,0.0,27.11636985,38.45457549
30101.52,0,9501555,0,0.0,ORTA_TICARETHANE,35-04-K00243,KARSIYAKA,35,0,0,CUMHURIYET,0,0,1,0,0.0,8.35,0,0,0.0,0,0.0,1,30101.52,0,0.0,27.09743117,38.48305412
12827.197,0,9502515,0,0.0,KUCUK_TICARETHANE,35-04-K01746,KARSIYAKA,35,0,0,DONANMACI,0,0,6,4,9140.098,6.118333333333333,0,0,0.0,0,0.0,2,3687.0989999999997,0,0.0,27.11641521,38.45594872
22114.222999999998,0,9502705,0,0.0,ORTA_TICARETHANE,35-04-M02466,KARSIYAKA,35,0,0,CUMHURIYET,0,0,3,2,5531.563,5.28,0,0,0.0,0,0.0,1,16582.66,0,0.0,27.09909663,38.48322271
53.756,0,9503995,0,0.0,ORTA_TICARETHANE,35-04-K03185,KARSIYAKA,35,0,0,DONANMACI,0,0,1,0,0.0,16.8,0,0,0.0,0,0.0,1,53.756,0,0.0,27.11580316,38.45392549
6173.091,0,9504225,0,0.0,KUCUK_TICARETHANE,35-04-K04503,KARSIYAKA,35,0,0,ZUBEYDE HANIM,0,0,3,2,5219.933,5.0,0,0,0.0,0,0.0,1,953.158,0,0.0,27.1133204,38.49207938
19008.32,0,9504587,0,0.0,ORTA_TICARETHANE,35-04-K01681,KARSIYAKA,35,0,0,TUNA,0,0,1,0,0.0,5.9,0,0,0.0,0,0.0,1,19008.32,0,0.0,27.1169148,38.4571791
2386.266,0,9504737,0,0.0,KUCUK_TICARETHANE,35-04-K04628,KARSIYAKA,35,0,0,SEMIKLER,0,0,2,1,1628.986,5.0,0,0,0.0,0,0.0,1,757.28,0,0.0,27.09534358,38.4713593
96357.785,0,9506287,0,0.0,ORTA_TICARETHANE,35-04-K02426,KARSIYAKA,35,0,0,MAVISEHIR,0,0,3,0,0.0,8.643333333333333,0,0,0.0,0,0.0,3,96357.785,0,0.0,27.0806583,38.4728683
90300.943,0,9506877,0,0.0,ORTA_TICARETHANE,35-04-K03303,KARSIYAKA,35,0,0,BOSTANLI,0,0,12,7,23822.757,10.034416666666667,0,0,0.0,0,0.0,5,66478.186,0,0.0,27.09101334,38.45994627
70179.748,0,9507027,0,0.0,ORTA_TICARETHANE,35-04-K04689,KARSIYAKA,35,0,0,BOSTANLI,0,0,17,10,19789.446,10.187823529411764,0,0,0.0,0,0.0,7,50390.301999999996,0,0.0,27.09593783,38.45789053
2470.752,0,9507077,0,0.0,KUCUK_TICARETHANE,35-04-K01608,KARSIYAKA,35,0,0,CUMHURIYET,0,0,2,0,0.0,8.24,0,0,0.0,0,0.0,2,2470.752,0,0.0,27.09341007,38.47963794
66344.32,0,9509538,0,0.0,ORTA_TICARETHANE,35-04-K00289,KARSIYAKA,35,0,0,DONANMACI,0,0,1,0,0.0,38.368,0,0,0.0,0,0.0,1,66344.32,0,0.0,27.11662902,38.45694066
10503.795,0,9511898,0,0.0,KUCUK_TICARETHANE,35-04-K03082,KARSIYAKA,35,0,0,ZUBEYDE HANIM,0,0,2,1,1248.269,7.31,0,0,0.0,0,0.0,1,9255.526,0,0.0,27.11535713,38.49156402
28066.48,0,9512188,0,0.0,ORTA_TICARETHANE,35-04-M02957,KARSIYAKA,35,0,0,BAHCELIEVLER,0,0,1,0,0.0,14.71,0,0,0.0,0,0.0,1,28066.48,0,0.0,27.11172183,38.46586007
9844.639,0,9512978,0,0.0,KUCUK_TICARETHANE,35-04-M01150,KARSIYAKA,35,0,0,ORNEKKOY,0,0,2,0,0.0,6.675,0,0,0.0,0,0.0,2,9844.639,0,0.0,27.11061525,38.47985573
9341.132,0,9513428,0,0.0,KUCUK_TICARETHANE,35-04-K01542,KARSIYAKA,35,0,0,ATAKENT,0,0,2,1,2622.881,8.98,0,0,0.0,0,0.0,1,6718.251,0,0.0,27.08301166,38.46630923
43013.907,0,9513438,0,0.0,ORTA_TICARETHANE,35-04-K01760,KARSIYAKA,35,0,0,DONANMACI,0,0,13,9,14343.329,5.658461538461538,0,0,0.0,0,0.0,4,28670.577999999998,0,0.0,27.11893125,38.45542951
1735.6740000000002,0,9513968,0,0.0,KUCUK_TICARETHANE,35-04-K01227,KARSIYAKA,35,0,0,ORNEKKOY,0,0,2,1,25.082,7.29,0,0,0.0,0,0.0,1,1710.592,0,0.0,27.104592,38.48225525
28168.74,0,9514048,0,0.0,ORTA_TICARETHANE,35-04-K04756,KARSIYAKA,35,0,0,LATIFE HANIM,0,0,1,0,0.0,9.76,0,0,0.0,0,0.0,1,28168.74,0,0.0,27.12166704,38.49924306
384.533,0,9514058,0,0.0,KUCUK_TICARETHANE,35-04-K04756,KARSIYAKA,35,0,0,LATIFE HANIM,0,0,1,0,0.0,8.2,0,0,0.0,0,0.0,1,384.533,0,0.0,27.12184596,38.49975301
436.14,0,9514397,0,0.0,KUCUK_TICARETHANE,35-04-K01183,KARSIYAKA,35,0,0,SANCAKLI,0,0,3,2,56.049,8.506666666666666,0,0,0.0,0,0.0,1,380.091,0,0.0,27.15377213,38.51802379
10049.732,0,9514917,0,0.0,KUCUK_TICARETHANE,35-04-M02100,KARSIYAKA,35,0,0,IMBATLI,0,0,2,1,3097.351,6.675,0,0,0.0,0,0.0,1,6952.381,0,0.0,27.10890109,38.47275067
6695.867,0,9515627,0,0.0,KUCUK_TICARETHANE,35-04-K00308,KARSIYAKA,35,0,0,SEMIKLER,0,0,3,2,6568.733,5.0,0,0,0.0,0,0.0,1,127.134,0,0.0,27.08892461,38.48127067
9482.731,0,9515987,0,0.0,KUCUK_TICARETHANE,35-04-K01141,KARSIYAKA,35,0,0,CUMHURIYET,0,0,4,2,6905.3060000000005,5.0,0,0,0.0,0,0.0,2,2577.4249999999997,0,0.0,27.08640466,38.48435231
57309.316,0,9516167,0,0.0,ORTA_TICARETHANE,35-09-M00625,CIGLI,35,0,0,AHMET EFENDI,0,0,3,2,1074.316,6.116666666666667,0,0,0.0,0,0.0,1,56235.0,0,0.0,27.04036423,38.51965117
1235.922,0,9516757,0,0.0,KUCUK_TICARETHANE,35-04-K04756,KARSIYAKA,35,0,0,LATIFE HANIM,0,0,1,0,0.0,9.76,0,0,0.0,0,0.0,1,1235.922,0,0.0,27.12165588,38.49918206
24846.354,0,9517067,0,0.0,KUCUK_TICARETHANE,35-04-M01038,KARSIYAKA,35,0,0,BOSTANLI,0,0,14,9,17152.872,5.270928571428572,0,0,0.0,0,0.0,5,7693.482,0,0.0,27.10295408,38.46014585
115796.42299999998,0,9517497,0,0.0,ORTA_TICARETHANE,35-04-K01109,KARSIYAKA,35,0,0,DONANMACI,0,0,6,1,800.133,12.817333333333336,0,0,0.0,0,0.0,5,114996.29000000001,0,0.0,27.11842418,38.45649146
13801.075,0,9517547,0,0.0,KUCUK_TICARETHANE,35-04-M01566,KARSIYAKA,35,0,0,ORNEKKOY,0,0,5,3,6273.077,5.67,0,0,0.0,0,0.0,2,7527.998,0,0.0,27.11425347,38.48148027
63.986,0,9517557,0,0.0,KUCUK_TICARETHANE,35-04-K00308,KARSIYAKA,35,0,0,SEMIKLER,0,0,1,0,0.0,9.6,0,0,0.0,0,0.0,1,63.986,0,0.0,27.08924228,38.48131653
177521.654,0,9517687,0,0.0,ORTA_SANAYI,35-04-K00215,KARSIYAKA,35,0,0,SEMIKLER,0,0,6,4,11671.824,8.893333333333333,0,1,136951.3,0,0.0,1,28898.53,0,0.0,27.08727744,38.478283
21506.102,0,9518546,0,0.0,ORTA_TICARETHANE,35-04-K01116,KARSIYAKA,35,0,0,ATAKENT,0,0,3,2,10537.652,8.506666666666666,0,0,0.0,0,0.0,1,10968.45,0,0.0,27.0852702,38.46332707
26561.309999999998,0,9519316,0,0.0,ORTA_TICARETHANE,35-04-M02326,KARSIYAKA,35,0,0,ORNEKKOY,0,0,2,0,0.0,5.0,0,0,0.0,0,0.0,2,26561.309999999998,0,0.0,27.11009442,38.47676646
5314.786,0,9519656,0,0.0,KUCUK_TICARETHANE,35-04-K00277,KARSIYAKA,35,0,0,AKSOY,0,0,1,0,0.0,5.0,0,0,0.0,0,0.0,1,5314.786,0,0.0,27.10652411,38.4541103
927.35,0,9519816,0,0.0,KUCUK_TICARETHANE,35-04-K03488,KARSIYAKA,35,0,0,INONU,0,0,2,1,884.799,5.0,0,0,0.0,0,0.0,1,42.551,0,0.0,27.09818155,38.486986
37474.710999999996,0,9519896,0,0.0,ORTA_TICARETHANE,35-04-K00215,KARSIYAKA,35,0,0,SEMIKLER,0,0,2,0,0.0,11.65,0,0,0.0,0,0.0,2,37474.710999999996,0,0.0,27.08725502,38.47905244
7273.212,0,9520496,0,0.0,KUCUK_TICARETHANE,35-04-K01433,KARSIYAKA,35,0,0,DEDEBASI,0,0,2,1,7057.067,5.0,0,0,0.0,0,0.0,1,216.145,0,0.0,27.10681364,38.46687352
11417.768,0,9520876,0,0.0,KUCUK_TICARETHANE,35-04-K03850,KARSIYAKA,35,0,0,GONCALAR,0,0,5,3,8646.525,6.3420000000000005,0,0,0.0,0,0.0,2,2771.2430000000004,0,0.0,27.10850046,38.46627279
15210.33,0,9521386,0,0.0,ORTA_TICARETHANE,35-04-K00243,KARSIYAKA,35,0,0,CUMHURIYET,0,0,1,0,0.0,5.0,0,0,0.0,0,0.0,1,15210.33,0,0.0,27.09671962,38.48380226
329651.979,0,9522196,0,0.0,ORTA_TICARETHANE,35-04-K00133,KARSIYAKA,35,0,0,TUNA,0,0,6,0,0.0,50.625,0,0,0.0,0,0.0,6,329651.979,0,0.0,27.12033839,38.45539813
813.658,0,9523306,0,0.0,KUCUK_TICARETHANE,35-04-K00215,KARSIYAKA,35,0,0,SEMIKLER,0,0,2,0,0.0,6.675,0,0,0.0,0,0.0,2,813.658,0,0.0,27.09060126,38.47918463
136970.7,0,9523536,0,0.0,ORTA_TICARETHANE,35-04-K01760,KARSIYAKA,35,0,0,DONANMACI,0,0,1,0,0.0,79.863,0,0,0.0,0,0.0,1,136970.7,0,0.0,27.1185117,38.4565083
985.246,0,9524926,0,0.0,KUCUK_TICARETHANE,35-04-K04756,KARSIYAKA,35,0,0,LATIFE HANIM,0,0,1,0,0.0,8.2,0,0,0.0,0,0.0,1,985.246,0,0.0,27.12088116,38.49994206
12417.92,0,9525358,0,0.0,ORTA_TICARETHANE,35-04-K04454,KARSIYAKA,35,0,0,TUNA,0,0,1,0,0.0,5.0,0,0,0.0,0,0.0,1,12417.92,0,0.0,27.12045095,38.45539607
13302.55,0,9526838,0,0.0,KUCUK_TICARETHANE,35-04-K00308,KARSIYAKA,35,0,0,SEMIKLER,0,0,3,2,6359.74,8.336666666666666,0,0,0.0,0,0.0,1,6942.81,0,0.0,27.08916733,38.4814954
15330.432,0,9528188,0,0.0,ORTA_TICARETHANE,35-04-K00243,KARSIYAKA,35,0,0,CUMHURIYET,0,0,5,3,2796.6679999999997,6.55,0,0,0.0,0,0.0,2,12533.764,0,0.0,27.09805677,38.4827394
26033.092,0,9529728,0,0.0,ORTA_TICARETHANE,35-04-K01681,KARSIYAKA,35,0,0,TUNA,0,0,6,2,1502.6709999999998,5.0,0,0,0.0,0,0.0,4,24530.421000000002,0,0.0,27.11706727,38.45725952
23165.09,0,9529848,0,0.0,ORTA_TICARETHANE,35-04-K04756,KARSIYAKA,35,0,0,LATIFE HANIM,0,0,1,0,0.0,8.2,0,0,0.0,0,0.0,1,23165.09,0,0.0,27.12088692,38.50001306
29285.487999999998,0,9530108,0,0.0,ORTA_TICARETHANE,35-04-M02425,KARSIYAKA,35,0,0,FIKRI ALTAY,0,0,4,0,0.0,7.6975,0,0,0.0,0,0.0,4,29285.487999999998,0,0.0,27.0999868,38.47439806
21903.709,0,9530328,0,0.0,ORTA_TICARETHANE,35-04-M01185,KARSIYAKA,35,0,0,FIKRI ALTAY,0,0,5,0,0.0,7.384,0,0,0.0,0,0.0,5,21903.709,0,0.0,27.10157999,38.47093874
8715.832,0,9530408,0,0.0,KUCUK_TICARETHANE,35-04-K03018,KARSIYAKA,35,0,0,SEMIKLER,0,0,3,2,8493.962,5.0,0,0,0.0,0,0.0,1,221.87,0,0.0,27.09723994,38.47495243
26748.956000000002,0,9530988,0,0.0,ORTA_TICARETHANE,35-04-K00872,KARSIYAKA,35,0,0,AKSOY,0,0,13,9,11793.977,5.0,0,0,0.0,0,0.0,4,14954.979000000001,0,0.0,27.11050415,38.45620868
1452.787,0,9531088,0,0.0,KUCUK_TICARETHANE,35-04-K03214,KARSIYAKA,35,0,0,DEDEBASI,0,0,1,0,0.0,5.0,0,0,0.0,0,0.0,1,1452.787,0,0.0,27.10408238,38.47436584
7919.579000000001,0,9531478,0,0.0,KUCUK_TICARETHANE,35-04-K00244,KARSIYAKA,35,0,0,ORNEKKOY,0,0,3,2,7917.146000000001,5.0,0,0,0.0,0,0.0,1,2.433,0,0.0,27.10346598,38.48146101
6589.282,0,9531548,0,0.0,KUCUK_TICARETHANE,35-04-K03082,KARSIYAKA,35,0,0,LATIFE HANIM,0,0,1,0,0.0,5.2,0,0,0.0,0,0.0,1,6589.282,0,0.0,27.1160748,38.49336292
132634.95,0,9532758,0,0.0,ORTA_TICARETHANE,35-04-K03844,KARSIYAKA,35,0,0,TUNA,0,0,17,0,0.0,5.474705882352941,0,0,0.0,0,0.0,17,132634.95,0,0.0,27.11879567,38.45627151
82071.444,0,9533008,0,0.0,ORTA_TICARETHANE,35-04-K00849,KARSIYAKA,35,0,0,BOSTANLI,0,0,13,6,4762.482,7.554846153846153,0,0,0.0,0,0.0,7,77308.962,0,0.0,27.09622885,38.45827643
1791.474,0,9533028,0,0.0,KUCUK_TICARETHANE,35-04-M02326,KARSIYAKA,35,0,0,IMBATLI,0,0,1,0,0.0,5.0,0,0,0.0,0,0.0,1,1791.474,0,0.0,27.10976479,38.47581391
1542.735,0,9533538,0,0.0,ORTA_TICARETHANE,35-04-K04757,KARSIYAKA,35,0,0,LATIFE HANIM,0,0,1,0,0.0,31.0,0,0,0.0,0,0.0,1,1542.735,0,0.0,27.12515584,38.49830832
1258.241,0,9533608,0,0.0,ORTA_TICARETHANE,35-04-M01755,KARSIYAKA,35,0,0,IMBATLI,0,0,1,0,0.0,15.01,0,0,0.0,0,0.0,1,1258.241,0,0.0,27.10913574,38.47577961
55469.528,0,9533688,0,0.0,ORTA_TICARETHANE,35-04-K00197,KARSIYAKA,35,0,0,SEMIKLER,0,0,17,8,15261.084,8.330588235294117,0,0,0.0,0,0.0,9,40208.444,0,0.0,27.09441325,38.47127109
4069.73,0,9533828,0,0.0,KUCUK_TICARETHANE,35-04-K04756,KARSIYAKA,35,0,0,LATIFE HANIM,0,0,1,0,0.0,8.2,0,0,0.0,0,0.0,1,4069.73,0,0.0,27.12091104,38.499683
14323.348,0,9534638,0,0.0,KUCUK_TICARETHANE,35-04-K00017,KARSIYAKA,35,0,0,TUNA,0,0,8,5,11683.3,5.416625,0,0,0.0,0,0.0,3,2640.048,0,0.0,27.1206897,38.45835567
14752.928,0,9534938,0,0.0,ORTA_TICARETHANE,35-04-K01555,KARSIYAKA,35,0,0,DONANMACI,0,0,2,0,0.0,5.0,0,0,0.0,0,0.0,2,14752.928,0,0.0,27.11841776,38.45571238
3617.784,0,9535338,0,0.0,KUCUK_TICARETHANE,35-04-M01184,KARSIYAKA,35,0,0,FIKRI ALTAY,0,0,2,1,2375.297,5.0,0,0,0.0,0,0.0,1,1242.487,0,0.0,27.10181955,38.47453983
70592.7,0,9535948,0,0.0,ORTA_TICARETHANE,35-04-M02874,KARSIYAKA,35,0,0,ZUBEYDE HANIM,0,0,1,0,0.0,19.33,0,0,0.0,0,0.0,1,70592.7,0,0.0,27.10689294,38.49659451
510.272,0,9536908,0,0.0,KUCUK_TICARETHANE,35-04-K00692,KARSIYAKA,35,0,0,BAHARIYE,0,0,2,1,27.103,5.6,0,0,0.0,0,0.0,1,483.169,0,0.0,27.11703464,38.4592477
7694.769,0,9537218,0,0.0,KUCUK_TICARETHANE,35-04-K02376,KARSIYAKA,35,0,0,ORNEKKOY,0,0,3,2,4861.32,7.98,0,0,0.0,0,0.0,1,2833.449,0,0.0,27.10468823,38.48574933
8796.101,0,9537648,0,0.0,KUCUK_TICARETHANE,35-04-K00037,KARSIYAKA,35,0,0,TERSANE,0,0,6,4,5586.223,5.558333333333334,0,0,0.0,0,0.0,2,3209.878,0,0.0,27.12739941,38.46212924
5909.537,0,9537868,0,0.0,KUCUK_TICARETHANE,35-04-M01029,KARSIYAKA,35,0,0,ORNEKKOY,0,0,3,2,4863.261,7.233333333333333,0,0,0.0,0,0.0,1,1046.276,0,0.0,27.11386467,38.4796342
14688.849,0,9538848,0,0.0,KUCUK_TICARETHANE,35-04-K00928,KARSIYAKA,35,0,0,TUNA,0,0,8,3,6025.571,8.91875,0,0,0.0,0,0.0,5,8663.278,0,0.0,27.12065405,38.4580054
81340.78,0,9538948,0,0.0,ORTA_TICARETHANE,35-04-K03036,KARSIYAKA,35,0,0,DEDEBASI,0,0,18,12,31474.966999999997,5.348333333333333,0,0,0.0,0,0.0,6,49865.812999999995,0,0.0,27.1081063,38.46813726
3260.929,0,9539628,0,0.0,KUCUK_TICARETHANE,35-04-M01180,KARSIYAKA,35,0,0,IMBATLI,0,0,2,1,2368.931,6.675,0,0,0.0,0,0.0,1,891.998,0,0.0,27.10388202,38.47503755
8381.839,0,9539908,0,0.0,KUCUK_TICARETHANE,35-04-M01180,KARSIYAKA,35,0,0,IMBATLI,0,0,1,0,0.0,8.84,0,0,0.0,0,0.0,1,8381.839,0,0.0,27.10415259,38.47577544
22717.484,0,9540148,0,0.0,ORTA_TICARETHANE,35-04-M02425,KARSIYAKA,35,0,0,SEMIKLER,0,0,3,2,6482.524,9.116666666666667,0,0,0.0,0,0.0,1,16234.96,0,0.0,27.09965792,38.47451952
8741.704,0,9540248,0,0.0,KUCUK_TICARETHANE,35-04-K00243,KARSIYAKA,35,0,0,CUMHURIYET,0,0,1,0,0.0,5.0,0,0,0.0,0,0.0,1,8741.704,0,0.0,27.09782706,38.48296561
3180.212,0,9540378,0,0.0,ORTA_TICARETHANE,35-04-K01608,KARSIYAKA,35,0,0,CUMHURIYET,0,0,1,0,0.0,19.25,0,0,0.0,0,0.0,1,3180.212,0,0.0,27.09263666,38.47988414
39175.516,0,9541109,0,0.0,KUCUK_TICARETHANE,35-04-K01482,KARSIYAKA,35,0,0,SEMIKLER,0,0,13,9,30968.602,5.913846153846153,0,0,0.0,0,0.0,4,8206.914,0,0.0,27.09543658,38.47195031
3220.874,0,9541129,0,0.0,ORTA_TICARETHANE,35-04-M02441,KARSIYAKA,35,0,0,SEMIKLER,0,0,1,0,0.0,15.01,0,0,0.0,0,0.0,1,3220.874,0,0.0,27.09406059,38.47704989
99562.515,0,9541459,0,0.0,ORTA_TICARETHANE,35-04-M02777,KARSIYAKA,35,0,0,BOSTANLI,0,0,14,8,19594.081,5.8045,0,0,0.0,0,0.0,6,79968.43400000001,0,0.0,27.09703944,38.45757356
216006.4,0,9541579,0,0.0,ORTA_TICARETHANE,35-04-K01624,KARSIYAKA,35,0,0,DEDEBASI,0,0,1,0,0.0,172.0,0,0,0.0,0,0.0,1,216006.4,0,0.0,27.1066675,38.46820472
4808.706,0,9544079,0,0.0,KUCUK_TICARETHANE,35-04-K04013,KARSIYAKA,35,0,0,CUMHURIYET,0,0,1,0,0.0,5.0,0,0,0.0,0,0.0,1,4808.706,0,0.0,27.08951244,38.48260557
6319.01,0,9544969,0,0.0,KUCUK_TICARETHANE,35-04-K02940,KARSIYAKA,35,0,0,SEMIKLER,0,0,1,0,0.0,5.0,0,0,0.0,0,0.0,1,6319.01,0,0.0,27.09808057,38.47744222
1138778.0,0,9545169,0,0.0,BUYUK_TICARETHANE,35-04-K03872,KARSIYAKA,35,0,0,SEMIKLER,0,0,1,0,0.0,526.7,0,0,0.0,0,0.0,1,1138778.0,0,0.0,27.0885217,38.481805
33379.343,0,9545409,0,0.0,ORTA_TICARETHANE,35-04-K00215,KARSIYAKA,35,0,0,SEMIKLER,0,0,6,4,10608.974,5.583333333333333,0,0,0.0,0,0.0,2,22770.369,0,0.0,27.09350469,38.47879979
10205.706,0,9545649,0,0.0,KUCUK_TICARETHANE,35-04-K00489,KARSIYAKA,35,0,0,BAHRIYE UCOK,0,0,7,4,8256.011,5.478571428571429,0,0,0.0,0,0.0,3,1949.6950000000002,0,0.0,27.11241399,38.45793742
1038.552,0,9545959,0,0.0,KUCUK_TICARETHANE,35-04-M01741,KARSIYAKA,35,0,0,ORNEKKOY,0,0,1,0,0.0,5.0,0,0,0.0,0,0.0,1,1038.552,0,0.0,27.11051166,38.48027324
6461.352,0,9546589,0,0.0,KUCUK_TICARETHANE,35-04-M01026,KARSIYAKA,35,0,0,CUMHURIYET,0,0,2,1,5987.166,5.0,0,0,0.0,0,0.0,1,474.186,0,0.0,27.09935292,38.4822923
73595.681,0,9547789,0,0.0,ORTA_TICARETHANE,35-04-M02777,KARSIYAKA,35,0,0,BOSTANLI,0,0,14,9,25549.716,6.176428571428572,0,0,0.0,0,0.0,5,48045.965,0,0.0,27.09752163,38.45833603
151590.00199999998,0,9548309,0,0.0,ORTA_TICARETHANE,35-04-K04689,KARSIYAKA,35,0,0,BOSTANLI,0,0,10,5,13649.455,7.9903,0,0,0.0,0,0.0,5,137940.54700000002,0,0.0,27.09754709,38.4581656
21913.5,0,9548729,0,0.0,KUCUK_TICARETHANE,35-04-M01873,KARSIYAKA,35,0,0,CUMHURIYET,0,0,3,2,13979.468,6.686666666666667,0,0,0.0,0,0.0,1,7934.032,0,0.0,27.09130554,38.48281352
2500.413,0,9548759,0,0.0,KUCUK_TICARETHANE,35-04-K04756,KARSIYAKA,35,0,0,LATIFE HANIM,0,0,1,0,0.0,7.892,0,0,0.0,0,0.0,1,2500.413,0,0.0,27.12128616,38.49933195
149707.7,0,9550859,0,0.0,ORTA_TICARETHANE,35-04-K01990,KARSIYAKA,35,0,0,TUNA,0,0,1,0,0.0,115.495,0,0,0.0,0,0.0,1,149707.7,0,0.0,27.1188882,38.45584674
903.582,0,9551209,0,0.0,KUCUK_TICARETHANE,35-04-K00692,KARSIYAKA,35,0,0,BAHARIYE,0,0,1,0,0.0,5.0,0,0,0.0,0,0.0,1,903.582,0,0.0,27.11700121,38.45910347
9720.936,0,9551589,0,0.0,KUCUK_TICARETHANE,35-04-K03082,KARSIYAKA,35,0,0,LATIFE HANIM,0,0,4,2,6149.9,5.955,0,0,0.0,0,0.0,2,3571.036,0,0.0,27.11644355,38.49074997
7019.141,0,9552519,0,0.0,KUCUK_TICARETHANE,35-04-K00928,KARSIYAKA,35,0,0,TUNA,0,0,4,2,3061.796,5.8375,0,0,0.0,0,0.0,2,3957.3450000000003,0,0.0,27.11980586,38.45696426
37950.82,0,9552989,0,0.0,ORTA_TICARETHANE,35-04-K01227,KARSIYAKA,35,0,0,ORNEKKOY,0,0,1,0,0.0,6.5,0,0,0.0,0,0.0,1,37950.82,0,0.0,27.1054786,38.48211611
2460.335,0,9554199,0,0.0,KUCUK_TICARETHANE,35-04-K00243,KARSIYAKA,35,0,0,CUMHURIYET,0,0,2,1,2441.83,5.0,0,0,0.0,0,0.0,1,18.505,0,0.0,27.09342096,38.48526192
1186.677,0,9554279,0,0.0,KUCUK_TICARETHANE,35-04-M02100,KARSIYAKA,35,0,0,IMBATLI,0,0,1,0,0.0,5.0,0,0,0.0,0,0.0,1,1186.677,0,0.0,27.10803974,38.47264498
47463.975,0,9554629,0,0.0,ORTA_TICARETHANE,35-04-K01681,KARSIYAKA,35,0,0,TUNA,0,0,11,2,3358.638,8.618454545454545,0,0,0.0,0,0.0,9,44105.337,0,0.0,27.11730102,38.45707763
11533.033,0,9554639,0,0.0,ORTA_TICARETHANE,35-04-K00289,KARSIYAKA,35,0,0,TUNA,0,0,4,0,0.0,5.0,0,0,0.0,0,0.0,4,11533.033,0,0.0,27.11657027,38.45723899
41902.171,0,9554779,0,0.0,ORTA_TICARETHANE,35-04-K01670,KARSIYAKA,35,0,0,ALAYBEY,0,0,12,7,20473.783,5.558333333333334,0,0,0.0,0,0.0,5,21428.388,0,0.0,27.12571049,38.46036897
24850.337,0,9556799,0,0.0,KUCUK_TICARETHANE,35-04-M01036,KARSIYAKA,35,0,0,BOSTANLI,0,0,11,7,15097.083,5.4390909090909085,0,0,0.0,0,0.0,4,9753.254,0,0.0,27.09336675,38.46385808
162667.0,0,9558060,0,0.0,ORTA_TICARETHANE,35-04-M01180,KARSIYAKA,35,0,0,CUMHURIYET,0,0,1,0,0.0,15.01,0,0,0.0,0,0.0,1,162667.0,0,0.0,27.1019244,38.47645221
35817.920000000006,0,9558730,0,0.0,ORTA_TICARETHANE,35-04-K00849,KARSIYAKA,35,0,0,BOSTANLI,0,0,10,5,6865.611,5.3332999999999995,0,0,0.0,0,0.0,5,28952.309,0,0.0,27.09658237,38.45854036
25973.354,0,9559432,0,0.0,ORTA_TICARETHANE,35-04-K01746,KARSIYAKA,35,0,0,DONANMACI,0,0,6,4,6907.224,5.618333333333333,0,0,0.0,0,0.0,2,19066.13,0,0.0,27.11654987,38.45627485
8730.619,0,9561001,0,0.0,KUCUK_TICARETHANE,35-04-K00017,KARSIYAKA,35,0,0,ALAYBEY,0,0,8,5,7092.026,5.0,0,0,0.0,0,0.0,3,1638.593,0,0.0,27.12160698,38.45849675
18384.808,0,9561111,0,0.0,KUCUK_TICARETHANE,35-04-K00358,KARSIYAKA,35,0,0,ORNEKKOY,0,0,6,4,13260.172,5.0,0,0,0.0,0,0.0,2,5124.636,0,0.0,27.10956896,38.47930426
21545.71,0,9561381,0,0.0,ORTA_TICARETHANE,35-04-K02433,KARSIYAKA,35,0,0,TUNA,0,0,1,0,0.0,5.0,0,0,0.0,0,0.0,1,21545.71,0,0.0,27.11736874,38.45663806
13047.474,0,9561671,0,0.0,KUCUK_TICARETHANE,35-04-K00055,KARSIYAKA,35,0,0,BAHARIYE,0,0,6,4,9691.595,5.0,0,0,0.0,0,0.0,2,3355.879,0,0.0,27.11781437,38.4602866
408.883,0,9562581,0,0.0,KUCUK_TICARETHANE,35-04-K04477,KARSIYAKA,35,0,0,LATIFE HANIM,0,0,1,0,0.0,8.86,0,0,0.0,0,0.0,1,408.883,0,0.0,27.1166628,38.49367758
18826.488,0,9563091,0,0.0,ORTA_TICARETHANE,35-04-K01316,KARSIYAKA,35,0,0,DONANMACI,0,0,5,3,6072.789,5.67,0,0,0.0,0,0.0,2,12753.699,0,0.0,27.11774247,38.45631144
179567.388,0,9563101,0,0.0,ORTA_TICARETHANE,35-04-K00587,KARSIYAKA,35,0,0,BOSTANLI,0,0,7,4,8145.633,7.824285714285714,0,0,0.0,0,0.0,3,171421.755,0,0.0,27.0983867,38.45672479
4830.3189999999995,0,9563441,0,0.0,KUCUK_TICARETHANE,35-04-K03488,KARSIYAKA,35,0,0,INONU,0,0,3,1,3784.614,5.0,0,0,0.0,0,0.0,2,1045.705,0,0.0,27.0980226,38.48506314
10641.95,0,9564011,0,0.0,KUCUK_TICARETHANE,35-04-M01182,KARSIYAKA,35,0,0,DEMIRKOPRU,0,0,3,1,8866.937,5.0,0,0,0.0,0,0.0,2,1775.0130000000001,0,0.0,27.0980488,38.46697843
842.417,0,9564151,0,0.0,KUCUK_TICARETHANE,35-04-K00308,KARSIYAKA,35,0,0,SEMIKLER,0,0,1,0,0.0,5.62,0,0,0.0,0,0.0,1,842.417,0,0.0,27.0891025,38.48100203
5225.6669999999995,0,9564571,0,0.0,KUCUK_TICARETHANE,35-04-K01144,KARSIYAKA,35,0,0,INONU,0,0,3,2,5166.52,5.246666666666667,0,0,0.0,0,0.0,1,59.147,0,0.0,27.10015445,38.48717316
1021.025,0,9564671,0,0.0,KUCUK_TICARETHANE,35-04-K04918,KARSIYAKA,35,0,0,CUMHURIYET,0,0,1,0,0.0,5.0,0,0,0.0,0,0.0,1,1021.025,0,0.0,27.08775591,38.4846424
177.119,0,9565611,0,0.0,KUCUK_TICARETHANE,35-04-K00833,KARSIYAKA,35,0,0,DONANMACI,0,0,1,0,0.0,5.0,0,0,0.0,0,0.0,1,177.119,0,0.0,27.11352708,38.45748259
5158.548000000001,0,9566501,0,0.0,KUCUK_TICARETHANE,35-04-M02466,KARSIYAKA,35,0,0,INONU,0,0,2,1,2786.447,6.675,0,0,0.0,0,0.0,1,2372.101,0,0.0,27.09909609,38.48382778
9798.077,0,9566601,0,0.0,KUCUK_TICARETHANE,35-04-M01180,KARSIYAKA,35,0,0,CUMHURIYET,0,0,2,1,2725.311,5.0,0,0,0.0,0,0.0,1,7072.766,0,0.0,27.10315891,38.47587228
9226.092999999999,0,9566661,0,0.0,KUCUK_TICARETHANE,35-04-K01227,KARSIYAKA,35,0,0,ORNEKKOY,0,0,3,2,8326.336,5.0,0,0,0.0,0,0.0,1,899.757,0,0.0,27.10468735,38.48137433
20428.646,0,9569531,0,0.0,ORTA_TICARETHANE,35-04-M02404,KARSIYAKA,35,0,0,CUMHURIYET,0,0,4,2,6777.882,5.8375,0,0,0.0,0,0.0,2,13650.764,0,0.0,27.10260202,38.47773725
234726.8,0,9571100,0,0.0,ORTA_TICARETHANE,35-04-K00289,KARSIYAKA,35,0,0,DONANMACI,0,0,1,0,0.0,296.24,0,0,0.0,0,0.0,1,234726.8,0,0.0,27.11691971,38.45714213
15841.210000000001,0,9571860,0,0.0,KUCUK_TICARETHANE,35-04-M02425,KARSIYAKA,35,0,0,FIKRI ALTAY,0,0,6,3,11937.76,5.723333333333334,0,0,0.0,0,0.0,3,3903.4500000000003,0,0.0,27.10059075,38.47481052
8347.897,0,9572230,0,0.0,KUCUK_TICARETHANE,35-04-M01360,KARSIYAKA,35,0,0,CUMHURIYET,0,0,3,2,5698.722,9.4,0,0,0.0,0,0.0,1,2649.175,0,0.0,27.09534829,38.48248484
9295.052,0,9572560,0,0.0,KUCUK_TICARETHANE,35-04-K03224,KARSIYAKA,35,0,0,DONANMACI,0,0,6,4,4484.784,5.0,0,0,0.0,0,0.0,2,4810.268,0,0.0,27.11765539,38.45510133
18119.818,0,9572640,0,0.0,KUCUK_TICARETHANE,35-04-K03204,KARSIYAKA,35,0,0,DONANMACI,0,0,9,6,13833.755,5.745555555555556,0,0,0.0,0,0.0,3,4286.063,0,0.0,27.11394659,38.45651876
22602.29,0,9572980,0,0.0,ORTA_TICARETHANE,35-04-K01760,KARSIYAKA,35,0,0,TUNA,0,0,1,0,0.0,8.7,0,0,0.0,0,0.0,1,22602.29,0,0.0,27.11863237,38.45608127
1486.249,0,9573510,0,0.0,KUCUK_TICARETHANE,35-04-K01227,KARSIYAKA,35,0,0,ORNEKKOY,0,0,2,1,1447.451,5.0,0,0,0.0,0,0.0,1,38.798,0,0.0,27.10397785,38.4825251
704.405,0,9574280,0,0.0,KUCUK_TICARETHANE,35-04-K04756,KARSIYAKA,35,0,0,LATIFE HANIM,0,0,1,0,0.0,8.2,0,0,0.0,0,0.0,1,704.405,0,0.0,27.1212678,38.49975696
24573.9,0,9574460,0,0.0,ORTA_TICARETHANE,35-04-M01036,KARSIYAKA,35,0,0,YALI,0,0,1,0,0.0,27.9,0,0,0.0,0,0.0,1,24573.9,0,0.0,27.09353589,38.46519681
82394.01699999999,0,9574490,0,0.0,ORTA_TICARETHANE,35-04-M01268,KARSIYAKA,35,0,0,YALI,0,0,7,3,4407.623,12.982571428571429,0,0,0.0,0,0.0,4,77986.39399999999,0,0.0,27.08743054,38.46926981
97742.24,0,9574560,0,0.0,ORTA_TICARETHANE,35-04-K02433,KARSIYAKA,35,0,0,TUNA,0,0,1,0,0.0,49.64,0,0,0.0,0,0.0,1,97742.24,0,0.0,27.11760901,38.45676599
38275.753,0,9577007,0,0.0,ORTA_TICARETHANE,35-04-K00928,KARSIYAKA,35,0,0,TUNA,0,0,10,4,8857.967,6.3420000000000005,0,0,0.0,0,0.0,6,29417.786,0,0.0,27.11900815,38.45790468
21060.543,0,9577097,0,0.0,ORTA_TICARETHANE,35-04-K01555,KARSIYAKA,35,0,0,DONANMACI,0,0,5,1,2687.045,5.0,0,0,0.0,0,0.0,4,18373.498,0,0.0,27.11886415,38.45511961
28742.078,0,9577106,0,0.0,KUCUK_TICARETHANE,35-04-K01249,KARSIYAKA,35,0,0,BOSTANLI,0,0,14,9,23574.736,6.194285714285714,0,0,0.0,0,0.0,5,5167.342000000001,0,0.0,27.10204422,38.45502579
38710.803,0,9577124,0,0.0,ORTA_TICARETHANE,35-04-K03102,KARSIYAKA,35,0,0,TERSANE,0,0,14,9,15581.911000000002,5.0,0,0,0.0,0,0.0,5,23128.892,0,0.0,27.12324624,38.46089055
5373.488,0,9577575,0,0.0,KUCUK_TICARETHANE,35-04-M02466,KARSIYAKA,35,0,0,INONU,0,0,3,2,4563.777,5.0,0,0,0.0,0,0.0,1,809.711,0,0.0,27.09965453,38.48569024
9542.396,0,9578493,0,0.0,KUCUK_TICARETHANE,35-04-K04756,KARSIYAKA,35,0,0,LATIFE HANIM,0,0,1,0,0.0,8.28,0,0,0.0,0,0.0,1,9542.396,0,0.0,27.12153888,38.49989994
4822.48,0,9579150,0,0.0,KUCUK_TICARETHANE,35-04-K01542,KARSIYAKA,35,0,0,ATAKENT,0,0,1,0,0.0,8.35,0,0,0.0,0,0.0,1,4822.48,0,0.0,27.08375307,38.46776056
4162.716,0,9579492,0,0.0,KUCUK_TICARETHANE,35-04-K02323,KARSIYAKA,35,0,0,CUMHURIYET,0,0,3,2,3024.52,5.0,0,0,0.0,0,0.0,1,1138.196,0,0.0,27.10045203,38.48096177
5307.488,0,9581895,0,0.0,KUCUK_TICARETHANE,35-04-K00197,KARSIYAKA,35,0,0,SEMIKLER,0,0,3,2,2696.458,5.0,0,0,0.0,0,0.0,1,2611.03,0,0.0,27.09516239,38.47144611
22330.51,0,9583884,0,0.0,ORTA_TICARETHANE,35-04-M01743,KARSIYAKA,35,0,0,YALI,0,0,1,0,0.0,15.01,0,0,0.0,0,0.0,1,22330.51,0,0.0,27.08943807,38.47223387
11697.021,0,9584568,0,0.0,KUCUK_TICARETHANE,35-04-M01026,KARSIYAKA,35,0,0,CUMHURIYET,0,0,3,2,11045.41,5.0,0,0,0.0,0,0.0,1,651.611,0,0.0,27.10059703,38.4820568
166.591,0,9586493,0,0.0,KUCUK_TICARETHANE,35-04-K04756,KARSIYAKA,35,0,0,LATIFE HANIM,0,0,1,0,0.0,5.86,0,0,0.0,0,0.0,1,166.591,0,0.0,27.12458615,38.49833089
9128.101,0,9587375,0,0.0,KUCUK_TICARETHANE,35-04-K03082,KARSIYAKA,35,0,0,LATIFE HANIM,0,0,2,1,5356.174,5.73,0,0,0.0,0,0.0,1,3771.927,0,0.0,27.11566128,38.49267114
3708.077,0,9588338,0,0.0,KUCUK_TICARETHANE,35-04-K04013,KARSIYAKA,35,0,0,CUMHURIYET,0,0,1,0,0.0,12.31,0,0,0.0,0,0.0,1,3708.077,0,0.0,27.09180319,38.48080926
9375.942,0,9588410,0,0.0,KUCUK_TICARETHANE,35-04-K04013,KARSIYAKA,35,0,0,CUMHURIYET,0,0,1,0,0.0,5.0,0,0,0.0,0,0.0,1,9375.942,0,0.0,27.08861417,38.48317386
138.35,0,9592290,0,0.0,ORTA_TICARETHANE,35-04-K03082,KARSIYAKA,35,0,0,LATIFE HANIM,0,0,1,0,0.0,38.9,0,0,0.0,0,0.0,1,138.35,0,0.0,27.11649109,38.49047028
566.602,0,9592920,0,0.0,KUCUK_TICARETHANE,35-04-M02716,KARSIYAKA,35,0,0,IMBATLI,0,0,1,0,0.0,5.0,0,0,0.0,0,0.0,1,566.602,0,0.0,27.10948964,38.4747949
144955.13999999998,0,9593612,0,0.0,ORTA_TICARETHANE,35-04-K00111,KARSIYAKA,35,0,0,BOSTANLI,0,0,25,16,37706.082,5.71572,0,0,0.0,0,0.0,9,107249.05799999999,0,0.0,27.09812437,38.45734327
99.711,0,9594098,0,0.0,KUCUK_TICARETHANE,35-04-K00243,KARSIYAKA,35,0,0,CUMHURIYET,0,0,1,0,0.0,5.0,0,0,0.0,0,0.0,1,99.711,0,0.0,27.09555713,38.48315818
3075.344,0,9594143,0,0.0,KUCUK_TICARETHANE,35-04-M02425,KARSIYAKA,35,0,0,SEMIKLER,0,0,3,2,2964.235,5.0,0,0,0.0,0,0.0,1,111.109,0,0.0,27.10015427,38.47640644
5493.383,0,9594693,0,0.0,KUCUK_TICARETHANE,35-04-M02425,KARSIYAKA,35,0,0,SEMIKLER,0,0,3,1,3811.541,5.0,0,0,0.0,0,0.0,2,1681.8419999999999,0,0.0,27.10046648,38.47649365
6175.259,0,9594945,0,0.0,KUCUK_TICARETHANE,35-04-K04619,KARSIYAKA,35,0,0,SEMIKLER,0,0,4,2,4014.643,5.0,0,0,0.0,0,0.0,2,2160.616,0,0.0,27.08991136,38.47575373
2170.751,0,9595269,0,0.0,KUCUK_TICARETHANE,35-04-K04756,KARSIYAKA,35,0,0,LATIFE HANIM,0,0,1,0,0.0,7.892,0,0,0.0,0,0.0,1,2170.751,0,0.0,27.12132288,38.49927405
19520.444,0,9596520,0,0.0,ORTA_TICARETHANE,35-04-K01433,KARSIYAKA,35,0,0,GONCALAR,0,0,5,3,2191.932,5.0,0,0,0.0,0,0.0,2,17328.512,0,0.0,27.10667206,38.46633193
307106.863,0,9597366,0,0.0,ORTA_TICARETHANE,35-04-K02472,KARSIYAKA,35,0,0,ZUBEYDE HANIM,0,0,24,1,2133.371,7.616458333333333,0,0,0.0,0,0.0,23,304973.492,0,0.0,27.10845697,38.49427698
5956.691,0,9599966,0,0.0,KUCUK_TICARETHANE,35-04-K04013,KARSIYAKA,35,0,0,CUMHURIYET,0,0,1,0,0.0,8.79,0,0,0.0,0,0.0,1,5956.691,0,0.0,27.09135945,38.48068349
5162.901,0,9600632,0,0.0,KUCUK_TICARETHANE,35-04-K02732,KARSIYAKA,35,0,0,NERGIZ,0,0,2,1,2363.59,10.004999999999999,0,0,0.0,0,0.0,1,2799.311,0,0.0,27.10416744,38.46268141
32.677,0,9601991,0,0.0,KUCUK_TICARETHANE,35-04-M01873,KARSIYAKA,35,0,0,CUMHURIYET,0,0,1,0,0.0,8.02,0,0,0.0,0,0.0,1,32.677,0,0.0,27.09028661,38.48222652
31955.585,0,9602828,0,0.0,ORTA_TICARETHANE,35-04-K03102,KARSIYAKA,35,0,0,ALAYBEY,0,0,11,7,15482.253999999999,5.609090909090909,0,0,0.0,0,0.0,4,16473.331,0,0.0,27.12381649,38.46036567
31322.164999999997,0,9602837,0,0.0,ORTA_TICARETHANE,35-04-K01781,KARSIYAKA,35,0,0,BAHRIYE UCOK,0,0,14,9,18962.654,5.25,0,0,0.0,0,0.0,5,12359.511,0,0.0,27.11108502,38.4604376
10488.463,0,9605493,0,0.0,KUCUK_TICARETHANE,35-04-M02404,KARSIYAKA,35,0,0,CUMHURIYET,0,0,4,2,8396.894,5.8375,0,0,0.0,0,0.0,2,2091.569,0,0.0,27.1010482,38.47690032
9231.278999999999,0,9605673,0,0.0,KUCUK_TICARETHANE,35-04-K03214,KARSIYAKA,35,0,0,DEDEBASI,0,0,2,1,5400.168,5.0,0,0,0.0,0,0.0,1,3831.111,0,0.0,27.10504508,38.47394884
137057.335,0,9607723,0,0.0,ORTA_TICARETHANE,35-04-K02472,KARSIYAKA,35,0,0,ZUBEYDE HANIM,0,0,34,0,0.0,6.088529411764705,0,0,0.0,0,0.0,34,137057.335,0,0.0,27.10805472,38.49385528
7978.676,0,9608593,0,0.0,KUCUK_TICARETHANE,35-04-M01892,KARSIYAKA,35,0,0,YALI,0,0,4,2,5857.487,5.0,0,0,0.0,0,0.0,2,2121.189,0,0.0,27.08660355,38.47323264
4156.933,0,9608753,0,0.0,KUCUK_TICARETHANE,35-04-M01027,KARSIYAKA,35,0,0,CUMHURIYET,0,0,2,1,3474.784,5.0,0,0,0.0,0,0.0,1,682.149,0,0.0,27.09753927,38.47917845
22729.9,0,9608873,0,0.0,ORTA_TICARETHANE,35-04-K02599,KARSIYAKA,35,0,0,MAVISEHIR,0,0,1,0,0.0,8.334,0,0,0.0,0,0.0,1,22729.9,0,0.0,27.07668994,38.4693957
10222.76,0,9609383,0,0.0,ORTA_TICARETHANE,35-04-K04013,KARSIYAKA,35,0,0,CUMHURIYET,0,0,1,0,0.0,5.0,0,0,0.0,0,0.0,1,10222.76,0,0.0,27.09000388,38.48227576
8547.724,0,9609653,0,0.0,KUCUK_TICARETHANE,35-04-M01027,KARSIYAKA,35,0,0,CUMHURIYET,0,0,3,2,8504.889,6.386666666666667,0,0,0.0,0,0.0,1,42.835,0,0.0,27.09745198,38.47921014
7019.319,0,9610083,0,0.0,ORTA_TICARETHANE,35-04-K01608,KARSIYAKA,35,0,0,CUMHURIYET,0,0,1,0,0.0,43.28,0,0,0.0,0,0.0,1,7019.319,0,0.0,27.09289419,38.4798249
18103.192,0,9610413,0,0.0,ORTA_TICARETHANE,35-04-K00243,KARSIYAKA,35,0,0,CUMHURIYET,0,0,5,1,2717.068,5.0,0,0,0.0,0,0.0,4,15386.124,0,0.0,27.09661572,38.48225796
1168.655,0,9611153,0,0.0,ORTA_TICARETHANE,35-04-M01873,KARSIYAKA,35,0,0,CUMHURIYET,0,0,1,0,0.0,21.72,0,0,0.0,0,0.0,1,1168.655,0,0.0,27.09091124,38.48138235
3550.689,0,9611533,0,0.0,KUCUK_TICARETHANE,35-04-K02676,KARSIYAKA,35,0,0,FIKRI ALTAY,0,0,2,1,3549.687,5.0,0,0,0.0,0,0.0,1,1.002,0,0.0,27.10162553,38.47285221
23317.44,0,9611964,0,0.0,ORTA_TICARETHANE,35-04-K01695,KARSIYAKA,35,0,0,BOSTANLI,0,0,1,0,0.0,12.0,0,0,0.0,0,0.0,1,23317.44,0,0.0,27.09687876,38.46159644
110766.575,0,9612194,0,0.0,ORTA_TICARETHANE,35-04-K03204,KARSIYAKA,35,0,0,DONANMACI,0,0,2,0,0.0,121.3,0,0,0.0,0,0.0,2,110766.575,0,0.0,27.11276663,38.45594986
5351.06,0,9613704,0,0.0,ORTA_TICARETHANE,35-04-K04757,KARSIYAKA,35,0,0,LATIFE HANIM,0,0,1,0,0.0,18.06,0,0,0.0,0,0.0,1,5351.06,0,0.0,27.12504997,38.49831163
6103.676,0,9614584,0,0.0,KUCUK_TICARETHANE,35-04-K01608,KARSIYAKA,35,0,0,CUMHURIYET,0,0,2,1,4780.35,5.0,0,0,0.0,0,0.0,1,1323.326,0,0.0,27.09411051,38.47893698
14.881,0,9615234,0,0.0,KUCUK_TICARETHANE,35-04-K01183,KARSIYAKA,35,0,0,SANCAKLI,0,0,1,0,0.0,5.0,0,0,0.0,0,0.0,1,14.881,0,0.0,27.15286439,38.52050747
5045.039,0,9615814,0,0.0,KUCUK_TICARETHANE,35-04-K01141,KARSIYAKA,35,0,0,CUMHURIYET,0,0,2,1,1520.497,10.004999999999999,0,0,0.0,0,0.0,1,3524.542,0,0.0,27.08637098,38.48429797
10155.653999999999,0,9616924,0,0.0,KUCUK_TICARETHANE,35-04-K01608,KARSIYAKA,35,0,0,CUMHURIYET,0,0,2,1,3003.468,5.0,0,0,0.0,0,0.0,1,7152.186,0,0.0,27.09328024,38.4796674
29010.4,0,9617274,0,0.0,ORTA_TICARETHANE,35-04-M03260,KARSIYAKA,35,0,0,ORNEKKOY,0,0,10,6,13329.031,5.478,0,0,0.0,0,0.0,4,15681.369,0,0.0,27.1119042,38.48334679
9603.709,0,9617324,0,0.0,KUCUK_TICARETHANE,35-04-M01305,KARSIYAKA,35,0,0,ORNEKKOY,0,0,3,2,7026.509,8.133333333333333,0,0,0.0,0,0.0,1,2577.2,0,0.0,27.11340579,38.47557499
47551.345,0,9617494,0,0.0,ORTA_TICARETHANE,35-04-K03871,KARSIYAKA,35,0,0,YALI,0,0,16,9,21097.434,5.41875,0,0,0.0,0,0.0,7,26453.911,0,0.0,27.09307873,38.47013863
39742.17,0,9618384,0,0.0,ORTA_TICARETHANE,35-04-K01115,KARSIYAKA,35,0,0,ZUBEYDE HANIM,0,0,1,0,0.0,8.35,0,0,0.0,0,0.0,1,39742.17,0,0.0,27.11419075,38.4951081
29108.074,0,9618624,0,0.0,ORTA_TICARETHANE,35-04-K00018,KARSIYAKA,35,0,0,DONANMACI,0,0,13,9,18522.497,5.515384615384615,0,0,0.0,0,0.0,4,10585.577000000001,0,0.0,27.11453824,38.45416937
62770.115999999995,0,9620643,0,0.0,ORTA_TICARETHANE,35-04-M02922,KARSIYAKA,35,0,0,ORNEKKOY,0,0,6,2,5866.326,5.576666666666667,0,0,0.0,0,0.0,4,56903.78999999999,0,0.0,27.11006152,38.47883416
8706.105,0,9621373,0,0.0,KUCUK_TICARETHANE,35-04-M01027,KARSIYAKA,35,0,0,CUMHURIYET,0,0,1,0,0.0,5.0,0,0,0.0,0,0.0,1,8706.105,0,0.0,27.09598112,38.4809563
1146.254,0,9621403,0,0.0,KUCUK_TICARETHANE,35-04-K00243,KARSIYAKA,35,0,0,CUMHURIYET,0,0,2,1,772.446,5.0,0,0,0.0,0,0.0,1,373.808,0,0.0,27.09637784,38.48359693
117494.852,0,9623265,0,0.0,ORTA_TICARETHANE,35-04-M01330,KARSIYAKA,35,0,0,MAVISEHIR,0,0,2,0,0.0,8.68,0,0,0.0,0,0.0,2,117494.852,0,0.0,27.07270159,38.47483042
4601.739,0,9624745,0,0.0,KUCUK_TICARETHANE,35-04-K00215,KARSIYAKA,35,0,0,SEMIKLER,0,0,3,2,4564.201,5.0,0,0,0.0,0,0.0,1,37.538,0,0.0,27.0931172,38.47891589
13903.141,0,9624885,0,0.0,KUCUK_TICARETHANE,35-04-K00476,KARSIYAKA,35,0,0,BOSTANLI,0,0,4,2,7827.632,7.325,0,0,0.0,0,0.0,2,6075.509,0,0.0,27.09198002,38.45946977
98526.163,0,9624985,0,0.0,ORTA_TICARETHANE,35-04-M02425,KARSIYAKA,35,0,0,FIKRI ALTAY,0,0,25,15,46082.015999999996,9.7576,0,0,0.0,0,0.0,10,52444.147,0,0.0,27.10196469,38.47554533
102599.1,0,9625725,0,0.0,ORTA_SANAYI,,KARSIYAKA,35,0,0,IMBATLI,0,0,1,0,0.0,5.41,0,1,102599.1,0,0.0,0,0.0,0,0.0,27.1091038,38.47264832
137917.8,0,9627345,0,0.0,ORTA_TICARETHANE,35-04-K03773,KARSIYAKA,35,0,0,CUMHURIYET,0,0,1,0,0.0,100.0,0,0,0.0,0,0.0,1,137917.8,0,0.0,27.09499499,38.48644998
40.603,0,9627685,0,0.0,KUCUK_TICARETHANE,35-04-M02647,KARSIYAKA,35,0,0,IMBATLI,0,0,1,0,0.0,5.0,0,0,0.0,0,0.0,1,40.603,0,0.0,27.10433516,38.47626386
1122.088,0,9628775,0,0.0,KUCUK_TICARETHANE,35-04-M01374,KARSIYAKA,35,0,0,FIKRI ALTAY,0,0,2,0,0.0,5.0,0,0,0.0,0,0.0,2,1122.088,0,0.0,27.10235869,38.47499539
24630.017,0,9629185,0,0.0,ORTA_TICARETHANE,35-04-K01115,KARSIYAKA,35,0,0,ZUBEYDE HANIM,0,0,3,1,1425.58,9.753333333333332,0,0,0.0,0,0.0,2,23204.437,0,0.0,27.11323702,38.49501653
15396.596,0,9630005,0,0.0,ORTA_TICARETHANE,35-04-K03799,KARSIYAKA,35,0,0,ZUBEYDE HANIM,0,0,3,2,4783.046,6.640000000000001,0,0,0.0,0,0.0,1,10613.55,0,0.0,27.11059086,38.49444374
1171.34,0,9630726,0,0.0,KUCUK_TICARETHANE,,KARSIYAKA,35,0,0,IMBATLI,0,0,1,0,0.0,5.0,0,0,0.0,0,0.0,1,1171.34,0,0.0,27.10960276,38.47307435
6714.726,0,9630796,0,0.0,KUCUK_TICARETHANE,35-04-M01566,KARSIYAKA,35,0,0,ORNEKKOY,0,0,3,2,5725.370999999999,6.613333333333333,0,0,0.0,0,0.0,1,989.355,0,0.0,27.11431199,38.48137
13503.61,0,9631036,0,0.0,ORTA_TICARETHANE,35-04-K04013,KARSIYAKA,35,0,0,CUMHURIYET,0,0,1,0,0.0,7.19,0,0,0.0,0,0.0,1,13503.61,0,0.0,27.08926445,38.48240456
5669.1,0,9631116,0,0.0,KUCUK_TICARETHANE,35-04-K01144,KARSIYAKA,35,0,0,INONU,0,0,5,3,5447.774,6.843999999999999,0,0,0.0,0,0.0,2,221.326,0,0.0,27.09949662,38.48816357
8071.697,0,9631356,0,0.0,KUCUK_TICARETHANE,35-04-K00427,KARSIYAKA,35,0,0,IMBATLI,0,0,3,1,1253.932,5.0,0,0,0.0,0,0.0,2,6817.764999999999,0,0.0,27.10418887,38.47454454
10041.28,0,9632736,0,0.0,ORTA_TICARETHANE,35-04-K00308,KARSIYAKA,35,0,0,SEMIKLER,0,0,1,0,0.0,5.0,0,0,0.0,0,0.0,1,10041.28,0,0.0,27.09078828,38.4801712
25194.914,0,9633655,0,0.0,ORTA_TICARETHANE,35-04-K00587,KARSIYAKA,35,0,0,BOSTANLI,0,0,5,3,11950.817000000001,6.7306,0,0,0.0,0,0.0,2,13244.097,0,0.0,27.09746701,38.45655747
6784.5650000000005,0,9634005,0,0.0,KUCUK_TICARETHANE,35-04-M02716,KARSIYAKA,35,0,0,IMBATLI,0,0,3,2,4907.26,5.0,0,0,0.0,0,0.0,1,1877.305,0,0.0,27.10927931,38.47471788
44498.768,0,9634295,0,0.0,ORTA_TICARETHANE,35-04-K01115,KARSIYAKA,35,0,0,ZUBEYDE HANIM,0,0,6,4,9159.560000000001,7.806666666666666,0,0,0.0,0,0.0,2,35339.208,0,0.0,27.1136806,38.49513254
10991.018,0,9634645,0,0.0,KUCUK_TICARETHANE,35-04-K00215,KARSIYAKA,35,0,0,SEMIKLER,0,0,3,2,9863.506000000001,5.166666666666667,0,0,0.0,0,0.0,1,1127.512,0,0.0,27.0932016,38.47920851
3085.936,0,9634675,0,0.0,KUCUK_TICARETHANE,35-04-K00358,KARSIYAKA,35,0,0,ORNEKKOY,0,0,1,0,0.0,5.0,0,0,0.0,0,0.0,1,3085.936,0,0.0,27.10797965,38.48083341
5509.891,0,9634925,0,0.0,KUCUK_TICARETHANE,35-04-M01184,KARSIYAKA,35,0,0,FIKRI ALTAY,0,0,3,2,3256.748,5.0,0,0,0.0,0,0.0,1,2253.143,0,0.0,27.10084434,38.47363435
28460.415,0,9634945,0,0.0,KUCUK_TICARETHANE,35-04-K03037,KARSIYAKA,35,0,0,YALI,0,0,12,8,23593.9,6.384166666666666,0,0,0.0,0,0.0,4,4866.514999999999,0,0.0,27.09195388,38.46898323
3000.114,0,9636155,0,0.0,KUCUK_TICARETHANE,35-04-K04756,KARSIYAKA,35,0,0,LATIFE HANIM,0,0,1,0,0.0,9.76,0,0,0.0,0,0.0,1,3000.114,0,0.0,27.121626,38.499318
2212.821,0,9636615,0,0.0,KUCUK_TICARETHANE,35-04-M02555,KARSIYAKA,35,0,0,ORNEKKOY,0,0,3,2,2204.466,11.256666666666668,0,0,0.0,0,0.0,1,8.355,0,0.0,27.10516176,38.47787212
4354.258,0,9636685,0,0.0,KUCUK_TICARETHANE,35-04-K04131,KARSIYAKA,35,0,0,SEMIKLER,0,0,1,0,0.0,5.0,0,0,0.0,0,0.0,1,4354.258,0,0.0,27.09376232,38.47882599
5972.937,0,9637205,0,0.0,KUCUK_TICARETHANE,35-04-K04246,KARSIYAKA,35,0,0,NERGIZ,0,0,4,2,4671.632,5.0,0,0,0.0,0,0.0,2,1301.305,0,0.0,27.10593774,38.46340228
39498.960999999996,0,9637375,0,0.0,ORTA_TICARETHANE,35-04-K00115,KARSIYAKA,35,0,0,DEDEBASI,0,0,14,9,23788.463,9.559285714285712,0,0,0.0,0,0.0,5,15710.498,0,0.0,27.10562874,38.46552651
2890.848,0,9637605,0,0.0,KUCUK_TICARETHANE,35-04-M02560,KARSIYAKA,35,0,0,IMBATLI,0,0,1,0,0.0,8.6,0,0,0.0,0,0.0,1,2890.848,0,0.0,27.11031429,38.47159899
44439.63,0,9638145,0,0.0,ORTA_TICARETHANE,35-04-K01608,KARSIYAKA,35,0,0,CUMHURIYET,0,0,1,0,0.0,5.0,0,0,0.0,0,0.0,1,44439.63,0,0.0,27.09599065,38.47835996
12980.211000000001,0,9638205,0,0.0,ORTA_TICARETHANE,35-04-M01184,KARSIYAKA,35,0,0,FIKRI ALTAY,0,0,2,1,338.341,5.0,0,0,0.0,0,0.0,1,12641.87,0,0.0,27.10165418,38.47411654
7833.633,0,9638655,0,0.0,KUCUK_TICARETHANE,35-04-K04756,KARSIYAKA,35,0,0,LATIFE HANIM,0,0,1,0,0.0,8.8,0,0,0.0,0,0.0,1,7833.633,0,0.0,27.12120912,38.50011293
29509.362,0,9638675,0,0.0,ORTA_TICARETHANE,35-04-K01746,KARSIYAKA,35,0,0,DONANMACI,0,0,12,5,11087.774,5.838333333333334,0,0,0.0,0,0.0,7,18421.588,0,0.0,27.11563119,38.45672485
3261.391,0,9638985,0,0.0,KUCUK_TICARETHANE,35-04-K02472,KARSIYAKA,35,0,0,ZUBEYDE HANIM,0,0,3,2,2187.683,6.8999999999999995,0,0,0.0,0,0.0,1,1073.708,0,0.0,27.10974664,38.49384967
7591.701999999999,0,9639325,0,0.0,KUCUK_TICARETHANE,35-04-K04619,KARSIYAKA,35,0,0,SEMIKLER,0,0,3,2,7537.843999999999,5.0,0,0,0.0,0,0.0,1,53.858,0,0.0,27.08973509,38.47584761
18565.53,0,9639395,0,0.0,ORTA_TICARETHANE,35-04-K04131,KARSIYAKA,35,0,0,SEMIKLER,0,0,1,0,0.0,8.35,0,0,0.0,0,0.0,1,18565.53,0,0.0,27.09707987,38.47730187
20524.4,0,9641304,0,0.0,ORTA_TICARETHANE,35-04-K04013,KARSIYAKA,35,0,0,CUMHURIYET,0,0,1,0,0.0,5.0,0,0,0.0,0,0.0,1,20524.4,0,0.0,27.08933546,38.48197241
17052.226,0,9641784,0,0.0,KUCUK_TICARETHANE,35-04-K03203,KARSIYAKA,35,0,0,BAHARIYE,0,0,10,6,8303.496000000001,5.335,0,0,0.0,0,0.0,4,8748.73,0,0.0,27.11950965,38.46127352
136423.33000000002,0,9641844,0,0.0,ORTA_TICARETHANE,35-04-K02426,KARSIYAKA,35,0,0,MAVISEHIR,0,0,2,1,1462.13,74.275,0,0,0.0,0,0.0,1,134961.2,0,0.0,27.08027336,38.47088797
2372.177,0,9642564,0,0.0,KUCUK_TICARETHANE,35-04-K04756,KARSIYAKA,35,0,0,LATIFE HANIM,0,0,1,0,0.0,9.76,0,0,0.0,0,0.0,1,2372.177,0,0.0,27.12159792,38.49963398
2504.136,0,9643234,0,0.0,KUCUK_TICARETHANE,35-04-K00358,KARSIYAKA,35,0,0,ORNEKKOY,0,0,1,0,0.0,5.0,0,0,0.0,0,0.0,1,2504.136,0,0.0,27.11027012,38.47972874
8368.05,0,9643274,0,0.0,ORTA_TICARETHANE,35-04-K04756,KARSIYAKA,35,0,0,LATIFE HANIM,0,0,1,0,0.0,17.6,0,0,0.0,0,0.0,1,8368.05,0,0.0,27.12132108,38.49947
10738.23,0,9644713,0,0.0,KUCUK_TICARETHANE,35-04-M01442,KARSIYAKA,35,0,0,DEDEBASI,0,0,3,2,3919.1609999999996,5.0,0,0,0.0,0,0.0,1,6819.069,0,0.0,27.10484142,38.47255861
1571.76,0,9645183,0,0.0,ORTA_TICARETHANE,35-04-K04013,KARSIYAKA,35,0,0,CUMHURIYET,0,0,1,0,0.0,15.01,0,0,0.0,0,0.0,1,1571.76,0,0.0,27.09147713,38.48074897
4766.32,0,9645493,0,0.0,KUCUK_TICARETHANE,35-04-K00243,KARSIYAKA,35,0,0,CUMHURIYET,0,0,1,0,0.0,5.0,0,0,0.0,0,0.0,1,4766.32,0,0.0,27.09618145,38.4816084
46378.16499999999,0,9645533,0,0.0,ORTA_TICARETHANE,35-04-K01608,KARSIYAKA,35,0,0,CUMHURIYET,0,0,3,0,0.0,34.47333333333333,0,0,0.0,0,0.0,3,46378.16499999999,0,0.0,27.09665053,38.47823046
1103.952,0,9645953,0,0.0,KUCUK_TICARETHANE,35-04-M03679,KARSIYAKA,35,0,0,ORNEKKOY,0,0,1,0,0.0,5.0,0,0,0.0,0,0.0,1,1103.952,0,0.0,27.1091071,38.48191
1957.7930000000001,0,9647203,0,0.0,KUCUK_TICARETHANE,35-04-K00308,KARSIYAKA,35,0,0,SEMIKLER,0,0,2,1,862.735,5.0,0,0,0.0,0,0.0,1,1095.058,0,0.0,27.08933636,38.48117476
7882.359,0,9647323,0,0.0,KUCUK_TICARETHANE,35-04-M01834,KARSIYAKA,35,0,0,CUMHURIYET,0,0,2,1,5204.341,5.0,0,0,0.0,0,0.0,1,2678.018,0,0.0,27.09853322,38.47842265
6245.513,0,9647333,0,0.0,KUCUK_TICARETHANE,35-04-M03260,KARSIYAKA,35,0,0,ORNEKKOY,0,0,3,2,4912.899,6.539999999999999,0,0,0.0,0,0.0,1,1332.614,0,0.0,27.11173782,38.48311116
12306.565999999999,0,9651484,0,0.0,KUCUK_TICARETHANE,35-04-K02940,KARSIYAKA,35,0,0,SEMIKLER,0,0,2,1,6473.165,6.220000000000001,0,0,0.0,0,0.0,1,5833.401,0,0.0,27.09584208,38.47591205
8105.515,0,9653134,0,0.0,KUCUK_TICARETHANE,35-04-K04012,KARSIYAKA,35,0,0,ORNEKKOY,0,0,2,1,6594.478,7.14,0,0,0.0,0,0.0,1,1511.037,0,0.0,27.10360056,38.48551411
51536.704,0,9656292,0,0.0,ORTA_TICARETHANE,35-04-K01115,KARSIYAKA,35,0,0,ZUBEYDE HANIM,0,0,4,2,7874.574,7.137499999999999,0,0,0.0,0,0.0,2,43662.130000000005,0,0.0,27.11417925,38.49511637
11487.189,0,9656551,0,0.0,KUCUK_TICARETHANE,35-04-K00243,KARSIYAKA,35,0,0,CUMHURIYET,0,0,2,1,4113.41,5.0,0,0,0.0,0,0.0,1,7373.779,0,0.0,27.09682394,38.48371588
2171.395,0,9656561,0,0.0,KUCUK_TICARETHANE,35-04-K04756,KARSIYAKA,35,0,0,LATIFE HANIM,0,0,1,0,0.0,8.2,0,0,0.0,0,0.0,1,2171.395,0,0.0,27.12190716,38.49934899
2209.398,0,9657161,0,0.0,KUCUK_TICARETHANE,35-04-K01141,KARSIYAKA,35,0,0,CUMHURIYET,0,0,2,1,748.546,5.0,0,0,0.0,0,0.0,1,1460.852,0,0.0,27.08595083,38.48445276
40188.36,0,9657791,0,0.0,ORTA_TICARETHANE,35-04-K04099,KARSIYAKA,35,0,0,YALI,0,0,16,11,28393.488,11.889375,0,0,0.0,0,0.0,5,11794.872,0,0.0,27.0912156,38.4719557
5699.157,0,9658871,0,0.0,KUCUK_TICARETHANE,35-04-M02100,KARSIYAKA,35,0,0,IMBATLI,0,0,1,0,0.0,5.0,0,0,0.0,0,0.0,1,5699.157,0,0.0,27.10758645,38.47259717
334.768,0,9660161,0,0.0,KUCUK_TICARETHANE,35-04-K04757,KARSIYAKA,35,0,0,LATIFE HANIM,0,0,1,0,0.0,7.66,0,0,0.0,0,0.0,1,334.768,0,0.0,27.124701,38.49846898
124322.81,0,9660571,0,0.0,ORTA_TICARETHANE,35-04-M01360,KARSIYAKA,35,0,0,CUMHURIYET,0,0,2,0,0.0,77.085,0,0,0.0,0,0.0,2,124322.81,0,0.0,27.09474982,38.48271852
4055.4790000000003,0,9661131,0,0.0,KUCUK_TICARETHANE,35-04-M02425,KARSIYAKA,35,0,0,SEMIKLER,0,0,3,2,3272.398,8.336666666666666,0,0,0.0,0,0.0,1,783.081,0,0.0,27.09892725,38.47490557
6729.336,0,9662561,0,0.0,ORTA_TICARETHANE,35-04-K04757,KARSIYAKA,35,0,0,LATIFE HANIM,0,0,1,0,0.0,49.516,0,0,0.0,0,0.0,1,6729.336,0,0.0,27.12492797,38.49831503
6540.465,0,9663391,0,0.0,KUCUK_TICARETHANE,35-04-M01027,KARSIYAKA,35,0,0,CUMHURIYET,0,0,1,0,0.0,5.0,0,0,0.0,0,0.0,1,6540.465,0,0.0,27.09604177,38.48143107
10149.022,0,9663721,0,0.0,KUCUK_TICARETHANE,35-04-M03260,KARSIYAKA,35,0,0,ORNEKKOY,0,0,3,2,8761.598,8.336666666666666,0,0,0.0,0,0.0,1,1387.424,0,0.0,27.11173561,38.48307091
145396.19,0,9665561,0,0.0,ORTA_SANAYI,35-04-K01608,KARSIYAKA,35,0,0,CUMHURIYET,0,0,2,0,0.0,124.72749999999999,0,1,113508.9,0,0.0,1,31887.29,0,0.0,27.09556518,38.47828901
27443.618,0,9667331,0,0.0,KUCUK_TICARETHANE,35-04-K04629,KARSIYAKA,35,0,0,SEMIKLER,0,0,14,9,22525.048,5.505928571428571,0,0,0.0,0,0.0,5,4918.57,0,0.0,27.09096379,38.47706344
17061.95,0,9669211,0,0.0,ORTA_TICARETHANE,35-04-M02922,KARSIYAKA,35,0,0,ORNEKKOY,0,0,1,0,0.0,15.01,0,0,0.0,0,0.0,1,17061.95,0,0.0,27.10891194,38.47827188
7334.26599,0,9669231,0,0.0,KUCUK_TICARETHANE,35-04-M01026,KARSIYAKA,35,0,0,CUMHURIYET,0,0,3,2,7247.325999999999,5.0,0,0,0.0,0,0.0,1,86.93999,0,0.0,27.10013095,38.48225617
9630.622,0,9672401,0,0.0,KUCUK_TICARETHANE,35-04-K04757,KARSIYAKA,35,0,0,LATIFE HANIM,0,0,1,0,0.0,7.66,0,0,0.0,0,0.0,1,9630.622,0,0.0,27.12493757,38.49845295
1118.198,0,9672411,0,0.0,KUCUK_TICARETHANE,35-04-K04757,KARSIYAKA,35,0,0,LATIFE HANIM,0,0,1,0,0.0,8.58,0,0,0.0,0,0.0,1,1118.198,0,0.0,27.12481796,38.49846102
13483.45,0,9672691,0,0.0,ORTA_TICARETHANE,35-04-K04756,KARSIYAKA,35,0,0,LATIFE HANIM,0,0,1,0,0.0,8.964,0,0,0.0,0,0.0,1,13483.45,0,0.0,27.12096,38.49924799
10130.79,0,9673572,0,0.0,KUCUK_TICARETHANE,35-04-K01051,KARSIYAKA,35,0,0,BAHRIYE UCOK,0,0,8,5,7582.2080000000005,5.4375,0,0,0.0,0,0.0,3,2548.5820000000003,0,0.0,27.11096135,38.46314152
15699.32,0,9675322,0,0.0,KUCUK_TICARETHANE,35-04-K03082,KARSIYAKA,35,0,0,LATIFE HANIM,0,0,6,4,8693.505000000001,9.084999999999999,0,0,0.0,0,0.0,2,7005.8150000000005,0,0.0,27.11681016,38.48984007
6515.147,0,9677432,0,0.0,KUCUK_TICARETHANE,35-04-K00358,KARSIYAKA,35,0,0,ORNEKKOY,0,0,2,0,0.0,6.68,0,0,0.0,0,0.0,2,6515.147,0,0.0,27.11040632,38.47993591
2744.322,0,9677582,0,0.0,KUCUK_TICARETHANE,35-04-M03260,KARSIYAKA,35,0,0,ORNEKKOY,0,0,2,1,2001.264,6.675,0,0,0.0,0,0.0,1,743.058,0,0.0,27.11120081,38.48331443
806.315,0,9678012,0,0.0,KUCUK_TICARETHANE,35-04-M02466,KARSIYAKA,35,0,0,CUMHURIYET,0,0,2,1,800.065,7.2,0,0,0.0,0,0.0,1,6.25,0,0.0,27.10083583,38.48300114
7768.842000000001,0,9680452,0,0.0,KUCUK_TICARETHANE,35-04-K04665,KARSIYAKA,35,0,0,DEDEBASI,0,0,3,0,0.0,5.0,0,0,0.0,0,0.0,3,7768.842000000001,0,0.0,27.10801107,38.47205372
101888.846,0,9682152,0,0.0,ORTA_TICARETHANE,35-04-K00587,KARSIYAKA,35,0,0,BOSTANLI,0,0,12,7,15249.761,12.0775,0,0,0.0,0,0.0,5,86639.085,0,0.0,27.09749765,38.45754415
3383.64,0,9683432,0,0.0,KUCUK_TICARETHANE,35-04-K04013,KARSIYAKA,35,0,0,CUMHURIYET,0,0,1,0,0.0,8.35,0,0,0.0,0,0.0,1,3383.64,0,0.0,27.09187389,38.48085795
11114.671,0,9684092,0,0.0,KUCUK_TICARETHANE,35-04-K04133,KARSIYAKA,35,0,0,SEMIKLER,0,0,3,1,6219.886,5.0,0,0,0.0,0,0.0,2,4894.785,0,0.0,27.09573511,38.47192388
2566.676,0,9684632,0,0.0,KUCUK_TICARETHANE,35-04-K03082,KARSIYAKA,35,0,0,LATIFE HANIM,0,0,1,0,0.0,5.0,0,0,0.0,0,0.0,1,2566.676,0,0.0,27.11551522,38.49221804
10400.284,0,9686341,0,0.0,ORTA_TICARETHANE,35-04-K00243,KARSIYAKA,35,0,0,CUMHURIYET,0,0,2,0,0.0,5.0,0,0,0.0,0,0.0,2,10400.284,0,0.0,27.09668483,38.48334305
35.375,0,9687552,0,0.0,KUCUK_TICARETHANE,35-04-K04756,KARSIYAKA,35,0,0,LATIFE HANIM,0,0,1,0,0.0,8.2,0,0,0.0,0,0.0,1,35.375,0,0.0,27.12090096,38.49980908
703.383,0,9687562,0,0.0,KUCUK_TICARETHANE,35-04-K04756,KARSIYAKA,35,0,0,LATIFE HANIM,0,0,1,0,0.0,8.2,0,0,0.0,0,0.0,1,703.383,0,0.0,27.12092292,38.499754
3109.369,0,9687572,0,0.0,KUCUK_TICARETHANE,35-04-K04756,KARSIYAKA,35,0,0,LATIFE HANIM,0,0,1,0,0.0,8.964,0,0,0.0,0,0.0,1,3109.369,0,0.0,27.12096684,38.49918206
9599.792,0,9688372,0,0.0,KUCUK_TICARETHANE,35-04-M01305,KARSIYAKA,35,0,0,ORNEKKOY,0,0,6,4,8281.134,5.0,0,0,0.0,0,0.0,2,1318.6580000000001,0,0.0,27.11412644,38.47720325
3184.523,0,9690514,0,0.0,KUCUK_TICARETHANE,35-04-M01305,KARSIYAKA,35,0,0,ORNEKKOY,0,0,1,0,0.0,5.0,0,0,0.0,0,0.0,1,3184.523,0,0.0,27.11318625,38.4751093
2660.483,0,9691073,0,0.0,KUCUK_TICARETHANE,35-04-M01834,KARSIYAKA,35,0,0,CUMHURIYET,0,0,2,1,2000.37,7.79,0,0,0.0,0,0.0,1,660.113,0,0.0,27.09869389,38.47828294
4561.248,0,9698721,0,0.0,KUCUK_TICARETHANE,35-04-K04013,KARSIYAKA,35,0,0,CUMHURIYET,0,0,2,1,2596.12,7.52,0,0,0.0,0,0.0,1,1965.128,0,0.0,27.09057592,38.48400663
6176.996,0,9701910,0,0.0,KUCUK_TICARETHANE,35-04-K03488,KARSIYAKA,35,0,0,INONU,0,0,2,1,5167.572,5.0,0,0,0.0,0,0.0,1,1009.424,0,0.0,27.09850452,38.48833167
22435.319,0,9702220,0,0.0,ORTA_TICARETHANE,35-04-M01027,KARSIYAKA,35,0,0,CUMHURIYET,0,0,6,2,6765.448,5.0,0,0,0.0,0,0.0,4,15669.871,0,0.0,27.09708096,38.47942423
32677.326,0,9711620,0,0.0,ORTA_TICARETHANE,35-04-K03390,KARSIYAKA,35,0,0,YALI,0,0,9,4,8288.605,11.55111111111111,0,0,0.0,0,0.0,5,24388.721,0,0.0,27.08470619,38.47250945
5611.845,0,9712709,0,0.0,KUCUK_TICARETHANE,35-04-K00243,KARSIYAKA,35,0,0,CUMHURIYET,0,0,1,0,0.0,5.0,0,0,0.0,0,0.0,1,5611.845,0,0.0,27.09662647,38.48338116
4182.99,0,9714269,0,0.0,KUCUK_TICARETHANE,35-04-K03488,KARSIYAKA,35,0,0,INONU,0,0,3,2,4053.1130000000003,6.126666666666668,0,0,0.0,0,0.0,1,129.877,0,0.0,27.09732408,38.48684505
1283.598,0,9714809,0,0.0,KUCUK_TICARETHANE,35-04-K04756,KARSIYAKA,35,0,0,LATIFE HANIM,0,0,1,0,0.0,8.2,0,0,0.0,0,0.0,1,1283.598,0,0.0,27.12193308,38.49917601
5520.901,0,9715219,0,0.0,KUCUK_TICARETHANE,35-04-K04013,KARSIYAKA,35,0,0,CUMHURIYET,0,0,1,0,0.0,5.0,0,0,0.0,0,0.0,1,5520.901,0,0.0,27.09168021,38.48052346
6441.772,0,9716549,0,0.0,ORTA_TICARETHANE,35-04-K00215,KARSIYAKA,35,0,0,SEMIKLER,0,0,1,0,0.0,35.84,0,0,0.0,0,0.0,1,6441.772,0,0.0,27.09052726,38.47923176
9518.938,0,9716979,0,0.0,KUCUK_TICARETHANE,35-04-M01873,KARSIYAKA,35,0,0,CUMHURIYET,0,0,4,2,8197.261,6.375,0,0,0.0,0,0.0,2,1321.6770000000001,0,0.0,27.09126324,38.48185204
6407.299,0,9717249,0,0.0,KUCUK_TICARETHANE,35-04-M01755,KARSIYAKA,35,0,0,IMBATLI,0,0,3,1,2603.311,8.336666666666666,0,0,0.0,0,0.0,2,3803.9880000000003,0,0.0,27.10949687,38.47511971
88694.65,0,9719159,0,0.0,ORTA_TICARETHANE,35-04-M01040,KARSIYAKA,35,0,0,GONCALAR,0,0,12,8,29927.649,13.8175,0,0,0.0,0,0.0,4,58767.001,0,0.0,27.10809371,38.46389658
2963.545,0,9720099,0,0.0,KUCUK_TICARETHANE,35-04-K04756,KARSIYAKA,35,0,0,LATIFE HANIM,0,0,1,0,0.0,8.2,0,0,0.0,0,0.0,1,2963.545,0,0.0,27.12129588,38.49960397
782.569,0,9720149,0,0.0,KUCUK_TICARETHANE,35-04-K00215,KARSIYAKA,35,0,0,SEMIKLER,0,0,2,1,782.569,5.0,0,0,0.0,0,0.0,1,0.0,0,0.0,27.09153835,38.4791299
18268.837,0,9721589,0,0.0,ORTA_TICARETHANE,35-04-M02425,KARSIYAKA,35,0,0,SEMIKLER,0,0,2,0,0.0,10.004999999999999,0,0,0.0,0,0.0,2,18268.837,0,0.0,27.10051291,38.47484573
10555.815999999999,0,9722329,0,0.0,KUCUK_TICARETHANE,35-04-K00358,KARSIYAKA,35,0,0,ORNEKKOY,0,0,7,4,5837.4529999999995,5.0,0,0,0.0,0,0.0,3,4718.362999999999,0,0.0,27.11018427,38.47785625
1205.76,0,9723109,0,0.0,KUCUK_TICARETHANE,35-04-M02425,KARSIYAKA,35,0,0,FIKRI ALTAY,0,0,1,0,0.0,5.0,0,0,0.0,0,0.0,1,1205.76,0,0.0,27.10252723,38.47496784
159346.7,0,9726742,0,0.0,ORTA_TICARETHANE,35-04-K01608,KARSIYAKA,35,0,0,CUMHURIYET,0,0,1,0,0.0,40.0,0,0,0.0,0,0.0,1,159346.7,0,0.0,27.0974617,38.4780433
5637.493,0,9735382,0,0.0,KUCUK_TICARETHANE,35-04-K02323,KARSIYAKA,35,0,0,CUMHURIYET,0,0,4,2,5443.1630000000005,5.0,0,0,0.0,0,0.0,2,194.32999999999998,0,0.0,27.09785457,38.48061727
7770.429,0,9735742,0,0.0,ORTA_TICARETHANE,35-04-K03082,KARSIYAKA,35,0,0,LATIFE HANIM,0,0,1,0,0.0,15.01,0,0,0.0,0,0.0,1,7770.429,0,0.0,27.11547861,38.49191674
2905.911,0,9736221,0,0.0,KUCUK_TICARETHANE,35-04-K04013,KARSIYAKA,35,0,0,CUMHURIYET,0,0,1,0,0.0,5.0,0,0,0.0,0,0.0,1,2905.911,0,0.0,27.09018541,38.48424587
4015.102,0,9736241,0,0.0,KUCUK_TICARETHANE,35-04-K01183,KARSIYAKA,35,0,0,SANCAKLI,0,0,3,2,4015.0730000000003,7.44,0,0,0.0,0,0.0,1,0.029,0,0.0,27.152757,38.51817357
10306.925,0,9739529,0,0.0,ORTA_TICARETHANE,35-04-K00427,KARSIYAKA,35,0,0,IMBATLI,0,0,2,1,65.195,5.0,0,0,0.0,0,0.0,1,10241.73,0,0.0,27.1038329,38.47494374
29610.208,0,9739709,0,0.0,ORTA_TICARETHANE,35-04-M01180,KARSIYAKA,35,0,0,IMBATLI,0,0,2,0,0.0,5.0,0,0,0.0,0,0.0,2,29610.208,0,0.0,27.1037777,38.47492198
328.883,0,9741851,0,0.0,KUCUK_TICARETHANE,35-04-M01741,KARSIYAKA,35,0,0,ORNEKKOY,0,0,1,0,0.0,5.0,0,0,0.0,0,0.0,1,328.883,0,0.0,27.11048261,38.48022303
2126.5,0,9743342,0,0.0,KUCUK_TICARETHANE,35-04-K00358,KARSIYAKA,35,0,0,ORNEKKOY,0,0,1,0,0.0,5.0,0,0,0.0,0,0.0,1,2126.5,0,0.0,27.11019401,38.47889225
51516.8,0,9743992,0,0.0,ORTA_TICARETHANE,35-04-K00111,KARSIYAKA,35,0,0,BOSTANLI,0,0,12,7,8682.4,5.27775,0,0,0.0,0,0.0,5,42834.4,0,0.0,27.09873095,38.45748244
21915.947,0,9744072,0,0.0,ORTA_TICARETHANE,35-04-K00243,KARSIYAKA,35,0,0,CUMHURIYET,0,0,3,2,3754.847,5.0,0,0,0.0,0,0.0,1,18161.1,0,0.0,27.09728081,38.48386123
55663.522,0,9744492,0,0.0,ORTA_TICARETHANE,35-04-K01109,KARSIYAKA,35,0,0,TUNA,0,0,11,7,11645.844000000001,5.868181818181818,0,0,0.0,0,0.0,4,44017.678,0,0.0,27.11839847,38.45712182
2813.007,0,9748412,0,0.0,KUCUK_TICARETHANE,35-04-K03082,KARSIYAKA,35,0,0,LATIFE HANIM,0,0,1,0,0.0,5.0,0,0,0.0,0,0.0,1,2813.007,0,0.0,27.11546127,38.4912761
11329.06,0,9751182,0,0.0,ORTA_TICARETHANE,35-04-K04601,KARSIYAKA,35,0,0,BAHARIYE,0,0,1,0,0.0,5.0,0,0,0.0,0,0.0,1,11329.06,0,0.0,27.12218088,38.46126157
10245.462,0,9751212,0,0.0,KUCUK_TICARETHANE,35-04-M02425,KARSIYAKA,35,0,0,SEMIKLER,0,0,6,4,5282.108,5.0,0,0,0.0,0,0.0,2,4963.353999999999,0,0.0,27.09959831,38.47566321
7440.2339999999995,0,9751412,0,0.0,KUCUK_TICARETHANE,35-04-K00893,KARSIYAKA,35,0,0,TUNA,0,0,7,4,6925.732,5.478571428571429,0,0,0.0,0,0.0,3,514.502,0,0.0,27.12192308,38.45692311
34141.426,0,9751442,0,0.0,KUCUK_TICARETHANE,35-04-K01746,KARSIYAKA,35,0,0,DONANMACI,0,0,15,9,26201.933,5.223333333333333,0,0,0.0,0,0.0,6,7939.493,0,0.0,27.1155593,38.45636286
363178.965,0,9751902,0,0.0,ORTA_TICARETHANE,35-04-K03390,KARSIYAKA,35,0,0,YALI,0,0,13,4,11597.638,22.50153846153846,0,0,0.0,0,0.0,9,351581.327,0,0.0,27.08471012,38.47211191
6932.134,0,9752182,0,0.0,KUCUK_TICARETHANE,35-04-K02323,KARSIYAKA,35,0,0,CUMHURIYET,0,0,2,1,5808.643,5.0,0,0,0.0,0,0.0,1,1123.491,0,0.0,27.09995291,38.48124711
5857.1720000000005,0,9752722,0,0.0,KUCUK_TICARETHANE,35-04-K02323,KARSIYAKA,35,0,0,CUMHURIYET,0,0,3,2,5675.286,6.3500000000000005,0,0,0.0,0,0.0,1,181.886,0,0.0,27.09963197,38.48038278
73850.166,0,9753212,0,0.0,ORTA_TICARETHANE,35-04-K00491,KARSIYAKA,35,0,0,AKSOY,0,0,22,15,32666.807,5.2272727272727275,0,0,0.0,0,0.0,7,41183.359000000004,0,0.0,27.10549612,38.45187111
1197.138,0,9754742,0,0.0,KUCUK_TICARETHANE,35-04-K04756,KARSIYAKA,35,0,0,LATIFE HANIM,0,0,1,0,0.0,9.76,0,0,0.0,0,0.0,1,1197.138,0,0.0,27.12188916,38.49948494
508.982,0,9754752,0,0.0,KUCUK_TICARETHANE,35-04-K04756,KARSIYAKA,35,0,0,LATIFE HANIM,0,0,1,0,0.0,9.76,0,0,0.0,0,0.0,1,508.982,0,0.0,27.121896,38.49941999
8420.664,0,9756162,0,0.0,KUCUK_TICARETHANE,35-04-K00833,KARSIYAKA,35,0,0,DONANMACI,0,0,11,7,4882.088,10.155454545454546,0,0,0.0,0,0.0,4,3538.576,0,0.0,27.11424358,38.456831
7691.723,0,9757182,0,0.0,KUCUK_TICARETHANE,35-04-K00358,KARSIYAKA,35,0,0,ORNEKKOY,0,0,4,0,0.0,5.0,0,0,0.0,0,0.0,4,7691.723,0,0.0,27.11030073,38.4795509
58890.359,0,9757462,0,0.0,ORTA_TICARETHANE,35-04-M01265,KARSIYAKA,35,0,0,ORNEKKOY,0,0,8,5,7644.405,5.88125,0,0,0.0,0,0.0,3,51245.954,0,0.0,27.11490637,38.47480788
9587.045,0,9757622,0,0.0,KUCUK_TICARETHANE,35-04-K01141,KARSIYAKA,35,0,0,CUMHURIYET,0,0,2,1,9554.661,7.300000000000001,0,0,0.0,0,0.0,1,32.384,0,0.0,27.08658356,38.48460901
15032.9,0,9759963,0,0.0,KUCUK_TICARETHANE,35-04-K03204,KARSIYAKA,35,0,0,DONANMACI,0,0,14,8,9040.516,5.478571428571429,0,0,0.0,0,0.0,6,5992.384,0,0.0,27.11239376,38.45661392
22419.48,0,9760153,0,0.0,KUCUK_TICARETHANE,35-04-K00017,KARSIYAKA,35,0,0,ALAYBEY,0,0,13,9,16827.618,5.516153846153846,0,0,0.0,0,0.0,4,5591.862,0,0.0,27.11902946,38.45911026
19020.44,0,9760213,0,0.0,ORTA_TICARETHANE,,KARSIYAKA,35,0,0,IMBATLI,0,0,1,0,0.0,5.64,0,0,0.0,0,0.0,1,19020.44,0,0.0,27.10915973,38.47313176
5432.951,0,9761663,0,0.0,KUCUK_TICARETHANE,35-04-K04756,KARSIYAKA,35,0,0,LATIFE HANIM,0,0,1,0,0.0,8.2,0,0,0.0,0,0.0,1,5432.951,0,0.0,27.121833,38.49992304
5402.034,0,9761754,0,0.0,KUCUK_TICARETHANE,35-04-M02466,KARSIYAKA,35,0,0,CUMHURIYET,0,0,2,1,4421.253,5.0,0,0,0.0,0,0.0,1,980.781,0,0.0,27.09766748,38.48466908
5573.929,0,9762504,0,0.0,KUCUK_TICARETHANE,35-04-K01664,KARSIYAKA,35,0,0,SEMIKLER,0,0,2,1,5533.285,5.0,0,0,0.0,0,0.0,1,40.644,0,0.0,27.08544356,38.48110113
46763.667,0,9763872,0,0.0,ORTA_TICARETHANE,35-04-K00115,KARSIYAKA,35,0,0,GONCALAR,0,0,9,6,13272.838,5.011111111111111,0,0,0.0,0,0.0,3,33490.829,0,0.0,27.10584101,38.46508771
11509.92,0,9764931,0,0.0,ORTA_TICARETHANE,35-04-M01180,KARSIYAKA,35,0,0,IMBATLI,0,0,1,0,0.0,5.0,0,0,0.0,0,0.0,1,11509.92,0,0.0,27.10384882,38.47577199
5958.844,0,9767021,0,0.0,KUCUK_TICARETHANE,35-04-K00308,KARSIYAKA,35,0,0,SEMIKLER,0,0,4,2,4186.189,5.0,0,0,0.0,0,0.0,2,1772.655,0,0.0,27.08879214,38.48091668
24604.417999999998,0,9773790,0,0.0,ORTA_TICARETHANE,35-04-K02676,KARSIYAKA,35,0,0,FIKRI ALTAY,0,0,2,1,94.798,11.684999999999999,0,0,0.0,0,0.0,1,24509.62,0,0.0,27.102243,38.472612
10205.221,0,9775361,0,0.0,KUCUK_TICARETHANE,35-04-K03969,KARSIYAKA,35,0,0,ORNEKKOY,0,0,4,2,5413.234,5.0,0,0,0.0,0,0.0,2,4791.986999999999,0,0.0,27.11451782,38.47788684
16622.7,0,9775751,0,0.0,ORTA_TICARETHANE,35-04-K00243,KARSIYAKA,35,0,0,CUMHURIYET,0,0,1,0,0.0,20.43,0,0,0.0,0,0.0,1,16622.7,0,0.0,27.09617936,38.48193179
130857.554,0,9775911,0,0.0,ORTA_TICARETHANE,35-04-K00590,KARSIYAKA,35,0,0,BAHRIYE UCOK,0,0,14,9,20842.454,6.007142857142857,0,0,0.0,0,0.0,5,110015.1,0,0.0,27.1140715,38.45864695
18048.443,0,9777231,0,0.0,ORTA_TICARETHANE,35-04-K00277,KARSIYAKA,35,0,0,AKSOY,0,0,3,2,2301.223,8.28,0,0,0.0,0,0.0,1,15747.22,0,0.0,27.10779079,38.45488968
25665.012,0,9779001,0,0.0,ORTA_TICARETHANE,35-04-K04013,KARSIYAKA,35,0,0,CUMHURIYET,0,0,3,0,0.0,8.336666666666666,0,0,0.0,0,0.0,3,25665.012,0,0.0,27.09023051,38.48146455
25737.047,0,9779331,0,0.0,KUCUK_TICARETHANE,35-04-K00111,KARSIYAKA,35,0,0,BOSTANLI,0,0,14,9,15758.397,5.238071428571429,0,0,0.0,0,0.0,5,9978.650000000001,0,0.0,27.0993752,38.45705799
5062.302,0,9779551,0,0.0,KUCUK_TICARETHANE,35-04-M02922,KARSIYAKA,35,0,0,ORNEKKOY,0,0,2,1,5056.486,10.004999999999999,0,0,0.0,0,0.0,1,5.816,0,0.0,27.10866461,38.47930605
20154.228,0,9779741,0,0.0,ORTA_TICARETHANE,35-04-K01681,KARSIYAKA,35,0,0,TUNA,0,0,8,2,6391.07,6.54375,0,0,0.0,0,0.0,6,13763.158,0,0.0,27.11791973,38.45784895
19222.692,0,9781612,0,0.0,KUCUK_TICARETHANE,35-04-K00294,KARSIYAKA,35,0,0,BAHCELIEVLER,0,0,3,2,12803.983,5.0,0,0,0.0,0,0.0,1,6418.709,0,0.0,27.12224503,38.46428269
4703.272,0,9782692,0,0.0,KUCUK_TICARETHANE,35-04-K01141,KARSIYAKA,35,0,0,CUMHURIYET,0,0,1,0,0.0,5.14,0,0,0.0,0,0.0,1,4703.272,0,0.0,27.08626661,38.48381593
10366.517,0,9782822,0,0.0,ORTA_TICARETHANE,35-04-K01316,KARSIYAKA,35,0,0,DONANMACI,0,0,7,0,0.0,5.957142857142857,0,0,0.0,0,0.0,7,10366.517,0,0.0,27.11781572,38.45627475
49639.638,0,9784170,0,0.0,ORTA_TICARETHANE,35-04-K01760,KARSIYAKA,35,0,0,DONANMACI,0,0,5,1,319.818,8.1,0,0,0.0,0,0.0,4,49319.81999999999,0,0.0,27.11875956,38.45594403
20604.576999999997,0,9784510,0,0.0,KUCUK_TICARETHANE,35-04-K03719,KARSIYAKA,35,0,0,BOSTANLI,0,0,9,6,12041.39,5.0,0,0,0.0,0,0.0,3,8563.187,0,0.0,27.09949763,38.45751187
34500.325,0,9784970,0,0.0,ORTA_TICARETHANE,35-04-K00833,KARSIYAKA,35,0,0,DONANMACI,0,0,14,9,21089.686999999998,5.478571428571429,0,0,0.0,0,0.0,5,13410.637999999999,0,0.0,27.11460707,38.45679348
76573.348,0,9785040,0,0.0,ORTA_TICARETHANE,35-04-K01360,KARSIYAKA,35,0,0,BAHARIYE,0,0,16,7,10052.75,5.49375,0,0,0.0,0,0.0,9,66520.598,0,0.0,27.11423649,38.46019081
11286.001,0,9785180,0,0.0,ORTA_TICARETHANE,35-04-K03082,KARSIYAKA,35,0,0,LATIFE HANIM,0,0,2,0,0.0,11.68,0,0,0.0,0,0.0,2,11286.001,0,0.0,27.11536104,38.49100673
41044.449,0,9785260,0,0.0,ORTA_TICARETHANE,35-04-K00289,KARSIYAKA,35,0,0,DONANMACI,0,0,9,1,519.222,6.489999999999999,0,0,0.0,0,0.0,8,40525.227,0,0.0,27.11630435,38.45719654
4676.854,0,9785340,0,0.0,KUCUK_TICARETHANE,35-04-K00215,KARSIYAKA,35,0,0,SEMIKLER,0,0,1,0,0.0,8.36,0,0,0.0,0,0.0,1,4676.854,0,0.0,27.09290809,38.47860512
70323.874,0,9786757,0,0.0,ORTA_TICARETHANE,35-04-K01746,KARSIYAKA,35,0,0,DONANMACI,0,0,24,10,16834.283,6.640000000000001,0,0,0.0,0,0.0,14,53489.591,0,0.0,27.11509369,38.4565065
16836.26,0,9786907,0,0.0,ORTA_TICARETHANE,35-04-K01433,KARSIYAKA,35,0,0,GONCALAR,0,0,1,0,0.0,7.68,0,0,0.0,0,0.0,1,16836.26,0,0.0,27.10700722,38.46685333
89280.45,0,9787457,0,0.0,ORTA_TICARETHANE,35-04-M02777,KARSIYAKA,35,0,0,BOSTANLI,0,0,16,9,17913.490999999998,7.6774375,0,0,0.0,0,0.0,7,71366.959,0,0.0,27.097946,38.45853102
0.0,0,9787577,0,0.0,KUCUK_TICARETHANE,35-04-K00587,KARSIYAKA,35,0,0,BOSTANLI,0,0,1,0,0.0,8.333,0,0,0.0,0,0.0,1,0.0,0,0.0,27.0969183,38.45803272
3427.522,0,9787647,0,0.0,KUCUK_TICARETHANE,35-04-M02922,KARSIYAKA,35,0,0,ORNEKKOY,0,0,1,0,0.0,8.35,0,0,0.0,0,0.0,1,3427.522,0,0.0,27.11021824,38.4787108
234695.698,0,9788633,0,0.0,ORTA_TICARETHANE,35-04-K01433,KARSIYAKA,35,0,0,GONCALAR,0,0,2,0,0.0,12.25,0,0,0.0,0,0.0,2,234695.698,0,0.0,27.10679047,38.46644372
16632.01,0,9788663,0,0.0,ORTA_TICARETHANE,35-04-K04756,KARSIYAKA,35,0,0,LATIFE HANIM,0,0,1,0,0.0,7.66,0,0,0.0,0,0.0,1,16632.01,0,0.0,27.12447305,38.49849202
16630.354,0,9788783,0,0.0,ORTA_TICARETHANE,35-04-M01178,KARSIYAKA,35,0,0,YALI,0,0,5,2,3629.6949999999997,10.644,0,0,0.0,0,0.0,3,13000.659,0,0.0,27.08822979,38.47232519
1455.828,0,9788903,0,0.0,KUCUK_TICARETHANE,35-04-K04756,KARSIYAKA,35,0,0,LATIFE HANIM,0,0,1,0,0.0,8.2,0,0,0.0,0,0.0,1,1455.828,0,0.0,27.12128184,38.49952903
16723.432,0,9788913,0,0.0,ORTA_TICARETHANE,35-04-K03376,KARSIYAKA,35,0,0,YALI,0,0,2,0,0.0,6.675,0,0,0.0,0,0.0,2,16723.432,0,0.0,27.08889361,38.47582866
13568.307999999999,0,9789651,0,0.0,KUCUK_TICARETHANE,35-04-K03204,KARSIYAKA,35,0,0,AKSOY,0,0,8,5,11159.349,5.375,0,0,0.0,0,0.0,3,2408.959,0,0.0,27.11169638,38.45542729
3461.686,0,9789831,0,0.0,KUCUK_TICARETHANE,35-04-K04756,KARSIYAKA,35,0,0,LATIFE HANIM,0,0,1,0,0.0,7.66,0,0,0.0,0,0.0,1,3461.686,0,0.0,27.1249233,38.4981333
36965.95,0,9790070,0,0.0,ORTA_TICARETHANE,35-04-K01608,KARSIYAKA,35,0,0,CUMHURIYET,0,0,1,0,0.0,15.01,0,0,0.0,0,0.0,1,36965.95,0,0.0,27.0966632,38.47838407
723.41,0,9791054,0,0.0,KUCUK_TICARETHANE,35-04-K01141,KARSIYAKA,35,0,0,CUMHURIYET,0,0,1,0,0.0,5.0,0,0,0.0,0,0.0,1,723.41,0,0.0,27.08636467,38.48405328
22826.455,0,9791941,0,0.0,ORTA_TICARETHANE,35-04-K03844,KARSIYAKA,35,0,0,TUNA,0,0,6,3,3970.977,5.0,0,0,0.0,0,0.0,3,18855.478,0,0.0,27.11916802,38.45694002
93714.658,0,9792061,0,0.0,ORTA_TICARETHANE,35-04-K03224,KARSIYAKA,35,0,0,DONANMACI,0,0,12,6,25829.384000000002,5.375,0,0,0.0,0,0.0,6,67885.274,0,0.0,27.11838202,38.45484405
13509.456,0,9792231,0,0.0,ORTA_TICARETHANE,35-04-M02922,KARSIYAKA,35,0,0,ORNEKKOY,0,0,5,3,1557.681,5.0,0,0,0.0,0,0.0,2,11951.775,0,0.0,27.11005315,38.47746305
78270.492,0,9793612,0,0.0,ORTA_TICARETHANE,35-04-K01746,KARSIYAKA,35,0,0,DONANMACI,0,0,4,0,0.0,8.1175,0,0,0.0,0,0.0,4,78270.492,0,0.0,27.11535893,38.45758523
16321.959,0,9793832,0,0.0,KUCUK_TICARETHANE,35-04-K00817,KARSIYAKA,35,0,0,YALI,0,0,13,9,13759.451000000001,5.514076923076923,0,0,0.0,0,0.0,4,2562.508,0,0.0,27.09167635,38.46549137
50831.342,0,9793842,0,0.0,ORTA_TICARETHANE,35-04-K04641,KARSIYAKA,35,0,0,BOSTANLI,0,0,19,10,24219.88,5.352631578947369,0,0,0.0,0,0.0,9,26611.462,0,0.0,27.10019529,38.4556859
4184.494000000001,0,9794071,0,0.0,KUCUK_TICARETHANE,35-04-M01029,KARSIYAKA,35,0,0,ORNEKKOY,0,0,2,1,2338.847,5.0,0,0,0.0,0,0.0,1,1845.647,0,0.0,27.1130037,38.47973767
28270.218,0,9796151,0,0.0,ORTA_TICARETHANE,35-04-M01185,KARSIYAKA,35,0,0,FIKRI ALTAY,0,0,6,4,10519.669,11.805,0,0,0.0,0,0.0,2,17750.549,0,0.0,27.10136876,38.4708321
47846.007,0,9796251,0,0.0,ORTA_TICARETHANE,35-04-K03102,KARSIYAKA,35,0,0,TERSANE,0,0,14,9,18753.275999999998,5.0,0,0,0.0,0,0.0,5,29092.731,0,0.0,27.12358489,38.46072752
12201.948999999999,0,9796441,0,0.0,KUCUK_TICARETHANE,35-04-K00294,KARSIYAKA,35,0,0,BAHCELIEVLER,0,0,8,5,7198.222,5.8375,0,0,0.0,0,0.0,3,5003.727,0,0.0,27.12217667,38.46453636
7489.189,0,9796921,0,0.0,KUCUK_TICARETHANE,35-04-K00215,KARSIYAKA,35,0,0,SEMIKLER,0,0,3,2,5537.946,5.0,0,0,0.0,0,0.0,1,1951.243,0,0.0,27.08966537,38.47840326
63962.571,0,9802880,0,0.0,ORTA_TICARETHANE,35-04-K03102,KARSIYAKA,35,0,0,TERSANE,0,0,15,9,25327.213,5.546666666666667,0,0,0.0,0,0.0,6,38635.358,0,0.0,27.12364245,38.46079605
2566.737,0,9805670,0,0.0,KUCUK_TICARETHANE,35-04-K04013,KARSIYAKA,35,0,0,CUMHURIYET,0,0,1,0,0.0,12.0,0,0,0.0,0,0.0,1,2566.737,0,0.0,27.08840727,38.48256883
111.278,0,9808000,0,0.0,KUCUK_TICARETHANE,35-04-K04013,KARSIYAKA,35,0,0,CUMHURIYET,0,0,2,1,111.278,8.7,0,0,0.0,0,0.0,1,0.0,0,0.0,27.09021399,38.482554
6383.468,0,9814950,0,0.0,KUCUK_TICARETHANE,35-04-K00243,KARSIYAKA,35,0,0,CUMHURIYET,0,0,4,2,1623.809,6.3100000000000005,0,0,0.0,0,0.0,2,4759.659,0,0.0,27.09706652,38.48122162
101862.987,0,9817721,0,0.0,ORTA_TICARETHANE,35-04-K03224,KARSIYAKA,35,0,0,DONANMACI,0,0,16,9,33562.623999999996,15.726875,0,0,0.0,0,0.0,7,68300.363,0,0.0,27.11874657,38.45484176
17568.001,0,9817731,0,0.0,KUCUK_TICARETHANE,35-04-K00277,KARSIYAKA,35,0,0,AKSOY,0,0,9,6,8022.289000000001,5.0,0,0,0.0,0,0.0,3,9545.712,0,0.0,27.10759041,38.45519601
1825.434,0,9818941,0,0.0,KUCUK_TICARETHANE,35-04-K00308,KARSIYAKA,35,0,0,SEMIKLER,0,0,1,0,0.0,5.3,0,0,0.0,0,0.0,1,1825.434,0,0.0,27.08899241,38.48067496
8963.747,0,9822205,0,0.0,KUCUK_TICARETHANE,35-04-M01026,KARSIYAKA,35,0,0,CUMHURIYET,0,0,2,1,5502.49,5.3,0,0,0.0,0,0.0,1,3461.257,0,0.0,27.09930257,38.48148923
23924.23,0,9823485,0,0.0,ORTA_TICARETHANE,35-04-K04756,KARSIYAKA,35,0,0,LATIFE HANIM,0,0,1,0,0.0,8.2,0,0,0.0,0,0.0,1,23924.23,0,0.0,27.12191796,38.49926799
2596.853,0,9823755,0,0.0,KUCUK_TICARETHANE,35-04-K04756,KARSIYAKA,35,0,0,LATIFE HANIM,0,0,1,0,0.0,8.964,0,0,0.0,0,0.0,1,2596.853,0,0.0,27.12100788,38.49903105
3646.659,0,9823785,0,0.0,KUCUK_TICARETHANE,35-04-K01144,KARSIYAKA,35,0,0,INONU,0,0,3,2,3644.5640000000003,6.766666666666667,0,0,0.0,0,0.0,1,2.095,0,0.0,27.10021591,38.48710432
7499.223,0,9824865,0,0.0,KUCUK_TICARETHANE,35-04-M01180,KARSIYAKA,35,0,0,CUMHURIYET,0,0,3,2,6616.528,5.0,0,0,0.0,0,0.0,1,882.695,0,0.0,27.10459641,38.47847838
16286.554,0,9827416,0,0.0,KUCUK_TICARETHANE,35-04-K00833,KARSIYAKA,35,0,0,DONANMACI,0,0,9,4,8926.975999999999,5.0,0,0,0.0,0,0.0,5,7359.578,0,0.0,27.11419277,38.45575411
19245.328999999998,0,9844615,0,0.0,ORTA_TICARETHANE,35-04-K04757,KARSIYAKA,35,0,0,LATIFE HANIM,0,0,2,0,0.0,14.61,0,0,0.0,0,0.0,2,19245.328999999998,0,0.0,27.12458998,38.49846703
2400.392,0,9846563,0,0.0,KUCUK_TICARETHANE,35-04-M01027,KARSIYAKA,35,0,0,CUMHURIYET,0,0,2,1,2085.413,5.0,0,0,0.0,0,0.0,1,314.979,0,0.0,27.09596462,38.48029168
7238.8589999999995,0,9847583,0,0.0,KUCUK_TICARETHANE,35-04-M02466,KARSIYAKA,35,0,0,CUMHURIYET,0,0,4,2,5102.451,5.0,0,0,0.0,0,0.0,2,2136.408,0,0.0,27.09924983,38.48334112
3695.793,0,9847853,0,0.0,KUCUK_TICARETHANE,35-04-K03214,KARSIYAKA,35,0,0,DEDEBASI,0,0,1,0,0.0,5.0,0,0,0.0,0,0.0,1,3695.793,0,0.0,27.1053989,38.47316433
7741.795,0,9847933,0,0.0,TARIMSAL_SULAMA,35-04-M01028,KARSIYAKA,35,0,0,IMBATLI,0,0,0,0,0.0,5.0,0,0,0.0,1,7741.795,0,0.0,0,0.0,27.10702869,38.47662151
8960.194,0,9848373,0,0.0,KUCUK_TICARETHANE,35-04-K04171,KARSIYAKA,35,0,0,ZUBEYDE HANIM,0,0,4,2,6933.9,5.8375,0,0,0.0,0,0.0,2,2026.2939999999999,0,0.0,27.11485523,38.4972078
12967.153,0,9848883,0,0.0,KUCUK_TICARETHANE,35-04-M02875,KARSIYAKA,35,0,0,ORNEKKOY,0,0,3,2,7233.280000000001,5.0,0,0,0.0,0,0.0,1,5733.873,0,0.0,27.10621065,38.48424062
6.563,0,9851213,0,0.0,KUCUK_TICARETHANE,35-04-K01183,KARSIYAKA,35,0,0,SANCAKLI,0,0,1,0,0.0,5.0,0,0,0.0,0,0.0,1,6.563,0,0.0,27.1532503,38.51787313
2001.403,0,9851263,0,0.0,KUCUK_TICARETHANE,35-04-K03376,KARSIYAKA,35,0,0,YALI,0,0,2,1,795.634,5.0,0,0,0.0,0,0.0,1,1205.769,0,0.0,27.08799123,38.47570939
5293.43,0,9852442,0,0.0,KUCUK_TICARETHANE,35-04-K04756,KARSIYAKA,35,0,0,LATIFE HANIM,0,0,1,0,0.0,8.2,0,0,0.0,0,0.0,1,5293.43,0,0.0,27.12125592,38.49982795
7963.472,0,9855373,0,0.0,KUCUK_TICARETHANE,35-04-K01664,KARSIYAKA,35,0,0,SEMIKLER,0,0,1,0,0.0,5.0,0,0,0.0,0,0.0,1,7963.472,0,0.0,27.08547974,38.48305961
3882.001,0,9857423,0,0.0,KUCUK_TICARETHANE,35-04-K04477,KARSIYAKA,35,0,0,LATIFE HANIM,0,0,3,2,3100.1639999999998,7.444333333333333,0,0,0.0,0,0.0,1,781.837,0,0.0,27.11808999,38.49346602
2542.018,0,9860153,0,0.0,KUCUK_TICARETHANE,35-04-K02376,KARSIYAKA,35,0,0,ORNEKKOY,0,0,2,1,1201.184,11.76,0,0,0.0,0,0.0,1,1340.834,0,0.0,27.10504166,38.48576916
15414.975,0,9860203,0,0.0,KUCUK_TICARETHANE,35-04-K00427,KARSIYAKA,35,0,0,IMBATLI,0,0,5,3,11001.678,6.0200000000000005,0,0,0.0,0,0.0,2,4413.2970000000005,0,0.0,27.10498281,38.47404673
8848.655999999999,0,9860314,0,0.0,KUCUK_TICARETHANE,35-04-M01184,KARSIYAKA,35,0,0,FIKRI ALTAY,0,0,3,2,8142.641,5.0,0,0,0.0,0,0.0,1,706.015,0,0.0,27.10208734,38.47475716
13595.23,0,9874027,0,0.0,ORTA_TICARETHANE,35-04-K04665,KARSIYAKA,35,0,0,DEDEBASI,0,0,1,0,0.0,5.0,0,0,0.0,0,0.0,1,13595.23,0,0.0,27.10605727,38.47300881
651.036,0,9876467,0,0.0,KUCUK_TICARETHANE,35-04-K00243,KARSIYAKA,35,0,0,CUMHURIYET,0,0,1,0,0.0,5.0,0,0,0.0,0,0.0,1,651.036,0,0.0,27.09761999,38.48301903
3653.831,0,9877083,0,0.0,ORTA_TICARETHANE,35-04-K00215,KARSIYAKA,35,0,0,SEMIKLER,0,0,1,0,0.0,25.0,0,0,0.0,0,0.0,1,3653.831,0,0.0,27.08870907,38.47669049
8.764999,0,9878260,0,0.0,KUCUK_TICARETHANE,35-04-K02433,KARSIYAKA,35,0,0,DONANMACI,0,0,2,0,0.0,6.675,0,0,0.0,0,0.0,2,8.764999,0,0.0,27.11718376,38.45630654
467.331,0,9879316,0,0.0,KUCUK_TICARETHANE,35-04-K04757,KARSIYAKA,35,0,0,LATIFE HANIM,0,0,1,0,0.0,7.66,0,0,0.0,0,0.0,1,467.331,0,0.0,27.1252711,38.49830452
17787.742000000002,0,9880053,0,0.0,ORTA_TICARETHANE,35-04-K00358,KARSIYAKA,35,0,0,ORNEKKOY,0,0,4,2,6629.073,5.8375,0,0,0.0,0,0.0,2,11158.669,0,0.0,27.10999246,38.47718192
90170.54,0,9881130,0,0.0,ORTA_TICARETHANE,35-04-K03082,KARSIYAKA,35,0,0,LATIFE HANIM,0,0,1,0,0.0,15.01,0,0,0.0,0,0.0,1,90170.54,0,0.0,27.11555454,38.49206004
68.237,0,9881305,0,0.0,KUCUK_TICARETHANE,35-04-M01180,KARSIYAKA,35,0,0,IMBATLI,0,0,1,0,0.0,5.0,0,0,0.0,0,0.0,1,68.237,0,0.0,27.10362874,38.47650113
4886.759,0,9882042,0,0.0,KUCUK_TICARETHANE,35-04-K01115,KARSIYAKA,35,0,0,ZUBEYDE HANIM,0,0,3,2,4503.076,6.406666666666666,0,0,0.0,0,0.0,1,383.683,0,0.0,27.11419824,38.49587499
6098.135,0,9882350,0,0.0,KUCUK_TICARETHANE,35-04-K03082,KARSIYAKA,35,0,0,LATIFE HANIM,0,0,1,0,0.0,5.18,0,0,0.0,0,0.0,1,6098.135,0,0.0,27.11616582,38.48911179
3697.427,0,9884918,0,0.0,KUCUK_TICARETHANE,35-04-K03012,KARSIYAKA,35,0,0,IMBATLI,0,0,1,0,0.0,5.0,0,0,0.0,0,0.0,1,3697.427,0,0.0,27.11045287,38.47151496
61579.98,0,9889698,0,0.0,ORTA_TICARETHANE,35-04-K04756,KARSIYAKA,35,0,0,LATIFE HANIM,0,0,1,0,0.0,8.8,0,0,0.0,0,0.0,1,61579.98,0,0.0,27.12122712,38.49989008
40924.713,0,9891877,0,0.0,ORTA_TICARETHANE,35-04-K03083,KARSIYAKA,35,0,0,FIKRI ALTAY,0,0,5,2,4359.16,5.016,0,0,0.0,0,0.0,3,36565.553,0,0.0,27.10065087,38.47266102
6117.341,0,9892542,0,0.0,KUCUK_TICARETHANE,35-04-M02326,KARSIYAKA,35,0,0,ORNEKKOY,0,0,3,2,5064.453,6.286666666666666,0,0,0.0,0,0.0,1,1052.888,0,0.0,27.11073017,38.47720647
11149.19,0,9895363,0,0.0,ORTA_TICARETHANE,35-04-K04756,KARSIYAKA,35,0,0,LATIFE HANIM,0,0,1,0,0.0,8.8,0,0,0.0,0,0.0,1,11149.19,0,0.0,27.12122712,38.49996699
17789.514,0,9897233,0,0.0,ORTA_TICARETHANE,35-04-K04013,KARSIYAKA,35,0,0,CUMHURIYET,0,0,2,0,0.0,8.475,0,0,0.0,0,0.0,2,17789.514,0,0.0,27.09000526,38.48209798
17619.175,0,9898843,0,0.0,KUCUK_TICARETHANE,35-04-K03082,KARSIYAKA,35,0,0,LATIFE HANIM,0,0,3,2,7968.43,5.0,0,0,0.0,0,0.0,1,9650.745,0,0.0,27.11547733,38.49211022
5276.947,0,9899383,0,0.0,KUCUK_TICARETHANE,35-04-M01265,KARSIYAKA,35,0,0,ORNEKKOY,0,0,3,2,4743.644,5.333333333333333,0,0,0.0,0,0.0,1,533.303,0,0.0,27.11450485,38.47614763
557.462,0,9899953,0,0.0,KUCUK_TICARETHANE,35-04-K01608,KARSIYAKA,35,0,0,CUMHURIYET,0,0,1,0,0.0,5.0,0,0,0.0,0,0.0,1,557.462,0,0.0,27.09249571,38.48024932
5108.896,0,9900263,0,0.0,KUCUK_TICARETHANE,35-04-M01834,KARSIYAKA,35,0,0,CUMHURIYET,0,0,1,0,0.0,5.0,0,0,0.0,0,0.0,1,5108.896,0,0.0,27.09904766,38.47773774
38866.844,0,9900293,0,0.0,ORTA_TICARETHANE,35-04-K03871,KARSIYAKA,35,0,0,YALI,0,0,8,5,14279.651,5.0,0,0,0.0,0,0.0,3,24587.193,0,0.0,27.09292112,38.47093197
3874.6730000000002,0,9900523,0,0.0,KUCUK_TICARETHANE,35-04-K01141,KARSIYAKA,35,0,0,CUMHURIYET,0,0,2,1,3491.869,5.0,0,0,0.0,0,0.0,1,382.804,0,0.0,27.08642907,38.4850136
6657.862999999999,0,9900703,0,0.0,KUCUK_TICARETHANE,35-04-K00244,KARSIYAKA,35,0,0,CUMHURIYET,0,0,3,2,2071.266,5.0,0,0,0.0,0,0.0,1,4586.597,0,0.0,27.10277383,38.48152599
11722.596000000001,0,9901123,0,0.0,KUCUK_TICARETHANE,35-04-K03083,KARSIYAKA,35,0,0,FIKRI ALTAY,0,0,4,2,4910.379,5.0,0,0,0.0,0,0.0,2,6812.217000000001,0,0.0,27.10080613,38.4726586
20037.75,0,9902093,0,0.0,ORTA_TICARETHANE,35-04-K01316,KARSIYAKA,35,0,0,DONANMACI,0,0,7,3,3192.433,5.0,0,0,0.0,0,0.0,4,16845.317,0,0.0,27.11766734,38.45602779
7497.164,0,9902103,0,0.0,KUCUK_TICARETHANE,35-04-K01316,KARSIYAKA,35,0,0,DONANMACI,0,0,5,3,2714.9370000000004,5.96,0,0,0.0,0,0.0,2,4782.227,0,0.0,27.11724005,38.45570931
1960.499,0,9903343,0,0.0,KUCUK_TICARETHANE,35-04-K03082,KARSIYAKA,35,0,0,LATIFE HANIM,0,0,1,0,0.0,5.0,0,0,0.0,0,0.0,1,1960.499,0,0.0,27.1158986,38.49012945
2743.638,0,9904633,0,0.0,ORTA_TICARETHANE,35-04-K00215,KARSIYAKA,35,0,0,SEMIKLER,0,0,1,0,0.0,15.01,0,0,0.0,0,0.0,1,2743.638,0,0.0,27.09265351,38.47943797
73551.27,0,9906618,0,0.0,ORTA_TICARETHANE,35-04-K02512,KARSIYAKA,35,0,0,ZUBEYDE HANIM,0,0,1,0,0.0,88.55,0,0,0.0,0,0.0,1,73551.27,0,0.0,27.11174286,38.4958088
8422.365,0,9914133,0,0.0,KUCUK_TICARETHANE,35-04-K00358,KARSIYAKA,35,0,0,ORNEKKOY,0,0,2,0,0.0,5.0,0,0,0.0,0,0.0,2,8422.365,0,0.0,27.1102559,38.47933721
2869.917,0,9919215,0,0.0,KUCUK_TICARETHANE,35-04-K01109,KARSIYAKA,35,0,0,TUNA,0,0,1,0,0.0,5.0,0,0,0.0,0,0.0,1,2869.917,0,0.0,27.11852084,38.45695376
2126.662,0,9919226,0,0.0,KUCUK_TICARETHANE,35-04-K01109,KARSIYAKA,35,0,0,TUNA,0,0,1,0,0.0,5.0,0,0,0.0,0,0.0,1,2126.662,0,0.0,27.11851831,38.45701846
551.74,0,9919237,0,0.0,KUCUK_TICARETHANE,35-04-K04756,KARSIYAKA,35,0,0,LATIFE HANIM,0,0,1,0,0.0,8.2,0,0,0.0,0,0.0,1,551.74,0,0.0,27.12183408,38.49982598
19621.777000000002,0,9929531,0,0.0,KUCUK_TICARETHANE,35-04-K03203,KARSIYAKA,35,0,0,BAHARIYE,0,0,14,9,18783.313000000002,5.479285714285714,0,0,0.0,0,0.0,5,838.464,0,0.0,27.12035493,38.46199647
31513.0,0,9931808,0,0.0,ORTA_TICARETHANE,35-09-K04501,CIGLI,35,0,0,KUCUK CIGLI,0,0,1,0,0.0,250.0,0,0,0.0,0,0.0,1,31513.0,0,0.0,27.05272785,38.50132895
114307.354,0,9934680,0,0.0,ORTA_TICARETHANE,35-04-K02940,KARSIYAKA,35,0,0,SEMIKLER,0,0,6,3,11882.041000000001,6.885000000000001,0,0,0.0,0,0.0,3,102425.313,0,0.0,27.09659705,38.47757496
2313.868,0,9936121,0,0.0,KUCUK_TICARETHANE,35-04-K01141,KARSIYAKA,35,0,0,CUMHURIYET,0,0,1,0,0.0,6.62,0,0,0.0,0,0.0,1,2313.868,0,0.0,27.08668155,38.48341825
739.35,0,9944512,0,0.0,KUCUK_TICARETHANE,35-04-M02100,KARSIYAKA,35,0,0,IMBATLI,0,0,1,0,0.0,8.57,0,0,0.0,0,0.0,1,739.35,0,0.0,27.10816928,38.47275236
1052.2,0,9946701,0,0.0,KUCUK_TICARETHANE,35-04-K04013,KARSIYAKA,35,0,0,CUMHURIYET,0,0,1,0,0.0,5.0,0,0,0.0,0,0.0,1,1052.2,0,0.0,27.08956801,38.48272976
14121.402000000002,0,9980195,0,0.0,ORTA_TICARETHANE,35-04-K00358,KARSIYAKA,35,0,0,ORNEKKOY,0,0,2,1,3826.282,5.195,0,0,0.0,0,0.0,1,10295.12,0,0.0,27.10910867,38.48071653
27991.41,0,9990388,0,0.0,ORTA_TICARETHANE,35-04-K00358,KARSIYAKA,35,0,0,ORNEKKOY,0,0,2,0,0.0,10.075,0,0,0.0,0,0.0,2,27991.41,0,0.0,27.11015319,38.47910353
9180.706,0,10018445,0,0.0,KUCUK_TICARETHANE,35-04-M02326,KARSIYAKA,35,0,0,ORNEKKOY,0,0,5,3,8065.545,5.0,0,0,0.0,0,0.0,2,1115.161,0,0.0,27.11171665,38.47693278
2201.081,0,10057668,0,0.0,KUCUK_TICARETHANE,35-09-K04314,CIGLI,35,0,0,KUCUK CIGLI,0,0,1,0,0.0,8.35,0,0,0.0,0,0.0,1,2201.081,0,0.0,27.05389691,38.4993449
82382.57,0,10182141,0,0.0,ORTA_TICARETHANE,35-04-K01990,KARSIYAKA,35,0,0,TUNA,0,0,2,0,0.0,39.21,0,0,0.0,0,0.0,2,82382.57,0,0.0,27.11968177,38.45636433
150810.68,0,10276332,0,0.0,ORTA_TICARETHANE,35-04-K01541,KARSIYAKA,35,0,0,ATAKENT,0,0,3,0,0.0,91.55333333333334,0,0,0.0,0,0.0,3,150810.68,0,0.0,27.0873284,38.46721441
1863.631,0,10363696,0,0.0,KUCUK_TICARETHANE,35-04-K03082,KARSIYAKA,35,0,0,LATIFE HANIM,0,0,1,0,0.0,6.05,0,0,0.0,0,0.0,1,1863.631,0,0.0,27.11546702,38.49198812
110846.4,0,10371856,0,0.0,ORTA_TICARETHANE,35-04-K01316,KARSIYAKA,35,0,0,DONANMACI,0,0,1,0,0.0,149.77,0,0,0.0,0,0.0,1,110846.4,0,0.0,27.11730635,38.45418998
20464.672,0,10376926,0,0.0,ORTA_TICARETHANE,35-04-K00833,KARSIYAKA,35,0,0,DONANMACI,0,0,6,4,7198.323,9.576666666666666,0,0,0.0,0,0.0,2,13266.349,0,0.0,27.11378622,38.45540865
124170.84,0,10381532,1,65977.58,ORTA_TICARETHANE,35-04-M01443,KARSIYAKA,35,0,0,YALI,0,0,3,0,0.0,8.2,0,0,0.0,0,0.0,3,58193.26,0,0.0,27.07665779,38.47952473
5136.39,0,10391842,0,0.0,KUCUK_TICARETHANE,35-09-K02939Ã–,CIGLI,35,0,0,ATASEHIR,0,0,1,0,0.0,8.35,0,0,0.0,0,0.0,1,5136.39,0,0.0,27.07223578,38.4858527
45226.91,0,10418574,0,0.0,ORTA_TICARETHANE,35-04-M01029,KARSIYAKA,35,0,0,ORNEKKOY,0,0,1,0,0.0,12.642,0,0,0.0,0,0.0,1,45226.91,0,0.0,27.11450545,38.47993719
4603.99,0,10430222,0,0.0,KUCUK_TICARETHANE,35-04-K04628,KARSIYAKA,35,0,0,SEMIKLER,0,0,2,1,2395.501,11.315000000000001,0,0,0.0,0,0.0,1,2208.489,0,0.0,27.09462005,38.47071812
19521.259000000002,0,10468067,0,0.0,ORTA_TICARETHANE,35-09-M00447,CIGLI,35,0,0,SASALLI MERKEZ,0,0,2,1,5237.979,5.0,0,0,0.0,0,0.0,1,14283.28,0,0.0,26.95021795,38.49687181
34567.31,0,10617481,0,0.0,ORTA_TICARETHANE,35-04-K00018,KARSIYAKA,35,0,0,DONANMACI,0,0,1,0,0.0,60.9,0,0,0.0,0,0.0,1,34567.31,0,0.0,27.11459431,38.45516213
204.816,0,10660227,0,0.0,KUCUK_TICARETHANE,35-09-M01531,CIGLI,35,0,0,CUMHURIYET,0,0,1,0,0.0,8.35,0,0,0.0,0,0.0,1,204.816,0,0.0,27.06432973,38.5423958
5136.739,0,10777304,0,0.0,KUCUK_TICARETHANE,35-04-K01735,KARSIYAKA,35,0,0,DEDEBASI,0,0,1,0,0.0,8.35,0,0,0.0,0,0.0,1,5136.739,0,0.0,27.10803683,38.47118746
13210.23,0,11246370,0,0.0,ORTA_TICARETHANE,35-09-M00207,CIGLI,35,0,0,HARMANDALI GAZI MUSTAFA KEMAL ATATURK,0,0,1,0,0.0,43.47,0,0,0.0,0,0.0,1,13210.23,0,0.0,27.05135671,38.53553087
408573.5,0,11273240,0,0.0,BUYUK_TICARETHANE,35-04-K04669Ã–,KARSIYAKA,35,0,0,YALI,0,0,1,0,0.0,630.0,0,0,0.0,0,0.0,1,408573.5,0,0.0,27.084672,38.47522
60751.55,0,11276968,0,0.0,ORTA_TICARETHANE,35-04-K00254,KARSIYAKA,35,0,0,BAHRIYE UCOK,0,0,1,0,0.0,110.738,0,0,0.0,0,0.0,1,60751.55,0,0.0,27.11181928,38.46135037
13131.01,0,11581121,0,0.0,ORTA_TICARETHANE,35-09-K04337,CIGLI,35,0,0,ATATURK,0,0,1,0,0.0,8.35,0,0,0.0,0,0.0,1,13131.01,0,0.0,27.06186461,38.52167363
187037.1,0,11692179,0,0.0,ORTA_TICARETHANE,35-04-K04618,KARSIYAKA,35,0,0,SEMIKLER,0,0,1,0,0.0,474.53,0,0,0.0,0,0.0,1,187037.1,0,0.0,27.09684005,38.47371568
5240.079,0,11703795,0,0.0,ORTA_TICARETHANE,35-09-M00211,CIGLI,35,0,0,INONU,0,0,1,0,0.0,16.1,0,0,0.0,0,0.0,1,5240.079,0,0.0,27.04729961,38.52702696
6006.123,0,11734215,0,0.0,KUCUK_TICARETHANE,35-04-K03488,KARSIYAKA,35,0,0,INONU,0,0,3,2,5976.757,5.0,0,0,0.0,0,0.0,1,29.366,0,0.0,27.09882106,38.48609382
386.692,0,11780671,0,0.0,KUCUK_TICARETHANE,35-04-K00358,KARSIYAKA,35,0,0,ORNEKKOY,0,0,1,0,0.0,5.48,0,0,0.0,0,0.0,1,386.692,0,0.0,27.11030096,38.47964878
58225.288,0,11916309,0,0.0,ORTA_TICARETHANE,35-04-K01681,KARSIYAKA,35,0,0,TUNA,0,0,7,1,1825.584,7.644285714285714,0,0,0.0,0,0.0,6,56399.704,0,0.0,27.11769065,38.45728375
61010.942,0,11916351,0,0.0,ORTA_TICARETHANE,35-04-K00017,KARSIYAKA,35,0,0,TUNA,0,0,9,5,10605.788,5.0,0,0,0.0,0,0.0,4,50405.154,0,0.0,27.11915776,38.45885892
71989.275,0,11953517,0,0.0,ORTA_TICARETHANE,35-04-K01109,KARSIYAKA,35,0,0,TUNA,0,0,7,1,6118.511,11.777142857142858,0,0,0.0,0,0.0,6,65870.764,0,0.0,27.11835334,38.45675492
49302.7181,0,11960240,0,0.0,ORTA_TICARETHANE,35-04-K03844,KARSIYAKA,35,0,0,TUNA,0,0,22,6,7668.8221,5.62,0,0,0.0,0,0.0,16,41633.896,0,0.0,27.11881423,38.45747568
31797.388,0,11962130,0,0.0,ORTA_TICARETHANE,35-04-K04188,KARSIYAKA,35,0,0,TUNA,0,0,12,8,13221.193,5.558333333333334,0,0,0.0,0,0.0,4,18576.195,0,0.0,27.11840512,38.45864912
31651.103,0,11962872,0,0.0,ORTA_TICARETHANE,35-04-K01285,KARSIYAKA,35,0,0,BAHCELIEVLER,0,0,15,9,20500.986,5.223333333333333,0,0,0.0,0,0.0,6,11150.117,0,0.0,27.12186811,38.46597845
61527.615000000005,0,11962942,0,0.0,ORTA_TICARETHANE,35-04-K00692,KARSIYAKA,35,0,0,TUNA,0,0,12,8,18087.37,5.3215,0,0,0.0,0,0.0,4,43440.245,0,0.0,27.11755865,38.45756015
3726.272,0,11974127,0,0.0,KUCUK_TICARETHANE,35-09-M03520,CIGLI,35,0,0,ATASEHIR,0,0,2,0,0.0,5.0,0,0,0.0,0,0.0,2,3726.272,0,0.0,27.06242343,38.49351688
36947.246,0,11979545,0,0.0,ORTA_TICARETHANE,35-04-K04188,KARSIYAKA,35,0,0,TUNA,0,0,15,8,14889.029999999999,5.4479999999999995,0,0,0.0,0,0.0,7,22058.216,0,0.0,27.11914752,38.45830665
30965.238,0,12062459,0,0.0,ORTA_TICARETHANE,35-04-K01316,KARSIYAKA,35,0,0,DONANMACI,0,0,17,9,16525.64,5.3999999999999995,0,0,0.0,0,0.0,8,14439.598,0,0.0,27.11706517,38.45487386
43351.202000000005,0,12062473,0,0.0,ORTA_TICARETHANE,35-04-K04188,KARSIYAKA,35,0,0,TUNA,0,0,15,10,25522.375,5.223333333333333,0,0,0.0,0,0.0,5,17828.827,0,0.0,27.11771498,38.45787442
13398.906,0,12066952,0,0.0,KUCUK_TICARETHANE,35-04-M01305,KARSIYAKA,35,0,0,ORNEKKOY,0,0,5,3,3918.39,9.373999999999999,0,0,0.0,0,0.0,2,9480.516,0,0.0,27.11325506,38.47483164
19728.91,0,12079483,0,0.0,ORTA_TICARETHANE,35-09-M00210,CIGLI,35,0,0,HARMANDALI GAZI MUSTAFA KEMAL ATATURK,0,0,1,0,0.0,5.8,0,0,0.0,0,0.0,1,19728.91,0,0.0,27.05271133,38.53227017
295.897,0,12099474,0,0.0,KUCUK_TICARETHANE,35-09-M03520,CIGLI,35,0,0,YENI MAHALLE,0,0,1,0,0.0,5.0,0,0,0.0,0,0.0,1,295.897,0,0.0,27.06075896,38.49373073
8725.326000000001,0,12125581,0,0.0,KUCUK_TICARETHANE,35-09-M00103,CIGLI,35,0,0,BALATCIK,0,0,3,2,5211.964,8.83,0,0,0.0,0,0.0,1,3513.362,0,0.0,27.03974221,38.51768994
6253.002,0,12125594,0,0.0,KUCUK_TICARETHANE,35-09-K01879,CIGLI,35,0,0,YENI MAHALLE,0,0,3,2,6222.987,5.0,0,0,0.0,0,0.0,1,30.015,0,0.0,27.05715088,38.49518865
5563.679,0,12129026,0,0.0,KUCUK_TICARETHANE,35-09-K01876,CIGLI,35,0,0,KOYICI,0,0,1,0,0.0,5.0,0,0,0.0,0,0.0,1,5563.679,0,0.0,27.06115042,38.49516658
141.943,0,12135890,0,0.0,KUCUK_TICARETHANE,35-04-M02326,KARSIYAKA,35,0,0,IMBATLI,0,0,1,0,0.0,5.0,0,0,0.0,0,0.0,1,141.943,0,0.0,27.10959001,38.47541578
21841.0,0,12139374,0,0.0,ORTA_TICARETHANE,35-04-K03388,KARSIYAKA,35,0,0,MAVISEHIR,0,0,1,0,0.0,16.57,0,0,0.0,0,0.0,1,21841.0,0,0.0,27.06729519,38.46736506
31629.68,0,12148811,0,0.0,ORTA_TICARETHANE,35-09-M02552,CIGLI,35,0,0,SIRINTEPE,0,0,1,0,0.0,6.66,0,0,0.0,0,0.0,1,31629.68,0,0.0,27.06691455,38.49108788
58062.52,0,12164644,0,0.0,ORTA_TICARETHANE,35-04-K01681,KARSIYAKA,35,0,0,TUNA,0,0,1,0,0.0,29.7,0,0,0.0,0,0.0,1,58062.52,0,0.0,27.11839193,38.45698168
35754.566,0,12165892,0,0.0,ORTA_TICARETHANE,35-04-K00111,KARSIYAKA,35,0,0,BOSTANLI,0,0,7,4,8723.178,6.579,0,0,0.0,0,0.0,3,27031.388,0,0.0,27.09919848,38.45615488
110236.05099999999,0,12174539,0,0.0,ORTA_TICARETHANE,35-04-K01681,KARSIYAKA,35,0,0,TUNA,0,0,10,1,234.139,8.532,0,0,0.0,0,0.0,9,110001.912,0,0.0,27.11744048,38.45714213
525591.6,0,12174994,0,0.0,BUYUK_TICARETHANE,35-04-M02719Ã–,KARSIYAKA,35,0,0,YALI,0,0,1,0,0.0,1000.0,0,0,0.0,0,0.0,1,525591.6,0,0.0,27.0727036,38.47827155
38541.511,0,12181610,0,0.0,ORTA_TICARETHANE,35-04-K03844,KARSIYAKA,35,0,0,TUNA,0,0,19,9,20199.9,5.352631578947369,0,0,0.0,0,0.0,10,18341.611,0,0.0,27.1184929,38.45757558
4259.649,0,12205291,0,0.0,KUCUK_TICARETHANE,35-04-K01681,KARSIYAKA,35,0,0,TUNA,0,0,1,0,0.0,5.0,0,0,0.0,0,0.0,1,4259.649,0,0.0,27.1184908,38.45696884
27241.428,0,12205305,0,0.0,ORTA_TICARETHANE,35-04-K00018,KARSIYAKA,35,0,0,DONANMACI,0,0,15,9,13489.488,5.223333333333333,0,0,0.0,0,0.0,6,13751.939999999999,0,0.0,27.11689322,38.45513858
0.138,0,12206999,0,0.0,TARIMSAL_SULAMA,35-04-K01182,KARSIYAKA,35,0,0,YAMANLAR,0,0,0,0,0.0,8.5,0,0,0.0,1,0.138,0,0.0,0,0.0,27.13286278,38.54175832
122301.874,0,12221168,0,0.0,ORTA_TICARETHANE,35-09-M03520,CIGLI,35,0,0,ATASEHIR,0,0,10,0,0.0,6.265,0,0,0.0,0,0.0,10,122301.874,0,0.0,27.06211438,38.49305693
3903.6440000000002,0,12223548,0,0.0,KUCUK_TICARETHANE,35-09-K01870,CIGLI,35,0,0,KOYICI,0,0,2,1,3448.885,5.0,0,0,0.0,0,0.0,1,454.759,0,0.0,27.06402849,38.49534075
28191.099000000002,0,12230170,0,0.0,ORTA_TICARETHANE,,CIGLI,35,0,0,KOYICI,0,0,4,2,7622.671,6.08,0,0,0.0,0,0.0,2,20568.428,0,0.0,27.06138041,38.49727315
26668.3,0,12239815,0,0.0,ORTA_TICARETHANE,35-04-K00018,KARSIYAKA,35,0,0,DONANMACI,0,0,9,5,9571.305,5.0,0,0,0.0,0,0.0,4,17096.995,0,0.0,27.11492438,38.45587654
75942.969,0,12239885,0,0.0,ORTA_TICARETHANE,35-04-K00111,KARSIYAKA,35,0,0,BOSTANLI,0,0,18,10,17424.251,5.910055555555555,0,0,0.0,0,0.0,8,58518.718,0,0.0,27.09918005,38.45746394
64340.969999999994,0,12243553,0,0.0,ORTA_TICARETHANE,35-04-K00111,KARSIYAKA,35,0,0,BOSTANLI,0,0,9,3,9265.026,7.211111111111112,0,0,0.0,0,0.0,6,55075.943999999996,0,0.0,27.09881198,38.45683886
15679.099,0,12258196,0,0.0,ORTA_TICARETHANE,35-09-K03706,CIGLI,35,0,0,KUCUK CIGLI,0,0,6,3,3681.0609999999997,6.003333333333333,0,0,0.0,0,0.0,3,11998.038,0,0.0,27.05553661,38.49872903
105161.785,0,12258224,0,0.0,ORTA_TICARETHANE,35-09-M02465,CIGLI,35,0,0,KUCUK CIGLI,0,0,19,1,3165.021,13.488947368421053,0,0,0.0,0,0.0,18,101996.764,0,0.0,27.04777465,38.50338164
10258.41,0,12263629,0,0.0,KUCUK_TICARETHANE,35-09-M01951,CIGLI,35,0,0,SIRINTEPE,0,0,4,2,4388.133,5.0,0,0,0.0,0,0.0,2,5870.277,0,0.0,27.07079573,38.49177223
42042.558,0,12267576,0,0.0,ORTA_TICARETHANE,35-09-K02730,CIGLI,35,0,0,ATASEHIR,0,0,13,9,24074.747,5.5284615384615385,0,0,0.0,0,0.0,4,17967.810999999998,0,0.0,27.06125445,38.49135514
6765.853,0,12279293,0,0.0,KUCUK_TICARETHANE,35-09-M00210,CIGLI,35,0,0,HARMANDALI GAZI MUSTAFA KEMAL ATATURK,0,0,1,0,0.0,5.0,0,0,0.0,0,0.0,1,6765.853,0,0.0,27.05276891,38.53245776
26981.924,0,12280063,0,0.0,ORTA_TICARETHANE,35-09-M00999,CIGLI,35,0,0,BALATCIK,0,0,2,1,2634.654,9.585,0,0,0.0,0,0.0,1,24347.27,0,0.0,27.03920894,38.51117125
103642.915,0,12280231,0,0.0,ORTA_TICARETHANE,35-04-M02777,KARSIYAKA,35,0,0,BOSTANLI,0,0,23,16,35482.614,5.295826086956522,0,0,0.0,0,0.0,7,68160.30099999999,0,0.0,27.09877677,38.4582345
23977.716,0,12282051,0,0.0,ORTA_TICARETHANE,35-04-K01191,KARSIYAKA,35,0,0,AKSOY,0,0,4,2,6554.321,9.692499999999999,0,0,0.0,0,0.0,2,17423.395,0,0.0,27.11034318,38.4503876
156311.68899999998,0,12294022,0,0.0,ORTA_TICARETHANE,35-04-K00488,KARSIYAKA,35,0,0,BOSTANLI,0,0,7,4,1510.122,6.43,0,0,0.0,0,0.0,3,154801.56699999998,0,0.0,27.10100432,38.45368724
4153.314,0,12300701,0,0.0,KUCUK_TICARETHANE,,CIGLI,35,0,0,SIRINTEPE,0,0,1,0,0.0,5.0,0,0,0.0,0,0.0,1,4153.314,0,0.0,27.07176193,38.49652764
41905.836,0,12301597,0,0.0,ORTA_TICARETHANE,35-04-K00587,KARSIYAKA,35,0,0,BOSTANLI,0,0,11,6,19716.473,6.47390909090909,0,0,0.0,0,0.0,5,22189.363,0,0.0,27.09797096,38.45659981
1054.626,0,12303361,0,0.0,ORTA_TICARETHANE,35-09-M00103,CIGLI,35,0,0,BALATCIK,0,0,1,0,0.0,15.35,0,0,0.0,0,0.0,1,1054.626,0,0.0,27.04072092,38.51740859
35453.164000000004,0,12306817,0,0.0,ORTA_TICARETHANE,35-04-K00294,KARSIYAKA,35,0,0,BAHCELIEVLER,0,0,8,5,10255.034,5.0,0,0,0.0,0,0.0,3,25198.13,0,0.0,27.12249306,38.46541779
17329.007,0,12310865,0,0.0,KUCUK_TICARETHANE,35-09-K04681,CIGLI,35,0,0,MALTEPE,0,0,5,3,14754.77,5.843999999999999,0,0,0.0,0,0.0,2,2574.237,0,0.0,27.07243983,38.49188479
60221.630000000005,0,12317206,0,0.0,ORTA_TICARETHANE,35-04-K00692,KARSIYAKA,35,0,0,TUNA,0,0,5,0,0.0,12.7776,0,0,0.0,0,0.0,5,60221.630000000005,0,0.0,27.11631343,38.45737244
2183.176,0,12317234,0,0.0,KUCUK_TICARETHANE,35-04-K01681,KARSIYAKA,35,0,0,TUNA,0,0,1,0,0.0,5.0,0,0,0.0,0,0.0,1,2183.176,0,0.0,27.11840308,38.45693761
4000.256,0,12317458,0,0.0,KUCUK_TICARETHANE,35-09-M00103,CIGLI,35,0,0,BALATCIK,0,0,1,0,0.0,8.54,0,0,0.0,0,0.0,1,4000.256,0,0.0,27.04117642,38.51718709
2468.059,0,12320552,0,0.0,KUCUK_TICARETHANE,35-09-K04046,CIGLI,35,0,0,EGEKENT,0,0,1,0,0.0,8.35,0,0,0.0,0,0.0,1,2468.059,0,0.0,27.06106,38.5059017
73261.491,0,12320622,0,0.0,ORTA_TICARETHANE,35-09-K01864,CIGLI,35,0,0,KUCUK CIGLI,0,0,22,0,0.0,6.242272727272726,0,0,0.0,0,0.0,22,73261.491,0,0.0,27.05945667,38.49710622
2906.06,0,12325663,0,0.0,KUCUK_TICARETHANE,35-09-K03323,CIGLI,35,0,0,GUZELTEPE,0,0,3,2,2770.664,6.44,0,0,0.0,0,0.0,1,135.396,0,0.0,27.07706008,38.50052752
79316.45,0,12327021,0,0.0,ORTA_TICARETHANE,35-04-K03385,KARSIYAKA,35,0,0,AKSOY,0,0,1,0,0.0,40.0,0,0,0.0,0,0.0,1,79316.45,0,0.0,27.10854553,38.44983253
23864.896,0,12330871,0,0.0,ORTA_TICARETHANE,35-04-K00833,KARSIYAKA,35,0,0,DONANMACI,0,0,9,5,9582.591,5.7444444444444445,0,0,0.0,0,0.0,4,14282.305,0,0.0,27.11497936,38.45632941
1007.188,0,12332091,0,0.0,ORTA_TICARETHANE,35-09-M00254,CIGLI,35,0,0,KAKLIC,0,0,1,0,0.0,54.06,0,0,0.0,0,0.0,1,1007.188,0,0.0,26.98899233,38.50457479
2500.817,0,12338321,0,0.0,KUCUK_TICARETHANE,35-09-M00212,CIGLI,35,0,0,INONU,0,0,1,0,0.0,5.0,0,0,0.0,0,0.0,1,2500.817,0,0.0,27.04781163,38.53031118
12144.553,0,12341345,0,0.0,KUCUK_TICARETHANE,35-09-K04122,CIGLI,35,0,0,SIRINTEPE,0,0,3,2,4531.476000000001,7.0,0,0,0.0,0,0.0,1,7613.077,0,0.0,27.07003591,38.49482793
108965.974,0,12344817,0,0.0,ORTA_TICARETHANE,35-04-K04188,KARSIYAKA,35,0,0,TUNA,0,0,22,1,4293.663,5.809545454545455,0,0,0.0,0,0.0,21,104672.311,0,0.0,27.1161703,38.45800779
15015.724999999999,0,12346399,0,0.0,KUCUK_TICARETHANE,35-04-K01316,KARSIYAKA,35,0,0,DONANMACI,0,0,6,4,12072.600999999999,5.755,0,0,0.0,0,0.0,2,2943.124,0,0.0,27.11715538,38.45497234
74458.84,0,12346931,0,0.0,ORTA_TICARETHANE,35-04-K04794,KARSIYAKA,35,0,0,TUNA,0,0,2,0,0.0,12.9,0,0,0.0,0,0.0,2,74458.84,0,0.0,27.1185733,38.456875
55937.831,0,12367960,0,0.0,ORTA_TICARETHANE,35-04-K01109,KARSIYAKA,35,0,0,TUNA,0,0,40,0,0.0,5.33525,0,0,0.0,0,0.0,40,55937.831,0,0.0,27.11866278,38.45714421
39961.27,0,12368730,0,0.0,ORTA_TICARETHANE,35-09-M02551,CIGLI,35,0,0,KOYICI,0,0,1,0,0.0,5.39,0,0,0.0,0,0.0,1,39961.27,0,0.0,27.06274482,38.49363474
7132.813,0,12371558,0,0.0,KUCUK_TICARETHANE,35-04-K01681,KARSIYAKA,35,0,0,TUNA,0,0,2,0,0.0,5.0,0,0,0.0,0,0.0,2,7132.813,0,0.0,27.11799383,38.45717225
41245.719,0,12374808,0,0.0,ORTA_TICARETHANE,35-04-K00692,KARSIYAKA,35,0,0,TUNA,0,0,13,3,5686.4259999999995,8.976153846153846,0,0,0.0,0,0.0,10,35559.293,0,0.0,27.11676402,38.45780653
50055.381,0,12374934,0,0.0,ORTA_TICARETHANE,35-04-K00111,KARSIYAKA,35,0,0,BOSTANLI,0,0,12,7,15817.643,6.958333333333333,0,0,0.0,0,0.0,5,34237.738,0,0.0,27.09968248,38.45584243
5046.5830000000005,0,12380791,0,0.0,KUCUK_TICARETHANE,35-09-K01873,CIGLI,35,0,0,SIRINTEPE,0,0,3,2,3235.5299999999997,5.0,0,0,0.0,0,0.0,1,1811.053,0,0.0,27.06926943,38.49721261
5150.901,0,12382247,0,0.0,KUCUK_TICARETHANE,35-09-M02552,CIGLI,35,0,0,SIRINTEPE,0,0,3,2,5003.775,5.0,0,0,0.0,0,0.0,1,147.126,0,0.0,27.0678265,38.49162178
4702.331,0,12382261,0,0.0,KUCUK_TICARETHANE,35-09-M02551,CIGLI,35,0,0,KOYICI,0,0,3,2,3729.3239999999996,5.0,0,0,0.0,0,0.0,1,973.007,0,0.0,27.06423807,38.49399629
22439.424,0,12388715,0,0.0,ORTA_TICARETHANE,35-04-K00018,KARSIYAKA,35,0,0,DONANMACI,0,0,10,5,10877.533,5.0,0,0,0.0,0,0.0,5,11561.891,0,0.0,27.11508813,38.45544753
24192.447999999997,0,12390210,0,0.0,ORTA_TICARETHANE,35-04-K04188,KARSIYAKA,35,0,0,TUNA,0,0,3,0,0.0,6.116666666666667,0,0,0.0,0,0.0,3,24192.447999999997,0,0.0,27.11897727,38.45847138
4632.12,0,12391757,0,0.0,ORTA_TICARETHANE,35-09-M00910,CIGLI,35,0,0,SASALLI MERKEZ,0,0,1,0,0.0,17.0,0,0,0.0,0,0.0,1,4632.12,0,0.0,26.95793835,38.50076535
112483.01,0,12393161,0,0.0,ORTA_TICARETHANE,35-04-K00111,KARSIYAKA,35,0,0,BOSTANLI,0,0,23,13,25185.851,6.697086956521739,0,0,0.0,0,0.0,10,87297.159,0,0.0,27.09843702,38.45720549
9102.585,0,12394773,0,0.0,KUCUK_TICARETHANE,35-04-K01746,KARSIYAKA,35,0,0,DONANMACI,0,0,1,0,0.0,9.16,0,0,0.0,0,0.0,1,9102.585,0,0.0,27.11528592,38.45649436
4317.6,0,12394786,0,0.0,KUCUK_TICARETHANE,35-04-K04188,KARSIYAKA,35,0,0,TUNA,0,0,2,0,0.0,6.675,0,0,0.0,0,0.0,2,4317.6,0,0.0,27.11887202,38.45876592
21006.858,0,12396320,0,0.0,ORTA_TICARETHANE,35-09-K04282,CIGLI,35,0,0,KUCUK CIGLI,0,0,4,2,10304.407,7.2875,0,0,0.0,0,0.0,2,10702.451000000001,0,0.0,27.05686806,38.49859445
1247.565,0,12400039,0,0.0,KUCUK_TICARETHANE,35-04-K01681,KARSIYAKA,35,0,0,TUNA,0,0,1,0,0.0,5.0,0,0,0.0,0,0.0,1,1247.565,0,0.0,27.11820592,38.45640163
116522.97,0,12402794,0,0.0,ORTA_TICARETHANE,35-04-K03844,KARSIYAKA,35,0,0,TUNA,0,0,2,0,0.0,34.155,0,0,0.0,0,0.0,2,116522.97,0,0.0,27.11925313,38.45687395
121109.4,0,12403236,0,0.0,ORTA_TICARETHANE,35-04-K03012,KARSIYAKA,35,0,0,IMBATLI,0,0,1,0,0.0,90.0,0,0,0.0,0,0.0,1,121109.4,0,0.0,27.11252206,38.47269302
3078.949,0,12405823,0,0.0,KUCUK_TICARETHANE,35-04-K04756,KARSIYAKA,35,0,0,LATIFE HANIM,0,0,1,0,0.0,9.76,0,0,0.0,0,0.0,1,3078.949,0,0.0,27.12188808,38.49964891
15265.529,0,12406005,0,0.0,KUCUK_TICARETHANE,35-04-K00590,KARSIYAKA,35,0,0,BAHARIYE,0,0,11,5,6306.145,6.2727272727272725,0,0,0.0,0,0.0,6,8959.384,0,0.0,27.11607737,38.45836039
9845.482,0,12406902,0,0.0,KUCUK_TICARETHANE,35-04-K04756,KARSIYAKA,35,0,0,LATIFE HANIM,0,0,1,0,0.0,8.2,0,0,0.0,0,0.0,1,9845.482,0,0.0,27.12129984,38.49940802
25320.067,0,12407136,0,0.0,ORTA_TICARETHANE,35-04-M01268,KARSIYAKA,35,0,0,YALI,0,0,13,9,14539.287,6.0307692307692315,0,0,0.0,0,0.0,4,10780.78,0,0.0,27.08757762,38.46902412
34066.587,0,12408046,0,0.0,ORTA_TICARETHANE,35-04-K00111,KARSIYAKA,35,0,0,BOSTANLI,0,0,7,4,9912.602,5.478571428571429,0,0,0.0,0,0.0,3,24153.985,0,0.0,27.0989606,38.45729883
520.483,0,12410060,0,0.0,KUCUK_TICARETHANE,35-04-K04756,KARSIYAKA,35,0,0,LATIFE HANIM,0,0,1,0,0.0,9.76,0,0,0.0,0,0.0,1,520.483,0,0.0,27.12188412,38.49956002
19431.28,0,12410229,0,0.0,ORTA_TICARETHANE,35-04-K02433,KARSIYAKA,35,0,0,TUNA,0,0,1,0,0.0,15.01,0,0,0.0,0,0.0,1,19431.28,0,0.0,27.11718629,38.45686268
33419.74,0,12414038,0,0.0,ORTA_TICARETHANE,35-04-K00885,KARSIYAKA,35,0,0,YALI,0,0,1,0,0.0,28.16,0,0,0.0,0,0.0,1,33419.74,0,0.0,27.09062316,38.46555069
8070.64,0,12415533,0,0.0,KUCUK_TICARETHANE,35-09-K01882,CIGLI,35,0,0,ATASEHIR,0,0,1,0,0.0,5.0,0,0,0.0,0,0.0,1,8070.64,0,0.0,27.06327256,38.49193248
6047.16,0,12423177,0,0.0,ORTA_TICARETHANE,35-09-M01149,CIGLI,35,0,0,SASALLI MERKEZ,0,0,1,0,0.0,99.95,0,0,0.0,0,0.0,1,6047.16,0,0.0,26.94666981,38.50043271
63176.134,0,12423777,0,0.0,ORTA_TICARETHANE,35-09-K01864,CIGLI,35,0,0,KUCUK CIGLI,0,0,4,0,0.0,8.2975,0,0,0.0,0,0.0,4,63176.134,0,0.0,27.06016301,38.49650421
4236.314,0,12426326,0,0.0,KUCUK_TICARETHANE,35-09-K01869,CIGLI,35,0,0,KUCUK CIGLI,0,0,3,2,4125.354,5.0,0,0,0.0,0,0.0,1,110.96,0,0.0,27.0439253,38.50372799
126082.329,0,12427743,0,0.0,ORTA_TICARETHANE,35-09-M02549,CIGLI,35,0,0,KUCUK CIGLI,0,0,32,0,0.0,6.279375,0,0,0.0,0,0.0,32,126082.329,0,0.0,27.04466928,38.50231519
8147.429,0,12428653,0,0.0,KUCUK_TICARETHANE,35-04-K04709,KARSIYAKA,35,0,0,DEMIRKOPRU,0,0,7,4,331.303,5.957142857142857,0,0,0.0,0,0.0,3,7816.126,0,0.0,27.09821332,38.4696691
6202.09,0,12428965,0,0.0,KUCUK_TICARETHANE,35-09-K01006,CIGLI,35,0,0,AYDINLIKEVLER,0,0,3,1,3495.0,7.653333333333333,0,0,0.0,0,0.0,2,2707.09,0,0.0,27.08390421,38.48777392
5727.419,0,12433866,0,0.0,ORTA_TICARETHANE,35-09-M01145,CIGLI,35,0,0,KAKLIC,0,0,1,0,0.0,16.6,0,0,0.0,0,0.0,1,5727.419,0,0.0,26.99218659,38.50428563
33374.62,0,12434958,0,0.0,ORTA_TICARETHANE,35-09-M00210,CIGLI,35,0,0,HARMANDALI GAZI MUSTAFA KEMAL ATATURK,0,0,2,1,8958.56,6.7,0,0,0.0,0,0.0,1,24416.06,0,0.0,27.05203074,38.53282771
1148.185,0,12443941,0,0.0,KUCUK_TICARETHANE,35-09-M00210,CIGLI,35,0,0,HARMANDALI GAZI MUSTAFA KEMAL ATATURK,0,0,2,0,0.0,5.0,0,0,0.0,0,0.0,2,1148.185,0,0.0,27.05209367,38.53331968
4645.065,0,12444630,0,0.0,KUCUK_TICARETHANE,35-09-M00257,CIGLI,35,0,0,SASALLI MERKEZ,0,0,2,1,981.833,6.675,0,0,0.0,0,0.0,1,3663.232,0,0.0,26.95115028,38.49389452
4305.811,0,12445670,0,0.0,KUCUK_TICARETHANE,35-09-M00210,CIGLI,35,0,0,HARMANDALI GAZI MUSTAFA KEMAL ATATURK,0,0,3,1,3023.991,6.116666666666667,0,0,0.0,0,0.0,2,1281.82,0,0.0,27.05260914,38.53197781
40085.352,0,12446633,0,0.0,ORTA_TICARETHANE,35-09-M02547,CIGLI,35,0,0,KUCUK CIGLI,0,0,6,0,0.0,25.57166666666667,0,0,0.0,0,0.0,6,40085.352,0,0.0,27.04653435,38.49815158
13137.54,0,12447335,0,0.0,ORTA_TICARETHANE,35-09-K01878,CIGLI,35,0,0,YENI MAHALLE,0,0,1,0,0.0,5.0,0,0,0.0,0,0.0,1,13137.54,0,0.0,27.05437717,38.49334012
3054.61,0,12447361,0,0.0,KUCUK_TICARETHANE,35-09-K04307,CIGLI,35,0,0,KOYICI,0,0,2,1,2511.308,6.675,0,0,0.0,0,0.0,1,543.302,0,0.0,27.06415307,38.49711208
61843.867,0,12454070,0,0.0,ORTA_TICARETHANE,35-04-K01624,KARSIYAKA,35,0,0,DEDEBASI,0,0,5,2,6948.643,5.302,0,0,0.0,0,0.0,3,54895.224,0,0.0,27.10800635,38.46749127
18024.689000000002,0,12454525,0,0.0,KUCUK_TICARETHANE,35-04-K00928,KARSIYAKA,35,0,0,TUNA,0,0,8,5,13898.011,6.675,0,0,0.0,0,0.0,3,4126.678,0,0.0,27.12124308,38.4580429
64626.38,0,12454720,0,0.0,ORTA_TICARETHANE,35-04-K00476,KARSIYAKA,35,0,0,BOSTANLI,0,0,1,0,0.0,8.35,0,0,0.0,0,0.0,1,64626.38,0,0.0,27.0932186,38.45870969
52809.25,0,12455149,0,0.0,ORTA_TICARETHANE,35-09-K03320,CIGLI,35,0,0,AYDINLIKEVLER,0,0,2,0,0.0,33.989999999999995,0,0,0.0,0,0.0,2,52809.25,0,0.0,27.08028822,38.49135342
188.959,0,12455734,0,0.0,ORTA_TICARETHANE,35-04-M02425,KARSIYAKA,35,0,0,SEMIKLER,0,0,1,0,0.0,15.01,0,0,0.0,0,0.0,1,188.959,0,0.0,27.10145553,38.4755408
114043.387,0,12457489,0,0.0,ORTA_TICARETHANE,35-04-K03390,KARSIYAKA,35,0,0,YALI,0,0,9,1,1147.989,9.991999999999999,0,0,0.0,0,0.0,8,112895.398,0,0.0,27.08516367,38.47160671
10746.034,0,12466277,0,0.0,KUCUK_TICARETHANE,35-04-M02922,KARSIYAKA,35,0,0,IMBATLI,0,0,3,2,3399.9750000000004,5.0,0,0,0.0,0,0.0,1,7346.059,0,0.0,27.10769164,38.47806684
20852.943,0,12469620,0,0.0,ORTA_TICARETHANE,35-04-K01692,KARSIYAKA,35,0,0,NERGIZ,0,0,5,3,3604.194,5.0,0,0,0.0,0,0.0,2,17248.749,0,0.0,27.105412,38.46258561
3124.306,0,12470140,0,0.0,KUCUK_TICARETHANE,35-04-K00833,KARSIYAKA,35,0,0,DONANMACI,0,0,2,1,1979.759,7.2,0,0,0.0,0,0.0,1,1144.547,0,0.0,27.11408928,38.45639724
177700.3,0,12471921,0,0.0,ORTA_TICARETHANE,35-09-K04308,CIGLI,35,0,0,ATASEHIR,0,0,1,0,0.0,141.35,0,0,0.0,0,0.0,1,177700.3,0,0.0,27.062401,38.48534592
9641.95,0,12473806,0,0.0,KUCUK_TICARETHANE,35-04-K00243,KARSIYAKA,35,0,0,CUMHURIYET,0,0,2,0,0.0,6.975,0,0,0.0,0,0.0,2,9641.95,0,0.0,27.09734386,38.48214252
26299.07,0,12474027,0,0.0,KUCUK_TICARETHANE,35-04-K01064,KARSIYAKA,35,0,0,BAHARIYE,0,0,14,9,21367.529,5.478571428571429,0,0,0.0,0,0.0,5,4931.541,0,0.0,27.11830518,38.46030495
12312.882,0,12474248,0,0.0,KUCUK_TICARETHANE,35-04-K03203,KARSIYAKA,35,0,0,BAHARIYE,0,0,7,4,9179.07,5.478571428571429,0,0,0.0,0,0.0,3,3133.812,0,0.0,27.11876428,38.4615297
16486.504,0,12475184,0,0.0,KUCUK_TICARETHANE,35-04-K01670,KARSIYAKA,35,0,0,TERSANE,0,0,10,5,8126.803,5.0,0,0,0.0,0,0.0,5,8359.701,0,0.0,27.12603665,38.4602078
18815.352,0,12475691,0,0.0,KUCUK_TICARETHANE,35-04-K03723,KARSIYAKA,35,0,0,BAHCELIEVLER,0,0,8,5,12942.740999999998,6.36375,0,0,0.0,0,0.0,3,5872.611,0,0.0,27.12314905,38.46544674
2382.25,0,12475899,0,0.0,KUCUK_TICARETHANE,35-09-M00209,CIGLI,35,0,0,HARMANDALI GAZI MUSTAFA KEMAL ATATURK,0,0,1,0,0.0,8.35,0,0,0.0,0,0.0,1,2382.25,0,0.0,27.05207833,38.53364355
9666.096,0,12476146,0,0.0,ORTA_TICARETHANE,35-09-M00845,CIGLI,35,0,0,UGUR MUMCU,0,0,1,0,0.0,15.01,0,0,0.0,0,0.0,1,9666.096,0,0.0,27.0456374,38.52636549
6813.949,0,12476497,0,0.0,KUCUK_TICARETHANE,35-04-M01027,KARSIYAKA,35,0,0,CUMHURIYET,0,0,3,2,6813.597,5.033333333333333,0,0,0.0,0,0.0,1,0.352,0,0.0,27.09763817,38.47909734
6664.351000000001,0,12477226,0,0.0,KUCUK_TICARETHANE,35-04-M02425,KARSIYAKA,35,0,0,FIKRI ALTAY,0,0,2,1,6378.819,5.0,0,0,0.0,0,0.0,1,285.532,0,0.0,27.10107999,38.47386852
21302.253,0,12478123,0,0.0,ORTA_TICARETHANE,35-04-K01316,KARSIYAKA,35,0,0,DONANMACI,0,0,8,4,9791.813,5.41875,0,0,0.0,0,0.0,4,11510.44,0,0.0,27.11718143,38.45565628
7205.284,0,12478292,0,0.0,KUCUK_TICARETHANE,35-04-M01265,KARSIYAKA,35,0,0,ORNEKKOY,0,0,2,1,4274.862,5.5,0,0,0.0,0,0.0,1,2930.422,0,0.0,27.1148643,38.47475032
1998.861,0,12478591,0,0.0,KUCUK_TICARETHANE,35-04-M01173,KARSIYAKA,35,0,0,ORNEKKOY,0,0,1,0,0.0,5.0,0,0,0.0,0,0.0,1,1998.861,0,0.0,27.11054931,38.48043283
91076.504,0,12480684,0,0.0,ORTA_TICARETHANE,35-04-K01624,KARSIYAKA,35,0,0,GONCALAR,0,0,22,15,33038.544,5.443181818181818,0,0,0.0,0,0.0,7,58037.96,0,0.0,27.10796607,38.4671878
7558.51,0,12482712,0,0.0,KUCUK_TICARETHANE,35-09-K01875,CIGLI,35,0,0,KOYICI,0,0,6,3,2517.54,5.0,0,0,0.0,0,0.0,3,5040.97,0,0.0,27.06523789,38.49292609
16755.44,0,12482751,0,0.0,ORTA_TICARETHANE,35-09-K01864,CIGLI,35,0,0,YENI MAHALLE,0,0,1,0,0.0,21.36,0,0,0.0,0,0.0,1,16755.44,0,0.0,27.05833175,38.49740102
35643.938,0,12483660,0,0.0,ORTA_TICARETHANE,35-04-M01268,KARSIYAKA,35,0,0,YALI,0,0,14,9,17772.828999999998,6.155714285714285,0,0,0.0,0,0.0,5,17871.109,0,0.0,27.08794283,38.46979834
238858.536,0,12483842,0,0.0,ORTA_TICARETHANE,35-04-K01608,KARSIYAKA,35,0,0,CUMHURIYET,0,0,6,4,9152.036,10.819999999999999,0,0,0.0,0,0.0,2,229706.5,0,0.0,27.09238184,38.4802128
14679.464,0,12484284,0,0.0,KUCUK_TICARETHANE,,CIGLI,35,0,0,KUCUK CIGLI,0,0,7,4,7907.332,9.717142857142857,0,0,0.0,0,0.0,3,6772.132,0,0.0,27.0620682,38.4972503
26251.24,0,12484869,0,0.0,ORTA_TICARETHANE,35-04-M01026,KARSIYAKA,35,0,0,CUMHURIYET,0,0,1,0,0.0,5.0,0,0,0.0,0,0.0,1,26251.24,0,0.0,27.09970958,38.48212418
18234.86,0,12485714,0,0.0,ORTA_TICARETHANE,35-04-K00243,KARSIYAKA,35,0,0,CUMHURIYET,0,0,1,0,0.0,10.61,0,0,0.0,0,0.0,1,18234.86,0,0.0,27.09675436,38.48167588
67263.367,0,12486273,0,0.0,ORTA_TICARETHANE,35-04-K01746,KARSIYAKA,35,0,0,DONANMACI,0,0,8,4,17106.912,5.0,0,0,0.0,0,0.0,4,50156.455,0,0.0,27.11653962,38.45661908
103079.33,0,12488860,0,0.0,ORTA_TICARETHANE,35-04-K00111,KARSIYAKA,35,0,0,BOSTANLI,0,0,18,10,18761.225,6.610555555555555,0,0,0.0,0,0.0,8,84318.105,0,0.0,27.098808,38.45734615
3849.018,0,12489068,0,0.0,KUCUK_TICARETHANE,35-04-M01834,KARSIYAKA,35,0,0,CUMHURIYET,0,0,3,2,3668.058,5.0,0,0,0.0,0,0.0,1,180.96,0,0.0,27.09991677,38.47793947
13606.34,0,12489628,0,0.0,ORTA_TICARETHANE,35-09-K01321,CIGLI,35,0,0,AYDINLIKEVLER,0,0,2,0,0.0,10.75,0,0,0.0,0,0.0,2,13606.34,0,0.0,27.08485009,38.49233903
60775.801,0,12490967,0,0.0,ORTA_TICARETHANE,35-04-K00115,KARSIYAKA,35,0,0,GONCALAR,0,0,19,13,30604.464,11.987368421052631,0,0,0.0,0,0.0,6,30171.337,0,0.0,27.10555859,38.46428615
3133.225,0,12492683,0,0.0,KUCUK_TICARETHANE,35-09-K01873,CIGLI,35,0,0,SIRINTEPE,0,0,1,0,0.0,5.0,0,0,0.0,0,0.0,1,3133.225,0,0.0,27.0714526,38.49646165
62145.211,0,12492800,0,0.0,ORTA_TICARETHANE,35-04-K01316,KARSIYAKA,35,0,0,DONANMACI,0,0,16,9,15531.753,5.209375,0,0,0.0,0,0.0,7,46613.458,0,0.0,27.11725336,38.4552797
44921.10799999999,0,12492969,0,0.0,ORTA_TICARETHANE,35-04-K03083,KARSIYAKA,35,0,0,FIKRI ALTAY,0,0,3,2,9540.588,5.0,0,0,0.0,0,0.0,1,35380.52,0,0.0,27.10051907,38.47271779
16831.04,0,12493983,0,0.0,ORTA_TICARETHANE,35-04-K01746,KARSIYAKA,35,0,0,DONANMACI,0,0,1,0,0.0,15.01,0,0,0.0,0,0.0,1,16831.04,0,0.0,27.11644792,38.4559572
5717.178,0,12494022,0,0.0,KUCUK_TICARETHANE,35-04-M01180,KARSIYAKA,35,0,0,CUMHURIYET,0,0,1,0,0.0,5.0,0,0,0.0,0,0.0,1,5717.178,0,0.0,27.10183685,38.47636892
1765.148,0,12495205,0,0.0,KUCUK_TICARETHANE,35-04-K04756,KARSIYAKA,35,0,0,LATIFE HANIM,0,0,1,0,0.0,8.28,0,0,0.0,0,0.0,1,1765.148,0,0.0,27.12155184,38.49981302
42556.248,0,12495660,0,0.0,ORTA_TICARETHANE,35-04-K03844,KARSIYAKA,35,0,0,TUNA,0,0,11,0,0.0,7.978909090909091,0,0,0.0,0,0.0,11,42556.248,0,0.0,27.11888868,38.45604394
51518.287000000004,0,12496037,0,0.0,ORTA_TICARETHANE,35-04-K01681,KARSIYAKA,35,0,0,TUNA,0,0,6,3,4622.588,6.435,0,0,0.0,0,0.0,3,46895.699,0,0.0,27.11742058,38.45717546
2734.2250000000004,0,12496527,0,0.0,KUCUK_TICARETHANE,35-04-K00166,KARSIYAKA,35,0,0,BAHARIYE,0,0,3,2,2721.204,6.116666666666667,0,0,0.0,0,0.0,1,13.021,0,0.0,27.12225045,38.46146869
10394.58,0,12497667,0,0.0,ORTA_TICARETHANE,35-04-M01892,KARSIYAKA,35,0,0,YALI,0,0,1,0,0.0,20.5,0,0,0.0,0,0.0,1,10394.58,0,0.0,27.08562949,38.47296616
22327.237,0,12499071,0,0.0,KUCUK_TICARETHANE,35-04-K03203,KARSIYAKA,35,0,0,BAHARIYE,0,0,18,9,14088.398,5.0,0,0,0.0,0,0.0,9,8238.839,0,0.0,27.11910907,38.4623327
2594.046,0,12499786,0,0.0,KUCUK_TICARETHANE,35-09-K01938,CIGLI,35,0,0,EGEKENT,0,0,1,0,0.0,5.0,0,0,0.0,0,0.0,1,2594.046,0,0.0,27.06135946,38.50566903
9120.883,0,12501202,0,0.0,ORTA_TICARETHANE,35-04-K04756,KARSIYAKA,35,0,0,LATIFE HANIM,0,0,1,0,0.0,15.6,0,0,0.0,0,0.0,1,9120.883,0,0.0,27.12134088,38.49904894
15561.929,0,12502763,0,0.0,KUCUK_TICARETHANE,35-04-K02313,KARSIYAKA,35,0,0,BOSTANLI,0,0,8,5,10537.394,5.41875,0,0,0.0,0,0.0,3,5024.535,0,0.0,27.10002191,38.45613769
12186.937,0,12504401,0,0.0,KUCUK_TICARETHANE,35-04-K00807,KARSIYAKA,35,0,0,BAHRIYE UCOK,0,0,8,5,7670.902,5.255,0,0,0.0,0,0.0,3,4516.035,0,0.0,27.10796927,38.45904115
8982.262,0,12504479,0,0.0,KUCUK_TICARETHANE,35-04-K02940,KARSIYAKA,35,0,0,SEMIKLER,0,0,1,0,0.0,5.06,0,0,0.0,0,0.0,1,8982.262,0,0.0,27.09652254,38.47708526
78086.023,0,12505844,0,0.0,ORTA_TICARETHANE,35-04-M01178,KARSIYAKA,35,0,0,YALI,0,0,13,9,19540.689,6.779230769230769,0,0,0.0,0,0.0,4,58545.334,0,0.0,27.08718138,38.47187267
66014.19,0,12506468,0,0.0,ORTA_TICARETHANE,35-04-M01041,KARSIYAKA,35,0,0,BAHCELIEVLER,0,0,1,0,0.0,15.01,0,0,0.0,0,0.0,1,66014.19,0,0.0,27.1130983,38.4684667
52146.09,0,12507365,0,0.0,ORTA_TICARETHANE,35-04-K00282,KARSIYAKA,35,0,0,AKSOY,0,0,1,0,0.0,69.258,0,0,0.0,0,0.0,1,52146.09,0,0.0,27.10933681,38.45366669
5138.05,0,12510250,0,0.0,KUCUK_TICARETHANE,35-04-M01026,KARSIYAKA,35,0,0,CUMHURIYET,0,0,2,1,1930.615,5.0,0,0,0.0,0,0.0,1,3207.435,0,0.0,27.09939368,38.48277906
52525.12,0,12514489,0,0.0,ORTA_TICARETHANE,35-04-K00133,KARSIYAKA,35,0,0,DONANMACI,0,0,1,0,0.0,8.35,0,0,0.0,0,0.0,1,52525.12,0,0.0,27.11929305,38.45561346
93150.049,0,12516335,0,0.0,ORTA_TICARETHANE,35-04-K03390,KARSIYAKA,35,0,0,YALI,0,0,13,9,30312.426,18.34,0,0,0.0,0,0.0,4,62837.623,0,0.0,27.08443201,38.4715268
40585.52,0,12518077,0,0.0,ORTA_TICARETHANE,35-04-K04188,KARSIYAKA,35,0,0,TUNA,0,0,2,0,0.0,5.586,0,0,0.0,0,0.0,2,40585.52,0,0.0,27.11882098,38.45865968
2832.82,0,12519377,0,0.0,KUCUK_TICARETHANE,35-04-M01180,KARSIYAKA,35,0,0,CUMHURIYET,0,0,2,1,2116.759,5.0,0,0,0.0,0,0.0,1,716.061,0,0.0,27.10326416,38.47679541
17922.056,0,12519494,0,0.0,KUCUK_TICARETHANE,35-04-K03850,KARSIYAKA,35,0,0,GONCALAR,0,0,13,9,15122.973,5.257692307692308,0,0,0.0,0,0.0,4,2799.083,0,0.0,27.10866728,38.46596885
98100.851,0,12520339,0,0.0,ORTA_TICARETHANE,35-04-K01360,KARSIYAKA,35,0,0,BAHRIYE UCOK,0,0,24,6,6477.111,6.000416666666666,0,0,0.0,0,0.0,18,91623.74,0,0.0,27.11417219,38.45882747
43916.224,0,12523784,0,0.0,ORTA_TICARETHANE,35-04-K02433,KARSIYAKA,35,0,0,DONANMACI,0,0,11,7,16685.485,5.507818181818181,0,0,0.0,0,0.0,4,27230.739,0,0.0,27.11649519,38.455948
33633.729,0,12524681,0,0.0,ORTA_TICARETHANE,35-04-K00692,KARSIYAKA,35,0,0,BAHARIYE,0,0,14,9,21234.941,5.0,0,0,0.0,0,0.0,5,12398.788,0,0.0,27.11759479,38.45904252
22867.41,0,12524746,0,0.0,ORTA_TICARETHANE,35-04-M01265,KARSIYAKA,35,0,0,ORNEKKOY,0,0,1,0,0.0,5.05,0,0,0.0,0,0.0,1,22867.41,0,0.0,27.11456369,38.47464907
60745.878,0,12525162,0,0.0,ORTA_TICARETHANE,35-04-M01468,KARSIYAKA,35,0,0,GONCALAR,0,0,19,13,37731.736000000004,7.117894736842106,0,0,0.0,0,0.0,6,23014.142,0,0.0,27.10921969,38.46585775
13951.04,0,12528997,0,0.0,ORTA_TICARETHANE,35-04-M01180,KARSIYAKA,35,0,0,IMBATLI,0,0,2,0,0.0,8.355,0,0,0.0,0,0.0,2,13951.04,0,0.0,27.10354743,38.47554106
16639.557,0,12530583,0,0.0,KUCUK_TICARETHANE,35-04-K03224,KARSIYAKA,35,0,0,DONANMACI,0,0,6,4,7073.883,6.126666666666666,0,0,0.0,0,0.0,2,9565.674,0,0.0,27.11824937,38.45494136
46319.989,0,12531155,0,0.0,ORTA_TICARETHANE,35-04-K00115,KARSIYAKA,35,0,0,GONCALAR,0,0,19,13,25835.101,5.543684210526315,0,0,0.0,0,0.0,6,20484.888,0,0.0,27.1053942,38.46411809
24653.023999999998,0,12532351,0,0.0,ORTA_TICARETHANE,35-04-K00833,KARSIYAKA,35,0,0,DONANMACI,0,0,8,5,8739.403,5.15,0,0,0.0,0,0.0,3,15913.621,0,0.0,27.11435932,38.45764814
6708.004,0,12532962,0,0.0,KUCUK_TICARETHANE,35-04-K00197,KARSIYAKA,35,0,0,SEMIKLER,0,0,3,1,107.863,5.0,0,0,0.0,0,0.0,2,6600.141,0,0.0,27.09465184,38.47150377
8968.208999999999,0,12532988,0,0.0,KUCUK_TICARETHANE,35-04-K03109,KARSIYAKA,35,0,0,ALAYBEY,0,0,6,4,8352.649,5.0,0,0,0.0,0,0.0,2,615.56,0,0.0,27.12490475,38.45820809
8381.025,0,12538329,0,0.0,KUCUK_TICARETHANE,35-04-M01360,KARSIYAKA,35,0,0,CUMHURIYET,0,0,3,2,3022.589,5.0,0,0,0.0,0,0.0,1,5358.436,0,0.0,27.09450801,38.4840775
16728.76,0,12540002,0,0.0,ORTA_TICARETHANE,35-04-M02777,KARSIYAKA,35,0,0,BOSTANLI,0,0,1,0,0.0,5.0,0,0,0.0,0,0.0,1,16728.76,0,0.0,27.09632437,38.45984155
41318.637,0,12541345,0,0.0,ORTA_TICARETHANE,35-09-K01464,CIGLI,35,0,0,KUCUK CIGLI,0,0,6,0,0.0,6.583333333333333,0,0,0.0,0,0.0,6,41318.637,0,0.0,27.05639179,38.49925842
12509.935,0,12541381,0,0.0,ORTA_TICARETHANE,35-09-M03520,CIGLI,35,0,0,ATASEHIR,0,0,2,0,0.0,5.0,0,0,0.0,0,0.0,2,12509.935,0,0.0,27.0630083,38.49369717
8581.551,0,12544226,0,0.0,KUCUK_TICARETHANE,35-09-M00209,CIGLI,35,0,0,HARMANDALI GAZI MUSTAFA KEMAL ATATURK,0,0,3,2,8485.193,8.336666666666666,0,0,0.0,0,0.0,1,96.358,0,0.0,27.05174844,38.53327025
2027.655,0,12544237,0,0.0,ORTA_TICARETHANE,35-04-K00308,KARSIYAKA,35,0,0,SEMIKLER,0,0,1,0,0.0,15.01,0,0,0.0,0,0.0,1,2027.655,0,0.0,27.08927463,38.48106362
3046.59,0,12544567,0,0.0,KUCUK_TICARETHANE,35-04-M02875,KARSIYAKA,35,0,0,ORNEKKOY,0,0,2,1,3041.335,6.15,0,0,0.0,0,0.0,1,5.255,0,0.0,27.10652708,38.48400699
8458.83,0,12552066,0,0.0,KUCUK_TICARETHANE,35-04-K03082,KARSIYAKA,35,0,0,ZUBEYDE HANIM,0,0,4,2,340.88800000000003,5.0,0,0,0.0,0,0.0,2,8117.942,0,0.0,27.11515935,38.49276391
1842.608,0,12553302,0,0.0,KUCUK_TICARETHANE,35-04-M01188,KARSIYAKA,35,0,0,DEDEBASI,0,0,2,1,1472.031,5.0,0,0,0.0,0,0.0,1,370.577,0,0.0,27.10321212,38.46700021
27126.505,0,12553446,0,0.0,ORTA_TICARETHANE,35-04-K03214,KARSIYAKA,35,0,0,DEDEBASI,0,0,6,3,6482.255,5.608333333333333,0,0,0.0,0,0.0,3,20644.25,0,0.0,27.10537132,38.47351176
22700.011000000002,0,12553758,0,0.0,ORTA_TICARETHANE,35-04-K01115,KARSIYAKA,35,0,0,ZUBEYDE HANIM,0,0,6,4,5734.950000000001,6.66,0,0,0.0,0,0.0,2,16965.061,0,0.0,27.11287341,38.49476559
6865.267,0,12553782,0,0.0,KUCUK_TICARETHANE,35-04-K03969,KARSIYAKA,35,0,0,ORNEKKOY,0,0,5,3,6794.798,6.736,0,0,0.0,0,0.0,2,70.469,0,0.0,27.11395276,38.47603994
4457.219,0,12555728,0,0.0,KUCUK_TICARETHANE,35-04-K04756,KARSIYAKA,35,0,0,LATIFE HANIM,0,0,1,0,0.0,8.2,0,0,0.0,0,0.0,1,4457.219,0,0.0,27.12089484,38.49987007
20842.949,0,12556088,0,0.0,ORTA_TICARETHANE,35-04-K00928,KARSIYAKA,35,0,0,TUNA,0,0,7,4,9722.581,5.957142857142857,0,0,0.0,0,0.0,3,11120.368,0,0.0,27.12064025,38.45788477
160.465,0,12556796,0,0.0,KUCUK_TICARETHANE,35-04-M01173,KARSIYAKA,35,0,0,ORNEKKOY,0,0,1,0,0.0,6.0,0,0,0.0,0,0.0,1,160.465,0,0.0,27.11069375,38.48098701
101601.7,0,12557840,0,0.0,ORTA_TICARETHANE,35-04-K04454,KARSIYAKA,35,0,0,TUNA,0,0,1,0,0.0,249.1,0,0,0.0,0,0.0,1,101601.7,0,0.0,27.12015787,38.45632301
14523.636,0,12559112,0,0.0,KUCUK_TICARETHANE,35-04-K01670,KARSIYAKA,35,0,0,ALAYBEY,0,0,9,5,7697.67,5.0,0,0,0.0,0,0.0,4,6825.966,0,0.0,27.12548042,38.45979462
7834.487999999999,0,12560240,0,0.0,KUCUK_TICARETHANE,35-04-K00115,KARSIYAKA,35,0,0,GONCALAR,0,0,2,0,0.0,5.95,0,0,0.0,0,0.0,2,7834.487999999999,0,0.0,27.10600121,38.46487886
7228.334,0,12565531,0,0.0,KUCUK_TICARETHANE,35-04-K04013,KARSIYAKA,35,0,0,CUMHURIYET,0,0,3,2,4709.646,7.333333333333333,0,0,0.0,0,0.0,1,2518.688,0,0.0,27.09015132,38.48164371
55.604,0,12565615,0,0.0,KUCUK_TICARETHANE,35-04-M02425,KARSIYAKA,35,0,0,SEMIKLER,0,0,1,0,0.0,5.0,0,0,0.0,0,0.0,1,55.604,0,0.0,27.10081621,38.4763345
4964.204,0,12566635,0,0.0,KUCUK_TICARETHANE,35-04-K01109,KARSIYAKA,35,0,0,TUNA,0,0,1,0,0.0,5.0,0,0,0.0,0,0.0,1,4964.204,0,0.0,27.1184782,38.45699898
59629.199,0,12569371,0,0.0,ORTA_TICARETHANE,35-04-K01316,KARSIYAKA,35,0,0,DONANMACI,0,0,15,0,0.0,5.446666666666667,0,0,0.0,0,0.0,15,59629.199,0,0.0,27.11791447,38.45631807
13059.130000000001,0,12570823,0,0.0,KUCUK_TICARETHANE,35-04-K03082,KARSIYAKA,35,0,0,LATIFE HANIM,0,0,4,2,8580.296,9.6825,0,0,0.0,0,0.0,2,4478.834000000001,0,0.0,27.1157283,38.4925843
24792.740999999998,0,12571075,0,0.0,KUCUK_TICARETHANE,35-04-K04188,KARSIYAKA,35,0,0,TUNA,0,0,16,8,18653.445,5.1275,0,0,0.0,0,0.0,8,6139.296,0,0.0,27.11873665,38.45814505
10489.331999999999,0,12575948,0,0.0,KUCUK_TICARETHANE,35-04-K00243,KARSIYAKA,35,0,0,CUMHURIYET,0,0,2,1,5734.919,5.0,0,0,0.0,0,0.0,1,4754.413,0,0.0,27.09732828,38.48309797
5390.5419999999995,0,12576116,0,0.0,KUCUK_TICARETHANE,35-04-M01755,KARSIYAKA,35,0,0,IMBATLI,0,0,3,2,3665.73,5.226666666666667,0,0,0.0,0,0.0,1,1724.812,0,0.0,27.10920247,38.47522597
24273.972,0,12576428,0,0.0,KUCUK_TICARETHANE,35-04-K03036,KARSIYAKA,35,0,0,DEDEBASI,0,0,13,9,17524.352,9.425384615384615,0,0,0.0,0,0.0,4,6749.620000000001,0,0.0,27.10849744,38.46822501
0.0,0,12578876,0,0.0,KUCUK_TICARETHANE,35-04-M02326,KARSIYAKA,35,0,0,ORNEKKOY,0,0,1,0,0.0,5.0,0,0,0.0,0,0.0,1,0.0,0,0.0,27.10992759,38.47684853
9124.094000000001,0,12579344,0,0.0,KUCUK_TICARETHANE,35-04-K00476,KARSIYAKA,35,0,0,BOSTANLI,0,0,5,3,7430.309,7.1626,0,0,0.0,0,0.0,2,1693.7849999999999,0,0.0,27.09408255,38.45776114
24654.885000000002,0,12585404,0,0.0,KUCUK_TICARETHANE,35-04-K01067,KARSIYAKA,35,0,0,BAHCELIEVLER,0,0,14,9,16545.231,5.957857142857143,0,0,0.0,0,0.0,5,8109.654,0,0.0,27.12319241,38.46566952
817.929,0,12586568,0,0.0,KUCUK_TICARETHANE,35-04-K04012,KARSIYAKA,35,0,0,ORNEKKOY,0,0,1,0,0.0,5.0,0,0,0.0,0,0.0,1,817.929,0,0.0,27.10369384,38.48559989
41443.432,0,12588248,0,0.0,ORTA_TICARETHANE,35-04-K03012,KARSIYAKA,35,0,0,IMBATLI,0,0,5,2,15205.967,5.0600000000000005,0,0,0.0,0,0.0,3,26237.465,0,0.0,27.11078794,38.47125861
3003.167,0,12591152,0,0.0,KUCUK_TICARETHANE,35-04-K01608,KARSIYAKA,35,0,0,CUMHURIYET,0,0,1,0,0.0,6.044,0,0,0.0,0,0.0,1,3003.167,0,0.0,27.09276797,38.47991504
5309.057,0,12595629,0,0.0,KUCUK_TICARETHANE,35-04-K03010,KARSIYAKA,35,0,0,YALI,0,0,1,0,0.0,5.0,0,0,0.0,0,0.0,1,5309.057,0,0.0,27.09071976,38.46729329
3588.17,0,12598053,0,0.0,KUCUK_TICARETHANE,35-04-K01608,KARSIYAKA,35,0,0,CUMHURIYET,0,0,1,0,0.0,5.0,0,0,0.0,0,0.0,1,3588.17,0,0.0,27.09720693,38.47813248
2616.014,0,12598919,0,0.0,KUCUK_TICARETHANE,35-09-K04390,CIGLI,35,0,0,ATATURK,0,0,1,0,0.0,8.35,0,0,0.0,0,0.0,1,2616.014,0,0.0,27.06166102,38.51806001
15157.002,0,12599651,0,0.0,KUCUK_TICARETHANE,,CIGLI,35,0,0,KOYICI,0,0,5,3,7451.967000000001,5.0,0,0,0.0,0,0.0,2,7705.035,0,0.0,27.06109056,38.49662532
12435.35,0,12600131,0,0.0,ORTA_TICARETHANE,35-09-M02465,CIGLI,35,0,0,KUCUK CIGLI,0,0,1,0,0.0,5.0,0,0,0.0,0,0.0,1,12435.35,0,0.0,27.04637131,38.50418924
47121.7,0,12601475,0,0.0,ORTA_TICARETHANE,35-09-M02348,CIGLI,35,0,0,KAKLIC,0,0,1,0,0.0,40.16,0,0,0.0,0,0.0,1,47121.7,0,0.0,26.99134859,38.50107219
18101.696,0,12602099,0,0.0,ORTA_TICARETHANE,35-09-K01480,CIGLI,35,0,0,YAKAKENT,0,0,2,1,1179.706,5.0,0,0,0.0,0,0.0,1,16921.99,0,0.0,27.07303012,38.50132055
5694.179,0,12602159,0,0.0,KUCUK_TICARETHANE,35-09-M01091,CIGLI,35,0,0,AHMET EFENDI,0,0,2,0,0.0,5.0,0,0,0.0,0,0.0,2,5694.179,0,0.0,27.03656234,38.5203873
10831.16,0,12603059,0,0.0,ORTA_TICARETHANE,35-09-M02348,CIGLI,35,0,0,KAKLIC,0,0,1,0,0.0,14.76,0,0,0.0,0,0.0,1,10831.16,0,0.0,26.99014124,38.49707279
50290.834,0,12603071,0,0.0,ORTA_TICARETHANE,,CIGLI,35,0,0,KUCUK CIGLI,0,0,2,1,3795.034,6.675,0,0,0.0,0,0.0,1,46495.8,0,0.0,27.06225203,38.49798474
10074.651,0,12605818,0,0.0,KUCUK_TICARETHANE,35-09-K01869,CIGLI,35,0,0,KUCUK CIGLI,0,0,2,1,1756.801,5.0,0,0,0.0,0,0.0,1,8317.85,0,0.0,27.04844491,38.50556203
20046.45,0,12605902,0,0.0,ORTA_TICARETHANE,35-04-K04756,KARSIYAKA,35,0,0,LATIFE HANIM,0,0,1,0,0.0,5.856,0,0,0.0,0,0.0,1,20046.45,0,0.0,27.12162708,38.49940703
5235.245,0,12609368,0,0.0,KUCUK_TICARETHANE,35-09-K04307,CIGLI,35,0,0,KOYICI,0,0,1,0,0.0,5.0,0,0,0.0,0,0.0,1,5235.245,0,0.0,27.06512258,38.49857977
2010.307,0,12609896,0,0.0,KUCUK_TICARETHANE,35-09-K04123,CIGLI,35,0,0,SIRINTEPE,0,0,2,1,2010.258,5.2,0,0,0.0,0,0.0,1,0.049,0,0.0,27.07037698,38.4938918
9027.207999999999,0,12610364,0,0.0,KUCUK_TICARETHANE,35-04-K00476,KARSIYAKA,35,0,0,BOSTANLI,0,0,5,3,3193.157,5.0,0,0,0.0,0,0.0,2,5834.0509999999995,0,0.0,27.09129666,38.45881743
14397.7,0,12611108,0,0.0,ORTA_TICARETHANE,35-04-K01109,KARSIYAKA,35,0,0,TUNA,0,0,1,0,0.0,15.0,0,0,0.0,0,0.0,1,14397.7,0,0.0,27.11769015,38.45652875
34454.203,0,12612044,0,0.0,ORTA_TICARETHANE,35-09-M00258,CIGLI,35,0,0,SASALLI MERKEZ,0,0,3,2,3147.7129999999997,5.0,0,0,0.0,0,0.0,1,31306.49,0,0.0,26.94976703,38.49180622
24643.416,0,12613304,0,0.0,KUCUK_TICARETHANE,35-04-K03102,KARSIYAKA,35,0,0,TERSANE,0,0,14,9,20569.177,5.478571428571429,0,0,0.0,0,0.0,5,4074.239,0,0.0,27.12348571,38.4610394
1527.149,0,12613892,0,0.0,KUCUK_TICARETHANE,35-09-M00447,CIGLI,35,0,0,SASALLI MERKEZ,0,0,1,0,0.0,5.0,0,0,0.0,0,0.0,1,1527.149,0,0.0,26.95030605,38.49500179
309565.13,0,12615440,0,0.0,ORTA_TICARETHANE,35-09-K03315,CIGLI,35,0,0,BALATCIK,0,0,3,0,0.0,119.98899999999999,0,0,0.0,0,0.0,3,309565.13,0,0.0,27.04701275,38.50727098
4645.796,0,12615668,0,0.0,KUCUK_TICARETHANE,35-09-K01870,CIGLI,35,0,0,KOYICI,0,0,4,2,2896.2509999999997,6.675,0,0,0.0,0,0.0,2,1749.545,0,0.0,27.06354709,38.49590416
31919.818,0,12618130,0,0.0,ORTA_TICARETHANE,35-04-K01316,KARSIYAKA,35,0,0,DONANMACI,0,0,7,2,6023.734,7.741428571428572,0,0,0.0,0,0.0,5,25896.084000000003,0,0.0,27.11739069,38.4546274
83030.921,0,12619522,0,0.0,ORTA_TICARETHANE,35-04-K00587,KARSIYAKA,35,0,0,BOSTANLI,0,0,17,9,24970.585,5.621176470588235,0,0,0.0,0,0.0,8,58060.336,0,0.0,27.09713051,38.45750781
3259.082,0,12629183,0,0.0,KUCUK_TICARETHANE,35-04-K04756,KARSIYAKA,35,0,0,LATIFE HANIM,0,0,1,0,0.0,8.964,0,0,0.0,0,0.0,1,3259.082,0,0.0,27.12099384,38.49911994
25143.209,0,12630995,0,0.0,KUCUK_TICARETHANE,35-04-K00037,KARSIYAKA,35,0,0,TERSANE,0,0,13,9,16711.168,5.257692307692308,0,0,0.0,0,0.0,4,8432.041000000001,0,0.0,27.1264009,38.46098218
37305.895000000004,0,12639012,0,0.0,ORTA_TICARETHANE,35-04-K03848,KARSIYAKA,35,0,0,YALI,0,0,10,6,17650.961,9.052,0,0,0.0,0,0.0,4,19654.934,0,0.0,27.09333286,38.46662669
57000.047,0,12639600,0,0.0,ORTA_TICARETHANE,35-04-K03058,KARSIYAKA,35,0,0,DEDEBASI,0,0,13,9,16895.743,5.515384615384615,0,0,0.0,0,0.0,4,40104.304,0,0.0,27.10558274,38.46948695
5749.849,0,12639612,0,0.0,KUCUK_TICARETHANE,35-09-K01878,CIGLI,35,0,0,YENI MAHALLE,0,0,3,2,4923.451,5.0,0,0,0.0,0,0.0,1,826.398,0,0.0,27.05686977,38.49333689
10847.634,0,12641039,0,0.0,KUCUK_TICARETHANE,35-09-M00257,CIGLI,35,0,0,SASALLI MERKEZ,0,0,4,2,4142.749,5.0,0,0,0.0,0,0.0,2,6704.885,0,0.0,26.95286408,38.49445282
4173.139,0,12642755,0,0.0,KUCUK_SANAYI,35-09-M01899,CIGLI,35,0,0,ATASEHIR,0,0,2,1,184.861,5.0,0,1,3988.278,0,0.0,0,0.0,0,0.0,27.06038413,38.49000588
4641.118,0,12642815,0,0.0,ORTA_TICARETHANE,35-09-K02499,CIGLI,35,0,0,AYDINLIKEVLER,0,0,1,0,0.0,17.72,0,0,0.0,0,0.0,1,4641.118,0,0.0,27.07934931,38.48793866
48437.993,0,12642971,0,0.0,ORTA_TICARETHANE,35-09-K01887,CIGLI,35,0,0,ATASEHIR,0,0,19,2,3747.191,6.813684210526316,0,0,0.0,0,0.0,17,44690.802,0,0.0,27.06832063,38.48971798
17246.313,0,12643391,0,0.0,ORTA_TICARETHANE,35-09-M00257,CIGLI,35,0,0,SASALLI MERKEZ,0,0,2,0,0.0,5.0,0,0,0.0,0,0.0,2,17246.313,0,0.0,26.95128664,38.49415407
699494.5,0,12645371,0,0.0,ORTA_TICARETHANE,35-09-M01950,CIGLI,35,0,0,MALTEPE,0,0,1,0,0.0,185.9,0,0,0.0,0,0.0,1,699494.5,0,0.0,27.07267587,38.48873828
45888.426999999996,0,12645491,0,0.0,ORTA_TICARETHANE,,CIGLI,35,0,0,KUCUK CIGLI,0,0,6,2,5207.549,8.436666666666666,0,0,0.0,0,0.0,4,40680.878000000004,0,0.0,27.06017155,38.49668531
4767.785,0,12645947,0,0.0,KUCUK_TICARETHANE,35-09-K02733,CIGLI,35,0,0,ATASEHIR,0,0,3,2,4534.05,7.32,0,0,0.0,0,0.0,1,233.735,0,0.0,27.06592172,38.48641304
3715.638,0,12646235,0,0.0,KUCUK_TICARETHANE,35-09-K01464,CIGLI,35,0,0,KUCUK CIGLI,0,0,1,0,0.0,14.84,0,0,0.0,0,0.0,1,3715.638,0,0.0,27.05611571,38.49942681
37796.484,0,12646991,0,0.0,ORTA_TICARETHANE,35-09-M02552,CIGLI,35,0,0,SIRINTEPE,0,0,13,8,17620.767,7.866923076923077,0,0,0.0,0,0.0,5,20175.717,0,0.0,27.06892123,38.49105128
1936.278,0,12647003,0,0.0,KUCUK_TICARETHANE,35-09-M02551,CIGLI,35,0,0,KOYICI,0,0,1,0,0.0,5.0,0,0,0.0,0,0.0,1,1936.278,0,0.0,27.06347488,38.49492755
7647.892,0,12647015,0,0.0,KUCUK_TICARETHANE,35-09-K02499,CIGLI,35,0,0,AYDINLIKEVLER,0,0,1,0,0.0,5.0,0,0,0.0,0,0.0,1,7647.892,0,0.0,27.08002805,38.48910796
6716.573,0,12648227,0,0.0,KUCUK_TICARETHANE,35-09-M00347,CIGLI,35,0,0,SASALLI MERKEZ,0,0,1,0,0.0,5.0,0,0,0.0,0,0.0,1,6716.573,0,0.0,26.94592535,38.49077011
874.703,0,12650869,0,0.0,KUCUK_TICARETHANE,35-09-M02552,CIGLI,35,0,0,SIRINTEPE,0,0,3,2,874.699,6.786666666666666,0,0,0.0,0,0.0,1,0.004,0,0.0,27.07099257,38.49296182
79018.298,0,12650881,0,0.0,ORTA_TICARETHANE,35-09-K03313,CIGLI,35,0,0,YENI MAHALLE,0,0,3,2,13595.938,14.213333333333333,0,0,0.0,0,0.0,1,65422.36,0,0.0,27.05320365,38.49336491
76799.512,0,12650977,0,0.0,ORTA_TICARETHANE,35-09-M02549,CIGLI,35,0,0,KUCUK CIGLI,0,0,6,0,0.0,23.87833333333333,0,0,0.0,0,0.0,6,76799.512,0,0.0,27.0453872,38.50121104
10654.601999999999,0,12653761,0,0.0,KUCUK_TICARETHANE,35-09-K01873,CIGLI,35,0,0,GUZELTEPE,0,0,3,2,5885.001,6.553333333333334,0,0,0.0,0,0.0,1,4769.601,0,0.0,27.07202294,38.49773657
65.185,0,12653869,0,0.0,KUCUK_TICARETHANE,35-09-M00447,CIGLI,35,0,0,SASALLI MERKEZ,0,0,1,0,0.0,5.0,0,0,0.0,0,0.0,1,65.185,0,0.0,26.95043219,38.49627461
4495.906,0,12657085,0,0.0,KUCUK_TICARETHANE,35-09-K04306,CIGLI,35,0,0,KUCUK CIGLI,0,0,3,2,4495.492,6.466666666666666,0,0,0.0,0,0.0,1,0.414,0,0.0,27.05916539,38.5001446
13824.676,0,12657193,0,0.0,KUCUK_TICARETHANE,35-04-K02900,KARSIYAKA,35,0,0,BAHARIYE,0,0,9,5,5678.696,5.0,0,0,0.0,0,0.0,4,8145.98,0,0.0,27.12142709,38.4621914
5567.496,0,12657602,0,0.0,KUCUK_TICARETHANE,35-04-K00928,KARSIYAKA,35,0,0,TUNA,0,0,5,3,3927.042,7.68,0,0,0.0,0,0.0,2,1640.454,0,0.0,27.12090653,38.45633778
97532.601,0,12658082,0,0.0,ORTA_TICARETHANE,35-04-K01990,KARSIYAKA,35,0,0,TUNA,0,0,6,4,14323.061,10.346666666666666,0,0,0.0,0,0.0,2,83209.54000000001,0,0.0,27.11952812,38.45588558
7537.288999999999,0,12660050,0,0.0,KUCUK_TICARETHANE,35-04-K01316,KARSIYAKA,35,0,0,DONANMACI,0,0,6,4,7162.794999999999,5.0,0,0,0.0,0,0.0,2,374.494,0,0.0,27.11763511,38.45601742
16103.466,0,12660110,0,0.0,ORTA_TICARETHANE,,KARSIYAKA,35,0,0,IMBATLI,0,0,3,0,0.0,5.0,0,0,0.0,0,0.0,3,16103.466,0,0.0,27.10917173,38.47298425
1452.974,0,12660434,0,0.0,KUCUK_TICARETHANE,35-04-M01180,KARSIYAKA,35,0,0,IMBATLI,0,0,1,0,0.0,5.0,0,0,0.0,0,0.0,1,1452.974,0,0.0,27.10384,38.47564008
59650.252,0,12664583,0,0.0,ORTA_TICARETHANE,35-04-K02900,KARSIYAKA,35,0,0,BAHARIYE,0,0,9,5,9153.444,5.416666666666667,0,0,0.0,0,0.0,4,50496.808000000005,0,0.0,27.12153254,38.46195115
39975.494,0,12665015,0,0.0,ORTA_TICARETHANE,35-04-K04128,KARSIYAKA,35,0,0,NERGIZ,0,0,11,7,13766.771999999999,9.226363636363637,0,0,0.0,0,0.0,4,26208.722,0,0.0,27.1056659,38.46090005
3378.759,0,12669298,0,0.0,KUCUK_TICARETHANE,35-04-M02875,KARSIYAKA,35,0,0,ORNEKKOY,0,0,2,1,1972.47,5.890000000000001,0,0,0.0,0,0.0,1,1406.289,0,0.0,27.10596829,38.48345408
36097.434,0,12670006,0,0.0,ORTA_TICARETHANE,35-04-K00928,KARSIYAKA,35,0,0,TUNA,0,0,13,8,23592.292999999998,5.257692307692308,0,0,0.0,0,0.0,5,12505.141,0,0.0,27.11997759,38.45814196
879.765,0,12672899,0,0.0,KUCUK_TICARETHANE,35-09-M00257,CIGLI,35,0,0,SASALLI MERKEZ,0,0,1,0,0.0,5.0,0,0,0.0,0,0.0,1,879.765,0,0.0,26.95267023,38.49465459
50754.219,0,12673523,0,0.0,ORTA_TICARETHANE,35-04-K00590,KARSIYAKA,35,0,0,BAHARIYE,0,0,16,10,30284.719,7.4575,0,0,0.0,0,0.0,6,20469.5,0,0.0,27.11606383,38.45833132
35686.784,0,12673535,0,0.0,ORTA_TICARETHANE,35-04-K01681,KARSIYAKA,35,0,0,TUNA,0,0,12,0,0.0,5.883333333333333,0,0,0.0,0,0.0,12,35686.784,0,0.0,27.11804958,38.45692847
23899.423,0,12673847,0,0.0,KUCUK_TICARETHANE,35-04-K01249,KARSIYAKA,35,0,0,BOSTANLI,0,0,13,9,21031.353,5.257692307692308,0,0,0.0,0,0.0,4,2868.0699999999997,0,0.0,27.10364917,38.4553865
68008.52799999999,0,12678527,0,0.0,ORTA_TICARETHANE,35-04-K01746,KARSIYAKA,35,0,0,DONANMACI,0,0,27,7,19214.672,5.496666666666666,0,0,0.0,0,0.0,20,48793.856,0,0.0,27.11646466,38.4557912
17138.64,0,12680219,0,0.0,ORTA_TICARETHANE,35-04-K01555,KARSIYAKA,35,0,0,DONANMACI,0,0,1,0,0.0,171.5,0,0,0.0,0,0.0,1,17138.64,0,0.0,27.11967,38.4552217
1260.889,0,12681803,0,0.0,KUCUK_TICARETHANE,35-04-K04756,KARSIYAKA,35,0,0,LATIFE HANIM,0,0,1,0,0.0,5.86,0,0,0.0,0,0.0,1,1260.889,0,0.0,27.12470659,38.49832672
5357.898999999999,0,12682931,0,0.0,KUCUK_TICARETHANE,35-04-M01027,KARSIYAKA,35,0,0,CUMHURIYET,0,0,3,2,4694.156,5.0,0,0,0.0,0,0.0,1,663.743,0,0.0,27.09704024,38.47959463
124372.661,0,12682955,0,0.0,ORTA_TICARETHANE,35-04-K01746,KARSIYAKA,35,0,0,DONANMACI,0,0,24,15,21656.335,5.357916666666667,0,0,0.0,0,0.0,9,102716.326,0,0.0,27.11516083,38.45749954
3687.624,0,12683363,0,0.0,KUCUK_TICARETHANE,35-04-M01027,KARSIYAKA,35,0,0,CUMHURIYET,0,0,2,1,3448.388,5.0,0,0,0.0,0,0.0,1,239.236,0,0.0,27.09760818,38.47905864
5615.788,0,12685595,0,0.0,KUCUK_TICARETHANE,35-04-K04756,KARSIYAKA,35,0,0,LATIFE HANIM,0,0,1,0,0.0,8.2,0,0,0.0,0,0.0,1,5615.788,0,0.0,27.12128688,38.49966201
70964.848,0,12688079,0,0.0,ORTA_TICARETHANE,35-04-K01433,KARSIYAKA,35,0,0,DEDEBASI,0,0,27,17,36141.92,5.704444444444444,0,0,0.0,0,0.0,10,34822.928,0,0.0,27.10605357,38.4664173
55670.53,0,12688259,0,0.0,ORTA_TICARETHANE,35-04-K00590,KARSIYAKA,35,0,0,BAHRIYE UCOK,0,0,2,0,0.0,88.531,0,0,0.0,0,0.0,2,55670.53,0,0.0,27.11365782,38.45799562
228.35,0,12689171,0,0.0,KUCUK_TICARETHANE,35-04-K04756,KARSIYAKA,35,0,0,LATIFE HANIM,0,0,1,0,0.0,7.892,0,0,0.0,0,0.0,1,228.35,0,0.0,27.12134016,38.49913093
10182.162,0,12689183,0,0.0,KUCUK_TICARETHANE,35-04-K00243,KARSIYAKA,35,0,0,CUMHURIYET,0,0,6,3,8918.725,8.966666666666667,0,0,0.0,0,0.0,3,1263.437,0,0.0,27.09659697,38.48353015
8470.298999999999,0,12689975,0,0.0,KUCUK_TICARETHANE,35-04-M02425,KARSIYAKA,35,0,0,SEMIKLER,0,0,3,2,5433.787,5.3999999999999995,0,0,0.0,0,0.0,1,3036.512,0,0.0,27.1003665,38.47510803
73162.848,0,12689999,0,0.0,ORTA_TICARETHANE,35-04-K02433,KARSIYAKA,35,0,0,DONANMACI,0,0,11,2,1027.313,5.913636363636363,0,0,0.0,0,0.0,9,72135.53499999999,0,0.0,27.11711434,38.45643582
16254.896,0,12696046,0,0.0,ORTA_TICARETHANE,35-04-M01265,KARSIYAKA,35,0,0,ORNEKKOY,0,0,5,3,4232.606,5.0,0,0,0.0,0,0.0,2,12022.29,0,0.0,27.11520469,38.47538629
38859.691,0,12696406,0,0.0,ORTA_TICARETHANE,35-09-M02547,CIGLI,35,0,0,KUCUK CIGLI,0,0,2,0,0.0,12.780000000000001,0,0,0.0,0,0.0,2,38859.691,0,0.0,27.04513292,38.49931525
7702.25,0,12699060,0,0.0,KUCUK_TICARETHANE,35-04-K01990,KARSIYAKA,35,0,0,TUNA,0,0,6,3,4487.799,5.0,0,0,0.0,0,0.0,3,3214.451,0,0.0,27.11985076,38.45678669
7149.053,0,12704052,0,0.0,KUCUK_TICARETHANE,35-04-K01746,KARSIYAKA,35,0,0,DONANMACI,0,0,1,0,0.0,5.0,0,0,0.0,0,0.0,1,7149.053,0,0.0,27.1153763,38.45742725
17462.239999999998,0,12707243,0,0.0,ORTA_TICARETHANE,35-04-K00215,KARSIYAKA,35,0,0,SEMIKLER,0,0,2,1,3175.51,5.0,0,0,0.0,0,0.0,1,14286.73,0,0.0,27.08958492,38.47804703
15990.117999999999,0,12722605,0,0.0,ORTA_TICARETHANE,35-04-K00277,KARSIYAKA,35,0,0,AKSOY,0,0,3,0,0.0,5.1433333333333335,0,0,0.0,0,0.0,3,15990.117999999999,0,0.0,27.10658874,38.45379981
1482.908,0,12727800,0,0.0,KUCUK_TICARETHANE,35-04-K04013,KARSIYAKA,35,0,0,CUMHURIYET,0,0,1,0,0.0,12.0,0,0,0.0,0,0.0,1,1482.908,0,0.0,27.08938573,38.48255822
165670.79,0,12728112,0,0.0,ORTA_TICARETHANE,35-04-K01760,KARSIYAKA,35,0,0,DONANMACI,0,0,4,0,0.0,8.77,0,0,0.0,0,0.0,4,165670.79,0,0.0,27.11835765,38.45604695
2409.4849999999997,0,12729996,0,0.0,KUCUK_TICARETHANE,35-04-K03082,KARSIYAKA,35,0,0,LATIFE HANIM,0,0,2,1,1377.904,7.63,0,0,0.0,0,0.0,1,1031.581,0,0.0,27.11606513,38.49068592
817.099,0,12736956,0,0.0,KUCUK_TICARETHANE,35-04-K02940,KARSIYAKA,35,0,0,SEMIKLER,0,0,1,0,0.0,5.0,0,0,0.0,0,0.0,1,817.099,0,0.0,27.09823027,38.47669035
1688.017,0,12740474,0,0.0,KUCUK_TICARETHANE,35-04-M02716,KARSIYAKA,35,0,0,IMBATLI,0,0,3,1,628.628,5.0,0,0,0.0,0,0.0,2,1059.389,0,0.0,27.10944635,38.4745732
21330.21,0,12741913,0,0.0,ORTA_TICARETHANE,35-04-K00115,KARSIYAKA,35,0,0,GONCALAR,0,0,3,0,0.0,5.0,0,0,0.0,0,0.0,3,21330.21,0,0.0,27.10567243,38.46495924
6900.503000000001,0,12742609,0,0.0,KUCUK_TICARETHANE,35-04-K01608,KARSIYAKA,35,0,0,CUMHURIYET,0,0,5,2,4867.423000000001,5.67,0,0,0.0,0,0.0,3,2033.08,0,0.0,27.09418646,38.4790861
9022.048999999999,0,12744793,0,0.0,KUCUK_TICARETHANE,35-04-K01608,KARSIYAKA,35,0,0,CUMHURIYET,0,0,3,2,6777.42,5.0,0,0,0.0,0,0.0,1,2244.629,0,0.0,27.09402885,38.47889402
19029.88,0,12745273,0,0.0,ORTA_TICARETHANE,35-04-K04131,KARSIYAKA,35,0,0,SEMIKLER,0,0,1,0,0.0,5.14,0,0,0.0,0,0.0,1,19029.88,0,0.0,27.0967654,38.4777111
18610.65,0,12745514,0,0.0,KUCUK_TICARETHANE,35-09-M00396,CIGLI,35,0,0,BALATCIK,0,0,3,2,17882.212,6.116666666666667,0,0,0.0,0,0.0,1,728.438,0,0.0,27.04045174,38.5080779
18765.226,0,12745874,0,0.0,ORTA_TICARETHANE,35-09-M00257,CIGLI,35,0,0,SASALLI MERKEZ,0,0,3,1,237.596,5.0,0,0,0.0,0,0.0,2,18527.63,0,0.0,26.95244322,38.49463978
3572.007,0,12746053,0,0.0,KUCUK_TICARETHANE,35-09-K01879,CIGLI,35,0,0,YENI MAHALLE,0,0,1,0,0.0,8.35,0,0,0.0,0,0.0,1,3572.007,0,0.0,27.05691032,38.49530615
58154.95,0,12747325,0,0.0,ORTA_TICARETHANE,35-09-M03520,CIGLI,35,0,0,ATASEHIR,0,0,1,0,0.0,15.01,0,0,0.0,0,0.0,1,58154.95,0,0.0,27.06330341,38.49293854
7909.737999999999,0,12747577,0,0.0,KUCUK_TICARETHANE,35-04-K02472,KARSIYAKA,35,0,0,ZUBEYDE HANIM,0,0,3,2,7074.915,6.833333333333333,0,0,0.0,0,0.0,1,834.823,0,0.0,27.11008915,38.49277234
7902.514,0,12748285,0,0.0,KUCUK_TICARETHANE,35-09-K04681,CIGLI,35,0,0,MALTEPE,0,0,3,2,1689.479,8.88,0,0,0.0,0,0.0,1,6213.035,0,0.0,27.07257125,38.49164888
5668.331,0,12748549,0,0.0,KUCUK_TICARETHANE,35-09-M01951,CIGLI,35,0,0,SIRINTEPE,0,0,3,2,4523.963,5.0,0,0,0.0,0,0.0,1,1144.368,0,0.0,27.07170622,38.49241548
9650.666000000001,0,12749437,0,0.0,KUCUK_TICARETHANE,35-09-K03322,CIGLI,35,0,0,YENI MAHALLE,0,0,3,1,6524.301,5.0,0,0,0.0,0,0.0,2,3126.365,0,0.0,27.05263827,38.49728256
15543.22,0,12749473,0,0.0,ORTA_TICARETHANE,35-09-M03520,CIGLI,35,0,0,ATASEHIR,0,0,1,0,0.0,15.43,0,0,0.0,0,0.0,1,15543.22,0,0.0,27.06340668,38.49291977
39018.909,0,12751885,0,0.0,ORTA_TICARETHANE,35-09-K03266,CIGLI,35,0,0,BALATCIK,0,0,12,7,14925.734,7.879166666666666,0,0,0.0,0,0.0,5,24093.175,0,0.0,27.04566317,38.51217166
48545.210999999996,0,12754345,0,0.0,ORTA_TICARETHANE,35-04-K04013,KARSIYAKA,35,0,0,CUMHURIYET,0,0,6,0,0.0,7.053333333333334,0,0,0.0,0,0.0,6,48545.210999999996,0,0.0,27.09223192,38.4806581
122708.75899999999,0,12755173,0,0.0,ORTA_TICARETHANE,35-09-M02547,CIGLI,35,0,0,KUCUK CIGLI,0,0,17,0,0.0,9.931764705882353,0,0,0.0,0,0.0,17,122708.75899999999,0,0.0,27.045644,38.49808137
7026.739,0,12756481,0,0.0,KUCUK_TICARETHANE,35-09-K04597,CIGLI,35,0,0,KUCUK CIGLI,0,0,6,4,4800.053,5.956666666666667,0,0,0.0,0,0.0,2,2226.6859999999997,0,0.0,27.05047145,38.50387491
4767.812,0,12759494,0,0.0,KUCUK_TICARETHANE,35-04-K00928,KARSIYAKA,35,0,0,TUNA,0,0,6,4,3414.897,9.76,0,0,0.0,0,0.0,2,1352.9150000000002,0,0.0,27.11869598,38.4581108
16550.867,0,12766045,0,0.0,ORTA_TICARETHANE,35-04-K04503,KARSIYAKA,35,0,0,ZUBEYDE HANIM,0,0,2,1,3760.367,5.0,0,0,0.0,0,0.0,1,12790.5,0,0.0,27.11448835,38.49134699
5207.026,0,12768456,0,0.0,KUCUK_TICARETHANE,35-09-K04124,CIGLI,35,0,0,AYDINLIKEVLER,0,0,3,2,4635.182,7.013333333333333,0,0,0.0,0,0.0,1,571.844,0,0.0,27.08141331,38.4915735
4514.427,0,12775051,0,0.0,KUCUK_TICARETHANE,35-09-M01950,CIGLI,35,0,0,MALTEPE,0,0,1,0,0.0,5.0,0,0,0.0,0,0.0,1,4514.427,0,0.0,27.07484336,38.48867588
2881.453,0,12775106,0,0.0,KUCUK_TICARETHANE,35-09-M03520,CIGLI,35,0,0,ATASEHIR,0,0,1,0,0.0,5.0,0,0,0.0,0,0.0,1,2881.453,0,0.0,27.06385011,38.49227237
69678.4,0,12775150,0,0.0,ORTA_TICARETHANE,35-09-K02668,CIGLI,35,0,0,ATASEHIR,0,0,1,0,0.0,98.312,0,0,0.0,0,0.0,1,69678.4,0,0.0,27.0612501,38.48464409
116487.1,0,12776811,0,0.0,ORTA_SANAYI,35-09-M00538,CIGLI,35,0,0,SASALLI MERKEZ,0,0,1,0,0.0,252.86,0,1,116487.1,0,0.0,0,0.0,0,0.0,26.94145265,38.50611416
19924.535,0,12777009,0,0.0,KUCUK_TICARETHANE,35-09-K04307,CIGLI,35,0,0,KOYICI,0,0,8,5,19479.586,7.275,0,0,0.0,0,0.0,3,444.949,0,0.0,27.06431014,38.49859486
24687.003,0,12777350,0,0.0,ORTA_TICARETHANE,35-09-K01866,CIGLI,35,0,0,KUCUK CIGLI,0,0,3,0,0.0,6.116666666666667,0,0,0.0,0,0.0,3,24687.003,0,0.0,27.05463476,38.50056283
3040.828,0,12777548,0,0.0,KUCUK_TICARETHANE,35-09-K03319,CIGLI,35,0,0,GUZELTEPE,0,0,3,2,2967.275,6.326666666666667,0,0,0.0,0,0.0,1,73.553,0,0.0,27.07259545,38.49856557
408.747,0,12779650,0,0.0,KUCUK_TICARETHANE,35-09-K03320,CIGLI,35,0,0,AYDINLIKEVLER,0,0,2,0,0.0,5.529999999999999,0,0,0.0,0,0.0,2,408.747,0,0.0,27.07972992,38.49168887
20050.996,0,12780717,0,0.0,ORTA_TICARETHANE,35-09-K01878,CIGLI,35,0,0,YENI MAHALLE,0,0,2,0,0.0,5.0,0,0,0.0,0,0.0,2,20050.996,0,0.0,27.05843191,38.49315085
7166.408,0,12784127,0,0.0,KUCUK_TICARETHANE,35-04-M02466,KARSIYAKA,35,0,0,CUMHURIYET,0,0,4,2,2731.758,7.8149999999999995,0,0,0.0,0,0.0,2,4434.650000000001,0,0.0,27.09911299,38.483074
9062.421,0,12785381,0,0.0,KUCUK_TICARETHANE,35-09-M00257,CIGLI,35,0,0,SASALLI MERKEZ,0,0,2,1,7553.903,5.0,0,0,0.0,0,0.0,1,1508.518,0,0.0,26.95150646,38.49454656
77934.35800000001,0,12788736,0,0.0,ORTA_TICARETHANE,35-09-K02537,CIGLI,35,0,0,ATASEHIR,0,0,8,0,0.0,7.6225,0,0,0.0,0,0.0,8,77934.35800000001,0,0.0,27.05495212,38.4815253
7457.933,0,12788857,0,0.0,KUCUK_TICARETHANE,35-09-K01871,CIGLI,35,0,0,KOYICI,0,0,6,4,6979.644,5.0,0,0,0.0,0,0.0,2,478.289,0,0.0,27.06760793,38.49738769
23233.838,0,12791387,0,0.0,ORTA_TICARETHANE,35-09-K01859,CIGLI,35,0,0,KUCUK CIGLI,0,0,8,0,0.0,5.49375,0,0,0.0,0,0.0,8,23233.838,0,0.0,27.04687611,38.50045567
7779.066,0,12793543,0,0.0,KUCUK_TICARETHANE,35-09-K02499,CIGLI,35,0,0,AYDINLIKEVLER,0,0,1,0,0.0,10.46,0,0,0.0,0,0.0,1,7779.066,0,0.0,27.07842196,38.49023011
48389.939,0,12795876,0,0.0,ORTA_TICARETHANE,35-04-K02316,KARSIYAKA,35,0,0,GONCALAR,0,0,14,9,18830.328,6.052142857142857,0,0,0.0,0,0.0,5,29559.611,0,0.0,27.10664932,38.46633508
38022.389,0,12797273,0,0.0,ORTA_TICARETHANE,35-04-K00928,KARSIYAKA,35,0,0,TUNA,0,0,9,5,12766.096,5.373333333333333,0,0,0.0,0,0.0,4,25256.293,0,0.0,27.12024636,38.45822868
85334.314,0,12801476,0,0.0,ORTA_TICARETHANE,35-09-K01866,CIGLI,35,0,0,KUCUK CIGLI,0,0,13,9,25847.356,7.111538461538462,0,0,0.0,0,0.0,4,59486.958,0,0.0,27.05558436,38.49952339
5193.25,0,12806811,0,0.0,KUCUK_TICARETHANE,35-09-K01874,CIGLI,35,0,0,YAKAKENT,0,0,2,0,0.0,5.0,0,0,0.0,0,0.0,2,5193.25,0,0.0,27.0758865,38.50230944
3110.726,0,12809693,0,0.0,KUCUK_TICARETHANE,,KARSIYAKA,35,0,0,DEMIRKOPRU,0,0,2,1,3110.708,5.0,0,0,0.0,0,0.0,1,0.018,0,0.0,27.0985336,38.46820468
66849.844,0,12813180,0,0.0,ORTA_TICARETHANE,35-04-M02441,KARSIYAKA,35,0,0,SEMIKLER,0,0,6,3,11375.394,6.675,0,0,0.0,0,0.0,3,55474.45,0,0.0,27.09441755,38.47837574
4776.315,0,12817571,0,0.0,KUCUK_TICARETHANE,35-09-M00257,CIGLI,35,0,0,SASALLI MERKEZ,0,0,3,1,2872.468,5.0,0,0,0.0,0,0.0,2,1903.847,0,0.0,26.95243857,38.49430122
12124.098,0,12818220,0,0.0,KUCUK_TICARETHANE,35-04-K00282,KARSIYAKA,35,0,0,AKSOY,0,0,8,5,10383.069,5.0,0,0,0.0,0,0.0,3,1741.029,0,0.0,27.10943759,38.45403581
11359.846,0,12818825,0,0.0,KUCUK_TICARETHANE,35-04-M01184,KARSIYAKA,35,0,0,FIKRI ALTAY,0,0,4,2,4240.006,5.0,0,0,0.0,0,0.0,2,7119.84,0,0.0,27.10178908,38.47454927
188256.993,0,12819056,0,0.0,ORTA_TICARETHANE,35-04-K04000,KARSIYAKA,35,0,0,ALAYBEY,0,0,10,4,12610.48,9.448,0,0,0.0,0,0.0,6,175646.513,0,0.0,27.12207279,38.46116366
27187.222,0,12823499,0,0.0,ORTA_TICARETHANE,35-04-K03214,KARSIYAKA,35,0,0,DEDEBASI,0,0,2,0,0.0,6.69,0,0,0.0,0,0.0,2,27187.222,0,0.0,27.10512037,38.47385481
6716.972,0,12828414,0,0.0,KUCUK_TICARETHANE,35-09-M02552,CIGLI,35,0,0,SIRINTEPE,0,0,2,1,3841.776,7.92,0,0,0.0,0,0.0,1,2875.196,0,0.0,27.06803148,38.49205364
18150.123,0,12831131,0,0.0,ORTA_TICARETHANE,35-04-K01681,KARSIYAKA,35,0,0,TUNA,0,0,7,3,7279.6810000000005,5.478571428571429,0,0,0.0,0,0.0,4,10870.442,0,0.0,27.11831436,38.45696228
46952.92,0,12832077,0,0.0,ORTA_TICARETHANE,35-09-M01452,CIGLI,35,0,0,HARMANDALI GAZI MUSTAFA KEMAL ATATURK,0,0,1,0,0.0,25.0,0,0,0.0,0,0.0,1,46952.92,0,0.0,27.0490478,38.53727571
4193.183,0,12833914,0,0.0,KUCUK_TICARETHANE,35-04-M01180,KARSIYAKA,35,0,0,CUMHURIYET,0,0,3,2,2878.2219999999998,8.336666666666666,0,0,0.0,0,0.0,1,1314.961,0,0.0,27.10307071,38.47682071
27848.759,0,12833969,0,0.0,ORTA_TICARETHANE,35-04-K01360,KARSIYAKA,35,0,0,BAHARIYE,0,0,12,8,14045.534,5.279166666666667,0,0,0.0,0,0.0,4,13803.225,0,0.0,27.11613737,38.45975298
461.447,0,12834112,0,0.0,KUCUK_TICARETHANE,35-04-K04503,KARSIYAKA,35,0,0,ZUBEYDE HANIM,0,0,1,0,0.0,5.0,0,0,0.0,0,0.0,1,461.447,0,0.0,27.114031,38.49220394
76787.56,0,12836225,0,0.0,ORTA_TICARETHANE,35-09-M02548,CIGLI,35,0,0,KUCUK CIGLI,0,0,8,0,0.0,8.8675,0,0,0.0,0,0.0,8,76787.56,0,0.0,27.04612465,38.50037838
54023.4,0,12836390,0,0.0,ORTA_TICARETHANE,35-09-M00258,CIGLI,35,0,0,SASALLI MERKEZ,0,0,1,0,0.0,5.04,0,0,0.0,0,0.0,1,54023.4,0,0.0,26.95210511,38.4916135
59696.221000000005,0,12846402,0,0.0,ORTA_TICARETHANE,35-04-K01433,KARSIYAKA,35,0,0,DEDEBASI,0,0,13,9,18671.293,5.533846153846154,0,0,0.0,0,0.0,4,41024.928,0,0.0,27.10708453,38.46737348
88093.495,0,12853827,0,0.0,ORTA_TICARETHANE,35-04-M02777,KARSIYAKA,35,0,0,BOSTANLI,0,0,15,9,13756.484,5.734666666666667,0,0,0.0,0,0.0,6,74337.011,0,0.0,27.09718535,38.45880831
24748.019,0,12885515,0,0.0,ORTA_TICARETHANE,35-04-K04188,KARSIYAKA,35,0,0,TUNA,0,0,8,4,7072.131,5.83875,0,0,0.0,0,0.0,4,17675.888,0,0.0,27.11822681,38.4586095
28778.101,0,12885614,0,0.0,ORTA_TICARETHANE,35-04-K01316,KARSIYAKA,35,0,0,DONANMACI,0,0,8,5,7792.375,5.0,0,0,0.0,0,0.0,3,20985.726,0,0.0,27.11714592,38.45504166
8140.402,0,12893458,0,0.0,KUCUK_TICARETHANE,35-04-K02428,KARSIYAKA,35,0,0,MAVISEHIR,0,0,2,1,7496.629,6.675,0,0,0.0,0,0.0,1,643.773,0,0.0,27.08202335,38.46926335
2265.031,0,12900004,0,0.0,KUCUK_TICARETHANE,35-04-K02940,KARSIYAKA,35,0,0,SEMIKLER,0,0,1,0,0.0,8.35,0,0,0.0,0,0.0,1,2265.031,0,0.0,27.09622722,38.47674312
35406.46,0,12905470,0,0.0,ORTA_TICARETHANE,35-04-K01109,KARSIYAKA,35,0,0,TUNA,0,0,1,0,0.0,15.4,0,0,0.0,0,0.0,1,35406.46,0,0.0,27.11759313,38.4565985
37238.597,0,12905525,0,0.0,ORTA_TICARETHANE,35-04-K02313,KARSIYAKA,35,0,0,BOSTANLI,0,0,17,10,25547.123,6.844705882352941,0,0,0.0,0,0.0,7,11691.473999999998,0,0.0,27.09970798,38.45649459
42968.607899999995,0,12905602,0,0.0,ORTA_TICARETHANE,35-04-K00692,KARSIYAKA,35,0,0,TUNA,0,0,20,0,0.0,5.83,0,0,0.0,0,0.0,20,42968.607899999995,0,0.0,27.11657149,38.45762866
11242.034,0,12907912,0,0.0,KUCUK_TICARETHANE,35-04-K01990,KARSIYAKA,35,0,0,TUNA,0,0,6,3,3339.933,5.558333333333334,0,0,0.0,0,0.0,3,7902.101000000001,0,0.0,27.11989519,38.45682642
46236.15,0,12926532,0,0.0,ORTA_TICARETHANE,35-09-M02551,CIGLI,35,0,0,KOYICI,0,0,2,0,0.0,5.0,0,0,0.0,0,0.0,2,46236.15,0,0.0,27.06301317,38.49356711
4174.121,0,12942817,0,0.0,ORTA_TICARETHANE,35-09-K02771,CIGLI,35,0,0,BALATCIK,0,0,1,0,0.0,19.55,0,0,0.0,0,0.0,1,4174.121,0,0.0,27.04955584,38.51166681
21730.236,0,12955596,0,0.0,ORTA_TICARETHANE,35-04-K01316,KARSIYAKA,35,0,0,DONANMACI,0,0,9,5,10200.289999999999,5.361111111111111,0,0,0.0,0,0.0,4,11529.946,0,0.0,27.11720688,38.45479695
19440.513,0,12963176,0,0.0,KUCUK_TICARETHANE,35-04-K03844,KARSIYAKA,35,0,0,TUNA,0,0,8,5,12641.508,5.0,0,0,0.0,0,0.0,3,6799.005,0,0.0,27.11868806,38.45759476
52142.28,0,12969095,0,0.0,ORTA_TICARETHANE,35-04-K01681,KARSIYAKA,35,0,0,TUNA,0,0,1,0,0.0,71.2,0,0,0.0,0,0.0,1,52142.28,0,0.0,27.11795698,38.45716052
1270.177,0,12971570,0,0.0,KUCUK_TICARETHANE,35-09-M00540,CIGLI,35,0,0,SASALLI MERKEZ,0,0,1,0,0.0,7.16,0,0,0.0,0,0.0,1,1270.177,0,0.0,26.94347811,38.49675753
2199.471,0,12971581,0,0.0,KUCUK_TICARETHANE,35-09-M00540,CIGLI,35,0,0,SASALLI MERKEZ,0,0,2,0,0.0,8.35,0,0,0.0,0,0.0,2,2199.471,0,0.0,26.94322827,38.4964145
0.0,0,12998198,0,0.0,KUCUK_TICARETHANE,35-04-K00587,KARSIYAKA,35,0,0,BOSTANLI,0,0,1,0,0.0,8.333,0,0,0.0,0,0.0,1,0.0,0,0.0,27.0980191,38.45633872
97411.76000000001,0,13004016,0,0.0,ORTA_TICARETHANE,35-04-M01180,KARSIYAKA,35,0,0,CUMHURIYET,0,0,24,1,2715.083,5.7683333333333335,0,0,0.0,0,0.0,23,94696.67700000001,0,0.0,27.10264019,38.47584368
16832.072,0,13004027,0,0.0,KUCUK_TICARETHANE,35-09-K01875,CIGLI,35,0,0,SIRINTEPE,0,0,10,5,7428.996,5.0,0,0,0.0,0,0.0,5,9403.076000000001,0,0.0,27.06547995,38.49249099
64510.25,0,13013817,0,0.0,ORTA_TICARETHANE,35-09-K01887,CIGLI,35,0,0,ATASEHIR,0,0,17,0,0.0,14.583117647058824,0,0,0.0,0,0.0,17,64510.25,0,0.0,27.06847832,38.48947062
3304.298,0,13022694,0,0.0,KUCUK_TICARETHANE,35-09-M00540,CIGLI,35,0,0,SASALLI MERKEZ,0,0,1,0,0.0,8.35,0,0,0.0,0,0.0,1,3304.298,0,0.0,26.94405972,38.49690478
6659.446,0,13022892,0,0.0,KUCUK_TICARETHANE,35-09-K02537,CIGLI,35,0,0,ATASEHIR,0,0,2,0,0.0,6.74,0,0,0.0,0,0.0,2,6659.446,0,0.0,27.05464392,38.48055893
29217.32,0,13022903,0,0.0,ORTA_TICARETHANE,35-09-M00540,CIGLI,35,0,0,SASALLI MERKEZ,0,0,1,0,0.0,14.24,0,0,0.0,0,0.0,1,29217.32,0,0.0,26.94454374,38.49630784
3771.445,0,13023665,0,0.0,ORTA_TICARETHANE,35-04-K00363,KARSIYAKA,35,0,0,TUNA,0,0,1,0,0.0,47.28,0,0,0.0,0,0.0,1,3771.445,0,0.0,27.12318789,38.45618955
5441.755,0,13088487,0,0.0,KUCUK_TICARETHANE,35-09-M00103,CIGLI,35,0,0,BALATCIK,0,0,3,2,4918.103,10.256666666666666,0,0,0.0,0,0.0,1,523.652,0,0.0,27.04099857,38.5161639
300.39,0,13088507,0,0.0,KUCUK_TICARETHANE,35-09-M02549,CIGLI,35,0,0,KUCUK CIGLI,0,0,1,0,0.0,7.9,0,0,0.0,0,0.0,1,300.39,0,0.0,27.04436712,38.50245203
19858.03,0,13088677,0,0.0,ORTA_TICARETHANE,35-04-K01316,KARSIYAKA,35,0,0,DONANMACI,0,0,5,3,6125.762,5.99,0,0,0.0,0,0.0,2,13732.268,0,0.0,27.11759125,38.4560438
116092.8,0,13100225,0,0.0,ORTA_TICARETHANE,35-04-K01109,KARSIYAKA,35,0,0,TUNA,0,0,1,0,0.0,190.0,0,0,0.0,0,0.0,1,116092.8,0,0.0,27.11798234,38.45637579
4315.062,0,13119985,0,0.0,ORTA_TICARETHANE,35-09-M01145,CIGLI,35,0,0,KAKLIC,0,0,1,0,0.0,29.97,0,0,0.0,0,0.0,1,4315.062,0,0.0,26.99258289,38.50433521
4818.202,0,13123925,0,0.0,KUCUK_TICARETHANE,35-04-K04756,KARSIYAKA,35,0,0,LATIFE HANIM,0,0,1,0,0.0,8.2,0,0,0.0,0,0.0,1,4818.202,0,0.0,27.12137904,38.50113803
1895.009,0,13123945,0,0.0,KUCUK_TICARETHANE,35-04-K04756,KARSIYAKA,35,0,0,LATIFE HANIM,0,0,1,0,0.0,8.2,0,0,0.0,0,0.0,1,1895.009,0,0.0,27.1214442,38.50081206
4228.373,0,13123955,0,0.0,KUCUK_TICARETHANE,35-04-K04756,KARSIYAKA,35,0,0,LATIFE HANIM,0,0,1,0,0.0,8.45,0,0,0.0,0,0.0,1,4228.373,0,0.0,27.12144492,38.50076304
1182.336,0,13123965,0,0.0,KUCUK_TICARETHANE,35-04-K04756,KARSIYAKA,35,0,0,LATIFE HANIM,0,0,1,0,0.0,8.7,0,0,0.0,0,0.0,1,1182.336,0,0.0,27.12145716,38.50071008
1288.532,0,13123975,0,0.0,KUCUK_TICARETHANE,35-04-K04756,KARSIYAKA,35,0,0,LATIFE HANIM,0,0,1,0,0.0,8.2,0,0,0.0,0,0.0,1,1288.532,0,0.0,27.12147084,38.5006009
2424.484,0,13123985,0,0.0,KUCUK_TICARETHANE,35-04-K04756,KARSIYAKA,35,0,0,LATIFE HANIM,0,0,1,0,0.0,5.0,0,0,0.0,0,0.0,1,2424.484,0,0.0,27.12145597,38.50054404
5965.083,0,13123995,0,0.0,KUCUK_TICARETHANE,35-04-K04756,KARSIYAKA,35,0,0,LATIFE HANIM,0,0,1,0,0.0,8.7,0,0,0.0,0,0.0,1,5965.083,0,0.0,27.12147516,38.50049596
1379.126,0,13132529,0,0.0,KUCUK_TICARETHANE,35-09-K01480,CIGLI,35,0,0,YAKAKENT,0,0,1,0,0.0,5.0,0,0,0.0,0,0.0,1,1379.126,0,0.0,27.07144732,38.5006471
4233.887,0,13132538,0,0.0,KUCUK_TICARETHANE,35-09-M03035,CIGLI,35,0,0,IZKENT,0,0,1,0,0.0,5.0,0,0,0.0,0,0.0,1,4233.887,0,0.0,27.064987,38.510805
7611.1359999999995,0,13136472,0,0.0,ORTA_TICARETHANE,35-09-M01447,CIGLI,35,0,0,ATASEHIR,0,0,2,0,0.0,21.76,0,0,0.0,0,0.0,2,7611.1359999999995,0,0.0,27.06931958,38.48027991
679.221,0,13136535,0,0.0,KUCUK_TICARETHANE,35-04-M01150,KARSIYAKA,35,0,0,ORNEKKOY,0,0,1,0,0.0,5.0,0,0,0.0,0,0.0,1,679.221,0,0.0,27.11458874,38.48053234
45252.991,0,13145267,0,0.0,ORTA_TICARETHANE,35-04-K03203,KARSIYAKA,35,0,0,BAHARIYE,0,0,16,10,24419.012,5.419375,0,0,0.0,0,0.0,6,20833.979,0,0.0,27.11892717,38.46146482
24979.02,0,13149547,0,0.0,ORTA_TICARETHANE,35-09-K01953,CIGLI,35,0,0,EVKA - 2,0,0,1,0,0.0,31.18,0,0,0.0,0,0.0,1,24979.02,0,0.0,27.08584435,38.49999725
231060.735,0,13150900,0,0.0,ORTA_TICARETHANE,35-09-M01383,CIGLI,35,0,0,BALATCIK,0,0,9,0,0.0,17.208000000000002,0,0,0.0,0,0.0,9,231060.735,0,0.0,27.03565704,38.51762272
15598.869999999999,0,13151397,0,0.0,ORTA_TICARETHANE,35-09-M01950,CIGLI,35,0,0,MALTEPE,0,0,3,0,0.0,11.073333333333332,0,0,0.0,0,0.0,3,15598.869999999999,0,0.0,27.07458638,38.48876673
5827.451,0,13151527,0,0.0,KUCUK_TICARETHANE,35-04-K01067,KARSIYAKA,35,0,0,BAHCELIEVLER,0,0,1,0,0.0,5.0,0,0,0.0,0,0.0,1,5827.451,0,0.0,27.12295141,38.46588308
2018.186,0,13152027,0,0.0,KUCUK_TICARETHANE,35-04-K04756,KARSIYAKA,35,0,0,LATIFE HANIM,0,0,2,0,0.0,8.5,0,0,0.0,0,0.0,2,2018.186,0,0.0,27.12326059,38.49859112
2319.5,0,13152037,0,0.0,KUCUK_TICARETHANE,35-04-K04756,KARSIYAKA,35,0,0,LATIFE HANIM,0,0,1,0,0.0,7.24,0,0,0.0,0,0.0,1,2319.5,0,0.0,27.12340404,38.498568
3399.532,0,13152047,0,0.0,KUCUK_TICARETHANE,35-04-K04756,KARSIYAKA,35,0,0,LATIFE HANIM,0,0,2,0,0.0,8.39,0,0,0.0,0,0.0,2,3399.532,0,0.0,27.12360243,38.49856235
17525.706,0,13152057,0,0.0,ORTA_TICARETHANE,35-04-K04756,KARSIYAKA,35,0,0,LATIFE HANIM,0,0,3,0,0.0,8.2,0,0,0.0,0,0.0,3,17525.706,0,0.0,27.12354095,38.4984214
2873.31,0,13152067,0,0.0,KUCUK_TICARETHANE,35-04-K04756,KARSIYAKA,35,0,0,LATIFE HANIM,0,0,1,0,0.0,8.2,0,0,0.0,0,0.0,1,2873.31,0,0.0,27.12339776,38.49842614
2076.24,0,13152077,0,0.0,KUCUK_TICARETHANE,35-04-K04756,KARSIYAKA,35,0,0,LATIFE HANIM,0,0,1,0,0.0,8.432,0,0,0.0,0,0.0,1,2076.24,0,0.0,27.12328325,38.49842994
202.091,0,13152087,0,0.0,KUCUK_TICARETHANE,35-04-K04756,KARSIYAKA,35,0,0,LATIFE HANIM,0,0,1,0,0.0,7.24,0,0,0.0,0,0.0,1,202.091,0,0.0,27.12316098,38.49842998
6429.961,0,13152097,0,0.0,KUCUK_TICARETHANE,35-04-K04756,KARSIYAKA,35,0,0,LATIFE HANIM,0,0,1,0,0.0,10.68,0,0,0.0,0,0.0,1,6429.961,0,0.0,27.12305799,38.49842702
7537.1,0,13152107,0,0.0,KUCUK_TICARETHANE,35-04-K04756,KARSIYAKA,35,0,0,LATIFE HANIM,0,0,2,0,0.0,5.18,0,0,0.0,0,0.0,2,7537.1,0,0.0,27.12293404,38.49843697
6453.675,0,13152127,0,0.0,KUCUK_TICARETHANE,35-04-K04756,KARSIYAKA,35,0,0,LATIFE HANIM,0,0,1,0,0.0,7.24,0,0,0.0,0,0.0,1,6453.675,0,0.0,27.12272004,38.49843699
25378.4851,0,13152297,0,0.0,KUCUK_TICARETHANE,35-04-K03229,KARSIYAKA,35,0,0,YALI,0,0,17,11,23447.7671,12.374117647058823,0,0,0.0,0,0.0,6,1930.718,0,0.0,27.09712533,38.46720011
21747.0,0,13152407,0,0.0,ORTA_TICARETHANE,35-09-K02537,CIGLI,35,0,0,ATASEHIR,0,0,1,0,0.0,98.84,0,0,0.0,0,0.0,1,21747.0,0,0.0,27.05449115,38.48034918
430542.2,0,13152627,0,0.0,BUYUK_SANAYI,35-09-K03315,CIGLI,35,0,0,BALATCIK,0,0,1,0,0.0,612.0,0,1,430542.2,0,0.0,0,0.0,0,0.0,27.04697128,38.5077252
48828.28,0,13154307,0,0.0,ORTA_TICARETHANE,35-09-M01447,CIGLI,35,0,0,ATASEHIR,0,0,1,0,0.0,22.78,0,0,0.0,0,0.0,1,48828.28,0,0.0,27.06893015,38.48026431
3117.03,0,13154417,0,0.0,KUCUK_TICARETHANE,35-04-K04756,KARSIYAKA,35,0,0,LATIFE HANIM,0,0,1,0,0.0,8.2,0,0,0.0,0,0.0,1,3117.03,0,0.0,27.12138912,38.50118705
1842.67,0,13154427,0,0.0,KUCUK_TICARETHANE,35-04-K04756,KARSIYAKA,35,0,0,LATIFE HANIM,0,0,1,0,0.0,8.2,0,0,0.0,0,0.0,1,1842.67,0,0.0,27.1213902,38.50108605
63609.11,0,13154567,0,0.0,ORTA_TICARETHANE,35-04-K01109,KARSIYAKA,35,0,0,TUNA,0,0,1,0,0.0,60.1,0,0,0.0,0,0.0,1,63609.11,0,0.0,27.11843996,38.45689451
21545.733,0,13154857,0,0.0,KUCUK_TICARETHANE,35-09-M01950,CIGLI,35,0,0,MALTEPE,0,0,2,1,13852.44,9.190000000000001,0,0,0.0,0,0.0,1,7693.293,0,0.0,27.07331216,38.48847216
4885.272,0,13156887,0,0.0,KUCUK_TICARETHANE,35-09-K04307,CIGLI,35,0,0,KOYICI,0,0,3,2,4632.901,10.65,0,0,0.0,0,0.0,1,252.371,0,0.0,27.0657828,38.49751925
6748.645,0,13156907,0,0.0,KUCUK_TICARETHANE,35-09-M02551,CIGLI,35,0,0,KOYICI,0,0,3,0,0.0,5.326666666666667,0,0,0.0,0,0.0,3,6748.645,0,0.0,27.06402197,38.49360581
8583.971,0,13158977,0,0.0,KUCUK_TICARETHANE,35-04-K04757,KARSIYAKA,35,0,0,LATIFE HANIM,0,0,1,0,0.0,8.8,0,0,0.0,0,0.0,1,8583.971,0,0.0,27.12478804,38.49882399
5192.549,0,13158987,0,0.0,KUCUK_TICARETHANE,35-04-K04757,KARSIYAKA,35,0,0,LATIFE HANIM,0,0,1,0,0.0,5.08,0,0,0.0,0,0.0,1,5192.549,0,0.0,27.124915,38.49880096
9407.203,0,13158997,0,0.0,KUCUK_TICARETHANE,35-04-K04757,KARSIYAKA,35,0,0,LATIFE HANIM,0,0,1,0,0.0,5.2,0,0,0.0,0,0.0,1,9407.203,0,0.0,27.12502798,38.49879102
3314.065,0,13160216,0,0.0,ORTA_TICARETHANE,35-09-M00540,CIGLI,35,0,0,SASALLI MERKEZ,0,0,1,0,0.0,23.08,0,0,0.0,0,0.0,1,3314.065,0,0.0,26.94342312,38.49703779
10728.788,0,13160549,0,0.0,KUCUK_TICARETHANE,35-04-K03975,KARSIYAKA,35,0,0,YALI,0,0,6,4,6773.452,5.558333333333334,0,0,0.0,0,0.0,2,3955.3360000000002,0,0.0,27.09304736,38.46852391
988.313,0,13160702,0,0.0,ORTA_TICARETHANE,35-09-M00540,CIGLI,35,0,0,SASALLI MERKEZ,0,0,1,0,0.0,17.8,0,0,0.0,0,0.0,1,988.313,0,0.0,26.94455872,38.49616537
351.709,0,13160711,0,0.0,KUCUK_TICARETHANE,35-09-M00540,CIGLI,35,0,0,SASALLI MERKEZ,0,0,1,0,0.0,8.35,0,0,0.0,0,0.0,1,351.709,0,0.0,26.94370143,38.49596708
24.143,0,13160846,0,0.0,KUCUK_TICARETHANE,35-09-M00540,CIGLI,35,0,0,SASALLI MERKEZ,0,0,1,0,0.0,8.35,0,0,0.0,0,0.0,1,24.143,0,0.0,26.94345652,38.49636554
10652.357,0,13162610,0,0.0,ORTA_TICARETHANE,35-09-K02537,CIGLI,35,0,0,ATASEHIR,0,0,2,0,0.0,24.69,0,0,0.0,0,0.0,2,10652.357,0,0.0,27.05462547,38.48155007
42443.04,0,13164473,0,0.0,ORTA_TICARETHANE,35-04-M01028,KARSIYAKA,35,0,0,IMBATLI,0,0,1,0,0.0,102.7,0,0,0.0,0,0.0,1,42443.04,0,0.0,27.10579506,38.47629534
2691.822,0,13164806,0,0.0,KUCUK_TICARETHANE,35-09-M00540,CIGLI,35,0,0,SASALLI MERKEZ,0,0,1,0,0.0,8.35,0,0,0.0,0,0.0,1,2691.822,0,0.0,26.9437948,38.49665136
7118.482,0,13165103,0,0.0,KUCUK_TICARETHANE,35-09-M01951,CIGLI,35,0,0,MALTEPE,0,0,3,1,2571.851,7.026666666666666,0,0,0.0,0,0.0,2,4546.630999999999,0,0.0,27.07147891,38.49247534
3710.993,0,13167606,0,0.0,KUCUK_TICARETHANE,35-04-K01735,KARSIYAKA,35,0,0,DEDEBASI,0,0,1,0,0.0,5.0,0,0,0.0,0,0.0,1,3710.993,0,0.0,27.10848989,38.47105656
190134.822,0,13167939,0,0.0,ORTA_TICARETHANE,35-04-K03390,KARSIYAKA,35,0,0,YALI,0,0,13,1,4858.291,25.51776923076923,0,0,0.0,0,0.0,12,185276.531,0,0.0,27.08361109,38.47200694
9049.536,0,13167957,0,0.0,KUCUK_TICARETHANE,35-04-M01643,KARSIYAKA,35,0,0,DEMIRKOPRU,0,0,2,1,5834.794,5.0,0,0,0.0,0,0.0,1,3214.742,0,0.0,27.09922012,38.46723772
23384.833,0,13168344,0,0.0,ORTA_TICARETHANE,35-04-M01584,KARSIYAKA,35,0,0,YALI,0,0,3,0,0.0,13.233333333333334,0,0,0.0,0,0.0,3,23384.833,0,0.0,27.08288063,38.47847081
39478.367,0,13169019,0,0.0,ORTA_TICARETHANE,35-09-K02537,CIGLI,35,0,0,ATASEHIR,0,0,2,0,0.0,59.205,0,0,0.0,0,0.0,2,39478.367,0,0.0,27.05336511,38.48049122
1685675.57,0,13170604,0,0.0,ORTA_TICARETHANE,35-04-M01584,KARSIYAKA,35,0,0,YALI,0,0,186,1,976.854,22.118247311827954,0,0,0.0,0,0.0,185,1684698.716,0,0.0,27.08283748,38.47849764
52096.579999999994,0,13170973,0,0.0,ORTA_TICARETHANE,35-09-K01878,CIGLI,35,0,0,YENI MAHALLE,0,0,5,0,0.0,9.814,0,0,0.0,0,0.0,5,52096.579999999994,0,0.0,27.05408889,38.49339782
155360.1,0,13170991,0,0.0,ORTA_TICARETHANE,35-09-K04221,CIGLI,35,0,0,SIRINTEPE,0,0,19,4,5480.694,11.784210526315789,0,0,0.0,0,0.0,15,149879.40600000002,0,0.0,27.06656208,38.49167309
94096.9,0,13171216,0,0.0,ORTA_TICARETHANE,35-04-K00590,KARSIYAKA,35,0,0,BAHRIYE UCOK,0,0,1,0,0.0,46.78,0,0,0.0,0,0.0,1,94096.9,0,0.0,27.1137983,38.45848
317264.3,0,13171225,0,0.0,ORTA_TICARETHANE,35-04-K00590,KARSIYAKA,35,0,0,BAHRIYE UCOK,0,0,1,0,0.0,241.5,0,0,0.0,0,0.0,1,317264.3,0,0.0,27.11422377,38.4582983
78617.91,0,13172017,0,0.0,ORTA_TICARETHANE,35-09-M01950,CIGLI,35,0,0,MALTEPE,0,0,1,0,0.0,60.51,0,0,0.0,0,0.0,1,78617.91,0,0.0,27.0726283,38.4888783
19374.09,0,13173106,0,0.0,ORTA_TICARETHANE,35-09-M01608,CIGLI,35,0,0,MALTEPE,0,0,1,0,0.0,8.37,0,0,0.0,0,0.0,1,19374.09,0,0.0,27.07591824,38.48825837
67654.868,0,13173376,0,0.0,ORTA_TICARETHANE,35-09-K04221,CIGLI,35,0,0,KOYICI,0,0,6,0,0.0,13.82,0,0,0.0,0,0.0,6,67654.868,0,0.0,27.06496742,38.4920131
5969.775,0,13173898,0,0.0,KUCUK_TICARETHANE,35-09-K02537,CIGLI,35,0,0,ATASEHIR,0,0,1,0,0.0,5.88,0,0,0.0,0,0.0,1,5969.775,0,0.0,27.05403145,38.48137814
94929.02,0,13173934,0,0.0,ORTA_TICARETHANE,35-09-K02537,CIGLI,35,0,0,ATASEHIR,0,0,5,0,0.0,17.974,0,0,0.0,0,0.0,5,94929.02,0,0.0,27.05340229,38.48146954
108134.825,0,13175986,0,0.0,ORTA_TICARETHANE,35-04-K01422,KARSIYAKA,35,0,0,SEMIKLER,0,0,19,10,39399.422,11.65157894736842,0,0,0.0,0,0.0,9,68735.403,0,0.0,27.09675704,38.46812099
7360.531,0,13176085,0,0.0,KUCUK_TICARETHANE,35-04-K04756,KARSIYAKA,35,0,0,LATIFE HANIM,0,0,1,0,0.0,7.884,0,0,0.0,0,0.0,1,7360.531,0,0.0,27.12249103,38.49861404
8280.848,0,13176094,0,0.0,KUCUK_TICARETHANE,35-04-K04756,KARSIYAKA,35,0,0,LATIFE HANIM,0,0,1,0,0.0,8.2,0,0,0.0,0,0.0,1,8280.848,0,0.0,27.12261492,38.49860998
2662.576,0,13176103,0,0.0,KUCUK_TICARETHANE,35-04-K04756,KARSIYAKA,35,0,0,LATIFE HANIM,0,0,2,0,0.0,8.2,0,0,0.0,0,0.0,2,2662.576,0,0.0,27.12272077,38.49858379
1674.718,0,13176112,0,0.0,KUCUK_TICARETHANE,35-04-K04756,KARSIYAKA,35,0,0,LATIFE HANIM,0,0,1,0,0.0,8.2,0,0,0.0,0,0.0,1,1674.718,0,0.0,27.12282408,38.49860097
1286.775,0,13176121,0,0.0,KUCUK_TICARETHANE,35-04-K04756,KARSIYAKA,35,0,0,LATIFE HANIM,0,0,1,0,0.0,8.7,0,0,0.0,0,0.0,1,1286.775,0,0.0,27.12295701,38.49860103
3058.622,0,13176130,0,0.0,KUCUK_TICARETHANE,35-04-K04756,KARSIYAKA,35,0,0,LATIFE HANIM,0,0,2,0,0.0,8.64,0,0,0.0,0,0.0,2,3058.622,0,0.0,27.12309872,38.49857567
2873.273,0,13176139,0,0.0,KUCUK_TICARETHANE,35-04-K04756,KARSIYAKA,35,0,0,LATIFE HANIM,0,0,2,0,0.0,8.64,0,0,0.0,0,0.0,2,2873.273,0,0.0,27.12318205,38.49858601
22068.89,0,13176157,0,0.0,ORTA_TICARETHANE,35-04-K04757,KARSIYAKA,35,0,0,LATIFE HANIM,0,0,1,0,0.0,46.875,0,0,0.0,0,0.0,1,22068.89,0,0.0,27.12549492,38.49980105
13677.82,0,13176166,0,0.0,ORTA_TICARETHANE,35-04-K04757,KARSIYAKA,35,0,0,LATIFE HANIM,0,0,1,0,0.0,42.96,0,0,0.0,0,0.0,1,13677.82,0,0.0,27.12508704,38.49985514
17734.66,0,13178407,0,0.0,ORTA_TICARETHANE,35-09-K02499,CIGLI,35,0,0,AYDINLIKEVLER,0,0,1,0,0.0,18.8,0,0,0.0,0,0.0,1,17734.66,0,0.0,27.07991171,38.48815677
2183.659,0,13178740,0,0.0,KUCUK_TICARETHANE,35-09-M00540,CIGLI,35,0,0,SASALLI MERKEZ,0,0,1,0,0.0,8.35,0,0,0.0,0,0.0,1,2183.659,0,0.0,26.94352315,38.49683874
142270.6,0,13179235,0,0.0,ORTA_TICARETHANE,35-04-M01473,KARSIYAKA,35,0,0,DEDEBASI,0,0,1,0,0.0,340.0,0,0,0.0,0,0.0,1,142270.6,0,0.0,27.10522827,38.47000376
331779.189,0,13179325,0,0.0,ORTA_TICARETHANE,35-04-M01724,KARSIYAKA,35,0,0,INONU,0,0,22,2,14872.58,20.019136363636363,0,0,0.0,0,0.0,20,316906.609,0,0.0,27.08933448,38.48682504
63613.249,0,13179964,0,0.0,ORTA_TICARETHANE,35-04-M00839,KARSIYAKA,35,0,0,MUSTAFA KEMAL,0,0,6,0,0.0,44.669999999999995,0,0,0.0,0,0.0,6,63613.249,0,0.0,27.09415928,38.50052413
100509.613,0,13180396,0,0.0,ORTA_TICARETHANE,35-09-K04221,CIGLI,35,0,0,SIRINTEPE,0,0,8,0,0.0,17.98775,0,0,0.0,0,0.0,8,100509.613,0,0.0,27.06595115,38.49175682
30646.99,0,13182034,0,0.0,ORTA_TICARETHANE,35-09-M01091,CIGLI,35,0,0,AHMET EFENDI,0,0,1,0,0.0,11.88,0,0,0.0,0,0.0,1,30646.99,0,0.0,27.03842009,38.51930029
94889.836,0,13182043,0,0.0,ORTA_TICARETHANE,35-09-M01091,CIGLI,35,0,0,AHMET EFENDI,0,0,2,0,0.0,41.65,0,0,0.0,0,0.0,2,94889.836,0,0.0,27.03799884,38.51974712
72333.88,0,13182124,0,0.0,ORTA_TICARETHANE,35-04-K04757,KARSIYAKA,35,0,0,LATIFE HANIM,0,0,1,0,0.0,87.02,0,0,0.0,0,0.0,1,72333.88,0,0.0,27.12367004,38.500054
13230.67,0,13182133,0,0.0,ORTA_TICARETHANE,35-04-K04757,KARSIYAKA,35,0,0,LATIFE HANIM,0,0,1,0,0.0,5.0,0,0,0.0,0,0.0,1,13230.67,0,0.0,27.12379502,38.50003503
2744.374,0,13182142,0,0.0,KUCUK_TICARETHANE,35-04-K04757,KARSIYAKA,35,0,0,LATIFE HANIM,0,0,1,0,0.0,5.0,0,0,0.0,0,0.0,1,2744.374,0,0.0,27.12390299,38.50001798
5885.868,0,13182151,0,0.0,KUCUK_TICARETHANE,35-04-K04757,KARSIYAKA,35,0,0,LATIFE HANIM,0,0,1,0,0.0,5.0,0,0,0.0,0,0.0,1,5885.868,0,0.0,27.12401896,38.499981
2168.672,0,13182160,0,0.0,KUCUK_TICARETHANE,35-04-K04757,KARSIYAKA,35,0,0,LATIFE HANIM,0,0,1,0,0.0,5.0,0,0,0.0,0,0.0,1,2168.672,0,0.0,27.12413102,38.49998602
2194.785,0,13182169,0,0.0,KUCUK_TICARETHANE,35-04-K04757,KARSIYAKA,35,0,0,LATIFE HANIM,0,0,1,0,0.0,5.0,0,0,0.0,0,0.0,1,2194.785,0,0.0,27.12423701,38.49997302
16821.19,0,13182178,0,0.0,ORTA_TICARETHANE,35-04-K04757,KARSIYAKA,35,0,0,LATIFE HANIM,0,0,2,0,0.0,8.690000000000001,0,0,0.0,0,0.0,2,16821.19,0,0.0,27.12435899,38.49991099
92127.44,0,13184428,0,0.0,ORTA_TICARETHANE,35-04-K04757,KARSIYAKA,35,0,0,LATIFE HANIM,0,0,1,0,0.0,208.672,0,0,0.0,0,0.0,1,92127.44,0,0.0,27.12588964,38.49971388
135220.404,0,13186255,0,0.0,ORTA_TICARETHANE,35-09-M01091,CIGLI,35,0,0,AHMET EFENDI,0,0,7,0,0.0,9.195714285714287,0,0,0.0,0,0.0,7,135220.404,0,0.0,27.03691773,38.51938579
9601.101,0,13186975,0,0.0,ORTA_TICARETHANE,35-09-K03266,CIGLI,35,0,0,BALATCIK,0,0,1,0,0.0,20.68,0,0,0.0,0,0.0,1,9601.101,0,0.0,27.04758095,38.51179211
21972.195,0,13187200,0,0.0,ORTA_TICARETHANE,35-09-M00396,CIGLI,35,0,0,BALATCIK,0,0,2,1,2637.155,9.175,0,0,0.0,0,0.0,1,19335.04,0,0.0,27.04021375,38.50785418
6576.7880000000005,0,13188640,0,0.0,KUCUK_TICARETHANE,35-09-K02537,CIGLI,35,0,0,ATASEHIR,0,0,2,0,0.0,7.115,0,0,0.0,0,0.0,2,6576.7880000000005,0,0.0,27.05421435,38.48101679
551.196,0,13188721,0,0.0,KUCUK_TICARETHANE,35-04-K04756,KARSIYAKA,35,0,0,LATIFE HANIM,0,0,1,0,0.0,8.2,0,0,0.0,0,0.0,1,551.196,0,0.0,27.1214118,38.50102801
3037.206,0,13188730,0,0.0,KUCUK_TICARETHANE,35-04-K04756,KARSIYAKA,35,0,0,LATIFE HANIM,0,0,1,0,0.0,8.2,0,0,0.0,0,0.0,1,3037.206,0,0.0,27.12141612,38.50097899
1960.654,0,13188748,0,0.0,KUCUK_TICARETHANE,35-04-K04756,KARSIYAKA,35,0,0,LATIFE HANIM,0,0,1,0,0.0,8.2,0,0,0.0,0,0.0,1,1960.654,0,0.0,27.12146112,38.50065401
319.301,0,13188757,0,0.0,KUCUK_TICARETHANE,35-04-K04756,KARSIYAKA,35,0,0,LATIFE HANIM,0,0,1,0,0.0,8.54,0,0,0.0,0,0.0,1,319.301,0,0.0,27.12147603,38.50043797
5727.436,0,13189063,0,0.0,KUCUK_TICARETHANE,35-04-M01180,KARSIYAKA,35,0,0,CUMHURIYET,0,0,3,2,3953.411,5.0,0,0,0.0,0,0.0,1,1774.025,0,0.0,27.10456678,38.47970906
65.949,0,13191611,0,0.0,KUCUK_TICARETHANE,35-09-M00540,CIGLI,35,0,0,SASALLI MERKEZ,0,0,1,0,0.0,5.34,0,0,0.0,0,0.0,1,65.949,0,0.0,26.9426019,38.49660461
11.135,0,13191620,0,0.0,KUCUK_TICARETHANE,35-09-M00540,CIGLI,35,0,0,SASALLI MERKEZ,0,0,1,0,0.0,6.62,0,0,0.0,0,0.0,1,11.135,0,0.0,26.94281796,38.49661408
1653.674,0,13193915,0,0.0,KUCUK_TICARETHANE,35-09-M00540,CIGLI,35,0,0,SASALLI MERKEZ,0,0,1,0,0.0,8.35,0,0,0.0,0,0.0,1,1653.674,0,0.0,26.94374409,38.49631689
5106.665,0,13195166,0,0.0,KUCUK_TICARETHANE,35-09-M00540,CIGLI,35,0,0,SASALLI MERKEZ,0,0,1,0,0.0,8.35,0,0,0.0,0,0.0,1,5106.665,0,0.0,26.94365952,38.49665055
18376.3,0,13200629,0,0.0,ORTA_TICARETHANE,35-04-K01692,KARSIYAKA,35,0,0,NERGIZ,0,0,1,0,0.0,8.35,0,0,0.0,0,0.0,1,18376.3,0,0.0,27.10463916,38.46259246
1585.752,0,13204103,0,0.0,KUCUK_TICARETHANE,35-09-M00540,CIGLI,35,0,0,SASALLI MERKEZ,0,0,1,0,0.0,8.35,0,0,0.0,0,0.0,1,1585.752,0,0.0,26.94362408,38.49603977
1646.36,0,13204940,0,0.0,ORTA_TICARETHANE,35-09-M00540,CIGLI,35,0,0,SASALLI MERKEZ,0,0,1,0,0.0,22.44,0,0,0.0,0,0.0,1,1646.36,0,0.0,26.94422545,38.49585615
53606.72,0,13205967,0,0.0,ORTA_TICARETHANE,35-09-M02551,CIGLI,35,0,0,KOYICI,0,0,1,0,0.0,19.223,0,0,0.0,0,0.0,1,53606.72,0,0.0,27.06373977,38.49358697
30511.18,0,13205976,0,0.0,ORTA_TICARETHANE,35-09-K02537,CIGLI,35,0,0,ATASEHIR,0,0,4,0,0.0,9.5725,0,0,0.0,0,0.0,4,30511.18,0,0.0,27.05400041,38.48015697
5792.271,0,13207092,0,0.0,KUCUK_TICARETHANE,35-09-K02537,CIGLI,35,0,0,ATASEHIR,0,0,1,0,0.0,8.35,0,0,0.0,0,0.0,1,5792.271,0,0.0,27.05411258,38.48144553
7815.0869999999995,0,13208352,0,0.0,KUCUK_TICARETHANE,35-09-K02537,CIGLI,35,0,0,ATASEHIR,0,0,3,0,0.0,7.723333333333334,0,0,0.0,0,0.0,3,7815.0869999999995,0,0.0,27.0534875,38.4810442
1181.938,0,13208361,0,0.0,KUCUK_TICARETHANE,35-09-M00540,CIGLI,35,0,0,SASALLI MERKEZ,0,0,1,0,0.0,5.5,0,0,0.0,0,0.0,1,1181.938,0,0.0,26.94338297,38.49648301
7903.32,0,13208379,0,0.0,ORTA_TICARETHANE,35-09-M00540,CIGLI,35,0,0,SASALLI MERKEZ,0,0,1,0,0.0,98.64,0,0,0.0,0,0.0,1,7903.32,0,0.0,26.94443627,38.49621976
4387.922,0,13208802,0,0.0,KUCUK_TICARETHANE,35-09-M00540,CIGLI,35,0,0,SASALLI MERKEZ,0,0,1,0,0.0,7.16,0,0,0.0,0,0.0,1,4387.922,0,0.0,26.94362738,38.49590323
1166.398,0,13209144,0,0.0,KUCUK_TICARETHANE,35-09-K02537,CIGLI,35,0,0,ATASEHIR,0,0,1,0,0.0,8.35,0,0,0.0,0,0.0,1,1166.398,0,0.0,27.05334355,38.48059592
2172.135,0,13209180,0,0.0,KUCUK_TICARETHANE,35-09-M00540,CIGLI,35,0,0,SASALLI MERKEZ,0,0,1,0,0.0,6.18,0,0,0.0,0,0.0,1,2172.135,0,0.0,26.94305619,38.49668178
1666.533,0,13209189,0,0.0,KUCUK_TICARETHANE,35-09-M00540,CIGLI,35,0,0,SASALLI MERKEZ,0,0,1,0,0.0,5.0,0,0,0.0,0,0.0,1,1666.533,0,0.0,26.94308795,38.4967642
64518.439999999995,0,13209495,0,0.0,ORTA_TICARETHANE,35-09-K02537,CIGLI,35,0,0,ATASEHIR,0,0,8,0,0.0,10.98875,0,0,0.0,0,0.0,8,64518.439999999995,0,0.0,27.0541324,38.4810744
32081.345,0,13209522,0,0.0,ORTA_TICARETHANE,35-09-K03481,CIGLI,35,0,0,ATASEHIR,0,0,5,3,8603.495,10.24,0,0,0.0,0,0.0,2,23477.85,0,0.0,27.05497715,38.48616676
1659.203,0,13210340,0,0.0,KUCUK_TICARETHANE,35-09-M00540,CIGLI,35,0,0,SASALLI MERKEZ,0,0,1,0,0.0,8.58,0,0,0.0,0,0.0,1,1659.203,0,0.0,26.94427634,38.49679795
5553.702,0,13210907,0,0.0,KUCUK_TICARETHANE,35-09-M00540,CIGLI,35,0,0,SASALLI MERKEZ,0,0,1,0,0.0,5.2,0,0,0.0,0,0.0,1,5553.702,0,0.0,26.94433526,38.49587945
5057.554,0,13210916,0,0.0,KUCUK_TICARETHANE,35-09-K02537,CIGLI,35,0,0,ATASEHIR,0,0,1,0,0.0,9.66,0,0,0.0,0,0.0,1,5057.554,0,0.0,27.0538524,38.48124831
1387.824,0,13211492,0,0.0,ORTA_TICARETHANE,35-09-K02537,CIGLI,35,0,0,ATASEHIR,0,0,1,0,0.0,30.84,0,0,0.0,0,0.0,1,1387.824,0,0.0,27.05429623,38.48073592
12611.86,0,13212131,0,0.0,ORTA_TICARETHANE,35-09-M00540,CIGLI,35,0,0,SASALLI MERKEZ,0,0,1,0,0.0,8.35,0,0,0.0,0,0.0,1,12611.86,0,0.0,26.94397141,38.49653343
7423.806,0,13212158,0,0.0,KUCUK_TICARETHANE,35-09-M00540,CIGLI,35,0,0,SASALLI MERKEZ,0,0,1,0,0.0,8.58,0,0,0.0,0,0.0,1,7423.806,0,0.0,26.94426507,38.49608675
25849.481,0,13217674,0,0.0,ORTA_TICARETHANE,35-09-K02537,CIGLI,35,0,0,ATASEHIR,0,0,6,0,0.0,6.6883333333333335,0,0,0.0,0,0.0,6,25849.481,0,0.0,27.05476243,38.48083518
1.319,0,13218997,0,0.0,KUCUK_TICARETHANE,35-09-M00540,CIGLI,35,0,0,SASALLI MERKEZ,0,0,1,0,0.0,8.35,0,0,0.0,0,0.0,1,1.319,0,0.0,26.94427634,38.49679795
44.437,0,13219546,0,0.0,KUCUK_TICARETHANE,35-09-M00540,CIGLI,35,0,0,SASALLI MERKEZ,0,0,1,0,0.0,5.0,0,0,0.0,0,0.0,1,44.437,0,0.0,26.94427634,38.49679795
38.862,0,13219834,0,0.0,KUCUK_TICARETHANE,35-09-M00540,CIGLI,35,0,0,SASALLI MERKEZ,0,0,1,0,0.0,8.35,0,0,0.0,0,0.0,1,38.862,0,0.0,26.94392561,38.49628531
39.985,0,13219843,0,0.0,KUCUK_TICARETHANE,35-09-M00540,CIGLI,35,0,0,SASALLI MERKEZ,0,0,1,0,0.0,8.42,0,0,0.0,0,0.0,1,39.985,0,0.0,26.94431897,38.49627562
1719.369,0,13224658,0,0.0,ORTA_TICARETHANE,35-09-M00540,CIGLI,35,0,0,SASALLI MERKEZ,0,0,1,0,0.0,22.28,0,0,0.0,0,0.0,1,1719.369,0,0.0,26.94462669,38.49615969
5505.145,0,13224667,0,0.0,KUCUK_TICARETHANE,35-09-M00540,CIGLI,35,0,0,SASALLI MERKEZ,0,0,2,0,0.0,7.755,0,0,0.0,0,0.0,2,5505.145,0,0.0,26.94373444,38.49601176
2373.166,0,13225602,0,0.0,KUCUK_TICARETHANE,35-09-M00540,CIGLI,35,0,0,SASALLI MERKEZ,0,0,1,0,0.0,6.43,0,0,0.0,0,0.0,1,2373.166,0,0.0,26.94361774,38.4968214
4488.086,0,13233855,0,0.0,KUCUK_TICARETHANE,35-04-K03022,KARSIYAKA,35,0,0,YALI,0,0,2,1,4127.385,8.35,0,0,0.0,0,0.0,1,360.701,0,0.0,27.08902922,38.47556868
67767.985,0,13240607,0,0.0,ORTA_TICARETHANE,35-04-K03083,KARSIYAKA,35,0,0,FIKRI ALTAY,0,0,19,12,34769.553,10.51157894736842,0,0,0.0,0,0.0,7,32998.432,0,0.0,27.09976003,38.47287171
2203.395,0,13240733,0,0.0,KUCUK_TICARETHANE,35-09-M00540,CIGLI,35,0,0,SASALLI MERKEZ,0,0,1,0,0.0,7.905,0,0,0.0,0,0.0,1,2203.395,0,0.0,26.94320316,38.49681398
2677.277,0,13240742,0,0.0,ORTA_TICARETHANE,35-09-M00540,CIGLI,35,0,0,SASALLI MERKEZ,0,0,1,0,0.0,18.6,0,0,0.0,0,0.0,1,2677.277,0,0.0,26.94289425,38.49633169
50675.3,0,13244575,0,0.0,ORTA_TICARETHANE,35-09-K02537,CIGLI,35,0,0,ATASEHIR,0,0,1,0,0.0,8.35,0,0,0.0,0,0.0,1,50675.3,0,0.0,27.05420706,38.48128585
2920.81,0,13244584,0,0.0,KUCUK_TICARETHANE,35-09-K02537,CIGLI,35,0,0,ATASEHIR,0,0,1,0,0.0,8.35,0,0,0.0,0,0.0,1,2920.81,0,0.0,27.05404445,38.48121398
101.509,0,13244692,0,0.0,KUCUK_TICARETHANE,35-09-M00540,CIGLI,35,0,0,SASALLI MERKEZ,0,0,1,0,0.0,7.08,0,0,0.0,0,0.0,1,101.509,0,0.0,26.94433526,38.49587945
2044.738,0,13244746,0,0.0,KUCUK_TICARETHANE,35-09-M00540,CIGLI,35,0,0,SASALLI MERKEZ,0,0,1,0,0.0,7.16,0,0,0.0,0,0.0,1,2044.738,0,0.0,26.94401396,38.4959049
0.002,0,13244755,0,0.0,KUCUK_TICARETHANE,35-09-M00540,CIGLI,35,0,0,SASALLI MERKEZ,0,0,1,0,0.0,8.35,0,0,0.0,0,0.0,1,0.002,0,0.0,26.94409725,38.49590796
5780.175,0,13244972,0,0.0,ORTA_TICARETHANE,35-09-K02537,CIGLI,35,0,0,ATASEHIR,0,0,1,0,0.0,16.19,0,0,0.0,0,0.0,1,5780.175,0,0.0,27.05488869,38.48053322
4305.849,0,13247078,0,0.0,KUCUK_TICARETHANE,35-09-K02537,CIGLI,35,0,0,ATASEHIR,0,0,1,0,0.0,5.6,0,0,0.0,0,0.0,1,4305.849,0,0.0,27.05343853,38.48048033
120551.0,0,13247699,0,0.0,ORTA_TICARETHANE,35-04-K01109,KARSIYAKA,35,0,0,TUNA,0,0,1,0,0.0,142.1,0,0,0.0,0,0.0,1,120551.0,0,0.0,27.11828,38.4557717
0.0,0,13247942,0,0.0,KUCUK_TICARETHANE,35-09-K02817,CIGLI,35,0,0,ATASEHIR,0,0,2,0,0.0,8.35,0,0,0.0,0,0.0,2,0.0,0,0.0,27.05332564,38.48639514
13458.69,0,13248176,0,0.0,ORTA_TICARETHANE,35-04-K03808,KARSIYAKA,35,0,0,MAVISEHIR,0,0,1,0,0.0,20.27,0,0,0.0,0,0.0,1,13458.69,0,0.0,27.06475059,38.47428439
15241.866,0,13249130,0,0.0,ORTA_TICARETHANE,35-09-K02537,CIGLI,35,0,0,ATASEHIR,0,0,3,0,0.0,7.016666666666667,0,0,0.0,0,0.0,3,15241.866,0,0.0,27.05362405,38.48104746
8429.93,0,13249598,0,0.0,KUCUK_TICARETHANE,35-09-M00540,CIGLI,35,0,0,SASALLI MERKEZ,0,0,1,0,0.0,8.35,0,0,0.0,0,0.0,1,8429.93,0,0.0,26.94365473,38.49668827
1996.285,0,13249742,0,0.0,KUCUK_TICARETHANE,35-09-M00540,CIGLI,35,0,0,SASALLI MERKEZ,0,0,1,0,0.0,8.35,0,0,0.0,0,0.0,1,1996.285,0,0.0,26.94354929,38.49629246
730.663,0,13251182,0,0.0,ORTA_TICARETHANE,35-09-M00540,CIGLI,35,0,0,SASALLI MERKEZ,0,0,1,0,0.0,15.66,0,0,0.0,0,0.0,1,730.663,0,0.0,26.94456185,38.49667488
698.89,0,13251191,0,0.0,KUCUK_TICARETHANE,35-09-M00540,CIGLI,35,0,0,SASALLI MERKEZ,0,0,1,0,0.0,8.28,0,0,0.0,0,0.0,1,698.89,0,0.0,26.9447158,38.49649578
12062.75,0,13251200,0,0.0,ORTA_TICARETHANE,35-09-M00540,CIGLI,35,0,0,SASALLI MERKEZ,0,0,1,0,0.0,7.16,0,0,0.0,0,0.0,1,12062.75,0,0.0,26.94488164,38.49648197
1022.959,0,13251236,0,0.0,KUCUK_TICARETHANE,35-09-M00540,CIGLI,35,0,0,SASALLI MERKEZ,0,0,1,0,0.0,8.35,0,0,0.0,0,0.0,1,1022.959,0,0.0,26.94403922,38.49628803
3109.035,0,13254909,0,0.0,KUCUK_TICARETHANE,35-09-K04124,CIGLI,35,0,0,AYDINLIKEVLER,0,0,2,1,1258.826,5.0,0,0,0.0,0,0.0,1,1850.209,0,0.0,27.08219939,38.4916046
1629.834,0,13254945,0,0.0,KUCUK_TICARETHANE,35-09-M00540,CIGLI,35,0,0,SASALLI MERKEZ,0,0,1,0,0.0,7.72,0,0,0.0,0,0.0,1,1629.834,0,0.0,26.9434621,38.49600912
98.9,0,13256502,0,0.0,KUCUK_TICARETHANE,35-09-K02537,CIGLI,35,0,0,ATASEHIR,0,0,1,0,0.0,11.14,0,0,0.0,0,0.0,1,98.9,0,0.0,27.05380963,38.48059426
3204.41399,0,13258482,0,0.0,KUCUK_TICARETHANE,35-09-K02537,CIGLI,35,0,0,ATASEHIR,0,0,2,0,0.0,6.675,0,0,0.0,0,0.0,2,3204.41399,0,0.0,27.05354952,38.48107399
56058.278999999995,0,13258608,0,0.0,ORTA_TICARETHANE,35-09-K01859,CIGLI,35,0,0,KUCUK CIGLI,0,0,9,0,0.0,9.004444444444443,0,0,0.0,0,0.0,9,56058.278999999995,0,0.0,27.04760637,38.50019676
1298.393,0,13258617,0,0.0,KUCUK_TICARETHANE,35-09-M00540,CIGLI,35,0,0,SASALLI MERKEZ,0,0,1,0,0.0,8.35,0,0,0.0,0,0.0,1,1298.393,0,0.0,26.94416082,38.49648318
26.375,0,13259040,0,0.0,KUCUK_TICARETHANE,35-09-M00540,CIGLI,35,0,0,SASALLI MERKEZ,0,0,1,0,0.0,5.56,0,0,0.0,0,0.0,1,26.375,0,0.0,26.94416902,38.49601801
4066.797,0,13259364,0,0.0,KUCUK_TICARETHANE,35-09-M00540,CIGLI,35,0,0,SASALLI MERKEZ,0,0,1,0,0.0,7.16,0,0,0.0,0,0.0,1,4066.797,0,0.0,26.94311346,38.49665624
3751.5,0,13260598,0,0.0,KUCUK_TICARETHANE,35-09-M00540,CIGLI,35,0,0,SASALLI MERKEZ,0,0,1,0,0.0,8.35,0,0,0.0,0,0.0,1,3751.5,0,0.0,26.94450994,38.49586823
42812.424,0,13262614,0,0.0,ORTA_TICARETHANE,35-09-K02537,CIGLI,35,0,0,ATASEHIR,0,0,12,0,0.0,7.504166666666666,0,0,0.0,0,0.0,12,42812.424,0,0.0,27.05377606,38.48191839
30491.677,0,13262956,0,0.0,ORTA_TICARETHANE,35-09-M02551,CIGLI,35,0,0,KOYICI,0,0,3,0,0.0,5.126666666666666,0,0,0.0,0,0.0,3,30491.677,0,0.0,27.06340904,38.49294015
2.377,0,13263001,0,0.0,KUCUK_TICARETHANE,35-09-M00540,CIGLI,35,0,0,SASALLI MERKEZ,0,0,1,0,0.0,11.3,0,0,0.0,0,0.0,1,2.377,0,0.0,26.94442044,38.4958583
8928.306,0,13265908,0,0.0,KUCUK_TICARETHANE,35-09-K02537,CIGLI,35,0,0,ATASEHIR,0,0,2,0,0.0,7.115,0,0,0.0,0,0.0,2,8928.306,0,0.0,27.05438803,38.48063437
1655.244,0,13267870,0,0.0,KUCUK_TICARETHANE,35-09-K02537,CIGLI,35,0,0,ATASEHIR,0,0,2,0,0.0,5.48,0,0,0.0,0,0.0,2,1655.244,0,0.0,27.05393903,38.48159849
3879.904,0,13269175,0,0.0,KUCUK_TICARETHANE,35-09-K02537,CIGLI,35,0,0,ATASEHIR,0,0,1,0,0.0,12.6,0,0,0.0,0,0.0,1,3879.904,0,0.0,27.05412161,38.48090227
4612.597,0,13269544,0,0.0,KUCUK_TICARETHANE,35-09-K02537,CIGLI,35,0,0,ATASEHIR,0,0,3,0,0.0,6.330000000000001,0,0,0.0,0,0.0,3,4612.597,0,0.0,27.0537626,38.48055827
1489.758,0,13270003,0,0.0,KUCUK_TICARETHANE,35-09-M00540,CIGLI,35,0,0,SASALLI MERKEZ,0,0,1,0,0.0,7.2,0,0,0.0,0,0.0,1,1489.758,0,0.0,26.94314455,38.49646915
48.201,0,13270102,0,0.0,KUCUK_TICARETHANE,35-09-M00540,CIGLI,35,0,0,SASALLI MERKEZ,0,0,1,0,0.0,8.35,0,0,0.0,0,0.0,1,48.201,0,0.0,26.94339815,38.49677684
1405.017,0,13272255,0,0.0,KUCUK_TICARETHANE,35-09-M00540,CIGLI,35,0,0,SASALLI MERKEZ,0,0,1,0,0.0,8.35,0,0,0.0,0,0.0,1,1405.017,0,0.0,26.94424532,38.49630489
1196.584,0,13276476,0,0.0,KUCUK_TICARETHANE,35-09-M00540,CIGLI,35,0,0,SASALLI MERKEZ,0,0,1,0,0.0,8.35,0,0,0.0,0,0.0,1,1196.584,0,0.0,26.94453383,38.49636315
5495.168,0,13276485,0,0.0,KUCUK_TICARETHANE,35-09-M00540,CIGLI,35,0,0,SASALLI MERKEZ,0,0,1,0,0.0,8.35,0,0,0.0,0,0.0,1,5495.168,0,0.0,26.94449541,38.49633954
1110.153,0,13276503,0,0.0,KUCUK_TICARETHANE,35-09-M00540,CIGLI,35,0,0,SASALLI MERKEZ,0,0,2,0,0.0,8.465,0,0,0.0,0,0.0,2,1110.153,0,0.0,26.94436697,38.49634324
708.749,0,13276611,0,0.0,KUCUK_TICARETHANE,35-09-M00540,CIGLI,35,0,0,SASALLI MERKEZ,0,0,1,0,0.0,7.86,0,0,0.0,0,0.0,1,708.749,0,0.0,26.94290101,38.49634402
583.75,0,13276881,0,0.0,KUCUK_TICARETHANE,35-09-M00540,CIGLI,35,0,0,SASALLI MERKEZ,0,0,1,0,0.0,7.16,0,0,0.0,0,0.0,1,583.75,0,0.0,26.94346022,38.49682691
151.201,0,13278051,0,0.0,KUCUK_TICARETHANE,35-09-M00540,CIGLI,35,0,0,SASALLI MERKEZ,0,0,1,0,0.0,8.35,0,0,0.0,0,0.0,1,151.201,0,0.0,26.94334563,38.49636678
212.172,0,13282235,0,0.0,KUCUK_TICARETHANE,35-09-M00540,CIGLI,35,0,0,SASALLI MERKEZ,0,0,1,0,0.0,8.35,0,0,0.0,0,0.0,1,212.172,0,0.0,26.94388964,38.49690687
898.458,0,13282244,0,0.0,KUCUK_TICARETHANE,35-09-M00540,CIGLI,35,0,0,SASALLI MERKEZ,0,0,1,0,0.0,5.0,0,0,0.0,0,0.0,1,898.458,0,0.0,26.94403849,38.49684792
411.915,0,13282253,0,0.0,KUCUK_TICARETHANE,35-09-M00540,CIGLI,35,0,0,SASALLI MERKEZ,0,0,1,0,0.0,7.16,0,0,0.0,0,0.0,1,411.915,0,0.0,26.94368991,38.49675808
6850.166,0,13283864,0,0.0,KUCUK_TICARETHANE,35-09-M00540,CIGLI,35,0,0,SASALLI MERKEZ,0,0,1,0,0.0,6.79,0,0,0.0,0,0.0,1,6850.166,0,0.0,26.94405321,38.49635485
3374.264,0,13286783,0,0.0,ORTA_TICARETHANE,35-09-K03320,CIGLI,35,0,0,AYDINLIKEVLER,0,0,1,0,0.0,18.42,0,0,0.0,0,0.0,1,3374.264,0,0.0,27.07948342,38.49218173
0.0,0,13289464,0,0.0,KUCUK_TICARETHANE,35-04-M01180,KARSIYAKA,35,0,0,CUMHURIYET,0,0,1,0,0.0,5.0,0,0,0.0,0,0.0,1,0.0,0,0.0,27.10347293,38.47504766
50537.568,0,13289806,0,0.0,ORTA_TICARETHANE,35-09-M00207,CIGLI,35,0,0,CUMHURIYET,0,0,2,0,0.0,21.422500000000003,0,0,0.0,0,0.0,2,50537.568,0,0.0,27.05220919,38.53770124
4940.665,0,13289968,0,0.0,KUCUK_TICARETHANE,35-04-K01141,KARSIYAKA,35,0,0,CUMHURIYET,0,0,2,0,0.0,7.06,0,0,0.0,0,0.0,2,4940.665,0,0.0,27.08768742,38.4836205
3345.983,0,13292546,0,0.0,KUCUK_TICARETHANE,35-09-M00215,CIGLI,35,0,0,HARMANDALI GAZI MUSTAFA KEMAL ATATURK,0,0,1,0,0.0,5.0,0,0,0.0,0,0.0,1,3345.983,0,0.0,27.04944513,38.53259979
259.92,0,13292771,0,0.0,ORTA_TICARETHANE,35-04-K04013,KARSIYAKA,35,0,0,CUMHURIYET,0,0,1,0,0.0,76.728,0,0,0.0,0,0.0,1,259.92,0,0.0,27.08861363,38.48259264
39832.606,0,13292942,0,0.0,ORTA_TICARETHANE,35-04-M01300,KARSIYAKA,35,0,0,ORNEKKOY,0,0,8,4,16257.206,10.40125,0,0,0.0,0,0.0,4,23575.4,0,0.0,27.11279541,38.48278911
46842.755000000005,0,13292951,0,0.0,ORTA_TICARETHANE,35-04-M01300,KARSIYAKA,35,0,0,ORNEKKOY,0,0,8,4,9257.769,10.82125,0,0,0.0,0,0.0,4,37584.986000000004,0,0.0,27.11272656,38.48269197
102199.5,0,13293158,0,0.0,ORTA_TICARETHANE,35-04-K01109,KARSIYAKA,35,0,0,DONANMACI,0,0,1,0,0.0,35.04,0,0,0.0,0,0.0,1,102199.5,0,0.0,27.11814772,38.45638848
7767.963,0,13293698,0,0.0,KUCUK_TICARETHANE,35-04-K04756,KARSIYAKA,35,0,0,LATIFE HANIM,0,0,1,0,0.0,7.24,0,0,0.0,0,0.0,1,7767.963,0,0.0,27.12233592,38.49845009
130138.398,0,13298261,0,0.0,ORTA_TICARETHANE,35-09-K04438,CIGLI,35,0,0,ATASEHIR,0,0,6,0,0.0,8.153333333333334,0,0,0.0,0,0.0,6,130138.398,0,0.0,27.06087386,38.49317894
32918.776,0,13300295,0,0.0,ORTA_TICARETHANE,35-09-M03062,CIGLI,35,0,0,EVKA-5,0,0,2,0,0.0,21.466,0,0,0.0,0,0.0,2,32918.776,0,0.0,27.04885014,38.51592646
249947.6,0,13300619,1,249947.6,AYDINLATMA,35-09-K04221,CIGLI,35,0,0,KOYICI,0,0,0,0,0.0,33.06,0,0,0.0,0,0.0,0,0.0,0,0.0,27.06141036,38.49495905
378653.6,0,13301006,0,0.0,ORTA_TICARETHANE,35-09-K01862,CIGLI,35,0,0,YENI MAHALLE,0,0,1,0,0.0,378.703,0,0,0.0,0,0.0,1,378653.6,0,0.0,27.05037897,38.49407546
17032.436,0,13302626,0,0.0,ORTA_TICARETHANE,35-09-M03062,CIGLI,35,0,0,EVKA-5,0,0,2,0,0.0,21.53,0,0,0.0,0,0.0,2,17032.436,0,0.0,27.04894742,38.515644
84629.72,0,13304371,0,0.0,ORTA_TICARETHANE,35-04-M03252,KARSIYAKA,35,0,0,BOSTANLI,0,0,1,0,0.0,24.03,0,0,0.0,0,0.0,1,84629.72,0,0.0,27.09739316,38.4635672
72.69,0,13306019,0,0.0,KUCUK_TICARETHANE,35-09-M01981,CIGLI,35,0,0,MALTEPE,0,0,2,1,37.362,5.45,0,0,0.0,0,0.0,1,35.328,0,0.0,27.07378473,38.49354844
57409.33,0,13306713,0,0.0,ORTA_TICARETHANE,35-09-K04389,CIGLI,35,0,0,ATASEHIR,0,0,1,0,0.0,64.14,0,0,0.0,0,0.0,1,57409.33,0,0.0,27.06361406,38.4872848
29666.977,0,13308432,0,0.0,ORTA_TICARETHANE,35-09-K01870,CIGLI,35,0,0,KOYICI,0,0,4,2,1339.7540000000001,5.8375,0,0,0.0,0,0.0,2,28327.222999999998,0,0.0,27.06282556,38.49646438
57502.879,0,13309044,0,0.0,ORTA_TICARETHANE,35-04-M01265,KARSIYAKA,35,0,0,ORNEKKOY,0,0,10,4,11291.748,9.7823,0,0,0.0,0,0.0,6,46211.131,0,0.0,27.1148325,38.4745724
4283.186,0,13312399,0,0.0,KUCUK_TICARETHANE,35-09-K01880,CIGLI,35,0,0,ATASEHIR,0,0,3,2,3571.118,6.426666666666667,0,0,0.0,0,0.0,1,712.068,0,0.0,27.05591161,38.49104454
80782.05,0,13317232,0,0.0,ORTA_TICARETHANE,35-09-M02092,CIGLI,35,0,0,INONU,0,0,1,0,0.0,340.02,0,0,0.0,0,0.0,1,80782.05,0,0.0,27.04580601,38.52895102
74284.09,0,13317448,0,0.0,ORTA_TICARETHANE,35-09-M00211,CIGLI,35,0,0,INONU,0,0,1,0,0.0,47.5,0,0,0.0,0,0.0,1,74284.09,0,0.0,27.04627873,38.5272543
2317.9399999999996,0,13321562,0,0.0,KUCUK_TICARETHANE,35-09-K01875,CIGLI,35,0,0,SIRINTEPE,0,0,3,2,1885.4779999999998,7.97,0,0,0.0,0,0.0,1,432.462,0,0.0,27.06785701,38.49290368
5284.228,0,13323092,0,0.0,KUCUK_TICARETHANE,35-04-K03724,KARSIYAKA,35,0,0,BAHRIYE UCOK,0,0,1,0,0.0,5.0,0,0,0.0,0,0.0,1,5284.228,0,0.0,27.11054481,38.46239074
118600.64,0,13323731,1,11362.19,ORTA_TICARETHANE,35-04-M01443,KARSIYAKA,35,0,0,YALI,0,0,2,0,0.0,77.33466666666666,0,0,0.0,0,0.0,2,107238.45,0,0.0,27.07805409,38.48027874
38365.464,0,13324667,0,0.0,ORTA_TICARETHANE,35-09-K04122,CIGLI,35,0,0,SIRINTEPE,0,0,3,1,1242.572,12.299333333333331,0,0,0.0,0,0.0,2,37122.892,0,0.0,27.07040965,38.49604514
7376.509,0,13325486,0,0.0,KUCUK_TICARETHANE,35-04-M01027,KARSIYAKA,35,0,0,CUMHURIYET,0,0,3,2,6149.304,8.12,0,0,0.0,0,0.0,1,1227.205,0,0.0,27.0976026,38.48021237
104828.637,0,13328206,0,0.0,ORTA_TICARETHANE,35-04-K03390,KARSIYAKA,35,0,0,YALI,0,0,6,2,5204.692999999999,12.166666666666666,0,0,0.0,0,0.0,4,99623.944,0,0.0,27.08606221,38.47149624
357927.6,0,13328728,0,0.0,ORTA_TICARETHANE,35-09-K03314,CIGLI,35,0,0,ATASEHIR,0,0,2,0,0.0,81.4685,0,0,0.0,0,0.0,2,357927.6,0,0.0,27.05177099,38.492886
80629.02,0,13331562,0,0.0,ORTA_TICARETHANE,35-09-K04421,CIGLI,35,0,0,ATASEHIR,0,0,6,0,0.0,96.27716666666667,0,0,0.0,0,0.0,6,80629.02,0,0.0,27.05985335,38.48497953
94313.82,0,13334612,0,0.0,ORTA_TICARETHANE,35-04-K04422,KARSIYAKA,35,0,0,ZUBEYDE HANIM,0,0,1,0,0.0,168.38,0,0,0.0,0,0.0,1,94313.82,0,0.0,27.10829481,38.48894238
10468.3,0,13336988,0,0.0,KUCUK_TICARETHANE,35-04-K03766,KARSIYAKA,35,0,0,ORNEKKOY,0,0,6,3,6964.004,10.1,0,0,0.0,0,0.0,3,3504.296,0,0.0,27.11141567,38.47569641
9337.404999999999,0,13337042,0,0.0,KUCUK_TICARETHANE,35-04-M01305,KARSIYAKA,35,0,0,ORNEKKOY,0,0,2,1,8147.663,10.71,0,0,0.0,0,0.0,1,1189.742,0,0.0,27.11307716,38.47584342
4249.687,0,13341001,0,0.0,KUCUK_TICARETHANE,35-04-K03224,KARSIYAKA,35,0,0,DONANMACI,0,0,1,0,0.0,5.0,0,0,0.0,0,0.0,1,4249.687,0,0.0,27.11866183,38.45459408
2450730.69,0,13344340,0,0.0,ORTA_TICARETHANE,35-09-K04221,CIGLI,35,0,0,ATASEHIR,0,0,7,0,0.0,257.1985714285714,0,0,0.0,0,0.0,7,2450730.69,0,0.0,27.06503813,38.4914844
4860.133,0,13348580,0,0.0,ORTA_TICARETHANE,35-09-K01958,CIGLI,35,0,0,AYDINLIKEVLER,0,0,1,0,0.0,29.94,0,0,0.0,0,0.0,1,4860.133,0,0.0,27.08478543,38.49403229
265965.8,0,13350443,0,0.0,ORTA_TICARETHANE,35-04-M02870,KARSIYAKA,35,0,0,ORNEKKOY,0,0,1,0,0.0,364.69,0,0,0.0,0,0.0,1,265965.8,0,0.0,27.1078087,38.48623271
65741.549,0,13354305,0,0.0,ORTA_TICARETHANE,35-09-K04438,CIGLI,35,0,0,ATASEHIR,0,0,19,13,24081.125,11.068947368421053,0,0,0.0,0,0.0,6,41660.424,0,0.0,27.06071307,38.49277027
36752.590000000004,0,13354521,0,0.0,KUCUK_TICARETHANE,35-04-K04099,KARSIYAKA,35,0,0,YALI,0,0,19,13,26804.806,10.294947368421054,0,0,0.0,0,0.0,6,9947.784,0,0.0,27.09177527,38.47209313
71279.99,0,13356429,0,0.0,ORTA_TICARETHANE,35-09-K02341,CIGLI,35,0,0,ATASEHIR,0,0,1,0,0.0,61.58,0,0,0.0,0,0.0,1,71279.99,0,0.0,27.05134,38.4914267
115982.9,0,13357518,0,0.0,ORTA_TICARETHANE,35-09-K02668,CIGLI,35,0,0,ATASEHIR,0,0,1,0,0.0,83.44,0,0,0.0,0,0.0,1,115982.9,0,0.0,27.061037,38.485441
153907.269,0,13357527,0,0.0,ORTA_TICARETHANE,35-09-K02668,CIGLI,35,0,0,ATASEHIR,0,0,22,0,0.0,14.652727272727274,0,0,0.0,0,0.0,22,153907.269,0,0.0,27.06096979,38.48533347
338613.3,0,13357644,0,0.0,ORTA_TICARETHANE,35-09-K02668,CIGLI,35,0,0,ATASEHIR,0,0,1,0,0.0,135.13,0,0,0.0,0,0.0,1,338613.3,0,0.0,27.06133546,38.48499466
24257.031,0,13358310,0,0.0,ORTA_TICARETHANE,35-04-K01624,KARSIYAKA,35,0,0,DEDEBASI,0,0,8,5,5201.244,9.3525,0,0,0.0,0,0.0,3,19055.787,0,0.0,27.10629622,38.46793475
184497.87800000003,0,13358724,0,0.0,ORTA_TICARETHANE,35-04-K00277,KARSIYAKA,35,0,0,AKSOY,0,0,7,0,0.0,22.018857142857144,0,0,0.0,0,0.0,7,184497.87800000003,0,0.0,27.10683412,38.45497621
58287.214,0,13366706,0,0.0,ORTA_TICARETHANE,35-04-K04521,KARSIYAKA,35,0,0,YALI,0,0,19,13,31698.699999999997,11.486315789473684,0,0,0.0,0,0.0,6,26588.514,0,0.0,27.09415751,38.47006978
15808.14,0,13367210,0,0.0,ORTA_TICARETHANE,35-09-K02537,CIGLI,35,0,0,ATASEHIR,0,0,5,0,0.0,9.11,0,0,0.0,0,0.0,5,15808.14,0,0.0,27.05383279,38.48052716
76033.92,0,13368678,0,0.0,ORTA_TICARETHANE,35-04-K03390,KARSIYAKA,35,0,0,YALI,0,0,1,0,0.0,86.91,0,0,0.0,0,0.0,1,76033.92,0,0.0,27.08574503,38.47149096
140771.514,0,13369614,0,0.0,ORTA_TICARETHANE,35-04-M01176,KARSIYAKA,35,0,0,YALI,0,0,16,9,30102.828999999998,16.2625,0,0,0.0,0,0.0,7,110668.685,0,0.0,27.0868415,38.47017314
34000.85,0,13379439,0,0.0,ORTA_TICARETHANE,35-09-M01985,CIGLI,35,0,0,EVKA - 2,0,0,2,1,14985.46,10.59,0,0,0.0,0,0.0,1,19015.39,0,0.0,27.085595,38.49803
343609.183,0,13379520,0,0.0,ORTA_SANAYI,35-09-M01357,CIGLI,35,0,0,BALATCIK,0,0,44,0,0.0,11.779272727272728,0,1,58554.29,0,0.0,43,285054.893,0,0.0,27.03496108,38.51670921
65639.992,0,13380105,0,0.0,ORTA_TICARETHANE,35-04-M01180,KARSIYAKA,35,0,0,CUMHURIYET,0,0,13,3,8029.151,7.383846153846154,0,0,0.0,0,0.0,10,57610.841,0,0.0,27.103115,38.47646
16346.893,0,13380276,0,0.0,KUCUK_TICARETHANE,35-09-M01950,CIGLI,35,0,0,MALTEPE,0,0,3,2,7689.237,13.25,0,0,0.0,0,0.0,1,8657.656,0,0.0,27.07311876,38.48927213
50410.87,0,13387572,0,0.0,ORTA_TICARETHANE,35-09-K02764,CIGLI,35,0,0,EVKA-5,0,0,1,0,0.0,45.9,0,0,0.0,0,0.0,1,50410.87,0,0.0,27.05670903,38.5188136
31156.313000000002,0,13389336,0,0.0,ORTA_TICARETHANE,35-04-K00197,KARSIYAKA,35,0,0,SEMIKLER,0,0,9,6,14812.202000000001,9.016666666666667,0,0,0.0,0,0.0,3,16344.110999999999,0,0.0,27.09388737,38.47118476
7275.406,0,13396599,0,0.0,KUCUK_TICARETHANE,35-09-M00540,CIGLI,35,0,0,SASALLI MERKEZ,0,0,1,0,0.0,7.16,0,0,0.0,0,0.0,1,7275.406,0,0.0,26.94307447,38.49687036
40065.88,0,13402024,0,0.0,ORTA_TICARETHANE,35-09-K02537,CIGLI,35,0,0,ATASEHIR,0,0,1,0,0.0,12.88,0,0,0.0,0,0.0,1,40065.88,0,0.0,27.05400394,38.48057309
301483.6,0,13405921,0,0.0,BUYUK_SANAYI,35-04-K01141,KARSIYAKA,35,0,0,CUMHURIYET,0,0,1,0,0.0,269.98,0,1,301483.6,0,0.0,0,0.0,0,0.0,27.08808,38.483425
41206.582,0,13411347,0,0.0,ORTA_TICARETHANE,35-04-K04521,KARSIYAKA,35,0,0,YALI,0,0,15,10,24660.987,11.209333333333332,0,0,0.0,0,0.0,5,16545.595,0,0.0,27.09341142,38.47096217
17357.15,0,13418009,1,6612.592,KUCUK_TICARETHANE,35-04-M02777,KARSIYAKA,35,0,0,BOSTANLI,0,0,2,1,3658.221,6.116666666666667,0,0,0.0,0,0.0,1,7086.337,0,0.0,27.09965001,38.45693955
6358.109,0,13420577,0,0.0,KUCUK_TICARETHANE,35-04-M01265,KARSIYAKA,35,0,0,ORNEKKOY,0,0,1,0,0.0,11.96,0,0,0.0,0,0.0,1,6358.109,0,0.0,27.11516464,38.47471434
215836.708,0,13426210,0,0.0,ORTA_TICARETHANE,35-04-K01051,KARSIYAKA,35,0,0,BAHCELIEVLER,0,0,24,0,0.0,16.563333333333333,0,0,0.0,0,0.0,24,215836.708,0,0.0,27.10951825,38.46513241
8826.502,0,13426615,0,0.0,KUCUK_TICARETHANE,35-09-M02551,CIGLI,35,0,0,KOYICI,0,0,6,1,2459.568,5.0,0,0,0.0,0,0.0,5,6366.933999999999,0,0.0,27.06421241,38.49331574
307810.3,0,13427785,0,0.0,ORTA_TICARETHANE,35-04-K00590,KARSIYAKA,35,0,0,BAHRIYE UCOK,0,0,1,0,0.0,112.1,0,0,0.0,0,0.0,1,307810.3,0,0.0,27.11428182,38.45812011
49904.96,0,13428712,0,0.0,ORTA_TICARETHANE,35-09-K04282,CIGLI,35,0,0,KUCUK CIGLI,0,0,1,0,0.0,329.76,0,0,0.0,0,0.0,1,49904.96,0,0.0,27.0573302,38.4979555
49361.718,0,13429343,0,0.0,KUCUK_TICARETHANE,35-04-K04099,KARSIYAKA,35,0,0,YALI,0,0,26,17,45481.73,12.564846153846153,0,0,0.0,0,0.0,9,3879.988,0,0.0,27.0915565,38.47146703
27677.799,0,13433230,0,0.0,ORTA_TICARETHANE,35-04-M01566,KARSIYAKA,35,0,0,ORNEKKOY,0,0,8,4,13771.786,11.1,0,0,0.0,0,0.0,4,13906.012999999999,0,0.0,27.11234918,38.48211193
21957.218,0,13435939,0,0.0,ORTA_TICARETHANE,35-04-M01378,KARSIYAKA,35,0,0,INONU,0,0,5,2,11131.869,15.157999999999998,0,0,0.0,0,0.0,3,10825.349,0,0.0,27.09273813,38.48867997
21995.391,0,13438396,0,0.0,ORTA_TICARETHANE,35-04-M01379,KARSIYAKA,35,0,0,INONU,0,0,5,2,12737.779,17.558,0,0,0.0,0,0.0,3,9257.612000000001,0,0.0,27.09579347,38.48909104
20100.111,0,13439502,0,0.0,ORTA_TICARETHANE,35-09-K02867,CIGLI,35,0,0,ATASEHIR,0,0,4,0,0.0,12.73,0,0,0.0,0,0.0,4,20100.111,0,0.0,27.05764465,38.48381288
1339.547,0,13440980,0,0.0,KUCUK_TICARETHANE,35-04-K00907,KARSIYAKA,35,0,0,BAHCELIEVLER,0,0,1,0,0.0,5.76,0,0,0.0,0,0.0,1,1339.547,0,0.0,27.11642542,38.46547429
3031.181,0,13443851,0,0.0,KUCUK_TICARETHANE,35-09-K02733,CIGLI,35,0,0,ATASEHIR,0,0,1,0,0.0,5.5,0,0,0.0,0,0.0,1,3031.181,0,0.0,27.06422067,38.48736826
96754.882,0,13448416,0,0.0,ORTA_TICARETHANE,35-09-K02668,CIGLI,35,0,0,ATASEHIR,0,0,24,15,39362.395000000004,9.88625,0,0,0.0,0,0.0,9,57392.487,0,0.0,27.05878348,38.48394141
13985.769,0,13450666,0,0.0,ORTA_TICARETHANE,35-09-K01874,CIGLI,35,0,0,YAKAKENT,0,0,2,0,0.0,15.75,0,0,0.0,0,0.0,2,13985.769,0,0.0,27.07777477,38.50261805
31807.73,0,13467386,0,0.0,ORTA_TICARETHANE,35-09-K01866,CIGLI,35,0,0,KUCUK CIGLI,0,0,1,0,0.0,5.0,0,0,0.0,0,0.0,1,31807.73,0,0.0,27.05553526,38.49941197
86370.912,0,13467395,0,0.0,ORTA_TICARETHANE,35-09-K04282,CIGLI,35,0,0,KUCUK CIGLI,0,0,5,1,1594.676,16.844,0,0,0.0,0,0.0,4,84776.236,0,0.0,27.05690856,38.4986441
586991.1,0,13468061,0,0.0,BUYUK_TICARETHANE,35-04-K04645Ã–,KARSIYAKA,35,0,0,MAVISEHIR,0,0,1,0,0.0,1000.0,0,0,0.0,0,0.0,1,586991.1,0,0.0,27.0676683,38.46829899
56964.69,0,13469294,0,0.0,ORTA_TICARETHANE,35-04-M02425,KARSIYAKA,35,0,0,SEMIKLER,0,0,1,0,0.0,12.0,0,0,0.0,0,0.0,1,56964.69,0,0.0,27.09855171,38.47558443
40222.338,0,13472227,0,0.0,ORTA_TICARETHANE,35-09-M03520,CIGLI,35,0,0,ATASEHIR,0,0,4,1,3804.035,9.5125,0,0,0.0,0,0.0,3,36418.303,0,0.0,27.06267546,38.49306123
22828.831,0,13472803,0,0.0,ORTA_TICARETHANE,35-09-K01878,CIGLI,35,0,0,YENI MAHALLE,0,0,4,2,6903.847,6.675,0,0,0.0,0,0.0,2,15924.984,0,0.0,27.05800407,38.49313126
36081.48,0,13473244,0,0.0,ORTA_TICARETHANE,35-09-K01866,CIGLI,35,0,0,KUCUK CIGLI,0,0,1,0,0.0,29.52,0,0,0.0,0,0.0,1,36081.48,0,0.0,27.05426079,38.50174858
8110.3009999999995,0,13474972,0,0.0,KUCUK_TICARETHANE,35-09-K02730,CIGLI,35,0,0,ATASEHIR,0,0,3,2,6986.991,8.313333333333334,0,0,0.0,0,0.0,1,1123.31,0,0.0,27.06039122,38.49236601
17376.01,0,13476962,0,0.0,KUCUK_TICARETHANE,35-09-M02549,CIGLI,35,0,0,KUCUK CIGLI,0,0,3,2,7446.644,13.993333333333334,0,0,0.0,0,0.0,1,9929.366,0,0.0,27.04368491,38.50249067
10878.179,0,13477007,0,0.0,KUCUK_TICARETHANE,35-09-M02549,CIGLI,35,0,0,KUCUK CIGLI,0,0,3,2,9818.547999999999,7.793333333333333,0,0,0.0,0,0.0,1,1059.631,0,0.0,27.0439333,38.50260986
18784.809,0,13478932,0,0.0,ORTA_TICARETHANE,35-09-K01878,CIGLI,35,0,0,YENI MAHALLE,0,0,6,4,5612.855,9.921666666666667,0,0,0.0,0,0.0,2,13171.954,0,0.0,27.05394584,38.49330517
64429.2,0,13481354,0,0.0,ORTA_TICARETHANE,35-04-K02512,KARSIYAKA,35,0,0,ZUBEYDE HANIM,0,0,1,0,0.0,261.5,0,0,0.0,0,0.0,1,64429.2,0,0.0,27.11053319,38.49683618
55513.955,0,13492513,0,0.0,ORTA_TICARETHANE,35-09-M02551,CIGLI,35,0,0,KOYICI,0,0,13,0,0.0,5.0,0,0,0.0,0,0.0,13,55513.955,0,0.0,27.06329132,38.49338364
43386.238,0,13492945,0,0.0,ORTA_TICARETHANE,35-09-M00212,CIGLI,35,0,0,INONU,0,0,2,1,2718.858,10.35,0,0,0.0,0,0.0,1,40667.38,0,0.0,27.04736323,38.52922358
5904.825,0,13494214,0,0.0,ORTA_TICARETHANE,35-04-K04184,KARSIYAKA,35,0,0,LATIFE HANIM,0,0,1,0,0.0,67.7,0,0,0.0,0,0.0,1,5904.825,0,0.0,27.11685438,38.49922178
12027.62,0,13496949,0,0.0,ORTA_TICARETHANE,35-09-M01302,CIGLI,35,0,0,SASALLI MERKEZ,0,0,1,0,0.0,25.04,0,0,0.0,0,0.0,1,12027.62,0,0.0,26.96229521,38.50165027
28777.819000000003,0,13497660,0,0.0,ORTA_TICARETHANE,35-09-M02465,CIGLI,35,0,0,KUCUK CIGLI,0,0,2,0,0.0,8.35,0,0,0.0,0,0.0,2,28777.819000000003,0,0.0,27.04599716,38.50269184
1781.659,0,13498407,0,0.0,ORTA_TICARETHANE,35-04-K00681,KARSIYAKA,35,0,0,DONANMACI,0,0,1,0,0.0,18.6,0,0,0.0,0,0.0,1,1781.659,0,0.0,27.11513691,38.4518951
137.448,0,13498497,0,0.0,KUCUK_TICARETHANE,35-09-M00213,CIGLI,35,0,0,INONU,0,0,1,0,0.0,8.35,0,0,0.0,0,0.0,1,137.448,0,0.0,27.05130177,38.52932239
3995.411,0,13502899,0,0.0,ORTA_TICARETHANE,35-09-M00255,CIGLI,35,0,0,KAKLIC,0,0,2,0,0.0,27.62,0,0,0.0,0,0.0,2,3995.411,0,0.0,26.98515094,38.50606186
3330.3280000000004,0,13503115,0,0.0,KUCUK_TICARETHANE,35-09-M00647,CIGLI,35,0,0,UGUR MUMCU,0,0,3,2,3286.303,10.64,0,0,0.0,0,0.0,1,44.025,0,0.0,27.04222312,38.52381079
20659.1,0,13503826,0,0.0,ORTA_TICARETHANE,35-04-M01379,KARSIYAKA,35,0,0,INONU,0,0,1,0,0.0,114.219,0,0,0.0,0,0.0,1,20659.1,0,0.0,27.09738855,38.48907295
70499.758,0,13504240,0,0.0,ORTA_TICARETHANE,35-09-K01866,CIGLI,35,0,0,KUCUK CIGLI,0,0,13,7,21424.652000000002,10.2,0,0,0.0,0,0.0,6,49075.106,0,0.0,27.05561094,38.50043881
2703.821,0,13510956,0,0.0,KUCUK_TICARETHANE,35-09-M00211,CIGLI,35,0,0,INONU,0,0,1,0,0.0,5.0,0,0,0.0,0,0.0,1,2703.821,0,0.0,27.04752126,38.52690436
977.419,0,13511334,0,0.0,KUCUK_TICARETHANE,35-09-M00540,CIGLI,35,0,0,SASALLI MERKEZ,0,0,1,0,0.0,6.34,0,0,0.0,0,0.0,1,977.419,0,0.0,26.94326277,38.49665265
23894.5,0,13513916,0,0.0,ORTA_TICARETHANE,35-09-K01878,CIGLI,35,0,0,YENI MAHALLE,0,0,6,4,9460.297,13.053333333333335,0,0,0.0,0,0.0,2,14434.203000000001,0,0.0,27.05678549,38.49318511
30182.706,0,13516319,0,0.0,ORTA_TICARETHANE,35-09-M03520,CIGLI,35,0,0,ATASEHIR,0,0,8,1,14290.6,6.875,0,0,0.0,0,0.0,7,15892.106,0,0.0,27.06221583,38.49319145
1840.092,0,13523917,0,0.0,KUCUK_TICARETHANE,35-09-M01950,CIGLI,35,0,0,MALTEPE,0,0,3,2,1522.153,8.99,0,0,0.0,0,0.0,1,317.939,0,0.0,27.07308021,38.48962282
12975.03,0,13525627,0,0.0,ORTA_TICARETHANE,35-04-M01188,KARSIYAKA,35,0,0,DEDEBASI,0,0,1,0,0.0,5.0,0,0,0.0,0,0.0,1,12975.03,0,0.0,27.10226237,38.46762647
3088.9700000000003,0,13531810,0,0.0,KUCUK_TICARETHANE,35-04-K01227,KARSIYAKA,35,0,0,ORNEKKOY,0,0,3,1,2070.94,6.553333333333334,0,0,0.0,0,0.0,2,1018.03,0,0.0,27.10467806,38.48124953
4169.885,0,13533250,0,0.0,KUCUK_TICARETHANE,35-09-M00258,CIGLI,35,0,0,SASALLI MERKEZ,0,0,1,0,0.0,6.56,0,0,0.0,0,0.0,1,4169.885,0,0.0,26.9532243,38.49290129
313603.917,0,13533286,0,0.0,ORTA_TICARETHANE,35-04-M01381,KARSIYAKA,35,0,0,IMBATLI,0,0,20,1,11545.15,22.0332,0,0,0.0,0,0.0,19,302058.767,0,0.0,27.11354932,38.47378985
20038.18,0,13535104,0,0.0,ORTA_TICARETHANE,35-04-K02423,KARSIYAKA,35,0,0,MAVISEHIR,0,0,1,0,0.0,5.0,0,0,0.0,0,0.0,1,20038.18,0,0.0,27.07868476,38.46939713
19327.438,0,13541854,0,0.0,ORTA_TICARETHANE,35-04-K03799,KARSIYAKA,35,0,0,ZUBEYDE HANIM,0,0,2,0,0.0,9.1515,0,0,0.0,0,0.0,2,19327.438,0,0.0,27.11268902,38.4933661
2873.583,0,13542574,0,0.0,KUCUK_TICARETHANE,35-04-K00489,KARSIYAKA,35,0,0,BAHRIYE UCOK,0,0,1,0,0.0,14.8,0,0,0.0,0,0.0,1,2873.583,0,0.0,27.11258099,38.45775504
10636.716,0,13543870,0,0.0,KUCUK_TICARETHANE,35-04-K03022,KARSIYAKA,35,0,0,YALI,0,0,6,4,8255.867,10.138333333333334,0,0,0.0,0,0.0,2,2380.849,0,0.0,27.0893201,38.47442303
7536.509,0,13544698,0,0.0,ORTA_TICARETHANE,35-04-M01180,KARSIYAKA,35,0,0,CUMHURIYET,0,0,1,0,0.0,15.01,0,0,0.0,0,0.0,1,7536.509,0,0.0,27.10310218,38.4763656
2816.4,0,13546371,0,0.0,KUCUK_TICARETHANE,35-09-K04597,CIGLI,35,0,0,KUCUK CIGLI,0,0,3,2,2323.855,7.526666666666666,0,0,0.0,0,0.0,1,492.545,0,0.0,27.04987973,38.50470257
120762.986,0,13548243,0,0.0,ORTA_TICARETHANE,35-09-K04438,CIGLI,35,0,0,ATASEHIR,0,0,24,16,36495.850999999995,10.431666666666667,0,0,0.0,0,0.0,8,84267.13500000001,0,0.0,27.059737,38.49291623
32136.72,0,13551086,0,0.0,ORTA_TICARETHANE,35-04-K03847,KARSIYAKA,35,0,0,YALI,0,0,1,0,0.0,15.01,0,0,0.0,0,0.0,1,32136.72,0,0.0,27.09085474,38.46784419
254833.6,0,13551995,0,0.0,ORTA_TICARETHANE,35-04-M01373,KARSIYAKA,35,0,0,YALI,0,0,1,0,0.0,252.5,0,0,0.0,0,0.0,1,254833.6,0,0.0,27.086773,38.472028
6202.489,0,13553336,0,0.0,KUCUK_TICARETHANE,35-09-M00999,CIGLI,35,0,0,BALATCIK,0,0,3,2,6165.3189999999995,10.713333333333333,0,0,0.0,0,0.0,1,37.17,0,0.0,27.03963034,38.51094752
136.4,0,13557773,0,0.0,ORTA_TICARETHANE,35-09-K01887,CIGLI,35,0,0,ATASEHIR,0,0,1,0,0.0,141.45,0,0,0.0,0,0.0,1,136.4,0,0.0,27.07148346,38.48834469
37422.58,0,13558124,0,0.0,ORTA_TICARETHANE,35-04-K03388,KARSIYAKA,35,0,0,MAVISEHIR,0,0,1,0,0.0,6.94,0,0,0.0,0,0.0,1,37422.58,0,0.0,27.06834157,38.46790221
4789.493,0,13559917,0,0.0,KUCUK_TICARETHANE,35-09-M03064,CIGLI,35,0,0,EVKA-5,0,0,1,0,0.0,5.0,0,0,0.0,0,0.0,1,4789.493,0,0.0,27.05413103,38.51911862
62040.1,0,13560097,0,0.0,ORTA_TICARETHANE,35-09-M01982,CIGLI,35,0,0,SIRINTEPE,0,0,1,0,0.0,151.98,0,0,0.0,0,0.0,1,62040.1,0,0.0,27.07772459,38.49551267
31634.57,0,13563643,0,0.0,ORTA_TICARETHANE,35-04-K02513,KARSIYAKA,35,0,0,ORNEKKOY,0,0,1,0,0.0,48.52,0,0,0.0,0,0.0,1,31634.57,0,0.0,27.10864551,38.48660312
146263.067,0,13565146,0,0.0,ORTA_TICARETHANE,35-04-K00681,KARSIYAKA,35,0,0,DONANMACI,0,0,10,1,418.737,6.881,0,0,0.0,0,0.0,9,145844.33000000002,0,0.0,27.11683223,38.45351967
10306.583999999999,0,13567531,0,0.0,ORTA_TICARETHANE,35-09-M01985,CIGLI,35,0,0,AHMET TANER KISLALI,0,0,2,0,0.0,6.675,0,0,0.0,0,0.0,2,10306.583999999999,0,0.0,27.08864348,38.49615915
154317.2,0,13568467,0,0.0,ORTA_SANAYI,35-04-K00308,KARSIYAKA,35,0,0,SEMIKLER,0,0,1,0,0.0,80.98,0,1,154317.2,0,0.0,0,0.0,0,0.0,27.09015197,38.48073
8217.617,0,13568476,0,0.0,KUCUK_TICARETHANE,35-04-K00308,KARSIYAKA,35,0,0,SEMIKLER,0,0,1,0,0.0,10.8,0,0,0.0,0,0.0,1,8217.617,0,0.0,27.09036987,38.48095309
61678.125,0,13572563,0,0.0,ORTA_TICARETHANE,35-09-M03053,CIGLI,35,0,0,EGEKENT,0,0,4,0,0.0,16.62,0,0,0.0,0,0.0,4,61678.125,0,0.0,27.06276875,38.50630155
57957.24,0,13574525,0,0.0,ORTA_TICARETHANE,35-09-M00926Ã–,CIGLI,35,0,0,SASALLI MERKEZ,0,0,1,0,0.0,2000.0,0,0,0.0,0,0.0,1,57957.24,0,0.0,26.946301,38.507261
164639.0,0,13574651,0,0.0,ORTA_TICARETHANE,35-04-K03872,KARSIYAKA,35,0,0,SEMIKLER,0,0,1,0,0.0,506.86,0,0,0.0,0,0.0,1,164639.0,0,0.0,27.08739202,38.48158863
5816.01,0,13575425,0,0.0,KUCUK_TICARETHANE,35-09-K01874,CIGLI,35,0,0,YAKAKENT,0,0,2,0,0.0,5.0,0,0,0.0,0,0.0,2,5816.01,0,0.0,27.07581878,38.50296624
11142.319,0,13575479,0,0.0,KUCUK_TICARETHANE,35-04-K04375,KARSIYAKA,35,0,0,SEMIKLER,0,0,6,4,6497.402,11.261666666666665,0,0,0.0,0,0.0,2,4644.9169999999995,0,0.0,27.09864707,38.47304463
10184.292,0,13577980,0,0.0,KUCUK_TICARETHANE,35-09-M00999,CIGLI,35,0,0,BALATCIK,0,0,4,2,5885.48,8.7725,0,0,0.0,0,0.0,2,4298.812,0,0.0,27.04030664,38.51046908
14935.286,0,13579356,0,0.0,KUCUK_TICARETHANE,35-04-K00928,KARSIYAKA,35,0,0,TUNA,0,0,6,4,9165.161,10.008333333333335,0,0,0.0,0,0.0,2,5770.125,0,0.0,27.12040254,38.45802915
118081.39800000002,0,13579509,0,0.0,ORTA_TICARETHANE,35-09-M01260,CIGLI,35,0,0,KAKLIC,0,0,5,1,2018.518,55.022000000000006,0,0,0.0,0,0.0,4,116062.88,0,0.0,26.99379973,38.50544593
6002.078,0,13579680,0,0.0,KUCUK_TICARETHANE,35-04-K02426,KARSIYAKA,35,0,0,MAVISEHIR,0,0,1,0,0.0,6.51,0,0,0.0,0,0.0,1,6002.078,0,0.0,27.08126001,38.47338327
2189.908,0,13580033,0,0.0,KUCUK_TICARETHANE,35-09-K01320,CIGLI,35,0,0,AYDINLIKEVLER,0,0,1,0,0.0,8.35,0,0,0.0,0,0.0,1,2189.908,0,0.0,27.08333464,38.49069778
3449.946,0,13581338,0,0.0,KUCUK_TICARETHANE,35-09-M00447,CIGLI,35,0,0,SASALLI MERKEZ,0,0,3,2,3448.027,10.026666666666666,0,0,0.0,0,0.0,1,1.919,0,0.0,26.95049557,38.49713417
23620.71,0,13585831,0,0.0,ORTA_TICARETHANE,35-09-K04124,CIGLI,35,0,0,AYDINLIKEVLER,0,0,1,0,0.0,20.6,0,0,0.0,0,0.0,1,23620.71,0,0.0,27.08095404,38.48982079
767025.018,0,13587325,0,0.0,ORTA_SANAYI,35-09-K01862,CIGLI,35,0,0,ATASEHIR,0,0,37,0,0.0,24.63,0,4,331035.02,0,0.0,33,435989.998,0,0.0,27.0509037,38.49279127
12235.23,0,13589215,0,0.0,ORTA_TICARETHANE,35-04-M01607,KARSIYAKA,35,0,0,GONCALAR,0,0,1,0,0.0,5.46,0,0,0.0,0,0.0,1,12235.23,0,0.0,27.10055955,38.46590884
31607.983,0,13591753,0,0.0,ORTA_TICARETHANE,35-04-K04059,KARSIYAKA,35,0,0,BAHCELIEVLER,0,0,2,0,0.0,12.45,0,0,0.0,0,0.0,2,31607.983,0,0.0,27.12585734,38.46428646
35435.7,0,13591852,0,0.0,ORTA_TICARETHANE,35-04-K01034,KARSIYAKA,35,0,0,DEMIRKOPRU,0,0,1,0,0.0,72.7,0,0,0.0,0,0.0,1,35435.7,0,0.0,27.09971918,38.47080969
34687.583,0,13592814,0,0.0,ORTA_TICARETHANE,35-09-K01864,CIGLI,35,0,0,KUCUK CIGLI,0,0,2,1,3986.103,5.0,0,0,0.0,0,0.0,1,30701.48,0,0.0,27.05793616,38.49771618
13690.37,0,13593876,0,0.0,ORTA_TICARETHANE,35-09-K01321,CIGLI,35,0,0,AYDINLIKEVLER,0,0,1,0,0.0,16.6,0,0,0.0,0,0.0,1,13690.37,0,0.0,27.08447589,38.49157174
2152.056,0,13594668,0,0.0,KUCUK_TICARETHANE,35-09-M02551,CIGLI,35,0,0,KOYICI,0,0,1,0,0.0,8.35,0,0,0.0,0,0.0,1,2152.056,0,0.0,27.0633117,38.4949017
1806.349,0,13594803,0,0.0,KUCUK_TICARETHANE,35-09-K01875,CIGLI,35,0,0,SIRINTEPE,0,0,1,0,0.0,5.0,0,0,0.0,0,0.0,1,1806.349,0,0.0,27.06757466,38.49300816
3078.02,0,13594812,0,0.0,KUCUK_TICARETHANE,35-09-K01867,CIGLI,35,0,0,KUCUK CIGLI,0,0,1,0,0.0,5.0,0,0,0.0,0,0.0,1,3078.02,0,0.0,27.051583,38.504282
10745.77,0,13595980,0,0.0,ORTA_TICARETHANE,35-09-M00256,CIGLI,35,0,0,KAKLIC,0,0,1,0,0.0,5.0,0,0,0.0,0,0.0,1,10745.77,0,0.0,26.98743835,38.50874032
108237.8,0,13603670,0,0.0,ORTA_TICARETHANE,35-04-K04184,KARSIYAKA,35,0,0,ZUBEYDE HANIM,0,0,1,0,0.0,134.1,0,0,0.0,0,0.0,1,108237.8,0,0.0,27.117155,38.498855
18504.03,0,13604696,1,18504.03,AYDINLATMA,35-04-K04709,KARSIYAKA,35,0,0,DEMIRKOPRU,0,0,0,0,0.0,5.0,0,0,0.0,0,0.0,0,0.0,0,0.0,27.09789542,38.46967699
61879.8,0,13606028,0,0.0,ORTA_TICARETHANE,35-04-K01115,KARSIYAKA,35,0,0,ZUBEYDE HANIM,0,0,1,0,0.0,803.29,0,0,0.0,0,0.0,1,61879.8,0,0.0,27.11613809,38.49823724
23831.28,0,13606037,0,0.0,ORTA_TICARETHANE,35-04-K01115,KARSIYAKA,35,0,0,ZUBEYDE HANIM,0,0,1,0,0.0,283.62,0,0,0.0,0,0.0,1,23831.28,0,0.0,27.11561597,38.49674797
13681.7,0,13608476,0,0.0,ORTA_TICARETHANE,35-09-K04497,CIGLI,35,0,0,CAGDAS,0,0,1,0,0.0,10.85,0,0,0.0,0,0.0,1,13681.7,0,0.0,27.05687438,38.50306068
9708.278,0,13608656,0,0.0,KUCUK_TICARETHANE,35-09-M01981,CIGLI,35,0,0,SIRINTEPE,0,0,5,3,6222.299,9.4332,0,0,0.0,0,0.0,2,3485.9790000000003,0,0.0,27.07496331,38.49475556
335358.4,0,13608908,0,0.0,ORTA_TICARETHANE,35-09-K03904,CIGLI,35,0,0,ATASEHIR,0,0,1,0,0.0,386.63,0,0,0.0,0,0.0,1,335358.4,0,0.0,27.0575617,38.4846683
0.0,0,13610564,0,0.0,ORTA_TICARETHANE,35-09-M00625,CIGLI,35,0,0,AHMET EFENDI,0,0,1,0,0.0,15.01,0,0,0.0,0,0.0,1,0.0,0,0.0,27.0403112,38.52024396
272003.9,0,13613057,0,0.0,ORTA_SANAYI,35-04-K00308,KARSIYAKA,35,0,0,SEMIKLER,0,0,1,0,0.0,239.468,0,1,272003.9,0,0.0,0,0.0,0,0.0,27.08845524,38.48198524
66022.82800000001,0,13616460,0,0.0,ORTA_TICARETHANE,35-09-K01875,CIGLI,35,0,0,SIRINTEPE,0,0,6,0,0.0,13.339999999999998,0,0,0.0,0,0.0,6,66022.82800000001,0,0.0,27.06581014,38.49177578
185872.461,0,13617963,0,0.0,ORTA_TICARETHANE,35-04-M01684,KARSIYAKA,35,0,0,MUSTAFA KEMAL,0,0,8,0,0.0,23.765,0,0,0.0,0,0.0,8,185872.461,0,0.0,27.09599112,38.49262295
50411.889,0,13621979,0,0.0,ORTA_TICARETHANE,35-04-K00197,KARSIYAKA,35,0,0,SEMIKLER,0,0,20,13,36043.155,10.483,0,0,0.0,0,0.0,7,14368.734,0,0.0,27.09448118,38.4718195
602499.36,0,13627289,0,0.0,ORTA_TICARETHANE,35-04-M01180,KARSIYAKA,35,0,0,CUMHURIYET,0,0,37,18,70443.88,17.051675675675675,0,0,0.0,0,0.0,19,532055.4800000001,0,0.0,27.1035098,38.47578028
6714.246,0,13628855,0,0.0,KUCUK_TICARETHANE,35-09-K04020,CIGLI,35,0,0,YENI MAHALLE,0,0,4,0,0.0,13.527000000000001,0,0,0.0,0,0.0,4,6714.246,0,0.0,27.0580338,38.49351037
2030.352,0,13632240,0,0.0,KUCUK_TICARETHANE,35-04-K04000,KARSIYAKA,35,0,0,TERSANE,0,0,1,0,0.0,8.35,0,0,0.0,0,0.0,1,2030.352,0,0.0,27.12283833,38.46073456
75832.6,0,13632879,0,0.0,ORTA_TICARETHANE,35-04-K03700,KARSIYAKA,35,0,0,DEMIRKOPRU,0,0,1,0,0.0,177.1,0,0,0.0,0,0.0,1,75832.6,0,0.0,27.10103752,38.46971078
2217.215,0,13634067,0,0.0,KUCUK_TICARETHANE,35-09-K03266,CIGLI,35,0,0,BALATCIK,0,0,1,0,0.0,8.35,0,0,0.0,0,0.0,1,2217.215,0,0.0,27.04367932,38.51285614
107151.842,0,13635390,0,0.0,ORTA_TICARETHANE,35-04-K01555,KARSIYAKA,35,0,0,DONANMACI,0,0,29,12,43002.2,5.985172413793103,0,0,0.0,0,0.0,17,64149.64199999999,0,0.0,27.11912553,38.45505737
38739.725,0,13640664,0,0.0,ORTA_TICARETHANE,35-04-K00282,KARSIYAKA,35,0,0,AKSOY,0,0,7,4,9246.283,5.5,0,0,0.0,0,0.0,3,29493.442000000003,0,0.0,27.11141795,38.45469924
6164.8150000000005,0,13643481,0,0.0,KUCUK_TICARETHANE,35-09-M01950,CIGLI,35,0,0,MALTEPE,0,0,5,3,4815.373,10.322,0,0,0.0,0,0.0,2,1349.442,0,0.0,27.07368995,38.48975493
33745.883,0,13644084,0,0.0,ORTA_TICARETHANE,35-04-K01555,KARSIYAKA,35,0,0,DONANMACI,0,0,11,7,14845.778,5.305454545454546,0,0,0.0,0,0.0,4,18900.105,0,0.0,27.11883452,38.45526273
50937.76,0,13646352,0,0.0,ORTA_TICARETHANE,35-09-K01936,CIGLI,35,0,0,CAGDAS,0,0,1,0,0.0,13.73,0,0,0.0,0,0.0,1,50937.76,0,0.0,27.0574871,38.50361089
51698.637,0,13647901,0,0.0,ORTA_TICARETHANE,35-04-K04328,KARSIYAKA,35,0,0,SEMIKLER,0,0,5,2,2343.617,8.68,0,0,0.0,0,0.0,3,49355.020000000004,0,0.0,27.09439113,38.47359228
22560.06,0,13650133,0,0.0,ORTA_TICARETHANE,35-04-K04618,KARSIYAKA,35,0,0,SEMIKLER,0,0,1,0,0.0,68.81,0,0,0.0,0,0.0,1,22560.06,0,0.0,27.09843398,38.47452333
109591.7,0,13657132,0,0.0,ORTA_TICARETHANE,35-04-K01316,KARSIYAKA,35,0,0,DONANMACI,0,0,1,0,0.0,52.53,0,0,0.0,0,0.0,1,109591.7,0,0.0,27.11747545,38.45396616
47178.896,0,13657879,0,0.0,ORTA_TICARETHANE,35-09-M01985,CIGLI,35,0,0,AHMET TANER KISLALI,0,0,2,0,0.0,12.48,0,0,0.0,0,0.0,2,47178.896,0,0.0,27.08684752,38.4962437
54677.919,0,13661975,0,0.0,ORTA_TICARETHANE,35-09-M01975,CIGLI,35,0,0,GUZELTEPE,0,0,4,1,882.009,9.032499999999999,0,0,0.0,0,0.0,3,53795.91,0,0.0,27.08225577,38.50338985
120145.1,0,13663083,0,0.0,ORTA_TICARETHANE,35-04-K04131,KARSIYAKA,35,0,0,SEMIKLER,0,0,1,0,0.0,45.2,0,0,0.0,0,0.0,1,120145.1,0,0.0,27.09582023,38.47774162
262599.6,0,13665468,0,0.0,ORTA_TICARETHANE,35-04-M01143,KARSIYAKA,35,0,0,YALI,0,0,1,0,0.0,120.5,0,0,0.0,0,0.0,1,262599.6,0,0.0,27.070515,38.4758583
5467.669,0,13665729,0,0.0,KUCUK_TICARETHANE,35-09-K02499,CIGLI,35,0,0,AYDINLIKEVLER,0,0,1,0,0.0,13.66,0,0,0.0,0,0.0,1,5467.669,0,0.0,27.07930312,38.48942434
2476.908,0,13665855,0,0.0,KUCUK_TICARETHANE,35-09-K01879,CIGLI,35,0,0,YENI MAHALLE,0,0,3,2,2464.185,5.0,0,0,0.0,0,0.0,1,12.723,0,0.0,27.05575789,38.49569524
8445.477,0,13666800,0,0.0,KUCUK_TICARETHANE,35-09-K01863,CIGLI,35,0,0,YENI MAHALLE,0,0,5,3,6572.433,7.464,0,0,0.0,0,0.0,2,1873.0439999999999,0,0.0,27.05536809,38.49688327
60901.26,0,13666917,0,0.0,ORTA_TICARETHANE,35-09-M02552,CIGLI,35,0,0,MALTEPE,0,0,1,0,0.0,69.65,0,0,0.0,0,0.0,1,60901.26,0,0.0,27.06899113,38.49049222
987.92,0,13667394,0,0.0,KUCUK_TICARETHANE,35-09-K01875,CIGLI,35,0,0,SIRINTEPE,0,0,2,1,883.411,7.5,0,0,0.0,0,0.0,1,104.509,0,0.0,27.06795511,38.49490032
1286.865,0,13669590,0,0.0,KUCUK_TICARETHANE,35-09-M00646,CIGLI,35,0,0,UGUR MUMCU,0,0,1,0,0.0,5.0,0,0,0.0,0,0.0,1,1286.865,0,0.0,27.04762595,38.52548184
10320.95,0,13669824,0,0.0,ORTA_TICARETHANE,35-09-K02499,CIGLI,35,0,0,AYDINLIKEVLER,0,0,1,0,0.0,43.1,0,0,0.0,0,0.0,1,10320.95,0,0.0,27.07973463,38.48952912
36981.12,0,13669842,0,0.0,ORTA_TICARETHANE,35-09-K03320,CIGLI,35,0,0,AYDINLIKEVLER,0,0,1,0,0.0,5.0,0,0,0.0,0,0.0,1,36981.12,0,0.0,27.07931685,38.49047906
320982.528,0,13671308,0,0.0,ORTA_TICARETHANE,35-04-M01030,KARSIYAKA,35,0,0,IMBATLI,0,0,34,23,94492.013,17.226,0,0,0.0,0,0.0,11,226490.515,0,0.0,27.11315998,38.47260842
27432.648999999998,0,13672163,0,0.0,ORTA_TICARETHANE,35-09-K03320,CIGLI,35,0,0,AYDINLIKEVLER,0,0,2,0,0.0,5.0,0,0,0.0,0,0.0,2,27432.648999999998,0,0.0,27.07931816,38.49034681
19663.3,0,13672172,0,0.0,ORTA_TICARETHANE,35-09-K03320,CIGLI,35,0,0,AYDINLIKEVLER,0,0,1,0,0.0,5.0,0,0,0.0,0,0.0,1,19663.3,0,0.0,27.08015705,38.49224299
10203.002,0,13673872,0,0.0,KUCUK_TICARETHANE,35-09-K01958,CIGLI,35,0,0,AYDINLIKEVLER,0,0,3,2,6265.616,6.506666666666667,0,0,0.0,0,0.0,1,3937.386,0,0.0,27.08462353,38.49356297
40491.439999999995,0,13673935,0,0.0,ORTA_TICARETHANE,35-09-K01958,CIGLI,35,0,0,AYDINLIKEVLER,0,0,2,1,6574.6,6.279999999999999,0,0,0.0,0,0.0,1,33916.84,0,0.0,27.08422431,38.49374179
1663.364,0,13675996,0,0.0,KUCUK_TICARETHANE,35-09-K01958,CIGLI,35,0,0,AYDINLIKEVLER,0,0,2,1,1650.169,5.0,0,0,0.0,0,0.0,1,13.195,0,0.0,27.08417664,38.4936653
76340.054,0,13676014,0,0.0,ORTA_TICARETHANE,35-09-K01958,CIGLI,35,0,0,AYDINLIKEVLER,0,0,3,2,1220.174,5.98,0,0,0.0,0,0.0,1,75119.88,0,0.0,27.08409931,38.49387812
29088.369000000002,0,13676023,0,0.0,ORTA_TICARETHANE,35-09-K01958,CIGLI,35,0,0,AYDINLIKEVLER,0,0,2,1,466.379,8.08,0,0,0.0,0,0.0,1,28621.99,0,0.0,27.08415043,38.49385566
7367.084,0,13676032,0,0.0,KUCUK_TICARETHANE,35-09-K01958,CIGLI,35,0,0,AYDINLIKEVLER,0,0,3,2,3601.739,9.479999999999999,0,0,0.0,0,0.0,1,3765.345,0,0.0,27.08424552,38.49394217
18638.49,0,13677868,0,0.0,ORTA_TICARETHANE,35-09-M00254,CIGLI,35,0,0,KAKLIC,0,0,1,0,0.0,23.86,0,0,0.0,0,0.0,1,18638.49,0,0.0,26.98988616,38.50178532
5993.508,0,13679455,0,0.0,ORTA_TICARETHANE,35-09-K03320,CIGLI,35,0,0,AYDINLIKEVLER,0,0,1,0,0.0,56.92,0,0,0.0,0,0.0,1,5993.508,0,0.0,27.08038225,38.49078432
4479.564,0,13679509,0,0.0,ORTA_TICARETHANE,35-09-K03320,CIGLI,35,0,0,AYDINLIKEVLER,0,0,1,0,0.0,15.6,0,0,0.0,0,0.0,1,4479.564,0,0.0,27.07876586,38.49152115
3206.309,0,13679518,0,0.0,ORTA_TICARETHANE,35-09-K03320,CIGLI,35,0,0,AYDINLIKEVLER,0,0,1,0,0.0,15.6,0,0,0.0,0,0.0,1,3206.309,0,0.0,27.07881161,38.49145883
10573.96,0,13685287,0,0.0,ORTA_TICARETHANE,,CIGLI,35,0,0,KOYICI,0,0,1,0,0.0,5.0,0,0,0.0,0,0.0,1,10573.96,0,0.0,27.06142286,38.49692668
8983.302,0,13686781,0,0.0,KUCUK_TICARETHANE,35-04-K00018,KARSIYAKA,35,0,0,DONANMACI,0,0,2,1,5392.782,10.004999999999999,0,0,0.0,0,0.0,1,3590.52,0,0.0,27.11556163,38.45439534
21234.821,0,13686790,0,0.0,ORTA_TICARETHANE,35-04-K00692,KARSIYAKA,35,0,0,TUNA,0,0,3,0,0.0,6.176666666666667,0,0,0.0,0,0.0,3,21234.821,0,0.0,27.1164006,38.45770706
7111.517000000001,0,13690246,0,0.0,KUCUK_TICARETHANE,35-09-K03705,CIGLI,35,0,0,MALTEPE,0,0,3,2,2537.386,10.043333333333335,0,0,0.0,0,0.0,1,4574.131,0,0.0,27.07417167,38.49032276
2916.58,0,13690795,0,0.0,KUCUK_TICARETHANE,35-09-M01145,CIGLI,35,0,0,KAKLIC,0,0,1,0,0.0,11.37,0,0,0.0,0,0.0,1,2916.58,0,0.0,26.99310571,38.50391534
164217.4,0,13694694,0,0.0,ORTA_TICARETHANE,35-09-M00888,CIGLI,35,0,0,BALATCIK,0,0,1,0,0.0,236.0,0,0,0.0,0,0.0,1,164217.4,0,0.0,27.04422603,38.51452614
23777.585000000003,0,13698177,0,0.0,ORTA_TICARETHANE,35-04-M01360,KARSIYAKA,35,0,0,CUMHURIYET,0,0,3,0,0.0,9.556666666666667,0,0,0.0,0,0.0,3,23777.585000000003,0,0.0,27.09474454,38.48219814
23448.097,0,13700400,0,0.0,ORTA_TICARETHANE,35-04-K02447,KARSIYAKA,35,0,0,ZUBEYDE HANIM,0,0,2,0,0.0,18.065,0,0,0.0,0,0.0,2,23448.097,0,0.0,27.11326598,38.4913481
34740.06,0,13701885,0,0.0,ORTA_TICARETHANE,35-04-M01040,KARSIYAKA,35,0,0,GONCALAR,0,0,1,0,0.0,182.34,0,0,0.0,0,0.0,1,34740.06,0,0.0,27.10702705,38.46294641
37317.43,0,13703361,0,0.0,ORTA_TICARETHANE,35-04-K01116,KARSIYAKA,35,0,0,ATAKENT,0,0,1,0,0.0,5.0,0,0,0.0,0,0.0,1,37317.43,0,0.0,27.0891343,38.46521107
20319.17,0,13703433,0,0.0,ORTA_TICARETHANE,35-04-K01541,KARSIYAKA,35,0,0,ATAKENT,0,0,1,0,0.0,29.0,0,0,0.0,0,0.0,1,20319.17,0,0.0,27.08434631,38.46871748
52530.63,0,13703442,0,0.0,ORTA_TICARETHANE,35-04-K01541,KARSIYAKA,35,0,0,ATAKENT,0,0,1,0,0.0,25.28,0,0,0.0,0,0.0,1,52530.63,0,0.0,27.08472689,38.46925187
4410.029,0,13706078,0,0.0,KUCUK_TICARETHANE,35-09-M02091,CIGLI,35,0,0,BALATCIK,0,0,3,2,4337.612,8.6,0,0,0.0,0,0.0,1,72.417,0,0.0,27.04009163,38.51319148
33793.78,0,13706339,0,0.0,ORTA_TICARETHANE,35-09-K01875,CIGLI,35,0,0,SIRINTEPE,0,0,1,0,0.0,26.14,0,0,0.0,0,0.0,1,33793.78,0,0.0,27.06578976,38.49263174
27707.985,0,13709815,0,0.0,ORTA_TICARETHANE,35-09-M00400,CIGLI,35,0,0,BALATCIK,0,0,6,3,15001.477,12.571666666666665,0,0,0.0,0,0.0,3,12706.508,0,0.0,27.03809397,38.51752545
2571.695,0,13711093,0,0.0,KUCUK_TICARETHANE,35-09-K01874,CIGLI,35,0,0,YAKAKENT,0,0,1,0,0.0,8.35,0,0,0.0,0,0.0,1,2571.695,0,0.0,27.0756455,38.50322144
4997.409,0,13711102,0,0.0,KUCUK_TICARETHANE,35-09-M01976,CIGLI,35,0,0,YAKAKENT,0,0,1,0,0.0,8.7,0,0,0.0,0,0.0,1,4997.409,0,0.0,27.07590127,38.5034809
34093.348,0,13711138,0,0.0,ORTA_TICARETHANE,35-09-K03492,CIGLI,35,0,0,ATASEHIR,0,0,6,0,0.0,11.012,0,0,0.0,0,0.0,6,34093.348,0,0.0,27.06368843,38.48440256
10578.47,0,13711165,0,0.0,ORTA_TICARETHANE,35-04-K01116,KARSIYAKA,35,0,0,ATAKENT,0,0,1,0,0.0,5.0,0,0,0.0,0,0.0,1,10578.47,0,0.0,27.08820418,38.46641744
27645.18,0,13711444,0,0.0,ORTA_TICARETHANE,35-04-K00907,KARSIYAKA,35,0,0,BAHCELIEVLER,0,0,1,0,0.0,5.0,0,0,0.0,0,0.0,1,27645.18,0,0.0,27.11647572,38.46595143
1898.576,0,13711462,0,0.0,KUCUK_TICARETHANE,35-04-K00907,KARSIYAKA,35,0,0,BAHCELIEVLER,0,0,1,0,0.0,5.0,0,0,0.0,0,0.0,1,1898.576,0,0.0,27.11679846,38.46615839
19648.23,0,13711480,0,0.0,ORTA_TICARETHANE,35-04-M01028,KARSIYAKA,35,0,0,IMBATLI,0,0,1,0,0.0,5.0,0,0,0.0,0,0.0,1,19648.23,0,0.0,27.10628348,38.47633846
21175.81,0,13714081,0,0.0,ORTA_TICARETHANE,35-09-M02551,CIGLI,35,0,0,KOYICI,0,0,1,0,0.0,8.35,0,0,0.0,0,0.0,1,21175.81,0,0.0,27.06250514,38.49405571
12348.84,0,13715179,0,0.0,ORTA_TICARETHANE,35-09-K02499,CIGLI,35,0,0,AYDINLIKEVLER,0,0,1,0,0.0,23.72,0,0,0.0,0,0.0,1,12348.84,0,0.0,27.07968458,38.48951565
6965.136,0,13715620,0,0.0,ORTA_TICARETHANE,35-09-K03320,CIGLI,35,0,0,AYDINLIKEVLER,0,0,1,0,0.0,22.78,0,0,0.0,0,0.0,1,6965.136,0,0.0,27.0802142,38.49183948
97419.75,0,13722910,0,0.0,ORTA_TICARETHANE,35-04-M01434,KARSIYAKA,35,0,0,YALI,0,0,1,0,0.0,639.0,0,0,0.0,0,0.0,1,97419.75,0,0.0,27.089235,38.467993
255197.821,0,13725772,0,0.0,ORTA_TICARETHANE,35-04-M02326,KARSIYAKA,35,0,0,ORNEKKOY,0,0,2,1,7306.821,51.82,0,0,0.0,0,0.0,1,247891.0,0,0.0,27.11025977,38.47667276
26156.383,0,13729300,0,0.0,ORTA_TICARETHANE,35-09-K03320,CIGLI,35,0,0,AYDINLIKEVLER,0,0,2,0,0.0,5.0,0,0,0.0,0,0.0,2,26156.383,0,0.0,27.07921421,38.49025128
12625.81,0,13729318,0,0.0,ORTA_TICARETHANE,35-09-K03320,CIGLI,35,0,0,AYDINLIKEVLER,0,0,1,0,0.0,5.0,0,0,0.0,0,0.0,1,12625.81,0,0.0,27.07906779,38.48979234
124486.04699999999,0,13729660,0,0.0,ORTA_SANAYI,35-04-K00197,KARSIYAKA,35,0,0,SEMIKLER,0,0,24,16,31070.862,10.549375,0,1,47892.59,0,0.0,7,45522.595,0,0.0,27.09457247,38.47074538
2622.159,0,13732800,0,0.0,KUCUK_TICARETHANE,35-04-K00215,KARSIYAKA,35,0,0,SEMIKLER,0,0,1,0,0.0,8.35,0,0,0.0,0,0.0,1,2622.159,0,0.0,27.09042343,38.47901852
7846.254,0,13732890,0,0.0,KUCUK_TICARETHANE,35-09-M00219,CIGLI,35,0,0,INONU,0,0,4,1,3547.892,12.2875,0,0,0.0,0,0.0,3,4298.362,0,0.0,27.0476836,38.5314552
25718.077999999998,0,13734114,0,0.0,ORTA_TICARETHANE,35-04-K01316,KARSIYAKA,35,0,0,DONANMACI,0,0,9,6,15439.903999999999,6.057777777777777,0,0,0.0,0,0.0,3,10278.173999999999,0,0.0,27.11801396,38.45402878
113646.138,0,13739346,0,0.0,ORTA_TICARETHANE,35-04-K00587,KARSIYAKA,35,0,0,BOSTANLI,0,0,16,10,18355.772,13.0906875,0,0,0.0,0,0.0,6,95290.36600000001,0,0.0,27.09691113,38.45757703
8086.279,0,13740651,0,0.0,KUCUK_TICARETHANE,35-04-K00692,KARSIYAKA,35,0,0,BAHARIYE,0,0,1,0,0.0,5.76,0,0,0.0,0,0.0,1,8086.279,0,0.0,27.11749348,38.45867669
75558.69,0,13742309,0,0.0,ORTA_TICARETHANE,35-04-K03676,KARSIYAKA,35,0,0,BAHRIYE UCOK,0,0,1,0,0.0,101.96,0,0,0.0,0,0.0,1,75558.69,0,0.0,27.1146233,38.46086
74214.645,0,13742318,0,0.0,ORTA_TICARETHANE,35-04-K01051,KARSIYAKA,35,0,0,BAHRIYE UCOK,0,0,13,9,22533.983,12.522307692307692,0,0,0.0,0,0.0,4,51680.662000000004,0,0.0,27.10856697,38.46460217
149315.1,0,13744991,0,0.0,ORTA_TICARETHANE,35-04-K00832,KARSIYAKA,35,0,0,BOSTANLI,0,0,1,0,0.0,110.673,0,0,0.0,0,0.0,1,149315.1,0,0.0,27.1009714,38.45770988
118901.5,0,13745027,0,0.0,ORTA_TICARETHANE,35-04-K00289,KARSIYAKA,35,0,0,DONANMACI,0,0,1,0,0.0,86.0,0,0,0.0,0,0.0,1,118901.5,0,0.0,27.11578779,38.45748168
7757.928,0,13745351,0,0.0,KUCUK_TICARETHANE,35-04-K01760,KARSIYAKA,35,0,0,DONANMACI,0,0,1,0,0.0,14.93,0,0,0.0,0,0.0,1,7757.928,0,0.0,27.11834107,38.4560008
25343.64,0,13748150,0,0.0,ORTA_TICARETHANE,35-09-M01976,CIGLI,35,0,0,YAKAKENT,0,0,1,0,0.0,73.85,0,0,0.0,0,0.0,1,25343.64,0,0.0,27.07509959,38.50346901
6516.223,0,13750139,0,0.0,KUCUK_TICARETHANE,35-04-M02425,KARSIYAKA,35,0,0,SEMIKLER,0,0,2,1,5877.802,5.05,0,0,0.0,0,0.0,1,638.421,0,0.0,27.09817807,38.47517824
41473.704999999994,0,13753226,0,0.0,ORTA_TICARETHANE,35-04-K02435,KARSIYAKA,35,0,0,MUSTAFA KEMAL,0,0,2,0,0.0,110.11999999999999,0,0,0.0,0,0.0,2,41473.704999999994,0,0.0,27.0964235,38.49295161
40499.32,0,13754612,0,0.0,ORTA_TICARETHANE,35-04-K02433,KARSIYAKA,35,0,0,TUNA,0,0,1,0,0.0,17.18,0,0,0.0,0,0.0,1,40499.32,0,0.0,27.11749103,38.45689982
7619.686,0,13776917,0,0.0,KUCUK_TICARETHANE,35-09-M00647,CIGLI,35,0,0,UGUR MUMCU,0,0,3,2,4685.9259999999995,7.793333333333334,0,0,0.0,0,0.0,1,2933.76,0,0.0,27.04233732,38.52379295
102744.1,0,13789187,0,0.0,ORTA_TICARETHANE,35-04-K02313,KARSIYAKA,35,0,0,BOSTANLI,0,0,1,0,0.0,48.0,0,0,0.0,0,0.0,1,102744.1,0,0.0,27.0997933,38.45414
242033.6,0,13798009,0,0.0,ORTA_TICARETHANE,35-04-K00133,KARSIYAKA,35,0,0,TUNA,0,0,1,0,0.0,193.46,0,0,0.0,0,0.0,1,242033.6,0,0.0,27.11947719,38.45586935
44149.123,0,13800681,0,0.0,ORTA_TICARETHANE,35-09-K04221,CIGLI,35,0,0,ATASEHIR,0,0,6,1,1552.312,12.763333333333334,0,0,0.0,0,0.0,5,42596.811,0,0.0,27.06640226,38.49140827
42230.38,0,13801743,0,0.0,ORTA_TICARETHANE,35-09-K04221,CIGLI,35,0,0,ATASEHIR,0,0,1,0,0.0,37.7,0,0,0.0,0,0.0,1,42230.38,0,0.0,27.06638261,38.4911354
56977.79,0,13802139,0,0.0,ORTA_TICARETHANE,35-04-K01990,KARSIYAKA,35,0,0,TUNA,0,0,1,0,0.0,46.059,0,0,0.0,0,0.0,1,56977.79,0,0.0,27.11893843,38.45580299
6315.595,0,13804606,0,0.0,KUCUK_TICARETHANE,35-04-K01360,KARSIYAKA,35,0,0,BAHARIYE,0,0,1,0,0.0,5.0,0,0,0.0,0,0.0,1,6315.595,0,0.0,27.11465425,38.45971438
17621.93,0,13804633,0,0.0,ORTA_TICARETHANE,35-04-K03724,KARSIYAKA,35,0,0,BAHRIYE UCOK,0,0,1,0,0.0,8.688,0,0,0.0,0,0.0,1,17621.93,0,0.0,27.11010417,38.46126775
4623.161,0,13805470,0,0.0,KUCUK_TICARETHANE,35-09-M02549,CIGLI,35,0,0,KUCUK CIGLI,0,0,2,1,3575.991,10.434999999999999,0,0,0.0,0,0.0,1,1047.17,0,0.0,27.04365596,38.50260706
4367.46,0,13806918,0,0.0,ORTA_TICARETHANE,35-04-M01583,KARSIYAKA,35,0,0,YALI,0,0,1,0,0.0,75.0,0,0,0.0,0,0.0,1,4367.46,0,0.0,27.08105572,38.47581843
7515.298,0,13808817,0,0.0,KUCUK_TICARETHANE,35-04-K04099,KARSIYAKA,35,0,0,YALI,0,0,2,0,0.0,10.004999999999999,0,0,0.0,0,0.0,2,7515.298,0,0.0,27.09180297,38.4727098
119211.90199999999,0,13816290,0,0.0,ORTA_TICARETHANE,35-09-K04221,CIGLI,35,0,0,SIRINTEPE,0,0,9,1,3779.262,16.831111111111113,0,0,0.0,0,0.0,8,115432.63999999998,0,0.0,27.06648015,38.49107317
139171.913,0,13816650,0,0.0,ORTA_TICARETHANE,35-09-M00888,CIGLI,35,0,0,BALATCIK,0,0,13,9,58031.821,10.441384615384615,0,0,0.0,0,0.0,4,81140.092,0,0.0,27.0443904,38.51429717
103302.186,0,13819694,0,0.0,ORTA_TICARETHANE,35-04-K03083,KARSIYAKA,35,0,0,FIKRI ALTAY,0,0,8,4,17952.657,9.175,0,0,0.0,0,0.0,4,85349.529,0,0.0,27.09992519,38.47327017
22125.208,0,13819721,0,0.0,ORTA_TICARETHANE,35-09-M02552,CIGLI,35,0,0,SIRINTEPE,0,0,6,2,1296.709,9.195,0,0,0.0,0,0.0,4,20828.499,0,0.0,27.06709207,38.49122698
2940.376,0,13821521,0,0.0,KUCUK_TICARETHANE,35-04-K00243,KARSIYAKA,35,0,0,CUMHURIYET,0,0,2,1,1919.425,5.0,0,0,0.0,0,0.0,1,1020.951,0,0.0,27.09727225,38.4830838
12571.81,0,13844561,0,0.0,ORTA_TICARETHANE,35-04-K00833,KARSIYAKA,35,0,0,DONANMACI,0,0,1,0,0.0,6.64,0,0,0.0,0,0.0,1,12571.81,0,0.0,27.11397983,38.45751187
42344.94,0,13849618,0,0.0,ORTA_TICARETHANE,35-09-M00999,CIGLI,35,0,0,BALATCIK,0,0,2,0,0.0,9.125,0,0,0.0,0,0.0,2,42344.94,0,0.0,27.03838148,38.51266367
7719.664000000001,0,13853820,0,0.0,KUCUK_TICARETHANE,35-04-K04059,KARSIYAKA,35,0,0,BAHCELIEVLER,0,0,2,1,2086.662,8.665,0,0,0.0,0,0.0,1,5633.002,0,0.0,27.12613519,38.46487891
19061.407,0,13853838,0,0.0,ORTA_TICARETHANE,35-04-K03036,KARSIYAKA,35,0,0,DEDEBASI,0,0,2,0,0.0,5.0,0,0,0.0,0,0.0,2,19061.407,0,0.0,27.10885035,38.46947375
101349.727,0,13868615,0,0.0,ORTA_TICARETHANE,35-04-M01892,KARSIYAKA,35,0,0,YALI,0,0,13,4,9076.642,12.540461538461539,0,0,0.0,0,0.0,9,92273.085,0,0.0,27.08518795,38.47322485
83428.51,0,13873430,0,0.0,ORTA_TICARETHANE,35-04-K00243,KARSIYAKA,35,0,0,CUMHURIYET,0,0,1,0,0.0,50.0,0,0,0.0,0,0.0,1,83428.51,0,0.0,27.09711712,38.48265417
261233.2,0,13874619,0,0.0,BUYUK_TICARETHANE,35-04-M01802,KARSIYAKA,35,0,0,YALI,0,0,1,0,0.0,499.65,0,0,0.0,0,0.0,1,261233.2,0,0.0,27.08743306,38.47647567
341302.3,0,13874763,0,0.0,BUYUK_TICARETHANE,35-04-M01584,KARSIYAKA,35,0,0,YALI,0,0,1,0,0.0,885.53,0,0,0.0,0,0.0,1,341302.3,0,0.0,27.08305425,38.47850782
10399.971,0,13878200,0,0.0,KUCUK_TICARETHANE,35-04-K00115,KARSIYAKA,35,0,0,GONCALAR,0,0,4,2,6379.111,5.0,0,0,0.0,0,0.0,2,4020.8599999999997,0,0.0,27.10551267,38.46405669
51819.918,0,13878344,0,0.0,ORTA_TICARETHANE,35-04-K00053,KARSIYAKA,35,0,0,BOSTANLI,0,0,2,0,0.0,129.82500000000002,0,0,0.0,0,0.0,2,51819.918,0,0.0,27.10454512,38.45477177
138991.18899999998,0,13880556,0,0.0,ORTA_TICARETHANE,35-04-K03844,KARSIYAKA,35,0,0,TUNA,0,0,29,12,21062.271,5.9093103448275865,0,0,0.0,0,0.0,17,117928.918,0,0.0,27.11919005,38.45647388
53590.449,0,13892113,0,0.0,ORTA_TICARETHANE,35-04-M02466,KARSIYAKA,35,0,0,CUMHURIYET,0,0,3,1,1738.315,9.530000000000001,0,0,0.0,0,0.0,2,51852.134,0,0.0,27.09630547,38.48437973
22654.38,0,13894202,0,0.0,ORTA_TICARETHANE,35-09-K03317,CIGLI,35,0,0,MALTEPE,0,0,1,0,0.0,52.43,0,0,0.0,0,0.0,1,22654.38,0,0.0,27.07369,38.49202335
5338.581,0,13896142,1,5338.581,AYDINLATMA,35-04-M01300,KARSIYAKA,35,0,0,ORNEKKOY,0,0,0,0,0.0,8.35,0,0,0.0,0,0.0,0,0.0,0,0.0,27.11318422,38.48306434
51538.833,0,13896468,0,0.0,ORTA_TICARETHANE,35-04-M01834,KARSIYAKA,35,0,0,CUMHURIYET,0,0,22,1,4463.234,9.171818181818182,0,0,0.0,0,0.0,21,47075.599,0,0.0,27.09893195,38.47762003
118927.27500000001,0,13896513,0,0.0,ORTA_TICARETHANE,35-04-K02316,KARSIYAKA,35,0,0,GONCALAR,0,0,7,2,3100.2169999999996,27.30657142857143,0,0,0.0,0,0.0,5,115827.058,0,0.0,27.10886644,38.46529349
29665.548,0,13897008,0,0.0,ORTA_TICARETHANE,35-04-M01180,KARSIYAKA,35,0,0,CUMHURIYET,0,0,5,1,230.804,7.448,0,0,0.0,0,0.0,4,29434.744,0,0.0,27.10226309,38.47666256
91294.508,0,13897179,0,0.0,ORTA_TICARETHANE,35-04-K01555,KARSIYAKA,35,0,0,DONANMACI,0,0,9,1,19269.53,7.222222222222222,0,0,0.0,0,0.0,8,72024.978,0,0.0,27.11830593,38.45569984
257.463,0,13897405,0,0.0,KUCUK_TICARETHANE,35-04-M02560,KARSIYAKA,35,0,0,IMBATLI,0,0,1,0,0.0,5.0,0,0,0.0,0,0.0,1,257.463,0,0.0,27.11003002,38.47180574
41578.481,0,13916737,0,0.0,ORTA_TICARETHANE,35-04-K03844,KARSIYAKA,35,0,0,TUNA,0,0,5,3,4830.273,6.3442,0,0,0.0,0,0.0,2,36748.208,0,0.0,27.11939951,38.45630695
169556.3,0,13919202,0,0.0,ORTA_TICARETHANE,35-04-M01616,KARSIYAKA,35,0,0,BAHRIYE UCOK,0,0,1,0,0.0,129.94,0,0,0.0,0,0.0,1,169556.3,0,0.0,27.10891165,38.461665
61732.22,0,13929055,0,0.0,ORTA_TICARETHANE,35-04-K03082,KARSIYAKA,35,0,0,LATIFE HANIM,0,0,1,0,0.0,19.23,0,0,0.0,0,0.0,1,61732.22,0,0.0,27.11553738,38.49175182
2475.246,0,13948426,0,0.0,KUCUK_TICARETHANE,35-04-M01038,KARSIYAKA,35,0,0,BOSTANLI,0,0,1,0,0.0,5.0,0,0,0.0,0,0.0,1,2475.246,0,0.0,27.10123625,38.46005525
31424.75,0,13948750,0,0.0,ORTA_TICARETHANE,35-04-K00055,KARSIYAKA,35,0,0,BAHARIYE,0,0,1,0,0.0,15.01,0,0,0.0,0,0.0,1,31424.75,0,0.0,27.11745952,38.4608016
9464.878,0,13951071,0,0.0,ORTA_TICARETHANE,35-04-M01026,KARSIYAKA,35,0,0,CUMHURIYET,0,0,1,0,0.0,24.76,0,0,0.0,0,0.0,1,9464.878,0,0.0,27.09798792,38.48206685
5875.323,0,14411358,0,0.0,KUCUK_TICARETHANE,35-09-M01985,CIGLI,35,0,0,AHMET TANER KISLALI,0,0,1,0,0.0,8.35,0,0,0.0,0,0.0,1,5875.323,0,0.0,27.08883488,38.49633281
43815.52,0,14411367,0,0.0,ORTA_TICARETHANE,35-09-K03315,CIGLI,35,0,0,ESENTEPE,0,0,1,0,0.0,51.3,0,0,0.0,0,0.0,1,43815.52,0,0.0,27.04925229,38.5064396
4472.564,0,14452805,0,0.0,KUCUK_TICARETHANE,35-09-K01867,CIGLI,35,0,0,KUCUK CIGLI,0,0,1,0,0.0,5.0,0,0,0.0,0,0.0,1,4472.564,0,0.0,27.05162267,38.50432841
22138.998,0,14525020,0,0.0,ORTA_TICARETHANE,35-09-M03090,CIGLI,35,0,0,YENI MAHALLE,0,0,11,5,8776.806,10.737636363636364,0,0,0.0,0,0.0,6,13362.192,0,0.0,27.05175538,38.49961418
3380.389,0,14527684,0,0.0,KUCUK_TICARETHANE,35-09-K01869,CIGLI,35,0,0,KUCUK CIGLI,0,0,3,2,1806.575,9.533333333333333,0,0,0.0,0,0.0,1,1573.814,0,0.0,27.04745575,38.50462105
3803.299,0,14527693,0,0.0,KUCUK_TICARETHANE,35-09-M02465,CIGLI,35,0,0,KUCUK CIGLI,0,0,1,0,0.0,8.35,0,0,0.0,0,0.0,1,3803.299,0,0.0,27.04803492,38.50352097
1289.032,0,14527819,1,1289.032,AYDINLATMA,,CIGLI,35,0,0,ATASEHIR,0,0,0,0,0.0,5.0,0,0,0.0,0,0.0,0,0.0,0,0.0,27.05958096,38.48344429
46786.705,0,14531428,0,0.0,ORTA_TICARETHANE,35-09-M03090,CIGLI,35,0,0,YENI MAHALLE,0,0,13,9,11739.474,14.10969230769231,0,0,0.0,0,0.0,4,35047.231,0,0.0,27.05131309,38.50009197
11756.49,0,14531725,0,0.0,ORTA_TICARETHANE,35-04-K03385,KARSIYAKA,35,0,0,AKSOY,0,0,1,0,0.0,5.0,0,0,0.0,0,0.0,1,11756.49,0,0.0,27.10919421,38.44991443
24132.17,0,14531743,0,0.0,ORTA_TICARETHANE,35-04-K00692,KARSIYAKA,35,0,0,TUNA,0,0,1,0,0.0,14.76,0,0,0.0,0,0.0,1,24132.17,0,0.0,27.11644337,38.4576473
943.54,0,14532292,0,0.0,KUCUK_TICARETHANE,35-09-K03266,CIGLI,35,0,0,BALATCIK,0,0,1,0,0.0,5.1,0,0,0.0,0,0.0,1,943.54,0,0.0,27.04434633,38.51194418
7311.972,0,14532481,0,0.0,KUCUK_TICARETHANE,35-09-K04390,CIGLI,35,0,0,ATATURK,0,0,1,0,0.0,8.35,0,0,0.0,0,0.0,1,7311.972,0,0.0,27.0616873,38.51800291
488.459,0,14534650,0,0.0,KUCUK_TICARETHANE,35-04-K03773,KARSIYAKA,35,0,0,CUMHURIYET,0,0,1,0,0.0,5.0,0,0,0.0,0,0.0,1,488.459,0,0.0,27.0967164,38.48438736
280.526,0,14535487,0,0.0,TARIMSAL_SULAMA,35-09-M01978,CIGLI,35,0,0,KOYICI,0,0,0,0,0.0,5.0,0,0,0.0,1,280.526,0,0.0,0,0.0,27.06587727,38.50113568
2766.062,0,14535595,0,0.0,KUCUK_TICARETHANE,35-09-M01985,CIGLI,35,0,0,AHMET TANER KISLALI,0,0,1,0,0.0,5.0,0,0,0.0,0,0.0,1,2766.062,0,0.0,27.08894824,38.49569351
36819.13,0,14537872,0,0.0,ORTA_TICARETHANE,35-09-M00211,CIGLI,35,0,0,INONU,0,0,2,0,0.0,6.785,0,0,0.0,0,0.0,2,36819.13,0,0.0,27.04707798,38.52662017
24112.066,0,14541203,0,0.0,ORTA_TICARETHANE,35-04-K00282,KARSIYAKA,35,0,0,AKSOY,0,0,3,1,888.437,12.200000000000001,0,0,0.0,0,0.0,2,23223.629,0,0.0,27.11112416,38.45370994
40930.143000000004,0,14542148,0,0.0,ORTA_TICARETHANE,35-09-K02499,CIGLI,35,0,0,AYDINLIKEVLER,0,0,3,1,8595.209,9.603333333333333,0,0,0.0,0,0.0,2,32334.934,0,0.0,27.07947031,38.48869529
1899.816,0,14546297,0,0.0,KUCUK_TICARETHANE,35-09-M00207,CIGLI,35,0,0,CUMHURIYET,0,0,1,0,0.0,8.35,0,0,0.0,0,0.0,1,1899.816,0,0.0,27.05214469,38.53618789
78250.385,0,14549357,0,0.0,ORTA_TICARETHANE,35-04-M00843,KARSIYAKA,35,0,0,MUSTAFA KEMAL,0,0,7,2,12183.737,23.499571428571432,0,0,0.0,0,0.0,5,66066.648,0,0.0,27.09546724,38.49582344
1764.834,0,14550500,0,0.0,KUCUK_TICARETHANE,35-09-M02390,CIGLI,35,0,0,BALATCIK,0,0,1,0,0.0,8.35,0,0,0.0,0,0.0,1,1764.834,0,0.0,27.04397632,38.50902906
59796.629,0,14553020,0,0.0,ORTA_TICARETHANE,35-04-K04757,KARSIYAKA,35,0,0,LATIFE HANIM,0,0,10,0,0.0,24.0412,0,0,0.0,0,0.0,10,59796.629,0,0.0,27.12641508,38.49940802
1141.458,0,14555199,0,0.0,KUCUK_TICARETHANE,35-04-K00849,KARSIYAKA,35,0,0,BOSTANLI,0,0,1,0,0.0,8.35,0,0,0.0,0,0.0,1,1141.458,0,0.0,27.09662027,38.45898444
3087.994,0,14555235,0,0.0,KUCUK_TICARETHANE,35-04-K04757,KARSIYAKA,35,0,0,LATIFE HANIM,0,0,1,0,0.0,9.2,0,0,0.0,0,0.0,1,3087.994,0,0.0,27.12536396,38.49982495
195291.7811,0,14557431,0,0.0,ORTA_TICARETHANE,35-09-M01880,CIGLI,35,0,0,BALATCIK,0,0,103,69,107562.1701,8.563184466019417,0,0,0.0,0,0.0,34,87729.611,0,0.0,27.04193632,38.51452552
20659.254999999997,0,14557503,0,0.0,ORTA_TICARETHANE,35-09-M03090,CIGLI,35,0,0,YENI MAHALLE,0,0,5,3,8293.402,10.01,0,0,0.0,0,0.0,2,12365.853,0,0.0,27.05113073,38.50043069
53709.54,0,14561013,0,0.0,ORTA_TICARETHANE,35-09-M00400,CIGLI,35,0,0,BALATCIK,0,0,1,0,0.0,20.41,0,0,0.0,0,0.0,1,53709.54,0,0.0,27.03707132,38.51840992
35746.31,0,14562624,0,0.0,ORTA_TICARETHANE,35-09-K01870,CIGLI,35,0,0,KOYICI,0,0,7,2,3271.889,7.122,0,0,0.0,0,0.0,5,32474.421,0,0.0,27.06386532,38.49562247
15009.483,0,14562633,0,0.0,KUCUK_TICARETHANE,35-09-K04020,CIGLI,35,0,0,ATASEHIR,0,0,6,4,9458.079,8.735666666666667,0,0,0.0,0,0.0,2,5551.4039999999995,0,0.0,27.06015797,38.49320319
1638.872,0,14564199,0,0.0,KUCUK_TICARETHANE,35-09-M00217,CIGLI,35,0,0,CUMHURIYET,0,0,1,0,0.0,8.35,0,0,0.0,0,0.0,1,1638.872,0,0.0,27.0618506,38.54488122
22933.1,0,14568932,0,0.0,ORTA_TICARETHANE,35-09-M00255,CIGLI,35,0,0,KAKLIC,0,0,1,0,0.0,9.1,0,0,0.0,0,0.0,1,22933.1,0,0.0,26.98756048,38.50832576
49136.648,0,14570400,0,0.0,ORTA_TICARETHANE,35-09-K04337,CIGLI,35,0,0,ATATURK,0,0,2,0,0.0,122.425,0,0,0.0,0,0.0,2,49136.648,0,0.0,27.06359908,38.52166921
5159.723,0,14571219,0,0.0,KUCUK_TICARETHANE,35-09-M00256,CIGLI,35,0,0,KAKLIC,0,0,1,0,0.0,11.84,0,0,0.0,0,0.0,1,5159.723,0,0.0,26.98746151,38.51048993
7662.565,0,14573694,0,0.0,ORTA_TICARETHANE,35-09-M01149,CIGLI,35,0,0,SASALLI MERKEZ,0,0,1,0,0.0,49.32,0,0,0.0,0,0.0,1,7662.565,0,0.0,26.94458179,38.50079161
0.0,0,14574018,0,0.0,KUCUK_TICARETHANE,35-09-K02341,CIGLI,35,0,0,ATASEHIR,0,0,1,0,0.0,5.0,0,0,0.0,0,0.0,1,0.0,0,0.0,27.05397115,38.48935609
1.091,0,14575593,0,0.0,KUCUK_TICARETHANE,35-09-M00257,CIGLI,35,0,0,SASALLI MERKEZ,0,0,1,0,0.0,5.0,0,0,0.0,0,0.0,1,1.091,0,0.0,26.95286675,38.49483351
5413.628,0,14575980,0,0.0,ORTA_TICARETHANE,35-09-K02499,CIGLI,35,0,0,AYDINLIKEVLER,0,0,1,0,0.0,19.62,0,0,0.0,0,0.0,1,5413.628,0,0.0,27.07833478,38.49050899
11213.71,0,14575998,0,0.0,ORTA_TICARETHANE,35-09-K03320,CIGLI,35,0,0,AYDINLIKEVLER,0,0,1,0,0.0,14.52,0,0,0.0,0,0.0,1,11213.71,0,0.0,27.07761798,38.49142356
315615.8,0,14576169,0,0.0,ORTA_TICARETHANE,35-09-K03983,CIGLI,35,0,0,ATASEHIR,0,0,1,0,0.0,332.24,0,0,0.0,0,0.0,1,315615.8,0,0.0,27.0527085,38.48875417
180071.5,0,14576178,0,0.0,ORTA_TICARETHANE,35-09-K02867,CIGLI,35,0,0,ATASEHIR,0,0,1,0,0.0,251.53,0,0,0.0,0,0.0,1,180071.5,0,0.0,27.05453349,38.48401594
33968.82,0,14577663,0,0.0,ORTA_TICARETHANE,35-09-M00257,CIGLI,35,0,0,SASALLI MERKEZ,0,0,1,0,0.0,5.3,0,0,0.0,0,0.0,1,33968.82,0,0.0,26.95528976,38.49458641
69044.43,0,14579626,0,0.0,ORTA_TICARETHANE,35-04-M01087,KARSIYAKA,35,0,0,YALI,0,0,1,0,0.0,46.0,0,0,0.0,0,0.0,1,69044.43,0,0.0,27.06941582,38.47553975
4921.722,0,14580507,0,0.0,KUCUK_TICARETHANE,35-04-K00476,KARSIYAKA,35,0,0,BOSTANLI,0,0,1,0,0.0,5.0,0,0,0.0,0,0.0,1,4921.722,0,0.0,27.09469819,38.45870949
8270.035,0,14582766,0,0.0,KUCUK_TICARETHANE,35-04-K00476,KARSIYAKA,35,0,0,BOSTANLI,0,0,1,0,0.0,8.6,0,0,0.0,0,0.0,1,8270.035,0,0.0,27.09279701,38.45799116
25783.049,0,14585214,0,0.0,ORTA_TICARETHANE,35-04-K04709,KARSIYAKA,35,0,0,SEMIKLER,0,0,11,7,9760.537,11.76909090909091,0,0,0.0,0,0.0,4,16022.511999999999,0,0.0,27.09841236,38.47098062
1504.281,0,14589706,0,0.0,KUCUK_TICARETHANE,35-09-K01875,CIGLI,35,0,0,SIRINTEPE,0,0,1,0,0.0,8.35,0,0,0.0,0,0.0,1,1504.281,0,0.0,27.06632429,38.4919387
11095.172999999999,0,14589895,0,0.0,KUCUK_TICARETHANE,35-09-K04597,CIGLI,35,0,0,KUCUK CIGLI,0,0,3,1,4034.808,6.366666666666667,0,0,0.0,0,0.0,2,7060.365,0,0.0,27.05109496,38.50423143
31403.44,0,14589904,0,0.0,ORTA_TICARETHANE,35-09-K04282,CIGLI,35,0,0,KUCUK CIGLI,0,0,1,0,0.0,44.38,0,0,0.0,0,0.0,1,31403.44,0,0.0,27.05798543,38.49768485
239311.3,0,14591433,0,0.0,BUYUK_TICARETHANE,35-04-K03908,KARSIYAKA,35,0,0,ZUBEYDE HANIM,0,0,1,0,0.0,607.15,0,0,0.0,0,0.0,1,239311.3,0,0.0,27.11211097,38.48916299
15215.12,0,14591442,0,0.0,ORTA_TICARETHANE,35-04-K02447,KARSIYAKA,35,0,0,ZUBEYDE HANIM,0,0,1,0,0.0,11.78,0,0,0.0,0,0.0,1,15215.12,0,0.0,27.11325482,38.49096958
24230.71,0,14592108,0,0.0,ORTA_TICARETHANE,35-09-K01873,CIGLI,35,0,0,SIRINTEPE,0,0,1,0,0.0,11.52,0,0,0.0,0,0.0,1,24230.71,0,0.0,27.07101749,38.49597215
84764.16,0,14593314,0,0.0,ORTA_TICARETHANE,35-04-K01591,KARSIYAKA,35,0,0,BAHARIYE,0,0,1,0,0.0,186.65,0,0,0.0,0,0.0,1,84764.16,0,0.0,27.1161234,38.46331581
1585.655,0,14594043,0,0.0,KUCUK_TICARETHANE,35-09-M00255,CIGLI,35,0,0,KAKLIC,0,0,1,0,0.0,5.22,0,0,0.0,0,0.0,1,1585.655,0,0.0,26.98455408,38.50678853
1155.771,0,14594052,0,0.0,KUCUK_TICARETHANE,35-09-M00255,CIGLI,35,0,0,KAKLIC,0,0,1,0,0.0,5.0,0,0,0.0,0,0.0,1,1155.771,0,0.0,26.98564956,38.5076481
1568.319,0,14594061,0,0.0,KUCUK_TICARETHANE,35-09-M00255,CIGLI,35,0,0,KAKLIC,0,0,1,0,0.0,8.35,0,0,0.0,0,0.0,1,1568.319,0,0.0,26.98808806,38.50719863
4208.564,0,14594079,0,0.0,KUCUK_TICARETHANE,35-09-M00254,CIGLI,35,0,0,KAKLIC,0,0,1,0,0.0,8.1,0,0,0.0,0,0.0,1,4208.564,0,0.0,26.98865414,38.50438708
15191.79,0,14596347,0,0.0,ORTA_TICARETHANE,35-09-M01145,CIGLI,35,0,0,KAKLIC,0,0,1,0,0.0,8.35,0,0,0.0,0,0.0,1,15191.79,0,0.0,26.99391549,38.50336379
1559.816,0,14596356,0,0.0,ORTA_TICARETHANE,35-09-M01145,CIGLI,35,0,0,KAKLIC,0,0,1,0,0.0,46.22,0,0,0.0,0,0.0,1,1559.816,0,0.0,26.99308121,38.50396174
22133.81,0,14596761,0,0.0,ORTA_TICARETHANE,35-09-M00219,CIGLI,35,0,0,HARMANDALI GAZI MUSTAFA KEMAL ATATURK,0,0,1,0,0.0,7.8,0,0,0.0,0,0.0,1,22133.81,0,0.0,27.04923807,38.53212528
440.112,0,14596779,0,0.0,KUCUK_TICARETHANE,35-09-M00214,CIGLI,35,0,0,HARMANDALI GAZI MUSTAFA KEMAL ATATURK,0,0,1,0,0.0,5.0,0,0,0.0,0,0.0,1,440.112,0,0.0,27.05187695,38.53099951
2651.38,0,14596815,0,0.0,KUCUK_TICARETHANE,35-09-M00200,CIGLI,35,0,0,CUMHURIYET,0,0,1,0,0.0,8.35,0,0,0.0,0,0.0,1,2651.38,0,0.0,27.05327398,38.537718
8748.848,0,14598922,1,8748.848,AYDINLATMA,35-04-M01037,KARSIYAKA,35,0,0,BOSTANLI,0,0,0,0,0.0,5.0,0,0,0.0,0,0.0,0,0.0,0,0.0,27.09998075,38.46123068
2157.664,0,14600371,0,0.0,ORTA_TICARETHANE,35-09-M00103,CIGLI,35,0,0,BALATCIK,0,0,1,0,0.0,18.21,0,0,0.0,0,0.0,1,2157.664,0,0.0,27.03977257,38.51838804
9628.341,0,14600434,0,0.0,KUCUK_TICARETHANE,35-09-M01981,CIGLI,35,0,0,SIRINTEPE,0,0,1,0,0.0,5.0,0,0,0.0,0,0.0,1,9628.341,0,0.0,27.07451913,38.49452857
10835.47,0,14600461,0,0.0,ORTA_TICARETHANE,35-09-M01950,CIGLI,35,0,0,MALTEPE,0,0,1,0,0.0,14.933,0,0,0.0,0,0.0,1,10835.47,0,0.0,27.07159486,38.49075858
2035.224,0,14600470,0,0.0,ORTA_TICARETHANE,35-09-M01950,CIGLI,35,0,0,MALTEPE,0,0,1,0,0.0,21.61,0,0,0.0,0,0.0,1,2035.224,0,0.0,27.07301942,38.49013935
2505.075,0,14600479,0,0.0,KUCUK_TICARETHANE,35-09-M01950,CIGLI,35,0,0,MALTEPE,0,0,1,0,0.0,8.8,0,0,0.0,0,0.0,1,2505.075,0,0.0,27.07358089,38.4905459
60964.44,0,14600515,0,0.0,ORTA_TICARETHANE,35-09-M01950,CIGLI,35,0,0,MALTEPE,0,0,1,0,0.0,98.396,0,0,0.0,0,0.0,1,60964.44,0,0.0,27.073461,38.48896634
41709.731999999996,0,14600524,0,0.0,ORTA_TICARETHANE,35-09-M01950,CIGLI,35,0,0,MALTEPE,0,0,2,0,0.0,25.755,0,0,0.0,0,0.0,2,41709.731999999996,0,0.0,27.07391257,38.48873645
18107.684,0,14600533,0,0.0,ORTA_TICARETHANE,35-09-M01950,CIGLI,35,0,0,MALTEPE,0,0,2,0,0.0,25.785,0,0,0.0,0,0.0,2,18107.684,0,0.0,27.07391914,38.48872581
412779.07,0,14603054,0,0.0,ORTA_TICARETHANE,35-04-M01889,KARSIYAKA,35,0,0,BAHCELIEVLER,0,0,136,95,296660.812,18.645823529411764,0,0,0.0,0,0.0,41,116118.258,0,0.0,27.11271407,38.4676735
59226.5,0,14603675,0,0.0,ORTA_TICARETHANE,35-04-K04288,KARSIYAKA,35,0,0,ZUBEYDE HANIM,0,0,1,0,0.0,273.0,0,0,0.0,0,0.0,1,59226.5,0,0.0,27.10902592,38.49504402
7903.308,0,14605952,0,0.0,KUCUK_TICARETHANE,35-09-K01887,CIGLI,35,0,0,ATASEHIR,0,0,1,0,0.0,5.0,0,0,0.0,0,0.0,1,7903.308,0,0.0,27.06818747,38.49005794
27542.75,0,14605961,0,0.0,ORTA_TICARETHANE,35-09-K02730,CIGLI,35,0,0,ATASEHIR,0,0,1,0,0.0,8.35,0,0,0.0,0,0.0,1,27542.75,0,0.0,27.06176422,38.49181352
51039.772000000004,0,14605970,0,0.0,ORTA_TICARETHANE,35-09-K03314,CIGLI,35,0,0,ATASEHIR,0,0,2,0,0.0,68.899,0,0,0.0,0,0.0,2,51039.772000000004,0,0.0,27.0523202,38.49127364
34533.47,0,14606257,0,0.0,ORTA_TICARETHANE,35-09-M00625,CIGLI,35,0,0,UGUR MUMCU,0,0,1,0,0.0,8.35,0,0,0.0,0,0.0,1,34533.47,0,0.0,27.04211068,38.52110853
3353.8230000000003,0,14606293,0,0.0,KUCUK_TICARETHANE,35-09-M00845,CIGLI,35,0,0,UGUR MUMCU,0,0,2,1,2505.427,10.57,0,0,0.0,0,0.0,1,848.396,0,0.0,27.04433138,38.52363956
3180.519,0,14607310,0,0.0,KUCUK_TICARETHANE,35-09-M00254,CIGLI,35,0,0,KAKLIC,0,0,1,0,0.0,8.35,0,0,0.0,0,0.0,1,3180.519,0,0.0,26.98861666,38.50617355
44.723,0,14612899,0,0.0,KUCUK_TICARETHANE,35-09-M02551,CIGLI,35,0,0,KOYICI,0,0,1,0,0.0,5.0,0,0,0.0,0,0.0,1,44.723,0,0.0,27.06415415,38.49368196
2960.507,0,14616742,0,0.0,KUCUK_TICARETHANE,35-09-M00210,CIGLI,35,0,0,HARMANDALI GAZI MUSTAFA KEMAL ATATURK,0,0,1,0,0.0,8.06,0,0,0.0,0,0.0,1,2960.507,0,0.0,27.05236723,38.53205205
57043.68,0,14617129,0,0.0,ORTA_TICARETHANE,35-04-M01443,KARSIYAKA,35,0,0,YALI,0,0,1,0,0.0,280.101,0,0,0.0,0,0.0,1,57043.68,0,0.0,27.07839691,38.47991548
113338.58200000001,0,14617192,0,0.0,ORTA_TICARETHANE,35-04-M01373,KARSIYAKA,35,0,0,YALI,0,0,14,0,0.0,21.181428571428572,0,0,0.0,0,0.0,14,113338.58200000001,0,0.0,27.08574399,38.47180704
40492.227,0,14617877,0,0.0,ORTA_TICARETHANE,35-09-M00211,CIGLI,35,0,0,INONU,0,0,2,0,0.0,8.35,0,0,0.0,0,0.0,2,40492.227,0,0.0,27.04613904,38.5269522
4147.596,0,14617895,0,0.0,KUCUK_TICARETHANE,35-09-M01985,CIGLI,35,0,0,AHMET TANER KISLALI,0,0,1,0,0.0,8.334,0,0,0.0,0,0.0,1,4147.596,0,0.0,27.08874339,38.4963855
52321.520000000004,0,14622206,0,0.0,ORTA_TICARETHANE,35-09-K04124,CIGLI,35,0,0,AYDINLIKEVLER,0,0,3,0,0.0,12.459999999999999,0,0,0.0,0,0.0,3,52321.520000000004,0,0.0,27.07999472,38.48962965
122800.0,0,14630603,0,0.0,ORTA_TICARETHANE,35-09-K03266,CIGLI,35,0,0,BALATCIK,0,0,1,0,0.0,117.0,0,0,0.0,0,0.0,1,122800.0,0,0.0,27.04369361,38.51147873
9750.755,0,14630648,0,0.0,KUCUK_TICARETHANE,35-09-M03520,CIGLI,35,0,0,ATASEHIR,0,0,1,0,0.0,5.46,0,0,0.0,0,0.0,1,9750.755,0,0.0,27.06281991,38.49224065
27823.43,0,14633854,0,0.0,ORTA_TICARETHANE,35-09-K01866,CIGLI,35,0,0,KUCUK CIGLI,0,0,1,0,0.0,30.34,0,0,0.0,0,0.0,1,27823.43,0,0.0,27.05614676,38.49925006
1188.462,0,14635899,0,0.0,KUCUK_TICARETHANE,35-09-M00447,CIGLI,35,0,0,SASALLI MERKEZ,0,0,1,0,0.0,8.35,0,0,0.0,0,0.0,1,1188.462,0,0.0,26.95233989,38.49924058
11594.17,0,14636088,0,0.0,ORTA_TICARETHANE,35-09-M00208,CIGLI,35,0,0,HARMANDALI GAZI MUSTAFA KEMAL ATATURK,0,0,1,0,0.0,44.7,0,0,0.0,0,0.0,1,11594.17,0,0.0,27.04979122,38.53616723
10812.29,0,14636097,0,0.0,ORTA_TICARETHANE,35-09-M00208,CIGLI,35,0,0,HARMANDALI GAZI MUSTAFA KEMAL ATATURK,0,0,1,0,0.0,6.1,0,0,0.0,0,0.0,1,10812.29,0,0.0,27.04974219,38.53525924
13170.5,0,14642693,0,0.0,ORTA_TICARETHANE,35-04-M01378,KARSIYAKA,35,0,0,INONU,0,0,1,0,0.0,12.784,0,0,0.0,0,0.0,1,13170.5,0,0.0,27.0921267,38.4888248
3071.983,0,14642774,0,0.0,TARIMSAL_SULAMA,35-09-K02733,CIGLI,35,0,0,ATASEHIR,0,0,0,0,0.0,5.2,0,0,0.0,1,3071.983,0,0.0,0,0.0,27.06709959,38.48940449
34403.23,0,14646399,0,0.0,ORTA_TICARETHANE,35-09-M03090,CIGLI,35,0,0,YENI MAHALLE,0,0,1,0,0.0,120.55,0,0,0.0,0,0.0,1,34403.23,0,0.0,27.05180905,38.49882741
16972.036,0,14646435,0,0.0,ORTA_TICARETHANE,35-09-M03090,CIGLI,35,0,0,YENI MAHALLE,0,0,6,4,4742.679,10.555,0,0,0.0,0,0.0,2,12229.357,0,0.0,27.05204747,38.49950517
26469.591,0,14646498,0,0.0,ORTA_TICARETHANE,35-09-M03090,CIGLI,35,0,0,YENI MAHALLE,0,0,11,6,11494.766,10.458181818181817,0,0,0.0,0,0.0,5,14974.825,0,0.0,27.05143028,38.50009886
851.742,0,14646561,0,0.0,KUCUK_TICARETHANE,,CIGLI,35,0,0,KOYICI,0,0,1,0,0.0,5.0,0,0,0.0,0,0.0,1,851.742,0,0.0,27.06189577,38.49728025
1248.44,0,14649443,0,0.0,KUCUK_TICARETHANE,35-04-K00849,KARSIYAKA,35,0,0,BOSTANLI,0,0,1,0,0.0,12.0,0,0,0.0,0,0.0,1,1248.44,0,0.0,27.09572196,38.46116102
1818.558,0,14649452,0,0.0,KUCUK_TICARETHANE,35-04-K04641,KARSIYAKA,35,0,0,BOSTANLI,0,0,1,0,0.0,8.35,0,0,0.0,0,0.0,1,1818.558,0,0.0,27.10150478,38.45790984
3224.087,0,14653835,0,0.0,TARIMSAL_SULAMA,35-09-M00999,CIGLI,35,0,0,BALATCIK,0,0,0,0,0.0,5.4,0,0,0.0,1,3224.087,0,0.0,0,0.0,27.03645969,38.51125604
29310.613,0,14653943,0,0.0,ORTA_TICARETHANE,35-04-M01265,KARSIYAKA,35,0,0,ORNEKKOY,0,0,7,1,1619.088,11.268571428571429,0,0,0.0,0,0.0,6,27691.525,0,0.0,27.11502843,38.47668618
41296.163,0,14653961,0,0.0,ORTA_TICARETHANE,35-04-M01265,KARSIYAKA,35,0,0,ORNEKKOY,0,0,9,1,1257.765,11.602222222222222,0,0,0.0,0,0.0,8,40038.398,0,0.0,27.11508178,38.47519756
3109.514,0,14654078,0,0.0,KUCUK_TICARETHANE,35-09-K03317,CIGLI,35,0,0,MALTEPE,0,0,1,0,0.0,8.35,0,0,0.0,0,0.0,1,3109.514,0,0.0,27.07425136,38.49241452
9671.334,0,14666290,0,0.0,KUCUK_TICARETHANE,35-09-M01387,CIGLI,35,0,0,SASALLI MERKEZ,0,0,1,0,0.0,8.26,0,0,0.0,0,0.0,1,9671.334,0,0.0,26.96084271,38.50608046
16756.96,0,14671240,0,0.0,ORTA_TICARETHANE,35-09-M00447,CIGLI,35,0,0,SASALLI MERKEZ,0,0,1,0,0.0,15.01,0,0,0.0,0,0.0,1,16756.96,0,0.0,26.94931095,38.49669294
201.201,0,14671258,0,0.0,KUCUK_TICARETHANE,35-09-M00447,CIGLI,35,0,0,SASALLI MERKEZ,0,0,1,0,0.0,5.92,0,0,0.0,0,0.0,1,201.201,0,0.0,26.94946895,38.49644075
1199.671,0,14671285,0,0.0,KUCUK_TICARETHANE,35-09-M00447,CIGLI,35,0,0,SASALLI MERKEZ,0,0,1,0,0.0,5.0,0,0,0.0,0,0.0,1,1199.671,0,0.0,26.95216688,38.49898741
1257.526,0,14671294,0,0.0,KUCUK_TICARETHANE,35-09-M00447,CIGLI,35,0,0,SASALLI MERKEZ,0,0,1,0,0.0,5.0,0,0,0.0,0,0.0,1,1257.526,0,0.0,26.95217322,38.49906489
45627.929000000004,0,14671366,0,0.0,ORTA_TICARETHANE,35-09-M03090,CIGLI,35,0,0,YENI MAHALLE,0,0,8,5,7826.779,12.193,0,0,0.0,0,0.0,3,37801.15,0,0.0,27.05179199,38.49947265
16738.8,0,14674220,0,0.0,ORTA_TICARETHANE,35-09-K01866,CIGLI,35,0,0,KUCUK CIGLI,0,0,1,0,0.0,8.334,0,0,0.0,0,0.0,1,16738.8,0,0.0,27.055325,38.49994648
32811.43,0,14674256,0,0.0,ORTA_TICARETHANE,35-09-K01866,CIGLI,35,0,0,KUCUK CIGLI,0,0,1,0,0.0,51.124,0,0,0.0,0,0.0,1,32811.43,0,0.0,27.05616938,38.49929364
8865.487000000001,0,14690142,0,0.0,KUCUK_TICARETHANE,35-09-M00210,CIGLI,35,0,0,HARMANDALI GAZI MUSTAFA KEMAL ATATURK,0,0,2,1,7814.085,7.79,0,0,0.0,0,0.0,1,1051.402,0,0.0,27.0537314,38.53260232
95841.169,0,14973570,0,0.0,ORTA_TICARETHANE,35-09-K01869,CIGLI,35,0,0,KUCUK CIGLI,0,0,16,0,0.0,12.9565625,0,0,0.0,0,0.0,16,95841.169,0,0.0,27.04514681,38.50325842
3366.472,0,14975901,0,0.0,KUCUK_TICARETHANE,,KARSIYAKA,35,0,0,YALI,0,0,1,0,0.0,5.0,0,0,0.0,0,0.0,1,3366.472,0,0.0,27.08648801,38.47135728
892494.7540000001,0,14978016,0,0.0,ORTA_TICARETHANE,35-09-M01091,CIGLI,35,0,0,AHMET EFENDI,0,0,16,1,17081.68,41.35475,0,0,0.0,0,0.0,15,875413.074,0,0.0,27.0380737,38.51914863
3729.237,0,14982678,0,0.0,KUCUK_TICARETHANE,35-09-K04221,CIGLI,35,0,0,ATASEHIR,0,0,1,0,0.0,5.0,0,0,0.0,0,0.0,1,3729.237,0,0.0,27.06546493,38.49094644
647.488,0,14983092,0,0.0,KUCUK_TICARETHANE,35-09-M00220,CIGLI,35,0,0,INONU,0,0,1,0,0.0,8.35,0,0,0.0,0,0.0,1,647.488,0,0.0,27.04303475,38.52933168
163823.013,0,14985469,0,0.0,ORTA_TICARETHANE,35-04-M01802,KARSIYAKA,35,0,0,YALI,0,0,9,0,0.0,30.573111111111107,0,0,0.0,0,0.0,9,163823.013,0,0.0,27.08724085,38.4769461
6653.382,0,14987251,0,0.0,KUCUK_TICARETHANE,35-09-M00646,CIGLI,35,0,0,UGUR MUMCU,0,0,6,2,4438.692,7.210000000000001,0,0,0.0,0,0.0,4,2214.69,0,0.0,27.04795205,38.52609271
432.889,0,14989384,0,0.0,KUCUK_TICARETHANE,35-04-K03169,KARSIYAKA,35,0,0,AKSOY,0,0,1,0,0.0,8.35,0,0,0.0,0,0.0,1,432.889,0,0.0,27.10697736,38.45246208
278.336,0,14989402,0,0.0,KUCUK_TICARETHANE,35-04-M01566,KARSIYAKA,35,0,0,ORNEKKOY,0,0,1,0,0.0,8.35,0,0,0.0,0,0.0,1,278.336,0,0.0,27.11432088,38.48112266
431.017,0,14989420,0,0.0,KUCUK_TICARETHANE,35-04-K02435,KARSIYAKA,35,0,0,MUSTAFA KEMAL,0,0,1,0,0.0,8.35,0,0,0.0,0,0.0,1,431.017,0,0.0,27.09297583,38.49219601
393.37,0,14989429,0,0.0,KUCUK_TICARETHANE,35-09-K01958,CIGLI,35,0,0,AYDINLIKEVLER,0,0,1,0,0.0,5.0,0,0,0.0,0,0.0,1,393.37,0,0.0,27.0841195,38.49431798
32545.67,0,14990104,0,0.0,ORTA_TICARETHANE,35-09-K04282,CIGLI,35,0,0,KUCUK CIGLI,0,0,1,0,0.0,58.612,0,0,0.0,0,0.0,1,32545.67,0,0.0,27.05679171,38.49880493
17539.514,0,14996882,0,0.0,ORTA_TICARETHANE,35-09-K02499,CIGLI,35,0,0,AYDINLIKEVLER,0,0,4,0,0.0,10.1,0,0,0.0,0,0.0,4,17539.514,0,0.0,27.07847803,38.48998468
925.0,0,14997170,0,0.0,KUCUK_TICARETHANE,35-04-K00294,KARSIYAKA,35,0,0,BAHCELIEVLER,0,0,1,0,0.0,8.35,0,0,0.0,0,0.0,1,925.0,0,0.0,27.12167558,38.46309277
4387.097,0,14997188,0,0.0,KUCUK_TICARETHANE,,KARSIYAKA,35,0,0,YALI,0,0,1,0,0.0,8.35,0,0,0.0,0,0.0,1,4387.097,0,0.0,27.0803541,38.47786557
2439.981,0,14999168,0,0.0,KUCUK_TICARETHANE,35-04-K03102,KARSIYAKA,35,0,0,TERSANE,0,0,1,0,0.0,8.35,0,0,0.0,0,0.0,1,2439.981,0,0.0,27.12467201,38.46048401
2242.804,0,14999177,0,0.0,KUCUK_TICARETHANE,35-04-K03102,KARSIYAKA,35,0,0,TERSANE,0,0,1,0,0.0,8.35,0,0,0.0,0,0.0,1,2242.804,0,0.0,27.12439029,38.46211827
27746.86,0,14999438,0,0.0,ORTA_TICARETHANE,35-04-K03303,KARSIYAKA,35,0,0,BOSTANLI,0,0,1,0,0.0,8.35,0,0,0.0,0,0.0,1,27746.86,0,0.0,27.09070087,38.46013584
6897.697,0,15001860,0,0.0,KUCUK_TICARETHANE,35-09-M03063,CIGLI,35,0,0,EVKA-5,0,0,1,0,0.0,12.16,0,0,0.0,0,0.0,1,6897.697,0,0.0,27.05411622,38.51548252
8041.957,0,15001869,0,0.0,ORTA_TICARETHANE,35-09-K01869,CIGLI,35,0,0,BALATCIK,0,0,1,0,0.0,28.36,0,0,0.0,0,0.0,1,8041.957,0,0.0,27.04574793,38.50529333
169.859,0,15011273,0,0.0,KUCUK_TICARETHANE,35-04-K03012,KARSIYAKA,35,0,0,IMBATLI,0,0,1,0,0.0,8.35,0,0,0.0,0,0.0,1,169.859,0,0.0,27.11115268,38.4724598
46793.945999999996,0,15012846,0,0.0,ORTA_TICARETHANE,35-04-K01990,KARSIYAKA,35,0,0,TUNA,0,0,10,6,17988.055999999997,7.214,0,0,0.0,0,0.0,4,28805.89,0,0.0,27.11956928,38.45610431
31695.048,0,15012873,0,0.0,ORTA_TICARETHANE,35-04-K01990,KARSIYAKA,35,0,0,TUNA,0,0,5,0,0.0,9.297999999999998,0,0,0.0,0,0.0,5,31695.048,0,0.0,27.11950559,38.45610915
69043.46399999999,0,15012936,0,0.0,ORTA_TICARETHANE,35-04-K04689,KARSIYAKA,35,0,0,BOSTANLI,0,0,12,6,9444.168,19.1275,0,0,0.0,0,0.0,6,59599.296,0,0.0,27.09589766,38.45807293
308278.299,0,15014385,0,0.0,ORTA_TICARETHANE,35-09-M01357,CIGLI,35,0,0,BALATCIK,0,0,22,0,0.0,10.557272727272727,0,0,0.0,0,0.0,22,308278.299,0,0.0,27.03515036,38.51656508
473.423,0,15015537,0,0.0,KUCUK_TICARETHANE,35-04-K03185,KARSIYAKA,35,0,0,DONANMACI,0,0,1,0,0.0,5.0,0,0,0.0,0,0.0,1,473.423,0,0.0,27.11469294,38.45327824
527.988,0,15015546,0,0.0,KUCUK_TICARETHANE,35-04-K04012,KARSIYAKA,35,0,0,ORNEKKOY,0,0,1,0,0.0,8.35,0,0,0.0,0,0.0,1,527.988,0,0.0,27.10253043,38.48361432
427.004,0,15015555,0,0.0,KUCUK_TICARETHANE,35-04-K00111,KARSIYAKA,35,0,0,BOSTANLI,0,0,1,0,0.0,8.35,0,0,0.0,0,0.0,1,427.004,0,0.0,27.09979986,38.45511648
421.22,0,15015564,0,0.0,KUCUK_TICARETHANE,35-04-K00872,KARSIYAKA,35,0,0,AKSOY,0,0,1,0,0.0,8.35,0,0,0.0,0,0.0,1,421.22,0,0.0,27.11032339,38.45617091
4487.492,0,15016204,0,0.0,KUCUK_TICARETHANE,35-04-K02486,KARSIYAKA,35,0,0,DEDEBASI,0,0,1,0,0.0,8.35,0,0,0.0,0,0.0,1,4487.492,0,0.0,27.10670101,38.46880566
1146.275,0,15016312,0,0.0,KUCUK_TICARETHANE,35-09-M01798,CIGLI,35,0,0,BALATCIK,0,0,1,0,0.0,8.35,0,0,0.0,0,0.0,1,1146.275,0,0.0,27.03766838,38.51505076
182638.411,0,15018652,0,0.0,ORTA_TICARETHANE,35-09-M01357,CIGLI,35,0,0,BALATCIK,0,0,21,0,0.0,8.7,0,0,0.0,0,0.0,21,182638.411,0,0.0,27.03517294,38.51687955
5030.083,0,15018688,0,0.0,KUCUK_TICARETHANE,35-04-M01041,KARSIYAKA,35,0,0,BAHCELIEVLER,0,0,1,0,0.0,8.35,0,0,0.0,0,0.0,1,5030.083,0,0.0,27.11019579,38.4679723
455.401,0,15019606,0,0.0,KUCUK_TICARETHANE,35-04-M01038,KARSIYAKA,35,0,0,BOSTANLI,0,0,1,0,0.0,8.35,0,0,0.0,0,0.0,1,455.401,0,0.0,27.1013014,38.46022385
3089.064,0,15019624,0,0.0,KUCUK_TICARETHANE,35-09-M03119,CIGLI,35,0,0,AHMET EFENDI,0,0,1,0,0.0,8.35,0,0,0.0,0,0.0,1,3089.064,0,0.0,27.03408326,38.52343385
13584.21,0,15021424,1,13584.21,AYDINLATMA,35-09-K01869,CIGLI,35,0,0,BALATCIK,0,0,0,0,0.0,4.937,0,0,0.0,0,0.0,0,0.0,0,0.0,27.04563105,38.50520455
68745.499,0,15024474,0,0.0,ORTA_TICARETHANE,35-04-M01892,KARSIYAKA,35,0,0,YALI,0,0,15,3,11388.472,13.407333333333334,0,0,0.0,0,0.0,12,57357.027,0,0.0,27.08665501,38.47611602
462.548,0,15025275,0,0.0,KUCUK_TICARETHANE,,KARSIYAKA,35,0,0,ZUBEYDE HANIM,0,0,1,0,0.0,8.35,0,0,0.0,0,0.0,1,462.548,0,0.0,27.11324241,38.49455443
22320.62,0,15026382,0,0.0,ORTA_TICARETHANE,35-04-K02426,KARSIYAKA,35,0,0,MAVISEHIR,0,0,1,0,0.0,8.864,0,0,0.0,0,0.0,1,22320.62,0,0.0,27.08029864,38.47163453
35568.537,0,15026589,0,0.0,ORTA_TICARETHANE,35-04-K03224,KARSIYAKA,35,0,0,DONANMACI,0,0,5,0,0.0,9.12,0,0,0.0,0,0.0,5,35568.537,0,0.0,27.11763722,38.45556771
19391.715,0,15026679,0,0.0,ORTA_TICARETHANE,35-04-K00254,KARSIYAKA,35,0,0,BAHRIYE UCOK,0,0,10,1,1296.732,12.268,0,0,0.0,0,0.0,9,18094.983,0,0.0,27.11370456,38.46001462
66024.84,0,15031694,0,0.0,ORTA_TICARETHANE,35-09-M01979,CIGLI,35,0,0,CAGDAS,0,0,1,0,0.0,287.0,0,0,0.0,0,0.0,1,66024.84,0,0.0,27.06144378,38.49907443
2246.355,0,15032630,0,0.0,KUCUK_TICARETHANE,35-09-K04314,CIGLI,35,0,0,KUCUK CIGLI,0,0,2,1,1173.826,12.26,0,0,0.0,0,0.0,1,1072.529,0,0.0,27.05432084,38.49948345
18378.6,0,15043671,0,0.0,ORTA_TICARETHANE,35-09-K04282,CIGLI,35,0,0,KUCUK CIGLI,0,0,1,0,0.0,47.6,0,0,0.0,0,0.0,1,18378.6,0,0.0,27.0579707,38.49778314
907.515,0,15043950,0,0.0,KUCUK_TICARETHANE,35-04-M01742,KARSIYAKA,35,0,0,ORNEKKOY,0,0,1,0,0.0,8.35,0,0,0.0,0,0.0,1,907.515,0,0.0,27.10812823,38.47889759
4216.148,0,15046919,0,0.0,KUCUK_TICARETHANE,35-09-M01985,CIGLI,35,0,0,AHMET TANER KISLALI,0,0,1,0,0.0,8.35,0,0,0.0,0,0.0,1,4216.148,0,0.0,27.08877289,38.49634464
1964.361,0,15048036,0,0.0,KUCUK_TICARETHANE,35-04-M01265,KARSIYAKA,35,0,0,IMBATLI,0,0,1,0,0.0,8.35,0,0,0.0,0,0.0,1,1964.361,0,0.0,27.11466649,38.47444513
57084.498999999996,0,15048216,0,0.0,ORTA_TICARETHANE,35-09-M00103,CIGLI,35,0,0,BALATCIK,0,0,33,1,1080.582,9.526060606060607,0,0,0.0,0,0.0,32,56003.917,0,0.0,27.04058087,38.51610201
119873.52900000001,0,15048225,0,0.0,ORTA_TICARETHANE,35-04-K00833,KARSIYAKA,35,0,0,DONANMACI,0,0,14,2,9550.99,10.922857142857143,0,0,0.0,0,0.0,12,110322.539,0,0.0,27.11501712,38.45745764
226.711,0,15050386,0,0.0,KUCUK_TICARETHANE,35-04-K00476,KARSIYAKA,35,0,0,BOSTANLI,0,0,1,0,0.0,8.35,0,0,0.0,0,0.0,1,226.711,0,0.0,27.09378933,38.45889419
626.382,0,15050602,0,0.0,KUCUK_TICARETHANE,35-04-K03303,KARSIYAKA,35,0,0,BOSTANLI,0,0,1,0,0.0,8.35,0,0,0.0,0,0.0,1,626.382,0,0.0,27.09060666,38.46033697
3368.843,0,15050611,0,0.0,KUCUK_TICARETHANE,35-04-K00476,KARSIYAKA,35,0,0,BOSTANLI,0,0,1,0,0.0,8.35,0,0,0.0,0,0.0,1,3368.843,0,0.0,27.09455094,38.45863954
229.982,0,15050620,0,0.0,KUCUK_TICARETHANE,35-04-K03303,KARSIYAKA,35,0,0,BOSTANLI,0,0,1,0,0.0,8.35,0,0,0.0,0,0.0,1,229.982,0,0.0,27.09160289,38.4597685
236.735,0,15052798,0,0.0,KUCUK_TICARETHANE,35-04-K00476,KARSIYAKA,35,0,0,BOSTANLI,0,0,1,0,0.0,8.35,0,0,0.0,0,0.0,1,236.735,0,0.0,27.09297563,38.45923218
212.271,0,15052807,0,0.0,KUCUK_TICARETHANE,35-04-K00476,KARSIYAKA,35,0,0,BOSTANLI,0,0,1,0,0.0,8.35,0,0,0.0,0,0.0,1,212.271,0,0.0,27.09219073,38.45965504
230.612,0,15052816,0,0.0,KUCUK_TICARETHANE,35-04-K03303,KARSIYAKA,35,0,0,BOSTANLI,0,0,1,0,0.0,8.35,0,0,0.0,0,0.0,1,230.612,0,0.0,27.09144581,38.4599856
17010.2,0,15054904,0,0.0,ORTA_TICARETHANE,35-09-K02499,CIGLI,35,0,0,AYDINLIKEVLER,0,0,1,0,0.0,49.207,0,0,0.0,0,0.0,1,17010.2,0,0.0,27.07999445,38.48814729
148572.188,0,15055093,0,0.0,ORTA_TICARETHANE,35-09-M01608,CIGLI,35,0,0,AYDINLIKEVLER,0,0,25,17,30860.29,8.91404,0,0,0.0,0,0.0,8,117711.898,0,0.0,27.07831071,38.48782593
1532.296,0,15055219,0,0.0,KUCUK_TICARETHANE,35-09-K01866,CIGLI,35,0,0,KUCUK CIGLI,0,0,1,0,0.0,8.35,0,0,0.0,0,0.0,1,1532.296,0,0.0,27.05498393,38.50112934
904.898,0,15055228,0,0.0,KUCUK_TICARETHANE,35-09-K01867,CIGLI,35,0,0,KUCUK CIGLI,0,0,1,0,0.0,8.35,0,0,0.0,0,0.0,1,904.898,0,0.0,27.05171821,38.50462962
1240.134,0,15055237,0,0.0,KUCUK_TICARETHANE,35-09-K01865,CIGLI,35,0,0,KUCUK CIGLI,0,0,1,0,0.0,8.35,0,0,0.0,0,0.0,1,1240.134,0,0.0,27.05945981,38.49735496
2950.823,0,15055246,0,0.0,KUCUK_TICARETHANE,35-09-M03037,CIGLI,35,0,0,CAGDAS,0,0,1,0,0.0,8.35,0,0,0.0,0,0.0,1,2950.823,0,0.0,27.06486542,38.50203549
273232.3,0,15059881,0,0.0,ORTA_TICARETHANE,35-09-M00888,CIGLI,35,0,0,BALATCIK,0,0,4,0,0.0,253.73424999999997,0,0,0.0,0,0.0,4,273232.3,0,0.0,27.0424065,38.51532478
925.407,0,15071136,0,0.0,KUCUK_TICARETHANE,35-04-K03012,KARSIYAKA,35,0,0,IMBATLI,0,0,1,0,0.0,8.35,0,0,0.0,0,0.0,1,925.407,0,0.0,27.11127117,38.47345942
32020.41,0,15071424,0,0.0,ORTA_TICARETHANE,35-09-M00347,CIGLI,35,0,0,SASALLI MERKEZ,0,0,1,0,0.0,8.88,0,0,0.0,0,0.0,1,32020.41,0,0.0,26.9464134,38.49095217
1110.583,0,15072116,0,0.0,KUCUK_TICARETHANE,35-04-K02486,KARSIYAKA,35,0,0,DEDEBASI,0,0,1,0,0.0,8.35,0,0,0.0,0,0.0,1,1110.583,0,0.0,27.10818356,38.46882085
314926.51,0,15075850,0,0.0,ORTA_SANAYI,35-09-M01357,CIGLI,35,0,0,BALATCIK,0,0,24,0,0.0,9.947666666666665,0,2,194130.68,0,0.0,22,120795.83,0,0.0,27.03519902,38.51654327
586.074,0,15075877,0,0.0,KUCUK_TICARETHANE,35-04-M01889,KARSIYAKA,35,0,0,BAHCELIEVLER,0,0,1,0,0.0,8.35,0,0,0.0,0,0.0,1,586.074,0,0.0,27.11259427,38.46808781
750.378,0,15080845,0,0.0,KUCUK_TICARETHANE,35-04-M02922,KARSIYAKA,35,0,0,ORNEKKOY,0,0,1,0,0.0,8.35,0,0,0.0,0,0.0,1,750.378,0,0.0,27.10893882,38.47759836
15081.94,0,15088929,0,0.0,ORTA_TICARETHANE,35-09-K03320,CIGLI,35,0,0,AYDINLIKEVLER,0,0,1,0,0.0,19.078,0,0,0.0,0,0.0,1,15081.94,0,0.0,27.07857674,38.49191361
1197.328,0,15088938,0,0.0,KUCUK_TICARETHANE,35-09-K03492,CIGLI,35,0,0,ATASEHIR,0,0,2,1,997.337,9.0,0,0,0.0,0,0.0,1,199.991,0,0.0,27.063594,38.48524809
30279.179,0,15097894,0,0.0,ORTA_TICARETHANE,35-09-K04776,CIGLI,35,0,0,KUCUK CIGLI,0,0,6,1,1813.303,12.871666666666664,0,0,0.0,0,0.0,5,28465.876,0,0.0,27.05148557,38.50476458
1015.743,0,15098416,0,0.0,KUCUK_TICARETHANE,35-04-K02900,KARSIYAKA,35,0,0,BAHARIYE,0,0,1,0,0.0,8.35,0,0,0.0,0,0.0,1,1015.743,0,0.0,27.11985503,38.4614521
1528.25,0,15098425,0,0.0,KUCUK_TICARETHANE,35-04-K00055,KARSIYAKA,35,0,0,BAHARIYE,0,0,1,0,0.0,8.35,0,0,0.0,0,0.0,1,1528.25,0,0.0,27.11538076,38.46168449
774.976,0,15098434,0,0.0,KUCUK_TICARETHANE,35-04-M01033,KARSIYAKA,35,0,0,BAHCELIEVLER,0,0,1,0,0.0,8.35,0,0,0.0,0,0.0,1,774.976,0,0.0,27.11622527,38.46703498
801.579,0,15119881,0,0.0,KUCUK_TICARETHANE,,KARSIYAKA,35,0,0,IMBATLI,0,0,1,0,0.0,8.35,0,0,0.0,0,0.0,1,801.579,0,0.0,27.11116656,38.47344835
490.74,0,15123520,0,0.0,KUCUK_TICARETHANE,35-09-M00999,CIGLI,35,0,0,BALATCIK,0,0,1,0,0.0,5.0,0,0,0.0,0,0.0,1,490.74,0,0.0,27.03955758,38.51143313
5084.737,0,15123528,0,0.0,KUCUK_TICARETHANE,35-04-K03010,KARSIYAKA,35,0,0,YALI,0,0,1,0,0.0,8.35,0,0,0.0,0,0.0,1,5084.737,0,0.0,27.09133592,38.46771973
815.766,0,15123536,0,0.0,KUCUK_TICARETHANE,35-09-K02668,CIGLI,35,0,0,ATASEHIR,0,0,1,0,0.0,5.0,0,0,0.0,0,0.0,1,815.766,0,0.0,27.06144617,38.48461995
226521.218,0,15125385,0,0.0,ORTA_TICARETHANE,35-09-K02499,CIGLI,35,0,0,AYDINLIKEVLER,0,0,2,0,0.0,38.567,0,0,0.0,0,0.0,2,226521.218,0,0.0,27.07863534,38.48802359
346818.118,0,15125417,0,0.0,ORTA_TICARETHANE,35-09-K04221,CIGLI,35,0,0,ATASEHIR,0,0,51,17,59844.051,15.247941176470588,0,0,0.0,0,0.0,34,286974.067,0,0.0,27.06715309,38.49004193
7093.03,0,15127161,0,0.0,KUCUK_TICARETHANE,35-09-K04596,CIGLI,35,0,0,ATATURK,0,0,1,0,0.0,11.0,0,0,0.0,0,0.0,1,7093.03,0,0.0,27.06185274,38.5235561
31558.684999999998,0,15127497,0,0.0,ORTA_TICARETHANE,35-04-K00197,KARSIYAKA,35,0,0,SEMIKLER,0,0,12,8,13327.987,13.076333333333332,0,0,0.0,0,0.0,4,18230.698,0,0.0,27.09441115,38.47128897
611927.9,0,15129649,0,0.0,ORTA_TICARETHANE,35-04-K01664,KARSIYAKA,35,0,0,SEMIKLER,0,0,1,0,0.0,215.52,0,0,0.0,0,0.0,1,611927.9,0,0.0,27.08485276,38.48221157
175457.572,0,15131753,0,0.0,ORTA_TICARETHANE,35-09-K04221,CIGLI,35,0,0,ATASEHIR,0,0,33,9,31042.472999999998,13.88060606060606,0,0,0.0,0,0.0,24,144415.099,0,0.0,27.06583934,38.49091928
183986.28100000002,0,15131761,0,0.0,ORTA_TICARETHANE,35-09-K04221,CIGLI,35,0,0,ATASEHIR,0,0,60,40,94919.795,14.314116666666667,0,0,0.0,0,0.0,20,89066.486,0,0.0,27.06650914,38.49049291
7221.141,0,15131785,0,0.0,KUCUK_TICARETHANE,35-09-M01951,CIGLI,35,0,0,SIRINTEPE,0,0,3,2,6708.243,12.143333333333333,0,0,0.0,0,0.0,1,512.898,0,0.0,27.07138062,38.49239104
28830.805,0,15134345,0,0.0,ORTA_TICARETHANE,35-04-K00928,KARSIYAKA,35,0,0,TUNA,0,0,15,8,9494.164999999999,9.5,0,0,0.0,0,0.0,7,19336.64,0,0.0,27.11893274,38.4580656
41678.23,0,15136656,0,0.0,ORTA_TICARETHANE,35-09-K04438,CIGLI,35,0,0,ATASEHIR,0,0,1,0,0.0,8.52,0,0,0.0,0,0.0,1,41678.23,0,0.0,27.06128069,38.49275439
452.813,0,15137312,0,0.0,KUCUK_TICARETHANE,35-09-M03035,CIGLI,35,0,0,IZKENT,0,0,1,0,0.0,5.0,0,0,0.0,0,0.0,1,452.813,0,0.0,27.06427649,38.51149111
423.475,0,15137320,0,0.0,KUCUK_TICARETHANE,35-09-K04046,CIGLI,35,0,0,EGEKENT,0,0,1,0,0.0,5.0,0,0,0.0,0,0.0,1,423.475,0,0.0,27.06001075,38.50566601
2524.078,0,15138232,0,0.0,KUCUK_TICARETHANE,35-09-M00396,CIGLI,35,0,0,BALATCIK,0,0,1,0,0.0,14.04,0,0,0.0,0,0.0,1,2524.078,0,0.0,27.03627527,38.51034732
376.383,0,15139401,0,0.0,KUCUK_TICARETHANE,35-09-K02767,CIGLI,35,0,0,ATATURK,0,0,1,0,0.0,5.0,0,0,0.0,0,0.0,1,376.383,0,0.0,27.06180152,38.51855126
12323.88,0,15139489,0,0.0,ORTA_TICARETHANE,35-04-K04918,KARSIYAKA,35,0,0,CUMHURIYET,0,0,1,0,0.0,8.4,0,0,0.0,0,0.0,1,12323.88,0,0.0,27.08753532,38.48469229
14532.81,0,15140592,0,0.0,ORTA_TICARETHANE,,KARSIYAKA,35,0,0,LATIFE HANIM,0,0,1,0,0.0,8.35,0,0,0.0,0,0.0,1,14532.81,0,0.0,27.1154178,38.48942675
2217.588,0,15140784,0,0.0,KUCUK_TICARETHANE,35-09-M02549,CIGLI,35,0,0,KUCUK CIGLI,0,0,1,0,0.0,6.82,0,0,0.0,0,0.0,1,2217.588,0,0.0,27.04455521,38.50239311
393.478,0,15141474,0,0.0,KUCUK_TICARETHANE,35-04-M01040,KARSIYAKA,35,0,0,BAHRIYE UCOK,0,0,1,0,0.0,5.0,0,0,0.0,0,0.0,1,393.478,0,0.0,27.10849464,38.46131985
423.796,0,15141506,0,0.0,KUCUK_TICARETHANE,35-09-M01302,CIGLI,35,0,0,SASALLI MERKEZ,0,0,1,0,0.0,5.0,0,0,0.0,0,0.0,1,423.796,0,0.0,26.96038561,38.50240102
413.784,0,15141514,0,0.0,KUCUK_TICARETHANE,35-09-K03314,CIGLI,35,0,0,ATASEHIR,0,0,1,0,0.0,5.0,0,0,0.0,0,0.0,1,413.784,0,0.0,27.05323975,38.48790042
158.995,0,15141850,0,0.0,KUCUK_TICARETHANE,35-09-M01923,CIGLI,35,0,0,ATASEHIR,0,0,1,0,0.0,5.0,0,0,0.0,0,0.0,1,158.995,0,0.0,27.0650033,38.48713506
164.352,0,15141858,0,0.0,KUCUK_TICARETHANE,35-09-M01923,CIGLI,35,0,0,ATASEHIR,0,0,1,0,0.0,5.0,0,0,0.0,0,0.0,1,164.352,0,0.0,27.0649952,38.48705659
4253.229,0,15141866,0,0.0,KUCUK_TICARETHANE,35-04-K00476,KARSIYAKA,35,0,0,BOSTANLI,0,0,1,0,0.0,8.35,0,0,0.0,0,0.0,1,4253.229,0,0.0,27.09020196,38.45833944
4364.359,0,15143946,0,0.0,KUCUK_TICARETHANE,35-04-K03214,KARSIYAKA,35,0,0,DEDEBASI,0,0,1,0,0.0,8.35,0,0,0.0,0,0.0,1,4364.359,0,0.0,27.1053939,38.47353605
5550.636,0,15143962,0,0.0,KUCUK_TICARETHANE,35-04-M01030,KARSIYAKA,35,0,0,IMBATLI,0,0,1,0,0.0,8.35,0,0,0.0,0,0.0,1,5550.636,0,0.0,27.11359913,38.47203374
15847.75,0,15147010,0,0.0,ORTA_TICARETHANE,35-09-M02549,CIGLI,35,0,0,KUCUK CIGLI,0,0,1,0,0.0,12.15,0,0,0.0,0,0.0,1,15847.75,0,0.0,27.04469538,38.50256833
12.557,0,15147058,0,0.0,KUCUK_TICARETHANE,35-09-M01950,CIGLI,35,0,0,MALTEPE,0,0,1,0,0.0,8.35,0,0,0.0,0,0.0,1,12.557,0,0.0,27.07524365,38.48806657
687560.02,0,15147778,0,0.0,ORTA_TICARETHANE,35-04-M01343,KARSIYAKA,35,0,0,INONU,0,0,8,0,0.0,62.371625,0,0,0.0,0,0.0,8,687560.02,0,0.0,27.08817086,38.48636656
56750.68,0,15147882,0,0.0,ORTA_TICARETHANE,,KARSIYAKA,35,0,0,ZUBEYDE HANIM,0,0,1,0,0.0,149.85,0,0,0.0,0,0.0,1,56750.68,0,0.0,27.1079567,38.4921267
26748.889,0,15149954,0,0.0,ORTA_TICARETHANE,35-09-M00396,CIGLI,35,0,0,BALATCIK,0,0,6,0,0.0,12.229999999999999,0,0,0.0,0,0.0,6,26748.889,0,0.0,27.04110911,38.51060409
227513.0,0,15154309,0,0.0,ORTA_TICARETHANE,35-09-K01953,CIGLI,35,0,0,EVKA - 2,0,0,1,0,0.0,215.988,0,0,0.0,0,0.0,1,227513.0,0,0.0,27.08607095,38.4989411
224.608,0,15156324,0,0.0,ORTA_TICARETHANE,35-09-K01876,CIGLI,35,0,0,KOYICI,0,0,1,0,0.0,50.0,0,0,0.0,0,0.0,1,224.608,0,0.0,27.06156092,38.49507586
248.452,0,15156436,0,0.0,ORTA_TICARETHANE,35-04-K03850,KARSIYAKA,35,0,0,GONCALAR,0,0,1,0,0.0,25.757,0,0,0.0,0,0.0,1,248.452,0,0.0,27.10767143,38.4769149
200284.2,0,15156524,0,0.0,ORTA_TICARETHANE,35-04-M01144,KARSIYAKA,35,0,0,MAVISEHIR,0,0,1,0,0.0,37.23,0,0,0.0,0,0.0,1,200284.2,0,0.0,27.067855,38.47285
170.741,0,15158787,0,0.0,KUCUK_TICARETHANE,35-09-M00211,CIGLI,35,0,0,INONU,0,0,1,0,0.0,8.35,0,0,0.0,0,0.0,1,170.741,0,0.0,27.04528774,38.52709498
18504.91,0,15159124,1,18504.91,AYDINLATMA,35-09-M00257,CIGLI,35,0,0,SASALLI MERKEZ,0,0,0,0,0.0,6.676,0,0,0.0,0,0.0,0,0.0,0,0.0,26.9529413,38.49405305
0.0,0,15162604,0,0.0,KUCUK_TICARETHANE,35-09-K04389,CIGLI,35,0,0,ATASEHIR,0,0,1,0,0.0,11.2,0,0,0.0,0,0.0,1,0.0,0,0.0,27.0629474,38.48749111
416.186,0,15167989,0,0.0,KUCUK_TICARETHANE,35-04-M03251,KARSIYAKA,35,0,0,BOSTANLI,0,0,1,0,0.0,5.0,0,0,0.0,0,0.0,1,416.186,0,0.0,27.10536998,38.45700146
749998.1,0,15177493,0,0.0,BUYUK_TICARETHANE,35-04-K04750,KARSIYAKA,35,0,0,ORNEKKOY,0,0,1,0,0.0,994.43,0,0,0.0,0,0.0,1,749998.1,0,0.0,27.10652278,38.48796605
139986.5,0,15177549,0,0.0,ORTA_TICARETHANE,35-04-K03390,KARSIYAKA,35,0,0,YALI,0,0,1,0,0.0,141.64,0,0,0.0,0,0.0,1,139986.5,0,0.0,27.08442233,38.47265936
1044.465,0,15177797,0,0.0,KUCUK_TICARETHANE,35-04-K01034,KARSIYAKA,35,0,0,DEMIRKOPRU,0,0,2,1,1037.301,8.0,0,0,0.0,0,0.0,1,7.164,0,0.0,27.10034873,38.46992889
312.387,0,15180254,0,0.0,KUCUK_TICARETHANE,35-09-M02165,CIGLI,35,0,0,UGUR MUMCU,0,0,1,0,0.0,5.0,0,0,0.0,0,0.0,1,312.387,0,0.0,27.04505269,38.51913032
173.034,0,15180262,0,0.0,KUCUK_TICARETHANE,35-09-M00211,CIGLI,35,0,0,INONU,0,0,1,0,0.0,5.0,0,0,0.0,0,0.0,1,173.034,0,0.0,27.04626159,38.52772757
152.879,0,15180270,0,0.0,KUCUK_TICARETHANE,35-09-M00211,CIGLI,35,0,0,INONU,0,0,1,0,0.0,5.0,0,0,0.0,0,0.0,1,152.879,0,0.0,27.0464994,38.52755626
151.073,0,15180278,0,0.0,KUCUK_TICARETHANE,35-09-M00211,CIGLI,35,0,0,INONU,0,0,1,0,0.0,5.0,0,0,0.0,0,0.0,1,151.073,0,0.0,27.04637962,38.52799541
182.29,0,15180286,0,0.0,KUCUK_TICARETHANE,35-09-M01504,CIGLI,35,0,0,ATASEHIR,0,0,1,0,0.0,5.0,0,0,0.0,0,0.0,1,182.29,0,0.0,27.06075567,38.4874211
1329.366,0,15183421,0,0.0,KUCUK_TICARETHANE,35-04-K04171,KARSIYAKA,35,0,0,ZUBEYDE HANIM,0,0,1,0,0.0,5.0,0,0,0.0,0,0.0,1,1329.366,0,0.0,27.11368672,38.49770612
487.719,0,15189189,0,0.0,KUCUK_TICARETHANE,,KARSIYAKA,35,0,0,BAHRIYE UCOK,0,0,1,0,0.0,5.0,0,0,0.0,0,0.0,1,487.719,0,0.0,27.10985153,38.46466639
999.631,0,15189245,0,0.0,KUCUK_TICARETHANE,35-04-K01670,KARSIYAKA,35,0,0,ALAYBEY,0,0,1,0,0.0,8.35,0,0,0.0,0,0.0,1,999.631,0,0.0,27.12580018,38.45919621
944.934,0,15189253,0,0.0,KUCUK_TICARETHANE,35-04-K00363,KARSIYAKA,35,0,0,TUNA,0,0,1,0,0.0,8.35,0,0,0.0,0,0.0,1,944.934,0,0.0,27.12446768,38.45678739
971.976,0,15189261,0,0.0,KUCUK_TICARETHANE,35-04-K00363,KARSIYAKA,35,0,0,TUNA,0,0,1,0,0.0,8.35,0,0,0.0,0,0.0,1,971.976,0,0.0,27.12403786,38.45700486
1337.65,0,15189277,0,0.0,KUCUK_TICARETHANE,35-04-K00037,KARSIYAKA,35,0,0,TERSANE,0,0,1,0,0.0,8.35,0,0,0.0,0,0.0,1,1337.65,0,0.0,27.12347542,38.45613418
14233.701,0,15189309,1,1661.711,ORTA_TICARETHANE,35-09-M03053,CIGLI,35,0,0,EGEKENT,0,0,1,0,0.0,6.2675,0,0,0.0,0,0.0,1,12571.99,0,0.0,27.06317213,38.50579
461.567,0,15193086,0,0.0,KUCUK_TICARETHANE,35-09-K03331,CIGLI,35,0,0,EVKA-5,0,0,1,0,0.0,5.0,0,0,0.0,0,0.0,1,461.567,0,0.0,27.04897109,38.51787612
64707.21000000001,0,15928902,0,0.0,ORTA_TICARETHANE,35-09-K03320,CIGLI,35,0,0,AYDINLIKEVLER,0,0,3,0,0.0,15.056666666666667,0,0,0.0,0,0.0,3,64707.21000000001,0,0.0,27.07981647,38.4903491
15368.82,0,15931170,0,0.0,ORTA_TICARETHANE,35-04-M01355,KARSIYAKA,35,0,0,BAHCELIEVLER,0,0,1,0,0.0,8.35,0,0,0.0,0,0.0,1,15368.82,0,0.0,27.11068381,38.46774178
643157.3,0,15931885,0,0.0,ORTA_TICARETHANE,35-04-K00289,KARSIYAKA,35,0,0,DONANMACI,0,0,1,0,0.0,272.041,0,0,0.0,0,0.0,1,643157.3,0,0.0,27.11686635,38.45681879
2525.842,0,15932200,0,0.0,KUCUK_TICARETHANE,35-04-K03109,KARSIYAKA,35,0,0,ALAYBEY,0,0,1,0,0.0,5.0,0,0,0.0,0,0.0,1,2525.842,0,0.0,27.12216462,38.45902938
870.092,0,15932207,0,0.0,KUCUK_TICARETHANE,35-04-K03224,KARSIYAKA,35,0,0,DONANMACI,0,0,1,0,0.0,5.01,0,0,0.0,0,0.0,1,870.092,0,0.0,27.1180665,38.4548947
8553.101,0,15933047,0,0.0,KUCUK_TICARETHANE,35-09-K01863,CIGLI,35,0,0,YENI MAHALLE,0,0,1,0,0.0,8.5,0,0,0.0,0,0.0,1,8553.101,0,0.0,27.05601102,38.49638401
27194.7559,0,15933271,0,0.0,KUCUK_TICARETHANE,35-04-K00215,KARSIYAKA,35,0,0,SEMIKLER,0,0,19,13,21223.9609,10.351052631578947,0,0,0.0,0,0.0,6,5970.795,0,0.0,27.09308715,38.47806961
42166.38,0,15935021,0,0.0,ORTA_TICARETHANE,35-04-K03969,KARSIYAKA,35,0,0,ORNEKKOY,0,0,4,0,0.0,12.74,0,0,0.0,0,0.0,4,42166.38,0,0.0,27.11553744,38.47779553
14181.37,0,15935483,1,14181.37,AYDINLATMA,35-09-M00845,CIGLI,35,0,0,UGUR MUMCU,0,0,0,0,0.0,5.215,0,0,0.0,0,0.0,0,0.0,0,0.0,27.04561579,38.52428669
10249.14,0,15935490,1,10249.14,AYDINLATMA,35-09-M01898,CIGLI,35,0,0,ATASEHIR,0,0,0,0,0.0,2.69,0,0,0.0,0,0.0,0,0.0,0,0.0,27.06193424,38.48998936
22795.74,0,15935497,1,22795.74,AYDINLATMA,35-09-K04579,CIGLI,35,0,0,ATATURK,0,0,0,0,0.0,8.768,0,0,0.0,0,0.0,0,0.0,0,0.0,27.06462083,38.51714226
1409.737,0,15935504,1,1409.737,AYDINLATMA,35-09-M00400,CIGLI,35,0,0,BALATCIK,0,0,0,0,0.0,0.471,0,0,0.0,0,0.0,0,0.0,0,0.0,27.03852322,38.51807425
5679.423,0,15935511,1,5679.423,AYDINLATMA,35-09-M00626,CIGLI,35,0,0,UGUR MUMCU,0,0,0,0,0.0,1.739,0,0,0.0,0,0.0,0,0.0,0,0.0,27.04539928,38.52273371
310.98,0,15938416,0,0.0,KUCUK_TICARETHANE,35-04-M01442,KARSIYAKA,35,0,0,DEDEBASI,0,0,1,0,0.0,5.0,0,0,0.0,0,0.0,1,310.98,0,0.0,27.10423683,38.46999571
679.14,0,15938423,0,0.0,KUCUK_TICARETHANE,35-04-M01030,KARSIYAKA,35,0,0,IMBATLI,0,0,1,0,0.0,5.0,0,0,0.0,0,0.0,1,679.14,0,0.0,27.11283659,38.47195745
1120.777,0,15938430,0,0.0,KUCUK_TICARETHANE,35-04-K00363,KARSIYAKA,35,0,0,TUNA,0,0,1,0,0.0,8.35,0,0,0.0,0,0.0,1,1120.777,0,0.0,27.12411692,38.45719193
1346.527,0,15938437,0,0.0,KUCUK_TICARETHANE,35-04-K03385,KARSIYAKA,35,0,0,AKSOY,0,0,1,0,0.0,8.35,0,0,0.0,0,0.0,1,1346.527,0,0.0,27.10783862,38.45062539
1126.988,0,15941104,0,0.0,KUCUK_TICARETHANE,35-04-K04454,KARSIYAKA,35,0,0,TUNA,0,0,1,0,0.0,5.0,0,0,0.0,0,0.0,1,1126.988,0,0.0,27.12048228,38.45664473
1846.854,0,15942448,0,0.0,KUCUK_TICARETHANE,35-04-K00491,KARSIYAKA,35,0,0,AKSOY,0,0,1,0,0.0,5.0,0,0,0.0,0,0.0,1,1846.854,0,0.0,27.1075008,38.45065766
914.034,0,15946691,0,0.0,KUCUK_TICARETHANE,35-04-K04454,KARSIYAKA,35,0,0,TUNA,0,0,1,0,0.0,8.35,0,0,0.0,0,0.0,1,914.034,0,0.0,27.12095032,38.45599937
1120.455,0,15946698,0,0.0,KUCUK_TICARETHANE,35-04-K00893,KARSIYAKA,35,0,0,TUNA,0,0,1,0,0.0,8.35,0,0,0.0,0,0.0,1,1120.455,0,0.0,27.12207944,38.4560648
821.762,0,15946705,0,0.0,KUCUK_TICARETHANE,35-04-K00893,KARSIYAKA,35,0,0,TUNA,0,0,1,0,0.0,8.35,0,0,0.0,0,0.0,1,821.762,0,0.0,27.12170444,38.45639908
2055.284,0,15946887,1,2055.284,AYDINLATMA,35-09-K02778,CIGLI,35,0,0,ATASEHIR,0,0,0,0,0.0,0.497,0,0,0.0,0,0.0,0,0.0,0,0.0,27.07046572,38.48647308
17186.99,0,15947664,1,17186.99,AYDINLATMA,35-09-K04389,CIGLI,35,0,0,ATASEHIR,0,0,0,0,0.0,4.681,0,0,0.0,0,0.0,0,0.0,0,0.0,27.06295684,38.48753013
709.884,0,15948482,0,0.0,KUCUK_TICARETHANE,35-04-K00893,KARSIYAKA,35,0,0,TUNA,0,0,1,0,0.0,8.35,0,0,0.0,0,0.0,1,709.884,0,0.0,27.12163573,38.45604699
789.42,0,15948531,0,0.0,KUCUK_TICARETHANE,35-04-K00928,KARSIYAKA,35,0,0,TUNA,0,0,1,0,0.0,5.0,0,0,0.0,0,0.0,1,789.42,0,0.0,27.12084268,38.45654033
1024.777,0,15948538,0,0.0,KUCUK_TICARETHANE,35-04-K04454,KARSIYAKA,35,0,0,TUNA,0,0,1,0,0.0,5.0,0,0,0.0,0,0.0,1,1024.777,0,0.0,27.12058336,38.45589737
261.533,0,15953578,0,0.0,KUCUK_TICARETHANE,35-09-M00220,CIGLI,35,0,0,INONU,0,0,1,0,0.0,5.0,0,0,0.0,0,0.0,1,261.533,0,0.0,27.04516254,38.52941406
194152.1,0,15953851,0,0.0,ORTA_TICARETHANE,35-04-K04288,KARSIYAKA,35,0,0,ZUBEYDE HANIM,0,0,1,0,0.0,348.252,0,0,0.0,0,0.0,1,194152.1,0,0.0,27.11227977,38.49497894
22794.96,0,15953886,0,0.0,ORTA_TICARETHANE,35-04-K03724,KARSIYAKA,35,0,0,BAHRIYE UCOK,0,0,1,0,0.0,83.71,0,0,0.0,0,0.0,1,22794.96,0,0.0,27.10894195,38.46178008
147.754,0,15954390,0,0.0,KUCUK_TICARETHANE,35-04-M01643,KARSIYAKA,35,0,0,DEMIRKOPRU,0,0,1,0,0.0,5.0,0,0,0.0,0,0.0,1,147.754,0,0.0,27.09832224,38.46739686
3852.382,0,15956547,1,3852.382,AYDINLATMA,35-04-K00363,KARSIYAKA,35,0,0,TUNA,0,0,0,0,0.0,0.397,0,0,0.0,0,0.0,0,0.0,0,0.0,27.1236599,38.45609448
2449.803,0,15956680,0,0.0,KUCUK_TICARETHANE,35-04-M02423,KARSIYAKA,35,0,0,ORNEKKOY,0,0,1,0,0.0,8.5,0,0,0.0,0,0.0,1,2449.803,0,0.0,27.10701833,38.4782832
7595.96,0,15957100,0,0.0,KUCUK_TICARETHANE,35-04-M01029,KARSIYAKA,35,0,0,ORNEKKOY,0,0,5,3,2708.3070000000002,10.052,0,0,0.0,0,0.0,2,4887.653,0,0.0,27.11405138,38.47965406
1147.048,0,15958332,1,1147.048,AYDINLATMA,35-04-K00665,KARSIYAKA,35,0,0,DONANMACI,0,0,0,0,0.0,0.139,0,0,0.0,0,0.0,0,0.0,0,0.0,27.11290816,38.45051808
203831.9,0,41896690,0,0.0,ORTA_TICARETHANE,35-04-M01566,KARSIYAKA,35,0,0,ORNEKKOY,0,0,1,0,0.0,296.595,0,0,0.0,0,0.0,1,203831.9,0,0.0,27.11330465,38.48167304
1996.4,0,41897222,0,0.0,KUCUK_TICARETHANE,35-04-K02423,KARSIYAKA,35,0,0,MAVISEHIR,0,0,1,0,0.0,5.0,0,0,0.0,0,0.0,1,1996.4,0,0.0,27.07593586,38.46940917
4863.204,0,41899071,0,0.0,KUCUK_TICARETHANE,35-09-K02764,CIGLI,35,0,0,EVKA-5,0,0,1,0,0.0,5.0,0,0,0.0,0,0.0,1,4863.204,0,0.0,27.05513276,38.51846067
393.051,0,41926991,0,0.0,KUCUK_TICARETHANE,35-09-M03520,CIGLI,35,0,0,ATASEHIR,0,0,1,0,0.0,5.0,0,0,0.0,0,0.0,1,393.051,0,0.0,27.06340356,38.49225448
498.459,0,41927052,0,0.0,KUCUK_TICARETHANE,35-09-M03520,CIGLI,35,0,0,ATASEHIR,0,0,1,0,0.0,5.0,0,0,0.0,0,0.0,1,498.459,0,0.0,27.06177272,38.49392644
3813.62,0,41930862,1,3813.62,AYDINLATMA,35-04-M02875,KARSIYAKA,35,0,0,ORNEKKOY,0,0,0,0,0.0,2.747,0,0,0.0,0,0.0,0,0.0,0,0.0,27.10850407,38.48415043
11351.66,0,41930918,1,11351.66,AYDINLATMA,35-04-M01378,KARSIYAKA,35,0,0,INONU,0,0,0,0,0.0,4.577,0,0,0.0,0,0.0,0,0.0,0,0.0,27.09193016,38.48834189
1808.131,0,41945148,1,1808.131,AYDINLATMA,35-09-M01974,CIGLI,35,0,0,EVKA - 2,0,0,0,0,0.0,0.834,0,0,0.0,0,0.0,0,0.0,0,0.0,27.08284257,38.50105523
6713.761,0,41945180,1,6713.761,AYDINLATMA,35-09-M01974,CIGLI,35,0,0,EVKA - 2,0,0,0,0,0.0,2.139,0,0,0.0,0,0.0,0,0.0,0,0.0,27.08331399,38.50038449
0.0,0,41956819,0,0.0,KUCUK_TICARETHANE,35-09-K03317,CIGLI,35,0,0,MALTEPE,0,0,1,0,0.0,7.9,0,0,0.0,0,0.0,1,0.0,0,0.0,27.0756648,38.49216471
56680.44,0,41966335,0,0.0,ORTA_TICARETHANE,35-04-K04562,KARSIYAKA,35,0,0,YALI,0,0,1,0,0.0,64.558,0,0,0.0,0,0.0,1,56680.44,0,0.0,27.08325038,38.47478972
127178.0,0,41966338,0,0.0,ORTA_TICARETHANE,35-04-K04562,KARSIYAKA,35,0,0,YALI,0,0,1,0,0.0,100.77,0,0,0.0,0,0.0,1,127178.0,0,0.0,27.08324433,38.47478936
10314.59,0,42019395,0,0.0,KUCUK_TICARETHANE,35-04-K00243,KARSIYAKA,35,0,0,CUMHURIYET,0,0,2,1,9250.154,11.530000000000001,0,0,0.0,0,0.0,1,1064.436,0,0.0,27.09710084,38.48387086
144069.6,0,42131063,0,0.0,ORTA_TICARETHANE,35-04-K04184,KARSIYAKA,35,0,0,LATIFE HANIM,0,0,1,0,0.0,86.87,0,0,0.0,0,0.0,1,144069.6,0,0.0,27.11788958,38.49529757
1781.827,0,42131125,0,0.0,KUCUK_TICARETHANE,35-04-K02472,KARSIYAKA,35,0,0,ZUBEYDE HANIM,0,0,1,0,0.0,7.28,0,0,0.0,0,0.0,1,1781.827,0,0.0,27.10792836,38.49281455
1265.514,0,42577154,0,0.0,KUCUK_TICARETHANE,35-09-K01866,CIGLI,35,0,0,KUCUK CIGLI,0,0,1,0,0.0,8.35,0,0,0.0,0,0.0,1,1265.514,0,0.0,27.0552581,38.50026206
10064.16,0,42995318,0,0.0,ORTA_TICARETHANE,35-09-K01875,CIGLI,35,0,0,SIRINTEPE,0,0,1,0,0.0,8.2,0,0,0.0,0,0.0,1,10064.16,0,0.0,27.06660324,38.49330271
262.153,0,43001477,1,262.153,AYDINLATMA,35-04-M02326,KARSIYAKA,35,0,0,ORNEKKOY,0,0,0,0,0.0,0.318,0,0,0.0,0,0.0,0,0.0,0,0.0,27.11004938,38.47658557
889.096,0,43001483,1,889.096,AYDINLATMA,35-04-K03903,KARSIYAKA,35,0,0,DEDEBASI,0,0,0,0,0.0,0.197,0,0,0.0,0,0.0,0,0.0,0,0.0,27.10569068,38.47026035
20094.48,0,43076840,0,0.0,ORTA_TICARETHANE,35-09-M02088,CIGLI,35,0,0,BALATCIK,0,0,1,0,0.0,6.4,0,0,0.0,0,0.0,1,20094.48,0,0.0,27.03995208,38.50781525
817.639,0,43076841,0,0.0,KUCUK_TICARETHANE,35-09-M02088,CIGLI,35,0,0,BALATCIK,0,0,1,0,0.0,5.0,0,0,0.0,0,0.0,1,817.639,0,0.0,27.03994668,38.50777257
215.07,0,43076843,0,0.0,KUCUK_TICARETHANE,35-09-M02088,CIGLI,35,0,0,BALATCIK,0,0,1,0,0.0,5.0,0,0,0.0,0,0.0,1,215.07,0,0.0,27.03997692,38.50773271
121.75,0,43076846,0,0.0,KUCUK_TICARETHANE,35-09-M02088,CIGLI,35,0,0,BALATCIK,0,0,1,0,0.0,5.0,0,0,0.0,0,0.0,1,121.75,0,0.0,27.03999204,38.50769496
931.63,0,43076848,0,0.0,KUCUK_TICARETHANE,35-09-M02088,CIGLI,35,0,0,BALATCIK,0,0,1,0,0.0,5.0,0,0,0.0,0,0.0,1,931.63,0,0.0,27.04001904,38.50761383
30434.11,0,43076849,0,0.0,ORTA_TICARETHANE,35-09-M02088,CIGLI,35,0,0,BALATCIK,0,0,1,0,0.0,5.0,0,0,0.0,0,0.0,1,30434.11,0,0.0,27.04002444,38.50757594
9102.08,0,43076852,0,0.0,KUCUK_TICARETHANE,35-09-M02088,CIGLI,35,0,0,BALATCIK,0,0,1,0,0.0,5.0,0,0,0.0,0,0.0,1,9102.08,0,0.0,27.04003956,38.50754312
9227.572,0,43139144,1,9227.572,AYDINLATMA,35-04-M02025,KARSIYAKA,35,0,0,ORNEKKOY,0,0,0,0,0.0,4.146,0,0,0.0,0,0.0,0,0.0,0,0.0,27.11046445,38.48552675
131.11,0,43151680,0,0.0,KUCUK_TICARETHANE,35-09-M00257,CIGLI,35,0,0,SASALLI MERKEZ,0,0,1,0,0.0,5.0,0,0,0.0,0,0.0,1,131.11,0,0.0,26.9548866,38.49531251
3792.527,0,43166088,0,0.0,KUCUK_TICARETHANE,35-09-M01932,CIGLI,35,0,0,BALATCIK,0,0,2,1,1791.702,11.195,0,0,0.0,0,0.0,1,2000.825,0,0.0,27.04174056,38.51086186
8675.397,0,43189464,0,0.0,KUCUK_TICARETHANE,35-09-M02092,CIGLI,35,0,0,INONU,0,0,1,0,0.0,5.32,0,0,0.0,0,0.0,1,8675.397,0,0.0,27.04556592,38.52865006
514264.99,0,44450864,0,0.0,ORTA_TICARETHANE,35-04-K00289,KARSIYAKA,35,0,0,DONANMACI,0,0,4,0,0.0,80.103,0,0,0.0,0,0.0,4,514264.99,0,0.0,27.11720916,38.45678459
670.663,0,44452166,0,0.0,KUCUK_TICARETHANE,35-04-K00489,KARSIYAKA,35,0,0,BAHRIYE UCOK,0,0,1,0,0.0,5.0,0,0,0.0,0,0.0,1,670.663,0,0.0,27.11333844,38.45787472
5514.529,0,44454363,1,5514.529,AYDINLATMA,35-04-K03037,KARSIYAKA,35,0,0,YALI,0,0,0,0,0.0,1.357,0,0,0.0,0,0.0,0,0.0,0,0.0,27.0911944,38.46936365
6115.649,0,44464359,0,0.0,ORTA_TICARETHANE,35-04-K04756,KARSIYAKA,35,0,0,LATIFE HANIM,0,0,1,0,0.0,25.1,0,0,0.0,0,0.0,1,6115.649,0,0.0,27.12135204,38.50135004
11127.41,0,44464366,0,0.0,ORTA_TICARETHANE,35-04-K04756,KARSIYAKA,35,0,0,LATIFE HANIM,0,0,1,0,0.0,25.1,0,0,0.0,0,0.0,1,11127.41,0,0.0,27.12134844,38.50140497
430.699,0,44465823,0,0.0,KUCUK_TICARETHANE,35-04-K00111,KARSIYAKA,35,0,0,BOSTANLI,0,0,1,0,0.0,5.0,0,0,0.0,0,0.0,1,430.699,0,0.0,27.09895248,38.4576196
45824.56,0,44468341,0,0.0,ORTA_TICARETHANE,35-09-M01950,CIGLI,35,0,0,MALTEPE,0,0,1,0,0.0,105.122,0,0,0.0,0,0.0,1,45824.56,0,0.0,27.0722106,38.49012151
36367.06,0,44469095,1,36367.06,AYDINLATMA,35-09-M03520,CIGLI,35,0,0,ATASEHIR,0,0,0,0,0.0,7.95,0,0,0.0,0,0.0,0,0.0,0,0.0,27.06287796,38.49253095
1236.566,0,44469765,0,0.0,KUCUK_TICARETHANE,35-09-M01950,CIGLI,35,0,0,MALTEPE,0,0,1,0,0.0,14.741,0,0,0.0,0,0.0,1,1236.566,0,0.0,27.0745884,38.48789233
6899.189,0,44469784,0,0.0,ORTA_TICARETHANE,35-04-K04477,KARSIYAKA,35,0,0,LATIFE HANIM,0,0,6,4,3502.484,15.481666666666667,0,0,0.0,0,0.0,2,3396.705,0,0.0,27.11848629,38.4938883
0.0,0,44549761,0,0.0,KUCUK_TICARETHANE,35-04-K03102,KARSIYAKA,35,0,0,TERSANE,0,0,1,0,0.0,8.2,0,0,0.0,0,0.0,1,0.0,0,0.0,27.12491892,38.46184353
3026.102,0,44911431,0,0.0,KUCUK_TICARETHANE,35-04-K04756,KARSIYAKA,35,0,0,LATIFE HANIM,0,0,1,0,0.0,8.19,0,0,0.0,0,0.0,1,3026.102,0,0.0,27.12181536,38.50079615
25814.58,0,45208442,0,0.0,ORTA_TICARETHANE,35-09-K03322,CIGLI,35,0,0,YENI MAHALLE,0,0,1,0,0.0,8.6,0,0,0.0,0,0.0,1,25814.58,0,0.0,27.04968468,38.49624822
34340.55,0,45345326,0,0.0,ORTA_TICARETHANE,35-04-K02436,KARSIYAKA,35,0,0,MUSTAFA KEMAL,0,0,1,0,0.0,86.94,0,0,0.0,0,0.0,1,34340.55,0,0.0,27.09688968,38.49505541
90278.22,0,45345409,0,0.0,ORTA_TICARETHANE,35-04-K02436,KARSIYAKA,35,0,0,MUSTAFA KEMAL,0,0,1,0,0.0,134.89,0,0,0.0,0,0.0,1,90278.22,0,0.0,27.09632628,38.49493003
993.655,0,45346183,0,0.0,KUCUK_TICARETHANE,35-04-K00288,KARSIYAKA,35,0,0,ALAYBEY,0,0,1,0,0.0,5.0,0,0,0.0,0,0.0,1,993.655,0,0.0,27.12491424,38.45947013
997.224,0,45346234,0,0.0,KUCUK_TICARETHANE,35-04-K03109,KARSIYAKA,35,0,0,ALAYBEY,0,0,1,0,0.0,5.0,0,0,0.0,0,0.0,1,997.224,0,0.0,27.1249326,38.45861767
1005.313,0,45346379,0,0.0,KUCUK_TICARETHANE,35-04-K03109,KARSIYAKA,35,0,0,ALAYBEY,0,0,1,0,0.0,5.0,0,0,0.0,0,0.0,1,1005.313,0,0.0,27.124929,38.45841245
694.985,0,45346431,0,0.0,KUCUK_TICARETHANE,35-04-K03109,KARSIYAKA,35,0,0,TUNA,0,0,1,0,0.0,5.0,0,0,0.0,0,0.0,1,694.985,0,0.0,27.12460068,38.45775702
12890.55,0,45351287,0,0.0,ORTA_TICARETHANE,35-09-M00888,CIGLI,35,0,0,BALATCIK,0,0,5,1,1612.06,14.219999999999999,0,0,0.0,0,0.0,4,11278.49,0,0.0,27.04344264,38.51560153
2507.822,0,45356895,0,0.0,KUCUK_TICARETHANE,35-04-K03908,KARSIYAKA,35,0,0,ZUBEYDE HANIM,0,0,1,0,0.0,8.2,0,0,0.0,0,0.0,1,2507.822,0,0.0,27.11164212,38.48773186
9094.443,0,45357283,0,0.0,KUCUK_TICARETHANE,35-09-K01865,CIGLI,35,0,0,KUCUK CIGLI,0,0,1,0,0.0,8.2,0,0,0.0,0,0.0,1,9094.443,0,0.0,27.06004224,38.4975254
6731.403,0,45380897,1,6731.403,AYDINLATMA,35-09-K02768,CIGLI,35,0,0,ATATURK,0,0,0,0,0.0,1.938,0,0,0.0,0,0.0,0,0.0,0,0.0,27.06489992,38.52025013
1919.059,0,45381575,1,1919.059,AYDINLATMA,35-09-K02767,CIGLI,35,0,0,ATATURK,0,0,0,0,0.0,0.559,0,0,0.0,0,0.0,0,0.0,0,0.0,27.06229153,38.52007152
798007.2,0,45382889,0,0.0,ORTA_TICARETHANE,35-04-K02900,KARSIYAKA,35,0,0,BAHARIYE,0,0,2,0,0.0,305.0,0,0,0.0,0,0.0,2,798007.2,0,0.0,27.12013812,38.46101618
676.479,0,45385542,0,0.0,KUCUK_TICARETHANE,35-04-K01670,KARSIYAKA,35,0,0,ALAYBEY,0,0,1,0,0.0,5.0,0,0,0.0,0,0.0,1,676.479,0,0.0,27.12534912,38.45807261
3354.74,0,45397613,1,3354.74,AYDINLATMA,35-09-K03481,CIGLI,35,0,0,ATASEHIR,0,0,0,0,0.0,1.349,0,0,0.0,0,0.0,0,0.0,0,0.0,27.05641018,38.48680088
4839.704,0,46998998,1,4839.704,AYDINLATMA,35-09-K03330,CIGLI,35,0,0,ATASEHIR,0,0,0,0,0.0,1.766,0,0,0.0,0,0.0,0,0.0,0,0.0,27.06798567,38.48433844
1197.147,0,47174890,0,0.0,KUCUK_TICARETHANE,35-09-K03705,CIGLI,35,0,0,MALTEPE,0,0,1,0,0.0,5.0,0,0,0.0,0,0.0,1,1197.147,0,0.0,27.07483644,38.49012306
1097.709,0,47229389,1,1097.709,AYDINLATMA,35-09-M01089,CIGLI,35,0,0,ATASEHIR,0,0,0,0,0.0,0.304,0,0,0.0,0,0.0,0,0.0,0,0.0,27.06546328,38.47875447
58457.012,0,47230260,0,0.0,ORTA_TICARETHANE,35-09-K01480,CIGLI,35,0,0,YAKAKENT,0,0,7,3,23600.797000000002,12.84,0,0,0.0,0,0.0,4,34856.215,0,0.0,27.07129872,38.501555
3821.536,0,47275428,0,0.0,KUCUK_TICARETHANE,35-09-M01992,CIGLI,35,0,0,ESENTEPE,0,0,3,2,3657.101,10.26,0,0,0.0,0,0.0,1,164.435,0,0.0,27.05246244,38.5065329
1879.854,0,47277708,0,0.0,KUCUK_TICARETHANE,35-04-K04756,KARSIYAKA,35,0,0,LATIFE HANIM,0,0,1,0,0.0,5.0,0,0,0.0,0,0.0,1,1879.854,0,0.0,27.12226212,38.49812468
870.448,0,47294422,0,0.0,KUCUK_TICARETHANE,35-04-K01316,KARSIYAKA,35,0,0,DONANMACI,0,0,1,0,0.0,5.0,0,0,0.0,0,0.0,1,870.448,0,0.0,27.117603,38.45392556
815.886,0,47294445,0,0.0,KUCUK_TICARETHANE,35-04-K03224,KARSIYAKA,35,0,0,DONANMACI,0,0,1,0,0.0,5.0,0,0,0.0,0,0.0,1,815.886,0,0.0,27.1182438,38.45484349
603.592,0,47294465,0,0.0,KUCUK_TICARETHANE,35-04-K00681,KARSIYAKA,35,0,0,DONANMACI,0,0,1,0,0.0,5.0,0,0,0.0,0,0.0,1,603.592,0,0.0,27.11665188,38.45303258
905.009,0,47294483,0,0.0,KUCUK_TICARETHANE,35-04-K00018,KARSIYAKA,35,0,0,DONANMACI,0,0,1,0,0.0,5.0,0,0,0.0,0,0.0,1,905.009,0,0.0,27.11728224,38.45381054
2499.057,0,47295028,0,0.0,KUCUK_TICARETHANE,35-04-K01760,KARSIYAKA,35,0,0,DONANMACI,0,0,1,0,0.0,5.0,0,0,0.0,0,0.0,1,2499.057,0,0.0,27.11882484,38.45554827
1938.346,0,47295141,0,0.0,KUCUK_TICARETHANE,35-04-K01990,KARSIYAKA,35,0,0,TUNA,0,0,1,0,0.0,5.0,0,0,0.0,0,0.0,1,1938.346,0,0.0,27.11932452,38.45579946
1342.284,0,47295157,0,0.0,KUCUK_TICARETHANE,35-04-K01316,KARSIYAKA,35,0,0,DONANMACI,0,0,1,0,0.0,5.0,0,0,0.0,0,0.0,1,1342.284,0,0.0,27.11780892,38.45458187
764.399,0,47312587,0,0.0,KUCUK_TICARETHANE,35-04-K03808,KARSIYAKA,35,0,0,MAVISEHIR,0,0,1,0,0.0,5.0,0,0,0.0,0,0.0,1,764.399,0,0.0,27.0734828,38.4723671
231536.6,0,47347123,0,0.0,ORTA_TICARETHANE,35-04-K03303,KARSIYAKA,35,0,0,ATAKENT,0,0,1,0,0.0,152.724,0,0,0.0,0,0.0,1,231536.6,0,0.0,27.087881,38.46076
8284.67,0,47347147,0,0.0,ORTA_TICARETHANE,35-09-M00626,CIGLI,35,0,0,UGUR MUMCU,0,0,5,2,1417.832,26.113599999999998,0,0,0.0,0,0.0,3,6866.838,0,0.0,27.0445158,38.52228755
234417.1,0,47353882,0,0.0,ORTA_TICARETHANE,35-09-M01460,CIGLI,35,0,0,HARMANDALI GAZI MUSTAFA KEMAL ATATURK,0,0,1,0,0.0,121.0,0,0,0.0,0,0.0,1,234417.1,0,0.0,27.044203,38.53451
10274.97,0,47394867,0,0.0,ORTA_TICARETHANE,35-04-K04012,KARSIYAKA,35,0,0,ORNEKKOY,0,0,1,0,0.0,8.5,0,0,0.0,0,0.0,1,10274.97,0,0.0,27.10515744,38.48348915
3492.668,0,47395044,0,0.0,KUCUK_TICARETHANE,35-04-M01029,KARSIYAKA,35,0,0,ORNEKKOY,0,0,1,0,0.0,8.1,0,0,0.0,0,0.0,1,3492.668,0,0.0,27.11309112,38.47937738
15280.66,0,47436540,1,15280.66,AYDINLATMA,35-09-K03362,CIGLI,35,0,0,YAKAKENT,0,0,0,0,0.0,5.837,0,0,0.0,0,0.0,0,0.0,0,0.0,27.05031812,38.5041193
2355.092,0,47451753,1,2355.092,AYDINLATMA,35-09-K03312,CIGLI,35,0,0,YENI MAHALLE,0,0,0,0,0.0,0.514,0,0,0.0,0,0.0,0,0.0,0,0.0,27.05089282,38.49482258
791.371,0,47518254,1,791.371,AYDINLATMA,35-09-K03313,CIGLI,35,0,0,YENI MAHALLE,0,0,0,0,0.0,0.466,0,0,0.0,0,0.0,0,0.0,0,0.0,27.05261394,38.49505307
4782.642,0,47620584,1,4782.642,AYDINLATMA,35-09-M00347,CIGLI,35,0,0,SASALLI MERKEZ,0,0,0,0,0.0,2.515,0,0,0.0,0,0.0,0,0.0,0,0.0,26.94739089,38.49200294
510.0,0,47729191,0,0.0,KUCUK_TICARETHANE,35-04-K00363,KARSIYAKA,35,0,0,TUNA,0,0,1,0,0.0,8.3,0,0,0.0,0,0.0,1,510.0,0,0.0,27.12449772,38.4569099
29884.418,0,47730163,0,0.0,KUCUK_TICARETHANE,35-09-M01608,CIGLI,35,0,0,AYDINLIKEVLER,0,0,12,8,26803.971,12.467166666666666,0,0,0.0,0,0.0,4,3080.447,0,0.0,27.0781128,38.48874713
81296.424,0,47730164,0,0.0,ORTA_TICARETHANE,35-09-M01608,CIGLI,35,0,0,AYDINLIKEVLER,0,0,11,7,11354.898000000001,14.784999999999998,0,0,0.0,0,0.0,4,69941.526,0,0.0,27.07818012,38.48869979
478.126,0,47767528,0,0.0,KUCUK_TICARETHANE,35-09-M00400,CIGLI,35,0,0,BALATCIK,0,0,1,0,0.0,6.52,0,0,0.0,0,0.0,1,478.126,0,0.0,27.03950568,38.51814504
52284.95,0,47771731,0,0.0,ORTA_TICARETHANE,35-04-K04757,KARSIYAKA,35,0,0,LATIFE HANIM,0,0,1,0,0.0,5.9,0,0,0.0,0,0.0,1,52284.95,0,0.0,27.12462624,38.49862534
24286.31,0,48177216,0,0.0,KUCUK_TICARETHANE,35-09-M01932,CIGLI,35,0,0,BALATCIK,0,0,5,3,19303.755,10.968,0,0,0.0,0,0.0,2,4982.555,0,0.0,27.04100688,38.51013762
10621.935,0,48298795,0,0.0,KUCUK_TICARETHANE,35-04-M01305,KARSIYAKA,35,0,0,ORNEKKOY,0,0,5,3,4304.68,10.675999999999998,0,0,0.0,0,0.0,2,6317.255,0,0.0,27.11347812,38.4749476
34481.84,0,48406749,0,0.0,ORTA_TICARETHANE,35-04-K02423,KARSIYAKA,35,0,0,MAVISEHIR,0,0,1,0,0.0,209.246,0,0,0.0,0,0.0,1,34481.84,0,0.0,27.07704792,38.46881992
8168.168,0,48423217,0,0.0,KUCUK_TICARETHANE,35-04-M01892,KARSIYAKA,35,0,0,YALI,0,0,1,0,0.0,5.0,0,0,0.0,0,0.0,1,8168.168,0,0.0,27.08466624,38.47561048
35172.28,0,48423598,0,0.0,ORTA_TICARETHANE,35-04-K00833,KARSIYAKA,35,0,0,DONANMACI,0,0,1,0,0.0,6.32,0,0,0.0,0,0.0,1,35172.28,0,0.0,27.11387952,38.45743312
9785.341,0,48475304,0,0.0,ORTA_TICARETHANE,35-09-M01357,CIGLI,35,0,0,BALATCIK,0,0,1,0,0.0,47.9,0,0,0.0,0,0.0,1,9785.341,0,0.0,27.03597876,38.51423242
133411.432,0,48485437,0,0.0,ORTA_TICARETHANE,35-09-K04221,CIGLI,35,0,0,KOYICI,0,0,5,1,1669.012,10.7296,0,0,0.0,0,0.0,4,131742.42,0,0.0,27.06452856,38.49259829
19913.45,0,48497069,0,0.0,ORTA_TICARETHANE,35-04-K04756,KARSIYAKA,35,0,0,LATIFE HANIM,0,0,1,0,0.0,7.24,0,0,0.0,0,0.0,1,19913.45,0,0.0,27.12234024,38.49859857
53196.54,0,48498403,0,0.0,ORTA_TICARETHANE,35-04-K01990,KARSIYAKA,35,0,0,TUNA,0,0,1,0,0.0,33.501,0,0,0.0,0,0.0,1,53196.54,0,0.0,27.11934936,38.45597748
313.073,0,48533956,0,0.0,KUCUK_TICARETHANE,35-04-K01450,KARSIYAKA,35,0,0,YALI,0,0,1,0,0.0,8.5,0,0,0.0,0,0.0,1,313.073,0,0.0,27.08945352,38.4694582
1416.981,0,48534558,0,0.0,KUCUK_TICARETHANE,35-09-K01464,CIGLI,35,0,0,KUCUK CIGLI,0,0,1,0,0.0,8.2,0,0,0.0,0,0.0,1,1416.981,0,0.0,27.05894172,38.4985063
11631.08,0,48534817,0,0.0,ORTA_TICARETHANE,35-09-K01480,CIGLI,35,0,0,GUZELTEPE,0,0,1,0,0.0,8.2,0,0,0.0,0,0.0,1,11631.08,0,0.0,27.070929,38.50013773
4152.458,0,48770605,0,0.0,KUCUK_TICARETHANE,35-09-M02549,CIGLI,35,0,0,KUCUK CIGLI,0,0,1,0,0.0,14.97,0,0,0.0,0,0.0,1,4152.458,0,0.0,27.04434732,38.50211635
2215.017,0,49081306,0,0.0,KUCUK_TICARETHANE,35-09-K03322,CIGLI,35,0,0,YENI MAHALLE,0,0,1,0,0.0,8.2,0,0,0.0,0,0.0,1,2215.017,0,0.0,27.05030388,38.49715532
75755.76,0,49235675,0,0.0,ORTA_TICARETHANE,35-04-K01746,KARSIYAKA,35,0,0,DONANMACI,0,0,1,0,0.0,120.0,0,0,0.0,0,0.0,1,75755.76,0,0.0,27.11637072,38.4564635
1294420.0,0,49259447,0,0.0,ORTA_TICARETHANE,35-09-M01091,CIGLI,35,0,0,AHMET EFENDI,0,0,1,0,0.0,380.0,0,0,0.0,0,0.0,1,1294420.0,0,0.0,27.03646512,38.52089618
3895.425,0,49461517,0,0.0,KUCUK_TICARETHANE,35-04-M01087,CIGLI,35,0,0,ATASEHIR,0,0,1,0,0.0,5.0,0,0,0.0,0,0.0,1,3895.425,0,0.0,27.07019172,38.47742321
28914.32,0,49469426,2,28914.32,AYDINLATMA,35-04-K02435,KARSIYAKA,35,0,0,MUSTAFA KEMAL,0,0,0,0,0.0,8.45,0,0,0.0,0,0.0,0,0.0,0,0.0,27.09270885,38.49201194
5348.176,0,49715622,0,0.0,KUCUK_TICARETHANE,35-04-M01265,KARSIYAKA,35,0,0,IMBATLI,0,0,1,0,0.0,5.0,0,0,0.0,0,0.0,1,5348.176,0,0.0,27.11469096,38.4739148
74567.708,0,49766916,0,0.0,ORTA_TICARETHANE,35-09-M01896,CIGLI,35,0,0,YENI MAHALLE,0,0,2,0,0.0,124.4675,0,0,0.0,0,0.0,2,74567.708,0,0.0,27.04891248,38.49621019
397901.3,0,49766940,0,0.0,ORTA_TICARETHANE,35-09-M02440,CIGLI,35,0,0,YENI MAHALLE,0,0,1,0,0.0,66.0,0,0,0.0,0,0.0,1,397901.3,0,0.0,27.04929912,38.49408165
18411.28,0,49799440,0,0.0,ORTA_TICARETHANE,35-09-K03330,CIGLI,35,0,0,ATASEHIR,0,0,1,0,0.0,5.0,0,0,0.0,0,0.0,1,18411.28,0,0.0,27.07085952,38.48319635
646.86,0,49825859,0,0.0,KUCUK_TICARETHANE,35-04-M01028,KARSIYAKA,35,0,0,IMBATLI,0,0,1,0,0.0,5.0,0,0,0.0,0,0.0,1,646.86,0,0.0,27.10655496,38.47663959
953.264,0,49840997,0,0.0,KUCUK_TICARETHANE,35-09-M01304,CIGLI,35,0,0,BALATCIK,0,0,1,0,0.0,5.0,0,0,0.0,0,0.0,1,953.264,0,0.0,27.04209516,38.51865866
51174.21,0,49892598,0,0.0,ORTA_TICARETHANE,35-04-K02375,KARSIYAKA,35,0,0,ZUBEYDE HANIM,0,0,1,0,0.0,47.0,0,0,0.0,0,0.0,1,51174.21,0,0.0,27.10452924,38.49316789
29319.91,0,49899623,0,0.0,ORTA_TICARETHANE,35-09-K03363,CIGLI,35,0,0,YAKAKENT,0,0,1,0,0.0,8.5,0,0,0.0,0,0.0,1,29319.91,0,0.0,27.0726138,38.51193103
178459.4,0,49901565,0,0.0,ORTA_TICARETHANE,35-04-M02100,KARSIYAKA,35,0,0,IMBATLI,0,0,1,0,0.0,320.663,0,0,0.0,0,0.0,1,178459.4,0,0.0,27.1061316,38.47392932
146110.8,0,49901566,0,0.0,ORTA_TICARETHANE,35-04-M02100,KARSIYAKA,35,0,0,IMBATLI,0,0,1,0,0.0,541.252,0,0,0.0,0,0.0,1,146110.8,0,0.0,27.10668924,38.47335394
13152.697,0,49959043,0,0.0,ORTA_TICARETHANE,35-04-K04756,KARSIYAKA,35,0,0,LATIFE HANIM,0,0,3,0,0.0,5.56,0,0,0.0,0,0.0,3,13152.697,0,0.0,27.12171996,38.49996798
33001.575000000004,0,49964733,0,0.0,ORTA_TICARETHANE,35-04-M00933,KARSIYAKA,35,0,0,YALI,0,0,2,0,0.0,11.666,0,0,0.0,0,0.0,2,33001.575000000004,0,0.0,27.07535628,38.47623953
2789.005,0,49969914,0,0.0,KUCUK_TICARETHANE,35-09-M00845,CIGLI,35,0,0,UGUR MUMCU,0,0,1,0,0.0,5.0,0,0,0.0,0,0.0,1,2789.005,0,0.0,27.04535712,38.52419825
3063.906,0,49969929,0,0.0,KUCUK_TICARETHANE,35-09-M00845,CIGLI,35,0,0,UGUR MUMCU,0,0,1,0,0.0,5.0,0,0,0.0,0,0.0,1,3063.906,0,0.0,27.04367916,38.5241829
3609.844,0,49996255,0,0.0,KUCUK_TICARETHANE,35-04-K03082,KARSIYAKA,35,0,0,LATIFE HANIM,0,0,3,1,1689.189,8.77,0,0,0.0,0,0.0,2,1920.655,0,0.0,27.11610144,38.49078185
0.0,0,50010948,0,0.0,KUCUK_TICARETHANE,35-04-K03980,KARSIYAKA,35,0,0,GONCALAR,0,0,1,0,0.0,8.5,0,0,0.0,0,0.0,1,0.0,0,0.0,27.10492776,38.46417203
16244.673,0,50022662,0,0.0,ORTA_TICARETHANE,35-09-M01950,CIGLI,35,0,0,MALTEPE,0,0,2,0,0.0,5.02,0,0,0.0,0,0.0,2,16244.673,0,0.0,27.07451288,38.48821813
27880.28,0,50023865,0,0.0,ORTA_TICARETHANE,35-04-K02426,KARSIYAKA,35,0,0,MAVISEHIR,0,0,1,0,0.0,91.199,0,0,0.0,0,0.0,1,27880.28,0,0.0,27.08066304,38.47149882
199302.973,0,50035126,0,0.0,ORTA_TICARETHANE,35-04-M01802,KARSIYAKA,35,0,0,YALI,0,0,19,11,24669.513,13.626947368421055,0,0,0.0,0,0.0,8,174633.46,0,0.0,27.08700156,38.47631154
2926.029,0,50065248,0,0.0,KUCUK_TICARETHANE,35-09-M03090,CIGLI,35,0,0,YENI MAHALLE,0,0,1,0,0.0,7.9,0,0,0.0,0,0.0,1,2926.029,0,0.0,27.05164956,38.4989709
0.002,0,50080044,0,0.0,KUCUK_TICARETHANE,35-09-M01897,CIGLI,35,0,0,ATASEHIR,0,0,1,0,0.0,8.5,0,0,0.0,0,0.0,1,0.002,0,0.0,27.06535944,38.49016293
12614.45,0,50093417,0,0.0,ORTA_TICARETHANE,35-09-K02341,CIGLI,35,0,0,ATASEHIR,0,0,1,0,0.0,5.72,0,0,0.0,0,0.0,1,12614.45,0,0.0,27.05299884,38.49030734
4842.917,0,50118880,0,0.0,KUCUK_TICARETHANE,35-09-M00211,CIGLI,35,0,0,INONU,0,0,1,0,0.0,5.0,0,0,0.0,0,0.0,1,4842.917,0,0.0,27.04684068,38.52764014
2447.478,0,50130687,0,0.0,KUCUK_TICARETHANE,35-09-K01864,CIGLI,35,0,0,YENI MAHALLE,0,0,1,0,0.0,5.0,0,0,0.0,0,0.0,1,2447.478,0,0.0,27.06002928,38.49511331
10375.18,0,50178021,0,0.0,ORTA_TICARETHANE,35-04-K04757,KARSIYAKA,35,0,0,LATIFE HANIM,0,0,1,0,0.0,5.2,0,0,0.0,0,0.0,1,10375.18,0,0.0,27.12437964,38.49864506
76884.82,0,50186724,0,0.0,ORTA_TICARETHANE,35-04-K00363,KARSIYAKA,35,0,0,TUNA,0,0,1,0,0.0,14.75,0,0,0.0,0,0.0,1,76884.82,0,0.0,27.1239948,38.45554404
11251.42,0,50193164,0,0.0,ORTA_TICARETHANE,35-04-K02595,KARSIYAKA,35,0,0,MAVISEHIR,0,0,1,0,0.0,5.4,0,0,0.0,0,0.0,1,11251.42,0,0.0,27.06851628,38.47408799
723.0,0,50198162,0,0.0,KUCUK_TICARETHANE,35-04-K01183,KARSIYAKA,35,0,0,SANCAKLI,0,0,1,0,0.0,5.0,0,0,0.0,0,0.0,1,723.0,0,0.0,27.1527462,38.5149822
821.244,0,50224059,0,0.0,KUCUK_TICARETHANE,35-04-K01183,KARSIYAKA,35,0,0,SANCAKLI,0,0,1,0,0.0,5.0,0,0,0.0,0,0.0,1,821.244,0,0.0,27.15401088,38.51773887
111187.671,0,50226894,0,0.0,ORTA_TICARETHANE,35-09-M01357,CIGLI,35,0,0,BALATCIK,0,0,21,0,0.0,10.124857142857142,0,0,0.0,0,0.0,21,111187.671,0,0.0,27.03512126,38.51714201
18406.57,0,50243142,0,0.0,ORTA_TICARETHANE,35-04-K04188,KARSIYAKA,35,0,0,TUNA,0,0,1,0,0.0,14.8,0,0,0.0,0,0.0,1,18406.57,0,0.0,27.11846772,38.45863247
3955.8,0,50251441,0,0.0,ORTA_TICARETHANE,35-04-K04756,KARSIYAKA,35,0,0,LATIFE HANIM,0,0,1,0,0.0,77.725,0,0,0.0,0,0.0,1,3955.8,0,0.0,27.12291012,38.49822977
3720.811,0,50268953,0,0.0,KUCUK_TICARETHANE,35-09-K01860,CIGLI,35,0,0,YENI MAHALLE,0,0,1,0,0.0,5.0,0,0,0.0,0,0.0,1,3720.811,0,0.0,27.048249,38.49848771
48.181,0,50271424,0,0.0,KUCUK_TICARETHANE,35-04-K03102,KARSIYAKA,35,0,0,TERSANE,0,0,1,0,0.0,5.0,0,0,0.0,0,0.0,1,48.181,0,0.0,27.12487896,38.46187553
2797.563,0,50272103,0,0.0,KUCUK_TICARETHANE,35-04-M02466,KARSIYAKA,35,0,0,INONU,0,0,1,0,0.0,5.0,0,0,0.0,0,0.0,1,2797.563,0,0.0,27.10011276,38.485382
3114.644,0,52989328,0,0.0,KUCUK_TICARETHANE,35-09-M02549,CIGLI,35,0,0,KUCUK CIGLI,0,0,1,0,0.0,8.2,0,0,0.0,0,0.0,1,3114.644,0,0.0,27.04447008,38.50214241
1329.229,0,53005646,0,0.0,KUCUK_TICARETHANE,35-04-M01873,KARSIYAKA,35,0,0,CUMHURIYET,0,0,1,0,0.0,5.0,0,0,0.0,0,0.0,1,1329.229,0,0.0,27.09042336,38.48294231
224978.54200000002,0,53011493,0,0.0,ORTA_TICARETHANE,35-09-M02090,CIGLI,35,0,0,BALATCIK,0,0,96,65,113133.255,9.352447916666666,0,0,0.0,0,0.0,31,111845.28700000001,0,0.0,27.04266288,38.5122485
2926.874,0,53011715,0,0.0,KUCUK_TICARETHANE,35-04-M02466,KARSIYAKA,35,0,0,INONU,0,0,1,0,0.0,5.0,0,0,0.0,0,0.0,1,2926.874,0,0.0,27.09995688,38.4850809
1266.972,0,53025718,0,0.0,KUCUK_TICARETHANE,35-09-K01874,CIGLI,35,0,0,GUZELTEPE,0,0,1,0,0.0,5.0,0,0,0.0,0,0.0,1,1266.972,0,0.0,27.07856676,38.50251429
959.797,0,53025732,0,0.0,KUCUK_TICARETHANE,35-09-K04314,CIGLI,35,0,0,KUCUK CIGLI,0,0,1,0,0.0,5.0,0,0,0.0,0,0.0,1,959.797,0,0.0,27.05460444,38.49930786
881.639,0,53025763,0,0.0,KUCUK_TICARETHANE,35-09-K01866,CIGLI,35,0,0,KUCUK CIGLI,0,0,1,0,0.0,5.0,0,0,0.0,0,0.0,1,881.639,0,0.0,27.05600844,38.50022605
1024.92,0,53025829,0,0.0,KUCUK_TICARETHANE,35-09-M02104,CIGLI,35,0,0,SIRINTEPE,0,0,1,0,0.0,5.0,0,0,0.0,0,0.0,1,1024.92,0,0.0,27.07340148,38.49461093
968.445,0,53025868,0,0.0,KUCUK_TICARETHANE,35-09-M01992,CIGLI,35,0,0,KUCUK CIGLI,0,0,1,0,0.0,5.0,0,0,0.0,0,0.0,1,968.445,0,0.0,27.0502416,38.50694702
22023.697,0,53032986,0,0.0,ORTA_TICARETHANE,35-09-K01864,CIGLI,35,0,0,KUCUK CIGLI,0,0,9,2,1674.172,11.13888888888889,0,0,0.0,0,0.0,7,20349.525,0,0.0,27.05983596,38.49684892
1553.531,0,53046946,0,0.0,KUCUK_TICARETHANE,35-09-K04390,CIGLI,35,0,0,ATATURK,0,0,1,0,0.0,8.2,0,0,0.0,0,0.0,1,1553.531,0,0.0,27.06123888,38.51600236
16207.59,0,53051739,0,0.0,ORTA_TICARETHANE,35-09-K03364,CIGLI,35,0,0,YAKAKENT,0,0,1,0,0.0,7.9,0,0,0.0,0,0.0,1,16207.59,0,0.0,27.07412472,38.51381877
76607.324,0,53113284,0,0.0,ORTA_TICARETHANE,35-09-M01932,CIGLI,35,0,0,BALATCIK,0,0,12,8,17755.817,10.371,0,0,0.0,0,0.0,4,58851.507,0,0.0,27.041555,38.51082369
1955.936,0,53119876,0,0.0,KUCUK_TICARETHANE,35-09-M02078,CIGLI,35,0,0,CUMHURIYET,0,0,1,0,0.0,5.0,0,0,0.0,0,0.0,1,1955.936,0,0.0,27.05312234,38.5447909
42153.05,0,53171321,0,0.0,ORTA_TICARETHANE,35-04-K03390,KARSIYAKA,35,0,0,YALI,0,0,1,0,0.0,8.5,0,0,0.0,0,0.0,1,42153.05,0,0.0,27.08480576,38.47134212
41352.17,0,53698179,1,41352.17,AYDINLATMA,35-09-M01985,CIGLI,35,0,0,AHMET TANER KISLALI,0,0,0,0,0.0,10.869,0,0,0.0,0,0.0,0,0.0,0,0.0,27.08840386,38.4957753
26919.86,0,53698219,1,26919.86,AYDINLATMA,35-09-M01951,CIGLI,35,0,0,MALTEPE,0,0,0,0,0.0,5.914,0,0,0.0,0,0.0,0,0.0,0,0.0,27.07089751,38.49198213
32118.29,0,53698224,1,32118.29,AYDINLATMA,35-09-M00626,CIGLI,35,0,0,UGUR MUMCU,0,0,0,0,0.0,7.001,0,0,0.0,0,0.0,0,0.0,0,0.0,27.04537728,38.52272633
16162.27,0,53698225,1,16162.27,AYDINLATMA,35-09-M00218,CIGLI,35,0,0,CUMHURIYET,0,0,0,0,0.0,4.988,0,0,0.0,0,0.0,0,0.0,0,0.0,27.05543954,38.5422406
1191451.0,0,53698290,0,0.0,BUYUK_TICARETHANE,35-04-M02178Ã–,KARSIYAKA,35,0,0,TERSANE,0,0,1,0,0.0,15090.0,0,0,0.0,0,0.0,1,1191451.0,0,0.0,27.1301224,38.4647658
26576.64,0,53698311,0,0.0,ORTA_TICARETHANE,35-04-K03223Ã–,KARSIYAKA,35,0,0,YAMANLAR,0,0,1,0,0.0,100.0,0,0,0.0,0,0.0,1,26576.64,0,0.0,27.14285871,38.5463931
6514.537,0,53698312,0,0.0,TARIMSAL_SULAMA,35-04-K03895Ã–,KARSIYAKA,35,0,0,YAMANLAR,0,0,0,0,0.0,16.666666666666668,0,0,0.0,3,6514.537,0,0.0,0,0.0,27.1477989,38.54471788
33639.823000000004,0,53698673,3,33639.823000000004,AYDINLATMA,35-04-K03211,KARSIYAKA,35,0,0,SEMIKLER,0,0,0,0,0.0,2.462333333333333,0,0,0.0,0,0.0,0,0.0,0,0.0,27.09162086,38.47456156
28541.442,0,53698679,2,28541.442,AYDINLATMA,35-04-K01083,KARSIYAKA,35,0,0,SEMIKLER,0,0,0,0,0.0,4.4305,0,0,0.0,0,0.0,0,0.0,0,0.0,27.09303487,38.47488873
8119.555,0,53699248,1,8119.555,AYDINLATMA,35-04-K03980,KARSIYAKA,35,0,0,GONCALAR,0,0,0,0,0.0,1.702,0,0,0.0,0,0.0,0,0.0,0,0.0,27.10346811,38.46411759
99923.28,0,53699249,3,99923.28,AYDINLATMA,35-04-M01033,KARSIYAKA,35,0,0,BAHCELIEVLER,0,0,0,0,0.0,12.636000000000001,0,0,0.0,0,0.0,0,0.0,0,0.0,27.11582426,38.46731778
29784.75,0,53699250,1,29784.75,AYDINLATMA,35-04-M01150,KARSIYAKA,35,0,0,ORNEKKOY,0,0,0,0,0.0,7.691,0,0,0.0,0,0.0,0,0.0,0,0.0,27.11386217,38.48024122
29449.091,0,53699325,2,29449.091,AYDINLATMA,35-04-K03700,KARSIYAKA,35,0,0,DEMIRKOPRU,0,0,0,0,0.0,4.0595,0,0,0.0,0,0.0,0,0.0,0,0.0,27.10130433,38.47012731
8142.953,0,53699328,1,8142.953,AYDINLATMA,35-04-K04246,KARSIYAKA,35,0,0,GONCALAR,0,0,0,0,0.0,1.696,0,0,0.0,0,0.0,0,0.0,0,0.0,27.105223,38.46382119
14145.0,0,53699329,1,14145.0,AYDINLATMA,35-04-K03849,KARSIYAKA,35,0,0,NERGIZ,0,0,0,0,0.0,3.279,0,0,0.0,0,0.0,0,0.0,0,0.0,27.10643088,38.46240437
11767.75,0,53699330,1,11767.75,AYDINLATMA,35-04-K01692,KARSIYAKA,35,0,0,NERGIZ,0,0,0,0,0.0,2.886,0,0,0.0,0,0.0,0,0.0,0,0.0,27.10548801,38.46228845
15818.33,0,53699331,1,15818.33,AYDINLATMA,35-04-K02815,KARSIYAKA,35,0,0,NERGIZ,0,0,0,0,0.0,2.93,0,0,0.0,0,0.0,0,0.0,0,0.0,27.10348462,38.46138619
4903.734,0,53699701,1,4903.734,AYDINLATMA,35-04-M01379,KARSIYAKA,35,0,0,INONU,0,0,0,0,0.0,1.547,0,0,0.0,0,0.0,0,0.0,0,0.0,27.09689263,38.48865852
48092.609,0,53699703,2,48092.609,AYDINLATMA,35-04-K03488,KARSIYAKA,35,0,0,INONU,0,0,0,0,0.0,6.5705,0,0,0.0,0,0.0,0,0.0,0,0.0,27.09711716,38.4873502
1294901.0,0,53699711,0,0.0,ORTA_TICARETHANE,35-04-M00683Ã–,KARSIYAKA,35,0,0,SANCAKLI,0,0,1,0,0.0,216.0,0,0,0.0,0,0.0,1,1294901.0,0,0.0,27.18684708,38.53478665
1403.816,0,53700230,1,1403.816,AYDINLATMA,35-04-K03676,KARSIYAKA,35,0,0,BAHRIYE UCOK,0,0,0,0,0.0,0.393,0,0,0.0,0,0.0,0,0.0,0,0.0,27.11387732,38.45940664
11159.98,0,53700231,1,11159.98,AYDINLATMA,35-04-K01591,KARSIYAKA,35,0,0,BAHARIYE,0,0,0,0,0.0,4.019,0,0,0.0,0,0.0,0,0.0,0,0.0,27.11545101,38.46247592
16130.67,0,53700234,1,16130.67,AYDINLATMA,35-04-K03203,KARSIYAKA,35,0,0,BAHARIYE,0,0,0,0,0.0,4.549,0,0,0.0,0,0.0,0,0.0,0,0.0,27.1182167,38.46198521
17073.77,0,53700235,1,17073.77,AYDINLATMA,35-04-K00907,KARSIYAKA,35,0,0,BAHCELIEVLER,0,0,0,0,0.0,6.547,0,0,0.0,0,0.0,0,0.0,0,0.0,27.1164401,38.46540792
11769.09,0,53700236,1,11769.09,AYDINLATMA,35-04-K02395,KARSIYAKA,35,0,0,BAHARIYE,0,0,0,0,0.0,2.666,0,0,0.0,0,0.0,0,0.0,0,0.0,27.11677115,38.46330649
4317.173,0,53700237,1,4317.173,AYDINLATMA,35-04-K02406,KARSIYAKA,35,0,0,BAHCELIEVLER,0,0,0,0,0.0,1.319,0,0,0.0,0,0.0,0,0.0,0,0.0,27.1180558,38.46509452
6954.803,0,53700238,2,6954.803,AYDINLATMA,35-04-K01758,KARSIYAKA,35,0,0,BAHCELIEVLER,0,0,0,0,0.0,0.954,0,0,0.0,0,0.0,0,0.0,0,0.0,27.1192696,38.46451123
12841.2,0,53700239,1,12841.2,AYDINLATMA,35-04-K00627,KARSIYAKA,35,0,0,BAHARIYE,0,0,0,0,0.0,3.125,0,0,0.0,0,0.0,0,0.0,0,0.0,27.11920462,38.46355445
53752.3,0,53700662,1,53752.3,AYDINLATMA,35-04-K01183,KARSIYAKA,35,0,0,SANCAKLI,0,0,0,0,0.0,13.147,0,0,0.0,0,0.0,0,0.0,0,0.0,27.1529842,38.51832835
23332.11,0,53700664,0,0.0,ORTA_TICARETHANE,35-04-K03498Ã–,KARSIYAKA,35,0,0,YAMANLAR,0,0,1,0,0.0,100.0,0,0,0.0,0,0.0,1,23332.11,0,0.0,27.12617329,38.51689294
13977.54,0,53700665,1,13977.54,AYDINLATMA,35-04-K01182,KARSIYAKA,35,0,0,YAMANLAR,0,0,0,0,0.0,3.632,0,0,0.0,0,0.0,0,0.0,0,0.0,27.13406194,38.54190958
7775.135,0,53701085,1,7775.135,AYDINLATMA,35-09-M01260,CIGLI,35,0,0,KAKLIC,0,0,0,0,0.0,2.608,0,0,0.0,0,0.0,0,0.0,0,0.0,26.99335597,38.50524505
31984.08,0,53701240,1,31984.08,AYDINLATMA,35-04-K03109,KARSIYAKA,35,0,0,ALAYBEY,0,0,0,0,0.0,7.116,0,0,0.0,0,0.0,0,0.0,0,0.0,27.1237437,38.45829909
35560.979999999996,0,53701694,2,35560.979999999996,AYDINLATMA,35-04-K02732,KARSIYAKA,35,0,0,NERGIZ,0,0,0,0,0.0,4.8870000000000005,0,0,0.0,0,0.0,0,0.0,0,0.0,27.10174801,38.46328547
18888.34,0,53701808,1,18888.34,AYDINLATMA,35-04-M01175,KARSIYAKA,35,0,0,GONCALAR,0,0,0,0,0.0,4.839,0,0,0.0,0,0.0,0,0.0,0,0.0,27.09955259,38.46548966
104045.4,0,53702158,0,0.0,ORTA_TICARETHANE,35-09-M00539Ã–,CIGLI,35,0,0,SASALLI MERKEZ,0,0,1,0,0.0,250.0,0,0,0.0,0,0.0,1,104045.4,0,0.0,26.94596906,38.50027142
2113.125,0,53702221,1,2113.125,AYDINLATMA,35-04-K01963,KARSIYAKA,35,0,0,ZUBEYDE HANIM,0,0,0,0,0.0,1.736,0,0,0.0,0,0.0,0,0.0,0,0.0,27.108629,38.49115441
9331.574,0,53702494,1,9331.574,AYDINLATMA,35-09-M01869,CIGLI,35,0,0,INONU,0,0,0,0,0.0,3.598,0,0,0.0,0,0.0,0,0.0,0,0.0,27.05330082,38.52767301
594982.1,0,53702565,0,0.0,BUYUK_TICARETHANE,35-04-K04724Ã–,KARSIYAKA,35,0,0,ZUBEYDE HANIM,0,0,1,0,0.0,1000.0,0,0,0.0,0,0.0,1,594982.1,0,0.0,27.116814,38.497128
31097.971,0,53702567,2,31097.971,AYDINLATMA,35-04-K01115,KARSIYAKA,35,0,0,ZUBEYDE HANIM,0,0,0,0,0.0,4.6635,0,0,0.0,0,0.0,0,0.0,0,0.0,27.11629351,38.49488558
18883.38,0,53702568,1,18883.38,AYDINLATMA,35-04-K04184,KARSIYAKA,35,0,0,ZUBEYDE HANIM,0,0,0,0,0.0,7.04,0,0,0.0,0,0.0,0,0.0,0,0.0,27.11647384,38.49816557
7169.389,0,53702569,1,7169.389,AYDINLATMA,35-04-K03238,KARSIYAKA,35,0,0,ZUBEYDE HANIM,0,0,0,0,0.0,2.18,0,0,0.0,0,0.0,0,0.0,0,0.0,27.10475765,38.49377345
28925.54,0,53702571,1,28925.54,AYDINLATMA,35-04-K02375,KARSIYAKA,35,0,0,ZUBEYDE HANIM,0,0,0,0,0.0,12.677,0,0,0.0,0,0.0,0,0.0,0,0.0,27.10536707,38.49128369
148435.4,0,53702619,0,0.0,ORTA_TICARETHANE,35-04-M01534Ã–,KARSIYAKA,35,0,0,YAMANLAR,0,0,1,0,0.0,400.0,0,0,0.0,0,0.0,1,148435.4,0,0.0,27.15827798,38.55225371
53582.94,0,53702620,0,0.0,ORTA_TICARETHANE,35-04-M00685Ã–,KARSIYAKA,35,0,0,YAMANLAR,0,0,1,0,0.0,100.0,0,0,0.0,0,0.0,1,53582.94,0,0.0,27.15724915,38.55253392
15842.09,0,53702621,0,0.0,ORTA_TICARETHANE,35-04-M01457Ã–,KARSIYAKA,35,0,0,YAMANLAR,0,0,1,0,0.0,25.0,0,0,0.0,0,0.0,1,15842.09,0,0.0,27.15769895,38.55240487
17706.76,0,53702887,1,17706.76,AYDINLATMA,35-04-K03038,KARSIYAKA,35,0,0,DEDEBASI,0,0,0,0,0.0,4.748,0,0,0.0,0,0.0,0,0.0,0,0.0,27.10277478,38.46637402
29517.55,0,53702888,1,29517.55,AYDINLATMA,35-04-M01188,KARSIYAKA,35,0,0,DEDEBASI,0,0,0,0,0.0,7.662,0,0,0.0,0,0.0,0,0.0,0,0.0,27.10246389,38.46788146
17229.59,0,53702894,1,17229.59,AYDINLATMA,35-04-K00833,KARSIYAKA,35,0,0,DONANMACI,0,0,0,0,0.0,4.117,0,0,0.0,0,0.0,0,0.0,0,0.0,27.11472759,38.45600879
22717.16,0,53702895,2,22717.16,AYDINLATMA,35-04-K01360,KARSIYAKA,35,0,0,BAHARIYE,0,0,0,0,0.0,2.6235,0,0,0.0,0,0.0,0,0.0,0,0.0,27.11482327,38.45964712
17145.05,0,53702896,1,17145.05,AYDINLATMA,35-04-K00893,KARSIYAKA,35,0,0,TUNA,0,0,0,0,0.0,4.066,0,0,0.0,0,0.0,0,0.0,0,0.0,27.12193882,38.45694908
11984.287,0,53702929,2,11984.287,AYDINLATMA,35-04-K03185,KARSIYAKA,35,0,0,DONANMACI,0,0,0,0,0.0,1.314,0,0,0.0,0,0.0,0,0.0,0,0.0,27.11462581,38.45347641
36319.0,0,53702934,0,0.0,ORTA_TICARETHANE,35-09-M00430Ã–,CIGLI,35,0,0,KAKLIC,0,0,1,0,0.0,160.0,0,0,0.0,0,0.0,1,36319.0,0,0.0,26.99150827,38.49961908
160421.5,0,53702937,0,0.0,ORTA_TICARETHANE,35-09-M00428Ã–,CIGLI,35,0,0,KAKLIC,0,0,1,0,0.0,100.0,0,0,0.0,0,0.0,1,160421.5,0,0.0,26.9922047,38.49964186
259937.9,0,53702938,0,0.0,ORTA_SANAYI,35-09-M00628Ã–,CIGLI,35,0,0,KAKLIC,0,0,1,0,0.0,400.0,0,1,259937.9,0,0.0,0,0.0,0,0.0,26.9941308,38.50002334
14769.94,0,53702939,1,14769.94,AYDINLATMA,35-04-K04619,KARSIYAKA,35,0,0,SEMIKLER,0,0,0,0,0.0,3.397,0,0,0.0,0,0.0,0,0.0,0,0.0,27.09172882,38.4756606
15193.88,0,53702940,1,15193.88,AYDINLATMA,35-04-K04629,KARSIYAKA,35,0,0,SEMIKLER,0,0,0,0,0.0,4.252,0,0,0.0,0,0.0,0,0.0,0,0.0,27.09212275,38.47680704
9039.74,0,53702941,1,9039.74,AYDINLATMA,35-04-K01483,KARSIYAKA,35,0,0,BOSTANLI,0,0,0,0,0.0,2.299,0,0,0.0,0,0.0,0,0.0,0,0.0,27.09410458,38.46313421
14287.32,0,53703014,1,14287.32,AYDINLATMA,35-04-M01178,KARSIYAKA,35,0,0,YALI,0,0,0,0,0.0,3.7,0,0,0.0,0,0.0,0,0.0,0,0.0,27.08818681,38.47062189
13553.74,0,53703015,1,13553.74,AYDINLATMA,35-04-K03848,KARSIYAKA,35,0,0,YALI,0,0,0,0,0.0,3.714,0,0,0.0,0,0.0,0,0.0,0,0.0,27.09407632,38.46672678
25135.01,0,53703016,1,25135.01,AYDINLATMA,35-04-K01695,KARSIYAKA,35,0,0,BOSTANLI,0,0,0,0,0.0,6.528,0,0,0.0,0,0.0,0,0.0,0,0.0,27.09755929,38.46212422
79772.59,0,53703087,0,0.0,ORTA_TICARETHANE,35-09-M01096Ã–,CIGLI,35,0,0,SASALLI MERKEZ,0,0,1,0,0.0,50.0,0,0,0.0,0,0.0,1,79772.59,0,0.0,26.96044799,38.49606122
37076.46,0,53703088,1,37076.46,AYDINLATMA,35-09-M00447,CIGLI,35,0,0,SASALLI MERKEZ,0,0,0,0,0.0,9.948,0,0,0.0,0,0.0,0,0.0,0,0.0,26.9513486,38.49582412
30652.42,0,53703089,1,30652.42,AYDINLATMA,35-09-M00257,CIGLI,35,0,0,SASALLI MERKEZ,0,0,0,0,0.0,7.72,0,0,0.0,0,0.0,0,0.0,0,0.0,26.95295021,38.49435399
37985.0,0,53703090,1,37985.0,AYDINLATMA,35-09-M00258,CIGLI,35,0,0,SASALLI MERKEZ,0,0,0,0,0.0,9.281,0,0,0.0,0,0.0,0,0.0,0,0.0,26.95142717,38.49220068
11492.62,0,53703252,1,11492.62,AYDINLATMA,35-04-K00018,KARSIYAKA,35,0,0,DONANMACI,0,0,0,0,0.0,2.542,0,0,0.0,0,0.0,0,0.0,0,0.0,27.11503366,38.45492426
13817.573,0,53703257,2,13817.573,AYDINLATMA,35-04-K03102,KARSIYAKA,35,0,0,TERSANE,0,0,0,0,0.0,2.0025,0,0,0.0,0,0.0,0,0.0,0,0.0,27.12349254,38.46131013
7940.267,0,53703258,1,7940.267,AYDINLATMA,35-04-K03484,KARSIYAKA,35,0,0,MUSTAFA KEMAL,0,0,0,0,0.0,2.793,0,0,0.0,0,0.0,0,0.0,0,0.0,27.09234884,38.4948638
1263058.0,0,53703307,0,0.0,BUYUK_TICARETHANE,35-09-M01074Ã–,CIGLI,35,0,0,SASALLI MERKEZ,0,0,1,0,0.0,1650.0,0,0,0.0,0,0.0,1,1263058.0,0,0.0,26.965913,38.492973
16384.17,0,53703332,1,16384.17,AYDINLATMA,35-04-K03184,KARSIYAKA,35,0,0,BOSTANLI,0,0,0,0,0.0,3.858,0,0,0.0,0,0.0,0,0.0,0,0.0,27.09443867,38.46140171
100696.5,0,53703409,0,0.0,ORTA_SANAYI,35-09-M00472Ã–,CIGLI,35,0,0,SASALLI MERKEZ,0,0,1,0,0.0,160.0,0,1,100696.5,0,0.0,0,0.0,0,0.0,26.94525323,38.49624454
52502.31,0,53703410,0,0.0,ORTA_TICARETHANE,35-09-M00463Ã–,CIGLI,35,0,0,SASALLI MERKEZ,0,0,1,0,0.0,250.0,0,0,0.0,0,0.0,1,52502.31,0,0.0,26.94467428,38.49574943
14048.99,0,53703416,1,14048.99,AYDINLATMA,35-04-K00254,KARSIYAKA,35,0,0,BAHRIYE UCOK,0,0,0,0,0.0,3.522,0,0,0.0,0,0.0,0,0.0,0,0.0,27.11277389,38.46025764
374762.2,0,53703522,0,0.0,ORTA_TICARETHANE,35-04-K04611Ã–,KARSIYAKA,35,0,0,ATAKENT,0,0,1,0,0.0,356.0,0,0,0.0,0,0.0,1,374762.2,0,0.0,27.08546374,38.46568664
240515.5,0,53703574,0,0.0,ORTA_TICARETHANE,35-09-M00908Ã–,CIGLI,35,0,0,KAKLIC,0,0,1,0,0.0,100.0,0,0,0.0,0,0.0,1,240515.5,0,0.0,27.00026239,38.49374547
61430.68,0,53703681,1,61430.68,AYDINLATMA,35-09-K01873,CIGLI,35,0,0,SIRINTEPE,0,0,0,0,0.0,18.443,0,0,0.0,0,0.0,0,0.0,0,0.0,27.07098978,38.49667693
20686.76,0,53703705,1,20686.76,AYDINLATMA,35-04-M01181,KARSIYAKA,35,0,0,DEDEBASI,0,0,0,0,0.0,6.089,0,0,0.0,0,0.0,0,0.0,0,0.0,27.10435546,38.46896193
11176.35,0,53703706,1,11176.35,AYDINLATMA,35-04-M01179,KARSIYAKA,35,0,0,DEDEBASI,0,0,0,0,0.0,2.926,0,0,0.0,0,0.0,0,0.0,0,0.0,27.10300575,38.46952503
4904.601,0,53703747,1,4904.601,AYDINLATMA,35-04-K04601,KARSIYAKA,35,0,0,BAHCELIEVLER,0,0,0,0,0.0,1.353,0,0,0.0,0,0.0,0,0.0,0,0.0,27.12448278,38.46266761
26520.659,0,53703748,2,26520.659,AYDINLATMA,35-04-K04059,KARSIYAKA,35,0,0,BAHCELIEVLER,0,0,0,0,0.0,3.2165,0,0,0.0,0,0.0,0,0.0,0,0.0,27.12581067,38.4650322
18657.52,0,53703749,1,18657.52,AYDINLATMA,35-04-K00294,KARSIYAKA,35,0,0,BAHCELIEVLER,0,0,0,0,0.0,4.712,0,0,0.0,0,0.0,0,0.0,0,0.0,27.12228976,38.46425957
13745.45,0,53703750,1,13745.45,AYDINLATMA,35-04-K01589,KARSIYAKA,35,0,0,BAHRIYE UCOK,0,0,0,0,0.0,3.63,0,0,0.0,0,0.0,0,0.0,0,0.0,27.10988169,38.45856591
16476.14,0,53703751,1,16476.14,AYDINLATMA,35-04-K04058,KARSIYAKA,35,0,0,BAHRIYE UCOK,0,0,0,0,0.0,3.96,0,0,0.0,0,0.0,0,0.0,0,0.0,27.10904953,38.45910358
15717.7,0,53703752,1,15717.7,AYDINLATMA,35-04-M01743,KARSIYAKA,35,0,0,YALI,0,0,0,0,0.0,4.234,0,0,0.0,0,0.0,0,0.0,0,0.0,27.08949126,38.47287851
35623.67,0,53703858,1,35623.67,AYDINLATMA,35-04-M02871,KARSIYAKA,35,0,0,ZUBEYDE HANIM,0,0,0,0,0.0,9.255,0,0,0.0,0,0.0,0,0.0,0,0.0,27.1072527,38.48959684
17015.13,0,53703859,1,17015.13,AYDINLATMA,35-04-K04288,KARSIYAKA,35,0,0,ZUBEYDE HANIM,0,0,0,0,0.0,4.443,0,0,0.0,0,0.0,0,0.0,0,0.0,27.11038101,38.4953858
22419.972,0,53703864,2,22419.972,AYDINLATMA,35-04-K03018,KARSIYAKA,35,0,0,SEMIKLER,0,0,0,0,0.0,2.614,0,0,0.0,0,0.0,0,0.0,0,0.0,27.09714873,38.4743544
17070.0,0,53703869,1,17070.0,AYDINLATMA,35-04-K00308,KARSIYAKA,35,0,0,SEMIKLER,0,0,0,0,0.0,6.969,0,0,0.0,0,0.0,0,0.0,0,0.0,27.09006518,38.48105786
26045.06,0,53703870,1,26045.06,AYDINLATMA,35-04-K03872,KARSIYAKA,35,0,0,SEMIKLER,0,0,0,0,0.0,8.63,0,0,0.0,0,0.0,0,0.0,0,0.0,27.08774015,38.48209162
22641.200999999997,0,53703958,2,22641.200999999997,AYDINLATMA,35-09-K04123,CIGLI,35,0,0,SIRINTEPE,0,0,0,0,0.0,3.0585,0,0,0.0,0,0.0,0,0.0,0,0.0,27.07044494,38.49386765
57268.45,0,53704015,2,57268.45,AYDINLATMA,35-04-M01030,KARSIYAKA,35,0,0,IMBATLI,0,0,0,0,0.0,12.6285,0,0,0.0,0,0.0,0,0.0,0,0.0,27.11374657,38.47311602
30772.56,0,53704024,1,30772.56,AYDINLATMA,35-04-M01427,KARSIYAKA,35,0,0,YALI,0,0,0,0,0.0,8.041,0,0,0.0,0,0.0,0,0.0,0,0.0,27.08377112,38.47973232
2153178.0,0,53704073,0,0.0,BUYUK_SANAYI,35-09-M00422Ã–,CIGLI,35,0,0,SASALLI MERKEZ,0,0,1,0,0.0,630.0,0,1,2153178.0,0,0.0,0,0.0,0,0.0,26.946675,38.499888
17072.22,0,53704082,1,17072.22,AYDINLATMA,35-04-K02594,KARSIYAKA,35,0,0,MAVISEHIR,0,0,0,0,0.0,7.378,0,0,0.0,0,0.0,0,0.0,0,0.0,27.07160875,38.47153554
3472.534,0,53704083,1,3472.534,AYDINLATMA,35-04-M01587,KARSIYAKA,35,0,0,YALI,0,0,0,0,0.0,1.837,0,0,0.0,0,0.0,0,0.0,0,0.0,27.08129497,38.47638902
23042.31,0,53704084,1,23042.31,AYDINLATMA,35-04-M01037,KARSIYAKA,35,0,0,BOSTANLI,0,0,0,0,0.0,5.857,0,0,0.0,0,0.0,0,0.0,0,0.0,27.0991664,38.46150974
1746499.0,0,53704141,0,0.0,BUYUK_TICARETHANE,35-09-M01480Ã–,CIGLI,35,0,0,ATASEHIR,0,0,1,0,0.0,630.0,0,0,0.0,0,0.0,1,1746499.0,0,0.0,27.05933141,38.48559568
11654.255000000001,0,53704320,0,0.0,ORTA_TICARETHANE,35-09-M01784Ã–,CIGLI,35,0,0,KAKLIC,0,0,2,0,0.0,125.0,0,0,0.0,0,0.0,2,11654.255000000001,0,0.0,26.98521405,38.51865161
250481.4,0,53704480,0,0.0,BUYUK_TICARETHANE,35-04-M01952Ã–,KARSIYAKA,35,0,0,MAVISEHIR,0,0,1,0,0.0,630.0,0,0,0.0,0,0.0,1,250481.4,0,0.0,27.067897,38.471932
8614.89,0,53704619,1,8614.89,AYDINLATMA,35-04-M01607,KARSIYAKA,35,0,0,DEDEBASI,0,0,0,0,0.0,2.116,0,0,0.0,0,0.0,0,0.0,0,0.0,27.1015474,38.46644749
9650.311,0,53704748,1,9650.311,AYDINLATMA,35-04-M01177,KARSIYAKA,35,0,0,YALI,0,0,0,0,0.0,2.387,0,0,0.0,0,0.0,0,0.0,0,0.0,27.08690758,38.47318671
8817.618,0,53704943,1,8817.618,AYDINLATMA,35-04-K01449,KARSIYAKA,35,0,0,YALI,0,0,0,0,0.0,2.188,0,0,0.0,0,0.0,0,0.0,0,0.0,27.09067005,38.46936413
19591.32,0,53704945,1,19591.32,AYDINLATMA,35-04-M01182,KARSIYAKA,35,0,0,DEMIRKOPRU,0,0,0,0,0.0,4.906,0,0,0.0,0,0.0,0,0.0,0,0.0,27.09917557,38.46618677
26616.78,0,53704946,1,26616.78,AYDINLATMA,35-04-K03975,KARSIYAKA,35,0,0,YALI,0,0,0,0,0.0,7.03,0,0,0.0,0,0.0,0,0.0,0,0.0,27.09385516,38.46951307
2332.462,0,53704948,1,2332.462,AYDINLATMA,35-04-M00950,KARSIYAKA,35,0,0,YALI,0,0,0,0,0.0,1.138,0,0,0.0,0,0.0,0,0.0,0,0.0,27.08073191,38.48032508
11951.88,0,53704951,1,11951.88,AYDINLATMA,35-04-K02578,KARSIYAKA,35,0,0,YALI,0,0,0,0,0.0,3.447,0,0,0.0,0,0.0,0,0.0,0,0.0,27.0953838,38.46871914
14688.53,0,53704993,1,14688.53,AYDINLATMA,35-09-K04681,CIGLI,35,0,0,MALTEPE,0,0,0,0,0.0,3.646,0,0,0.0,0,0.0,0,0.0,0,0.0,27.07293255,38.49106063
1886047.0,0,53705104,0,0.0,BUYUK_SANAYI,35-09-M01956Ã–,CIGLI,35,0,0,SASALLI MERKEZ,0,0,1,0,0.0,1600.0,0,1,1886047.0,0,0.0,0,0.0,0,0.0,26.942156,38.505029
3107.903,0,53705106,1,3107.903,AYDINLATMA,35-09-K02817,CIGLI,35,0,0,ATASEHIR,0,0,0,0,0.0,0.857,0,0,0.0,0,0.0,0,0.0,0,0.0,27.05358451,38.48547641
7602.595,0,53705107,1,7602.595,AYDINLATMA,35-09-K02522,CIGLI,35,0,0,ATASEHIR,0,0,0,0,0.0,1.941,0,0,0.0,0,0.0,0,0.0,0,0.0,27.05967004,38.4833621
25343.29,0,53705369,1,25343.29,AYDINLATMA,35-09-M00647,CIGLI,35,0,0,UGUR MUMCU,0,0,0,0,0.0,6.529,0,0,0.0,0,0.0,0,0.0,0,0.0,27.04191474,38.5244502
61861.034,0,53705483,3,61861.034,AYDINLATMA,35-04-M01038,KARSIYAKA,35,0,0,BOSTANLI,0,0,0,0,0.0,6.003333333333333,0,0,0.0,0,0.0,0,0.0,0,0.0,27.10139981,38.46021192
103158.56,0,53705526,0,0.0,ORTA_SANAYI,35-04-K04725Ã–,KARSIYAKA,35,0,0,LATIFE HANIM,0,0,2,0,0.0,125.0,0,1,85824.8,0,0.0,1,17333.76,0,0.0,27.12597933,38.49821771
123533.0,0,53705531,0,0.0,ORTA_TICARETHANE,35-09-M00307Ã–,CIGLI,35,0,0,KAKLIC,0,0,1,0,0.0,180.0,0,0,0.0,0,0.0,1,123533.0,0,0.0,26.989642,38.50243599
25829.61,0,53705532,1,25829.61,AYDINLATMA,35-09-M00254,CIGLI,35,0,0,KAKLIC,0,0,0,0,0.0,12.416,0,0,0.0,0,0.0,0,0.0,0,0.0,26.9888389,38.50441942
16092.59,0,53705533,1,16092.59,AYDINLATMA,35-09-M01145,CIGLI,35,0,0,KAKLIC,0,0,0,0,0.0,8.153,0,0,0.0,0,0.0,0,0.0,0,0.0,26.99255461,38.50410843
24690.33,0,53705534,1,24690.33,AYDINLATMA,35-09-M00255,CIGLI,35,0,0,KAKLIC,0,0,0,0,0.0,6.166,0,0,0.0,0,0.0,0,0.0,0,0.0,26.98800651,38.5074018
38226.76,0,53705535,1,38226.76,AYDINLATMA,35-09-M00256,CIGLI,35,0,0,KAKLIC,0,0,0,0,0.0,11.267,0,0,0.0,0,0.0,0,0.0,0,0.0,26.98720512,38.51046204
15945.64,0,53705603,1,15945.64,AYDINLATMA,35-04-K04099,KARSIYAKA,35,0,0,YALI,0,0,0,0,0.0,4.238,0,0,0.0,0,0.0,0,0.0,0,0.0,27.09230643,38.47205031
18910.71,0,53705604,1,18910.71,AYDINLATMA,35-04-K00785,KARSIYAKA,35,0,0,YALI,0,0,0,0,0.0,6.387,0,0,0.0,0,0.0,0,0.0,0,0.0,27.09114173,38.47123921
16556.25,0,53705605,1,16556.25,AYDINLATMA,35-04-K02760,KARSIYAKA,35,0,0,YALI,0,0,0,0,0.0,6.983,0,0,0.0,0,0.0,0,0.0,0,0.0,27.08927046,38.47101353
736231.4,0,53705617,0,0.0,BUYUK_TICARETHANE,35-09-M00397Ã–,CIGLI,35,0,0,SASALLI MERKEZ,0,0,1,0,0.0,1250.0,0,0,0.0,0,0.0,1,736231.4,0,0.0,26.94690412,38.49790395
164260.8,0,53705618,0,0.0,ORTA_TICARETHANE,35-09-M00458Ã–,CIGLI,35,0,0,SASALLI MERKEZ,0,0,1,0,0.0,250.0,0,0,0.0,0,0.0,1,164260.8,0,0.0,26.94653219,38.49545296
41648.95,0,53705619,0,0.0,ORTA_TICARETHANE,35-09-M00344Ã–,CIGLI,35,0,0,SASALLI MERKEZ,0,0,1,0,0.0,160.0,0,0,0.0,0,0.0,1,41648.95,0,0.0,26.94626296,38.5014767
19836.3,0,53705620,0,0.0,ORTA_TICARETHANE,35-09-M00451Ã–,CIGLI,35,0,0,SASALLI MERKEZ,0,0,2,0,0.0,80.0,0,0,0.0,0,0.0,2,19836.3,0,0.0,26.94273355,38.5001434
25412.03,0,53705720,1,25412.03,AYDINLATMA,35-04-M01180,KARSIYAKA,35,0,0,CUMHURIYET,0,0,0,0,0.0,13.268,0,0,0.0,0,0.0,0,0.0,0,0.0,27.10309918,38.47665631
14611.64,0,53705767,1,14611.64,AYDINLATMA,35-04-M01173,KARSIYAKA,35,0,0,ORNEKKOY,0,0,0,0,0.0,5.065,0,0,0.0,0,0.0,0,0.0,0,0.0,27.11127221,38.48190379
17568.186,0,53705782,2,17568.186,AYDINLATMA,35-04-K04628,KARSIYAKA,35,0,0,SEMIKLER,0,0,0,0,0.0,2.5655,0,0,0.0,0,0.0,0,0.0,0,0.0,27.09507871,38.47062496
12368.79,0,53705784,1,12368.79,AYDINLATMA,35-04-K01482,KARSIYAKA,35,0,0,SEMIKLER,0,0,0,0,0.0,6.13,0,0,0.0,0,0.0,0,0.0,0,0.0,27.09632113,38.47330906
20604.49,0,53705785,1,20604.49,AYDINLATMA,35-04-K04618,KARSIYAKA,35,0,0,SEMIKLER,0,0,0,0,0.0,5.248,0,0,0.0,0,0.0,0,0.0,0,0.0,27.09767026,38.47361149
27586.32,0,53705850,0,0.0,ORTA_TICARETHANE,35-09-M00570Ã–,CIGLI,35,0,0,SASALLI MERKEZ,0,0,1,0,0.0,250.0,0,0,0.0,0,0.0,1,27586.32,0,0.0,26.94482029,38.49996554
55692.744,0,53705930,3,55692.744,AYDINLATMA,35-09-K03266,CIGLI,35,0,0,BALATCIK,0,0,0,0,0.0,8.366999999999999,0,0,0.0,0,0.0,0,0.0,0,0.0,27.04340364,38.51211556
759175.3,0,53705936,0,0.0,BUYUK_TICARETHANE,35-09-M00349Ã–,CIGLI,35,0,0,SASALLI MERKEZ,0,0,1,0,0.0,1000.0,0,0,0.0,0,0.0,1,759175.3,0,0.0,26.956979,38.493393
12900000.0,0,53705937,0,0.0,BUYUK_SANAYI,35-09-M00264Ã–,CIGLI,35,0,0,SASALLI MERKEZ,0,0,1,0,0.0,6400.0,0,1,12900000.0,0,0.0,0,0.0,0,0.0,26.9520472,38.499723
2027598.0,0,53705938,0,0.0,BUYUK_SANAYI,35-09-M01391Ã–,CIGLI,35,0,0,SASALLI MERKEZ,0,0,1,0,0.0,4750.0,0,1,2027598.0,0,0.0,0,0.0,0,0.0,26.944245,38.490398
89124.32,0,53705940,0,0.0,ORTA_TICARETHANE,35-09-M02166Ã–,CIGLI,35,0,0,CUMHURIYET,0,0,1,0,0.0,70.0,0,0,0.0,0,0.0,1,89124.32,0,0.0,27.06064989,38.5348833
114975.1,0,53705941,0,0.0,ORTA_TICARETHANE,35-09-M00925Ã–,CIGLI,35,0,0,BALATCIK,0,0,1,0,0.0,630.0,0,0,0.0,0,0.0,1,114975.1,0,0.0,27.0404252,38.51883705
466303.7,0,53705943,0,0.0,BUYUK_TICARETHANE,35-09-M00799Ã–,CIGLI,35,0,0,YENI MAHALLE,0,0,1,0,0.0,630.0,0,0,0.0,0,0.0,1,466303.7,0,0.0,27.046955,38.49726
34129.01,0,53705993,1,34129.01,AYDINLATMA,35-04-K02435,KARSIYAKA,35,0,0,MUSTAFA KEMAL,0,0,0,0,0.0,11.472,0,0,0.0,0,0.0,0,0.0,0,0.0,27.09428359,38.49322817
7598.051,0,53705995,1,7598.051,AYDINLATMA,35-04-K03792,KARSIYAKA,35,0,0,ZUBEYDE HANIM,0,0,0,0,0.0,1.38,0,0,0.0,0,0.0,0,0.0,0,0.0,27.11338783,38.49421166
2181766.0,0,53706001,0,0.0,BUYUK_TICARETHANE,35-09-M01354Ã–,CIGLI,35,0,0,MALTEPE,0,0,1,0,0.0,1600.0,0,0,0.0,0,0.0,1,2181766.0,0,0.0,27.0709435,38.4901888
826640.6,0,53706002,0,0.0,BUYUK_TICARETHANE,35-09-K04544Ã–,CIGLI,35,0,0,AYDINLIKEVLER,0,0,1,0,0.0,1000.0,0,0,0.0,0,0.0,1,826640.6,0,0.0,27.0780044,38.4905772
108251.2,0,53706004,0,0.0,ORTA_TICARETHANE,35-09-K02939Ã–,CIGLI,35,0,0,ATASEHIR,0,0,1,0,0.0,400.0,0,0,0.0,0,0.0,1,108251.2,0,0.0,27.072137,38.48588135
942295.1,0,53706006,0,0.0,BUYUK_TICARETHANE,35-09-M01191Ã–,CIGLI,35,0,0,ATASEHIR,0,0,1,0,0.0,400.0,0,0,0.0,0,0.0,1,942295.1,0,0.0,27.0667492,38.4804059
736080.6,0,53706014,0,0.0,BUYUK_TICARETHANE,35-09-M01841Ã–,CIGLI,35,0,0,BALATCIK,0,0,1,0,0.0,800.0,0,0,0.0,0,0.0,1,736080.6,0,0.0,27.034611,38.510024
21555.03,0,53706032,1,21555.03,AYDINLATMA,35-09-M00646,CIGLI,35,0,0,UGUR MUMCU,0,0,0,0,0.0,13.172,0,0,0.0,0,0.0,0,0.0,0,0.0,27.04885721,38.52527394
143974.6,0,53706033,0,0.0,ORTA_SANAYI,35-09-M01793Ã–,CIGLI,35,0,0,KAKLIC,0,0,1,0,0.0,50.0,0,1,143974.6,0,0.0,0,0.0,0,0.0,26.99299221,38.49978633
37657.32,0,53706123,1,37657.32,AYDINLATMA,35-04-K00215,KARSIYAKA,35,0,0,SEMIKLER,0,0,0,0,0.0,14.683,0,0,0.0,0,0.0,0,0.0,0,0.0,27.09109182,38.47776633
19592.38,0,53706124,1,19592.38,AYDINLATMA,35-04-K01664,KARSIYAKA,35,0,0,SEMIKLER,0,0,0,0,0.0,4.886,0,0,0.0,0,0.0,0,0.0,0,0.0,27.08602673,38.48283192
28069.141,0,53706125,2,28069.141,AYDINLATMA,35-04-K04131,KARSIYAKA,35,0,0,SEMIKLER,0,0,0,0,0.0,7.0605,0,0,0.0,0,0.0,0,0.0,0,0.0,27.0958696,38.4774459
35814.48,0,53706130,1,35814.48,AYDINLATMA,35-04-K02940,KARSIYAKA,35,0,0,SEMIKLER,0,0,0,0,0.0,8.598,0,0,0.0,0,0.0,0,0.0,0,0.0,27.09718208,38.47623154
3870.536,0,53706140,1,3870.536,AYDINLATMA,35-04-K04128,KARSIYAKA,35,0,0,NERGIZ,0,0,0,0,0.0,0.857,0,0,0.0,0,0.0,0,0.0,0,0.0,27.10494341,38.46179803
3174.16,0,53706178,1,3174.16,AYDINLATMA,35-04-M01473,KARSIYAKA,35,0,0,DEDEBASI,0,0,0,0,0.0,0.882,0,0,0.0,0,0.0,0,0.0,0,0.0,27.10511678,38.46998366
18442.84,0,53706237,1,18442.84,AYDINLATMA,35-04-M01741,KARSIYAKA,35,0,0,ORNEKKOY,0,0,0,0,0.0,5.211,0,0,0.0,0,0.0,0,0.0,0,0.0,27.11193093,38.47945284
7717.377,0,53706595,1,7717.377,AYDINLATMA,35-04-M01566,KARSIYAKA,35,0,0,ORNEKKOY,0,0,0,0,0.0,4.518,0,0,0.0,0,0.0,0,0.0,0,0.0,27.11312328,38.48186748
19171.79,0,53706660,1,19171.79,AYDINLATMA,35-04-M01584,KARSIYAKA,35,0,0,YALI,0,0,0,0,0.0,6.793,0,0,0.0,0,0.0,0,0.0,0,0.0,27.08301734,38.47846089
1356.544,0,53706662,1,1356.544,AYDINLATMA,35-04-K00289,KARSIYAKA,35,0,0,DONANMACI,0,0,0,0,0.0,0.668,0,0,0.0,0,0.0,0,0.0,0,0.0,27.11685603,38.45678238
4971.255,0,53706711,1,4971.255,AYDINLATMA,35-04-M00844,KARSIYAKA,35,0,0,MUSTAFA KEMAL,0,0,0,0,0.0,2.88,0,0,0.0,0,0.0,0,0.0,0,0.0,27.09363943,38.49662178
38960.12,0,53707190,1,38960.12,AYDINLATMA,35-09-M00220,CIGLI,35,0,0,INONU,0,0,0,0,0.0,11.717,0,0,0.0,0,0.0,0,0.0,0,0.0,27.04140215,38.53007827
22190.34,0,53707191,1,22190.34,AYDINLATMA,35-09-M00219,CIGLI,35,0,0,HARMANDALI GAZI MUSTAFA KEMAL ATATURK,0,0,0,0,0.0,6.757,0,0,0.0,0,0.0,0,0.0,0,0.0,27.04899722,38.53181761
110930.2,0,53707192,0,0.0,ORTA_TICARETHANE,35-09-M02168Ã–,CIGLI,35,0,0,HARMANDALI GAZI MUSTAFA KEMAL ATATURK,0,0,1,0,0.0,150.0,0,0,0.0,0,0.0,1,110930.2,0,0.0,27.04878264,38.53947614
72842.79,0,53707193,0,0.0,ORTA_TICARETHANE,35-09-M02176Ã–,CIGLI,35,0,0,HARMANDALI GAZI MUSTAFA KEMAL ATATURK,0,0,1,0,0.0,86.0,0,0,0.0,0,0.0,1,72842.79,0,0.0,27.04897382,38.5401208
2207419.0,0,53707283,0,0.0,BUYUK_TICARETHANE,35-04-K02526Ã–,KARSIYAKA,35,0,0,MAVISEHIR,0,0,1,0,0.0,1250.0,0,0,0.0,0,0.0,1,2207419.0,0,0.0,27.080329,38.467816
20045.6,0,53707380,1,20045.6,AYDINLATMA,35-09-M01531,CIGLI,35,0,0,CUMHURIYET,0,0,0,0,0.0,9.717,0,0,0.0,0,0.0,0,0.0,0,0.0,27.0654408,38.5474628
19295.19,0,53707430,2,19295.19,AYDINLATMA,35-09-K04122,CIGLI,35,0,0,SIRINTEPE,0,0,0,0,0.0,2.599,0,0,0.0,0,0.0,0,0.0,0,0.0,27.0688114,38.49420731
12838.26,0,53707431,1,12838.26,AYDINLATMA,35-09-K01863,CIGLI,35,0,0,YENI MAHALLE,0,0,0,0,0.0,3.544,0,0,0.0,0,0.0,0,0.0,0,0.0,27.05392596,38.49739503
15862.204000000002,0,53707432,2,15862.204000000002,AYDINLATMA,35-09-K03706,CIGLI,35,0,0,KUCUK CIGLI,0,0,0,0,0.0,2.736,0,0,0.0,0,0.0,0,0.0,0,0.0,27.05547937,38.49852489
18015.76,0,53707433,1,18015.76,AYDINLATMA,35-09-M00396,CIGLI,35,0,0,BALATCIK,0,0,0,0,0.0,13.484,0,0,0.0,0,0.0,0,0.0,0,0.0,27.04014009,38.50794744
75285.73,0,53707485,1,75285.73,AYDINLATMA,35-09-K01480,CIGLI,35,0,0,YAKAKENT,0,0,0,0,0.0,16.029,0,0,0.0,0,0.0,0,0.0,0,0.0,27.07153542,38.50069317
3219.724,0,53707518,1,3219.724,AYDINLATMA,35-04-M01742,KARSIYAKA,35,0,0,ORNEKKOY,0,0,0,0,0.0,2.199,0,0,0.0,0,0.0,0,0.0,0,0.0,27.1069531,38.47906899
16819.85,0,53707519,1,16819.85,AYDINLATMA,35-04-K01141,KARSIYAKA,35,0,0,CUMHURIYET,0,0,0,0,0.0,9.076,0,0,0.0,0,0.0,0,0.0,0,0.0,27.08619017,38.48377057
16405.4,0,53708024,1,16405.4,AYDINLATMA,35-04-K01051,KARSIYAKA,35,0,0,BAHRIYE UCOK,0,0,0,0,0.0,4.9,0,0,0.0,0,0.0,0,0.0,0,0.0,27.10975529,38.4636313
3365.155,0,53708026,1,3365.155,AYDINLATMA,35-04-K03075,KARSIYAKA,35,0,0,BAHCELIEVLER,0,0,0,0,0.0,0.929,0,0,0.0,0,0.0,0,0.0,0,0.0,27.11069892,38.46525826
18409.53,0,53708047,1,18409.53,AYDINLATMA,35-04-K00587,KARSIYAKA,35,0,0,BOSTANLI,0,0,0,0,0.0,4.088,0,0,0.0,0,0.0,0,0.0,0,0.0,27.0966203,38.45644201
15365.16,0,53708048,1,15365.16,AYDINLATMA,35-04-K03719,KARSIYAKA,35,0,0,BOSTANLI,0,0,0,0,0.0,5.048,0,0,0.0,0,0.0,0,0.0,0,0.0,27.10019033,38.45776648
313122.50899999996,0,53708049,2,313122.50899999996,AYDINLATMA,35-04-K02313,KARSIYAKA,35,0,0,BOSTANLI,0,0,0,0,0.0,54.1285,0,0,0.0,0,0.0,0,0.0,0,0.0,27.0984383,38.4557017
26212.03,0,53708092,1,26212.03,AYDINLATMA,35-04-M00936,KARSIYAKA,35,0,0,YALI,0,0,0,0,0.0,8.457,0,0,0.0,0,0.0,0,0.0,0,0.0,27.07730387,38.47749176
31020.93,0,53708093,1,31020.93,AYDINLATMA,35-04-M00933,KARSIYAKA,35,0,0,YALI,0,0,0,0,0.0,11.286,0,0,0.0,0,0.0,0,0.0,0,0.0,27.0760605,38.47645072
2209.464,0,53708094,1,2209.464,AYDINLATMA,35-04-M00934,KARSIYAKA,35,0,0,YALI,0,0,0,0,0.0,1.152,0,0,0.0,0,0.0,0,0.0,0,0.0,27.07913943,38.47561047
66648.63,0,53708096,2,66648.63,AYDINLATMA,35-04-K00476,KARSIYAKA,35,0,0,BOSTANLI,0,0,0,0,0.0,13.788499999999999,0,0,0.0,0,0.0,0,0.0,0,0.0,27.09248433,38.4587457
6384.991,0,53708097,1,6384.991,AYDINLATMA,35-04-K03043,KARSIYAKA,35,0,0,BAHCELIEVLER,0,0,0,0,0.0,2.042,0,0,0.0,0,0.0,0,0.0,0,0.0,27.11868543,38.46705496
10497.33,0,53708098,1,10497.33,AYDINLATMA,35-04-K01697,KARSIYAKA,35,0,0,BAHCELIEVLER,0,0,0,0,0.0,3.116,0,0,0.0,0,0.0,0,0.0,0,0.0,27.11752662,38.46590782
8690.121,0,53708099,1,8690.121,AYDINLATMA,35-04-K03169,KARSIYAKA,35,0,0,AKSOY,0,0,0,0,0.0,2.919,0,0,0.0,0,0.0,0,0.0,0,0.0,27.10655997,38.45240842
11335.91,0,53708100,1,11335.91,AYDINLATMA,35-04-K00491,KARSIYAKA,35,0,0,AKSOY,0,0,0,0,0.0,4.99,0,0,0.0,0,0.0,0,0.0,0,0.0,27.10620556,38.45144426
9030.927,0,53708101,1,9030.927,AYDINLATMA,35-04-K03385,KARSIYAKA,35,0,0,AKSOY,0,0,0,0,0.0,2.519,0,0,0.0,0,0.0,0,0.0,0,0.0,27.1085572,38.45136279
10047.89,0,53708102,1,10047.89,AYDINLATMA,35-04-K00753,KARSIYAKA,35,0,0,AKSOY,0,0,0,0,0.0,2.619,0,0,0.0,0,0.0,0,0.0,0,0.0,27.10839389,38.45382134
199495.7,0,53708151,0,0.0,ORTA_TICARETHANE,35-09-K02851Ã–,CIGLI,35,0,0,SIRINTEPE,0,0,1,0,0.0,250.0,0,0,0.0,0,0.0,1,199495.7,0,0.0,27.06894933,38.49665269
2305.118,0,53708173,1,2305.118,AYDINLATMA,35-09-M01314,CIGLI,35,0,0,ATASEHIR,0,0,0,0,0.0,2.589,0,0,0.0,0,0.0,0,0.0,0,0.0,27.0740498,38.48030683
12073.78,0,53708174,1,12073.78,AYDINLATMA,35-04-K03388,KARSIYAKA,35,0,0,MAVISEHIR,0,0,0,0,0.0,16.963,0,0,0.0,0,0.0,0,0.0,0,0.0,27.06853468,38.46756496
5805.51,0,53708176,1,5805.51,AYDINLATMA,35-04-K00706,KARSIYAKA,35,0,0,NERGIZ,0,0,0,0,0.0,1.44,0,0,0.0,0,0.0,0,0.0,0,0.0,27.1069485,38.46143808
11052.04,0,53708177,1,11052.04,AYDINLATMA,35-04-K01091,KARSIYAKA,35,0,0,BOSTANLI,0,0,0,0,0.0,2.927,0,0,0.0,0,0.0,0,0.0,0,0.0,27.10431576,38.45219803
21992.21,0,53708178,1,21992.21,AYDINLATMA,35-04-M01040,KARSIYAKA,35,0,0,GONCALAR,0,0,0,0,0.0,5.867,0,0,0.0,0,0.0,0,0.0,0,0.0,27.10775858,38.46258708
11079.05,0,53708200,1,11079.05,AYDINLATMA,35-04-M01904,KARSIYAKA,35,0,0,MUSTAFA KEMAL,0,0,0,0,0.0,2.778,0,0,0.0,0,0.0,0,0.0,0,0.0,27.09519965,38.4921737
15129.1,0,53708201,1,15129.1,AYDINLATMA,35-04-M00946,KARSIYAKA,35,0,0,MUSTAFA KEMAL,0,0,0,0,0.0,6.788,0,0,0.0,0,0.0,0,0.0,0,0.0,27.09257886,38.493615
20646.547,0,53708202,2,20646.547,AYDINLATMA,35-04-M00947,KARSIYAKA,35,0,0,MUSTAFA KEMAL,0,0,0,0,0.0,3.614,0,0,0.0,0,0.0,0,0.0,0,0.0,27.09117233,38.49173164
7169.192,0,53708203,1,7169.192,AYDINLATMA,35-04-M01343,KARSIYAKA,35,0,0,INONU,0,0,0,0,0.0,3.426,0,0,0.0,0,0.0,0,0.0,0,0.0,27.08762848,38.48603583
7901.397,0,53708204,1,7901.397,AYDINLATMA,35-04-M01341,KARSIYAKA,35,0,0,INONU,0,0,0,0,0.0,4.301,0,0,0.0,0,0.0,0,0.0,0,0.0,27.08505918,38.48602783
24271.81,0,53708260,1,24271.81,AYDINLATMA,35-04-K03799,KARSIYAKA,35,0,0,ZUBEYDE HANIM,0,0,0,0,0.0,5.66,0,0,0.0,0,0.0,0,0.0,0,0.0,27.11258487,38.49308775
10033.354,0,53708261,2,10033.354,AYDINLATMA,35-04-M00838,KARSIYAKA,35,0,0,MUSTAFA KEMAL,0,0,0,0,0.0,1.5819999999999999,0,0,0.0,0,0.0,0,0.0,0,0.0,27.09204958,38.4997356
9712.197,0,53708262,1,9712.197,AYDINLATMA,35-04-M01514,KARSIYAKA,35,0,0,INONU,0,0,0,0,0.0,3.948,0,0,0.0,0,0.0,0,0.0,0,0.0,27.08982085,38.48558915
23097.22,0,53708263,1,23097.22,AYDINLATMA,35-04-M01513,KARSIYAKA,35,0,0,INONU,0,0,0,0,0.0,7.052,0,0,0.0,0,0.0,0,0.0,0,0.0,27.08882689,38.48549209
28649.12,0,53708264,1,28649.12,AYDINLATMA,35-04-K03773,KARSIYAKA,35,0,0,CUMHURIYET,0,0,0,0,0.0,7.393,0,0,0.0,0,0.0,0,0.0,0,0.0,27.09490331,38.48622197
12129.503,0,53708265,2,12129.503,AYDINLATMA,35-04-M01724,KARSIYAKA,35,0,0,INONU,0,0,0,0,0.0,1.758,0,0,0.0,0,0.0,0,0.0,0,0.0,27.08893679,38.48721592
25770.09,0,53708266,1,25770.09,AYDINLATMA,35-04-M01725,KARSIYAKA,35,0,0,INONU,0,0,0,0,0.0,6.716,0,0,0.0,0,0.0,0,0.0,0,0.0,27.09143808,38.48782866
3823.464,0,53708267,1,3823.464,AYDINLATMA,35-04-M01378,KARSIYAKA,35,0,0,INONU,0,0,0,0,0.0,1.589,0,0,0.0,0,0.0,0,0.0,0,0.0,27.0919654,38.48832998
216672.6,0,53708300,0,0.0,ORTA_TICARETHANE,35-09-K03391Ã–,CIGLI,35,0,0,ATATURK,0,0,1,0,0.0,160.0,0,0,0.0,0,0.0,1,216672.6,0,0.0,27.06472014,38.51793735
35416.72,0,53708330,2,35416.72,AYDINLATMA,35-04-M01041,KARSIYAKA,35,0,0,BAHCELIEVLER,0,0,0,0,0.0,7.9094999999999995,0,0,0.0,0,0.0,0,0.0,0,0.0,27.11134415,38.46762699
9478.46,0,53708458,1,9478.46,AYDINLATMA,35-04-M01755,KARSIYAKA,35,0,0,IMBATLI,0,0,0,0,0.0,2.254,0,0,0.0,0,0.0,0,0.0,0,0.0,27.11052662,38.47506111
33031.6,0,53708459,1,33031.6,AYDINLATMA,35-04-K03766,KARSIYAKA,35,0,0,IMBATLI,0,0,0,0,0.0,8.566,0,0,0.0,0,0.0,0,0.0,0,0.0,27.11146727,38.47533208
29171.25,0,53708460,1,29171.25,AYDINLATMA,35-04-K00358,KARSIYAKA,35,0,0,ORNEKKOY,0,0,0,0,0.0,12.934,0,0,0.0,0,0.0,0,0.0,0,0.0,27.11015157,38.47826186
11232.225999999999,0,53708466,2,11232.225999999999,AYDINLATMA,35-04-K01293,KARSIYAKA,35,0,0,DONANMACI,0,0,0,0,0.0,2.041,0,0,0.0,0,0.0,0,0.0,0,0.0,27.11349346,38.45398883
764451.7,0,53708527,0,0.0,ORTA_TICARETHANE,35-04-K03147Ã–,KARSIYAKA,35,0,0,ATAKENT,0,0,1,0,0.0,250.0,0,0,0.0,0,0.0,1,764451.7,0,0.0,27.08505244,38.46221797
15107.39,0,53708541,1,15107.39,AYDINLATMA,35-04-M01029,KARSIYAKA,35,0,0,ORNEKKOY,0,0,0,0,0.0,5.332,0,0,0.0,0,0.0,0,0.0,0,0.0,27.11450373,38.47942621
945732.9,0,53708594,0,0.0,BUYUK_TICARETHANE,35-28-M00667Ã–,CIGLI,35,0,0,CUMHURIYET,0,0,1,0,0.0,1250.0,0,0,0.0,0,0.0,1,945732.9,0,0.0,27.0705764,38.5547635
20748.22,0,53708902,1,20748.22,AYDINLATMA,35-04-K02447,KARSIYAKA,35,0,0,ZUBEYDE HANIM,0,0,0,0,0.0,5.144,0,0,0.0,0,0.0,0,0.0,0,0.0,27.11055011,38.48970099
9948.24,0,53709050,1,9948.24,AYDINLATMA,35-04-M01028,KARSIYAKA,35,0,0,IMBATLI,0,0,0,0,0.0,10.347,0,0,0.0,0,0.0,0,0.0,0,0.0,27.10615941,38.47655
8942.189,0,53709110,1,8942.189,AYDINLATMA,35-04-M00945,KARSIYAKA,35,0,0,MUSTAFA KEMAL,0,0,0,0,0.0,3.052,0,0,0.0,0,0.0,0,0.0,0,0.0,27.08984362,38.49335007
38491.126000000004,0,53709353,4,38491.126000000004,AYDINLATMA,35-04-K03012,KARSIYAKA,35,0,0,IMBATLI,0,0,0,0,0.0,3.93675,0,0,0.0,0,0.0,0,0.0,0,0.0,27.11105185,38.47248836
31384.56,0,53709674,1,31384.56,AYDINLATMA,35-04-M01087,KARSIYAKA,35,0,0,YALI,0,0,0,0,0.0,13.766,0,0,0.0,0,0.0,0,0.0,0,0.0,27.07054488,38.47688845
2879.217,0,53709803,1,2879.217,AYDINLATMA,35-04-K04193,KARSIYAKA,35,0,0,BOSTANLI,0,0,0,0,0.0,0.78,0,0,0.0,0,0.0,0,0.0,0,0.0,27.09536569,38.46295468
15212.06,0,53709804,1,15212.06,AYDINLATMA,35-04-K00849,KARSIYAKA,35,0,0,BOSTANLI,0,0,0,0,0.0,5.31,0,0,0.0,0,0.0,0,0.0,0,0.0,27.09547304,38.46025247
15585.327000000001,0,53709806,2,15585.327000000001,AYDINLATMA,35-04-K04328,KARSIYAKA,35,0,0,SEMIKLER,0,0,0,0,0.0,1.9805000000000001,0,0,0.0,0,0.0,0,0.0,0,0.0,27.09474709,38.47249231
6320.12,0,53709808,1,6320.12,AYDINLATMA,35-04-K03847,KARSIYAKA,35,0,0,YALI,0,0,0,0,0.0,1.077,0,0,0.0,0,0.0,0,0.0,0,0.0,27.09133742,38.46830904
10468.96,0,53709828,1,10468.96,AYDINLATMA,35-04-K01316,KARSIYAKA,35,0,0,DONANMACI,0,0,0,0,0.0,5.11,0,0,0.0,0,0.0,0,0.0,0,0.0,27.11707279,38.45462689
25930.73,0,53709829,1,25930.73,AYDINLATMA,35-09-M00403,CIGLI,35,0,0,BALATCIK,0,0,0,0,0.0,8.141,0,0,0.0,0,0.0,0,0.0,0,0.0,27.04552747,38.51550388
8139.15,0,53709831,0,0.0,ORTA_TICARETHANE,35-09-M00819Ã–,CIGLI,35,0,0,AHMET EFENDI,0,0,1,0,0.0,160.0,0,0,0.0,0,0.0,1,8139.15,0,0.0,27.03382635,38.52297277
24392.94,0,53709832,1,24392.94,AYDINLATMA,35-09-M00845,CIGLI,35,0,0,UGUR MUMCU,0,0,0,0,0.0,8.296,0,0,0.0,0,0.0,0,0.0,0,0.0,27.04543852,38.52426462
31511.62,0,53709838,1,31511.62,AYDINLATMA,35-09-K01321,CIGLI,35,0,0,AYDINLIKEVLER,0,0,0,0,0.0,7.126,0,0,0.0,0,0.0,0,0.0,0,0.0,27.08577973,38.49204016
46291.12,0,53709864,2,46291.12,AYDINLATMA,35-09-K01867,CIGLI,35,0,0,KUCUK CIGLI,0,0,0,0,0.0,10.4685,0,0,0.0,0,0.0,0,0.0,0,0.0,27.0527852,38.50411486
45589.323000000004,0,53709865,3,45589.323000000004,AYDINLATMA,35-09-K01866,CIGLI,35,0,0,KUCUK CIGLI,0,0,0,0,0.0,5.561,0,0,0.0,0,0.0,0,0.0,0,0.0,27.05493387,38.50107714
18613.27,0,53709866,1,18613.27,AYDINLATMA,35-09-K01956,CIGLI,35,0,0,AHMET TANER KISLALI,0,0,0,0,0.0,4.637,0,0,0.0,0,0.0,0,0.0,0,0.0,27.08922769,38.49456645
40855.36,0,53709875,1,40855.36,AYDINLATMA,35-09-K03362,CIGLI,35,0,0,YAKAKENT,0,0,0,0,0.0,10.982,0,0,0.0,0,0.0,0,0.0,0,0.0,27.07031922,38.5058613
4527.21,0,53709901,1,4527.21,AYDINLATMA,35-04-K01746,KARSIYAKA,35,0,0,DONANMACI,0,0,0,0,0.0,3.303,0,0,0.0,0,0.0,0,0.0,0,0.0,27.11584037,38.45632307
28016.76,0,53709909,0,0.0,ORTA_TICARETHANE,35-09-M01515Ã–,CIGLI,35,0,0,SASALLI MERKEZ,0,0,1,0,0.0,400.0,0,0,0.0,0,0.0,1,28016.76,0,0.0,26.94302556,38.50070175
145353.2,0,53709910,0,0.0,ORTA_TICARETHANE,35-09-M00381Ã–,CIGLI,35,0,0,SASALLI MERKEZ,0,0,1,0,0.0,400.0,0,0,0.0,0,0.0,1,145353.2,0,0.0,26.94254478,38.4992244
9535.609,0,53709965,1,9535.609,AYDINLATMA,35-09-K02668,CIGLI,35,0,0,ATASEHIR,0,0,0,0,0.0,3.065,0,0,0.0,0,0.0,0,0.0,0,0.0,27.06038867,38.48461496
16418.92,0,53710028,1,16418.92,AYDINLATMA,35-04-K01285,KARSIYAKA,35,0,0,BAHCELIEVLER,0,0,0,0,0.0,4.161,0,0,0.0,0,0.0,0,0.0,0,0.0,27.12109057,38.46644215
5864.079,0,53710067,1,5864.079,AYDINLATMA,35-04-K02618,KARSIYAKA,35,0,0,AKSOY,0,0,0,0,0.0,1.8,0,0,0.0,0,0.0,0,0.0,0,0.0,27.1049093,38.45183483
22459.37,0,53710189,1,22459.37,AYDINLATMA,35-04-K00277,KARSIYAKA,35,0,0,AKSOY,0,0,0,0,0.0,6.255,0,0,0.0,0,0.0,0,0.0,0,0.0,27.10730808,38.45522355
17381.24,0,53710190,1,17381.24,AYDINLATMA,35-04-K03074,KARSIYAKA,35,0,0,AKSOY,0,0,0,0,0.0,4.817,0,0,0.0,0,0.0,0,0.0,0,0.0,27.10906112,38.45559441
14560.52,0,53710266,1,14560.52,AYDINLATMA,35-04-M00841,KARSIYAKA,35,0,0,MUSTAFA KEMAL,0,0,0,0,0.0,3.829,0,0,0.0,0,0.0,0,0.0,0,0.0,27.09395992,38.49902924
4428.732,0,53710267,1,4428.732,AYDINLATMA,35-04-M00840,KARSIYAKA,35,0,0,MUSTAFA KEMAL,0,0,0,0,0.0,1.854,0,0,0.0,0,0.0,0,0.0,0,0.0,27.09620047,38.50024848
50585.755,0,53710271,2,50585.755,AYDINLATMA,35-04-K01450,KARSIYAKA,35,0,0,YALI,0,0,0,0,0.0,8.373,0,0,0.0,0,0.0,0,0.0,0,0.0,27.08836927,38.46842115
52147.66,0,53710272,1,52147.66,AYDINLATMA,35-04-K00885,KARSIYAKA,35,0,0,ATAKENT,0,0,0,0,0.0,13.822,0,0,0.0,0,0.0,0,0.0,0,0.0,27.09019087,38.46569441
27023.77,0,53710284,1,27023.77,AYDINLATMA,35-04-K00817,KARSIYAKA,35,0,0,YALI,0,0,0,0,0.0,5.771,0,0,0.0,0,0.0,0,0.0,0,0.0,27.09203338,38.46714792
15089.417,0,53710285,2,15089.417,AYDINLATMA,35-04-K03010,KARSIYAKA,35,0,0,YALI,0,0,0,0,0.0,2.246,0,0,0.0,0,0.0,0,0.0,0,0.0,27.09096001,38.46694684
8120.477,0,53710286,1,8120.477,AYDINLATMA,35-04-K03037,KARSIYAKA,35,0,0,YALI,0,0,0,0,0.0,2.047,0,0,0.0,0,0.0,0,0.0,0,0.0,27.09239581,38.46959829
37063.019,0,53710287,2,37063.019,AYDINLATMA,35-04-K03148,KARSIYAKA,35,0,0,DEMIRKOPRU,0,0,0,0,0.0,5.109,0,0,0.0,0,0.0,0,0.0,0,0.0,27.10145135,38.46815565
47473.6,0,53710290,1,47473.6,AYDINLATMA,35-04-K00243,KARSIYAKA,35,0,0,CUMHURIYET,0,0,0,0,0.0,16.28,0,0,0.0,0,0.0,0,0.0,0,0.0,27.09672219,38.48343285
23346.39,0,53710291,1,23346.39,AYDINLATMA,35-04-M01026,KARSIYAKA,35,0,0,CUMHURIYET,0,0,0,0,0.0,5.443,0,0,0.0,0,0.0,0,0.0,0,0.0,27.09863657,38.48187755
52800.15,0,53710292,1,52800.15,AYDINLATMA,35-04-K02323,KARSIYAKA,35,0,0,CUMHURIYET,0,0,0,0,0.0,15.706,0,0,0.0,0,0.0,0,0.0,0,0.0,27.10020214,38.47969575
53330.11,0,53710293,1,53330.11,AYDINLATMA,35-04-M01027,KARSIYAKA,35,0,0,CUMHURIYET,0,0,0,0,0.0,15.35,0,0,0.0,0,0.0,0,0.0,0,0.0,27.09689767,38.47944383
30792.765,0,53710294,2,30792.765,AYDINLATMA,35-04-M01025,KARSIYAKA,35,0,0,CUMHURIYET,0,0,0,0,0.0,7.3175,0,0,0.0,0,0.0,0,0.0,0,0.0,27.09280504,38.48316531
13954.93,0,53710351,1,13954.93,AYDINLATMA,35-04-K01034,KARSIYAKA,35,0,0,DEMIRKOPRU,0,0,0,0,0.0,4.111,0,0,0.0,0,0.0,0,0.0,0,0.0,27.09991146,38.47011146
18987.181,0,53710409,2,18987.181,AYDINLATMA,35-04-K03778,KARSIYAKA,35,0,0,SEMIKLER,0,0,0,0,0.0,3.4695,0,0,0.0,0,0.0,0,0.0,0,0.0,27.09838695,38.47099711
15064.350999999999,0,53710410,2,15064.350999999999,AYDINLATMA,35-04-K04320,KARSIYAKA,35,0,0,SEMIKLER,0,0,0,0,0.0,1.8145,0,0,0.0,0,0.0,0,0.0,0,0.0,27.09690269,38.46973119
11523.456,0,53710411,2,11523.456,AYDINLATMA,35-04-K01422,KARSIYAKA,35,0,0,DEMIRKOPRU,0,0,0,0,0.0,1.3435000000000001,0,0,0.0,0,0.0,0,0.0,0,0.0,27.09730133,38.46867656
23068.69,0,53710412,1,23068.69,AYDINLATMA,35-04-K04709,KARSIYAKA,35,0,0,DEMIRKOPRU,0,0,0,0,0.0,5.776,0,0,0.0,0,0.0,0,0.0,0,0.0,27.09825176,38.46939299
13880.05,0,53710413,1,13880.05,AYDINLATMA,35-04-K03776,KARSIYAKA,35,0,0,DEMIRKOPRU,0,0,0,0,0.0,3.209,0,0,0.0,0,0.0,0,0.0,0,0.0,27.09893516,38.4677433
6566.127,0,53710434,1,6566.127,AYDINLATMA,35-09-M01994,CIGLI,35,0,0,ESENTEPE,0,0,0,0,0.0,1.856,0,0,0.0,0,0.0,0,0.0,0,0.0,27.05476,38.51109815
8776.195,0,53710435,1,8776.195,AYDINLATMA,35-09-M01995,CIGLI,35,0,0,ESENTEPE,0,0,0,0,0.0,2.048,0,0,0.0,0,0.0,0,0.0,0,0.0,27.0565394,38.51270895
9715.416,0,53710464,1,9715.416,AYDINLATMA,35-04-K04756,KARSIYAKA,35,0,0,LATIFE HANIM,0,0,0,0,0.0,3.968,0,0,0.0,0,0.0,0,0.0,0,0.0,27.12305511,38.49963578
8554.094,0,53710468,1,8554.094,AYDINLATMA,35-04-K03718,KARSIYAKA,35,0,0,ZUBEYDE HANIM,0,0,0,0,0.0,3.583,0,0,0.0,0,0.0,0,0.0,0,0.0,27.1107568,38.49573761
6878.208,0,53710470,1,6878.208,AYDINLATMA,35-04-M00944,KARSIYAKA,35,0,0,MUSTAFA KEMAL,0,0,0,0,0.0,3.049,0,0,0.0,0,0.0,0,0.0,0,0.0,27.08966371,38.49166858
12286.61,0,53710517,1,12286.61,AYDINLATMA,35-09-M01993,CIGLI,35,0,0,ESENTEPE,0,0,0,0,0.0,3.106,0,0,0.0,0,0.0,0,0.0,0,0.0,27.05184947,38.50651807
15998.37,0,53710518,1,15998.37,AYDINLATMA,35-09-M01992,CIGLI,35,0,0,ESENTEPE,0,0,0,0,0.0,4.474,0,0,0.0,0,0.0,0,0.0,0,0.0,27.05044151,38.50758531
79031.63,0,53710520,2,79031.63,AYDINLATMA,35-04-K01191,KARSIYAKA,35,0,0,AKSOY,0,0,0,0,0.0,12.1755,0,0,0.0,0,0.0,0,0.0,0,0.0,27.11163552,38.45033488
73536.05799999999,0,53710522,3,73536.05799999999,AYDINLATMA,35-04-K00037,KARSIYAKA,35,0,0,TERSANE,0,0,0,0,0.0,8.246666666666668,0,0,0.0,0,0.0,0,0.0,0,0.0,27.1274099,38.46234684
24497.85,0,53710527,1,24497.85,AYDINLATMA,35-04-K01608,KARSIYAKA,35,0,0,CUMHURIYET,0,0,0,0,0.0,14.519,0,0,0.0,0,0.0,0,0.0,0,0.0,27.09583689,38.47886089
77308.27,0,53710528,1,77308.27,AYDINLATMA,35-04-K00681,KARSIYAKA,35,0,0,DONANMACI,0,0,0,0,0.0,21.79,0,0,0.0,0,0.0,0,0.0,0,0.0,27.11620725,38.45205542
2556.205,0,53710531,1,2556.205,AYDINLATMA,35-04-K04721,KARSIYAKA,35,0,0,MAVISEHIR,0,0,0,0,0.0,0.796,0,0,0.0,0,0.0,0,0.0,0,0.0,27.08298595,38.47143918
3220.401,0,53710532,1,3220.401,AYDINLATMA,35-04-K03229,KARSIYAKA,35,0,0,YALI,0,0,0,0,0.0,1.058,0,0,0.0,0,0.0,0,0.0,0,0.0,27.09640076,38.46744301
16714.92,0,53710533,1,16714.92,AYDINLATMA,35-04-M01186,KARSIYAKA,35,0,0,YALI,0,0,0,0,0.0,4.236,0,0,0.0,0,0.0,0,0.0,0,0.0,27.09582919,38.46607104
11360.64,0,53710534,1,11360.64,AYDINLATMA,35-04-M01187,KARSIYAKA,35,0,0,YALI,0,0,0,0,0.0,2.8,0,0,0.0,0,0.0,0,0.0,0,0.0,27.09444673,38.466243
95163.39,0,53710536,2,95163.39,AYDINLATMA,35-04-K01542,KARSIYAKA,35,0,0,ATAKENT,0,0,0,0,0.0,13.3235,0,0,0.0,0,0.0,0,0.0,0,0.0,27.08272785,38.46736144
14022.25,0,53710537,1,14022.25,AYDINLATMA,35-04-K02426,KARSIYAKA,35,0,0,MAVISEHIR,0,0,0,0,0.0,8.124,0,0,0.0,0,0.0,0,0.0,0,0.0,27.08049495,38.47204832
50920.401999999995,0,53710538,2,50920.401999999995,AYDINLATMA,35-04-K02423,KARSIYAKA,35,0,0,MAVISEHIR,0,0,0,0,0.0,6.83,0,0,0.0,0,0.0,0,0.0,0,0.0,27.07731035,38.47045663
31810.9,0,53710539,1,31810.9,AYDINLATMA,35-04-K02425,KARSIYAKA,35,0,0,MAVISEHIR,0,0,0,0,0.0,13.119,0,0,0.0,0,0.0,0,0.0,0,0.0,27.07861762,38.47196735
19.374,0,53710540,1,19.374,AYDINLATMA,35-04-K02427,KARSIYAKA,35,0,0,MAVISEHIR,0,0,0,0,0.0,9.79,0,0,0.0,0,0.0,0,0.0,0,0.0,27.08164392,38.47071066
20374.67,0,53710542,1,20374.67,AYDINLATMA,35-09-M01999,CIGLI,35,0,0,ATATURK,0,0,0,0,0.0,5.682,0,0,0.0,0,0.0,0,0.0,0,0.0,27.06220875,38.51409935
14232.12,0,53710543,1,14232.12,AYDINLATMA,35-09-M01991,CIGLI,35,0,0,ESENTEPE,0,0,0,0,0.0,3.709,0,0,0.0,0,0.0,0,0.0,0,0.0,27.05090773,38.5091202
11398.69,0,53710545,1,11398.69,AYDINLATMA,35-09-M02024,CIGLI,35,0,0,ESENTEPE,0,0,0,0,0.0,2.77,0,0,0.0,0,0.0,0,0.0,0,0.0,27.0585148,38.5096017
28873.98,0,53710546,1,28873.98,AYDINLATMA,35-09-M02023,CIGLI,35,0,0,ESENTEPE,0,0,0,0,0.0,9.697,0,0,0.0,0,0.0,0,0.0,0,0.0,27.0598573,38.5120151
16135.08,0,53710580,1,16135.08,AYDINLATMA,35-04-K01064,KARSIYAKA,35,0,0,BAHARIYE,0,0,0,0,0.0,4.127,0,0,0.0,0,0.0,0,0.0,0,0.0,27.11874311,38.46074669
18775.86,0,53710581,1,18775.86,AYDINLATMA,35-04-K03723,KARSIYAKA,35,0,0,BAHCELIEVLER,0,0,0,0,0.0,4.514,0,0,0.0,0,0.0,0,0.0,0,0.0,27.12376081,38.46532027
17933.0,0,53710582,1,17933.0,AYDINLATMA,35-04-K01067,KARSIYAKA,35,0,0,BAHCELIEVLER,0,0,0,0,0.0,5.939,0,0,0.0,0,0.0,0,0.0,0,0.0,27.12428983,38.46652764
2574.959,0,53710583,1,2574.959,AYDINLATMA,35-04-K03976,KARSIYAKA,35,0,0,BAHCELIEVLER,0,0,0,0,0.0,0.857,0,0,0.0,0,0.0,0,0.0,0,0.0,27.12554372,38.46683418
7611.903,0,53710584,1,7611.903,AYDINLATMA,35-04-K03343,KARSIYAKA,35,0,0,BAHCELIEVLER,0,0,0,0,0.0,1.919,0,0,0.0,0,0.0,0,0.0,0,0.0,27.12834862,38.46590855
73263.831,0,53710585,3,73263.831,AYDINLATMA,35-04-K01756,KARSIYAKA,35,0,0,BAHCELIEVLER,0,0,0,0,0.0,8.915333333333333,0,0,0.0,0,0.0,0,0.0,0,0.0,27.12671165,38.46731724
10521.16,0,53710586,1,10521.16,AYDINLATMA,35-04-K02875,KARSIYAKA,35,0,0,BAHCELIEVLER,0,0,0,0,0.0,3.305,0,0,0.0,0,0.0,0,0.0,0,0.0,27.12362082,38.46804427
4962.186,0,53710759,1,4962.186,AYDINLATMA,35-04-K01109,KARSIYAKA,35,0,0,TUNA,0,0,0,0,0.0,1.023,0,0,0.0,0,0.0,0,0.0,0,0.0,27.11853339,38.45652267
8142.808,0,53710760,1,8142.808,AYDINLATMA,35-04-K00590,KARSIYAKA,35,0,0,BAHARIYE,0,0,0,0,0.0,1.876,0,0,0.0,0,0.0,0,0.0,0,0.0,27.11536884,38.4585974
122132.8,0,53711187,0,0.0,ORTA_TICARETHANE,35-04-M01868Ã–,KARSIYAKA,35,0,0,ORNEKKOY,0,0,1,0,0.0,1000.0,0,0,0.0,0,0.0,1,122132.8,0,0.0,27.113061,38.483253
35475.52,0,53711288,0,0.0,ORTA_TICARETHANE,35-04-K02790Ã–,KARSIYAKA,35,0,0,BOSTANLI,0,0,1,0,0.0,250.0,0,0,0.0,0,0.0,1,35475.52,0,0.0,27.09399448,38.45565109
4575.662,0,53711340,1,4575.662,AYDINLATMA,35-04-M01374,KARSIYAKA,35,0,0,FIKRI ALTAY,0,0,0,0,0.0,1.765,0,0,0.0,0,0.0,0,0.0,0,0.0,27.10293092,38.47450528
18915.78,0,53711341,1,18915.78,AYDINLATMA,35-04-M01184,KARSIYAKA,35,0,0,FIKRI ALTAY,0,0,0,0,0.0,5.089,0,0,0.0,0,0.0,0,0.0,0,0.0,27.10253784,38.47408119
10658.18,0,53711342,1,10658.18,AYDINLATMA,35-04-M01185,KARSIYAKA,35,0,0,FIKRI ALTAY,0,0,0,0,0.0,2.526,0,0,0.0,0,0.0,0,0.0,0,0.0,27.10238135,38.4708742
22122.19,0,53711343,1,22122.19,AYDINLATMA,35-04-K03022,KARSIYAKA,35,0,0,YALI,0,0,0,0,0.0,8.658,0,0,0.0,0,0.0,0,0.0,0,0.0,27.08988039,38.47383663
6253.696,0,53711432,1,6253.696,AYDINLATMA,35-04-K00053,KARSIYAKA,35,0,0,BOSTANLI,0,0,0,0,0.0,1.74,0,0,0.0,0,0.0,0,0.0,0,0.0,27.10495431,38.45375799
10532.6,0,53711453,1,10532.6,AYDINLATMA,35-04-M00839,KARSIYAKA,35,0,0,MUSTAFA KEMAL,0,0,0,0,0.0,10.281,0,0,0.0,0,0.0,0,0.0,0,0.0,27.09439919,38.50093484
14140.01,0,53711493,1,14140.01,AYDINLATMA,35-04-M01305,KARSIYAKA,35,0,0,IMBATLI,0,0,0,0,0.0,3.438,0,0,0.0,0,0.0,0,0.0,0,0.0,27.11253936,38.4746587
11949.75,0,53711494,1,11949.75,AYDINLATMA,35-04-K03969,KARSIYAKA,35,0,0,ORNEKKOY,0,0,0,0,0.0,2.935,0,0,0.0,0,0.0,0,0.0,0,0.0,27.11486983,38.47781917
12399.32,0,53711496,1,12399.32,AYDINLATMA,35-04-M01265,KARSIYAKA,35,0,0,ORNEKKOY,0,0,0,0,0.0,3.377,0,0,0.0,0,0.0,0,0.0,0,0.0,27.11497054,38.47565303
293201.0,0,53711532,0,0.0,BUYUK_TICARETHANE,35-09-M02169Ã–,CIGLI,35,0,0,UGUR MUMCU,0,0,1,0,0.0,630.0,0,0,0.0,0,0.0,1,293201.0,0,0.0,27.0493751,38.5228552
4253278.0,0,53711613,0,0.0,BUYUK_TICARETHANE,35-09-M01790Ã–,CIGLI,35,0,0,ATASEHIR,0,0,1,0,0.0,2500.0,0,0,0.0,0,0.0,1,4253278.0,0,0.0,27.058442,38.4830397
694905.2,0,53711643,0,0.0,BUYUK_SANAYI,35-09-M00412Ã–,CIGLI,35,0,0,SASALLI MERKEZ,0,0,1,0,0.0,650.0,0,1,694905.2,0,0.0,0,0.0,0,0.0,26.941865,38.499271
13431.74,0,53711662,1,13431.74,AYDINLATMA,35-04-K01088,KARSIYAKA,35,0,0,AKSOY,0,0,0,0,0.0,4.435,0,0,0.0,0,0.0,0,0.0,0,0.0,27.11106453,38.45144497
32927.3,0,53711679,1,32927.3,AYDINLATMA,35-04-M01585,KARSIYAKA,35,0,0,YALI,0,0,0,0,0.0,9.412,0,0,0.0,0,0.0,0,0.0,0,0.0,27.08413918,38.47683418
6858.56,0,53711680,1,6858.56,AYDINLATMA,35-04-M01373,KARSIYAKA,35,0,0,YALI,0,0,0,0,0.0,1.369,0,0,0.0,0,0.0,0,0.0,0,0.0,27.08546339,38.47209392
47795.32,0,53711681,1,47795.32,AYDINLATMA,35-04-K03390,KARSIYAKA,35,0,0,YALI,0,0,0,0,0.0,15.916,0,0,0.0,0,0.0,0,0.0,0,0.0,27.08453197,38.47282448
26705.53,0,53711706,1,26705.53,AYDINLATMA,35-04-K00166,KARSIYAKA,35,0,0,BAHARIYE,0,0,0,0,0.0,7.054,0,0,0.0,0,0.0,0,0.0,0,0.0,27.12064488,38.46058152
10742.54,0,53711707,1,10742.54,AYDINLATMA,35-04-K03204,KARSIYAKA,35,0,0,AKSOY,0,0,0,0,0.0,3.731,0,0,0.0,0,0.0,0,0.0,0,0.0,27.11209092,38.45609584
16123.04,0,53711708,1,16123.04,AYDINLATMA,35-04-K00282,KARSIYAKA,35,0,0,AKSOY,0,0,0,0,0.0,3.817,0,0,0.0,0,0.0,0,0.0,0,0.0,27.11092672,38.45415267
35009.119999999995,0,53711750,2,35009.119999999995,AYDINLATMA,35-04-K01433,KARSIYAKA,35,0,0,DEDEBASI,0,0,0,0,0.0,4.116,0,0,0.0,0,0.0,0,0.0,0,0.0,27.10548835,38.46641523
32022.1,0,53711751,2,32022.1,AYDINLATMA,35-04-K02316,KARSIYAKA,35,0,0,GONCALAR,0,0,0,0,0.0,4.750500000000001,0,0,0.0,0,0.0,0,0.0,0,0.0,27.10784643,38.46542581
12301.37,0,53711752,1,12301.37,AYDINLATMA,35-04-K03850,KARSIYAKA,35,0,0,GONCALAR,0,0,0,0,0.0,3.588,0,0,0.0,0,0.0,0,0.0,0,0.0,27.10821574,38.46687268
35552.005,0,53711770,2,35552.005,AYDINLATMA,35-04-K01624,KARSIYAKA,35,0,0,DEDEBASI,0,0,0,0,0.0,4.327,0,0,0.0,0,0.0,0,0.0,0,0.0,27.10696514,38.46795245
6104.211,0,53711771,1,6104.211,AYDINLATMA,35-04-K02486,KARSIYAKA,35,0,0,DEDEBASI,0,0,0,0,0.0,2.092,0,0,0.0,0,0.0,0,0.0,0,0.0,27.10765393,38.46916245
66961.17,0,53711772,3,66961.17,AYDINLATMA,35-04-K03036,KARSIYAKA,35,0,0,DEDEBASI,0,0,0,0,0.0,9.231333333333334,0,0,0.0,0,0.0,0,0.0,0,0.0,27.10985817,38.46888545
19614.02,0,53711773,1,19614.02,AYDINLATMA,35-04-K03376,KARSIYAKA,35,0,0,YALI,0,0,0,0,0.0,4.976,0,0,0.0,0,0.0,0,0.0,0,0.0,27.08717548,38.4745461
3458.074,0,53711774,1,3458.074,AYDINLATMA,35-04-M01340,KARSIYAKA,35,0,0,YALI,0,0,0,0,0.0,0.889,0,0,0.0,0,0.0,0,0.0,0,0.0,27.08285142,38.48013347
9180.229,0,53711775,1,9180.229,AYDINLATMA,35-04-K04000,KARSIYAKA,35,0,0,ALAYBEY,0,0,0,0,0.0,3.51,0,0,0.0,0,0.0,0,0.0,0,0.0,27.12296742,38.46035653
13370.68,0,53712248,1,13370.68,AYDINLATMA,35-09-M01996,CIGLI,35,0,0,ESENTEPE,0,0,0,0,0.0,16.908,0,0,0.0,0,0.0,0,0.0,0,0.0,27.05714011,38.51599675
27707.05,0,53713610,1,27707.05,AYDINLATMA,35-04-K04171,KARSIYAKA,35,0,0,ZUBEYDE HANIM,0,0,0,0,0.0,7.43,0,0,0.0,0,0.0,0,0.0,0,0.0,27.11367418,38.49721793
15767.24,0,53713611,1,15767.24,AYDINLATMA,35-04-K02472,KARSIYAKA,35,0,0,ZUBEYDE HANIM,0,0,0,0,0.0,4.412,0,0,0.0,0,0.0,0,0.0,0,0.0,27.10924688,38.49361728
8635.544,0,53713612,1,8635.544,AYDINLATMA,35-04-K02512,KARSIYAKA,35,0,0,ZUBEYDE HANIM,0,0,0,0,0.0,3.445,0,0,0.0,0,0.0,0,0.0,0,0.0,27.11164766,38.49664661
38340.45,0,53713613,1,38340.45,AYDINLATMA,35-04-M02876,KARSIYAKA,35,0,0,ORNEKKOY,0,0,0,0,0.0,12.31,0,0,0.0,0,0.0,0,0.0,0,0.0,27.1100402,38.48448932
7495.063,0,53714215,1,7495.063,AYDINLATMA,35-04-K03717,KARSIYAKA,35,0,0,ZUBEYDE HANIM,0,0,0,0,0.0,1.66,0,0,0.0,0,0.0,0,0.0,0,0.0,27.10885864,38.4960191
6036.866,0,53714286,1,6036.866,AYDINLATMA,35-04-K02428,KARSIYAKA,35,0,0,MAVISEHIR,0,0,0,0,0.0,7.69,0,0,0.0,0,0.0,0,0.0,0,0.0,27.08291669,38.47030257
8425.66,0,53714287,1,8425.66,AYDINLATMA,35-04-K02598,KARSIYAKA,35,0,0,MAVISEHIR,0,0,0,0,0.0,3.873,0,0,0.0,0,0.0,0,0.0,0,0.0,27.07076574,38.47080787
14894.53,0,53714375,1,14894.53,AYDINLATMA,35-04-K01411,KARSIYAKA,35,0,0,GONCALAR,0,0,0,0,0.0,6.913,0,0,0.0,0,0.0,0,0.0,0,0.0,27.10176443,38.4645601
15818.88,0,53714376,1,15818.88,AYDINLATMA,35-04-K00832,KARSIYAKA,35,0,0,BOSTANLI,0,0,0,0,0.0,3.781,0,0,0.0,0,0.0,0,0.0,0,0.0,27.1012932,38.45834778
39808.56,0,53714377,1,39808.56,AYDINLATMA,35-04-K01249,KARSIYAKA,35,0,0,BOSTANLI,0,0,0,0,0.0,10.34,0,0,0.0,0,0.0,0,0.0,0,0.0,27.10239579,38.45501197
14987.58,0,53714378,1,14987.58,AYDINLATMA,35-04-K03734,KARSIYAKA,35,0,0,BOSTANLI,0,0,0,0,0.0,3.788,0,0,0.0,0,0.0,0,0.0,0,0.0,27.10460526,38.45515168
23805.660000000003,0,53714438,2,23805.660000000003,AYDINLATMA,35-04-M01039,KARSIYAKA,35,0,0,BOSTANLI,0,0,0,0,0.0,3.197,0,0,0.0,0,0.0,0,0.0,0,0.0,27.10408284,38.45908652
20800.12,0,53714439,1,20800.12,AYDINLATMA,35-04-K00191,KARSIYAKA,35,0,0,BOSTANLI,0,0,0,0,0.0,5.929,0,0,0.0,0,0.0,0,0.0,0,0.0,27.0931255,38.46202797
4816.689,0,53714440,2,4816.689,AYDINLATMA,35-04-K03303,KARSIYAKA,35,0,0,BOSTANLI,0,0,0,0,0.0,0.22599999999999998,0,0,0.0,0,0.0,0,0.0,0,0.0,27.08924487,38.45897219
5676.875,0,53714505,1,5676.875,AYDINLATMA,35-04-K01735,KARSIYAKA,35,0,0,DEDEBASI,0,0,0,0,0.0,1.414,0,0,0.0,0,0.0,0,0.0,0,0.0,27.10885948,38.47054265
17201.71,0,53714506,1,17201.71,AYDINLATMA,35-04-K03903,KARSIYAKA,35,0,0,DEDEBASI,0,0,0,0,0.0,4.187,0,0,0.0,0,0.0,0,0.0,0,0.0,27.1074987,38.47006847
31050.78,0,53714507,1,31050.78,AYDINLATMA,35-04-M01442,KARSIYAKA,35,0,0,DEDEBASI,0,0,0,0,0.0,8.853,0,0,0.0,0,0.0,0,0.0,0,0.0,27.10485729,38.47155047
38439.2,0,53714508,1,38439.2,AYDINLATMA,35-04-K03214,KARSIYAKA,35,0,0,DEDEBASI,0,0,0,0,0.0,14.897,0,0,0.0,0,0.0,0,0.0,0,0.0,27.10622212,38.47241618
23887.91,0,53714516,1,23887.91,AYDINLATMA,35-04-K04477,KARSIYAKA,35,0,0,LATIFE HANIM,0,0,0,0,0.0,5.806,0,0,0.0,0,0.0,0,0.0,0,0.0,27.11816466,38.49438755
13621.83,0,53714517,1,13621.83,AYDINLATMA,35-04-M02893,KARSIYAKA,35,0,0,ORNEKKOY,0,0,0,0,0.0,2.607,0,0,0.0,0,0.0,0,0.0,0,0.0,27.1074884,38.48515899
27360.83,0,53714518,2,27360.83,AYDINLATMA,35-04-K04012,KARSIYAKA,35,0,0,ORNEKKOY,0,0,0,0,0.0,3.8375,0,0,0.0,0,0.0,0,0.0,0,0.0,27.10364,38.4842033
18122.43,0,53714519,1,18122.43,AYDINLATMA,35-04-K01227,KARSIYAKA,35,0,0,ORNEKKOY,0,0,0,0,0.0,7.095,0,0,0.0,0,0.0,0,0.0,0,0.0,27.1060627,38.48285674
18690.46,0,53714521,1,18690.46,AYDINLATMA,35-04-M00843,KARSIYAKA,35,0,0,MUSTAFA KEMAL,0,0,0,0,0.0,6.199,0,0,0.0,0,0.0,0,0.0,0,0.0,27.09530128,38.49608483
39660.14,0,53714522,1,39660.14,AYDINLATMA,35-04-K02436,KARSIYAKA,35,0,0,MUSTAFA KEMAL,0,0,0,0,0.0,19.997,0,0,0.0,0,0.0,0,0.0,0,0.0,27.09792143,38.49478075
8684.385,0,53714579,1,8684.385,AYDINLATMA,35-04-K04757,KARSIYAKA,35,0,0,LATIFE HANIM,0,0,0,0,0.0,3.069,0,0,0.0,0,0.0,0,0.0,0,0.0,27.12545155,38.49959779
6527.659,0,53714581,1,6527.659,AYDINLATMA,35-04-K00660,KARSIYAKA,35,0,0,ATAKENT,0,0,0,0,0.0,1.588,0,0,0.0,0,0.0,0,0.0,0,0.0,27.08983649,38.46194971
2479.203,0,53714582,1,2479.203,AYDINLATMA,35-04-K00661,KARSIYAKA,35,0,0,ATAKENT,0,0,0,0,0.0,0.909,0,0,0.0,0,0.0,0,0.0,0,0.0,27.09080954,38.46257474
5187.807,0,53714583,1,5187.807,AYDINLATMA,35-04-K00707,KARSIYAKA,35,0,0,ATAKENT,0,0,0,0,0.0,2.1,0,0,0.0,0,0.0,0,0.0,0,0.0,27.08851952,38.46328554
32568.976000000002,0,53714584,2,32568.976000000002,AYDINLATMA,35-04-K01116,KARSIYAKA,35,0,0,ATAKENT,0,0,0,0,0.0,6.663,0,0,0.0,0,0.0,0,0.0,0,0.0,27.08766871,38.46458282
32462.04,0,53714586,1,32462.04,AYDINLATMA,35-04-M00951,KARSIYAKA,35,0,0,YALI,0,0,0,0,0.0,11.65,0,0,0.0,0,0.0,0,0.0,0,0.0,27.081717,38.48161577
5196.857,0,53714587,1,5196.857,AYDINLATMA,35-04-M00949,KARSIYAKA,35,0,0,YALI,0,0,0,0,0.0,2.071,0,0,0.0,0,0.0,0,0.0,0,0.0,27.07703856,38.48093342
34616.55,0,53714588,1,34616.55,AYDINLATMA,35-04-M01892,KARSIYAKA,35,0,0,YALI,0,0,0,0,0.0,9.174,0,0,0.0,0,0.0,0,0.0,0,0.0,27.08603019,38.47400802
34852.121,0,53714646,2,34852.121,AYDINLATMA,35-04-K01065,KARSIYAKA,35,0,0,BAHRIYE UCOK,0,0,0,0,0.0,4.3275,0,0,0.0,0,0.0,0,0.0,0,0.0,27.11049882,38.46244388
8296319.0,0,53717284,0,0.0,BUYUK_TICARETHANE,35-09-K02721Ã–,CIGLI,35,0,0,ATASEHIR,0,0,1,0,0.0,5350.0,0,0,0.0,0,0.0,1,8296319.0,0,0.0,27.0545307,38.4821153
41080.24,0,53717356,1,41080.24,AYDINLATMA,35-09-K01875,CIGLI,35,0,0,SIRINTEPE,0,0,0,0,0.0,11.25,0,0,0.0,0,0.0,0,0.0,0,0.0,27.06619723,38.49294484
13864.58,0,53717357,1,13864.58,AYDINLATMA,35-09-K01878,CIGLI,35,0,0,ATASEHIR,0,0,0,0,0.0,12.96,0,0,0.0,0,0.0,0,0.0,0,0.0,27.05663822,38.49247318
1929.711,0,53717358,1,1929.711,AYDINLATMA,35-09-K04308,CIGLI,35,0,0,ATASEHIR,0,0,0,0,0.0,0.576,0,0,0.0,0,0.0,0,0.0,0,0.0,27.06278802,38.48619599
12992.1,0,53717359,1,12992.1,AYDINLATMA,35-09-K04478,CIGLI,35,0,0,ATATURK,0,0,0,0,0.0,3.302,0,0,0.0,0,0.0,0,0.0,0,0.0,27.0647658,38.51581885
10063.08,0,53717360,1,10063.08,AYDINLATMA,35-09-M00206,CIGLI,35,0,0,HARMANDALI GAZI MUSTAFA KEMAL ATATURK,0,0,0,0,0.0,3.014,0,0,0.0,0,0.0,0,0.0,0,0.0,27.05324236,38.53345795
17605.02,0,53717362,1,17605.02,AYDINLATMA,35-09-M00211,CIGLI,35,0,0,INONU,0,0,0,0,0.0,5.282,0,0,0.0,0,0.0,0,0.0,0,0.0,27.04702234,38.52674115
15812.95,0,53717363,1,15812.95,AYDINLATMA,35-09-M00627,CIGLI,35,0,0,UGUR MUMCU,0,0,0,0,0.0,3.815,0,0,0.0,0,0.0,0,0.0,0,0.0,27.04302087,38.52270425
17552.75,0,53717421,1,17552.75,AYDINLATMA,35-09-M01308,CIGLI,35,0,0,AHMET EFENDI,0,0,0,0,0.0,5.987,0,0,0.0,0,0.0,0,0.0,0,0.0,27.04019971,38.52210624
16201.46,0,53717422,1,16201.46,AYDINLATMA,35-09-M01732,CIGLI,35,0,0,UGUR MUMCU,0,0,0,0,0.0,4.506,0,0,0.0,0,0.0,0,0.0,0,0.0,27.04719348,38.52395533
36231.49,0,53717423,1,36231.49,AYDINLATMA,35-09-M01897,CIGLI,35,0,0,ATASEHIR,0,0,0,0,0.0,9.515,0,0,0.0,0,0.0,0,0.0,0,0.0,27.0639051,38.49070149
35394.13,0,53717424,1,35394.13,AYDINLATMA,35-09-M01986,CIGLI,35,0,0,AHMET TANER KISLALI,0,0,0,0,0.0,9.056,0,0,0.0,0,0.0,0,0.0,0,0.0,27.08824391,38.49502647
184964.6,0,53717493,0,0.0,ORTA_TICARETHANE,35-09-K02994Ã–,CIGLI,35,0,0,ATATURK,0,0,1,0,0.0,250.0,0,0,0.0,0,0.0,1,184964.6,0,0.0,27.06333055,38.51251915
4240.434,0,53717495,1,4240.434,AYDINLATMA,35-09-K04046,CIGLI,35,0,0,EGEKENT,0,0,0,0,0.0,1.126,0,0,0.0,0,0.0,0,0.0,0,0.0,27.06010856,38.50568031
19002.04,0,53717496,1,19002.04,AYDINLATMA,35-09-M01987,CIGLI,35,0,0,AHMET TANER KISLALI,0,0,0,0,0.0,4.477,0,0,0.0,0,0.0,0,0.0,0,0.0,27.09002952,38.49691583
37484.45,0,53717500,1,37484.45,AYDINLATMA,35-09-K01865,CIGLI,35,0,0,KUCUK CIGLI,0,0,0,0,0.0,14.462,0,0,0.0,0,0.0,0,0.0,0,0.0,27.06183836,38.49797983
8175.114,0,53717501,1,8175.114,AYDINLATMA,35-09-K04497,CIGLI,35,0,0,CAGDAS,0,0,0,0,0.0,1.989,0,0,0.0,0,0.0,0,0.0,0,0.0,27.05773136,38.50212653
45142.5,0,53717502,1,45142.5,AYDINLATMA,35-09-K01936,CIGLI,35,0,0,CAGDAS,0,0,0,0,0.0,12.429,0,0,0.0,0,0.0,0,0.0,0,0.0,27.05655304,38.5048987
5082.439,0,53717503,1,5082.439,AYDINLATMA,35-09-K04293,CIGLI,35,0,0,ESENTEPE,0,0,0,0,0.0,1.28,0,0,0.0,0,0.0,0,0.0,0,0.0,27.05492389,38.50977079
16453.73,0,53717511,1,16453.73,AYDINLATMA,35-04-K00427,KARSIYAKA,35,0,0,IMBATLI,0,0,0,0,0.0,11.879,0,0,0.0,0,0.0,0,0.0,0,0.0,27.1059651,38.47485712
2093.503,0,53717512,1,2093.503,AYDINLATMA,35-04-K04517,KARSIYAKA,35,0,0,YALI,0,0,0,0,0.0,0.465,0,0,0.0,0,0.0,0,0.0,0,0.0,27.09148528,38.46992226
32851.98,0,53717865,1,32851.98,AYDINLATMA,35-09-M01357,CIGLI,35,0,0,BALATCIK,0,0,0,0,0.0,9.294,0,0,0.0,0,0.0,0,0.0,0,0.0,27.03500768,38.51690323
13658.78,0,53717867,1,13658.78,AYDINLATMA,35-09-M01091,CIGLI,35,0,0,AHMET EFENDI,0,0,0,0,0.0,2.603,0,0,0.0,0,0.0,0,0.0,0,0.0,27.03740736,38.51929869
91925.65999999999,0,53717868,2,91925.65999999999,AYDINLATMA,35-09-K01887,CIGLI,35,0,0,ATASEHIR,0,0,0,0,0.0,14.473,0,0,0.0,0,0.0,0,0.0,0,0.0,27.06985018,38.48891713
41076.84,0,53717874,1,41076.84,AYDINLATMA,35-09-K01938,CIGLI,35,0,0,EGEKENT,0,0,0,0,0.0,12.416,0,0,0.0,0,0.0,0,0.0,0,0.0,27.06121099,38.50385567
41815.93,0,53717875,1,41815.93,AYDINLATMA,35-09-K01932,CIGLI,35,0,0,EGEKENT,0,0,0,0,0.0,11.733,0,0,0.0,0,0.0,0,0.0,0,0.0,27.05976596,38.50784399
11118.87,0,53717876,1,11118.87,AYDINLATMA,35-09-M03052,CIGLI,35,0,0,ESENTEPE,0,0,0,0,0.0,1.8,0,0,0.0,0,0.0,0,0.0,0,0.0,27.05820804,38.51155948
9640.347,0,53717934,1,9640.347,AYDINLATMA,35-09-K03384,CIGLI,35,0,0,ESENTEPE,0,0,0,0,0.0,3.61,0,0,0.0,0,0.0,0,0.0,0,0.0,27.06110674,38.50995878
15330.94,0,53718028,1,15330.94,AYDINLATMA,35-09-M02091,CIGLI,35,0,0,BALATCIK,0,0,0,0,0.0,3.838,0,0,0.0,0,0.0,0,0.0,0,0.0,27.03951253,38.51302833
22433.08,0,53718086,1,22433.08,AYDINLATMA,35-09-M00396,CIGLI,35,0,0,BALATCIK,0,0,0,0,0.0,5.403,0,0,0.0,0,0.0,0,0.0,0,0.0,27.03794509,38.51017051
25637.63,0,53718095,1,25637.63,AYDINLATMA,35-09-K02867,CIGLI,35,0,0,ATASEHIR,0,0,0,0,0.0,4.784,0,0,0.0,0,0.0,0,0.0,0,0.0,27.05588217,38.48445232
19925.27,0,53718239,1,19925.27,AYDINLATMA,35-09-K03322,CIGLI,35,0,0,YENI MAHALLE,0,0,0,0,0.0,11.055,0,0,0.0,0,0.0,0,0.0,0,0.0,27.0512919,38.49701646
16671.81,0,53718241,1,16671.81,AYDINLATMA,35-09-K03312,CIGLI,35,0,0,YENI MAHALLE,0,0,0,0,0.0,4.372,0,0,0.0,0,0.0,0,0.0,0,0.0,27.051516,38.4961444
21700.06,0,53718242,1,21700.06,AYDINLATMA,35-09-K03313,CIGLI,35,0,0,YENI MAHALLE,0,0,0,0,0.0,5.51,0,0,0.0,0,0.0,0,0.0,0,0.0,27.05270725,38.49460693
30825.68,0,53718249,1,30825.68,AYDINLATMA,35-09-K03330,CIGLI,35,0,0,ATASEHIR,0,0,0,0,0.0,8.31,0,0,0.0,0,0.0,0,0.0,0,0.0,27.06827078,38.48384943
23934.73,0,53718250,1,23934.73,AYDINLATMA,35-09-K02778,CIGLI,35,0,0,ATASEHIR,0,0,0,0,0.0,9.193,0,0,0.0,0,0.0,0,0.0,0,0.0,27.07133179,38.48709773
15488.02,0,53718251,1,15488.02,AYDINLATMA,35-09-K04009,CIGLI,35,0,0,ATASEHIR,0,0,0,0,0.0,4.074,0,0,0.0,0,0.0,0,0.0,0,0.0,27.06902465,38.48860161
30871.58,0,53718252,1,30871.58,AYDINLATMA,35-09-K02899,CIGLI,35,0,0,ATASEHIR,0,0,0,0,0.0,8.534,0,0,0.0,0,0.0,0,0.0,0,0.0,27.0672544,38.4856031
2734.375,0,53718315,1,2734.375,AYDINLATMA,35-09-M01383,CIGLI,35,0,0,BALATCIK,0,0,0,0,0.0,1.136,0,0,0.0,0,0.0,0,0.0,0,0.0,27.03538302,38.51751245
29346.14,0,53718326,1,29346.14,AYDINLATMA,35-09-K04053,CIGLI,35,0,0,EGEKENT,0,0,0,0,0.0,8.037,0,0,0.0,0,0.0,0,0.0,0,0.0,27.06340461,38.50338097
26251.09,0,53719608,1,26251.09,AYDINLATMA,35-09-M01704,CIGLI,35,0,0,UGUR MUMCU,0,0,0,0,0.0,7.73,0,0,0.0,0,0.0,0,0.0,0,0.0,27.0493294,38.52182405
21687.32,0,53719609,1,21687.32,AYDINLATMA,35-09-M00216,CIGLI,35,0,0,INONU,0,0,0,0,0.0,5.944,0,0,0.0,0,0.0,0,0.0,0,0.0,27.04997728,38.52637971
3176022.0,0,53719613,0,0.0,BUYUK_SANAYI,35-04-K04801Ã–,KARSIYAKA,35,0,0,TERSANE,0,0,1,0,0.0,1600.0,0,1,3176022.0,0,0.0,0,0.0,0,0.0,27.130497,38.463165
39525.31,0,53719682,1,39525.31,AYDINLATMA,35-09-K01879,CIGLI,35,0,0,YENI MAHALLE,0,0,0,0,0.0,10.377,0,0,0.0,0,0.0,0,0.0,0,0.0,27.05483132,38.49518923
57821.130000000005,0,53719683,2,57821.130000000005,AYDINLATMA,35-09-K01864,CIGLI,35,0,0,YENI MAHALLE,0,0,0,0,0.0,11.3965,0,0,0.0,0,0.0,0,0.0,0,0.0,27.05923512,38.49632683
17765.44,0,53719684,1,17765.44,AYDINLATMA,35-09-K04501,CIGLI,35,0,0,KUCUK CIGLI,0,0,0,0,0.0,3.922,0,0,0.0,0,0.0,0,0.0,0,0.0,27.05303813,38.5006091
6860.279,0,53719685,1,6860.279,AYDINLATMA,35-09-M01444,CIGLI,35,0,0,CUMHURIYET,0,0,0,0,0.0,1.83,0,0,0.0,0,0.0,0,0.0,0,0.0,27.05445462,38.53735548
7089.5,0,53719687,1,7089.5,AYDINLATMA,35-09-M00202,CIGLI,35,0,0,CUMHURIYET,0,0,0,0,0.0,2.26,0,0,0.0,0,0.0,0,0.0,0,0.0,27.05556949,38.53731846
15683.22,0,53719688,1,15683.22,AYDINLATMA,35-09-M00203,CIGLI,35,0,0,CUMHURIYET,0,0,0,0,0.0,3.845,0,0,0.0,0,0.0,0,0.0,0,0.0,27.05590494,38.53999506
12012.17,0,53719689,1,12012.17,AYDINLATMA,35-09-M00204,CIGLI,35,0,0,CUMHURIYET,0,0,0,0,0.0,2.895,0,0,0.0,0,0.0,0,0.0,0,0.0,27.0574967,38.54090912
68813.76000000001,0,53719696,2,68813.76000000001,AYDINLATMA,35-04-K03082,KARSIYAKA,35,0,0,LATIFE HANIM,0,0,0,0,0.0,12.93,0,0,0.0,0,0.0,0,0.0,0,0.0,27.11540448,38.49079773
1408452.0,0,53719759,0,0.0,BUYUK_TICARETHANE,35-09-M00250Ã–,CIGLI,35,0,0,ATATURK OSB,0,0,1,0,0.0,1630.0,0,0,0.0,0,0.0,1,1408452.0,0,0.0,27.0423257,38.494636
3475.738,0,53719764,1,3475.738,AYDINLATMA,35-09-M00540,CIGLI,35,0,0,SASALLI MERKEZ,0,0,0,0,0.0,2.674,0,0,0.0,0,0.0,0,0.0,0,0.0,26.94459644,38.49628579
11205.94,0,53719765,1,11205.94,AYDINLATMA,35-09-K04314,CIGLI,35,0,0,YENI MAHALLE,0,0,0,0,0.0,3.234,0,0,0.0,0,0.0,0,0.0,0,0.0,27.05407179,38.49831233
741729.3,0,53719769,0,0.0,BUYUK_TICARETHANE,35-09-K02987Ã–,CIGLI,35,0,0,EGEKENT,0,0,1,0,0.0,486.75,0,0,0.0,0,0.0,1,741729.3,0,0.0,27.0605509,38.508567
383943.6,0,53719775,0,0.0,BUYUK_TICARETHANE,35-09-M1946 Ã–,CIGLI,35,0,0,ATASEHIR,0,0,1,0,0.0,630.0,0,0,0.0,0,0.0,1,383943.6,0,0.0,27.0702019,38.4856652
16892.48,0,53719781,1,16892.48,AYDINLATMA,35-09-K03705,CIGLI,35,0,0,MALTEPE,0,0,0,0,0.0,4.746,0,0,0.0,0,0.0,0,0.0,0,0.0,27.07566085,38.49053876
59610.58,0,53719782,2,59610.58,AYDINLATMA,35-09-K03320,CIGLI,35,0,0,AYDINLIKEVLER,0,0,0,0,0.0,11.2925,0,0,0.0,0,0.0,0,0.0,0,0.0,27.07930472,38.49079715
9266.67,0,53719783,1,9266.67,AYDINLATMA,35-09-M01346,CIGLI,35,0,0,SASALLI MERKEZ,0,0,0,0,0.0,2.379,0,0,0.0,0,0.0,0,0.0,0,0.0,26.95779445,38.50144809
17555.64,0,53719813,1,17555.64,AYDINLATMA,35-04-M01676,KARSIYAKA,35,0,0,SEMIKLER,0,0,0,0,0.0,5.0,0,0,0.0,0,0.0,0,0.0,0,0.0,27.08877096,38.4798459
1123979.0,0,53719834,0,0.0,BUYUK_TICARETHANE,35-04-K04407Ã–,KARSIYAKA,35,0,0,TERSANE,0,0,1,0,0.0,6250.0,0,0,0.0,0,0.0,1,1123979.0,0,0.0,27.1273795,38.4640903
295130.8,0,53719844,0,0.0,BUYUK_TICARETHANE,35-04-K01220Ã–,KARSIYAKA,35,0,0,BOSTANLI,0,0,1,0,0.0,800.0,0,0,0.0,0,0.0,1,295130.8,0,0.0,27.0953308,38.4615149
54784.21,0,53719915,1,54784.21,AYDINLATMA,35-09-K02764,CIGLI,35,0,0,EVKA-5,0,0,0,0,0.0,24.416,0,0,0.0,0,0.0,0,0.0,0,0.0,27.05520396,38.51796464
976851.2,0,53720000,0,0.0,BUYUK_TICARETHANE,35-04-K01652Ã–,KARSIYAKA,35,0,0,LATIFE HANIM,0,0,1,0,0.0,1250.0,0,0,0.0,0,0.0,1,976851.2,0,0.0,27.120459,38.497452
45781.89,0,53720016,1,45781.89,AYDINLATMA,35-09-M01401,CIGLI,35,0,0,SASALLI MERKEZ,0,0,0,0,0.0,12.87,0,0,0.0,0,0.0,0,0.0,0,0.0,26.95555406,38.50628191
30071.4,0,53720052,0,0.0,ORTA_TICARETHANE,35-04-K04886Ã–,KARSIYAKA,35,0,0,MAVISEHIR,0,0,1,0,0.0,400.0,0,0,0.0,0,0.0,1,30071.4,0,0.0,27.08399016,38.46940013
3037.459,0,53720068,1,3037.459,AYDINLATMA,35-09-K04221,CIGLI,35,0,0,ATASEHIR,0,0,0,0,0.0,0.862,0,0,0.0,0,0.0,0,0.0,0,0.0,27.06474537,38.49154601
35300000.0,0,53720155,0,0.0,BUYUK_SANAYI,35-09-M02534Ã–,CIGLI,35,0,0,KAKLIC,0,0,1,0,0.0,18980.0,0,1,35300000.0,0,0.0,0,0.0,0,0.0,27.036885,38.507988
3448061.0,0,53720211,0,0.0,BUYUK_TICARETHANE,35-09-M02183Ã–,CIGLI,35,0,0,ATASEHIR,0,0,1,0,0.0,23630.0,0,0,0.0,0,0.0,1,3448061.0,0,0.0,27.0723376,38.4819253
9862196.0,0,53720214,0,0.0,BUYUK_TICARETHANE,35-09-K03448Ã–,CIGLI,35,0,0,ATASEHIR,0,0,1,0,0.0,4800.0,0,0,0.0,0,0.0,1,9862196.0,0,0.0,27.0512839,38.4881379
10443.26,0,53720308,1,10443.26,AYDINLATMA,35-09-M02164,CIGLI,35,0,0,HARMANDALI GAZI MUSTAFA KEMAL ATATURK,0,0,0,0,0.0,3.467,0,0,0.0,0,0.0,0,0.0,0,0.0,27.04850211,38.53587369
19712.37,0,53720366,1,19712.37,AYDINLATMA,35-09-M02165,CIGLI,35,0,0,BALATCIK,0,0,0,0,0.0,5.945,0,0,0.0,0,0.0,0,0.0,0,0.0,27.04565322,38.51682686
6392.515,0,53720401,1,6392.515,AYDINLATMA,35-09-K03363,CIGLI,35,0,0,YAKAKENT,0,0,0,0,0.0,6.405,0,0,0.0,0,0.0,0,0.0,0,0.0,27.07272187,38.51239866
24095.85,0,53720522,1,24095.85,AYDINLATMA,35-09-M01387,CIGLI,35,0,0,SASALLI MERKEZ,0,0,0,0,0.0,7.811,0,0,0.0,0,0.0,0,0.0,0,0.0,26.96228784,38.50467005
25546.48,0,53720554,1,25546.48,AYDINLATMA,35-09-K04597,CIGLI,35,0,0,KUCUK CIGLI,0,0,0,0,0.0,6.77,0,0,0.0,0,0.0,0,0.0,0,0.0,27.05037715,38.50278243
11920.65,0,53720555,1,11920.65,AYDINLATMA,35-09-K02341,CIGLI,35,0,0,ATASEHIR,0,0,0,0,0.0,3.17,0,0,0.0,0,0.0,0,0.0,0,0.0,27.05291203,38.49041336
201359.0,0,53720574,0,0.0,BUYUK_TICARETHANE,35-04-K04850,KARSIYAKA,35,0,0,DONANMACI,0,0,1,0,0.0,400.0,0,0,0.0,0,0.0,1,201359.0,0,0.0,27.1159133,38.45631083
30277.22,0,53720613,1,30277.22,AYDINLATMA,35-09-M01950,CIGLI,35,0,0,MALTEPE,0,0,0,0,0.0,7.723,0,0,0.0,0,0.0,0,0.0,0,0.0,27.07358548,38.48915397
73810.25,0,53720632,0,0.0,ORTA_TICARETHANE,35-04-K02996Ã–,KARSIYAKA,35,0,0,DONANMACI,0,0,1,0,0.0,250.0,0,0,0.0,0,0.0,1,73810.25,0,0.0,27.11900651,38.45587348
3655.034,0,53720651,1,3655.034,AYDINLATMA,35-09-M01880,CIGLI,35,0,0,BALATCIK,0,0,0,0,0.0,1.979,0,0,0.0,0,0.0,0,0.0,0,0.0,27.04154141,38.51486958
7433.163,0,53720762,1,7433.163,AYDINLATMA,35-09-M01392,CIGLI,35,0,0,INONU,0,0,0,0,0.0,2.782,0,0,0.0,0,0.0,0,0.0,0,0.0,27.04369467,38.52781237
14316.67,0,53720763,1,14316.67,AYDINLATMA,35-09-M01460,CIGLI,35,0,0,HARMANDALI GAZI MUSTAFA KEMAL ATATURK,0,0,0,0,0.0,3.713,0,0,0.0,0,0.0,0,0.0,0,0.0,27.04337576,38.53224188
26375.13,0,53720764,1,26375.13,AYDINLATMA,35-09-M00212,CIGLI,35,0,0,INONU,0,0,0,0,0.0,7.768,0,0,0.0,0,0.0,0,0.0,0,0.0,27.04818471,38.52928835
10998.38,0,53720799,1,10998.38,AYDINLATMA,35-09-M01899,CIGLI,35,0,0,ATASEHIR,0,0,0,0,0.0,2.693,0,0,0.0,0,0.0,0,0.0,0,0.0,27.0593247,38.48915664
9009.979,0,53720800,1,9009.979,AYDINLATMA,35-09-M01504,CIGLI,35,0,0,ATASEHIR,0,0,0,0,0.0,2.153,0,0,0.0,0,0.0,0,0.0,0,0.0,27.06088125,38.48784214
10729.43,0,53720801,1,10729.43,AYDINLATMA,35-09-K02669,CIGLI,35,0,0,ATASEHIR,0,0,0,0,0.0,3.04,0,0,0.0,0,0.0,0,0.0,0,0.0,27.06059599,38.48881245
16339.37,0,53720802,1,16339.37,AYDINLATMA,35-09-M01898,CIGLI,35,0,0,ATASEHIR,0,0,0,0,0.0,3.908,0,0,0.0,0,0.0,0,0.0,0,0.0,27.06196846,38.48991524
15938.93,0,53720817,1,15938.93,AYDINLATMA,35-09-K01858,CIGLI,35,0,0,KUCUK CIGLI,0,0,0,0,0.0,11.917,0,0,0.0,0,0.0,0,0.0,0,0.0,27.04769743,38.50211421
6439.767,0,53720819,2,6439.767,AYDINLATMA,35-09-M01988,CIGLI,35,0,0,EVKA - 2,0,0,0,0,0.0,5.123,0,0,0.0,0,0.0,0,0.0,0,0.0,27.08802334,38.49890255
33897.26,0,53720820,1,33897.26,AYDINLATMA,35-09-M00233,CIGLI,35,0,0,AHMET TANER KISLALI,0,0,0,0,0.0,11.127,0,0,0.0,0,0.0,0,0.0,0,0.0,27.09007198,38.49818892
28616.95,0,53720822,1,28616.95,AYDINLATMA,35-09-M00213,CIGLI,35,0,0,INONU,0,0,0,0,0.0,7.61,0,0,0.0,0,0.0,0,0.0,0,0.0,27.05074447,38.52843601
11809.82,0,53720823,1,11809.82,AYDINLATMA,35-09-M00215,CIGLI,35,0,0,HARMANDALI GAZI MUSTAFA KEMAL ATATURK,0,0,0,0,0.0,3.313,0,0,0.0,0,0.0,0,0.0,0,0.0,27.05103808,38.53293435
19171.97,0,53720824,1,19171.97,AYDINLATMA,35-09-M00214,CIGLI,35,0,0,HARMANDALI GAZI MUSTAFA KEMAL ATATURK,0,0,0,0,0.0,5.13,0,0,0.0,0,0.0,0,0.0,0,0.0,27.05189502,38.53087644
19620.69,0,53720825,1,19620.69,AYDINLATMA,35-09-M00210,CIGLI,35,0,0,HARMANDALI GAZI MUSTAFA KEMAL ATATURK,0,0,0,0,0.0,6.287,0,0,0.0,0,0.0,0,0.0,0,0.0,27.05225905,38.53261266
10617.1,0,53720843,1,10617.1,AYDINLATMA,35-09-K03904,CIGLI,35,0,0,ATASEHIR,0,0,0,0,0.0,2.833,0,0,0.0,0,0.0,0,0.0,0,0.0,27.05863543,38.48453648
52951.82,0,53720844,1,52951.82,AYDINLATMA,35-09-K01869,CIGLI,35,0,0,BALATCIK,0,0,0,0,0.0,15.772,0,0,0.0,0,0.0,0,0.0,0,0.0,27.04538428,38.5052522
7009.686,0,53720845,1,7009.686,AYDINLATMA,35-09-M01710,CIGLI,35,0,0,CUMHURIYET,0,0,0,0,0.0,1.809,0,0,0.0,0,0.0,0,0.0,0,0.0,27.051168,38.54115333
19547.392,0,53720866,2,19547.392,AYDINLATMA,35-09-K01876,CIGLI,35,0,0,KOYICI,0,0,0,0,0.0,3.4975,0,0,0.0,0,0.0,0,0.0,0,0.0,27.06139548,38.49493566
30587.14,0,53720879,1,30587.14,AYDINLATMA,35-09-K03319,CIGLI,35,0,0,GUZELTEPE,0,0,0,0,0.0,8.018,0,0,0.0,0,0.0,0,0.0,0,0.0,27.07501108,38.49778572
23911.76,0,53720881,1,23911.76,AYDINLATMA,35-09-K01464,CIGLI,35,0,0,KUCUK CIGLI,0,0,0,0,0.0,8.453,0,0,0.0,0,0.0,0,0.0,0,0.0,27.05791299,38.50003372
23884.68,0,53720933,1,23884.68,AYDINLATMA,35-09-K01860,CIGLI,35,0,0,KUCUK CIGLI,0,0,0,0,0.0,15.23,0,0,0.0,0,0.0,0,0.0,0,0.0,27.04723992,38.49924744
13894.12,0,53720992,1,13894.12,AYDINLATMA,35-09-M00205,CIGLI,35,0,0,CUMHURIYET,0,0,0,0,0.0,4.83,0,0,0.0,0,0.0,0,0.0,0,0.0,27.05551612,38.53457082
3146.922,0,53721021,1,3146.922,AYDINLATMA,35-09-K04170,CIGLI,35,0,0,ATASEHIR,0,0,0,0,0.0,0.794,0,0,0.0,0,0.0,0,0.0,0,0.0,27.05561655,38.49195263
38467.56,0,53721039,1,38467.56,AYDINLATMA,35-09-K03481,CIGLI,35,0,0,ATASEHIR,0,0,0,0,0.0,7.739,0,0,0.0,0,0.0,0,0.0,0,0.0,27.05636789,38.48690673
49264.0,0,53721040,1,49264.0,AYDINLATMA,35-09-K03314,CIGLI,35,0,0,ATASEHIR,0,0,0,0,0.0,10.783,0,0,0.0,0,0.0,0,0.0,0,0.0,27.05251811,38.49284593
916197.3,0,53721043,0,0.0,BUYUK_TICARETHANE,35-04-K03661Ã–,KARSIYAKA,35,0,0,MAVISEHIR,0,0,1,0,0.0,1858.0,0,0,0.0,0,0.0,1,916197.3,0,0.0,27.076563,38.474448
19646.77,0,53721050,1,19646.77,AYDINLATMA,35-09-M00208,CIGLI,35,0,0,HARMANDALI GAZI MUSTAFA KEMAL ATATURK,0,0,0,0,0.0,4.877,0,0,0.0,0,0.0,0,0.0,0,0.0,27.0504004,38.53468361
13316.26,0,53721051,1,13316.26,AYDINLATMA,35-09-M00209,CIGLI,35,0,0,HARMANDALI GAZI MUSTAFA KEMAL ATATURK,0,0,0,0,0.0,4.463,0,0,0.0,0,0.0,0,0.0,0,0.0,27.05142543,38.53415719
12258.05,0,53721052,1,12258.05,AYDINLATMA,35-09-M00207,CIGLI,35,0,0,CUMHURIYET,0,0,0,0,0.0,3.03,0,0,0.0,0,0.0,0,0.0,0,0.0,27.05200638,38.53629975
9639.135,0,53721053,1,9639.135,AYDINLATMA,35-09-M01452,CIGLI,35,0,0,HARMANDALI GAZI MUSTAFA KEMAL ATATURK,0,0,0,0,0.0,3.081,0,0,0.0,0,0.0,0,0.0,0,0.0,27.0485628,38.5385024
27558.21,0,53721054,1,27558.21,AYDINLATMA,35-09-M00217,CIGLI,35,0,0,CUMHURIYET,0,0,0,0,0.0,6.899,0,0,0.0,0,0.0,0,0.0,0,0.0,27.05635777,38.54494717
34336.81,0,53721125,1,34336.81,AYDINLATMA,35-04-K04454,KARSIYAKA,35,0,0,TUNA,0,0,0,0,0.0,8.957,0,0,0.0,0,0.0,0,0.0,0,0.0,27.12025333,38.456166
17005.38,0,53721183,1,17005.38,AYDINLATMA,35-04-K04708,KARSIYAKA,35,0,0,SEMIKLER,0,0,0,0,0.0,5.631,0,0,0.0,0,0.0,0,0.0,0,0.0,27.09503819,38.47502803
5241.04,0,53721184,1,5241.04,AYDINLATMA,35-04-K04521,KARSIYAKA,35,0,0,YALI,0,0,0,0,0.0,1.678,0,0,0.0,0,0.0,0,0.0,0,0.0,27.09323839,38.47043141
26585.7,0,53721200,1,26585.7,AYDINLATMA,35-09-M01983,CIGLI,35,0,0,AHMET TANER KISLALI,0,0,0,0,0.0,6.685,0,0,0.0,0,0.0,0,0.0,0,0.0,27.08087408,38.49463817
60186.96,0,53721215,1,60186.96,AYDINLATMA,35-09-M01089,CIGLI,35,0,0,ATASEHIR,0,0,0,0,0.0,19.863,0,0,0.0,0,0.0,0,0.0,0,0.0,27.06543966,38.47873212
14782.31,0,53721216,1,14782.31,AYDINLATMA,35-09-M01458,CIGLI,35,0,0,ATASEHIR,0,0,0,0,0.0,4.621,0,0,0.0,0,0.0,0,0.0,0,0.0,27.06872453,38.47959231
13528.16,0,53721217,1,13528.16,AYDINLATMA,35-09-M01447,CIGLI,35,0,0,ATASEHIR,0,0,0,0,0.0,13.761,0,0,0.0,0,0.0,0,0.0,0,0.0,27.06974392,38.48026252
13425.94,0,53721218,1,13425.94,AYDINLATMA,35-09-M01608,CIGLI,35,0,0,AYDINLIKEVLER,0,0,0,0,0.0,3.573,0,0,0.0,0,0.0,0,0.0,0,0.0,27.07627975,38.4879451
52446.47,0,53721238,2,52446.47,AYDINLATMA,35-09-K01958,CIGLI,35,0,0,AYDINLIKEVLER,0,0,0,0,0.0,7.583500000000001,0,0,0.0,0,0.0,0,0.0,0,0.0,27.08246482,38.49362383
29640.65,0,53721239,1,29640.65,AYDINLATMA,35-09-M01984,CIGLI,35,0,0,AHMET TANER KISLALI,0,0,0,0,0.0,7.492,0,0,0.0,0,0.0,0,0.0,0,0.0,27.08314752,38.49545891
35899.637,0,53721272,2,35899.637,AYDINLATMA,35-09-K03323,CIGLI,35,0,0,GUZELTEPE,0,0,0,0,0.0,4.6605,0,0,0.0,0,0.0,0,0.0,0,0.0,27.07520507,38.49949146
71758.96,0,53721273,1,71758.96,AYDINLATMA,35-09-K01874,CIGLI,35,0,0,GUZELTEPE,0,0,0,0,0.0,19.61,0,0,0.0,0,0.0,0,0.0,0,0.0,27.07637586,38.50110236
43199.0,0,53721309,2,43199.0,AYDINLATMA,35-09-K01954,CIGLI,35,0,0,AHMET TANER KISLALI,0,0,0,0,0.0,10.484,0,0,0.0,0,0.0,0,0.0,0,0.0,27.08541094,38.49489496
35911.95,0,53721310,1,35911.95,AYDINLATMA,35-09-M01981,CIGLI,35,0,0,MALTEPE,0,0,0,0,0.0,17.923,0,0,0.0,0,0.0,0,0.0,0,0.0,27.07511363,38.4944698
51181.48,0,53721311,1,51181.48,AYDINLATMA,35-09-K01953,CIGLI,35,0,0,EVKA - 2,0,0,0,0,0.0,18.667,0,0,0.0,0,0.0,0,0.0,0,0.0,27.08660798,38.50010511
30730.83,0,53721361,1,30730.83,AYDINLATMA,35-09-K03327,CIGLI,35,0,0,ATASEHIR,0,0,0,0,0.0,23.363,0,0,0.0,0,0.0,0,0.0,0,0.0,27.05406006,38.48667883
6970.949,0,53721362,1,6970.949,AYDINLATMA,35-09-K03983,CIGLI,35,0,0,ATASEHIR,0,0,0,0,0.0,1.88,0,0,0.0,0,0.0,0,0.0,0,0.0,27.05461002,38.48809743
6258.812,0,53721417,1,6258.812,AYDINLATMA,35-09-M00201,CIGLI,35,0,0,CUMHURIYET,0,0,0,0,0.0,2.129,0,0,0.0,0,0.0,0,0.0,0,0.0,27.05426928,38.53888869
41856.89,0,53721420,1,41856.89,AYDINLATMA,35-09-K02762,CIGLI,35,0,0,EVKA-5,0,0,0,0,0.0,15.498,0,0,0.0,0,0.0,0,0.0,0,0.0,27.0505873,38.51429463
10930.63,0,53721421,1,10930.63,AYDINLATMA,35-09-K03331,CIGLI,35,0,0,EVKA-5,0,0,0,0,0.0,3.31,0,0,0.0,0,0.0,0,0.0,0,0.0,27.05109732,38.51743278
32570.86,0,53721422,1,32570.86,AYDINLATMA,35-09-K04165,CIGLI,35,0,0,BALATCIK,0,0,0,0,0.0,8.825,0,0,0.0,0,0.0,0,0.0,0,0.0,27.04799236,38.5124177
13657.81,0,53721423,1,13657.81,AYDINLATMA,35-09-M00888,CIGLI,35,0,0,BALATCIK,0,0,0,0,0.0,9.053,0,0,0.0,0,0.0,0,0.0,0,0.0,27.04447173,38.51445197
27216.32,0,53721424,1,27216.32,AYDINLATMA,35-09-M00625,CIGLI,35,0,0,BALATCIK,0,0,0,0,0.0,11.342,0,0,0.0,0,0.0,0,0.0,0,0.0,27.04248147,38.52006147
10286.59,0,53721425,1,10286.59,AYDINLATMA,35-09-M01304,CIGLI,35,0,0,BALATCIK,0,0,0,0,0.0,2.825,0,0,0.0,0,0.0,0,0.0,0,0.0,27.04175263,38.51842679
11758.75,0,53721426,1,11758.75,AYDINLATMA,35-09-M01685,CIGLI,35,0,0,BALATCIK,0,0,0,0,0.0,3.421,0,0,0.0,0,0.0,0,0.0,0,0.0,27.04333945,38.5183521
6371.922,0,53721429,1,6371.922,AYDINLATMA,35-09-M00200,CIGLI,35,0,0,CUMHURIYET,0,0,0,0,0.0,2.373,0,0,0.0,0,0.0,0,0.0,0,0.0,27.05322771,38.53781426
16643.97,0,53721433,1,16643.97,AYDINLATMA,35-09-K03321,CIGLI,35,0,0,KUCUK CIGLI,0,0,0,0,0.0,4.18,0,0,0.0,0,0.0,0,0.0,0,0.0,27.05542825,38.50258054
15752.47,0,53721434,1,15752.47,AYDINLATMA,35-09-K04306,CIGLI,35,0,0,CAGDAS,0,0,0,0,0.0,4.611,0,0,0.0,0,0.0,0,0.0,0,0.0,27.0603377,38.49988006
35293.64,0,53721435,1,35293.64,AYDINLATMA,35-09-K02769,CIGLI,35,0,0,ATATURK,0,0,0,0,0.0,13.225,0,0,0.0,0,0.0,0,0.0,0,0.0,27.05847747,38.5185107
18767.73,0,53721436,1,18767.73,AYDINLATMA,35-09-K01859,CIGLI,35,0,0,KUCUK CIGLI,0,0,0,0,0.0,7.708,0,0,0.0,0,0.0,0,0.0,0,0.0,27.04853806,38.50093543
4460.106,0,53721449,1,4460.106,AYDINLATMA,35-09-M01982,CIGLI,35,0,0,SIRINTEPE,0,0,0,0,0.0,1.527,0,0,0.0,0,0.0,0,0.0,0,0.0,27.07797335,38.49545
22734.14,0,53721450,1,22734.14,AYDINLATMA,35-09-K03317,CIGLI,35,0,0,MALTEPE,0,0,0,0,0.0,9.427,0,0,0.0,0,0.0,0,0.0,0,0.0,27.07504798,38.49217243
35477.76,0,53721451,1,35477.76,AYDINLATMA,35-09-K02791,CIGLI,35,0,0,EVKA - 6,0,0,0,0,0.0,8.511,0,0,0.0,0,0.0,0,0.0,0,0.0,27.08793568,38.50399416
20724.79,0,53721452,1,20724.79,AYDINLATMA,35-09-K02792,CIGLI,35,0,0,EVKA - 6,0,0,0,0,0.0,7.587,0,0,0.0,0,0.0,0,0.0,0,0.0,27.08999654,38.50387014
22140.3,0,53721453,1,22140.3,AYDINLATMA,35-09-K02793,CIGLI,35,0,0,EVKA - 6,0,0,0,0,0.0,5.258,0,0,0.0,0,0.0,0,0.0,0,0.0,27.09090655,38.50186209
4979.195,0,53721455,2,4979.195,AYDINLATMA,35-09-K04336,CIGLI,35,0,0,ATATURK,0,0,0,0,0.0,1.635,0,0,0.0,0,0.0,0,0.0,0,0.0,27.05926028,38.52159368
1915.494,0,53721456,1,1915.494,AYDINLATMA,35-09-K04633,CIGLI,35,0,0,ATATURK,0,0,0,0,0.0,0.566,0,0,0.0,0,0.0,0,0.0,0,0.0,27.05691063,38.52213215
37900.77,0,53721499,1,37900.77,AYDINLATMA,35-09-K02768,CIGLI,35,0,0,ATATURK,0,0,0,0,0.0,12.883,0,0,0.0,0,0.0,0,0.0,0,0.0,27.0643558,38.52006012
40011.79,0,53721521,1,40011.79,AYDINLATMA,35-09-M00999,CIGLI,35,0,0,BALATCIK,0,0,0,0,0.0,10.958,0,0,0.0,0,0.0,0,0.0,0,0.0,27.03892001,38.51184177
28668.51,0,53721522,1,28668.51,AYDINLATMA,35-09-M01932,CIGLI,35,0,0,BALATCIK,0,0,0,0,0.0,7.282,0,0,0.0,0,0.0,0,0.0,0,0.0,27.04171333,38.51133836
7926.627,0,53721541,1,7926.627,AYDINLATMA,35-09-K04389,CIGLI,35,0,0,ATASEHIR,0,0,0,0,0.0,2.805,0,0,0.0,0,0.0,0,0.0,0,0.0,27.06288854,38.48756949
112813.34,0,53721555,2,112813.34,AYDINLATMA,35-09-K02771,CIGLI,35,0,0,ESENTEPE,0,0,0,0,0.0,19.7425,0,0,0.0,0,0.0,0,0.0,0,0.0,27.04895006,38.51134532
7056258.0,0,53721603,0,0.0,BUYUK_TICARETHANE,35-09-M01872Ã–,CIGLI,35,0,0,BALATCIK,0,0,1,0,0.0,11200.0,0,0,0.0,0,0.0,1,7056258.0,0,0.0,27.034724,38.508691
38817.273,0,53721619,3,38817.273,AYDINLATMA,35-09-K03315,CIGLI,35,0,0,BALATCIK,0,0,0,0,0.0,5.887999999999999,0,0,0.0,0,0.0,0,0.0,0,0.0,27.04785382,38.50731777
13925.11,0,53721667,1,13925.11,AYDINLATMA,35-09-M01302,CIGLI,35,0,0,SASALLI MERKEZ,0,0,0,0,0.0,3.594,0,0,0.0,0,0.0,0,0.0,0,0.0,26.96023149,38.50255794
11659.75,0,53721668,1,11659.75,AYDINLATMA,35-09-M00911,CIGLI,35,0,0,SASALLI MERKEZ,0,0,0,0,0.0,2.891,0,0,0.0,0,0.0,0,0.0,0,0.0,26.9539098,38.49343005
75620.7,0,53721669,1,75620.7,AYDINLATMA,35-09-M00347,CIGLI,35,0,0,SASALLI MERKEZ,0,0,0,0,0.0,19.285,0,0,0.0,0,0.0,0,0.0,0,0.0,26.94724792,38.49199728
55409.04,0,53721688,2,55409.04,AYDINLATMA,35-09-K01862,CIGLI,35,0,0,ATASEHIR,0,0,0,0,0.0,8.866,0,0,0.0,0,0.0,0,0.0,0,0.0,27.04959923,38.49338032
17099.9,0,53721705,1,17099.9,AYDINLATMA,35-09-K03492,CIGLI,35,0,0,ATASEHIR,0,0,0,0,0.0,5.294,0,0,0.0,0,0.0,0,0.0,0,0.0,27.06395963,38.48449062
11086.33,0,53721771,1,11086.33,AYDINLATMA,35-09-K01006,CIGLI,35,0,0,AYDINLIKEVLER,0,0,0,0,0.0,2.896,0,0,0.0,0,0.0,0,0.0,0,0.0,27.08173552,38.48688843
25232.5,0,53721789,1,25232.5,AYDINLATMA,35-09-K01880,CIGLI,35,0,0,ATASEHIR,0,0,0,0,0.0,6.447,0,0,0.0,0,0.0,0,0.0,0,0.0,27.05779955,38.49127454
27299.87,0,53721790,1,27299.87,AYDINLATMA,35-09-K02730,CIGLI,35,0,0,ATASEHIR,0,0,0,0,0.0,6.212,0,0,0.0,0,0.0,0,0.0,0,0.0,27.06092731,38.491648
15024.41,0,53721822,1,15024.41,AYDINLATMA,35-09-K02767,CIGLI,35,0,0,ATATURK,0,0,0,0,0.0,3.702,0,0,0.0,0,0.0,0,0.0,0,0.0,27.06169778,38.52004837
11144.22,0,53721823,1,11144.22,AYDINLATMA,35-09-K03988,CIGLI,35,0,0,ATATURK,0,0,0,0,0.0,2.642,0,0,0.0,0,0.0,0,0.0,0,0.0,27.0634518,38.5150093
8933.288,0,53721824,1,8933.288,AYDINLATMA,35-09-K04579,CIGLI,35,0,0,ATATURK,0,0,0,0,0.0,2.229,0,0,0.0,0,0.0,0,0.0,0,0.0,27.06454224,38.51749847
7215.303,0,53721825,1,7215.303,AYDINLATMA,35-09-K04390,CIGLI,35,0,0,ATATURK,0,0,0,0,0.0,1.772,0,0,0.0,0,0.0,0,0.0,0,0.0,27.06138485,38.51653864
7803.32,0,53721826,1,7803.32,AYDINLATMA,35-09-K04337,CIGLI,35,0,0,ATATURK,0,0,0,0,0.0,3.479,0,0,0.0,0,0.0,0,0.0,0,0.0,27.06268165,38.52245961
4780.777,0,53721827,1,4780.777,AYDINLATMA,35-09-K04596,CIGLI,35,0,0,ATATURK,0,0,0,0,0.0,1.499,0,0,0.0,0,0.0,0,0.0,0,0.0,27.0618113,38.52349264
28737.32,0,53721829,1,28737.32,AYDINLATMA,35-09-K01320,CIGLI,35,0,0,AYDINLIKEVLER,0,0,0,0,0.0,7.055,0,0,0.0,0,0.0,0,0.0,0,0.0,27.0834572,38.48982139
17352.85,0,53721830,1,17352.85,AYDINLATMA,35-09-K04124,CIGLI,35,0,0,AYDINLIKEVLER,0,0,0,0,0.0,5.252,0,0,0.0,0,0.0,0,0.0,0,0.0,27.0820131,38.49049388
60650.79,0,53721831,1,60650.79,AYDINLATMA,35-09-K01871,CIGLI,35,0,0,GUZELTEPE,0,0,0,0,0.0,16.79,0,0,0.0,0,0.0,0,0.0,0,0.0,27.06913051,38.49796743
43957.76,0,53721832,1,43957.76,AYDINLATMA,35-09-K01870,CIGLI,35,0,0,KOYICI,0,0,0,0,0.0,13.635,0,0,0.0,0,0.0,0,0.0,0,0.0,27.06385049,38.49589656
5336.97,0,53721848,1,5336.97,AYDINLATMA,35-09-K04169,CIGLI,35,0,0,ATASEHIR,0,0,0,0,0.0,2.649,0,0,0.0,0,0.0,0,0.0,0,0.0,27.05891325,38.4873254
27196.87,0,53721849,1,27196.87,AYDINLATMA,35-09-K02537,CIGLI,35,0,0,ATASEHIR,0,0,0,0,0.0,15.511,0,0,0.0,0,0.0,0,0.0,0,0.0,27.05336208,38.48183565
1348702.0,0,53721861,0,0.0,BUYUK_TICARETHANE,35-04-K02853Ã–,KARSIYAKA,35,0,0,INONU,0,0,1,0,0.0,1000.0,0,0,0.0,0,0.0,1,1348702.0,0,0.0,27.094441,38.487522
924121.5,0,53721864,0,0.0,BUYUK_TICARETHANE,35-09-M00389Ã–,CIGLI,35,0,0,SASALLI MERKEZ,0,0,1,0,0.0,630.0,0,0,0.0,0,0.0,1,924121.5,0,0.0,26.946149,38.503152
46657.66,0,53721868,1,46657.66,AYDINLATMA,35-09-K03216,CIGLI,35,0,0,GUZELTEPE,0,0,0,0,0.0,12.05,0,0,0.0,0,0.0,0,0.0,0,0.0,27.07704229,38.49849783
42288.41,0,53721870,1,42288.41,AYDINLATMA,35-09-M03053,CIGLI,35,0,0,EGEKENT,0,0,0,0,0.0,12.5,0,0,0.0,0,0.0,0,0.0,0,0.0,27.06217812,38.50674855
229669.6,0,53722151,0,0.0,BUYUK_TICARETHANE,35-04-M02592Ã–,KARSIYAKA,35,0,0,SEMIKLER,0,0,1,0,0.0,630.0,0,0,0.0,0,0.0,1,229669.6,0,0.0,27.08919584,38.48090795
7705.299,0,53729126,0,0.0,KUCUK_TICARETHANE,35-04-K02729,KARSIYAKA,35,0,0,ORNEKKOY,0,0,1,0,0.0,5.0,0,0,0.0,0,0.0,1,7705.299,0,0.0,27.11658357,38.47400339
24353.23,0,54669127,0,0.0,ORTA_TICARETHANE,35-09-M02348,CIGLI,35,0,0,KAKLIC,0,0,1,0,0.0,5.0,0,0,0.0,0,0.0,1,24353.23,0,0.0,26.9902542,38.49544022
2711.831,0,54684627,0,0.0,KUCUK_TICARETHANE,35-09-K01887,CIGLI,35,0,0,ATASEHIR,0,0,1,0,0.0,8.2,0,0,0.0,0,0.0,1,2711.831,0,0.0,27.07146542,38.48828819
2279.698,0,54696662,0,0.0,KUCUK_TICARETHANE,35-04-M01676,KARSIYAKA,35,0,0,SEMIKLER,0,0,1,0,0.0,8.35,0,0,0.0,0,0.0,1,2279.698,0,0.0,27.08814318,38.48018084
2403.15,0,54696709,0,0.0,KUCUK_TICARETHANE,35-04-K00215,KARSIYAKA,35,0,0,SEMIKLER,0,0,1,0,0.0,8.35,0,0,0.0,0,0.0,1,2403.15,0,0.0,27.08732621,38.47892309
2037.81,0,54696847,0,0.0,KUCUK_TICARETHANE,35-04-M02441,KARSIYAKA,35,0,0,SEMIKLER,0,0,1,0,0.0,8.35,0,0,0.0,0,0.0,1,2037.81,0,0.0,27.09455076,38.47701897
1323.629,0,54697372,0,0.0,KUCUK_TICARETHANE,35-04-K00215,KARSIYAKA,35,0,0,SEMIKLER,0,0,3,0,0.0,5.0,0,0,0.0,0,0.0,3,1323.629,0,0.0,27.09286668,38.4793373
3523.762,0,54697402,0,0.0,KUCUK_TICARETHANE,35-04-K00215,KARSIYAKA,35,0,0,SEMIKLER,0,0,1,0,0.0,5.0,0,0,0.0,0,0.0,1,3523.762,0,0.0,27.09272635,38.47925245
8922.055,0,54698024,0,0.0,KUCUK_TICARETHANE,35-04-M01305,KARSIYAKA,35,0,0,ORNEKKOY,0,0,7,4,8109.897,5.0,0,0,0.0,0,0.0,3,812.158,0,0.0,27.11387138,38.47651887
68.186,0,54698068,0,0.0,KUCUK_TICARETHANE,35-04-M01305,KARSIYAKA,35,0,0,ORNEKKOY,0,0,1,0,0.0,5.0,0,0,0.0,0,0.0,1,68.186,0,0.0,27.11379802,38.47652826
525.248,0,54698194,0,0.0,KUCUK_TICARETHANE,35-04-M01041,KARSIYAKA,35,0,0,BAHCELIEVLER,0,0,1,0,0.0,8.35,0,0,0.0,0,0.0,1,525.248,0,0.0,27.11021137,38.46776195
10246.55,0,54698466,0,0.0,ORTA_TICARETHANE,35-04-K01692,KARSIYAKA,35,0,0,NERGIZ,0,0,1,0,0.0,8.35,0,0,0.0,0,0.0,1,10246.55,0,0.0,27.10473273,38.46256401
958.302,0,54699964,0,0.0,KUCUK_TICARETHANE,35-04-M01178,KARSIYAKA,35,0,0,YALI,0,0,1,0,0.0,8.35,0,0,0.0,0,0.0,1,958.302,0,0.0,27.08782397,38.47161
9249.853,0,54700753,1,9249.853,AYDINLATMA,35-04-K04012,KARSIYAKA,35,0,0,ORNEKKOY,0,0,0,0,0.0,3.165,0,0,0.0,0,0.0,0,0.0,0,0.0,27.10340389,38.48431606
27558.52,0,54700787,0,0.0,ORTA_TICARETHANE,35-04-K04013,KARSIYAKA,35,0,0,CUMHURIYET,0,0,1,0,0.0,5.6,0,0,0.0,0,0.0,1,27558.52,0,0.0,27.09026359,38.48144788
1978.826,0,54700807,0,0.0,KUCUK_TICARETHANE,35-04-K00215,KARSIYAKA,35,0,0,SEMIKLER,0,0,1,0,0.0,8.35,0,0,0.0,0,0.0,1,1978.826,0,0.0,27.09354265,38.47896036
2216.357,0,54700827,0,0.0,KUCUK_TICARETHANE,35-04-M02423,KARSIYAKA,35,0,0,IMBATLI,0,0,1,0,0.0,8.35,0,0,0.0,0,0.0,1,2216.357,0,0.0,27.1073539,38.47773211
585.171,0,54700844,0,0.0,KUCUK_TICARETHANE,35-04-K00215,KARSIYAKA,35,0,0,SEMIKLER,0,0,1,0,0.0,8.333,0,0,0.0,0,0.0,1,585.171,0,0.0,27.09012445,38.47926283
562.98,0,54700847,0,0.0,KUCUK_TICARETHANE,35-09-M01710,CIGLI,35,0,0,CUMHURIYET,0,0,1,0,0.0,8.35,0,0,0.0,0,0.0,1,562.98,0,0.0,27.05343974,38.54103463
3365.978,0,54700851,0,0.0,KUCUK_TICARETHANE,35-04-K00215,KARSIYAKA,35,0,0,SEMIKLER,0,0,1,0,0.0,8.35,0,0,0.0,0,0.0,1,3365.978,0,0.0,27.08898624,38.47794581
18538.03,0,54700852,0,0.0,ORTA_TICARETHANE,35-09-M00204,CIGLI,35,0,0,CUMHURIYET,0,0,1,0,0.0,5.0,0,0,0.0,0,0.0,1,18538.03,0,0.0,27.0570176,38.54033887
1927.346,0,54700864,0,0.0,KUCUK_TICARETHANE,35-04-K02940,KARSIYAKA,35,0,0,SEMIKLER,0,0,1,0,0.0,8.35,0,0,0.0,0,0.0,1,1927.346,0,0.0,27.09779006,38.47743564
22961.43,0,54700867,0,0.0,ORTA_TICARETHANE,35-09-M00200,CIGLI,35,0,0,CUMHURIYET,0,0,1,0,0.0,8.35,0,0,0.0,0,0.0,1,22961.43,0,0.0,27.05290974,38.53765545
143532.3,0,54700897,0,0.0,ORTA_TICARETHANE,35-09-M01452,CIGLI,35,0,0,CUMHURIYET,0,0,1,0,0.0,18.5,0,0,0.0,0,0.0,1,143532.3,0,0.0,27.0503217,38.5376117
579.106,0,54700954,0,0.0,KUCUK_TICARETHANE,35-04-M01033,KARSIYAKA,35,0,0,BAHCELIEVLER,0,0,1,0,0.0,8.35,0,0,0.0,0,0.0,1,579.106,0,0.0,27.11437161,38.46717026
5615.864,0,54700967,0,0.0,KUCUK_TICARETHANE,35-09-M00205,CIGLI,35,0,0,HARMANDALI GAZI MUSTAFA KEMAL ATATURK,0,0,1,0,0.0,5.0,0,0,0.0,0,0.0,1,5615.864,0,0.0,27.05641767,38.5342353
7424.553,0,54701016,0,0.0,KUCUK_TICARETHANE,35-09-M01732,CIGLI,35,0,0,UGUR MUMCU,0,0,1,0,0.0,8.35,0,0,0.0,0,0.0,1,7424.553,0,0.0,27.04802792,38.52413441
9541.72,0,54701021,1,9541.72,AYDINLATMA,35-09-M01732,CIGLI,35,0,0,UGUR MUMCU,0,0,0,0,0.0,3.711,0,0,0.0,0,0.0,0,0.0,0,0.0,27.04733943,38.52565062
2622.567,0,54701034,0,0.0,KUCUK_TICARETHANE,35-09-M00845,CIGLI,35,0,0,UGUR MUMCU,0,0,1,0,0.0,8.35,0,0,0.0,0,0.0,1,2622.567,0,0.0,27.04616286,38.52597349
2033.144,0,54701068,0,0.0,KUCUK_TICARETHANE,35-09-K02766,CIGLI,35,0,0,ATATURK,0,0,1,0,0.0,8.35,0,0,0.0,0,0.0,1,2033.144,0,0.0,27.05851704,38.52051033
659.423,0,54701074,0,0.0,KUCUK_TICARETHANE,35-09-M03064,CIGLI,35,0,0,EVKA-5,0,0,1,0,0.0,8.35,0,0,0.0,0,0.0,1,659.423,0,0.0,27.05544496,38.51972204
4390.21,0,54701077,0,0.0,KUCUK_TICARETHANE,35-09-K02764,CIGLI,35,0,0,EVKA-5,0,0,1,0,0.0,8.35,0,0,0.0,0,0.0,1,4390.21,0,0.0,27.05523842,38.51833863
4463.079,0,54704794,0,0.0,KUCUK_TICARETHANE,35-09-K02764,CIGLI,35,0,0,EVKA-5,0,0,1,0,0.0,8.35,0,0,0.0,0,0.0,1,4463.079,0,0.0,27.0552139,38.51838613
4890.163,0,54704797,0,0.0,KUCUK_TICARETHANE,35-09-K02764,CIGLI,35,0,0,EVKA-5,0,0,1,0,0.0,8.35,0,0,0.0,0,0.0,1,4890.163,0,0.0,27.05523506,38.51838192
3991.693,0,54704800,0,0.0,KUCUK_TICARETHANE,35-09-K02764,CIGLI,35,0,0,EVKA-5,0,0,1,0,0.0,8.35,0,0,0.0,0,0.0,1,3991.693,0,0.0,27.0554626,38.51862492
3862.291,0,54704813,0,0.0,KUCUK_TICARETHANE,35-09-K02764,CIGLI,35,0,0,EVKA-5,0,0,1,0,0.0,8.35,0,0,0.0,0,0.0,1,3862.291,0,0.0,27.05544907,38.51853807
5956.491,0,54704823,0,0.0,KUCUK_TICARETHANE,35-09-K02764,CIGLI,35,0,0,EVKA-5,0,0,1,0,0.0,8.35,0,0,0.0,0,0.0,1,5956.491,0,0.0,27.0554635,38.51853541
3768.686,0,54704827,0,0.0,KUCUK_TICARETHANE,35-09-K02764,CIGLI,35,0,0,EVKA-5,0,0,1,0,0.0,8.35,0,0,0.0,0,0.0,1,3768.686,0,0.0,27.05546078,38.51852116
16779.32,0,54704925,0,0.0,ORTA_TICARETHANE,35-09-M00204,CIGLI,35,0,0,CUMHURIYET,0,0,1,0,0.0,8.35,0,0,0.0,0,0.0,1,16779.32,0,0.0,27.06123654,38.54193474
0.0,0,54704937,0,0.0,ORTA_TICARETHANE,35-09-K04596,CIGLI,35,0,0,ATATURK,0,0,1,0,0.0,79.4,0,0,0.0,0,0.0,1,0.0,0,0.0,27.06100063,38.52306719
696.952,0,54704955,0,0.0,KUCUK_TICARETHANE,35-09-K02769,CIGLI,35,0,0,ATATURK,0,0,1,0,0.0,8.35,0,0,0.0,0,0.0,1,696.952,0,0.0,27.0582181,38.51788115
4892.626,0,54704974,0,0.0,KUCUK_TICARETHANE,35-09-M01985,CIGLI,35,0,0,AHMET TANER KISLALI,0,0,1,0,0.0,8.35,0,0,0.0,0,0.0,1,4892.626,0,0.0,27.08865452,38.49605743
1557.46,0,54705096,1,1557.46,AYDINLATMA,35-09-K01321,CIGLI,35,0,0,AYDINLIKEVLER,0,0,0,0,0.0,0.547,0,0,0.0,0,0.0,0,0.0,0,0.0,27.08577766,38.49205545
526.572,0,54705580,0,0.0,KUCUK_TICARETHANE,,KARSIYAKA,35,0,0,BAHRIYE UCOK,0,0,1,0,0.0,8.35,0,0,0.0,0,0.0,1,526.572,0,0.0,27.11205233,38.46414173
516.58,0,54705589,0,0.0,KUCUK_TICARETHANE,35-04-M02956,KARSIYAKA,35,0,0,BAHCELIEVLER,0,0,1,0,0.0,8.35,0,0,0.0,0,0.0,1,516.58,0,0.0,27.11313105,38.46403253
1257.19,0,54705600,0,0.0,KUCUK_TICARETHANE,35-04-K00489,KARSIYAKA,35,0,0,BAHRIYE UCOK,0,0,1,0,0.0,8.35,0,0,0.0,0,0.0,1,1257.19,0,0.0,27.11282387,38.45866009
1345.12,0,54705618,0,0.0,KUCUK_TICARETHANE,35-04-K00254,KARSIYAKA,35,0,0,BAHRIYE UCOK,0,0,1,0,0.0,8.35,0,0,0.0,0,0.0,1,1345.12,0,0.0,27.11287344,38.46000157
491.737,0,54705622,0,0.0,KUCUK_TICARETHANE,35-04-K01781,KARSIYAKA,35,0,0,BAHRIYE UCOK,0,0,1,0,0.0,8.35,0,0,0.0,0,0.0,1,491.737,0,0.0,27.11192722,38.45942767
1200.246,0,54705629,0,0.0,KUCUK_TICARETHANE,35-04-K00807,KARSIYAKA,35,0,0,BAHRIYE UCOK,0,0,1,0,0.0,8.35,0,0,0.0,0,0.0,1,1200.246,0,0.0,27.10997462,38.46034836
733.687,0,54705635,0,0.0,KUCUK_TICARETHANE,35-04-K01051,KARSIYAKA,35,0,0,BAHRIYE UCOK,0,0,1,0,0.0,8.35,0,0,0.0,0,0.0,1,733.687,0,0.0,27.10964843,38.46265945
765.349,0,54705653,0,0.0,KUCUK_TICARETHANE,35-04-K01589,KARSIYAKA,35,0,0,BAHRIYE UCOK,0,0,1,0,0.0,8.35,0,0,0.0,0,0.0,1,765.349,0,0.0,27.11044074,38.45805303
6663.901,0,54705672,0,0.0,KUCUK_TICARETHANE,35-04-K03224,KARSIYAKA,35,0,0,DONANMACI,0,0,5,3,3792.224,5.544,0,0,0.0,0,0.0,2,2871.6769999999997,0,0.0,27.11776376,38.45549358
0.0,0,54706040,0,0.0,KUCUK_TICARETHANE,35-04-K02760,KARSIYAKA,35,0,0,YALI,0,0,1,0,0.0,8.333,0,0,0.0,0,0.0,1,0.0,0,0.0,27.08845806,38.47199913
1042.168,0,54706084,0,0.0,KUCUK_TICARETHANE,35-04-K03102,KARSIYAKA,35,0,0,TERSANE,0,0,1,0,0.0,8.35,0,0,0.0,0,0.0,1,1042.168,0,0.0,27.12442772,38.46215175
497.245,0,54706112,0,0.0,KUCUK_TICARETHANE,35-04-M02956,KARSIYAKA,35,0,0,BAHRIYE UCOK,0,0,1,0,0.0,8.35,0,0,0.0,0,0.0,1,497.245,0,0.0,27.11404111,38.46333559
872.798,0,54706120,0,0.0,KUCUK_TICARETHANE,35-04-K00254,KARSIYAKA,35,0,0,BAHRIYE UCOK,0,0,1,0,0.0,8.35,0,0,0.0,0,0.0,1,872.798,0,0.0,27.11264162,38.46127325
582.187,0,54706130,0,0.0,KUCUK_TICARETHANE,35-04-K00037,KARSIYAKA,35,0,0,TERSANE,0,0,1,0,0.0,8.35,0,0,0.0,0,0.0,1,582.187,0,0.0,27.12705337,38.46250437
725.715,0,54706137,0,0.0,KUCUK_TICARETHANE,35-04-K00037,KARSIYAKA,35,0,0,TERSANE,0,0,1,0,0.0,8.35,0,0,0.0,0,0.0,1,725.715,0,0.0,27.1271883,38.46234564
472.737,0,54706162,0,0.0,KUCUK_TICARETHANE,35-04-K00846,KARSIYAKA,35,0,0,TERSANE,0,0,1,0,0.0,8.35,0,0,0.0,0,0.0,1,472.737,0,0.0,27.12726008,38.46291164
1076.323,0,54706170,0,0.0,KUCUK_TICARETHANE,35-04-K00037,KARSIYAKA,35,0,0,TERSANE,0,0,1,0,0.0,8.35,0,0,0.0,0,0.0,1,1076.323,0,0.0,27.12710781,38.46261364
1845.374,0,54706250,0,0.0,KUCUK_TICARETHANE,,KARSIYAKA,35,0,0,SEMIKLER,0,0,1,0,0.0,8.35,0,0,0.0,0,0.0,1,1845.374,0,0.0,27.09966359,38.47500785
1138.023,0,54706707,0,0.0,KUCUK_TICARETHANE,35-04-M01468,KARSIYAKA,35,0,0,GONCALAR,0,0,1,0,0.0,8.35,0,0,0.0,0,0.0,1,1138.023,0,0.0,27.10932863,38.4663808
951.224,0,54706725,0,0.0,KUCUK_TICARETHANE,35-04-K03038,KARSIYAKA,35,0,0,DEDEBASI,0,0,1,0,0.0,8.35,0,0,0.0,0,0.0,1,951.224,0,0.0,27.10241647,38.46565869
868.32,0,54706755,0,0.0,KUCUK_TICARETHANE,35-04-K04133,KARSIYAKA,35,0,0,SEMIKLER,0,0,1,0,0.0,8.35,0,0,0.0,0,0.0,1,868.32,0,0.0,27.09583157,38.47172033
3079.422,0,54706925,0,0.0,KUCUK_TICARETHANE,35-09-K01874,CIGLI,35,0,0,YAKAKENT,0,0,1,0,0.0,8.35,0,0,0.0,0,0.0,1,3079.422,0,0.0,27.07784602,38.50253183
3771.381,0,54706965,0,0.0,KUCUK_TICARETHANE,35-09-K01874,CIGLI,35,0,0,YAKAKENT,0,0,1,0,0.0,8.35,0,0,0.0,0,0.0,1,3771.381,0,0.0,27.07493645,38.50248599
9289.892,0,54706982,0,0.0,KUCUK_TICARETHANE,35-09-M01974,CIGLI,35,0,0,EVKA - 2,0,0,1,0,0.0,13.24,0,0,0.0,0,0.0,1,9289.892,0,0.0,27.08047329,38.49731466
2765.842,0,54707002,0,0.0,KUCUK_TICARETHANE,35-09-K03319,CIGLI,35,0,0,GUZELTEPE,0,0,1,0,0.0,8.35,0,0,0.0,0,0.0,1,2765.842,0,0.0,27.07293235,38.49772854
9525.749,0,54707016,0,0.0,KUCUK_TICARETHANE,35-09-M01951,CIGLI,35,0,0,MALTEPE,0,0,1,0,0.0,8.35,0,0,0.0,0,0.0,1,9525.749,0,0.0,27.0726728,38.49291449
1024.367,0,54707027,0,0.0,KUCUK_TICARETHANE,35-09-K01873,CIGLI,35,0,0,SIRINTEPE,0,0,1,0,0.0,8.35,0,0,0.0,0,0.0,1,1024.367,0,0.0,27.07192255,38.49746755
2701.624,0,54707030,0,0.0,KUCUK_TICARETHANE,35-09-K01480,CIGLI,35,0,0,GUZELTEPE,0,0,1,0,0.0,8.35,0,0,0.0,0,0.0,1,2701.624,0,0.0,27.07027839,38.49777252
2601.368,0,54707046,0,0.0,KUCUK_TICARETHANE,35-09-M02552,CIGLI,35,0,0,MALTEPE,0,0,1,0,0.0,8.35,0,0,0.0,0,0.0,1,2601.368,0,0.0,27.06978591,38.49130888
924.192,0,54707055,0,0.0,KUCUK_TICARETHANE,35-09-M03040,CIGLI,35,0,0,IZKENT,0,0,1,0,0.0,8.35,0,0,0.0,0,0.0,1,924.192,0,0.0,27.06682734,38.51078743
973.382,0,54707060,0,0.0,KUCUK_TICARETHANE,35-09-M03032,CIGLI,35,0,0,IZKENT,0,0,1,0,0.0,8.35,0,0,0.0,0,0.0,1,973.382,0,0.0,27.06663635,38.51633665
900.433,0,54707064,0,0.0,KUCUK_TICARETHANE,35-04-M02100,KARSIYAKA,35,0,0,IMBATLI,0,0,1,0,0.0,8.35,0,0,0.0,0,0.0,1,900.433,0,0.0,27.10752093,38.47357617
45345.0,0,54707069,0,0.0,ORTA_TICARETHANE,35-09-K04307,CIGLI,35,0,0,KOYICI,0,0,1,0,0.0,78.55,0,0,0.0,0,0.0,1,45345.0,0,0.0,27.06595988,38.49885723
2591.615,0,54707080,0,0.0,KUCUK_TICARETHANE,35-09-K01871,CIGLI,35,0,0,KOYICI,0,0,1,0,0.0,8.35,0,0,0.0,0,0.0,1,2591.615,0,0.0,27.06799762,38.49766386
272.067,0,54707107,1,272.067,AYDINLATMA,35-09-K01873,CIGLI,35,0,0,SIRINTEPE,0,0,0,0,0.0,0.086,0,0,0.0,0,0.0,0,0.0,0,0.0,27.06963625,38.49677713
675.612,0,54707113,0,0.0,KUCUK_TICARETHANE,35-04-K01735,KARSIYAKA,35,0,0,DEDEBASI,0,0,1,0,0.0,8.35,0,0,0.0,0,0.0,1,675.612,0,0.0,27.10988592,38.46998897
420.419,0,54707118,1,420.419,AYDINLATMA,35-09-K01873,CIGLI,35,0,0,SIRINTEPE,0,0,0,0,0.0,0.086,0,0,0.0,0,0.0,0,0.0,0,0.0,27.06837235,38.4960605
389.189,0,54707139,1,389.189,AYDINLATMA,35-09-K01873,CIGLI,35,0,0,SIRINTEPE,0,0,0,0,0.0,0.129,0,0,0.0,0,0.0,0,0.0,0,0.0,27.06784509,38.49545796
52772.91,0,54707147,0,0.0,ORTA_TICARETHANE,35-09-K04221,CIGLI,35,0,0,ATASEHIR,0,0,1,0,0.0,51.3,0,0,0.0,0,0.0,1,52772.91,0,0.0,27.06528671,38.49185503
2129.331,0,54707153,0,0.0,KUCUK_TICARETHANE,35-09-K04221,CIGLI,35,0,0,ATASEHIR,0,0,1,0,0.0,8.35,0,0,0.0,0,0.0,1,2129.331,0,0.0,27.06578564,38.49150708
3019.743,0,54707161,0,0.0,KUCUK_TICARETHANE,35-09-K04122,CIGLI,35,0,0,SIRINTEPE,0,0,1,0,0.0,8.35,0,0,0.0,0,0.0,1,3019.743,0,0.0,27.06834582,38.49379503
1418.589,0,54707164,0,0.0,KUCUK_TICARETHANE,35-09-K04122,CIGLI,35,0,0,SIRINTEPE,0,0,1,0,0.0,8.35,0,0,0.0,0,0.0,1,1418.589,0,0.0,27.06796761,38.49331201
2698.146,0,54707176,0,0.0,KUCUK_TICARETHANE,35-09-K01875,CIGLI,35,0,0,SIRINTEPE,0,0,1,0,0.0,8.35,0,0,0.0,0,0.0,1,2698.146,0,0.0,27.06739706,38.49316668
3650.442,0,54707186,0,0.0,KUCUK_TICARETHANE,35-09-K01938,CIGLI,35,0,0,EGEKENT,0,0,1,0,0.0,8.35,0,0,0.0,0,0.0,1,3650.442,0,0.0,27.06165022,38.50376945
894.625,0,54707189,0,0.0,KUCUK_TICARETHANE,35-04-M01038,KARSIYAKA,35,0,0,BOSTANLI,0,0,1,0,0.0,8.35,0,0,0.0,0,0.0,1,894.625,0,0.0,27.09918295,38.45924815
4038.676,0,54707192,0,0.0,KUCUK_TICARETHANE,35-09-K01938,CIGLI,35,0,0,EGEKENT,0,0,1,0,0.0,8.35,0,0,0.0,0,0.0,1,4038.676,0,0.0,27.06159681,38.50393815
4940.128,0,54707199,0,0.0,KUCUK_TICARETHANE,35-09-K01938,CIGLI,35,0,0,EGEKENT,0,0,1,0,0.0,8.35,0,0,0.0,0,0.0,1,4940.128,0,0.0,27.0616533,38.50381238
4277.268,0,54707202,0,0.0,KUCUK_TICARETHANE,35-09-K01938,CIGLI,35,0,0,EGEKENT,0,0,1,0,0.0,8.35,0,0,0.0,0,0.0,1,4277.268,0,0.0,27.06161609,38.50388547
2290.758,0,54707206,0,0.0,KUCUK_TICARETHANE,35-04-K03778,KARSIYAKA,35,0,0,SEMIKLER,0,0,1,0,0.0,8.5,0,0,0.0,0,0.0,1,2290.758,0,0.0,27.09773446,38.47109417
3081.764,0,54707211,0,0.0,KUCUK_TICARETHANE,35-09-K01938,CIGLI,35,0,0,EGEKENT,0,0,1,0,0.0,5.84,0,0,0.0,0,0.0,1,3081.764,0,0.0,27.06167357,38.50392729
4904.753,0,54707218,0,0.0,KUCUK_TICARETHANE,35-09-K01938,CIGLI,35,0,0,EGEKENT,0,0,1,0,0.0,5.04,0,0,0.0,0,0.0,1,4904.753,0,0.0,27.06168505,38.50389581
7504.845,0,54707228,0,0.0,KUCUK_TICARETHANE,35-09-K01938,CIGLI,35,0,0,EGEKENT,0,0,1,0,0.0,5.0,0,0,0.0,0,0.0,1,7504.845,0,0.0,27.06181168,38.50389123
2463.67,0,54707235,0,0.0,KUCUK_TICARETHANE,35-09-M01979,CIGLI,35,0,0,EGEKENT,0,0,1,0,0.0,8.35,0,0,0.0,0,0.0,1,2463.67,0,0.0,27.06187308,38.50262594
972.094,0,54707242,0,0.0,KUCUK_TICARETHANE,35-04-K00197,KARSIYAKA,35,0,0,SEMIKLER,0,0,1,0,0.0,8.35,0,0,0.0,0,0.0,1,972.094,0,0.0,27.09550336,38.46908098
0.0,0,54707261,0,0.0,KUCUK_TICARETHANE,35-04-K00197,KARSIYAKA,35,0,0,SEMIKLER,0,0,1,0,0.0,8.35,0,0,0.0,0,0.0,1,0.0,0,0.0,27.09531449,38.46938699
2165.119,0,54707273,0,0.0,KUCUK_TICARETHANE,35-09-M03035,CIGLI,35,0,0,IZKENT,0,0,1,0,0.0,8.35,0,0,0.0,0,0.0,1,2165.119,0,0.0,27.0640603,38.51161785
1299.379,0,54707409,0,0.0,KUCUK_TICARETHANE,35-09-K04306,CIGLI,35,0,0,KUCUK CIGLI,0,0,1,0,0.0,8.35,0,0,0.0,0,0.0,1,1299.379,0,0.0,27.06139871,38.49900617
1377.637,0,54707421,0,0.0,KUCUK_TICARETHANE,35-09-K01865,CIGLI,35,0,0,KUCUK CIGLI,0,0,1,0,0.0,8.35,0,0,0.0,0,0.0,1,1377.637,0,0.0,27.06052573,38.49841346
13254.5,0,54707431,0,0.0,ORTA_TICARETHANE,35-04-K03848,KARSIYAKA,35,0,0,YALI,0,0,1,0,0.0,8.35,0,0,0.0,0,0.0,1,13254.5,0,0.0,27.09388394,38.46578786
3123.327,0,54707476,0,0.0,KUCUK_TICARETHANE,35-09-K04307,CIGLI,35,0,0,KOYICI,0,0,1,0,0.0,8.35,0,0,0.0,0,0.0,1,3123.327,0,0.0,27.06494383,38.49848861
18043.14,0,54707484,1,18043.14,AYDINLATMA,35-04-K02940,KARSIYAKA,35,0,0,SEMIKLER,0,0,0,0,0.0,5.0,0,0,0.0,0,0.0,0,0.0,0,0.0,27.09786243,38.47595809
31035.31,0,54707489,0,0.0,ORTA_TICARETHANE,35-09-M03520,CIGLI,35,0,0,ATASEHIR,0,0,1,0,0.0,5.0,0,0,0.0,0,0.0,1,31035.31,0,0.0,27.0636854,38.49283769
1619.377,0,54707490,0,0.0,KUCUK_TICARETHANE,35-04-M02326,KARSIYAKA,35,0,0,IMBATLI,0,0,1,0,0.0,8.35,0,0,0.0,0,0.0,1,1619.377,0,0.0,27.10915763,38.47622216
1597.216,0,54707502,0,0.0,KUCUK_TICARETHANE,35-04-M02716,KARSIYAKA,35,0,0,IMBATLI,0,0,1,0,0.0,8.35,0,0,0.0,0,0.0,1,1597.216,0,0.0,27.10947176,38.4741742
1713.337,0,54707514,0,0.0,KUCUK_TICARETHANE,35-04-K03012,KARSIYAKA,35,0,0,IMBATLI,0,0,1,0,0.0,8.35,0,0,0.0,0,0.0,1,1713.337,0,0.0,27.11096631,38.47250113
6735.602,0,54707521,0,0.0,KUCUK_TICARETHANE,35-09-K01876,CIGLI,35,0,0,KOYICI,0,0,1,0,0.0,8.35,0,0,0.0,0,0.0,1,6735.602,0,0.0,27.06129338,38.49490857
824.828,0,54707526,0,0.0,KUCUK_TICARETHANE,35-04-K03850,KARSIYAKA,35,0,0,GONCALAR,0,0,1,0,0.0,8.35,0,0,0.0,0,0.0,1,824.828,0,0.0,27.10827575,38.46592505
2612.086,0,54707531,0,0.0,KUCUK_TICARETHANE,35-09-K01878,CIGLI,35,0,0,YENI MAHALLE,0,0,1,0,0.0,8.35,0,0,0.0,0,0.0,1,2612.086,0,0.0,27.05945094,38.49313894
664.11,0,54707538,0,0.0,KUCUK_TICARETHANE,35-04-K01051,KARSIYAKA,35,0,0,BAHRIYE UCOK,0,0,1,0,0.0,8.35,0,0,0.0,0,0.0,1,664.11,0,0.0,27.10850913,38.46387095
950.8,0,54707541,0,0.0,KUCUK_TICARETHANE,35-04-K00807,KARSIYAKA,35,0,0,BAHRIYE UCOK,0,0,1,0,0.0,8.35,0,0,0.0,0,0.0,1,950.8,0,0.0,27.10769594,38.45936577
2675.653,0,54707543,0,0.0,KUCUK_TICARETHANE,35-09-K01865,CIGLI,35,0,0,KUCUK CIGLI,0,0,1,0,0.0,8.35,0,0,0.0,0,0.0,1,2675.653,0,0.0,27.06009353,38.49811089
690.753,0,54707560,0,0.0,KUCUK_TICARETHANE,35-04-K01589,KARSIYAKA,35,0,0,BAHRIYE UCOK,0,0,1,0,0.0,8.35,0,0,0.0,0,0.0,1,690.753,0,0.0,27.10944623,38.45838015
3919.137,0,54707576,0,0.0,KUCUK_TICARETHANE,35-09-K01864,CIGLI,35,0,0,KUCUK CIGLI,0,0,1,0,0.0,8.35,0,0,0.0,0,0.0,1,3919.137,0,0.0,27.05904144,38.49725936
171393.8,0,54707583,0,0.0,ORTA_TICARETHANE,35-04-K03058,KARSIYAKA,35,0,0,DEDEBASI,0,0,1,0,0.0,130.21,0,0,0.0,0,0.0,1,171393.8,0,0.0,27.1065197,38.46946431
2320.383,0,54707612,0,0.0,KUCUK_TICARETHANE,35-09-K01880,CIGLI,35,0,0,ATASEHIR,0,0,1,0,0.0,8.35,0,0,0.0,0,0.0,1,2320.383,0,0.0,27.05840896,38.49077573
2905.431,0,54707621,0,0.0,KUCUK_TICARETHANE,35-09-M01899,CIGLI,35,0,0,ATASEHIR,0,0,1,0,0.0,8.35,0,0,0.0,0,0.0,1,2905.431,0,0.0,27.0588574,38.49047403
0.0,0,54707631,0,0.0,KUCUK_TICARETHANE,35-09-K01882,CIGLI,35,0,0,ATASEHIR,0,0,1,0,0.0,8.35,0,0,0.0,0,0.0,1,0.0,0,0.0,27.06300881,38.49139944
809.176,0,54707684,0,0.0,KUCUK_TICARETHANE,35-04-K04628,KARSIYAKA,35,0,0,SEMIKLER,0,0,1,0,0.0,8.35,0,0,0.0,0,0.0,1,809.176,0,0.0,27.0966744,38.47081661
117099.2,0,54707699,0,0.0,ORTA_TICARETHANE,35-09-K01882,CIGLI,35,0,0,ATASEHIR,0,0,1,0,0.0,22.1,0,0,0.0,0,0.0,1,117099.2,0,0.0,27.06242446,38.49134691
3478.672,0,54707730,0,0.0,KUCUK_TICARETHANE,35-09-K03705,CIGLI,35,0,0,MALTEPE,0,0,1,0,0.0,8.35,0,0,0.0,0,0.0,1,3478.672,0,0.0,27.07558796,38.49052233
4152.738,0,54707795,0,0.0,KUCUK_TICARETHANE,35-09-K04681,CIGLI,35,0,0,MALTEPE,0,0,1,0,0.0,8.35,0,0,0.0,0,0.0,1,4152.738,0,0.0,27.07332284,38.49098825
3211.736,0,54707805,0,0.0,KUCUK_TICARETHANE,35-09-M01950,CIGLI,35,0,0,MALTEPE,0,0,1,0,0.0,8.35,0,0,0.0,0,0.0,1,3211.736,0,0.0,27.0750668,38.48902751
2268.149,0,54707816,0,0.0,KUCUK_TICARETHANE,35-09-K01887,CIGLI,35,0,0,ATASEHIR,0,0,1,0,0.0,8.35,0,0,0.0,0,0.0,1,2268.149,0,0.0,27.07258523,38.48814677
1097.942,0,54707835,0,0.0,KUCUK_TICARETHANE,35-09-K03327,CIGLI,35,0,0,ATASEHIR,0,0,1,0,0.0,8.334,0,0,0.0,0,0.0,1,1097.942,0,0.0,27.05361528,38.48737494
3099.493,0,54707847,1,3099.493,AYDINLATMA,35-04-K00707,KARSIYAKA,35,0,0,ATAKENT,0,0,0,0,0.0,1.009,0,0,0.0,0,0.0,0,0.0,0,0.0,27.08851082,38.46328359
1055.391,0,54707853,0,0.0,KUCUK_TICARETHANE,35-09-K04169,CIGLI,35,0,0,ATASEHIR,0,0,1,0,0.0,8.334,0,0,0.0,0,0.0,1,1055.391,0,0.0,27.0582644,38.48750994
5002.433,0,54707872,0,0.0,KUCUK_TICARETHANE,35-09-K03492,CIGLI,35,0,0,ATASEHIR,0,0,1,0,0.0,8.35,0,0,0.0,0,0.0,1,5002.433,0,0.0,27.06449913,38.48453933
1636.227,0,54707877,0,0.0,KUCUK_TICARETHANE,35-04-K01411,KARSIYAKA,35,0,0,DEDEBASI,0,0,1,0,0.0,8.35,0,0,0.0,0,0.0,1,1636.227,0,0.0,27.10287392,38.46534519
753.682,0,54707899,0,0.0,KUCUK_TICARETHANE,35-04-M02425,KARSIYAKA,35,0,0,SEMIKLER,0,0,1,0,0.0,8.35,0,0,0.0,0,0.0,1,753.682,0,0.0,27.09939077,38.4757115
4447.06,0,54707904,0,0.0,KUCUK_TICARETHANE,35-09-K02778,CIGLI,35,0,0,ATASEHIR,0,0,1,0,0.0,8.35,0,0,0.0,0,0.0,1,4447.06,0,0.0,27.07001209,38.48623269
3742.956,0,54707913,0,0.0,KUCUK_TICARETHANE,35-09-K04046,CIGLI,35,0,0,CAGDAS,0,0,1,0,0.0,8.35,0,0,0.0,0,0.0,1,3742.956,0,0.0,27.05917006,38.50482627
751.901,0,54707920,0,0.0,KUCUK_TICARETHANE,35-09-M01996,CIGLI,35,0,0,EVKA-5,0,0,1,0,0.0,8.35,0,0,0.0,0,0.0,1,751.901,0,0.0,27.05646362,38.51651638
4391.18,0,54707987,0,0.0,KUCUK_TICARETHANE,35-09-K03706,CIGLI,35,0,0,KUCUK CIGLI,0,0,1,0,0.0,8.35,0,0,0.0,0,0.0,1,4391.18,0,0.0,27.0561848,38.49904159
2947.737,0,54707990,0,0.0,KUCUK_TICARETHANE,35-09-K01879,CIGLI,35,0,0,YENI MAHALLE,0,0,1,0,0.0,8.35,0,0,0.0,0,0.0,1,2947.737,0,0.0,27.05730424,38.4947266
1933.905,0,54708002,0,0.0,KUCUK_TICARETHANE,35-04-K03012,KARSIYAKA,35,0,0,IMBATLI,0,0,1,0,0.0,8.35,0,0,0.0,0,0.0,1,1933.905,0,0.0,27.11083799,38.47124125
1295.913,0,54708015,1,1295.913,AYDINLATMA,35-04-K02875,KARSIYAKA,35,0,0,BAHCELIEVLER,0,0,0,0,0.0,8.35,0,0,0.0,0,0.0,0,0.0,0,0.0,27.12464558,38.46735246
582.561,0,54708023,0,0.0,KUCUK_TICARETHANE,35-04-M02957,KARSIYAKA,35,0,0,BAHCELIEVLER,0,0,1,0,0.0,8.35,0,0,0.0,0,0.0,1,582.561,0,0.0,27.1103688,38.46697554
630.817,0,54708042,0,0.0,KUCUK_TICARETHANE,35-04-M02958,KARSIYAKA,35,0,0,BAHCELIEVLER,0,0,1,0,0.0,8.35,0,0,0.0,0,0.0,1,630.817,0,0.0,27.11493393,38.46566359
776.955,0,54708060,0,0.0,KUCUK_TICARETHANE,35-04-K00037,KARSIYAKA,35,0,0,TERSANE,0,0,1,0,0.0,8.333,0,0,0.0,0,0.0,1,776.955,0,0.0,27.12899017,38.46376455
9764.805,0,54708061,0,0.0,KUCUK_TICARETHANE,35-09-K01866,CIGLI,35,0,0,KUCUK CIGLI,0,0,1,0,0.0,5.0,0,0,0.0,0,0.0,1,9764.805,0,0.0,27.05353499,38.50215152
1108.016,0,54708073,0,0.0,KUCUK_TICARETHANE,35-04-K00846,KARSIYAKA,35,0,0,TERSANE,0,0,1,0,0.0,8.35,0,0,0.0,0,0.0,1,1108.016,0,0.0,27.12814059,38.4639172
2135.823,0,54708086,0,0.0,KUCUK_TICARETHANE,,KARSIYAKA,35,0,0,BAHCELIEVLER,0,0,1,0,0.0,8.35,0,0,0.0,0,0.0,1,2135.823,0,0.0,27.11132561,38.46437335
570.926,0,54708096,0,0.0,KUCUK_TICARETHANE,35-04-K03036,KARSIYAKA,35,0,0,DEDEBASI,0,0,1,0,0.0,8.35,0,0,0.0,0,0.0,1,570.926,0,0.0,27.10934526,38.46940408
3334.658,0,54708104,0,0.0,KUCUK_TICARETHANE,35-09-K03321,CIGLI,35,0,0,KUCUK CIGLI,0,0,1,0,0.0,8.35,0,0,0.0,0,0.0,1,3334.658,0,0.0,27.05619979,38.50116016
5341.85,0,54708106,0,0.0,KUCUK_TICARETHANE,35-04-K01624,KARSIYAKA,35,0,0,DEDEBASI,0,0,1,0,0.0,8.35,0,0,0.0,0,0.0,1,5341.85,0,0.0,27.10804034,38.46781683
2506.519,0,54708140,0,0.0,KUCUK_TICARETHANE,35-09-K01879,CIGLI,35,0,0,YENI MAHALLE,0,0,1,0,0.0,8.35,0,0,0.0,0,0.0,1,2506.519,0,0.0,27.05424224,38.49561272
3039.255,0,54708143,0,0.0,KUCUK_TICARETHANE,35-09-K01863,CIGLI,35,0,0,YENI MAHALLE,0,0,1,0,0.0,8.35,0,0,0.0,0,0.0,1,3039.255,0,0.0,27.05446626,38.49689901
3281.864,0,54708153,0,0.0,KUCUK_TICARETHANE,35-09-K01879,CIGLI,35,0,0,YENI MAHALLE,0,0,1,0,0.0,8.35,0,0,0.0,0,0.0,1,3281.864,0,0.0,27.05370637,38.49590606
3156.507,0,54708169,0,0.0,KUCUK_TICARETHANE,35-09-K01866,CIGLI,35,0,0,KUCUK CIGLI,0,0,1,0,0.0,8.35,0,0,0.0,0,0.0,1,3156.507,0,0.0,27.05521015,38.50025897
1315.082,0,54708215,0,0.0,KUCUK_TICARETHANE,35-09-K04314,CIGLI,35,0,0,KUCUK CIGLI,0,0,1,0,0.0,8.35,0,0,0.0,0,0.0,1,1315.082,0,0.0,27.05387692,38.49857789
3251.622,0,54708298,0,0.0,KUCUK_TICARETHANE,35-09-K01878,CIGLI,35,0,0,YENI MAHALLE,0,0,1,0,0.0,8.35,0,0,0.0,0,0.0,1,3251.622,0,0.0,27.05503509,38.49328895
1224.025,0,54708306,0,0.0,KUCUK_TICARETHANE,35-09-M03063,CIGLI,35,0,0,EVKA-5,0,0,1,0,0.0,8.35,0,0,0.0,0,0.0,1,1224.025,0,0.0,27.0505724,38.51538053
1529.211,0,54708321,1,1529.211,AYDINLATMA,35-04-K02375,KARSIYAKA,35,0,0,ZUBEYDE HANIM,0,0,0,0,0.0,8.35,0,0,0.0,0,0.0,0,0.0,0,0.0,27.10466123,38.49399221
1528.696,0,54708395,0,0.0,KUCUK_TICARETHANE,35-09-M03090,CIGLI,35,0,0,YENI MAHALLE,0,0,1,0,0.0,8.35,0,0,0.0,0,0.0,1,1528.696,0,0.0,27.05206721,38.49953039
3333.945,0,54708590,0,0.0,KUCUK_TICARETHANE,35-09-K01867,CIGLI,35,0,0,KUCUK CIGLI,0,0,1,0,0.0,8.35,0,0,0.0,0,0.0,1,3333.945,0,0.0,27.05180547,38.50358194
828.737,0,54708617,0,0.0,KUCUK_TICARETHANE,35-09-K02771,CIGLI,35,0,0,ESENTEPE,0,0,1,0,0.0,8.35,0,0,0.0,0,0.0,1,828.737,0,0.0,27.05104959,38.51026604
3889.123,0,54708630,1,3889.123,AYDINLATMA,35-09-M01992,CIGLI,35,0,0,ESENTEPE,0,0,0,0,0.0,1.066,0,0,0.0,0,0.0,0,0.0,0,0.0,27.04850353,38.50923093
268.043,0,54708656,1,268.043,AYDINLATMA,35-09-M01992,CIGLI,35,0,0,ESENTEPE,0,0,0,0,0.0,0.206,0,0,0.0,0,0.0,0,0.0,0,0.0,27.04977209,38.50673393
3485.429,0,54708661,0,0.0,KUCUK_TICARETHANE,35-09-K01869,CIGLI,35,0,0,KUCUK CIGLI,0,0,1,0,0.0,8.35,0,0,0.0,0,0.0,1,3485.429,0,0.0,27.04915544,38.50612308
1408.043,0,54708670,0,0.0,KUCUK_TICARETHANE,35-09-M01992,CIGLI,35,0,0,KUCUK CIGLI,0,0,1,0,0.0,8.35,0,0,0.0,0,0.0,1,1408.043,0,0.0,27.05100082,38.50628804
9992.772,0,54708675,1,9992.772,AYDINLATMA,35-09-M01992,CIGLI,35,0,0,ESENTEPE,0,0,0,0,0.0,2.733,0,0,0.0,0,0.0,0,0.0,0,0.0,27.0519324,38.50664944
0.007,0,54708689,0,0.0,KUCUK_TICARETHANE,35-09-K01867,CIGLI,35,0,0,KUCUK CIGLI,0,0,1,0,0.0,8.35,0,0,0.0,0,0.0,1,0.007,0,0.0,27.05133036,38.50456607
85097.22,0,54708711,0,0.0,ORTA_TICARETHANE,35-09-M02548,CIGLI,35,0,0,KUCUK CIGLI,0,0,4,0,0.0,42.599000000000004,0,0,0.0,0,0.0,4,85097.22,0,0.0,27.04474416,38.50029594
3165.653,0,54708740,0,0.0,KUCUK_TICARETHANE,35-09-M02390,CIGLI,35,0,0,BALATCIK,0,0,1,0,0.0,8.35,0,0,0.0,0,0.0,1,3165.653,0,0.0,27.04558077,38.50725263
130180.2,0,54708744,0,0.0,ORTA_TICARETHANE,35-09-M02390,CIGLI,35,0,0,BALATCIK,0,0,1,0,0.0,138.12,0,0,0.0,0,0.0,1,130180.2,0,0.0,27.045195,38.5079833
11398.06,0,54708749,0,0.0,ORTA_TICARETHANE,35-09-M02390,CIGLI,35,0,0,BALATCIK,0,0,1,0,0.0,8.35,0,0,0.0,0,0.0,1,11398.06,0,0.0,27.04608264,38.50766509
2120.74,0,54708759,0,0.0,KUCUK_TICARETHANE,35-09-M00403,CIGLI,35,0,0,BALATCIK,0,0,1,0,0.0,8.35,0,0,0.0,0,0.0,1,2120.74,0,0.0,27.04549978,38.51538466
2242.86,0,54708762,0,0.0,KUCUK_TICARETHANE,35-09-M00396,CIGLI,35,0,0,BALATCIK,0,0,1,0,0.0,8.5,0,0,0.0,0,0.0,1,2242.86,0,0.0,27.04028407,38.50796371
2989.25,0,54708775,0,0.0,KUCUK_TICARETHANE,35-09-M00258,CIGLI,35,0,0,SASALLI MERKEZ,0,0,1,0,0.0,8.35,0,0,0.0,0,0.0,1,2989.25,0,0.0,26.94981786,38.49219819
546.692,0,54708789,0,0.0,KUCUK_TICARETHANE,35-09-M00257,CIGLI,35,0,0,SASALLI MERKEZ,0,0,1,0,0.0,8.35,0,0,0.0,0,0.0,1,546.692,0,0.0,26.95180675,38.49407194
2630.805,0,54708798,0,0.0,KUCUK_TICARETHANE,35-09-M00258,CIGLI,35,0,0,SASALLI MERKEZ,0,0,1,0,0.0,8.35,0,0,0.0,0,0.0,1,2630.805,0,0.0,26.95315948,38.4927859
633.51,0,54708804,0,0.0,KUCUK_TICARETHANE,35-09-M00538,CIGLI,35,0,0,SASALLI MERKEZ,0,0,1,0,0.0,8.35,0,0,0.0,0,0.0,1,633.51,0,0.0,26.94271362,38.50398375
3014.111,0,54708808,0,0.0,KUCUK_TICARETHANE,35-09-M00257,CIGLI,35,0,0,SASALLI MERKEZ,0,0,1,0,0.0,8.35,0,0,0.0,0,0.0,1,3014.111,0,0.0,26.95211794,38.49525633
54675.17,0,54708816,0,0.0,ORTA_TICARETHANE,35-09-M00257,CIGLI,35,0,0,SASALLI MERKEZ,0,0,2,0,0.0,6.675,0,0,0.0,0,0.0,2,54675.17,0,0.0,26.95310753,38.49619521
1038.27,0,54708823,0,0.0,KUCUK_TICARETHANE,35-09-M01401,CIGLI,35,0,0,SASALLI MERKEZ,0,0,1,0,0.0,8.35,0,0,0.0,0,0.0,1,1038.27,0,0.0,26.95449898,38.50604721
1776.273,0,54708877,0,0.0,KUCUK_TICARETHANE,35-09-M00403,CIGLI,35,0,0,BALATCIK,0,0,1,0,0.0,8.35,0,0,0.0,0,0.0,1,1776.273,0,0.0,27.04547248,38.51379706
91537.51000000001,0,54708881,0,0.0,ORTA_TICARETHANE,35-09-K03266,CIGLI,35,0,0,BALATCIK,0,0,2,0,0.0,8.35,0,0,0.0,0,0.0,2,91537.51000000001,0,0.0,27.04192708,38.51317835
2375.548,0,54708935,1,2375.548,AYDINLATMA,35-09-K03266,CIGLI,35,0,0,BALATCIK,0,0,0,0,0.0,1.875,0,0,0.0,0,0.0,0,0.0,0,0.0,27.04428752,38.51296085
4265.235,0,54708943,0,0.0,KUCUK_TICARETHANE,35-09-K03266,CIGLI,35,0,0,BALATCIK,0,0,1,0,0.0,8.35,0,0,0.0,0,0.0,1,4265.235,0,0.0,27.04436275,38.51272936
8437.856,0,54708946,0,0.0,KUCUK_TICARETHANE,35-09-M01932,CIGLI,35,0,0,BALATCIK,0,0,1,0,0.0,13.2,0,0,0.0,0,0.0,1,8437.856,0,0.0,27.042732,38.51072786
3018.604,0,54708949,0,0.0,KUCUK_TICARETHANE,35-09-K03266,CIGLI,35,0,0,BALATCIK,0,0,1,0,0.0,8.35,0,0,0.0,0,0.0,1,3018.604,0,0.0,27.04527983,38.51151945
11672.21,0,54708955,0,0.0,ORTA_TICARETHANE,35-09-K03266,CIGLI,35,0,0,BALATCIK,0,0,1,0,0.0,8.35,0,0,0.0,0,0.0,1,11672.21,0,0.0,27.04616333,38.51162981
22744.926,0,54708983,0,0.0,ORTA_TICARETHANE,35-09-K03266,CIGLI,35,0,0,BALATCIK,0,0,4,0,0.0,5.8375,0,0,0.0,0,0.0,4,22744.926,0,0.0,27.04529804,38.51161648
2310.674,0,54708997,0,0.0,KUCUK_TICARETHANE,35-09-M00103,CIGLI,35,0,0,BALATCIK,0,0,1,0,0.0,8.35,0,0,0.0,0,0.0,1,2310.674,0,0.0,27.04135687,38.51712466
5822.286,0,54709004,0,0.0,KUCUK_TICARETHANE,35-09-M00625,CIGLI,35,0,0,BALATCIK,0,0,1,0,0.0,8.35,0,0,0.0,0,0.0,1,5822.286,0,0.0,27.04037942,38.5195074
1359.017,0,54709017,0,0.0,KUCUK_TICARETHANE,35-09-M00396,CIGLI,35,0,0,BALATCIK,0,0,1,0,0.0,8.35,0,0,0.0,0,0.0,1,1359.017,0,0.0,27.04035099,38.50900056
1749.251,0,54709027,1,1749.251,AYDINLATMA,35-09-K03266,CIGLI,35,0,0,BALATCIK,0,0,0,0,0.0,1.838,0,0,0.0,0,0.0,0,0.0,0,0.0,27.04429272,38.51178837
3009.888,0,54709048,0,0.0,KUCUK_TICARETHANE,35-09-M00999,CIGLI,35,0,0,BALATCIK,0,0,1,0,0.0,8.35,0,0,0.0,0,0.0,1,3009.888,0,0.0,27.04010514,38.5113306
458.275,0,54709052,0,0.0,KUCUK_TICARETHANE,35-09-M02091,CIGLI,35,0,0,BALATCIK,0,0,1,0,0.0,5.0,0,0,0.0,0,0.0,1,458.275,0,0.0,27.03957065,38.51363402
1346.481,0,54709066,0,0.0,KUCUK_TICARETHANE,35-09-M00999,CIGLI,35,0,0,BALATCIK,0,0,1,0,0.0,8.35,0,0,0.0,0,0.0,1,1346.481,0,0.0,27.03916728,38.51053431
386481.217,0,54709069,0,0.0,ORTA_TICARETHANE,35-09-M00999,CIGLI,35,0,0,BALATCIK,0,0,7,0,0.0,197.31428571428572,0,0,0.0,0,0.0,7,386481.217,0,0.0,27.03844227,38.51262967
1296.377,0,54709113,0,0.0,KUCUK_TICARETHANE,35-09-M02091,CIGLI,35,0,0,BALATCIK,0,0,1,0,0.0,8.35,0,0,0.0,0,0.0,1,1296.377,0,0.0,27.03930354,38.51494778
1767.213,0,54709126,0,0.0,KUCUK_TICARETHANE,35-09-M01308,CIGLI,35,0,0,AHMET EFENDI,0,0,1,0,0.0,8.35,0,0,0.0,0,0.0,1,1767.213,0,0.0,27.03948997,38.52123262
59785.78,0,54709131,1,59785.78,AYDINLATMA,35-09-M00103,CIGLI,35,0,0,BALATCIK,0,0,0,0,0.0,14.73,0,0,0.0,0,0.0,0,0.0,0,0.0,27.03976531,38.51875714
5790.01,0,54709137,0,0.0,KUCUK_TICARETHANE,35-09-M00400,CIGLI,35,0,0,BALATCIK,0,0,1,0,0.0,8.35,0,0,0.0,0,0.0,1,5790.01,0,0.0,27.03858028,38.51827717
45855.051,0,54709140,0,0.0,ORTA_TICARETHANE,35-09-M01383,CIGLI,35,0,0,BALATCIK,0,0,9,0,0.0,15.643333333333333,0,0,0.0,0,0.0,9,45855.051,0,0.0,27.03639888,38.51815203
18973.56,0,54709184,0,0.0,ORTA_TICARETHANE,35-09-M01383,CIGLI,35,0,0,BALATCIK,0,0,1,0,0.0,8.38,0,0,0.0,0,0.0,1,18973.56,0,0.0,27.03622155,38.51829072
74750.35,0,54709198,0,0.0,ORTA_TICARETHANE,35-09-M01357,CIGLI,35,0,0,BALATCIK,0,0,1,0,0.0,25.2,0,0,0.0,0,0.0,1,74750.35,0,0.0,27.03729428,38.51597137
7733.064,0,54709220,0,0.0,KUCUK_TICARETHANE,35-09-M00999,CIGLI,35,0,0,BALATCIK,0,0,1,0,0.0,14.4,0,0,0.0,0,0.0,1,7733.064,0,0.0,27.03707306,38.51142427
38193.0,0,54709225,0,0.0,ORTA_TICARETHANE,35-09-M02348,CIGLI,35,0,0,KAKLIC,0,0,1,0,0.0,5.0,0,0,0.0,0,0.0,1,38193.0,0,0.0,26.99295591,38.50199648
25429.49,0,54709234,0,0.0,ORTA_TICARETHANE,35-09-M02348,CIGLI,35,0,0,KAKLIC,0,0,1,0,0.0,25.892,0,0,0.0,0,0.0,1,25429.49,0,0.0,26.99091755,38.49952498
6444.65,0,54709269,0,0.0,KUCUK_TICARETHANE,35-09-M02092,CIGLI,35,0,0,INONU,0,0,1,0,0.0,8.35,0,0,0.0,0,0.0,1,6444.65,0,0.0,27.04488806,38.52942435
1336.039,0,54713256,0,0.0,KUCUK_TICARETHANE,35-09-M01387,CIGLI,35,0,0,SASALLI MERKEZ,0,0,1,0,0.0,8.35,0,0,0.0,0,0.0,1,1336.039,0,0.0,26.96145718,38.50623158
2975.425,0,54713932,0,0.0,KUCUK_TICARETHANE,35-09-K04336,CIGLI,35,0,0,ATATURK,0,0,1,0,0.0,8.35,0,0,0.0,0,0.0,1,2975.425,0,0.0,27.06132587,38.52177215
6385.807,0,54714031,0,0.0,ORTA_TICARETHANE,35-09-M02465,CIGLI,35,0,0,KUCUK CIGLI,0,0,1,0,0.0,15.7,0,0,0.0,0,0.0,1,6385.807,0,0.0,27.04851928,38.50316762
922.595,0,54714067,0,0.0,KUCUK_TICARETHANE,35-09-K02771,CIGLI,35,0,0,ESENTEPE,0,0,1,0,0.0,8.35,0,0,0.0,0,0.0,1,922.595,0,0.0,27.04883734,38.51077514
65653.61,0,54767018,0,0.0,ORTA_TICARETHANE,35-04-M01801,KARSIYAKA,35,0,0,MAVISEHIR,0,0,2,1,32969.47,30.774,0,0,0.0,0,0.0,1,32684.14,0,0.0,27.06572608,38.46834334
11492.4,0,54981109,0,0.0,ORTA_TICARETHANE,35-09-M01145,CIGLI,35,0,0,KAKLIC,0,0,1,0,0.0,7.14,0,0,0.0,0,0.0,1,11492.4,0,0.0,26.99280522,38.50393916
34376.53,0,54996263,1,34376.53,AYDINLATMA,35-09-M01989,CIGLI,35,0,0,CAGDAS,0,0,0,0,0.0,8.741,0,0,0.0,0,0.0,0,0.0,0,0.0,27.05739232,38.50625637
20526.8,0,54996613,1,20526.8,AYDINLATMA,35-09-M01979,CIGLI,35,0,0,EGEKENT,0,0,0,0,0.0,7.069,0,0,0.0,0,0.0,0,0.0,0,0.0,27.06158481,38.50166947
18800.78,0,54996788,1,18800.78,AYDINLATMA,35-09-M01978,CIGLI,35,0,0,CAGDAS,0,0,0,0,0.0,5.073,0,0,0.0,0,0.0,0,0.0,0,0.0,27.06469085,38.50028207
37021.03,0,54997402,1,37021.03,AYDINLATMA,35-09-M01976,CIGLI,35,0,0,YAKAKENT,0,0,0,0,0.0,10.799,0,0,0.0,0,0.0,0,0.0,0,0.0,27.07455857,38.50415508
87666.01,0,54997527,2,87666.01,AYDINLATMA,35-09-M01975,CIGLI,35,0,0,YAKAKENT,0,0,0,0,0.0,13.8295,0,0,0.0,0,0.0,0,0.0,0,0.0,27.07948619,38.50475327
143967.0,0,54997809,1,143967.0,AYDINLATMA,35-09-M01974,CIGLI,35,0,0,EVKA - 2,0,0,0,0,0.0,36.21,0,0,0.0,0,0.0,0,0.0,0,0.0,27.08148706,38.49848115
26092.43,0,54998033,1,26092.43,AYDINLATMA,35-09-M02104,CIGLI,35,0,0,SIRINTEPE,0,0,0,0,0.0,8.277,0,0,0.0,0,0.0,0,0.0,0,0.0,27.07387906,38.49512873
3103.785,0,55012937,1,3103.785,AYDINLATMA,35-04-K02436,KARSIYAKA,35,0,0,MUSTAFA KEMAL,0,0,0,0,0.0,1.172,0,0,0.0,0,0.0,0,0.0,0,0.0,27.09699267,38.49481761
3778.963,0,55020964,1,3778.963,AYDINLATMA,35-09-M02163,CIGLI,35,0,0,HARMANDALI GAZI MUSTAFA KEMAL ATATURK,0,0,0,0,0.0,2.398,0,0,0.0,0,0.0,0,0.0,0,0.0,27.0474223,38.53325004
37144.86,0,55026503,1,37144.86,AYDINLATMA,35-04-M02100,KARSIYAKA,35,0,0,IMBATLI,0,0,0,0,0.0,12.41,0,0,0.0,0,0.0,0,0.0,0,0.0,27.10705192,38.4729696
0.0,0,55035324,0,0.0,KUCUK_TICARETHANE,35-09-M02465,CIGLI,35,0,0,KUCUK CIGLI,0,0,1,0,0.0,8.5,0,0,0.0,0,0.0,1,0.0,0,0.0,27.04662599,38.50308921
56386.998,0,56288905,0,0.0,ORTA_TICARETHANE,35-09-M01798,CIGLI,35,0,0,BALATCIK,0,0,11,0,0.0,9.80909090909091,0,0,0.0,0,0.0,11,56386.998,0,0.0,27.0371152,38.5158946
2964.9,0,56307801,0,0.0,ORTA_TICARETHANE,35-04-M01340,KARSIYAKA,35,0,0,YALI,0,0,1,0,0.0,61.97,0,0,0.0,0,0.0,1,2964.9,0,0.0,27.08279168,38.48011446
65616.799,0,56315316,0,0.0,ORTA_TICARETHANE,35-09-M02091,CIGLI,35,0,0,BALATCIK,0,0,3,0,0.0,5.8053333333333335,0,0,0.0,0,0.0,3,65616.799,0,0.0,27.03971696,38.51330915
5806.717,0,56333259,0,0.0,KUCUK_TICARETHANE,35-09-M00256,CIGLI,35,0,0,KAKLIC,0,0,1,0,0.0,5.15,0,0,0.0,0,0.0,1,5806.717,0,0.0,26.985999,38.50826508
5525.698,0,56422879,0,0.0,KUCUK_TICARETHANE,35-09-M02088,CIGLI,35,0,0,BALATCIK,0,0,1,0,0.0,5.2,0,0,0.0,0,0.0,1,5525.698,0,0.0,27.04064879,38.50667342
51864.101,0,56447417,2,51864.101,AYDINLATMA,35-04-M02466,KARSIYAKA,35,0,0,CUMHURIYET,0,0,0,0,0.0,6.7355,0,0,0.0,0,0.0,0,0.0,0,0.0,27.09962499,38.48331201
2410.471,0,56454512,0,0.0,KUCUK_TICARETHANE,35-04-K04503,KARSIYAKA,35,0,0,ZUBEYDE HANIM,0,0,1,0,0.0,5.88,0,0,0.0,0,0.0,1,2410.471,0,0.0,27.11454886,38.49078463
8396.459,0,57755153,1,8325.431,KUCUK_TICARETHANE,35-09-M01979,CIGLI,35,0,0,EGEKENT,0,0,1,0,0.0,4.244,0,0,0.0,0,0.0,1,71.028,0,0.0,27.06167592,38.50170093
7124.031,0,57755191,1,7124.031,AYDINLATMA,35-09-M00212,CIGLI,35,0,0,INONU,0,0,0,0,0.0,1.816,0,0,0.0,0,0.0,0,0.0,0,0.0,27.04608035,38.52926805
32279.32,0,57757924,0,0.0,ORTA_TICARETHANE,35-09-M02387,CIGLI,35,0,0,UGUR MUMCU,0,0,1,0,0.0,36.884,0,0,0.0,0,0.0,1,32279.32,0,0.0,27.04312848,38.52198647
30319.71,0,57795491,0,0.0,ORTA_TICARETHANE,35-09-K02499,CIGLI,35,0,0,AYDINLIKEVLER,0,0,1,0,0.0,10.24,0,0,0.0,0,0.0,1,30319.71,0,0.0,27.07879788,38.48943226
3783.161,0,57839600,0,0.0,KUCUK_TICARETHANE,35-09-K01859,CIGLI,35,0,0,KUCUK CIGLI,0,0,1,0,0.0,8.76,0,0,0.0,0,0.0,1,3783.161,0,0.0,27.04821501,38.50162796
45338.520000000004,0,57949200,2,45338.520000000004,AYDINLATMA,35-09-M00103,CIGLI,35,0,0,BALATCIK,0,0,0,0,0.0,7.022500000000001,0,0,0.0,0,0.0,0,0.0,0,0.0,27.04128039,38.51706567
70242.0,0,57960532,0,0.0,ORTA_TICARETHANE,35-04-K04133,KARSIYAKA,35,0,0,SEMIKLER,0,0,1,0,0.0,47.0,0,0,0.0,0,0.0,1,70242.0,0,0.0,27.09744046,38.47236874
10220.391,0,57967527,0,0.0,ORTA_TICARETHANE,35-09-K02733,CIGLI,35,0,0,ATASEHIR,0,0,2,0,0.0,5.28,0,0,0.0,0,0.0,2,10220.391,0,0.0,27.06501382,38.48743871
3657.636,0,57969125,0,0.0,KUCUK_TICARETHANE,35-09-M03090,CIGLI,35,0,0,YENI MAHALLE,0,0,1,0,0.0,5.4,0,0,0.0,0,0.0,1,3657.636,0,0.0,27.05106862,38.49947897
31105.49,0,58054478,0,0.0,ORTA_TICARETHANE,35-09-M00347,CIGLI,35,0,0,SASALLI MERKEZ,0,0,1,0,0.0,8.5,0,0,0.0,0,0.0,1,31105.49,0,0.0,26.94731145,38.49080998
18942.67,0,58108199,0,0.0,ORTA_TICARETHANE,35-04-M02100,KARSIYAKA,35,0,0,IMBATLI,0,0,1,0,0.0,5.2,0,0,0.0,0,0.0,1,18942.67,0,0.0,27.10776728,38.473959
34638.85,0,59853240,0,0.0,ORTA_TICARETHANE,35-09-M00207,CIGLI,35,0,0,CUMHURIYET,0,0,1,0,0.0,20.0,0,0,0.0,0,0.0,1,34638.85,0,0.0,27.05288116,38.53729888
41057.77,0,60227872,1,41057.77,AYDINLATMA,35-09-M01980,CIGLI,35,0,0,CAGDAS,0,0,0,0,0.0,11.906,0,0,0.0,0,0.0,0,0.0,0,0.0,27.05972747,38.50225205
5863.863,0,60666001,0,0.0,KUCUK_TICARETHANE,35-04-K04709,KARSIYAKA,35,0,0,SEMIKLER,0,0,1,0,0.0,5.0,0,0,0.0,0,0.0,1,5863.863,0,0.0,27.09922936,38.47130423
22207.46,0,60696658,0,0.0,ORTA_TICARETHANE,,CIGLI,35,0,0,KOYICI,0,0,1,0,0.0,35.063,0,0,0.0,0,0.0,1,22207.46,0,0.0,27.0627025,38.49798563
36439.380000000005,0,60720677,2,36439.380000000005,AYDINLATMA,35-04-K03083,KARSIYAKA,35,0,0,FIKRI ALTAY,0,0,0,0,0.0,7.1530000000000005,0,0,0.0,0,0.0,0,0.0,0,0.0,27.0999131,38.4718935
1124.949,0,60739470,0,0.0,KUCUK_TICARETHANE,35-09-M00255,CIGLI,35,0,0,KAKLIC,0,0,1,0,0.0,5.96,0,0,0.0,0,0.0,1,1124.949,0,0.0,26.98794793,38.50773945
87571.12,0,60985684,0,0.0,ORTA_SANAYI,35-09-M02644Ã–,CIGLI,35,0,0,SASALLI MERKEZ,0,0,1,0,0.0,250.0,0,1,87571.12,0,0.0,0,0.0,0,0.0,26.94706128,38.49872536
60374.371,0,61203012,0,0.0,ORTA_TICARETHANE,35-04-K03012,KARSIYAKA,35,0,0,IMBATLI,0,0,2,0,0.0,123.84,0,0,0.0,0,0.0,2,60374.371,0,0.0,27.11116269,38.47176579
49708.27,0,61324468,0,0.0,ORTA_TICARETHANE,35-09-M00845,CIGLI,35,0,0,UGUR MUMCU,0,0,1,0,0.0,13.76,0,0,0.0,0,0.0,1,49708.27,0,0.0,27.0456647,38.52380833
94793.679,0,61418754,0,0.0,ORTA_TICARETHANE,35-04-K03082,KARSIYAKA,35,0,0,LATIFE HANIM,0,0,3,2,9828.548999999999,12.950666666666665,0,0,0.0,0,0.0,1,84965.13,0,0.0,27.1156586,38.4915848
37570.95,0,61429233,0,0.0,ORTA_TICARETHANE,35-04-K04756,KARSIYAKA,35,0,0,LATIFE HANIM,0,0,1,0,0.0,41.3,0,0,0.0,0,0.0,1,37570.95,0,0.0,27.12175215,38.5014616
381.316,0,61506877,0,0.0,KUCUK_TICARETHANE,35-09-K04314,CIGLI,35,0,0,KUCUK CIGLI,0,0,1,0,0.0,7.9,0,0,0.0,0,0.0,1,381.316,0,0.0,27.0545928,38.49830558
9121.173,0,61506978,0,0.0,KUCUK_TICARETHANE,35-09-K01867,CIGLI,35,0,0,KUCUK CIGLI,0,0,1,0,0.0,8.2,0,0,0.0,0,0.0,1,9121.173,0,0.0,27.05284663,38.50465904
1206.931,0,61542166,0,0.0,KUCUK_TICARETHANE,35-04-K02578,KARSIYAKA,35,0,0,YALI,0,0,1,0,0.0,5.0,0,0,0.0,0,0.0,1,1206.931,0,0.0,27.09646647,38.46763029
117297.1,0,61571500,0,0.0,ORTA_TICARETHANE,35-09-M02673Ã–,CIGLI,35,0,0,KAKLIC,0,0,1,0,0.0,100.0,0,0,0.0,0,0.0,1,117297.1,0,0.0,26.98828488,38.4950571
252.651,0,61574699,0,0.0,KUCUK_TICARETHANE,35-09-K01858,CIGLI,35,0,0,KUCUK CIGLI,0,0,1,0,0.0,5.0,0,0,0.0,0,0.0,1,252.651,0,0.0,27.04688439,38.50278473
3826.873,0,62489672,0,0.0,KUCUK_TICARETHANE,35-04-K00587,KARSIYAKA,35,0,0,BOSTANLI,0,0,1,0,0.0,5.0,0,0,0.0,0,0.0,1,3826.873,0,0.0,27.09755277,38.45564786
5460.655,0,62495207,0,0.0,KUCUK_TICARETHANE,35-04-K01091,KARSIYAKA,35,0,0,BOSTANLI,0,0,1,0,0.0,5.0,0,0,0.0,0,0.0,1,5460.655,0,0.0,27.10429266,38.45201234
5541.635,0,62499161,0,0.0,KUCUK_TICARETHANE,35-04-M01173,KARSIYAKA,35,0,0,ORNEKKOY,0,0,1,0,0.0,8.4,0,0,0.0,0,0.0,1,5541.635,0,0.0,27.11069342,38.48071633
2246.805,0,62538501,0,0.0,KUCUK_TICARETHANE,35-04-K03109,KARSIYAKA,35,0,0,ALAYBEY,0,0,1,0,0.0,5.0,0,0,0.0,0,0.0,1,2246.805,0,0.0,27.12309195,38.45910879
1235.729,0,62538525,0,0.0,KUCUK_TICARETHANE,35-04-K03109,KARSIYAKA,35,0,0,ALAYBEY,0,0,1,0,0.0,5.0,0,0,0.0,0,0.0,1,1235.729,0,0.0,27.12419596,38.45883502
1263.068,0,62538548,0,0.0,KUCUK_TICARETHANE,35-09-M00209,CIGLI,35,0,0,HARMANDALI GAZI MUSTAFA KEMAL ATATURK,0,0,1,0,0.0,5.0,0,0,0.0,0,0.0,1,1263.068,0,0.0,27.05166975,38.5343685
1354.254,0,62538620,0,0.0,KUCUK_TICARETHANE,35-09-M00219,CIGLI,35,0,0,HARMANDALI GAZI MUSTAFA KEMAL ATATURK,0,0,1,0,0.0,5.0,0,0,0.0,0,0.0,1,1354.254,0,0.0,27.04893967,38.53199673
1159.795,0,62538656,0,0.0,KUCUK_TICARETHANE,35-09-M00209,CIGLI,35,0,0,HARMANDALI GAZI MUSTAFA KEMAL ATATURK,0,0,1,0,0.0,5.0,0,0,0.0,0,0.0,1,1159.795,0,0.0,27.05198188,38.5335119
1288.68,0,62538683,0,0.0,KUCUK_TICARETHANE,35-09-M00208,CIGLI,35,0,0,HARMANDALI GAZI MUSTAFA KEMAL ATATURK,0,0,1,0,0.0,5.0,0,0,0.0,0,0.0,1,1288.68,0,0.0,27.04991335,38.53446114
110017.2,0,62545391,0,0.0,ORTA_TICARETHANE,35-09-K01887,CIGLI,35,0,0,ATASEHIR,0,0,1,0,0.0,140.0,0,0,0.0,0,0.0,1,110017.2,0,0.0,27.07247454,38.48789387
29468.78,0,62640921,0,0.0,ORTA_TICARETHANE,35-09-M01869,CIGLI,35,0,0,INONU,0,0,2,0,0.0,5.05,0,0,0.0,0,0.0,2,29468.78,0,0.0,27.05684771,38.52851239
30755.968999999997,0,62643605,0,0.0,ORTA_TICARETHANE,35-09-M01950,CIGLI,35,0,0,MALTEPE,0,0,2,1,6768.759,8.94,0,0,0.0,0,0.0,1,23987.21,0,0.0,27.07350914,38.48981658
28043.87,0,62686706,0,0.0,ORTA_TICARETHANE,35-04-K00525,KARSIYAKA,35,0,0,BOSTANLI,0,0,1,0,0.0,20.5,0,0,0.0,0,0.0,1,28043.87,0,0.0,27.09531645,38.45487895
2114.074,0,62686713,0,0.0,KUCUK_TICARETHANE,35-04-K00627,KARSIYAKA,35,0,0,BAHCELIEVLER,0,0,1,0,0.0,8.35,0,0,0.0,0,0.0,1,2114.074,0,0.0,27.1190433,38.4634467
3221.435,0,62686714,1,3221.435,AYDINLATMA,35-04-M01026,KARSIYAKA,35,0,0,CUMHURIYET,0,0,0,0,0.0,5.0,0,0,0.0,0,0.0,0,0.0,0,0.0,27.09862237,38.48189806
9485.948,0,62686716,1,9485.948,AYDINLATMA,35-04-K02447,KARSIYAKA,35,0,0,ZUBEYDE HANIM,0,0,0,0,0.0,5.74,0,0,0.0,0,0.0,0,0.0,0,0.0,27.11056501,38.48970941
2023.032,0,62686724,0,0.0,KUCUK_TICARETHANE,35-04-M01892,KARSIYAKA,35,0,0,YALI,0,0,1,0,0.0,8.35,0,0,0.0,0,0.0,1,2023.032,0,0.0,27.08562358,38.47338352
1727.727,0,62686743,1,1727.727,AYDINLATMA,35-04-K00277,KARSIYAKA,35,0,0,AKSOY,0,0,0,0,0.0,0.223,0,0,0.0,0,0.0,0,0.0,0,0.0,27.10669869,38.45527696
20287.673000000003,0,62686752,1,19013.04,ORTA_TICARETHANE,35-04-K00166,KARSIYAKA,35,0,0,BAHARIYE,0,0,1,0,0.0,15.745000000000001,0,0,0.0,0,0.0,1,1274.633,0,0.0,27.1203842,38.46011
921.116,0,62686754,0,0.0,KUCUK_TICARETHANE,35-04-K04708,KARSIYAKA,35,0,0,SEMIKLER,0,0,1,0,0.0,8.333,0,0,0.0,0,0.0,1,921.116,0,0.0,27.09350552,38.47503802
1975.151,0,62686760,0,0.0,KUCUK_TICARETHANE,35-04-M01566,KARSIYAKA,35,0,0,ORNEKKOY,0,0,1,0,0.0,8.35,0,0,0.0,0,0.0,1,1975.151,0,0.0,27.11382257,38.48129021
5785.929,0,62686776,0,0.0,KUCUK_TICARETHANE,35-04-K03214,KARSIYAKA,35,0,0,DEDEBASI,0,0,1,0,0.0,8.35,0,0,0.0,0,0.0,1,5785.929,0,0.0,27.1069693,38.47140659
2311.48,0,62686786,0,0.0,KUCUK_TICARETHANE,35-04-K00363,KARSIYAKA,35,0,0,TUNA,0,0,1,0,0.0,8.35,0,0,0.0,0,0.0,1,2311.48,0,0.0,27.12461532,38.45758245
3022.732,0,62686791,0,0.0,KUCUK_TICARETHANE,35-04-K01670,KARSIYAKA,35,0,0,ALAYBEY,0,0,1,0,0.0,8.35,0,0,0.0,0,0.0,1,3022.732,0,0.0,27.1258795,38.46019366
2773.617,0,62686792,0,0.0,KUCUK_TICARETHANE,35-04-K04619,KARSIYAKA,35,0,0,SEMIKLER,0,0,1,0,0.0,8.35,0,0,0.0,0,0.0,1,2773.617,0,0.0,27.08925833,38.47582369
1431.947,0,62686797,0,0.0,KUCUK_TICARETHANE,35-04-K01735,KARSIYAKA,35,0,0,DEDEBASI,0,0,1,0,0.0,8.35,0,0,0.0,0,0.0,1,1431.947,0,0.0,27.10870757,38.47149279
12829.66,0,62686814,0,0.0,ORTA_TICARETHANE,35-04-K03388,KARSIYAKA,35,0,0,MAVISEHIR,0,0,1,0,0.0,8.35,0,0,0.0,0,0.0,1,12829.66,0,0.0,27.06862707,38.46757787
5660.629,0,62686829,1,5660.629,AYDINLATMA,35-04-K03083,KARSIYAKA,35,0,0,FIKRI ALTAY,0,0,0,0,0.0,5.0,0,0,0.0,0,0.0,0,0.0,0,0.0,27.09967701,38.47186368
3662.655,0,62686835,0,0.0,KUCUK_TICARETHANE,35-04-K01555,KARSIYAKA,35,0,0,DONANMACI,0,0,1,0,0.0,5.0,0,0,0.0,0,0.0,1,3662.655,0,0.0,27.11948758,38.45554723
10.038,0,62686836,1,10.038,AYDINLATMA,35-04-K03388,KARSIYAKA,35,0,0,MAVISEHIR,0,0,0,0,0.0,7.371,0,0,0.0,0,0.0,0,0.0,0,0.0,27.06857788,38.46755474
0.543,0,62686839,0,0.0,KUCUK_TICARETHANE,35-04-M01186,KARSIYAKA,35,0,0,YALI,0,0,1,0,0.0,8.35,0,0,0.0,0,0.0,1,0.543,0,0.0,27.09574123,38.46606026
1637.844,0,62686841,1,1637.844,AYDINLATMA,35-04-M03251,KARSIYAKA,35,0,0,BOSTANLI,0,0,0,0,0.0,0.198,0,0,0.0,0,0.0,0,0.0,0,0.0,27.10678417,38.4565546
2364.165,0,62686844,0,0.0,KUCUK_TICARETHANE,35-04-K04375,KARSIYAKA,35,0,0,SEMIKLER,0,0,1,0,0.0,8.35,0,0,0.0,0,0.0,1,2364.165,0,0.0,27.09923678,38.4732193
2347.726,0,62686847,1,2347.726,AYDINLATMA,35-04-K01624,KARSIYAKA,35,0,0,DEDEBASI,0,0,0,0,0.0,8.35,0,0,0.0,0,0.0,0,0.0,0,0.0,27.10771068,38.46780775
2290.021,0,62686870,0,0.0,KUCUK_TICARETHANE,35-04-K03211,KARSIYAKA,35,0,0,SEMIKLER,0,0,1,0,0.0,8.35,0,0,0.0,0,0.0,1,2290.021,0,0.0,27.09239361,38.4738438
3079.97,0,62686874,1,3079.97,AYDINLATMA,35-04-M01150,KARSIYAKA,35,0,0,ORNEKKOY,0,0,0,0,0.0,1.088,0,0,0.0,0,0.0,0,0.0,0,0.0,27.1140774,38.48045398
289.927,0,62686880,0,0.0,KUCUK_TICARETHANE,35-04-K03848,KARSIYAKA,35,0,0,YALI,0,0,1,0,0.0,8.35,0,0,0.0,0,0.0,1,289.927,0,0.0,27.09342891,38.46731436
4311.725,0,62686882,1,4311.725,AYDINLATMA,35-04-K01091,KARSIYAKA,35,0,0,BOSTANLI,0,0,0,0,0.0,1.049,0,0,0.0,0,0.0,0,0.0,0,0.0,27.10420115,38.45192165
2396.434,0,62686884,1,2396.434,AYDINLATMA,35-04-M02956,KARSIYAKA,35,0,0,BAHRIYE UCOK,0,0,0,0,0.0,8.36,0,0,0.0,0,0.0,0,0.0,0,0.0,27.11339127,38.46357534
792.648,0,62686888,0,0.0,KUCUK_TICARETHANE,35-04-K03848,KARSIYAKA,35,0,0,YALI,0,0,1,0,0.0,8.35,0,0,0.0,0,0.0,1,792.648,0,0.0,27.09407573,38.46664907
0.0,0,62686889,0,0.0,KUCUK_TICARETHANE,35-04-K02760,KARSIYAKA,35,0,0,YALI,0,0,1,0,0.0,8.35,0,0,0.0,0,0.0,1,0.0,0,0.0,27.08936129,38.47187418
1451.673,0,62686890,0,0.0,KUCUK_TICARETHANE,35-04-K01116,KARSIYAKA,35,0,0,ATAKENT,0,0,1,0,0.0,8.35,0,0,0.0,0,0.0,1,1451.673,0,0.0,27.09080686,38.46361239
724.359,0,62686901,0,0.0,KUCUK_TICARETHANE,35-04-K00197,KARSIYAKA,35,0,0,SEMIKLER,0,0,1,0,0.0,8.333,0,0,0.0,0,0.0,1,724.359,0,0.0,27.09451415,38.47003684
7040.15,0,62686920,1,7040.15,AYDINLATMA,35-04-K00849,KARSIYAKA,35,0,0,BOSTANLI,0,0,0,0,0.0,5.0,0,0,0.0,0,0.0,0,0.0,0,0.0,27.0948583,38.45893272
2218.353,0,62686940,1,2218.353,AYDINLATMA,35-04-K04320,KARSIYAKA,35,0,0,SEMIKLER,0,0,0,0,0.0,0.47,0,0,0.0,0,0.0,0,0.0,0,0.0,27.09607354,38.46968027
2380.785,0,62686943,1,2380.785,AYDINLATMA,35-04-K03723,KARSIYAKA,35,0,0,BAHCELIEVLER,0,0,0,0,0.0,0.575,0,0,0.0,0,0.0,0,0.0,0,0.0,27.1240022,38.46528354
1781.164,0,62686954,0,0.0,KUCUK_TICARETHANE,35-04-M01741,KARSIYAKA,35,0,0,ORNEKKOY,0,0,1,0,0.0,8.35,0,0,0.0,0,0.0,1,1781.164,0,0.0,27.11062541,38.48020274
1322.982,0,62686966,1,1322.982,AYDINLATMA,35-04-K03043,KARSIYAKA,35,0,0,BAHCELIEVLER,0,0,0,0,0.0,0.184,0,0,0.0,0,0.0,0,0.0,0,0.0,27.11978528,38.46604854
2484.365,0,62686967,1,2484.365,AYDINLATMA,35-04-K03792,KARSIYAKA,35,0,0,ZUBEYDE HANIM,0,0,0,0,0.0,0.257,0,0,0.0,0,0.0,0,0.0,0,0.0,27.11585063,38.49510676
1089.046,0,62686971,0,0.0,KUCUK_TICARETHANE,35-04-K01756,KARSIYAKA,35,0,0,BAHCELIEVLER,0,0,1,0,0.0,8.35,0,0,0.0,0,0.0,1,1089.046,0,0.0,27.126474,38.46626202
1444.725,0,62687000,1,1444.725,AYDINLATMA,35-04-K00807,KARSIYAKA,35,0,0,BAHRIYE UCOK,0,0,0,0,0.0,0.184,0,0,0.0,0,0.0,0,0.0,0,0.0,27.10803814,38.46087105
0.0,0,62687012,0,0.0,KUCUK_TICARETHANE,35-04-K01746,KARSIYAKA,35,0,0,DONANMACI,0,0,1,0,0.0,5.0,0,0,0.0,0,0.0,1,0.0,0,0.0,27.11534843,38.45675009
2479.021,0,62687013,1,2479.021,AYDINLATMA,35-04-K00243,KARSIYAKA,35,0,0,CUMHURIYET,0,0,0,0,0.0,8.333,0,0,0.0,0,0.0,0,0.0,0,0.0,27.09675485,38.48084408
2610.808,0,62687016,0,0.0,KUCUK_TICARETHANE,35-04-K01067,KARSIYAKA,35,0,0,BAHCELIEVLER,0,0,1,0,0.0,8.35,0,0,0.0,0,0.0,1,2610.808,0,0.0,27.12216585,38.46571195
0.0,0,62687026,0,0.0,KUCUK_TICARETHANE,35-04-K02940,KARSIYAKA,35,0,0,SEMIKLER,0,0,1,0,0.0,8.333,0,0,0.0,0,0.0,1,0.0,0,0.0,27.0980159,38.47704908
42582.29,0,62687030,1,42582.29,AYDINLATMA,35-04-K00587,KARSIYAKA,35,0,0,BOSTANLI,0,0,0,0,0.0,13.4,0,0,0.0,0,0.0,0,0.0,0,0.0,27.09772003,38.45595225
3827.507,0,62687033,1,3827.507,AYDINLATMA,35-04-K02447,KARSIYAKA,35,0,0,ZUBEYDE HANIM,0,0,0,0,0.0,8.333,0,0,0.0,0,0.0,0,0.0,0,0.0,27.10901494,38.48963633
884.025,0,62687037,0,0.0,KUCUK_TICARETHANE,35-04-M01743,KARSIYAKA,35,0,0,YALI,0,0,1,0,0.0,8.35,0,0,0.0,0,0.0,1,884.025,0,0.0,27.09022366,38.47267643
6509.058,0,62687038,0,0.0,KUCUK_TICARETHANE,35-04-M02326,KARSIYAKA,35,0,0,ORNEKKOY,0,0,1,0,0.0,8.35,0,0,0.0,0,0.0,1,6509.058,0,0.0,27.10994152,38.47626114
2849.649,0,62687043,0,0.0,KUCUK_TICARETHANE,35-04-K00166,KARSIYAKA,35,0,0,BAHARIYE,0,0,1,0,0.0,8.35,0,0,0.0,0,0.0,1,2849.649,0,0.0,27.12155294,38.46202053
19465.22,0,62687053,0,0.0,ORTA_TICARETHANE,35-04-M00947,KARSIYAKA,35,0,0,MUSTAFA KEMAL,0,0,1,0,0.0,8.35,0,0,0.0,0,0.0,1,19465.22,0,0.0,27.09109655,38.49167224
20121.02,0,62687054,0,0.0,ORTA_TICARETHANE,35-04-M01174,KARSIYAKA,35,0,0,YALI,0,0,1,0,0.0,8.35,0,0,0.0,0,0.0,1,20121.02,0,0.0,27.09815851,38.46594134
7661.994,0,62687058,1,7661.994,AYDINLATMA,35-04-K01624,KARSIYAKA,35,0,0,DEDEBASI,0,0,0,0,0.0,3.232,0,0,0.0,0,0.0,0,0.0,0,0.0,27.10704224,38.46799302
0.0,0,62687060,0,0.0,KUCUK_TICARETHANE,35-04-K00358,KARSIYAKA,35,0,0,ORNEKKOY,0,0,1,0,0.0,8.35,0,0,0.0,0,0.0,1,0.0,0,0.0,27.10932654,38.48065013
2292.703,0,62687064,1,2292.703,AYDINLATMA,35-04-K01051,KARSIYAKA,35,0,0,BAHRIYE UCOK,0,0,0,0,0.0,0.29,0,0,0.0,0,0.0,0,0.0,0,0.0,27.10861579,38.46300963
892.615,0,62687068,0,0.0,KUCUK_TICARETHANE,35-04-K02578,KARSIYAKA,35,0,0,YALI,0,0,1,0,0.0,8.333,0,0,0.0,0,0.0,1,892.615,0,0.0,27.09371417,38.46813326
2287.419,0,62687070,1,2287.419,AYDINLATMA,35-04-K01670,KARSIYAKA,35,0,0,ALAYBEY,0,0,0,0,0.0,0.25,0,0,0.0,0,0.0,0,0.0,0,0.0,27.12674123,38.45987336
61379.29,0,62687080,0,0.0,ORTA_TICARETHANE,35-04-K00885,KARSIYAKA,35,0,0,ATAKENT,0,0,3,0,0.0,6.2299999999999995,0,0,0.0,0,0.0,3,61379.29,0,0.0,27.08926499,38.46619111
802.279,0,62687082,0,0.0,KUCUK_TICARETHANE,35-04-K01542,KARSIYAKA,35,0,0,ATAKENT,0,0,1,0,0.0,8.333,0,0,0.0,0,0.0,1,802.279,0,0.0,27.08407301,38.46747924
687.502,0,62687085,0,0.0,KUCUK_TICARETHANE,35-04-K02376,KARSIYAKA,35,0,0,ORNEKKOY,0,0,1,0,0.0,8.35,0,0,0.0,0,0.0,1,687.502,0,0.0,27.10374167,38.48589643
2012.563,0,62687091,0,0.0,KUCUK_TICARETHANE,35-04-K03083,KARSIYAKA,35,0,0,FIKRI ALTAY,0,0,1,0,0.0,8.35,0,0,0.0,0,0.0,1,2012.563,0,0.0,27.10039956,38.47282355
2395.52,0,62687095,1,2395.52,AYDINLATMA,35-04-K04689,KARSIYAKA,35,0,0,BOSTANLI,0,0,0,0,0.0,0.273,0,0,0.0,0,0.0,0,0.0,0,0.0,27.09496283,38.45822219
319.628,0,62687097,0,0.0,KUCUK_TICARETHANE,35-04-K01450,KARSIYAKA,35,0,0,YALI,0,0,1,0,0.0,8.35,0,0,0.0,0,0.0,1,319.628,0,0.0,27.08894121,38.46841621
1458.374,0,62687100,0,0.0,KUCUK_TICARETHANE,35-04-M02777,KARSIYAKA,35,0,0,BOSTANLI,0,0,1,0,0.0,8.35,0,0,0.0,0,0.0,1,1458.374,0,0.0,27.09811647,38.45913369
15880.59,0,62687106,0,0.0,ORTA_TICARETHANE,35-04-K02595,KARSIYAKA,35,0,0,MAVISEHIR,0,0,1,0,0.0,5.34,0,0,0.0,0,0.0,1,15880.59,0,0.0,27.06934028,38.47258063
2667.5,0,62687109,1,2667.5,AYDINLATMA,35-04-K03676,KARSIYAKA,35,0,0,BAHRIYE UCOK,0,0,0,0,0.0,0.255,0,0,0.0,0,0.0,0,0.0,0,0.0,27.11443495,38.46009065
1870.686,0,62687114,1,1870.686,AYDINLATMA,,KARSIYAKA,35,0,0,BAHCELIEVLER,0,0,0,0,0.0,0.248,0,0,0.0,0,0.0,0,0.0,0,0.0,27.11125377,38.46448923
2763.477,0,62687116,1,2763.477,AYDINLATMA,35-04-K00191,KARSIYAKA,35,0,0,BOSTANLI,0,0,0,0,0.0,0.741,0,0,0.0,0,0.0,0,0.0,0,0.0,27.09314893,38.46218856
973.647,0,62687127,1,973.647,AYDINLATMA,35-04-K01064,KARSIYAKA,35,0,0,BAHARIYE,0,0,0,0,0.0,0.145,0,0,0.0,0,0.0,0,0.0,0,0.0,27.11872083,38.46134668
5970.798,0,62687132,1,5970.798,AYDINLATMA,35-04-K03169,KARSIYAKA,35,0,0,AKSOY,0,0,0,0,0.0,5.0,0,0,0.0,0,0.0,0,0.0,0,0.0,27.1071511,38.45253367
757.749,0,62687142,0,0.0,KUCUK_TICARETHANE,35-04-K03850,KARSIYAKA,35,0,0,GONCALAR,0,0,1,0,0.0,8.35,0,0,0.0,0,0.0,1,757.749,0,0.0,27.10810252,38.46726584
578.114,0,62687148,0,0.0,KUCUK_TICARETHANE,35-04-K03203,KARSIYAKA,35,0,0,BAHARIYE,0,0,1,0,0.0,8.35,0,0,0.0,0,0.0,1,578.114,0,0.0,27.11691592,38.46256918
1359.704,0,62687150,0,0.0,KUCUK_TICARETHANE,35-04-M01442,KARSIYAKA,35,0,0,DEDEBASI,0,0,1,0,0.0,8.35,0,0,0.0,0,0.0,1,1359.704,0,0.0,27.10476579,38.47251333
682.36,0,62687154,0,0.0,KUCUK_TICARETHANE,35-04-K03848,KARSIYAKA,35,0,0,YALI,0,0,1,0,0.0,8.35,0,0,0.0,0,0.0,1,682.36,0,0.0,27.09345972,38.46733632
2398.901,0,62687158,1,2398.901,AYDINLATMA,35-04-K03850,KARSIYAKA,35,0,0,GONCALAR,0,0,0,0,0.0,8.35,0,0,0.0,0,0.0,0,0.0,0,0.0,27.10799196,38.46661308
1773.133,0,62687159,1,1773.133,AYDINLATMA,35-04-M01268,KARSIYAKA,35,0,0,YALI,0,0,0,0,0.0,5.0,0,0,0.0,0,0.0,0,0.0,0,0.0,27.08819193,38.46969327
1598.437,0,62687160,1,1598.437,AYDINLATMA,35-04-K00807,KARSIYAKA,35,0,0,BAHRIYE UCOK,0,0,0,0,0.0,0.219,0,0,0.0,0,0.0,0,0.0,0,0.0,27.10762517,38.45916097
1292.0,0,62687162,0,0.0,KUCUK_TICARETHANE,35-04-M01035,KARSIYAKA,35,0,0,YALI,0,0,1,0,0.0,8.35,0,0,0.0,0,0.0,1,1292.0,0,0.0,27.09280259,38.46557041
794.654,0,62687165,0,0.0,KUCUK_TICARETHANE,35-04-K00590,KARSIYAKA,35,0,0,BAHRIYE UCOK,0,0,1,0,0.0,8.35,0,0,0.0,0,0.0,1,794.654,0,0.0,27.11363005,38.45882601
465.828,0,62687175,0,0.0,KUCUK_TICARETHANE,35-04-K03203,KARSIYAKA,35,0,0,BAHARIYE,0,0,1,0,0.0,8.35,0,0,0.0,0,0.0,1,465.828,0,0.0,27.11803038,38.46226085
1504.37,0,62687176,1,1504.37,AYDINLATMA,35-04-M01041,KARSIYAKA,35,0,0,BAHCELIEVLER,0,0,0,0,0.0,0.193,0,0,0.0,0,0.0,0,0.0,0,0.0,27.11230779,38.46743012
892.674,0,62687189,0,0.0,KUCUK_TICARETHANE,35-04-M01187,KARSIYAKA,35,0,0,YALI,0,0,1,0,0.0,8.35,0,0,0.0,0,0.0,1,892.674,0,0.0,27.095423,38.46693195
1806.835,0,62687194,0,0.0,KUCUK_TICARETHANE,35-04-K00785,KARSIYAKA,35,0,0,YALI,0,0,1,0,0.0,8.35,0,0,0.0,0,0.0,1,1806.835,0,0.0,27.09076748,38.47060637
977.705,0,62687200,0,0.0,KUCUK_TICARETHANE,35-04-K01624,KARSIYAKA,35,0,0,DEDEBASI,0,0,1,0,0.0,8.35,0,0,0.0,0,0.0,1,977.705,0,0.0,27.10579359,38.46881157
11473.38,0,62687215,1,11473.38,AYDINLATMA,35-04-K01589,KARSIYAKA,35,0,0,BAHRIYE UCOK,0,0,0,0,0.0,8.08,0,0,0.0,0,0.0,0,0.0,0,0.0,27.11003113,38.4576826
1185.512,0,62687221,0,0.0,KUCUK_TICARETHANE,35-04-M01265,KARSIYAKA,35,0,0,ORNEKKOY,0,0,1,0,0.0,8.35,0,0,0.0,0,0.0,1,1185.512,0,0.0,27.11397179,38.47469783
16086.67,0,62687231,0,0.0,ORTA_TICARETHANE,35-04-K02447,KARSIYAKA,35,0,0,ZUBEYDE HANIM,0,0,1,0,0.0,5.0,0,0,0.0,0,0.0,1,16086.67,0,0.0,27.11054615,38.48976192
1311.443,0,62687254,1,1311.443,AYDINLATMA,35-04-M02874,KARSIYAKA,35,0,0,ZUBEYDE HANIM,0,0,0,0,0.0,0.716,0,0,0.0,0,0.0,0,0.0,0,0.0,27.10778063,38.49574185
0.0,0,62687259,0,0.0,KUCUK_TICARETHANE,35-04-K00928,KARSIYAKA,35,0,0,TUNA,0,0,1,0,0.0,5.0,0,0,0.0,0,0.0,1,0.0,0,0.0,27.12048366,38.45802737
8679.665,0,62687270,0,0.0,KUCUK_TICARETHANE,35-04-K00363,KARSIYAKA,35,0,0,ALAYBEY,0,0,1,0,0.0,5.0,0,0,0.0,0,0.0,1,8679.665,0,0.0,27.12594358,38.45814984
4991.999,0,62687281,1,4991.999,AYDINLATMA,35-04-K01422,KARSIYAKA,35,0,0,SEMIKLER,0,0,0,0,0.0,5.0,0,0,0.0,0,0.0,0,0.0,0,0.0,27.09753014,38.46944965
17161.87,0,62687286,0,0.0,ORTA_TICARETHANE,35-04-M01174,KARSIYAKA,35,0,0,YALI,0,0,1,0,0.0,8.35,0,0,0.0,0,0.0,1,17161.87,0,0.0,27.09816508,38.46589188
1092.578,0,62687288,0,0.0,KUCUK_TICARETHANE,35-04-K01695,KARSIYAKA,35,0,0,BOSTANLI,0,0,1,0,0.0,8.35,0,0,0.0,0,0.0,1,1092.578,0,0.0,27.09774109,38.46292447
2773.745,0,62687290,0,0.0,KUCUK_TICARETHANE,35-04-K03723,KARSIYAKA,35,0,0,BAHCELIEVLER,0,0,1,0,0.0,8.35,0,0,0.0,0,0.0,1,2773.745,0,0.0,27.12356696,38.46477989
1032.744,0,62687301,0,0.0,KUCUK_TICARETHANE,35-04-M01374,KARSIYAKA,35,0,0,FIKRI ALTAY,0,0,1,0,0.0,8.333,0,0,0.0,0,0.0,1,1032.744,0,0.0,27.10255318,38.47536371
4859.519,0,62687307,1,4859.519,AYDINLATMA,35-04-K03038,KARSIYAKA,35,0,0,DEDEBASI,0,0,0,0,0.0,1.483,0,0,0.0,0,0.0,0,0.0,0,0.0,27.10300232,38.46621168
6750.801,0,62687310,0,0.0,KUCUK_TICARETHANE,35-04-M01173,KARSIYAKA,35,0,0,ORNEKKOY,0,0,1,0,0.0,8.35,0,0,0.0,0,0.0,1,6750.801,0,0.0,27.11128237,38.48187207
2726.101,0,62687353,0,0.0,KUCUK_TICARETHANE,35-04-K00197,KARSIYAKA,35,0,0,SEMIKLER,0,0,1,0,0.0,8.35,0,0,0.0,0,0.0,1,2726.101,0,0.0,27.09365068,38.4710733
2310.296,0,62687355,1,2310.296,AYDINLATMA,35-04-K03148,KARSIYAKA,35,0,0,DEMIRKOPRU,0,0,0,0,0.0,0.629,0,0,0.0,0,0.0,0,0.0,0,0.0,27.10099886,38.46746878
984.604,0,62687362,0,0.0,KUCUK_TICARETHANE,35-04-K03022,KARSIYAKA,35,0,0,YALI,0,0,1,0,0.0,8.333,0,0,0.0,0,0.0,1,984.604,0,0.0,27.0895858,38.47472915
2427.425,0,62687363,0,0.0,KUCUK_TICARETHANE,35-04-K01450,KARSIYAKA,35,0,0,YALI,0,0,1,0,0.0,8.35,0,0,0.0,0,0.0,1,2427.425,0,0.0,27.08756908,38.46843046
145.52,0,62687364,1,145.52,AYDINLATMA,35-04-K00277,KARSIYAKA,35,0,0,AKSOY,0,0,0,0,0.0,6.56,0,0,0.0,0,0.0,0,0.0,0,0.0,27.10630219,38.4539042
1832.18,0,62687368,0,0.0,KUCUK_TICARETHANE,35-04-M01028,KARSIYAKA,35,0,0,IMBATLI,0,0,1,0,0.0,8.35,0,0,0.0,0,0.0,1,1832.18,0,0.0,27.10548484,38.47749683
746.601,0,62687371,0,0.0,KUCUK_TICARETHANE,35-04-K01542,KARSIYAKA,35,0,0,ATAKENT,0,0,1,0,0.0,8.333,0,0,0.0,0,0.0,1,746.601,0,0.0,27.08445145,38.46812326
1147.345,0,62687374,0,0.0,KUCUK_TICARETHANE,35-04-K01065,KARSIYAKA,35,0,0,BAHRIYE UCOK,0,0,1,0,0.0,8.35,0,0,0.0,0,0.0,1,1147.345,0,0.0,27.11228909,38.46205523
6354.776,0,62687402,1,6354.776,AYDINLATMA,35-04-K03036,KARSIYAKA,35,0,0,DEDEBASI,0,0,0,0,0.0,5.0,0,0,0.0,0,0.0,0,0.0,0,0.0,27.10998215,38.46889041
949.851,0,62687408,1,949.851,AYDINLATMA,35-04-K01450,KARSIYAKA,35,0,0,YALI,0,0,0,0,0.0,7.5,0,0,0.0,0,0.0,0,0.0,0,0.0,27.08843323,38.46846028
1296.743,0,62687413,0,0.0,KUCUK_TICARETHANE,35-04-K01483,KARSIYAKA,35,0,0,BOSTANLI,0,0,1,0,0.0,8.35,0,0,0.0,0,0.0,1,1296.743,0,0.0,27.09358768,38.46262653
3563.041,0,62687414,1,3563.041,AYDINLATMA,35-04-M01029,KARSIYAKA,35,0,0,ORNEKKOY,0,0,0,0,0.0,1.109,0,0,0.0,0,0.0,0,0.0,0,0.0,27.11499686,38.47875131
2898.072,0,62687417,0,0.0,KUCUK_TICARETHANE,35-04-M01182,KARSIYAKA,35,0,0,DEMIRKOPRU,0,0,1,0,0.0,8.35,0,0,0.0,0,0.0,1,2898.072,0,0.0,27.09724804,38.4672678
2830.711,0,62687418,0,0.0,KUCUK_TICARETHANE,35-04-M01305,KARSIYAKA,35,0,0,ORNEKKOY,0,0,1,0,0.0,8.35,0,0,0.0,0,0.0,1,2830.711,0,0.0,27.11358167,38.47490145
2513.915,0,62687423,1,2513.915,AYDINLATMA,35-04-M00949,KARSIYAKA,35,0,0,YALI,0,0,0,0,0.0,16.13,0,0,0.0,0,0.0,0,0.0,0,0.0,27.07833914,38.48089908
2586.573,0,62687434,0,0.0,KUCUK_TICARETHANE,35-04-K01670,KARSIYAKA,35,0,0,TERSANE,0,0,1,0,0.0,8.35,0,0,0.0,0,0.0,1,2586.573,0,0.0,27.12568865,38.46141253
6342.069,0,62687438,0,0.0,KUCUK_TICARETHANE,35-04-K00885,KARSIYAKA,35,0,0,ATAKENT,0,0,1,0,0.0,5.0,0,0,0.0,0,0.0,1,6342.069,0,0.0,27.09007225,38.46556408
358.145,0,62687442,0,0.0,KUCUK_TICARETHANE,35-04-K03184,KARSIYAKA,35,0,0,BOSTANLI,0,0,1,0,0.0,8.35,0,0,0.0,0,0.0,1,358.145,0,0.0,27.09363851,38.45979174
2100.343,0,62687464,0,0.0,KUCUK_TICARETHANE,35-04-M01035,KARSIYAKA,35,0,0,ATAKENT,0,0,1,0,0.0,8.35,0,0,0.0,0,0.0,1,2100.343,0,0.0,27.09094204,38.46460867
4370.629,0,62687475,1,4370.629,AYDINLATMA,35-04-K00055,KARSIYAKA,35,0,0,BAHARIYE,0,0,0,0,0.0,0.534,0,0,0.0,0,0.0,0,0.0,0,0.0,27.11492851,38.46205223
2381.99,0,62687476,1,2381.99,AYDINLATMA,35-04-M02777,KARSIYAKA,35,0,0,BOSTANLI,0,0,0,0,0.0,0.275,0,0,0.0,0,0.0,0,0.0,0,0.0,27.09831073,38.45721524
1160.828,0,62687481,0,0.0,KUCUK_TICARETHANE,35-04-K04000,KARSIYAKA,35,0,0,ALAYBEY,0,0,1,0,0.0,8.35,0,0,0.0,0,0.0,1,1160.828,0,0.0,27.12252526,38.46041339
3683.203,0,62687486,1,3683.203,AYDINLATMA,35-04-M03251,KARSIYAKA,35,0,0,BOSTANLI,0,0,0,0,0.0,1.007,0,0,0.0,0,0.0,0,0.0,0,0.0,27.10597995,38.45711134
24002.35,0,62687487,1,24002.35,AYDINLATMA,35-04-K03082,KARSIYAKA,35,0,0,LATIFE HANIM,0,0,0,0,0.0,5.0,0,0,0.0,0,0.0,0,0.0,0,0.0,27.11536241,38.49082521
0.0,0,62687491,0,0.0,KUCUK_TICARETHANE,35-04-K00692,KARSIYAKA,35,0,0,TUNA,0,0,1,0,0.0,5.0,0,0,0.0,0,0.0,1,0.0,0,0.0,27.11654582,38.45796854
0.0,0,62687493,0,0.0,KUCUK_TICARETHANE,35-04-K00928,KARSIYAKA,35,0,0,TUNA,0,0,1,0,0.0,5.0,0,0,0.0,0,0.0,1,0.0,0,0.0,27.11992207,38.45829548
28292.51,0,62687497,0,0.0,ORTA_TICARETHANE,35-04-M03576,KARSIYAKA,35,0,0,BOSTANLI,0,0,1,0,0.0,5.35,0,0,0.0,0,0.0,1,28292.51,0,0.0,27.09055172,38.45960231
704.667,0,62687499,0,0.0,KUCUK_TICARETHANE,35-04-K01542,KARSIYAKA,35,0,0,ATAKENT,0,0,1,0,0.0,8.333,0,0,0.0,0,0.0,1,704.667,0,0.0,27.08355441,38.4667127
3281.787,0,62687517,0,0.0,KUCUK_TICARETHANE,35-04-K03010,KARSIYAKA,35,0,0,YALI,0,0,1,0,0.0,8.35,0,0,0.0,0,0.0,1,3281.787,0,0.0,27.08936414,38.46769673
1348.288,0,62687523,1,1348.288,AYDINLATMA,35-04-K04610,KARSIYAKA,35,0,0,ZUBEYDE HANIM,0,0,0,0,0.0,0.678,0,0,0.0,0,0.0,0,0.0,0,0.0,27.10572842,38.48952567
773.435,0,62687531,0,0.0,KUCUK_TICARETHANE,35-04-M01442,KARSIYAKA,35,0,0,DEDEBASI,0,0,1,0,0.0,8.35,0,0,0.0,0,0.0,1,773.435,0,0.0,27.10432516,38.47169033
4036.832,0,62687554,1,4036.832,AYDINLATMA,35-04-K01227,KARSIYAKA,35,0,0,ORNEKKOY,0,0,0,0,0.0,1.452,0,0,0.0,0,0.0,0,0.0,0,0.0,27.10464339,38.48090059
67935.45,0,62687569,1,67935.45,AYDINLATMA,35-04-M03260,KARSIYAKA,35,0,0,ORNEKKOY,0,0,0,0,0.0,5.0,0,0,0.0,0,0.0,0,0.0,0,0.0,27.11273042,38.48453426
3229.283,0,62687571,0,0.0,KUCUK_TICARETHANE,35-04-K01067,KARSIYAKA,35,0,0,BAHCELIEVLER,0,0,1,0,0.0,8.35,0,0,0.0,0,0.0,1,3229.283,0,0.0,27.12349877,38.46690817
1660.859,0,62687575,0,0.0,KUCUK_TICARETHANE,35-04-K02732,KARSIYAKA,35,0,0,NERGIZ,0,0,1,0,0.0,8.35,0,0,0.0,0,0.0,1,1660.859,0,0.0,27.10181461,38.46320409
4398.783,0,62687584,1,4398.783,AYDINLATMA,35-04-K01735,KARSIYAKA,35,0,0,DEDEBASI,0,0,0,0,0.0,1.348,0,0,0.0,0,0.0,0,0.0,0,0.0,27.10919676,38.47100298
679.354,0,62687586,0,0.0,KUCUK_TICARETHANE,35-04-K01433,KARSIYAKA,35,0,0,DEDEBASI,0,0,1,0,0.0,8.35,0,0,0.0,0,0.0,1,679.354,0,0.0,27.10515343,38.46785419
924.635,0,62687597,0,0.0,KUCUK_TICARETHANE,35-04-K03850,KARSIYAKA,35,0,0,GONCALAR,0,0,1,0,0.0,8.35,0,0,0.0,0,0.0,1,924.635,0,0.0,27.10897325,38.4678295
20693.11,0,62687604,0,0.0,ORTA_TICARETHANE,35-04-M03251,KARSIYAKA,35,0,0,BOSTANLI,0,0,1,0,0.0,8.35,0,0,0.0,0,0.0,1,20693.11,0,0.0,27.10574933,38.45773552
0.0,0,62687607,0,0.0,KUCUK_TICARETHANE,35-04-K01746,KARSIYAKA,35,0,0,DONANMACI,0,0,1,0,0.0,5.0,0,0,0.0,0,0.0,1,0.0,0,0.0,27.11601135,38.45633206
3250.167,0,62687619,1,3250.167,AYDINLATMA,35-04-K01695,KARSIYAKA,35,0,0,BOSTANLI,0,0,0,0,0.0,8.35,0,0,0.0,0,0.0,0,0.0,0,0.0,27.09826163,38.46244401
1760.16,0,62687624,0,0.0,KUCUK_TICARETHANE,35-04-K03083,KARSIYAKA,35,0,0,FIKRI ALTAY,0,0,1,0,0.0,8.35,0,0,0.0,0,0.0,1,1760.16,0,0.0,27.09942498,38.47249754
3591.517,0,62687629,1,3591.517,AYDINLATMA,35-04-K01227,KARSIYAKA,35,0,0,ORNEKKOY,0,0,0,0,0.0,2.51,0,0,0.0,0,0.0,0,0.0,0,0.0,27.10563067,38.48227786
919.464,0,62687637,0,0.0,KUCUK_TICARETHANE,35-04-M01188,KARSIYAKA,35,0,0,DEDEBASI,0,0,1,0,0.0,8.35,0,0,0.0,0,0.0,1,919.464,0,0.0,27.10239437,38.46746195
12616.77,0,62687638,1,12616.77,AYDINLATMA,35-04-K02578,KARSIYAKA,35,0,0,YALI,0,0,0,0,0.0,5.4,0,0,0.0,0,0.0,0,0.0,0,0.0,27.09551032,38.467717
2898.236,0,62687667,0,0.0,KUCUK_TICARETHANE,35-04-K04059,KARSIYAKA,35,0,0,BAHCELIEVLER,0,0,1,0,0.0,8.35,0,0,0.0,0,0.0,1,2898.236,0,0.0,27.12653072,38.46499751
31086.13,0,62687675,0,0.0,ORTA_TICARETHANE,35-04-M03576,KARSIYAKA,35,0,0,BOSTANLI,0,0,1,0,0.0,5.0,0,0,0.0,0,0.0,1,31086.13,0,0.0,27.09055119,38.45960242
2594.502,0,62687678,1,2594.502,AYDINLATMA,35-04-K01591,KARSIYAKA,35,0,0,BAHARIYE,0,0,0,0,0.0,0.327,0,0,0.0,0,0.0,0,0.0,0,0.0,27.11532302,38.46357932
6490.241,0,62687684,1,6490.241,AYDINLATMA,35-04-K01116,KARSIYAKA,35,0,0,ATAKENT,0,0,0,0,0.0,1.26,0,0,0.0,0,0.0,0,0.0,0,0.0,27.08554693,38.46247215
28369.9,0,62687691,1,28369.9,AYDINLATMA,35-04-K01316,KARSIYAKA,35,0,0,DONANMACI,0,0,0,0,0.0,8.8,0,0,0.0,0,0.0,0,0.0,0,0.0,27.1175745,38.45421336
2321.513,0,62687693,0,0.0,KUCUK_TICARETHANE,35-04-K00627,KARSIYAKA,35,0,0,BAHCELIEVLER,0,0,1,0,0.0,8.35,0,0,0.0,0,0.0,1,2321.513,0,0.0,27.12045659,38.46330397
18010.05,0,62687694,1,18010.05,AYDINLATMA,35-04-K02313,KARSIYAKA,35,0,0,BOSTANLI,0,0,0,0,0.0,28.34,0,0,0.0,0,0.0,0,0.0,0,0.0,27.09882153,38.45564737
2186.048,0,62687709,0,0.0,KUCUK_TICARETHANE,35-04-K01249,KARSIYAKA,35,0,0,BOSTANLI,0,0,1,0,0.0,8.35,0,0,0.0,0,0.0,1,2186.048,0,0.0,27.10228186,38.45564895
2671.05,0,62687711,1,2671.05,AYDINLATMA,35-04-K00243,KARSIYAKA,35,0,0,CUMHURIYET,0,0,0,0,0.0,5.0,0,0,0.0,0,0.0,0,0.0,0,0.0,27.09432491,38.48480765
908.453,0,62687713,0,0.0,KUCUK_TICARETHANE,35-04-K01065,KARSIYAKA,35,0,0,BAHRIYE UCOK,0,0,1,0,0.0,5.0,0,0,0.0,0,0.0,1,908.453,0,0.0,27.11163063,38.46149091
908.799,0,62687718,0,0.0,KUCUK_TICARETHANE,35-04-M02425,KARSIYAKA,35,0,0,SEMIKLER,0,0,1,0,0.0,8.35,0,0,0.0,0,0.0,1,908.799,0,0.0,27.0987565,38.4749644
18484.63,0,62687731,0,0.0,ORTA_TICARETHANE,35-04-K02375,KARSIYAKA,35,0,0,ZUBEYDE HANIM,0,0,1,0,0.0,5.3,0,0,0.0,0,0.0,1,18484.63,0,0.0,27.10429913,38.49266553
1646.967,0,62687741,1,1646.967,AYDINLATMA,35-04-K02940,KARSIYAKA,35,0,0,SEMIKLER,0,0,0,0,0.0,1.22,0,0,0.0,0,0.0,0,0.0,0,0.0,27.09694542,38.4768671
598.353,0,62687756,0,0.0,KUCUK_TICARETHANE,35-04-K02940,KARSIYAKA,35,0,0,SEMIKLER,0,0,1,0,0.0,8.35,0,0,0.0,0,0.0,1,598.353,0,0.0,27.09720741,38.47617116
798.423,0,62687759,0,0.0,KUCUK_TICARETHANE,35-04-K04628,KARSIYAKA,35,0,0,SEMIKLER,0,0,1,0,0.0,8.333,0,0,0.0,0,0.0,1,798.423,0,0.0,27.09621847,38.47153495
5846.289,0,62687767,0,0.0,KUCUK_TICARETHANE,35-04-M01268,KARSIYAKA,35,0,0,YALI,0,0,1,0,0.0,8.35,0,0,0.0,0,0.0,1,5846.289,0,0.0,27.0881001,38.46985457
1384.818,0,62687770,0,0.0,KUCUK_TICARETHANE,35-04-K00191,KARSIYAKA,35,0,0,BOSTANLI,0,0,1,0,0.0,8.35,0,0,0.0,0,0.0,1,1384.818,0,0.0,27.09157462,38.46153656
1037.889,0,62687775,0,0.0,KUCUK_TICARETHANE,35-04-K03975,KARSIYAKA,35,0,0,YALI,0,0,1,0,0.0,8.35,0,0,0.0,0,0.0,1,1037.889,0,0.0,27.09286613,38.46821462
24843.64,0,62687788,0,0.0,ORTA_TICARETHANE,35-04-M03576,KARSIYAKA,35,0,0,BOSTANLI,0,0,1,0,0.0,5.0,0,0,0.0,0,0.0,1,24843.64,0,0.0,27.09054991,38.45960465
3888.119,0,62687793,0,0.0,KUCUK_TICARETHANE,35-04-K00476,KARSIYAKA,35,0,0,BOSTANLI,0,0,1,0,0.0,8.35,0,0,0.0,0,0.0,1,3888.119,0,0.0,27.09376471,38.45887343
22332.45,0,62687799,0,0.0,ORTA_TICARETHANE,35-04-M01174,KARSIYAKA,35,0,0,YALI,0,0,1,0,0.0,8.35,0,0,0.0,0,0.0,1,22332.45,0,0.0,27.09816509,38.4658933
9.559,0,62687801,0,0.0,KUCUK_TICARETHANE,35-04-K00018,KARSIYAKA,35,0,0,DONANMACI,0,0,1,0,0.0,5.0,0,0,0.0,0,0.0,1,9.559,0,0.0,27.11516668,38.45631929
1319.668,0,62687803,0,0.0,KUCUK_TICARETHANE,35-04-K00111,KARSIYAKA,35,0,0,BOSTANLI,0,0,1,0,0.0,8.35,0,0,0.0,0,0.0,1,1319.668,0,0.0,27.10054205,38.45625605
2611.655,0,62687804,0,0.0,KUCUK_TICARETHANE,35-04-K00294,KARSIYAKA,35,0,0,BAHCELIEVLER,0,0,1,0,0.0,8.35,0,0,0.0,0,0.0,1,2611.655,0,0.0,27.12077283,38.46508425
1488.606,0,62687806,1,1488.606,AYDINLATMA,35-04-K02940,KARSIYAKA,35,0,0,SEMIKLER,0,0,0,0,0.0,0.631,0,0,0.0,0,0.0,0,0.0,0,0.0,27.09662139,38.47616678
3706.791,0,62687809,1,3706.791,AYDINLATMA,35-04-M02957,KARSIYAKA,35,0,0,BAHCELIEVLER,0,0,0,0,0.0,0.465,0,0,0.0,0,0.0,0,0.0,0,0.0,27.10961621,38.46760343
3343.43,0,62687812,1,3343.43,AYDINLATMA,35-04-K03903,KARSIYAKA,35,0,0,DEDEBASI,0,0,0,0,0.0,1.034,0,0,0.0,0,0.0,0,0.0,0,0.0,27.10762688,38.47064096
3365.766,0,62687814,0,0.0,KUCUK_TICARETHANE,35-04-K00288,KARSIYAKA,35,0,0,ALAYBEY,0,0,1,0,0.0,8.35,0,0,0.0,0,0.0,1,3365.766,0,0.0,27.12473062,38.46003269
0.0,0,62687819,0,0.0,KUCUK_TICARETHANE,35-04-M01185,KARSIYAKA,35,0,0,FIKRI ALTAY,0,0,1,0,0.0,8.35,0,0,0.0,0,0.0,1,0.0,0,0.0,27.10305072,38.47174258
967.303,0,62687823,0,0.0,KUCUK_TICARETHANE,35-04-K02875,KARSIYAKA,35,0,0,BAHCELIEVLER,0,0,1,0,0.0,8.35,0,0,0.0,0,0.0,1,967.303,0,0.0,27.12434223,38.46675848
2575.155,0,62687833,1,2575.155,AYDINLATMA,35-04-K01695,KARSIYAKA,35,0,0,BOSTANLI,0,0,0,0,0.0,8.35,0,0,0.0,0,0.0,0,0.0,0,0.0,27.09659278,38.46318502
1272.362,0,62687838,1,1272.362,AYDINLATMA,35-04-K01285,KARSIYAKA,35,0,0,BAHCELIEVLER,0,0,0,0,0.0,0.154,0,0,0.0,0,0.0,0,0.0,0,0.0,27.12212174,38.46570003
425.041,0,62687840,0,0.0,KUCUK_TICARETHANE,35-04-K03018,KARSIYAKA,35,0,0,SEMIKLER,0,0,1,0,0.0,8.35,0,0,0.0,0,0.0,1,425.041,0,0.0,27.09727007,38.47504333
13694.6,0,62687848,0,0.0,ORTA_TICARETHANE,35-04-K02598,KARSIYAKA,35,0,0,MAVISEHIR,0,0,1,0,0.0,18.14,0,0,0.0,0,0.0,1,13694.6,0,0.0,27.07055994,38.47079006
1805.249,0,62687880,1,1805.249,AYDINLATMA,35-04-K02323,KARSIYAKA,35,0,0,CUMHURIYET,0,0,0,0,0.0,0.644,0,0,0.0,0,0.0,0,0.0,0,0.0,27.1015616,38.47980773
2156.874,0,62687887,1,2156.874,AYDINLATMA,35-04-K00766,KARSIYAKA,35,0,0,BAHCELIEVLER,0,0,0,0,0.0,0.719,0,0,0.0,0,0.0,0,0.0,0,0.0,27.12414794,38.46279384
20865.32,0,62687890,0,0.0,ORTA_TICARETHANE,35-04-M02893,KARSIYAKA,35,0,0,ORNEKKOY,0,0,1,0,0.0,8.35,0,0,0.0,0,0.0,1,20865.32,0,0.0,27.10641585,38.48681085
2302.953,0,62687894,0,0.0,KUCUK_TICARETHANE,35-04-K02676,KARSIYAKA,35,0,0,FIKRI ALTAY,0,0,1,0,0.0,8.35,0,0,0.0,0,0.0,1,2302.953,0,0.0,27.10207494,38.47248771
4575.014,0,62687896,0,0.0,KUCUK_TICARETHANE,35-04-M00936,KARSIYAKA,35,0,0,YALI,0,0,1,0,0.0,8.35,0,0,0.0,0,0.0,1,4575.014,0,0.0,27.0772863,38.47753977
1533.949,0,62687904,1,1533.949,AYDINLATMA,35-04-M01038,KARSIYAKA,35,0,0,BOSTANLI,0,0,0,0,0.0,0.197,0,0,0.0,0,0.0,0,0.0,0,0.0,27.09977732,38.45859143
10667.13,0,62687914,1,10667.13,AYDINLATMA,35-04-M01030,KARSIYAKA,35,0,0,IMBATLI,0,0,0,0,0.0,2.615,0,0,0.0,0,0.0,0,0.0,0,0.0,27.1128151,38.47162617
10698.14,0,62687916,1,10698.14,AYDINLATMA,35-04-K03214,KARSIYAKA,35,0,0,DEDEBASI,0,0,0,0,0.0,3.135,0,0,0.0,0,0.0,0,0.0,0,0.0,27.10672697,38.47111844
2162.288,0,62687917,0,0.0,KUCUK_TICARETHANE,35-04-K03848,KARSIYAKA,35,0,0,YALI,0,0,1,0,0.0,8.35,0,0,0.0,0,0.0,1,2162.288,0,0.0,27.09228105,38.46703501
33930.73,0,62687938,1,33930.73,AYDINLATMA,,KARSIYAKA,35,0,0,YALI,0,0,0,0,0.0,5.0,0,0,0.0,0,0.0,0,0.0,0,0.0,27.08668657,38.47131994
1615.967,0,62687954,0,0.0,KUCUK_TICARETHANE,35-04-M03253,KARSIYAKA,35,0,0,BOSTANLI,0,0,1,0,0.0,8.35,0,0,0.0,0,0.0,1,1615.967,0,0.0,27.09821598,38.4632241
2232.587,0,62687956,0,0.0,KUCUK_TICARETHANE,35-04-K03010,KARSIYAKA,35,0,0,YALI,0,0,1,0,0.0,8.35,0,0,0.0,0,0.0,1,2232.587,0,0.0,27.09115247,38.46769364
2430.937,0,62687960,1,2430.937,AYDINLATMA,35-04-M01726,KARSIYAKA,35,0,0,INONU,0,0,0,0,0.0,0.238,0,0,0.0,0,0.0,0,0.0,0,0.0,27.09214708,38.48709231
43285.43,0,62687962,1,43285.43,AYDINLATMA,35-04-K00587,KARSIYAKA,35,0,0,BOSTANLI,0,0,0,0,0.0,16.94,0,0,0.0,0,0.0,0,0.0,0,0.0,27.09694001,38.455107
5264.363,0,62687967,1,5264.363,AYDINLATMA,35-04-K02760,KARSIYAKA,35,0,0,YALI,0,0,0,0,0.0,8.35,0,0,0.0,0,0.0,0,0.0,0,0.0,27.08819413,38.47100899
804.019,0,62687979,0,0.0,KUCUK_TICARETHANE,35-04-K01411,KARSIYAKA,35,0,0,GONCALAR,0,0,1,0,0.0,8.35,0,0,0.0,0,0.0,1,804.019,0,0.0,27.10149625,38.46403889
530.707,0,62732019,0,0.0,KUCUK_TICARETHANE,35-09-K01864,CIGLI,35,0,0,KUCUK CIGLI,0,0,1,0,0.0,5.0,0,0,0.0,0,0.0,1,530.707,0,0.0,27.05974271,38.49619738
1645.998,0,62733272,0,0.0,KUCUK_TICARETHANE,35-09-M02551,CIGLI,35,0,0,KOYICI,0,0,1,0,0.0,5.0,0,0,0.0,0,0.0,1,1645.998,0,0.0,27.06237006,38.49399966
27771.84,0,62748016,0,0.0,ORTA_TICARETHANE,35-09-M01608,CIGLI,35,0,0,AYDINLIKEVLER,0,0,1,0,0.0,216.696,0,0,0.0,0,0.0,1,27771.84,0,0.0,27.07828825,38.48758564
830.827,0,62768430,0,0.0,KUCUK_TICARETHANE,35-09-M00845,CIGLI,35,0,0,UGUR MUMCU,0,0,1,0,0.0,9.58,0,0,0.0,0,0.0,1,830.827,0,0.0,27.0443532,38.52413658
870.867,0,62861157,0,0.0,KUCUK_TICARETHANE,35-09-K03321,CIGLI,35,0,0,KUCUK CIGLI,0,0,1,0,0.0,5.0,0,0,0.0,0,0.0,1,870.867,0,0.0,27.05574602,38.50180634
655.59,0,62861974,0,0.0,KUCUK_TICARETHANE,35-09-K01879,CIGLI,35,0,0,YENI MAHALLE,0,0,1,0,0.0,5.0,0,0,0.0,0,0.0,1,655.59,0,0.0,27.05415199,38.49561274
1100.419,0,62862029,0,0.0,KUCUK_TICARETHANE,35-09-M03090,CIGLI,35,0,0,YENI MAHALLE,0,0,1,0,0.0,5.0,0,0,0.0,0,0.0,1,1100.419,0,0.0,27.05154079,38.49903085
18564.15,0,62870439,1,18564.15,AYDINLATMA,35-09-K02499,CIGLI,35,0,0,AYDINLIKEVLER,0,0,0,0,0.0,5.493,0,0,0.0,0,0.0,0,0.0,0,0.0,27.08008305,38.48840536
61855.36,0,62913382,2,61855.36,AYDINLATMA,35-09-M02390,CIGLI,35,0,0,BALATCIK,0,0,0,0,0.0,7.9245,0,0,0.0,0,0.0,0,0.0,0,0.0,27.0447807,38.50775029
25083.29,0,62915527,1,25083.29,AYDINLATMA,35-09-K04307,CIGLI,35,0,0,KOYICI,0,0,0,0,0.0,5.88,0,0,0.0,0,0.0,0,0.0,0,0.0,27.06566901,38.49816222
191712.03900000002,0,62929265,0,0.0,ORTA_TICARETHANE,35-09-M00212,CIGLI,35,0,0,INONU,0,0,11,0,0.0,9.94,0,0,0.0,0,0.0,11,191712.03900000002,0,0.0,27.04718196,38.52867521
1563.176,0,62937012,0,0.0,KUCUK_TICARETHANE,35-09-M00625,CIGLI,35,0,0,AHMET EFENDI,0,0,1,0,0.0,5.0,0,0,0.0,0,0.0,1,1563.176,0,0.0,27.03955326,38.5194081
333.718,0,62937316,0,0.0,KUCUK_TICARETHANE,35-09-M00103,CIGLI,35,0,0,BALATCIK,0,0,1,0,0.0,5.0,0,0,0.0,0,0.0,1,333.718,0,0.0,27.03989781,38.51890854
1670.247,0,62982373,0,0.0,KUCUK_TICARETHANE,35-04-K00358,KARSIYAKA,35,0,0,ORNEKKOY,0,0,1,0,0.0,5.0,0,0,0.0,0,0.0,1,1670.247,0,0.0,27.10895506,38.47829664
46894.0,0,63000585,0,0.0,ORTA_TICARETHANE,35-04-M02871,KARSIYAKA,35,0,0,ZUBEYDE HANIM,0,0,1,0,0.0,285.693,0,0,0.0,0,0.0,1,46894.0,0,0.0,27.10692185,38.49035739
118155.04000000001,0,63004854,0,0.0,ORTA_SANAYI,35-04-K04184,KARSIYAKA,35,0,0,LATIFE HANIM,0,0,2,0,0.0,29.187,0,1,105283.1,0,0.0,1,12871.94,0,0.0,27.11692541,38.49970649
41.963,0,63005977,0,0.0,KUCUK_TICARETHANE,35-04-K01183,KARSIYAKA,35,0,0,SANCAKLI,0,0,1,0,0.0,5.0,0,0,0.0,0,0.0,1,41.963,0,0.0,27.15329768,38.51975994
4215.444,0,63044230,0,0.0,ORTA_TICARETHANE,35-04-K00358,KARSIYAKA,35,0,0,ORNEKKOY,0,0,1,0,0.0,15.01,0,0,0.0,0,0.0,1,4215.444,0,0.0,27.11019372,38.47952186
12075.08,0,63047434,0,0.0,ORTA_TICARETHANE,35-04-M01300,KARSIYAKA,35,0,0,ORNEKKOY,0,0,1,0,0.0,41.837,0,0,0.0,0,0.0,1,12075.08,0,0.0,27.11377599,38.48206519
25442.845999999998,0,63050306,0,0.0,ORTA_TICARETHANE,35-04-K00427,KARSIYAKA,35,0,0,IMBATLI,0,0,2,1,8992.326,5.0,0,0,0.0,0,0.0,1,16450.52,0,0.0,27.10438556,38.47478692
18.489,0,63050470,0,0.0,KUCUK_TICARETHANE,35-04-M02560,KARSIYAKA,35,0,0,IMBATLI,0,0,1,0,0.0,5.0,0,0,0.0,0,0.0,1,18.489,0,0.0,27.110104,38.47175315
743.411,0,63052775,0,0.0,KUCUK_TICARETHANE,35-04-M01026,KARSIYAKA,35,0,0,CUMHURIYET,0,0,1,0,0.0,5.0,0,0,0.0,0,0.0,1,743.411,0,0.0,27.09960563,38.48154292
10501.23,0,63055813,0,0.0,ORTA_TICARETHANE,35-04-K00525,KARSIYAKA,35,0,0,BOSTANLI,0,0,1,0,0.0,8.35,0,0,0.0,0,0.0,1,10501.23,0,0.0,27.09373741,38.45588921
50719.69,0,63056220,0,0.0,ORTA_TICARETHANE,35-04-M01087,KARSIYAKA,35,0,0,YALI,0,0,1,0,0.0,85.0,0,0,0.0,0,0.0,1,50719.69,0,0.0,27.07127995,38.47739572
1006.687,0,63056289,0,0.0,KUCUK_TICARETHANE,35-04-K03903,KARSIYAKA,35,0,0,DEDEBASI,0,0,1,0,0.0,8.35,0,0,0.0,0,0.0,1,1006.687,0,0.0,27.10622895,38.47119777
37176.32,0,63941614,0,0.0,ORTA_TICARETHANE,35-04-K02423,KARSIYAKA,35,0,0,MAVISEHIR,0,0,1,0,0.0,15.01,0,0,0.0,0,0.0,1,37176.32,0,0.0,27.07656732,38.46926892
24044.597999999998,0,63942359,0,0.0,ORTA_TICARETHANE,35-04-M01265,KARSIYAKA,35,0,0,ORNEKKOY,0,0,8,3,3572.468,11.8675,0,0,0.0,0,0.0,5,20472.129999999997,0,0.0,27.11478131,38.47734432
5128.054,0,63945275,0,0.0,KUCUK_TICARETHANE,35-04-M01265,KARSIYAKA,35,0,0,IMBATLI,0,0,1,0,0.0,8.35,0,0,0.0,0,0.0,1,5128.054,0,0.0,27.11480388,38.47411519
19268.32,0,63946191,0,0.0,ORTA_TICARETHANE,35-04-K01227,KARSIYAKA,35,0,0,ORNEKKOY,0,0,1,0,0.0,6.2,0,0,0.0,0,0.0,1,19268.32,0,0.0,27.10541282,38.48188513
4666.778,0,63946257,0,0.0,KUCUK_TICARETHANE,35-04-K03799,KARSIYAKA,35,0,0,ZUBEYDE HANIM,0,0,1,0,0.0,8.4,0,0,0.0,0,0.0,1,4666.778,0,0.0,27.11196221,38.49313704
4390.764,0,63946945,0,0.0,KUCUK_TICARETHANE,35-04-M01030,KARSIYAKA,35,0,0,IMBATLI,0,0,1,0,0.0,8.35,0,0,0.0,0,0.0,1,4390.764,0,0.0,27.1136843,38.47333117
743.056,0,63974816,0,0.0,KUCUK_TICARETHANE,35-04-M01180,KARSIYAKA,35,0,0,ORNEKKOY,0,0,1,0,0.0,5.38,0,0,0.0,0,0.0,1,743.056,0,0.0,27.10421872,38.47727129
503544.3,0,63976730,0,0.0,BUYUK_TICARETHANE,35-04-K04288,KARSIYAKA,35,0,0,ZUBEYDE HANIM,0,0,1,0,0.0,572.0,0,0,0.0,0,0.0,1,503544.3,0,0.0,27.11315985,38.49447046
8984.689,0,63980099,0,0.0,KUCUK_TICARETHANE,35-04-K01182,KARSIYAKA,35,0,0,YAMANLAR,0,0,1,0,0.0,5.0,0,0,0.0,0,0.0,1,8984.689,0,0.0,27.13409206,38.54264204
16.504,0,63982980,0,0.0,KUCUK_TICARETHANE,35-04-K01183,KARSIYAKA,35,0,0,SANCAKLI,0,0,1,0,0.0,5.0,0,0,0.0,0,0.0,1,16.504,0,0.0,27.15366014,38.51927
56495.84,0,64005490,0,0.0,ORTA_TICARETHANE,35-04-K00590,KARSIYAKA,35,0,0,BAHARIYE,0,0,1,0,0.0,30.2,0,0,0.0,0,0.0,1,56495.84,0,0.0,27.11503575,38.4582038
2816284.0,0,64160660,0,0.0,BUYUK_SANAYI,35-04-K00127Ã–,KARSIYAKA,35,0,0,TERSANE,0,0,1,0,0.0,2100.0,0,1,2816284.0,0,0.0,0,0.0,0,0.0,27.1323857,38.4639352
7177.206,0,64183986,0,0.0,KUCUK_TICARETHANE,35-09-K04169,CIGLI,35,0,0,ATASEHIR,0,0,1,0,0.0,8.898,0,0,0.0,0,0.0,1,7177.206,0,0.0,27.0601101,38.48658114
158695.70500000002,0,64211776,0,0.0,ORTA_TICARETHANE,35-09-M01091,CIGLI,35,0,0,AHMET EFENDI,0,0,7,0,0.0,19.237142857142857,0,0,0.0,0,0.0,7,158695.70500000002,0,0.0,27.03713556,38.51908021
81830.9,0,64280150,2,81830.9,AYDINLATMA,35-04-K00127,KARSIYAKA,35,0,0,TERSANE,0,0,0,0,0.0,10.11,0,0,0.0,0,0.0,0,0.0,0,0.0,27.13177169,38.46535483
675.099,0,64280766,1,675.099,AYDINLATMA,35-04-K00127,KARSIYAKA,35,0,0,TERSANE,0,0,0,0,0.0,0.06,0,0,0.0,0,0.0,0,0.0,0,0.0,27.13163898,38.46535826
17826.07,0,64285034,0,0.0,ORTA_TICARETHANE,35-04-M01583,KARSIYAKA,35,0,0,YALI,0,0,1,0,0.0,8.35,0,0,0.0,0,0.0,1,17826.07,0,0.0,27.08110816,38.47563185
19456.34,0,64285145,0,0.0,ORTA_TICARETHANE,35-04-M01583,KARSIYAKA,35,0,0,YALI,0,0,1,0,0.0,5.34,0,0,0.0,0,0.0,1,19456.34,0,0.0,27.08112486,38.47563338
24107.71,0,64285197,0,0.0,ORTA_TICARETHANE,35-04-M01583,KARSIYAKA,35,0,0,YALI,0,0,1,0,0.0,5.34,0,0,0.0,0,0.0,1,24107.71,0,0.0,27.08115669,38.47563245
1805.754,0,64485165,0,0.0,KUCUK_TICARETHANE,35-04-M01186,KARSIYAKA,35,0,0,YALI,0,0,1,0,0.0,8.35,0,0,0.0,0,0.0,1,1805.754,0,0.0,27.09629328,38.46531727
0.42,0,64485325,0,0.0,KUCUK_TICARETHANE,35-04-M01187,KARSIYAKA,35,0,0,YALI,0,0,1,0,0.0,8.333,0,0,0.0,0,0.0,1,0.42,0,0.0,27.09634718,38.46649596
7562.917,0,64515936,0,0.0,KUCUK_TICARETHANE,35-04-M02100,KARSIYAKA,35,0,0,IMBATLI,0,0,1,0,0.0,5.2,0,0,0.0,0,0.0,1,7562.917,0,0.0,27.10860773,38.47325382
9000.177,0,64548180,0,0.0,ORTA_TICARETHANE,35-09-M01091,CIGLI,35,0,0,AHMET EFENDI,0,0,2,0,0.0,18.439999999999998,0,0,0.0,0,0.0,2,9000.177,0,0.0,27.03681659,38.51924399
6174.866,0,64667720,0,0.0,KUCUK_TICARETHANE,35-04-K04059,KARSIYAKA,35,0,0,BAHCELIEVLER,0,0,1,0,0.0,5.0,0,0,0.0,0,0.0,1,6174.866,0,0.0,27.12743169,38.46420918
17223.19,0,64683173,1,17223.19,AYDINLATMA,35-09-K03364,CIGLI,35,0,0,YAKAKENT,0,0,0,0,0.0,4.66,0,0,0.0,0,0.0,0,0.0,0,0.0,27.07352538,38.51302734
34306.42,0,64733911,1,34306.42,AYDINLATMA,35-04-K04013,KARSIYAKA,35,0,0,CUMHURIYET,0,0,0,0,0.0,14.349,0,0,0.0,0,0.0,0,0.0,0,0.0,27.08972528,38.48309718
2439.513,0,64736257,0,0.0,KUCUK_TICARETHANE,35-09-M01932,CIGLI,35,0,0,BALATCIK,0,0,3,2,2408.675,10.253333333333334,0,0,0.0,0,0.0,1,30.838,0,0.0,27.04166033,38.51003633
33450.61,0,64742350,0,0.0,ORTA_TICARETHANE,35-09-M00217,CIGLI,35,0,0,CUMHURIYET,0,0,1,0,0.0,5.1,0,0,0.0,0,0.0,1,33450.61,0,0.0,27.05786206,38.54558219
8411.76,0,65200825,0,0.0,ORTA_TICARETHANE,35-09-M00256,CIGLI,35,0,0,KAKLIC,0,0,1,0,0.0,78.5,0,0,0.0,0,0.0,1,8411.76,0,0.0,26.9883206,38.51112153
57.322,0,65207063,0,0.0,KUCUK_TICARETHANE,35-04-K04689,KARSIYAKA,35,0,0,BOSTANLI,0,0,1,0,0.0,12.0,0,0,0.0,0,0.0,1,57.322,0,0.0,27.09474768,38.45834789
1921.061,0,65391449,0,0.0,KUCUK_TICARETHANE,35-09-M00999,CIGLI,35,0,0,BALATCIK,0,0,1,0,0.0,5.0,0,0,0.0,0,0.0,1,1921.061,0,0.0,27.03987417,38.51243443
14912.16,0,65446595,0,0.0,ORTA_TICARETHANE,35-04-K02990Ã–,KARSIYAKA,35,0,0,LATIFE HANIM,0,0,1,0,0.0,100.0,0,0,0.0,0,0.0,1,14912.16,0,0.0,27.12382263,38.49827155
77679.0,0,65450481,0,0.0,ORTA_TICARETHANE,35-04-K01898Ã–,KARSIYAKA,35,0,0,BAHCELIEVLER,0,0,1,0,0.0,400.0,0,0,0.0,0,0.0,1,77679.0,0,0.0,27.12431208,38.46737543
1322000.0,0,65451033,0,0.0,BUYUK_TICARETHANE,35-04-K01687Ã–,KARSIYAKA,35,0,0,BOSTANLI,0,0,1,0,0.0,472.5,0,0,0.0,0,0.0,1,1322000.0,0,0.0,27.0973002,38.4528436
11389.2,0,65530824,1,11389.2,AYDINLATMA,35-04-K04583,KARSIYAKA,35,0,0,ORNEKKOY,0,0,0,0,0.0,3.136,0,0,0.0,0,0.0,0,0.0,0,0.0,27.10535848,38.48324823
10179.93,0,65587115,0,0.0,ORTA_TICARETHANE,35-09-K02537,CIGLI,35,0,0,ATASEHIR,0,0,1,0,0.0,5.0,0,0,0.0,0,0.0,1,10179.93,0,0.0,27.05311477,38.48052467
369277.7,0,65639464,0,0.0,BUYUK_TICARETHANE,35-09-M02110Ã–,CIGLI,35,0,0,KOYICI,0,0,1,0,0.0,1250.0,0,0,0.0,0,0.0,1,369277.7,0,0.0,27.062319,38.495186
25787.02,0,65639470,1,25787.02,AYDINLATMA,35-09-M02549,CIGLI,35,0,0,KUCUK CIGLI,0,0,0,0,0.0,8.001,0,0,0.0,0,0.0,0,0.0,0,0.0,27.04410315,38.50174138
642838.1,0,65639502,0,0.0,BUYUK_SANAYI,35-04-K00912Ã–,KARSIYAKA,35,0,0,IMBATLI,0,0,1,0,0.0,340.2,0,1,642838.1,0,0.0,0,0.0,0,0.0,27.1147704,38.4739155
902254.9,0,65639505,0,0.0,BUYUK_TICARETHANE,35-04-K01375Ã–,KARSIYAKA,35,0,0,BAHCELIEVLER,0,0,1,0,0.0,630.0,0,0,0.0,0,0.0,1,902254.9,0,0.0,27.119873,38.466176
98103.6,0,65641479,0,0.0,ORTA_TICARETHANE,35-04-K00427,KARSIYAKA,35,0,0,IMBATLI,0,0,1,0,0.0,270.0,0,0,0.0,0,0.0,1,98103.6,0,0.0,27.10488143,38.47449263
6645.746,0,65642659,1,6645.746,AYDINLATMA,35-04-M01381,KARSIYAKA,35,0,0,IMBATLI,0,0,0,0,0.0,1.89,0,0,0.0,0,0.0,0,0.0,0,0.0,27.11257454,38.47396391
23700000.0,0,65652254,0,0.0,BUYUK_TICARETHANE,35-04-M02718Ã–,KARSIYAKA,35,0,0,YALI,0,0,1,0,0.0,12000.0,0,0,0.0,0,0.0,1,23700000.0,0,0.0,27.0737913,38.4790411
36164.8,0,65652861,1,36164.8,AYDINLATMA,35-09-M01977,CIGLI,35,0,0,YAKAKENT,0,0,0,0,0.0,8.839,0,0,0.0,0,0.0,0,0.0,0,0.0,27.07150978,38.50288778
2268.482,0,65657474,0,0.0,KUCUK_TICARETHANE,35-04-K02940,KARSIYAKA,35,0,0,SEMIKLER,0,0,1,0,0.0,8.86,0,0,0.0,0,0.0,1,2268.482,0,0.0,27.09656002,38.47680502
33885.31,0,65661149,0,0.0,ORTA_TICARETHANE,35-09-K02499,CIGLI,35,0,0,AYDINLIKEVLER,0,0,1,0,0.0,32.74,0,0,0.0,0,0.0,1,33885.31,0,0.0,27.0786474,38.48963919
1370986.7000000002,0,65664986,0,0.0,BUYUK_TICARETHANE,35-09-K01943Ã–,CIGLI,35,0,0,ESENTEPE,0,0,2,0,0.0,579.0,0,0,0.0,0,0.0,2,1370986.7000000002,0,0.0,27.0513942,38.5087063
910.642,0,65668600,0,0.0,KUCUK_TICARETHANE,35-04-K00053,KARSIYAKA,35,0,0,BOSTANLI,0,0,1,0,0.0,8.2,0,0,0.0,0,0.0,1,910.642,0,0.0,27.10510248,38.45303323
3937.958,0,65668610,0,0.0,KUCUK_TICARETHANE,35-04-M00933,KARSIYAKA,35,0,0,YALI,0,0,1,0,0.0,5.0,0,0,0.0,0,0.0,1,3937.958,0,0.0,27.076234,38.47616773
8804.623,0,65671754,1,8804.623,AYDINLATMA,35-09-M02089,CIGLI,35,0,0,BALATCIK,0,0,0,0,0.0,2.158,0,0,0.0,0,0.0,0,0.0,0,0.0,27.04243124,38.50981576
8485.928,0,65679939,1,8485.928,AYDINLATMA,35-04-M01035,KARSIYAKA,35,0,0,ATAKENT,0,0,0,0,0.0,2.804,0,0,0.0,0,0.0,0,0.0,0,0.0,27.09266069,38.46469409
43082.566999999995,0,65762463,2,43082.566999999995,AYDINLATMA,35-04-M01036,KARSIYAKA,35,0,0,YALI,0,0,0,0,0.0,6.4315,0,0,0.0,0,0.0,0,0.0,0,0.0,27.0934677,38.46426853
24705.02,0,65772057,1,24705.02,AYDINLATMA,35-09-M02548,CIGLI,35,0,0,KUCUK CIGLI,0,0,0,0,0.0,7.914,0,0,0.0,0,0.0,0,0.0,0,0.0,27.04480738,38.50029028
16976.83,0,65772286,1,16976.83,AYDINLATMA,35-09-M02547,CIGLI,35,0,0,KUCUK CIGLI,0,0,0,0,0.0,9.632,0,0,0.0,0,0.0,0,0.0,0,0.0,27.04585922,38.49903827
55452.75,0,65774308,2,55452.75,AYDINLATMA,35-09-M02551,CIGLI,35,0,0,KOYICI,0,0,0,0,0.0,8.841999999999999,0,0,0.0,0,0.0,0,0.0,0,0.0,27.06254618,38.49414634
48150.12,0,65774552,1,48150.12,AYDINLATMA,35-09-M02552,CIGLI,35,0,0,SIRINTEPE,0,0,0,0,0.0,12.943,0,0,0.0,0,0.0,0,0.0,0,0.0,27.06936839,38.49195732
105752.99,0,65777565,2,105752.99,AYDINLATMA,35-04-K02593,KARSIYAKA,35,0,0,MAVISEHIR,0,0,0,0,0.0,19.741,0,0,0.0,0,0.0,0,0.0,0,0.0,27.07347323,38.47234871
18547.7,0,65778181,1,18547.7,AYDINLATMA,35-04-K02595,KARSIYAKA,35,0,0,MAVISEHIR,0,0,0,0,0.0,10.15,0,0,0.0,0,0.0,0,0.0,0,0.0,27.06796815,38.47267548
29147.83,0,65779732,1,29147.83,AYDINLATMA,35-04-K02599,KARSIYAKA,35,0,0,MAVISEHIR,0,0,0,0,0.0,8.424,0,0,0.0,0,0.0,0,0.0,0,0.0,27.07393307,38.4708312
209331.84,0,65796810,0,0.0,ORTA_TICARETHANE,35-09-K01882,CIGLI,35,0,0,ATASEHIR,0,0,8,0,0.0,14.8025,0,0,0.0,0,0.0,8,209331.84,0,0.0,27.062569,38.4918717
119639.9,0,65842574,0,0.0,ORTA_TICARETHANE,35-09-M02724Ã–,CIGLI,35,0,0,BALATCIK,0,0,1,0,0.0,400.0,0,0,0.0,0,0.0,1,119639.9,0,0.0,27.03130416,38.51985066
158.604,0,65859830,0,0.0,KUCUK_TICARETHANE,35-04-K00133,KARSIYAKA,35,0,0,DONANMACI,0,0,1,0,0.0,8.4,0,0,0.0,0,0.0,1,158.604,0,0.0,27.11944416,38.45454396
3046.271,0,65861492,1,3046.271,AYDINLATMA,35-09-K02669,CIGLI,35,0,0,ATASEHIR,0,0,0,0,0.0,0.5,0,0,0.0,0,0.0,0,0.0,0,0.0,27.06116281,38.486605
12973.13,0,65868015,1,12973.13,AYDINLATMA,35-04-K04417,KARSIYAKA,35,0,0,ZUBEYDE HANIM,0,0,0,0,0.0,3.637,0,0,0.0,0,0.0,0,0.0,0,0.0,27.1116424,38.4976292
12706.42,0,65882168,0,0.0,ORTA_TICARETHANE,35-09-K01320,CIGLI,35,0,0,AYDINLIKEVLER,0,0,1,0,0.0,5.0,0,0,0.0,0,0.0,1,12706.42,0,0.0,27.08775274,38.48918478
12398.93,0,65891630,0,0.0,ORTA_TICARETHANE,35-04-K04756,KARSIYAKA,35,0,0,LATIFE HANIM,0,0,1,0,0.0,6.652,0,0,0.0,0,0.0,1,12398.93,0,0.0,27.1232576,38.49806968
959.357,0,65914547,0,0.0,KUCUK_TICARETHANE,35-04-K03969,KARSIYAKA,35,0,0,ORNEKKOY,0,0,1,0,0.0,8.35,0,0,0.0,0,0.0,1,959.357,0,0.0,27.11464361,38.4772463
2846.673,0,65940791,0,0.0,KUCUK_TICARETHANE,35-04-K01141,KARSIYAKA,35,0,0,CUMHURIYET,0,0,1,0,0.0,5.0,0,0,0.0,0,0.0,1,2846.673,0,0.0,27.08669801,38.48448554
2087.48,0,65941221,0,0.0,KUCUK_TICARETHANE,35-04-M01025,KARSIYAKA,35,0,0,CUMHURIYET,0,0,1,0,0.0,5.0,0,0,0.0,0,0.0,1,2087.48,0,0.0,27.09223826,38.48314645
1295.882,0,65941414,0,0.0,KUCUK_TICARETHANE,35-04-M01025,KARSIYAKA,35,0,0,CUMHURIYET,0,0,1,0,0.0,5.0,0,0,0.0,0,0.0,1,1295.882,0,0.0,27.09256727,38.4833663
50369.74,0,65952093,0,0.0,ORTA_TICARETHANE,35-04-K04757,KARSIYAKA,35,0,0,LATIFE HANIM,0,0,1,0,0.0,8.58,0,0,0.0,0,0.0,1,50369.74,0,0.0,27.12485422,38.49913408
22409.756999999998,0,65952588,0,0.0,ORTA_TICARETHANE,35-04-K04757,KARSIYAKA,35,0,0,LATIFE HANIM,0,0,2,0,0.0,8.48,0,0,0.0,0,0.0,2,22409.756999999998,0,0.0,27.1251131,38.49910784
1801.469,0,65954196,0,0.0,KUCUK_TICARETHANE,35-04-K01144,KARSIYAKA,35,0,0,INONU,0,0,2,1,1655.653,10.34,0,0,0.0,0,0.0,1,145.816,0,0.0,27.09944755,38.48847183
944.23,0,65957388,0,0.0,KUCUK_TICARETHANE,35-04-K04757,KARSIYAKA,35,0,0,LATIFE HANIM,0,0,1,0,0.0,5.0,0,0,0.0,0,0.0,1,944.23,0,0.0,27.12529951,38.49970941
14412.634,0,65957405,0,0.0,ORTA_TICARETHANE,35-04-K04757,KARSIYAKA,35,0,0,LATIFE HANIM,0,0,2,0,0.0,40.31,0,0,0.0,0,0.0,2,14412.634,0,0.0,27.12460594,38.49884289
546353.3,0,65960030,0,0.0,BUYUK_TICARETHANE,35-04-K04912Ã–,KARSIYAKA,35,0,0,BOSTANLI,0,0,1,0,0.0,1250.0,0,0,0.0,0,0.0,1,546353.3,0,0.0,27.09082242,38.45968448
1630.953,0,65980194,0,0.0,KUCUK_TICARETHANE,35-09-M00103,CIGLI,35,0,0,BALATCIK,0,0,1,0,0.0,7.54,0,0,0.0,0,0.0,1,1630.953,0,0.0,27.04104555,38.51596157
960.761,0,66052539,0,0.0,KUCUK_TICARETHANE,35-04-K02732,KARSIYAKA,35,0,0,NERGIZ,0,0,1,0,0.0,5.0,0,0,0.0,0,0.0,1,960.761,0,0.0,27.10171853,38.46256159
1565.931,0,66065122,0,0.0,KUCUK_TICARETHANE,35-04-K04013,KARSIYAKA,35,0,0,CUMHURIYET,0,0,1,0,0.0,5.0,0,0,0.0,0,0.0,1,1565.931,0,0.0,27.09262783,38.4806575
3560.68,0,66065158,0,0.0,KUCUK_TICARETHANE,35-04-M01027,KARSIYAKA,35,0,0,CUMHURIYET,0,0,1,0,0.0,5.0,0,0,0.0,0,0.0,1,3560.68,0,0.0,27.09305071,38.48053945
18101.8,0,66081266,0,0.0,ORTA_TICARETHANE,35-04-K02421,KARSIYAKA,35,0,0,MAVISEHIR,0,0,1,0,0.0,5.0,0,0,0.0,0,0.0,1,18101.8,0,0.0,27.0813137,38.46799618
288.912,0,66082880,0,0.0,KUCUK_TICARETHANE,35-09-K03322,CIGLI,35,0,0,YENI MAHALLE,0,0,1,0,0.0,8.0,0,0,0.0,0,0.0,1,288.912,0,0.0,27.05280592,38.49750768
305.99,0,66084322,0,0.0,KUCUK_TICARETHANE,35-09-M03036,CIGLI,35,0,0,IZKENT,0,0,1,0,0.0,5.0,0,0,0.0,0,0.0,1,305.99,0,0.0,27.06277922,38.50731904
1635.329,0,66087731,0,0.0,KUCUK_TICARETHANE,35-09-M01981,CIGLI,35,0,0,MALTEPE,0,0,1,0,0.0,7.9,0,0,0.0,0,0.0,1,1635.329,0,0.0,27.0744217,38.49389555
36292.6,0,66131735,0,0.0,ORTA_TICARETHANE,35-04-K03148,KARSIYAKA,35,0,0,DEMIRKOPRU,0,0,1,0,0.0,15.5,0,0,0.0,0,0.0,1,36292.6,0,0.0,27.10017345,38.46880448
70741.9,0,66137216,0,0.0,ORTA_TICARETHANE,35-04-K04708,KARSIYAKA,35,0,0,SEMIKLER,0,0,1,0,0.0,8.5,0,0,0.0,0,0.0,1,70741.9,0,0.0,27.09445222,38.47513549
9326.744,0,66139791,0,0.0,KUCUK_TICARETHANE,35-04-M01186,KARSIYAKA,35,0,0,YALI,0,0,1,0,0.0,8.44,0,0,0.0,0,0.0,1,9326.744,0,0.0,27.096281,38.4652693
10455.619999999999,0,66210002,0,0.0,KUCUK_TICARETHANE,35-09-M00396,CIGLI,35,0,0,BALATCIK,0,0,6,3,5771.083,9.03,0,0,0.0,0,0.0,3,4684.537,0,0.0,27.0407005,38.51086145
118871.69,0,66242478,0,0.0,ORTA_TICARETHANE,35-09-K01932,CIGLI,35,0,0,EGEKENT,0,0,5,0,0.0,21.024,0,0,0.0,0,0.0,5,118871.69,0,0.0,27.06019884,38.50725425
4758.931,0,66330709,0,0.0,KUCUK_TICARETHANE,35-09-K01882,CIGLI,35,0,0,ATASEHIR,0,0,1,0,0.0,5.0,0,0,0.0,0,0.0,1,4758.931,0,0.0,27.06299969,38.49142563
432.972,0,66331231,0,0.0,KUCUK_TICARETHANE,35-09-M00215,CIGLI,35,0,0,HARMANDALI GAZI MUSTAFA KEMAL ATATURK,0,0,1,0,0.0,7.1,0,0,0.0,0,0.0,1,432.972,0,0.0,27.05017764,38.5321125
2136.966,0,66362633,0,0.0,KUCUK_TICARETHANE,35-09-K01859,CIGLI,35,0,0,KUCUK CIGLI,0,0,1,0,0.0,5.0,0,0,0.0,0,0.0,1,2136.966,0,0.0,27.04853538,38.50068898
841.868,0,66362649,0,0.0,KUCUK_TICARETHANE,35-09-M02547,CIGLI,35,0,0,KUCUK CIGLI,0,0,1,0,0.0,5.0,0,0,0.0,0,0.0,1,841.868,0,0.0,27.04648924,38.49801194
1017.438,0,66362663,0,0.0,KUCUK_TICARETHANE,35-09-M02548,CIGLI,35,0,0,KUCUK CIGLI,0,0,1,0,0.0,5.0,0,0,0.0,0,0.0,1,1017.438,0,0.0,27.04481705,38.50077406
1946.223,0,66362756,0,0.0,KUCUK_TICARETHANE,35-09-M02547,CIGLI,35,0,0,KUCUK CIGLI,0,0,1,0,0.0,5.0,0,0,0.0,0,0.0,1,1946.223,0,0.0,27.04568495,38.49945194
792.753,0,66362988,0,0.0,KUCUK_TICARETHANE,35-09-K01858,CIGLI,35,0,0,KUCUK CIGLI,0,0,1,0,0.0,5.0,0,0,0.0,0,0.0,1,792.753,0,0.0,27.04709351,38.50245346
45579.14,0,66383887,0,0.0,ORTA_TICARETHANE,35-04-M02444,KARSIYAKA,35,0,0,MAVISEHIR,0,0,5,3,38956.263,19.66,0,0,0.0,0,0.0,2,6622.877,0,0.0,27.06560449,38.46944139
27992.664,0,66404565,0,0.0,ORTA_TICARETHANE,35-04-M03260,KARSIYAKA,35,0,0,ORNEKKOY,0,0,13,9,15021.347000000002,9.834769230769231,0,0,0.0,0,0.0,4,12971.317000000001,0,0.0,27.11242768,38.48377553
4477.379,0,66409545,0,0.0,KUCUK_TICARETHANE,35-04-K04756,KARSIYAKA,35,0,0,LATIFE HANIM,0,0,2,0,0.0,8.134,0,0,0.0,0,0.0,2,4477.379,0,0.0,27.12215603,38.50095747
15104.754,0,66409801,0,0.0,ORTA_TICARETHANE,35-04-K04756,KARSIYAKA,35,0,0,LATIFE HANIM,0,0,4,0,0.0,8.134,0,0,0.0,0,0.0,4,15104.754,0,0.0,27.12213309,38.50116677
3878.458,0,66419812,0,0.0,KUCUK_TICARETHANE,35-04-M02875,KARSIYAKA,35,0,0,ORNEKKOY,0,0,1,0,0.0,5.0,0,0,0.0,0,0.0,1,3878.458,0,0.0,27.1060977,38.48369585
4021.706,0,66419831,0,0.0,KUCUK_TICARETHANE,35-04-K01227,KARSIYAKA,35,0,0,ORNEKKOY,0,0,1,0,0.0,5.0,0,0,0.0,0,0.0,1,4021.706,0,0.0,27.10525113,38.48163728
3468.947,0,66420050,0,0.0,KUCUK_TICARETHANE,35-04-K01144,KARSIYAKA,35,0,0,INONU,0,0,1,0,0.0,5.0,0,0,0.0,0,0.0,1,3468.947,0,0.0,27.1001342,38.48711432
3787.524,0,66420231,0,0.0,KUCUK_TICARETHANE,35-04-K03773,KARSIYAKA,35,0,0,CUMHURIYET,0,0,1,0,0.0,5.0,0,0,0.0,0,0.0,1,3787.524,0,0.0,27.09654997,38.4847824
3292.464,0,66420346,0,0.0,KUCUK_TICARETHANE,35-04-M01834,KARSIYAKA,35,0,0,CUMHURIYET,0,0,1,0,0.0,5.0,0,0,0.0,0,0.0,1,3292.464,0,0.0,27.09851,38.47818801
2917.403,0,66420453,0,0.0,KUCUK_TICARETHANE,35-04-M01027,KARSIYAKA,35,0,0,CUMHURIYET,0,0,1,0,0.0,5.0,0,0,0.0,0,0.0,1,2917.403,0,0.0,27.09597958,38.48128257
22239.914,0,66428544,0,0.0,KUCUK_TICARETHANE,35-09-M03090,CIGLI,35,0,0,YENI MAHALLE,0,0,13,9,17467.448,10.703076923076923,0,0,0.0,0,0.0,4,4772.466,0,0.0,27.05101947,38.50072315
6415.183,0,66439015,0,0.0,ORTA_TICARETHANE,35-09-M00400,CIGLI,35,0,0,BALATCIK,0,0,1,0,0.0,23.892,0,0,0.0,0,0.0,1,6415.183,0,0.0,27.03852975,38.51608662
31761.75,0,66439191,0,0.0,ORTA_TICARETHANE,35-04-K02940,KARSIYAKA,35,0,0,SEMIKLER,0,0,1,0,0.0,77.924,0,0,0.0,0,0.0,1,31761.75,0,0.0,27.09824472,38.47734438
85974.27,0,66462636,0,0.0,ORTA_TICARETHANE,35-04-M01892,KARSIYAKA,35,0,0,YALI,0,0,1,0,0.0,8.5,0,0,0.0,0,0.0,1,85974.27,0,0.0,27.08619306,38.47555283
89713.13,0,66462688,0,0.0,ORTA_TICARETHANE,35-04-K00665,KARSIYAKA,35,0,0,DONANMACI,0,0,3,0,0.0,14.229999999999999,0,0,0.0,0,0.0,3,89713.13,0,0.0,27.11383351,38.45063779
27751.17,0,66462841,0,0.0,ORTA_TICARETHANE,35-04-K00363,KARSIYAKA,35,0,0,ALAYBEY,0,0,1,0,0.0,13.613,0,0,0.0,0,0.0,1,27751.17,0,0.0,27.12566824,38.45765389
3319.71,0,66482389,0,0.0,KUCUK_TICARETHANE,35-09-M00207,CIGLI,35,0,0,CUMHURIYET,0,0,1,0,0.0,6.2,0,0,0.0,0,0.0,1,3319.71,0,0.0,27.0564177,38.5342353
27512.05,0,66519152,1,27512.05,AYDINLATMA,35-09-K02766,CIGLI,35,0,0,EVKA-5,0,0,0,0,0.0,9.855,0,0,0.0,0,0.0,0,0.0,0,0.0,27.05663857,38.52103101
2257.438,0,66553289,0,0.0,KUCUK_TICARETHANE,35-04-K01091,KARSIYAKA,35,0,0,BOSTANLI,0,0,1,0,0.0,5.0,0,0,0.0,0,0.0,1,2257.438,0,0.0,27.10377931,38.45261083
15301.81,0,66559578,1,15301.81,AYDINLATMA,35-04-M02560,KARSIYAKA,35,0,0,IMBATLI,0,0,0,0,0.0,3.82,0,0,0.0,0,0.0,0,0.0,0,0.0,27.11005507,38.47226139
13770.96,0,66559682,1,13770.96,AYDINLATMA,35-04-M02716,KARSIYAKA,35,0,0,IMBATLI,0,0,0,0,0.0,3.768,0,0,0.0,0,0.0,0,0.0,0,0.0,27.1090699,38.47318994
64842.32,0,66564898,0,0.0,ORTA_TICARETHANE,35-09-K03705,CIGLI,35,0,0,MALTEPE,0,0,3,0,0.0,19.753333333333334,0,0,0.0,0,0.0,3,64842.32,0,0.0,27.0764325,38.48900251
10796.3,0,66565906,0,0.0,ORTA_TICARETHANE,35-09-M02549,CIGLI,35,0,0,KUCUK CIGLI,0,0,1,0,0.0,24.15,0,0,0.0,0,0.0,1,10796.3,0,0.0,27.04405128,38.50351266
10536.32,0,66571011,1,10536.32,AYDINLATMA,35-04-M01268,KARSIYAKA,35,0,0,YALI,0,0,0,0,0.0,2.971,0,0,0.0,0,0.0,0,0.0,0,0.0,27.08779148,38.469743
3574.285,0,66588280,0,0.0,KUCUK_TICARETHANE,35-09-M00845,CIGLI,35,0,0,UGUR MUMCU,0,0,1,0,0.0,5.0,0,0,0.0,0,0.0,1,3574.285,0,0.0,27.04534748,38.52450905
14177.06,0,66671452,0,0.0,ORTA_TICARETHANE,35-04-K00243,KARSIYAKA,35,0,0,CUMHURIYET,0,0,1,0,0.0,7.148,0,0,0.0,0,0.0,1,14177.06,0,0.0,27.09753787,38.48305918
18.612001,0,66677700,0,0.0,KUCUK_TICARETHANE,35-09-M01990,CIGLI,35,0,0,ESENTEPE,0,0,4,0,0.0,9.3,0,0,0.0,0,0.0,4,18.612001,0,0.0,27.05247025,38.51013962
11810.1,0,66743411,0,0.0,ORTA_TICARETHANE,35-09-M01464,CIGLI,35,0,0,ATASEHIR,0,0,1,0,0.0,175.0,0,0,0.0,0,0.0,1,11810.1,0,0.0,27.07003817,38.47842939
7705.277,0,66756569,1,7705.277,AYDINLATMA,35-09-M01860,CIGLI,35,0,0,ATASEHIR,0,0,0,0,0.0,2.103,0,0,0.0,0,0.0,0,0.0,0,0.0,27.05723105,38.48888631
29762.83,0,66799403,1,29762.83,AYDINLATMA,35-09-M02465,CIGLI,35,0,0,KUCUK CIGLI,0,0,0,0,0.0,9.169,0,0,0.0,0,0.0,0,0.0,0,0.0,27.0475218,38.5034372
1372.846,0,66799420,1,1372.846,AYDINLATMA,35-04-K04402,KARSIYAKA,35,0,0,ZUBEYDE HANIM,0,0,0,0,0.0,0.53,0,0,0.0,0,0.0,0,0.0,0,0.0,27.11233111,38.49031362
47389.884,0,66811297,0,0.0,ORTA_TICARETHANE,35-09-K01464,CIGLI,35,0,0,KUCUK CIGLI,0,0,3,1,914.011,11.841,0,0,0.0,0,0.0,2,46475.873,0,0.0,27.05761712,38.50035473
647.578,0,66861296,0,0.0,KUCUK_TICARETHANE,35-04-K00254,KARSIYAKA,35,0,0,BAHRIYE UCOK,0,0,1,0,0.0,5.0,0,0,0.0,0,0.0,1,647.578,0,0.0,27.11332911,38.46033529
1568.819,0,66861386,0,0.0,KUCUK_TICARETHANE,35-04-K00289,KARSIYAKA,35,0,0,TUNA,0,0,1,0,0.0,5.0,0,0,0.0,0,0.0,1,1568.819,0,0.0,27.11703112,38.45706486
895.771,0,66864119,0,0.0,KUCUK_TICARETHANE,35-04-K02433,KARSIYAKA,35,0,0,DONANMACI,0,0,1,0,0.0,5.0,0,0,0.0,0,0.0,1,895.771,0,0.0,27.11723793,38.45644719
1875.406,0,66864214,0,0.0,KUCUK_TICARETHANE,35-04-K01746,KARSIYAKA,35,0,0,DONANMACI,0,0,1,0,0.0,5.0,0,0,0.0,0,0.0,1,1875.406,0,0.0,27.11579954,38.45622663
1486.221,0,66864270,0,0.0,KUCUK_TICARETHANE,35-04-K01746,KARSIYAKA,35,0,0,DONANMACI,0,0,1,0,0.0,5.0,0,0,0.0,0,0.0,1,1486.221,0,0.0,27.1157166,38.45629311
1850.716,0,66864309,0,0.0,KUCUK_TICARETHANE,35-04-K00289,KARSIYAKA,35,0,0,DONANMACI,0,0,1,0,0.0,5.0,0,0,0.0,0,0.0,1,1850.716,0,0.0,27.11741979,38.45672656
1704.322,0,66864321,0,0.0,KUCUK_TICARETHANE,35-04-K00289,KARSIYAKA,35,0,0,DONANMACI,0,0,1,0,0.0,5.0,0,0,0.0,0,0.0,1,1704.322,0,0.0,27.11708739,38.45692788
14459.38,0,66937237,1,14459.38,AYDINLATMA,35-04-M00943,KARSIYAKA,35,0,0,MUSTAFA KEMAL,0,0,0,0,0.0,4.73,0,0,0.0,0,0.0,0,0.0,0,0.0,27.08922122,38.4906953
6342.663,0,66939335,1,6342.663,AYDINLATMA,35-04-K04750,KARSIYAKA,35,0,0,ORNEKKOY,0,0,0,0,0.0,1.533,0,0,0.0,0,0.0,0,0.0,0,0.0,27.10639662,38.48764747
10176.49,0,66940901,1,10176.49,AYDINLATMA,35-04-K04375,KARSIYAKA,35,0,0,SEMIKLER,0,0,0,0,0.0,3.005,0,0,0.0,0,0.0,0,0.0,0,0.0,27.09819076,38.47319195
1314.301,0,66947729,0,0.0,KUCUK_TICARETHANE,35-04-K00930,KARSIYAKA,35,0,0,NERGIZ,0,0,1,0,0.0,5.0,0,0,0.0,0,0.0,1,1314.301,0,0.0,27.10725686,38.45878988
934.6,0,66963267,1,934.6,AYDINLATMA,35-04-M03260,KARSIYAKA,35,0,0,ORNEKKOY,0,0,0,0,0.0,5.0,0,0,0.0,0,0.0,0,0.0,0,0.0,27.11263878,38.48458283
22104.24,0,67059157,1,22104.24,AYDINLATMA,35-04-K01144,KARSIYAKA,35,0,0,INONU,0,0,0,0,0.0,5.478,0,0,0.0,0,0.0,0,0.0,0,0.0,27.10067036,38.48771504
3128.167,0,67096525,0,0.0,KUCUK_TICARETHANE,35-09-M00213,CIGLI,35,0,0,INONU,0,0,1,0,0.0,5.0,0,0,0.0,0,0.0,1,3128.167,0,0.0,27.04970758,38.52741402
1363.873,0,67096700,0,0.0,KUCUK_TICARETHANE,35-09-M01974,CIGLI,35,0,0,EVKA - 2,0,0,1,0,0.0,5.0,0,0,0.0,0,0.0,1,1363.873,0,0.0,27.08235802,38.50044026
1269.968,0,67096793,0,0.0,KUCUK_TICARETHANE,35-09-M00211,CIGLI,35,0,0,INONU,0,0,1,0,0.0,5.0,0,0,0.0,0,0.0,1,1269.968,0,0.0,27.04875832,38.52664735
1396.989,0,67096977,0,0.0,KUCUK_TICARETHANE,35-09-M01974,CIGLI,35,0,0,EVKA - 2,0,0,1,0,0.0,5.0,0,0,0.0,0,0.0,1,1396.989,0,0.0,27.08158711,38.49907772
1338.872,0,67097127,0,0.0,KUCUK_TICARETHANE,35-09-M01974,CIGLI,35,0,0,EVKA - 2,0,0,1,0,0.0,5.0,0,0,0.0,0,0.0,1,1338.872,0,0.0,27.08256504,38.49967188
1277.61,0,67097184,0,0.0,KUCUK_TICARETHANE,35-09-M00213,CIGLI,35,0,0,INONU,0,0,1,0,0.0,5.0,0,0,0.0,0,0.0,1,1277.61,0,0.0,27.05071688,38.52832496
2144.117,0,67102199,1,2144.117,AYDINLATMA,35-04-M02647,KARSIYAKA,35,0,0,IMBATLI,0,0,0,0,0.0,5.0,0,0,0.0,0,0.0,0,0.0,0,0.0,27.10457029,38.47630665
7115.267,0,67102216,0,0.0,KUCUK_TICARETHANE,35-04-M02647,KARSIYAKA,35,0,0,IMBATLI,0,0,1,0,0.0,8.35,0,0,0.0,0,0.0,1,7115.267,0,0.0,27.1045923,38.47628848
3535.967,0,67102286,1,3535.967,AYDINLATMA,35-04-K00661,KARSIYAKA,35,0,0,ATAKENT,0,0,0,0,0.0,7.6,0,0,0.0,0,0.0,0,0.0,0,0.0,27.09065362,38.46256308
30018.947,0,67108912,0,0.0,ORTA_TICARETHANE,35-09-M02390,CIGLI,35,0,0,BALATCIK,0,0,9,0,0.0,11.358222222222222,0,0,0.0,0,0.0,9,30018.947,0,0.0,27.04348809,38.50682925
3398.353,0,67145480,1,3398.353,AYDINLATMA,35-04-K00476,KARSIYAKA,35,0,0,BOSTANLI,0,0,0,0,0.0,0.638,0,0,0.0,0,0.0,0,0.0,0,0.0,27.0931829,38.45837284
36191.7,0,67146147,0,0.0,ORTA_TICARETHANE,35-04-K02598,KARSIYAKA,35,0,0,MAVISEHIR,0,0,2,0,0.0,14.600000000000001,0,0,0.0,0,0.0,2,36191.7,0,0.0,27.06958765,38.4708477
1092.578,0,67146182,0,0.0,KUCUK_TICARETHANE,35-04-K02593,KARSIYAKA,35,0,0,MAVISEHIR,0,0,1,0,0.0,8.35,0,0,0.0,0,0.0,1,1092.578,0,0.0,27.07351475,38.47239461
3985.359,0,67146532,0,0.0,KUCUK_TICARETHANE,35-04-K02729,KARSIYAKA,35,0,0,IMBATLI,0,0,1,0,0.0,8.35,0,0,0.0,0,0.0,1,3985.359,0,0.0,27.11506692,38.47406108
14736.26,0,67146618,1,14736.26,AYDINLATMA,35-04-K02472,KARSIYAKA,35,0,0,ZUBEYDE HANIM,0,0,0,0,0.0,17.51,0,0,0.0,0,0.0,0,0.0,0,0.0,27.10781637,38.4926278
4906.384,0,67149091,0,0.0,KUCUK_TICARETHANE,35-04-K01963,KARSIYAKA,35,0,0,ZUBEYDE HANIM,0,0,1,0,0.0,8.35,0,0,0.0,0,0.0,1,4906.384,0,0.0,27.10868668,38.49064673
22655.03,0,67149112,0,0.0,ORTA_TICARETHANE,35-04-M02893,KARSIYAKA,35,0,0,ORNEKKOY,0,0,1,0,0.0,8.35,0,0,0.0,0,0.0,1,22655.03,0,0.0,27.10667248,38.48773585
41127.2,0,67149157,1,41127.2,AYDINLATMA,35-04-K02875,KARSIYAKA,35,0,0,BAHCELIEVLER,0,0,0,0,0.0,15.01,0,0,0.0,0,0.0,0,0.0,0,0.0,27.12362812,38.46813943
2508.631,0,67149204,0,0.0,KUCUK_TICARETHANE,35-04-K01285,KARSIYAKA,35,0,0,BAHCELIEVLER,0,0,1,0,0.0,8.35,0,0,0.0,0,0.0,1,2508.631,0,0.0,27.12018812,38.46604295
1722.185,0,67149242,0,0.0,KUCUK_TICARETHANE,35-04-K00766,KARSIYAKA,35,0,0,BAHCELIEVLER,0,0,1,0,0.0,8.35,0,0,0.0,0,0.0,1,1722.185,0,0.0,27.12266,38.46287073
6701.012,0,67149275,1,6701.012,AYDINLATMA,35-04-K00785,KARSIYAKA,35,0,0,YALI,0,0,0,0,0.0,5.0,0,0,0.0,0,0.0,0,0.0,0,0.0,27.09145041,38.47160974
2127.715,0,67150423,1,2127.715,AYDINLATMA,35-04-K01433,KARSIYAKA,35,0,0,DEDEBASI,0,0,0,0,0.0,0.314,0,0,0.0,0,0.0,0,0.0,0,0.0,27.10560391,38.46655783
29857.82,0,67151950,1,29857.82,AYDINLATMA,35-04-K01542,KARSIYAKA,35,0,0,ATAKENT,0,0,0,0,0.0,120.0,0,0,0.0,0,0.0,0,0.0,0,0.0,27.08253379,38.46632055
13021.42,0,67152055,0,0.0,ORTA_TICARETHANE,35-04-K00525,KARSIYAKA,35,0,0,BOSTANLI,0,0,1,0,0.0,5.0,0,0,0.0,0,0.0,1,13021.42,0,0.0,27.09371829,38.45583437
31856.3,0,67152082,0,0.0,ORTA_TICARETHANE,35-04-K00525,KARSIYAKA,35,0,0,BOSTANLI,0,0,1,0,0.0,20.5,0,0,0.0,0,0.0,1,31856.3,0,0.0,27.09376633,38.4558904
18308.26,0,67152095,1,18308.26,AYDINLATMA,35-04-K00525,KARSIYAKA,35,0,0,BOSTANLI,0,0,0,0,0.0,9.254,0,0,0.0,0,0.0,0,0.0,0,0.0,27.09375887,38.45588914
41815.42,0,67152123,1,41815.42,AYDINLATMA,35-04-K00525,KARSIYAKA,35,0,0,BOSTANLI,0,0,0,0,0.0,11.535,0,0,0.0,0,0.0,0,0.0,0,0.0,27.09379061,38.45593108
19083.52,0,67152148,0,0.0,ORTA_TICARETHANE,35-04-K00525,KARSIYAKA,35,0,0,BOSTANLI,0,0,1,0,0.0,5.0,0,0,0.0,0,0.0,1,19083.52,0,0.0,27.09586321,38.45484867
3551.964,0,67152352,1,3551.964,AYDINLATMA,35-04-K02760,KARSIYAKA,35,0,0,YALI,0,0,0,0,0.0,5.0,0,0,0.0,0,0.0,0,0.0,0,0.0,27.08983802,38.47094453
19647.26,0,67153258,1,19647.26,AYDINLATMA,35-04-K01963,KARSIYAKA,35,0,0,ZUBEYDE HANIM,0,0,0,0,0.0,6.009,0,0,0.0,0,0.0,0,0.0,0,0.0,27.10805776,38.49104948
6887.961,0,67153279,1,6887.961,AYDINLATMA,35-04-K04918,KARSIYAKA,35,0,0,CUMHURIYET,0,0,0,0,0.0,2.44,0,0,0.0,0,0.0,0,0.0,0,0.0,27.08834922,38.48398267
11383.79,0,67153315,1,11383.79,AYDINLATMA,35-04-K03792,KARSIYAKA,35,0,0,ZUBEYDE HANIM,0,0,0,0,0.0,6.133,0,0,0.0,0,0.0,0,0.0,0,0.0,27.1144338,38.49313386
28377.64,0,67153383,0,0.0,ORTA_TICARETHANE,35-04-K01542,KARSIYAKA,35,0,0,ATAKENT,0,0,1,0,0.0,8.35,0,0,0.0,0,0.0,1,28377.64,0,0.0,27.08270163,38.46530024
2454.512,0,67153431,0,0.0,KUCUK_TICARETHANE,35-04-K02732,KARSIYAKA,35,0,0,NERGIZ,0,0,1,0,0.0,8.35,0,0,0.0,0,0.0,1,2454.512,0,0.0,27.10229563,38.46373126
1226.736,0,67153464,0,0.0,KUCUK_TICARETHANE,35-04-M02100,KARSIYAKA,35,0,0,IMBATLI,0,0,1,0,0.0,8.35,0,0,0.0,0,0.0,1,1226.736,0,0.0,27.10912488,38.47260115
2416.348,0,67154753,1,2416.348,AYDINLATMA,35-04-M01150,KARSIYAKA,35,0,0,ORNEKKOY,0,0,0,0,0.0,1.142,0,0,0.0,0,0.0,0,0.0,0,0.0,27.1133909,38.48031533
4472.775,0,67154775,1,4472.775,AYDINLATMA,35-04-M01029,KARSIYAKA,35,0,0,ORNEKKOY,0,0,0,0,0.0,0.363,0,0,0.0,0,0.0,0,0.0,0,0.0,27.11480706,38.48006065
2952.862,0,67154795,1,2952.862,AYDINLATMA,35-04-K03082,KARSIYAKA,35,0,0,ZUBEYDE HANIM,0,0,0,0,0.0,0.36,0,0,0.0,0,0.0,0,0.0,0,0.0,27.11500871,38.49062551
1038.338,0,67154823,0,0.0,KUCUK_TICARETHANE,35-04-K00358,KARSIYAKA,35,0,0,ORNEKKOY,0,0,1,0,0.0,8.35,0,0,0.0,0,0.0,1,1038.338,0,0.0,27.11093359,38.47818239
1049.833,0,67154885,0,0.0,KUCUK_TICARETHANE,35-04-K02732,KARSIYAKA,35,0,0,NERGIZ,0,0,1,0,0.0,8.35,0,0,0.0,0,0.0,1,1049.833,0,0.0,27.10184717,38.46364398
8138.0,0,67154914,0,0.0,KUCUK_TICARETHANE,35-04-M01037,KARSIYAKA,35,0,0,BOSTANLI,0,0,1,0,0.0,13.84,0,0,0.0,0,0.0,1,8138.0,0,0.0,27.10175445,38.46242498
8560.847,0,67155141,1,8560.847,AYDINLATMA,35-04-K03488,KARSIYAKA,35,0,0,INONU,0,0,0,0,0.0,8.35,0,0,0.0,0,0.0,0,0.0,0,0.0,27.09675868,38.48764026
12981.21,0,67155503,1,12981.21,AYDINLATMA,35-04-K00215,KARSIYAKA,35,0,0,SEMIKLER,0,0,0,0,0.0,6.798,0,0,0.0,0,0.0,0,0.0,0,0.0,27.09115452,38.47782945
2479.698,0,67155588,1,2479.698,AYDINLATMA,35-04-M01185,KARSIYAKA,35,0,0,FIKRI ALTAY,0,0,0,0,0.0,0.286,0,0,0.0,0,0.0,0,0.0,0,0.0,27.10255307,38.47028512
2396.569,0,67160448,1,2396.569,AYDINLATMA,35-04-K01411,KARSIYAKA,35,0,0,GONCALAR,0,0,0,0,0.0,0.474,0,0,0.0,0,0.0,0,0.0,0,0.0,27.10174351,38.46434392
9422.385,0,67161367,1,9422.385,AYDINLATMA,35-04-M03251,KARSIYAKA,35,0,0,BOSTANLI,0,0,0,0,0.0,7.669,0,0,0.0,0,0.0,0,0.0,0,0.0,27.10582801,38.45887043
3746.893,0,67161580,1,3746.893,AYDINLATMA,35-04-K00590,KARSIYAKA,35,0,0,BAHARIYE,0,0,0,0,0.0,0.391,0,0,0.0,0,0.0,0,0.0,0,0.0,27.11468552,38.45846264
3983.842,0,67161594,0,0.0,KUCUK_TICARETHANE,35-04-K00590,KARSIYAKA,35,0,0,BAHARIYE,0,0,1,0,0.0,8.35,0,0,0.0,0,0.0,1,3983.842,0,0.0,27.11481838,38.45847449
1850.116,0,67161627,1,1850.116,AYDINLATMA,35-04-K01624,KARSIYAKA,35,0,0,DEDEBASI,0,0,0,0,0.0,0.854,0,0,0.0,0,0.0,0,0.0,0,0.0,27.10574117,38.46840351
2184.72,0,67161646,0,0.0,KUCUK_TICARETHANE,35-04-M01178,KARSIYAKA,35,0,0,YALI,0,0,1,0,0.0,8.35,0,0,0.0,0,0.0,1,2184.72,0,0.0,27.08869048,38.46998458
6238.792,0,67161663,0,0.0,KUCUK_TICARETHANE,35-04-K03871,KARSIYAKA,35,0,0,YALI,0,0,1,0,0.0,8.35,0,0,0.0,0,0.0,1,6238.792,0,0.0,27.09409009,38.47032911
37951.39,0,67163815,0,0.0,ORTA_TICARETHANE,35-04-K00907,KARSIYAKA,35,0,0,BAHCELIEVLER,0,0,3,0,0.0,8.35,0,0,0.0,0,0.0,3,37951.39,0,0.0,27.11585238,38.46591613
16816.96,0,67163954,1,16816.96,AYDINLATMA,35-04-M01087,KARSIYAKA,35,0,0,YALI,0,0,0,0,0.0,5.102,0,0,0.0,0,0.0,0,0.0,0,0.0,27.07159958,38.47763067
48414.39,0,67164220,1,48414.39,AYDINLATMA,35-04-M02871,KARSIYAKA,35,0,0,ZUBEYDE HANIM,0,0,0,0,0.0,5.0,0,0,0.0,0,0.0,0,0.0,0,0.0,27.10646199,38.48847714
21582.51,0,67164280,1,21582.51,AYDINLATMA,35-04-K03303,KARSIYAKA,35,0,0,ATAKENT,0,0,0,0,0.0,24.2,0,0,0.0,0,0.0,0,0.0,0,0.0,27.08981992,38.45990037
14955.29,0,67164304,0,0.0,ORTA_TICARETHANE,35-04-K00590,KARSIYAKA,35,0,0,BAHARIYE,0,0,1,0,0.0,8.35,0,0,0.0,0,0.0,1,14955.29,0,0.0,27.1160921,38.45818408
3474.979,0,67164310,1,3474.979,AYDINLATMA,35-04-K00590,KARSIYAKA,35,0,0,BAHARIYE,0,0,0,0,0.0,17.8,0,0,0.0,0,0.0,0,0.0,0,0.0,27.11612266,38.45812899
914.116,0,67164628,1,914.116,AYDINLATMA,35-04-K00037,KARSIYAKA,35,0,0,TERSANE,0,0,0,0,0.0,0.876,0,0,0.0,0,0.0,0,0.0,0,0.0,27.12761264,38.46167388
3605.207,0,67164639,1,3605.207,AYDINLATMA,35-04-K03390,KARSIYAKA,35,0,0,YALI,0,0,0,0,0.0,2.08,0,0,0.0,0,0.0,0,0.0,0,0.0,27.08421679,38.47262436
1833.823,0,67164663,1,1833.823,AYDINLATMA,35-04-K02593,KARSIYAKA,35,0,0,MAVISEHIR,0,0,0,0,0.0,0.276,0,0,0.0,0,0.0,0,0.0,0,0.0,27.07437679,38.47216843
1499.805,0,67164677,1,1499.805,AYDINLATMA,35-04-K02593,KARSIYAKA,35,0,0,MAVISEHIR,0,0,0,0,0.0,0.194,0,0,0.0,0,0.0,0,0.0,0,0.0,27.07528464,38.47217562
3504.63,0,67166251,1,3504.63,AYDINLATMA,35-04-M01889,KARSIYAKA,35,0,0,BAHCELIEVLER,0,0,0,0,0.0,1.261,0,0,0.0,0,0.0,0,0.0,0,0.0,27.11341244,38.467684
1327.556,0,67166276,0,0.0,KUCUK_TICARETHANE,,KARSIYAKA,35,0,0,BOSTANLI,0,0,1,0,0.0,8.35,0,0,0.0,0,0.0,1,1327.556,0,0.0,27.10136956,38.45982275
8721.424,0,67176197,0,0.0,KUCUK_TICARETHANE,35-09-K01879,CIGLI,35,0,0,YENI MAHALLE,0,0,1,0,0.0,8.5,0,0,0.0,0,0.0,1,8721.424,0,0.0,27.05393486,38.49598598
904.907,0,67176551,0,0.0,KUCUK_TICARETHANE,35-09-K01879,CIGLI,35,0,0,YENI MAHALLE,0,0,1,0,0.0,5.0,0,0,0.0,0,0.0,1,904.907,0,0.0,27.05712813,38.49516261
37168.691,0,67176786,0,0.0,ORTA_TICARETHANE,35-09-M01260,CIGLI,35,0,0,KAKLIC,0,0,3,0,0.0,5.28,0,0,0.0,0,0.0,3,37168.691,0,0.0,26.99442673,38.50618038
229058.8,0,5000000236,0,0.0,ORTA_TICARETHANE,35-09-M01357,CIGLI,35,0,0,BALATCIK,0,0,1,0,0.0,78.7,0,0,0.0,0,0.0,1,229058.8,0,0.0,27.03616848,38.5140713
12429.02,0,5000000514,0,0.0,ORTA_TICARETHANE,35-09-M01192,CIGLI,35,0,0,SASALLI MERKEZ,0,0,1,0,0.0,30.8,0,0,0.0,0,0.0,1,12429.02,0,0.0,26.95949651,38.50652512
7736.0,0,5000006238,0,0.0,,35-09-M02815Ã–,CIGLI,35,0,0,ATATURK,0,0,0,0,0.0,39690.0,0,0,0.0,0,0.0,0,0.0,1,7736.0,27.07419139,38.53195681
33589.53,0,5000008690,2,33589.53,AYDINLATMA,35-04-K00055,KARSIYAKA,35,0,0,BAHARIYE,0,0,0,0,0.0,4.074,0,0,0.0,0,0.0,0,0.0,0,0.0,27.11636629,38.4614321
5208.356,0,5000008694,1,5208.356,AYDINLATMA,35-04-K01781,KARSIYAKA,35,0,0,BAHRIYE UCOK,0,0,0,0,0.0,1.222,0,0,0.0,0,0.0,0,0.0,0,0.0,27.11043731,38.46002995
4917.414,0,5000009307,1,4917.414,AYDINLATMA,35-04-M00924,KARSIYAKA,35,0,0,MUSTAFA KEMAL,0,0,0,0,0.0,1.695,0,0,0.0,0,0.0,0,0.0,0,0.0,27.09702961,38.49251489
9915.507,0,5000012875,0,0.0,KUCUK_TICARETHANE,35-09-M02464,CIGLI,35,0,0,YENI MAHALLE,0,0,7,2,986.716,10.558285714285715,0,0,0.0,0,0.0,5,8928.791000000001,0,0.0,27.0491394,38.4981089
3611.714,0,5000026195,0,0.0,KUCUK_TICARETHANE,35-04-K00590,KARSIYAKA,35,0,0,BAHARIYE,0,0,1,0,0.0,5.12,0,0,0.0,0,0.0,1,3611.714,0,0.0,27.11556851,38.45823104
22336.37,0,5000028457,0,0.0,ORTA_TICARETHANE,35-04-K04757,KARSIYAKA,35,0,0,LATIFE HANIM,0,0,1,0,0.0,8.54,0,0,0.0,0,0.0,1,22336.37,0,0.0,27.12380004,38.49882276
157523.6,0,5000037527,0,0.0,ORTA_SANAYI,35-09-M02365Ã–,CIGLI,35,0,0,SASALLI MERKEZ,0,0,1,0,0.0,400.0,0,1,157523.6,0,0.0,0,0.0,0,0.0,26.94537013,38.49056321
16928.689,0,5000038289,0,0.0,ORTA_TICARETHANE,35-09-M01145,CIGLI,35,0,0,KAKLIC,0,0,5,0,0.0,14.947999999999999,0,0,0.0,0,0.0,5,16928.689,0,0.0,26.99180226,38.50507764
47346.4,0,5000043404,0,0.0,ORTA_TICARETHANE,35-04-M02100,KARSIYAKA,35,0,0,IMBATLI,0,0,1,0,0.0,434.22,0,0,0.0,0,0.0,1,47346.4,0,0.0,27.10713407,38.4735496
6026.477,0,5000044614,0,0.0,KUCUK_TICARETHANE,35-04-K01692,KARSIYAKA,35,0,0,GONCALAR,0,0,1,0,0.0,5.0,0,0,0.0,0,0.0,1,6026.477,0,0.0,27.10600583,38.4631618
23980.07,0,5000047970,1,23980.07,AYDINLATMA,35-04-M02404,KARSIYAKA,35,0,0,CUMHURIYET,0,0,0,0,0.0,6.297,0,0,0.0,0,0.0,0,0.0,0,0.0,27.10269455,38.4773818
21418.73,0,5000048327,1,21418.73,AYDINLATMA,35-09-K04020,CIGLI,35,0,0,YENI MAHALLE,0,0,0,0,0.0,6.033,0,0,0.0,0,0.0,0,0.0,0,0.0,27.05810345,38.49405043
5025.844,0,5000048334,1,5025.844,AYDINLATMA,35-09-M00910,CIGLI,35,0,0,SASALLI MERKEZ,0,0,0,0,0.0,2.308,0,0,0.0,0,0.0,0,0.0,0,0.0,26.95844132,38.50044465
165871.585,0,5000048399,0,0.0,ORTA_TICARETHANE,35-04-M01889,KARSIYAKA,35,0,0,BAHCELIEVLER,0,0,39,1,1966.197,14.598307692307694,0,0,0.0,0,0.0,38,163905.388,0,0.0,27.11383603,38.46788439
13740.5,0,5000048603,1,13740.5,AYDINLATMA,35-09-M01945,CIGLI,35,0,0,ATASEHIR,0,0,0,0,0.0,4.381,0,0,0.0,0,0.0,0,0.0,0,0.0,27.0702598,38.4856897
431771.7,0,5000048995,0,0.0,BUYUK_SANAYI,35-09-M00631Ã–,CIGLI,35,0,0,SASALLI MERKEZ,0,0,1,0,0.0,1000.0,0,1,431771.7,0,0.0,0,0.0,0,0.0,26.943951,38.503412
115878.9,0,5000054155,0,0.0,ORTA_TICARETHANE,35-04-K04756,KARSIYAKA,35,0,0,LATIFE HANIM,0,0,1,0,0.0,154.3,0,0,0.0,0,0.0,1,115878.9,0,0.0,27.12101143,38.50057083
39363.6,0,5000055480,0,0.0,ORTA_SANAYI,35-09-M00387Ã–,CIGLI,35,0,0,SASALLI MERKEZ,0,0,1,0,0.0,250.0,0,1,39363.6,0,0.0,0,0.0,0,0.0,26.94246838,38.50055245
418929.3,0,5000055489,0,0.0,BUYUK_SANAYI,35-09-M00898Ã–,CIGLI,35,0,0,SASALLI MERKEZ,0,0,1,0,0.0,400.0,0,1,418929.3,0,0.0,0,0.0,0,0.0,26.94190105,38.50055659
158145.7,0,5000055492,0,0.0,ORTA_TICARETHANE,35-09-M01079Ã–,CIGLI,35,0,0,SASALLI MERKEZ,0,0,1,0,0.0,400.0,0,0,0.0,0,0.0,1,158145.7,0,0.0,26.94190318,38.500252
5486.375,0,5000056750,0,0.0,KUCUK_TICARETHANE,35-04-K04756,KARSIYAKA,35,0,0,LATIFE HANIM,0,0,1,0,0.0,8.42,0,0,0.0,0,0.0,1,5486.375,0,0.0,27.12336466,38.49807174
75506.8,0,5000057592,0,0.0,ORTA_TICARETHANE,35-04-K02593,KARSIYAKA,35,0,0,MAVISEHIR,0,0,1,0,0.0,50.3,0,0,0.0,0,0.0,1,75506.8,0,0.0,27.07531238,38.4749333
35592.908,0,5000065737,0,0.0,ORTA_TICARETHANE,35-04-K03102,KARSIYAKA,35,0,0,ALAYBEY,0,0,12,8,14978.626,9.649,0,0,0.0,0,0.0,4,20614.282,0,0.0,27.12393752,38.46041883
36604.112,0,5000069364,0,0.0,ORTA_TICARETHANE,35-09-M01932,CIGLI,35,0,0,BALATCIK,0,0,10,0,0.0,8.62,0,0,0.0,0,0.0,10,36604.112,0,0.0,27.04138486,38.51061204
9402.573,0,5000071726,0,0.0,ORTA_TICARETHANE,35-04-K04721,KARSIYAKA,35,0,0,MAVISEHIR,0,0,1,0,0.0,43.232,0,0,0.0,0,0.0,1,9402.573,0,0.0,27.0808753,38.470409
278180.3,0,5000074022,0,0.0,BUYUK_TICARETHANE,35-09-K04899Ã–,CIGLI,35,0,0,AYDINLIKEVLER,0,0,1,0,0.0,630.0,0,0,0.0,0,0.0,1,278180.3,0,0.0,27.0774673,38.49110893
6927.333,0,5000076407,0,0.0,KUCUK_TICARETHANE,35-04-K04756,KARSIYAKA,35,0,0,LATIFE HANIM,0,0,1,0,0.0,8.42,0,0,0.0,0,0.0,1,6927.333,0,0.0,27.12336912,38.4982188
49129.41,0,5000080836,2,49129.41,AYDINLATMA,35-04-M02425,KARSIYAKA,35,0,0,SEMIKLER,0,0,0,0,0.0,6.614,0,0,0.0,0,0.0,0,0.0,0,0.0,27.09985538,38.47509371
15286.29,0,5000083815,1,15286.29,AYDINLATMA,35-04-M01801,KARSIYAKA,35,0,0,MAVISEHIR,0,0,0,0,0.0,10.72,0,0,0.0,0,0.0,0,0.0,0,0.0,27.06638628,38.46794708
0.96,0,5000087423,0,0.0,KUCUK_TICARETHANE,35-09-M02439,CIGLI,35,0,0,KUCUK CIGLI,0,0,1,0,0.0,5.3,0,0,0.0,0,0.0,1,0.96,0,0.0,27.0510788,38.50428993
2107.299,0,5000088864,1,2107.299,AYDINLATMA,35-09-M00219,CIGLI,35,0,0,HARMANDALI GAZI MUSTAFA KEMAL ATATURK,0,0,0,0,0.0,3.39,0,0,0.0,0,0.0,0,0.0,0,0.0,27.0495942,38.53360243
23162.34,0,5000090861,0,0.0,ORTA_TICARETHANE,35-04-K00681,KARSIYAKA,35,0,0,DONANMACI,0,0,1,0,0.0,27.33,0,0,0.0,0,0.0,1,23162.34,0,0.0,27.11624401,38.45200846
26811.778,0,5000090865,0,0.0,ORTA_TICARETHANE,35-04-K00133,KARSIYAKA,35,0,0,DONANMACI,0,0,3,0,0.0,12.752,0,0,0.0,0,0.0,3,26811.778,0,0.0,27.11930258,38.45453571
650221.1,0,5000096318,0,0.0,BUYUK_TICARETHANE,35-04-M02361Ã–,KARSIYAKA,35,0,0,MAVISEHIR,0,0,1,0,0.0,630.0,0,0,0.0,0,0.0,1,650221.1,0,0.0,27.07243,38.468681
23070.232,0,5000099776,0,0.0,ORTA_TICARETHANE,35-04-M01265,KARSIYAKA,35,0,0,ORNEKKOY,0,0,4,0,0.0,10.975,0,0,0.0,0,0.0,4,23070.232,0,0.0,27.11485106,38.47490155
11952.0,0,5000102795,1,11952.0,AYDINLATMA,35-04-M01834,KARSIYAKA,35,0,0,CUMHURIYET,0,0,0,0,0.0,4.5,0,0,0.0,0,0.0,0,0.0,0,0.0,27.09938058,38.47726282
18364.97,0,5000105628,0,0.0,ORTA_TICARETHANE,35-09-M01951,CIGLI,35,0,0,MALTEPE,0,0,1,0,0.0,8.96,0,0,0.0,0,0.0,1,18364.97,0,0.0,27.06983943,38.49102779
8898.644,0,5000106835,0,0.0,KUCUK_TICARETHANE,35-04-K00427,KARSIYAKA,35,0,0,IMBATLI,0,0,1,0,0.0,8.5,0,0,0.0,0,0.0,1,8898.644,0,0.0,27.1074302,38.4746639
3712.532,0,5000111235,0,0.0,KUCUK_TICARETHANE,,CIGLI,35,0,0,KUCUK CIGLI,0,0,1,0,0.0,5.0,0,0,0.0,0,0.0,1,3712.532,0,0.0,27.06196451,38.49778633
52574.352999999996,0,5000111696,0,0.0,ORTA_TICARETHANE,35-09-M00999,CIGLI,35,0,0,BALATCIK,0,0,7,4,6228.707,10.114285714285714,0,0,0.0,0,0.0,3,46345.64599999999,0,0.0,27.04044418,38.51111429
14722.98,0,5000114235,0,0.0,ORTA_TICARETHANE,35-04-M02856Ã–,KARSIYAKA,35,0,0,ZUBEYDE HANIM,0,0,1,0,0.0,100.0,0,0,0.0,0,0.0,1,14722.98,0,0.0,27.10019635,38.50478086
31197.12,0,5000115329,1,31197.12,AYDINLATMA,35-04-M01360,KARSIYAKA,35,0,0,CUMHURIYET,0,0,0,0,0.0,7.947,0,0,0.0,0,0.0,0,0.0,0,0.0,27.0942094,38.4827176
2000.216,0,5000122184,0,0.0,KUCUK_TICARETHANE,35-04-K00427,KARSIYAKA,35,0,0,IMBATLI,0,0,1,0,0.0,5.0,0,0,0.0,0,0.0,1,2000.216,0,0.0,27.10443594,38.47472486
15526.572,0,5000124111,0,0.0,ORTA_TICARETHANE,35-04-K00590,KARSIYAKA,35,0,0,BAHARIYE,0,0,7,2,1985.502,11.698285714285715,0,0,0.0,0,0.0,5,13541.07,0,0.0,27.11567919,38.45870609
1954.002,0,5000125517,0,0.0,KUCUK_TICARETHANE,35-04-K00017,KARSIYAKA,35,0,0,ALAYBEY,0,0,1,0,0.0,5.0,0,0,0.0,0,0.0,1,1954.002,0,0.0,27.1214242,38.45829471
2047.028,0,5000125535,0,0.0,KUCUK_TICARETHANE,35-04-K04188,KARSIYAKA,35,0,0,TUNA,0,0,1,0,0.0,5.0,0,0,0.0,0,0.0,1,2047.028,0,0.0,27.11741664,38.45745812
2037.741,0,5000125538,0,0.0,KUCUK_TICARETHANE,35-04-K04188,KARSIYAKA,35,0,0,TUNA,0,0,1,0,0.0,5.0,0,0,0.0,0,0.0,1,2037.741,0,0.0,27.11878823,38.45880305
855.485,0,5000125542,0,0.0,KUCUK_TICARETHANE,35-04-K00055,KARSIYAKA,35,0,0,BAHARIYE,0,0,1,0,0.0,5.0,0,0,0.0,0,0.0,1,855.485,0,0.0,27.11540461,38.46103791
2103.396,0,5000125547,0,0.0,KUCUK_TICARETHANE,35-04-K00055,KARSIYAKA,35,0,0,BAHARIYE,0,0,1,0,0.0,5.0,0,0,0.0,0,0.0,1,2103.396,0,0.0,27.11641326,38.4604649
1110.037,0,5000125552,0,0.0,KUCUK_TICARETHANE,35-04-K03224,KARSIYAKA,35,0,0,DONANMACI,0,0,1,0,0.0,5.0,0,0,0.0,0,0.0,1,1110.037,0,0.0,27.11778661,38.45551656
1075.259,0,5000125555,0,0.0,KUCUK_TICARETHANE,35-04-K00893,KARSIYAKA,35,0,0,TUNA,0,0,1,0,0.0,5.0,0,0,0.0,0,0.0,1,1075.259,0,0.0,27.12270237,38.45741674
659.486,0,5000125558,0,0.0,KUCUK_TICARETHANE,35-04-K03109,KARSIYAKA,35,0,0,TUNA,0,0,1,0,0.0,5.0,0,0,0.0,0,0.0,1,659.486,0,0.0,27.12361133,38.45748544
943.297,0,5000125561,0,0.0,KUCUK_TICARETHANE,35-04-K00017,KARSIYAKA,35,0,0,ALAYBEY,0,0,1,0,0.0,5.0,0,0,0.0,0,0.0,1,943.297,0,0.0,27.11994245,38.45920608
1843.496,0,5000125564,0,0.0,KUCUK_TICARETHANE,35-04-K00017,KARSIYAKA,35,0,0,TUNA,0,0,1,0,0.0,5.0,0,0,0.0,0,0.0,1,1843.496,0,0.0,27.12218053,38.45815765
1028.484,0,5000125567,0,0.0,KUCUK_TICARETHANE,35-04-K03109,KARSIYAKA,35,0,0,ALAYBEY,0,0,1,0,0.0,5.0,0,0,0.0,0,0.0,1,1028.484,0,0.0,27.12396332,38.45829428
1770.052,0,5000125570,0,0.0,KUCUK_TICARETHANE,35-04-K03109,KARSIYAKA,35,0,0,ALAYBEY,0,0,1,0,0.0,5.0,0,0,0.0,0,0.0,1,1770.052,0,0.0,27.1230383,38.45836686
939.241,0,5000125573,0,0.0,KUCUK_TICARETHANE,35-04-K00893,KARSIYAKA,35,0,0,TUNA,0,0,1,0,0.0,5.0,0,0,0.0,0,0.0,1,939.241,0,0.0,27.12218103,38.45767479
2010.804,0,5000125576,0,0.0,KUCUK_TICARETHANE,35-04-K03224,KARSIYAKA,35,0,0,DONANMACI,0,0,1,0,0.0,5.0,0,0,0.0,0,0.0,1,2010.804,0,0.0,27.117779,38.45509746
6339.779,0,5000127794,0,0.0,KUCUK_TICARETHANE,35-04-K04756,KARSIYAKA,35,0,0,LATIFE HANIM,0,0,1,0,0.0,9.752,0,0,0.0,0,0.0,1,6339.779,0,0.0,27.12291712,38.49808479
3418.742,0,5000127966,0,0.0,KUCUK_TICARETHANE,35-04-K04756,KARSIYAKA,35,0,0,LATIFE HANIM,0,0,1,0,0.0,10.028,0,0,0.0,0,0.0,1,3418.742,0,0.0,27.12268018,38.49809647
4907.773,0,5000128000,0,0.0,KUCUK_TICARETHANE,35-04-K04756,KARSIYAKA,35,0,0,LATIFE HANIM,0,0,1,0,0.0,9.76,0,0,0.0,0,0.0,1,4907.773,0,0.0,27.12279821,38.49808729
6321.77,0,5000128138,0,0.0,KUCUK_TICARETHANE,35-09-M00256,CIGLI,35,0,0,KAKLIC,0,0,1,0,0.0,5.5,0,0,0.0,0,0.0,1,6321.77,0,0.0,26.98850738,38.51096704
4371.291,0,5000131183,0,0.0,KUCUK_TICARETHANE,35-04-K01141,KARSIYAKA,35,0,0,CUMHURIYET,0,0,1,0,0.0,5.44,0,0,0.0,0,0.0,1,4371.291,0,0.0,27.08699979,38.48333764
636.34,0,5000131261,0,0.0,ORTA_TICARETHANE,35-04-K02426,KARSIYAKA,35,0,0,MAVISEHIR,0,0,1,0,0.0,20.859,0,0,0.0,0,0.0,1,636.34,0,0.0,27.08048774,38.47212928
59992.152,0,5000136789,0,0.0,ORTA_TICARETHANE,35-09-K03320,CIGLI,35,0,0,AYDINLIKEVLER,0,0,3,1,40460.41,50.629999999999995,0,0,0.0,0,0.0,2,19531.742,0,0.0,27.07818784,38.49207512
1605.32,0,5000138903,0,0.0,KUCUK_TICARETHANE,35-04-K02447,KARSIYAKA,35,0,0,ZUBEYDE HANIM,0,0,1,0,0.0,5.0,0,0,0.0,0,0.0,1,1605.32,0,0.0,27.1103137,38.48966172
1112.927,0,5000138906,0,0.0,KUCUK_TICARETHANE,35-04-M02893,KARSIYAKA,35,0,0,ORNEKKOY,0,0,1,0,0.0,5.0,0,0,0.0,0,0.0,1,1112.927,0,0.0,27.10626242,38.48503248
770.6,0,5000138909,0,0.0,KUCUK_TICARETHANE,35-04-K04171,KARSIYAKA,35,0,0,ZUBEYDE HANIM,0,0,1,0,0.0,5.0,0,0,0.0,0,0.0,1,770.6,0,0.0,27.11259976,38.49656699
5850.547,0,5000138980,0,0.0,KUCUK_TICARETHANE,35-04-K02323,KARSIYAKA,35,0,0,CUMHURIYET,0,0,1,0,0.0,5.0,0,0,0.0,0,0.0,1,5850.547,0,0.0,27.09866381,38.48017941
22693.68,0,5000139035,0,0.0,ORTA_TICARETHANE,35-04-K04756,KARSIYAKA,35,0,0,LATIFE HANIM,0,0,1,0,0.0,9.76,0,0,0.0,0,0.0,1,22693.68,0,0.0,27.12326293,38.4982259
8177.915,0,5000139902,0,0.0,KUCUK_TICARETHANE,35-09-M01945,CIGLI,35,0,0,ATASEHIR,0,0,1,0,0.0,8.82,0,0,0.0,0,0.0,1,8177.915,0,0.0,27.06890615,38.48643061
3364.045,0,5000140857,0,0.0,KUCUK_TICARETHANE,35-04-K04756,KARSIYAKA,35,0,0,LATIFE HANIM,0,0,1,0,0.0,9.76,0,0,0.0,0,0.0,1,3364.045,0,0.0,27.12257005,38.49809784
3289.073,0,5000142284,0,0.0,KUCUK_TICARETHANE,35-09-K01869,CIGLI,35,0,0,BALATCIK,0,0,3,2,1785.542,10.453333333333333,0,0,0.0,0,0.0,1,1503.531,0,0.0,27.04678853,38.50561234
13105.8,0,5000144919,1,13105.8,AYDINLATMA,35-04-M02555,KARSIYAKA,35,0,0,ORNEKKOY,0,0,0,0,0.0,8.347,0,0,0.0,0,0.0,0,0.0,0,0.0,27.10488221,38.47842694
6935.187,0,5000149339,0,0.0,KUCUK_TICARETHANE,35-04-K00215,KARSIYAKA,35,0,0,SEMIKLER,0,0,1,0,0.0,5.0,0,0,0.0,0,0.0,1,6935.187,0,0.0,27.09350787,38.47736208
10929.18,0,5000151757,0,0.0,ORTA_TICARETHANE,35-04-K01664,KARSIYAKA,35,0,0,SEMIKLER,0,0,1,0,0.0,7.2,0,0,0.0,0,0.0,1,10929.18,0,0.0,27.08486341,38.48110582
1860.157,0,5000152678,0,0.0,KUCUK_TICARETHANE,35-04-K00872,KARSIYAKA,35,0,0,AKSOY,0,0,1,0,0.0,5.0,0,0,0.0,0,0.0,1,1860.157,0,0.0,27.11086684,38.45677632
857.0,0,5000152681,0,0.0,KUCUK_TICARETHANE,35-04-K01746,KARSIYAKA,35,0,0,DONANMACI,0,0,1,0,0.0,5.0,0,0,0.0,0,0.0,1,857.0,0,0.0,27.11591976,38.45665588
1755.364,0,5000152684,0,0.0,KUCUK_TICARETHANE,35-04-K03074,KARSIYAKA,35,0,0,AKSOY,0,0,1,0,0.0,5.0,0,0,0.0,0,0.0,1,1755.364,0,0.0,27.10907605,38.45635311
1870.398,0,5000152687,0,0.0,KUCUK_TICARETHANE,35-04-K01746,KARSIYAKA,35,0,0,DONANMACI,0,0,1,0,0.0,5.0,0,0,0.0,0,0.0,1,1870.398,0,0.0,27.11671387,38.4558285
2110.334,0,5000152690,0,0.0,KUCUK_TICARETHANE,35-04-K03844,KARSIYAKA,35,0,0,TUNA,0,0,1,0,0.0,5.0,0,0,0.0,0,0.0,1,2110.334,0,0.0,27.11947544,38.45732285
1353.798,0,5000152733,0,0.0,KUCUK_TICARETHANE,35-04-K00282,KARSIYAKA,35,0,0,DONANMACI,0,0,1,0,0.0,5.0,0,0,0.0,0,0.0,1,1353.798,0,0.0,27.11206045,38.45380182
2001.841,0,5000152736,0,0.0,KUCUK_TICARETHANE,35-04-K01681,KARSIYAKA,35,0,0,TUNA,0,0,1,0,0.0,5.0,0,0,0.0,0,0.0,1,2001.841,0,0.0,27.11844134,38.45684268
1367.961,0,5000152739,0,0.0,KUCUK_TICARETHANE,35-04-K01293,KARSIYAKA,35,0,0,AKSOY,0,0,1,0,0.0,5.0,0,0,0.0,0,0.0,1,1367.961,0,0.0,27.11200694,38.45457192
1525.606,0,5000152745,0,0.0,KUCUK_TICARETHANE,35-04-K03204,KARSIYAKA,35,0,0,DONANMACI,0,0,1,0,0.0,5.0,0,0,0.0,0,0.0,1,1525.606,0,0.0,27.11242801,38.45724508
1600.632,0,5000152749,0,0.0,KUCUK_TICARETHANE,35-04-K00018,KARSIYAKA,35,0,0,DONANMACI,0,0,1,0,0.0,5.0,0,0,0.0,0,0.0,1,1600.632,0,0.0,27.11460902,38.45417556
1687.132,0,5000152754,0,0.0,KUCUK_TICARETHANE,35-04-K03074,KARSIYAKA,35,0,0,AKSOY,0,0,1,0,0.0,5.0,0,0,0.0,0,0.0,1,1687.132,0,0.0,27.10969413,38.45493006
1533.535,0,5000152759,0,0.0,KUCUK_TICARETHANE,35-04-K00753,KARSIYAKA,35,0,0,AKSOY,0,0,1,0,0.0,5.0,0,0,0.0,0,0.0,1,1533.535,0,0.0,27.10848071,38.45386228
851.179,0,5000152762,0,0.0,KUCUK_TICARETHANE,35-04-K03185,KARSIYAKA,35,0,0,DONANMACI,0,0,1,0,0.0,5.0,0,0,0.0,0,0.0,1,851.179,0,0.0,27.11431916,38.45345188
1028.063,0,5000152767,0,0.0,KUCUK_TICARETHANE,35-04-K03074,KARSIYAKA,35,0,0,AKSOY,0,0,1,0,0.0,5.0,0,0,0.0,0,0.0,1,1028.063,0,0.0,27.11033694,38.45480804
1612.492,0,5000152770,0,0.0,KUCUK_TICARETHANE,35-04-K00753,KARSIYAKA,35,0,0,AKSOY,0,0,1,0,0.0,5.0,0,0,0.0,0,0.0,1,1612.492,0,0.0,27.10798003,38.45174989
2033.22,0,5000152833,0,0.0,KUCUK_TICARETHANE,35-04-K01746,KARSIYAKA,35,0,0,DONANMACI,0,0,1,0,0.0,5.0,0,0,0.0,0,0.0,1,2033.22,0,0.0,27.11532228,38.45676366
1856.1,0,5000152836,0,0.0,KUCUK_TICARETHANE,35-04-K00018,KARSIYAKA,35,0,0,DONANMACI,0,0,1,0,0.0,5.0,0,0,0.0,0,0.0,1,1856.1,0,0.0,27.11520236,38.45626582
901.919,0,5000152839,0,0.0,KUCUK_TICARETHANE,35-04-K00872,KARSIYAKA,35,0,0,AKSOY,0,0,1,0,0.0,5.0,0,0,0.0,0,0.0,1,901.919,0,0.0,27.11208284,38.45649116
1497.711,0,5000152842,0,0.0,KUCUK_TICARETHANE,35-04-K00590,KARSIYAKA,35,0,0,BAHARIYE,0,0,1,0,0.0,5.0,0,0,0.0,0,0.0,1,1497.711,0,0.0,27.11538168,38.4585055
1552.291,0,5000152847,0,0.0,KUCUK_TICARETHANE,35-04-M03251,KARSIYAKA,35,0,0,AKSOY,0,0,1,0,0.0,5.0,0,0,0.0,0,0.0,1,1552.291,0,0.0,27.10710078,38.4564926
1302.86,0,5000152852,0,0.0,KUCUK_TICARETHANE,35-04-K00277,KARSIYAKA,35,0,0,AKSOY,0,0,1,0,0.0,5.0,0,0,0.0,0,0.0,1,1302.86,0,0.0,27.10695119,38.45508401
1069.935,0,5000152897,0,0.0,KUCUK_TICARETHANE,35-04-K02618,KARSIYAKA,35,0,0,AKSOY,0,0,1,0,0.0,5.0,0,0,0.0,0,0.0,1,1069.935,0,0.0,27.1049095,38.45139329
936.896,0,5000152902,0,0.0,KUCUK_TICARETHANE,35-04-K01681,KARSIYAKA,35,0,0,TUNA,0,0,1,0,0.0,5.0,0,0,0.0,0,0.0,1,936.896,0,0.0,27.11850681,38.45686165
1846.283,0,5000152922,0,0.0,KUCUK_TICARETHANE,35-04-K00282,KARSIYAKA,35,0,0,DONANMACI,0,0,1,0,0.0,5.0,0,0,0.0,0,0.0,1,1846.283,0,0.0,27.11191646,38.45316108
1812.128,0,5000152956,0,0.0,KUCUK_TICARETHANE,35-04-K00928,KARSIYAKA,35,0,0,TUNA,0,0,1,0,0.0,5.0,0,0,0.0,0,0.0,1,1812.128,0,0.0,27.11991365,38.4572317
0.0,0,5000153829,0,0.0,KUCUK_TICARETHANE,35-04-K00706,KARSIYAKA,35,0,0,NERGIZ,0,0,1,0,0.0,8.5,0,0,0.0,0,0.0,1,0.0,0,0.0,27.1067266,38.46009136
23969.686999999998,0,5000157430,0,0.0,ORTA_TICARETHANE,35-04-K04756,KARSIYAKA,35,0,0,LATIFE HANIM,0,0,5,0,0.0,8.134,0,0,0.0,0,0.0,5,23969.686999999998,0,0.0,27.12207418,38.50063333
15972.349001,0,5000157451,0,0.0,ORTA_TICARETHANE,35-04-K04756,KARSIYAKA,35,0,0,LATIFE HANIM,0,0,4,0,0.0,8.134,0,0,0.0,0,0.0,4,15972.349001,0,0.0,27.12212949,38.50032618
122181.804,0,5000457507,0,0.0,ORTA_TICARETHANE,35-09-K01954,CIGLI,35,0,0,AHMET TANER KISLALI,0,0,2,0,0.0,93.094,0,0,0.0,0,0.0,2,122181.804,0,0.0,27.08248549,38.49522876
40584.105,0,5000459512,0,0.0,ORTA_TICARETHANE,35-09-M01458,CIGLI,35,0,0,ATASEHIR,0,0,4,0,0.0,7.56625,0,0,0.0,0,0.0,4,40584.105,0,0.0,27.06659,38.4792983
4664.157,0,5000459570,0,0.0,KUCUK_TICARETHANE,35-04-K04756,KARSIYAKA,35,0,0,LATIFE HANIM,0,0,1,0,0.0,9.76,0,0,0.0,0,0.0,1,4664.157,0,0.0,27.12245861,38.49810952
2765.772,0,5000459682,0,0.0,KUCUK_TICARETHANE,35-04-K04756,KARSIYAKA,35,0,0,LATIFE HANIM,0,0,1,0,0.0,9.752,0,0,0.0,0,0.0,1,2765.772,0,0.0,27.12232785,38.4982504
570.528,0,5000459683,0,0.0,KUCUK_TICARETHANE,35-04-K04756,KARSIYAKA,35,0,0,LATIFE HANIM,0,0,1,0,0.0,9.76,0,0,0.0,0,0.0,1,570.528,0,0.0,27.12246036,38.4982401
611.225,0,5000459692,0,0.0,KUCUK_TICARETHANE,35-04-K04756,KARSIYAKA,35,0,0,LATIFE HANIM,0,0,1,0,0.0,9.76,0,0,0.0,0,0.0,1,611.225,0,0.0,27.12257707,38.49824431
2170.227,0,5000459696,0,0.0,KUCUK_TICARETHANE,35-04-K04756,KARSIYAKA,35,0,0,LATIFE HANIM,0,0,1,0,0.0,9.76,0,0,0.0,0,0.0,1,2170.227,0,0.0,27.1226973,38.49823684
10593.16,0,5000460145,0,0.0,ORTA_TICARETHANE,35-04-K04756,KARSIYAKA,35,0,0,LATIFE HANIM,0,0,1,0,0.0,9.76,0,0,0.0,0,0.0,1,10593.16,0,0.0,27.12280962,38.49822585
647.165,0,5000460179,0,0.0,KUCUK_TICARETHANE,35-04-K04756,KARSIYAKA,35,0,0,LATIFE HANIM,0,0,1,0,0.0,9.76,0,0,0.0,0,0.0,1,647.165,0,0.0,27.12303653,38.49823253
2787.947,0,5000467646,0,0.0,KUCUK_TICARETHANE,35-04-K04188,KARSIYAKA,35,0,0,TUNA,0,0,1,0,0.0,5.0,0,0,0.0,0,0.0,1,2787.947,0,0.0,27.11833692,38.45829567
852.199,0,5000467649,0,0.0,KUCUK_TICARETHANE,35-04-K03074,KARSIYAKA,35,0,0,AKSOY,0,0,1,0,0.0,5.0,0,0,0.0,0,0.0,1,852.199,0,0.0,27.10886529,38.45503499
5256.4,0,5000468766,0,0.0,KUCUK_TICARETHANE,35-09-M02465,CIGLI,35,0,0,KUCUK CIGLI,0,0,3,2,4565.806,10.836666666666666,0,0,0.0,0,0.0,1,690.594,0,0.0,27.04797253,38.50427699
1041.707,0,5000468847,0,0.0,KUCUK_TICARETHANE,35-09-M02549,CIGLI,35,0,0,KUCUK CIGLI,0,0,1,0,0.0,12.0,0,0,0.0,0,0.0,1,1041.707,0,0.0,27.04293728,38.50270034
11108.47,0,5000468861,0,0.0,ORTA_TICARETHANE,35-04-K01990,KARSIYAKA,35,0,0,TUNA,0,0,1,0,0.0,60.0,0,0,0.0,0,0.0,1,11108.47,0,0.0,27.12032858,38.45534389
0.0,0,5000468931,0,0.0,ORTA_TICARETHANE,35-04-K00525,KARSIYAKA,35,0,0,BOSTANLI,0,0,1,0,0.0,30.0,0,0,0.0,0,0.0,1,0.0,0,0.0,27.09417459,38.45663634
2619.701,0,5000471885,0,0.0,KUCUK_TICARETHANE,35-09-M00625,CIGLI,35,0,0,AHMET EFENDI,0,0,1,0,0.0,5.4,0,0,0.0,0,0.0,1,2619.701,0,0.0,27.03875023,38.52016345
7003.003,0,5000471990,0,0.0,KUCUK_TICARETHANE,35-09-K01866,CIGLI,35,0,0,KUCUK CIGLI,0,0,1,0,0.0,5.4,0,0,0.0,0,0.0,1,7003.003,0,0.0,27.05445385,38.50084412
3.808,0,5000472006,0,0.0,KUCUK_TICARETHANE,35-09-K04390,CIGLI,35,0,0,ATATURK,0,0,1,0,0.0,5.4,0,0,0.0,0,0.0,1,3.808,0,0.0,27.06078307,38.51705566
84384.35,0,5000472864,0,0.0,ORTA_TICARETHANE,35-09-M01981,CIGLI,35,0,0,MALTEPE,0,0,1,0,0.0,188.53,0,0,0.0,0,0.0,1,84384.35,0,0.0,27.07764627,38.49394639
321250.429,0,5000476221,0,0.0,ORTA_TICARETHANE,35-04-M02659,KARSIYAKA,35,0,0,MAVISEHIR,0,0,22,15,51807.969,45.55659090909091,0,0,0.0,0,0.0,7,269442.46,0,0.0,27.07018424,38.47492168
274307.245,0,5000476222,0,0.0,ORTA_TICARETHANE,35-04-M02659,KARSIYAKA,35,0,0,MAVISEHIR,0,0,17,10,44530.936,41.12682352941176,0,0,0.0,0,0.0,7,229776.30899999998,0,0.0,27.07109689,38.47492168
7949.25,0,5000476231,0,0.0,ORTA_TICARETHANE,35-04-M02659,KARSIYAKA,35,0,0,MAVISEHIR,0,0,2,1,2744.385,42.497,0,0,0.0,0,0.0,1,5204.865,0,0.0,27.07004294,38.47425721
7020.053,0,5000480159,0,0.0,KUCUK_TICARETHANE,35-04-K04756,KARSIYAKA,35,0,0,LATIFE HANIM,0,0,1,0,0.0,9.76,0,0,0.0,0,0.0,1,7020.053,0,0.0,27.12315149,38.49822395
2853.581,0,5000489365,0,0.0,KUCUK_TICARETHANE,35-04-K04756,KARSIYAKA,35,0,0,LATIFE HANIM,0,0,1,0,0.0,9.752,0,0,0.0,0,0.0,1,2853.581,0,0.0,27.12235067,38.49810231
0.0,0,5000489945,0,0.0,KUCUK_TICARETHANE,35-04-K03211,KARSIYAKA,35,0,0,SEMIKLER,0,0,1,0,0.0,8.5,0,0,0.0,0,0.0,1,0.0,0,0.0,27.09262495,38.4732867
2774.605,0,5000490551,0,0.0,KUCUK_TICARETHANE,35-09-M00212,CIGLI,35,0,0,INONU,0,0,1,0,0.0,5.0,0,0,0.0,0,0.0,1,2774.605,0,0.0,27.04723862,38.52815512
7782.086,0,5000492300,0,0.0,KUCUK_TICARETHANE,35-04-K00491,KARSIYAKA,35,0,0,AKSOY,0,0,1,0,0.0,8.6,0,0,0.0,0,0.0,1,7782.086,0,0.0,27.10684754,38.45088301
3878.257,0,5000495702,0,0.0,KUCUK_TICARETHANE,35-04-K00166,KARSIYAKA,35,0,0,ALAYBEY,0,0,1,0,0.0,8.5,0,0,0.0,0,0.0,1,3878.257,0,0.0,27.1214749,38.46020481
90074.34,0,5000499320,0,0.0,ORTA_TICARETHANE,35-09-M01608,CIGLI,35,0,0,AYDINLIKEVLER,0,0,1,0,0.0,142.11,0,0,0.0,0,0.0,1,90074.34,0,0.0,27.07826615,38.48779694
14675.13,0,5000500491,0,0.0,ORTA_TICARETHANE,35-04-K01758,KARSIYAKA,35,0,0,BAHCELIEVLER,0,0,1,0,0.0,8.2,0,0,0.0,0,0.0,1,14675.13,0,0.0,27.12017213,38.46520381
28875.8,0,5000501105,0,0.0,ORTA_TICARETHANE,,KARSIYAKA,35,0,0,ZUBEYDE HANIM,0,0,1,0,0.0,10.0,0,0,0.0,0,0.0,1,28875.8,0,0.0,27.11350259,38.50419787
3154.079,0,5000501872,0,0.0,KUCUK_TICARETHANE,35-04-K02323,KARSIYAKA,35,0,0,CUMHURIYET,0,0,1,0,0.0,5.0,0,0,0.0,0,0.0,1,3154.079,0,0.0,27.10188192,38.47882496
2595.993,0,5000501877,0,0.0,KUCUK_TICARETHANE,35-04-K00243,KARSIYAKA,35,0,0,CUMHURIYET,0,0,1,0,0.0,5.0,0,0,0.0,0,0.0,1,2595.993,0,0.0,27.09592227,38.48301805
3179.19,0,5000501882,0,0.0,KUCUK_TICARETHANE,35-04-M02404,KARSIYAKA,35,0,0,CUMHURIYET,0,0,1,0,0.0,5.0,0,0,0.0,0,0.0,1,3179.19,0,0.0,27.10256968,38.47727355
2922.19,0,5000501885,0,0.0,KUCUK_TICARETHANE,35-04-M01026,KARSIYAKA,35,0,0,CUMHURIYET,0,0,1,0,0.0,5.0,0,0,0.0,0,0.0,1,2922.19,0,0.0,27.09919092,38.48134412
1385.273,0,5000501888,0,0.0,KUCUK_TICARETHANE,35-04-K00243,KARSIYAKA,35,0,0,CUMHURIYET,0,0,1,0,0.0,5.0,0,0,0.0,0,0.0,1,1385.273,0,0.0,27.09596419,38.48297175
2684.389,0,5000501932,0,0.0,KUCUK_TICARETHANE,35-04-K00243,KARSIYAKA,35,0,0,CUMHURIYET,0,0,1,0,0.0,5.0,0,0,0.0,0,0.0,1,2684.389,0,0.0,27.09789176,38.48288473
2891.12,0,5000501935,0,0.0,KUCUK_TICARETHANE,35-04-K04012,KARSIYAKA,35,0,0,ORNEKKOY,0,0,1,0,0.0,5.0,0,0,0.0,0,0.0,1,2891.12,0,0.0,27.10254103,38.48253033
2827.44,0,5000501938,0,0.0,KUCUK_TICARETHANE,35-04-M02466,KARSIYAKA,35,0,0,INONU,0,0,1,0,0.0,5.0,0,0,0.0,0,0.0,1,2827.44,0,0.0,27.09986612,38.48424978
2351.114,0,5000501941,0,0.0,KUCUK_TICARETHANE,35-04-M01834,KARSIYAKA,35,0,0,CUMHURIYET,0,0,1,0,0.0,5.0,0,0,0.0,0,0.0,1,2351.114,0,0.0,27.09927348,38.47843349
1107.083,0,5000501944,0,0.0,KUCUK_TICARETHANE,35-04-K00244,KARSIYAKA,35,0,0,CUMHURIYET,0,0,1,0,0.0,5.0,0,0,0.0,0,0.0,1,1107.083,0,0.0,27.10274285,38.47963283
1165.992,0,5000501949,0,0.0,KUCUK_TICARETHANE,35-04-M01180,KARSIYAKA,35,0,0,CUMHURIYET,0,0,1,0,0.0,5.0,0,0,0.0,0,0.0,1,1165.992,0,0.0,27.10277698,38.47604773
166.942,0,5000506372,0,0.0,KUCUK_TICARETHANE,35-09-K01864,CIGLI,35,0,0,YENI MAHALLE,0,0,1,0,0.0,8.5,0,0,0.0,0,0.0,1,166.942,0,0.0,27.05802513,38.49632341
39169.43,0,5000506389,0,0.0,ORTA_TICARETHANE,35-04-M02100,KARSIYAKA,35,0,0,IMBATLI,0,0,1,0,0.0,5.3,0,0,0.0,0,0.0,1,39169.43,0,0.0,27.10894177,38.47189487
35218.9,0,5000507032,0,0.0,ORTA_TICARETHANE,35-09-K01932,CIGLI,35,0,0,EGEKENT,0,0,1,0,0.0,251.21,0,0,0.0,0,0.0,1,35218.9,0,0.0,27.06021618,38.50794555
37601.028,0,5000510565,0,0.0,ORTA_TICARETHANE,35-09-M00845,CIGLI,35,0,0,UGUR MUMCU,0,0,3,0,0.0,32.346666666666664,0,0,0.0,0,0.0,3,37601.028,0,0.0,27.04582085,38.52462625
19976.699,0,5000511853,0,0.0,ORTA_TICARETHANE,35-09-M00396,CIGLI,35,0,0,BALATCIK,0,0,6,0,0.0,8.066666666666666,0,0,0.0,0,0.0,6,19976.699,0,0.0,27.04082742,38.50933464
351.232,0,5000512481,0,0.0,KUCUK_TICARETHANE,35-04-K02313,KARSIYAKA,35,0,0,BOSTANLI,0,0,1,0,0.0,5.0,0,0,0.0,0,0.0,1,351.232,0,0.0,27.09971956,38.45639368
4692.424,0,5000513143,0,0.0,KUCUK_TICARETHANE,35-04-K00525,KARSIYAKA,35,0,0,BOSTANLI,0,0,1,0,0.0,8.5,0,0,0.0,0,0.0,1,4692.424,0,0.0,27.0945804,38.45734687
12502.8,0,5000513810,0,0.0,ORTA_TICARETHANE,35-04-K02592,KARSIYAKA,35,0,0,MAVISEHIR,0,0,1,0,0.0,584.0,0,0,0.0,0,0.0,1,12502.8,0,0.0,27.0767383,38.472985
18119.41,0,5000514721,1,18119.41,AYDINLATMA,35-09-M02083,CIGLI,35,0,0,ATASEHIR,0,0,0,0,0.0,4.74,0,0,0.0,0,0.0,0,0.0,0,0.0,27.06416461,38.48949382
4466.033,0,5000514724,1,4466.033,AYDINLATMA,35-09-M02078,CIGLI,35,0,0,CUMHURIYET,0,0,0,0,0.0,1.2,0,0,0.0,0,0.0,0,0.0,0,0.0,27.05415886,38.5438332
863.479,0,5000515101,0,0.0,KUCUK_TICARETHANE,35-04-K03169,KARSIYAKA,35,0,0,AKSOY,0,0,1,0,0.0,5.0,0,0,0.0,0,0.0,1,863.479,0,0.0,27.10742058,38.45340995
712.618,0,5000515104,0,0.0,KUCUK_TICARETHANE,35-04-K03385,KARSIYAKA,35,0,0,AKSOY,0,0,1,0,0.0,5.0,0,0,0.0,0,0.0,1,712.618,0,0.0,27.10891575,38.45037916
2206.996,0,5000515107,0,0.0,KUCUK_TICARETHANE,35-04-K00017,KARSIYAKA,35,0,0,ALAYBEY,0,0,1,0,0.0,5.0,0,0,0.0,0,0.0,1,2206.996,0,0.0,27.12031443,38.45918573
931.268,0,5000515110,0,0.0,KUCUK_TICARETHANE,35-04-K00833,KARSIYAKA,35,0,0,DONANMACI,0,0,1,0,0.0,5.0,0,0,0.0,0,0.0,1,931.268,0,0.0,27.11385459,38.45695026
881.628,0,5000515153,0,0.0,KUCUK_TICARETHANE,35-04-K03204,KARSIYAKA,35,0,0,AKSOY,0,0,1,0,0.0,5.0,0,0,0.0,0,0.0,1,881.628,0,0.0,27.11188125,38.45572884
681.981,0,5000515156,0,0.0,KUCUK_TICARETHANE,35-04-K01191,KARSIYAKA,35,0,0,DONANMACI,0,0,1,0,0.0,5.0,0,0,0.0,0,0.0,1,681.981,0,0.0,27.11141751,38.45023665
908.554,0,5000515159,0,0.0,KUCUK_TICARETHANE,35-04-K00833,KARSIYAKA,35,0,0,DONANMACI,0,0,1,0,0.0,5.0,0,0,0.0,0,0.0,1,908.554,0,0.0,27.11397069,38.45692871
906.601,0,5000515162,0,0.0,KUCUK_TICARETHANE,35-04-K01293,KARSIYAKA,35,0,0,DONANMACI,0,0,1,0,0.0,5.0,0,0,0.0,0,0.0,1,906.601,0,0.0,27.11369277,38.45522396
2159.467,0,5000515165,0,0.0,KUCUK_TICARETHANE,35-04-K00018,KARSIYAKA,35,0,0,DONANMACI,0,0,1,0,0.0,5.0,0,0,0.0,0,0.0,1,2159.467,0,0.0,27.11484745,38.45494965
951.765,0,5000515168,0,0.0,KUCUK_TICARETHANE,35-04-K00833,KARSIYAKA,35,0,0,DONANMACI,0,0,1,0,0.0,5.0,0,0,0.0,0,0.0,1,951.765,0,0.0,27.11418545,38.45517509
1397.085,0,5000515171,0,0.0,KUCUK_TICARETHANE,35-04-K00681,KARSIYAKA,35,0,0,DONANMACI,0,0,1,0,0.0,5.0,0,0,0.0,0,0.0,1,1397.085,0,0.0,27.11583115,38.45373897
954.922,0,5000515197,0,0.0,KUCUK_TICARETHANE,35-04-K03204,KARSIYAKA,35,0,0,DONANMACI,0,0,1,0,0.0,5.0,0,0,0.0,0,0.0,1,954.922,0,0.0,27.11339987,38.45592995
812.579,0,5000515200,0,0.0,KUCUK_TICARETHANE,35-04-K00681,KARSIYAKA,35,0,0,DONANMACI,0,0,1,0,0.0,5.0,0,0,0.0,0,0.0,1,812.579,0,0.0,27.11588312,38.45240816
1042.499,0,5000515203,0,0.0,KUCUK_TICARETHANE,35-04-K00928,KARSIYAKA,35,0,0,TUNA,0,0,1,0,0.0,5.0,0,0,0.0,0,0.0,1,1042.499,0,0.0,27.11991986,38.45827743
1174.792,0,5000515206,0,0.0,KUCUK_TICARETHANE,35-04-K00017,KARSIYAKA,35,0,0,ALAYBEY,0,0,1,0,0.0,5.0,0,0,0.0,0,0.0,1,1174.792,0,0.0,27.12144359,38.45899308
966.165,0,5000515209,0,0.0,KUCUK_TICARETHANE,35-04-K00928,KARSIYAKA,35,0,0,TUNA,0,0,1,0,0.0,5.0,0,0,0.0,0,0.0,1,966.165,0,0.0,27.11998879,38.45845174
851.047,0,5000515869,0,0.0,KUCUK_TICARETHANE,35-04-K00491,KARSIYAKA,35,0,0,AKSOY,0,0,1,0,0.0,5.0,0,0,0.0,0,0.0,1,851.047,0,0.0,27.10548768,38.45157381
859.866,0,5000515892,0,0.0,KUCUK_TICARETHANE,35-04-K03204,KARSIYAKA,35,0,0,DONANMACI,0,0,1,0,0.0,5.0,0,0,0.0,0,0.0,1,859.866,0,0.0,27.11385363,38.45588942
1405.431,0,5000515973,0,0.0,KUCUK_TICARETHANE,35-04-K00665,KARSIYAKA,35,0,0,DONANMACI,0,0,1,0,0.0,5.0,0,0,0.0,0,0.0,1,1405.431,0,0.0,27.11361308,38.45100934
854.276,0,5000515976,0,0.0,KUCUK_TICARETHANE,,KARSIYAKA,35,0,0,BOSTANLI,0,0,1,0,0.0,5.0,0,0,0.0,0,0.0,1,854.276,0,0.0,27.10387863,38.45543587
989.87,0,5000515982,0,0.0,KUCUK_TICARETHANE,35-04-K00282,KARSIYAKA,35,0,0,DONANMACI,0,0,1,0,0.0,5.0,0,0,0.0,0,0.0,1,989.87,0,0.0,27.11228623,38.45310676
852.256,0,5000515988,0,0.0,KUCUK_TICARETHANE,35-04-K03169,KARSIYAKA,35,0,0,AKSOY,0,0,1,0,0.0,5.0,0,0,0.0,0,0.0,1,852.256,0,0.0,27.10715123,38.45288245
1635.382,0,5000516018,0,0.0,KUCUK_TICARETHANE,35-04-K03204,KARSIYAKA,35,0,0,DONANMACI,0,0,1,0,0.0,5.0,0,0,0.0,0,0.0,1,1635.382,0,0.0,27.11400448,38.45644126
1024.593,0,5000516030,0,0.0,KUCUK_TICARETHANE,35-04-K00277,KARSIYAKA,35,0,0,AKSOY,0,0,1,0,0.0,5.0,0,0,0.0,0,0.0,1,1024.593,0,0.0,27.10766511,38.45489241
694.853,0,5000516034,0,0.0,KUCUK_TICARETHANE,35-04-K01091,KARSIYAKA,35,0,0,BOSTANLI,0,0,1,0,0.0,5.0,0,0,0.0,0,0.0,1,694.853,0,0.0,27.10375444,38.4527344
1234.164,0,5000516046,0,0.0,KUCUK_TICARETHANE,35-04-K00665,KARSIYAKA,35,0,0,DONANMACI,0,0,1,0,0.0,5.0,0,0,0.0,0,0.0,1,1234.164,0,0.0,27.11426881,38.45136096
2426.736,0,5000516063,0,0.0,KUCUK_TICARETHANE,35-04-K01360,KARSIYAKA,35,0,0,BAHARIYE,0,0,1,0,0.0,5.0,0,0,0.0,0,0.0,1,2426.736,0,0.0,27.116002,38.45949518
11533.64,0,5000516095,0,0.0,ORTA_TICARETHANE,35-04-K00928,KARSIYAKA,35,0,0,TUNA,0,0,1,0,0.0,5.94,0,0,0.0,0,0.0,1,11533.64,0,0.0,27.1126995,38.481644
1024.493,0,5000516100,0,0.0,KUCUK_TICARETHANE,35-04-K00017,KARSIYAKA,35,0,0,ALAYBEY,0,0,1,0,0.0,5.0,0,0,0.0,0,0.0,1,1024.493,0,0.0,27.12143298,38.45897219
32911.65,0,5000516220,1,32911.65,AYDINLATMA,35-09-K02537,CIGLI,35,0,0,ATASEHIR,0,0,0,0,0.0,8.35,0,0,0.0,0,0.0,0,0.0,0,0.0,27.05619984,38.48048227
30009.75,0,5000516223,1,30009.75,AYDINLATMA,35-09-K02537,CIGLI,35,0,0,ATATURK OSB,0,0,0,0,0.0,8.35,0,0,0.0,0,0.0,0,0.0,0,0.0,27.04844559,38.47829121
3165.283,0,5000518786,0,0.0,KUCUK_TICARETHANE,35-09-K03317,CIGLI,35,0,0,MALTEPE,0,0,1,0,0.0,5.0,0,0,0.0,0,0.0,1,3165.283,0,0.0,27.07500165,38.49256805
1067757.0,0,5000520868,0,0.0,BUYUK_TICARETHANE,35-04-K02927Ã–,KARSIYAKA,35,0,0,BOSTANLI,0,0,1,0,0.0,950.0,0,0,0.0,0,0.0,1,1067757.0,0,0.0,27.09914705,38.45818641
442135.3,0,5000522119,0,0.0,ORTA_TICARETHANE,35-09-M00233,CIGLI,35,0,0,EVKA - 2,0,0,1,0,0.0,75.75,0,0,0.0,0,0.0,1,442135.3,0,0.0,27.0904867,38.498575
50049.48,0,5000527144,0,0.0,ORTA_TICARETHANE,35-04-K03109,KARSIYAKA,35,0,0,ALAYBEY,0,0,1,0,0.0,8.9,0,0,0.0,0,0.0,1,50049.48,0,0.0,27.12250862,38.45847763
4608.785,0,5000527323,0,0.0,KUCUK_TICARETHANE,35-09-M01685,CIGLI,35,0,0,BALATCIK,0,0,1,0,0.0,8.2,0,0,0.0,0,0.0,1,4608.785,0,0.0,27.04231517,38.51900883
2980.032,0,5000530839,0,0.0,KUCUK_TICARETHANE,35-04-M02441,KARSIYAKA,35,0,0,SEMIKLER,0,0,1,0,0.0,8.5,0,0,0.0,0,0.0,1,2980.032,0,0.0,27.09440721,38.47701034
1013.956,0,5000536471,0,0.0,KUCUK_TICARETHANE,35-04-K04246,KARSIYAKA,35,0,0,NERGIZ,0,0,1,0,0.0,5.0,0,0,0.0,0,0.0,1,1013.956,0,0.0,27.10543541,38.46371733
1728.654,0,5000536489,0,0.0,KUCUK_TICARETHANE,35-04-K00807,KARSIYAKA,35,0,0,NERGIZ,0,0,1,0,0.0,5.0,0,0,0.0,0,0.0,1,1728.654,0,0.0,27.10781693,38.46091648
1528.088,0,5000536501,0,0.0,KUCUK_TICARETHANE,35-04-K00115,KARSIYAKA,35,0,0,GONCALAR,0,0,1,0,0.0,5.0,0,0,0.0,0,0.0,1,1528.088,0,0.0,27.10571028,38.46468373
1765.056,0,5000536554,0,0.0,KUCUK_TICARETHANE,35-04-K01692,KARSIYAKA,35,0,0,NERGIZ,0,0,1,0,0.0,5.0,0,0,0.0,0,0.0,1,1765.056,0,0.0,27.10551293,38.46131231
1597.66,0,5000536561,0,0.0,KUCUK_TICARETHANE,35-04-K03074,KARSIYAKA,35,0,0,AKSOY,0,0,1,0,0.0,5.0,0,0,0.0,0,0.0,1,1597.66,0,0.0,27.10847583,38.45767823
1614.618,0,5000536569,0,0.0,KUCUK_TICARETHANE,35-04-M03251,KARSIYAKA,35,0,0,BOSTANLI,0,0,1,0,0.0,5.0,0,0,0.0,0,0.0,1,1614.618,0,0.0,27.10637881,38.45835391
1243.637,0,5000536630,0,0.0,KUCUK_TICARETHANE,35-04-K00488,KARSIYAKA,35,0,0,BOSTANLI,0,0,1,0,0.0,5.0,0,0,0.0,0,0.0,1,1243.637,0,0.0,27.10295451,38.45315665
1838.042,0,5000536655,0,0.0,KUCUK_TICARETHANE,35-04-K00018,KARSIYAKA,35,0,0,DONANMACI,0,0,1,0,0.0,5.0,0,0,0.0,0,0.0,1,1838.042,0,0.0,27.11523393,38.45546437
1173.767,0,5000536658,0,0.0,KUCUK_TICARETHANE,35-04-K00489,KARSIYAKA,35,0,0,BAHRIYE UCOK,0,0,1,0,0.0,5.0,0,0,0.0,0,0.0,1,1173.767,0,0.0,27.11282423,38.45865857
1589.6,0,5000536664,0,0.0,KUCUK_TICARETHANE,35-04-K00872,KARSIYAKA,35,0,0,AKSOY,0,0,1,0,0.0,5.0,0,0,0.0,0,0.0,1,1589.6,0,0.0,27.11118693,38.45734375
1654.457,0,5000536669,0,0.0,KUCUK_TICARETHANE,35-04-K02815,KARSIYAKA,35,0,0,NERGIZ,0,0,1,0,0.0,5.0,0,0,0.0,0,0.0,1,1654.457,0,0.0,27.10364808,38.46128241
1139.683,0,5000536672,0,0.0,KUCUK_TICARETHANE,35-04-K02815,KARSIYAKA,35,0,0,NERGIZ,0,0,1,0,0.0,5.0,0,0,0.0,0,0.0,1,1139.683,0,0.0,27.10386758,38.46165112
1254.961,0,5000536675,0,0.0,KUCUK_TICARETHANE,35-04-K03734,KARSIYAKA,35,0,0,BOSTANLI,0,0,1,0,0.0,5.0,0,0,0.0,0,0.0,1,1254.961,0,0.0,27.10604645,38.45528316
2311.51,0,5000536680,0,0.0,KUCUK_TICARETHANE,35-04-K00115,KARSIYAKA,35,0,0,GONCALAR,0,0,1,0,0.0,5.0,0,0,0.0,0,0.0,1,2311.51,0,0.0,27.10554707,38.46405686
1172.505,0,5000536685,0,0.0,KUCUK_TICARETHANE,35-04-K01555,KARSIYAKA,35,0,0,DONANMACI,0,0,1,0,0.0,5.0,0,0,0.0,0,0.0,1,1172.505,0,0.0,27.11825045,38.45588473
1725.599,0,5000536716,0,0.0,KUCUK_TICARETHANE,35-04-K00930,KARSIYAKA,35,0,0,NERGIZ,0,0,1,0,0.0,5.0,0,0,0.0,0,0.0,1,1725.599,0,0.0,27.10694056,38.45942435
1392.514,0,5000536723,0,0.0,KUCUK_TICARETHANE,35-04-K00753,KARSIYAKA,35,0,0,AKSOY,0,0,1,0,0.0,5.0,0,0,0.0,0,0.0,1,1392.514,0,0.0,27.10827056,38.45303016
916.615,0,5000536731,0,0.0,KUCUK_TICARETHANE,35-04-K00282,KARSIYAKA,35,0,0,AKSOY,0,0,1,0,0.0,5.0,0,0,0.0,0,0.0,1,916.615,0,0.0,27.11104045,38.45471027
1427.627,0,5000536738,0,0.0,KUCUK_TICARETHANE,35-04-M03251,KARSIYAKA,35,0,0,BOSTANLI,0,0,1,0,0.0,5.0,0,0,0.0,0,0.0,1,1427.627,0,0.0,27.10583629,38.45668543
1770.421,0,5000536741,0,0.0,KUCUK_TICARETHANE,35-04-K04246,KARSIYAKA,35,0,0,NERGIZ,0,0,1,0,0.0,5.0,0,0,0.0,0,0.0,1,1770.421,0,0.0,27.1052348,38.46362723
1230.977,0,5000536744,0,0.0,KUCUK_TICARETHANE,35-04-K01249,KARSIYAKA,35,0,0,BOSTANLI,0,0,1,0,0.0,5.0,0,0,0.0,0,0.0,1,1230.977,0,0.0,27.10370332,38.45504889
18838.495,0,5000538879,0,0.0,ORTA_TICARETHANE,35-04-K04756,KARSIYAKA,35,0,0,LATIFE HANIM,0,0,2,0,0.0,35.3,0,0,0.0,0,0.0,2,18838.495,0,0.0,27.12170027,38.50138241
1283.149,0,5000539081,0,0.0,KUCUK_TICARETHANE,35-04-M01832,KARSIYAKA,35,0,0,IMBATLI,0,0,1,0,0.0,7.9,0,0,0.0,0,0.0,1,1283.149,0,0.0,27.10815779,38.47624355
43812.43,0,5000539670,0,0.0,ORTA_TICARETHANE,35-04-K04756,KARSIYAKA,35,0,0,LATIFE HANIM,0,0,1,0,0.0,8.5,0,0,0.0,0,0.0,1,43812.43,0,0.0,27.12278088,38.49792727
5129.842,0,5000542738,0,0.0,KUCUK_TICARETHANE,35-09-M01314,CIGLI,35,0,0,ATASEHIR,0,0,1,0,0.0,5.0,0,0,0.0,0,0.0,1,5129.842,0,0.0,27.07433453,38.48014515
182593.7,0,5000550813,0,0.0,ORTA_TICARETHANE,35-04-K02593,KARSIYAKA,35,0,0,MAVISEHIR,0,0,2,0,0.0,58.55,0,0,0.0,0,0.0,2,182593.7,0,0.0,27.07418252,38.47183952
350.277,0,5000550825,0,0.0,KUCUK_TICARETHANE,35-09-M02088,CIGLI,35,0,0,BALATCIK,0,0,1,0,0.0,8.0,0,0,0.0,0,0.0,1,350.277,0,0.0,27.04121297,38.50764258
54223.78999999999,0,5000551811,2,54223.78999999999,AYDINLATMA,35-09-M00400,CIGLI,35,0,0,BALATCIK,0,0,0,0,0.0,11.796,0,0,0.0,0,0.0,0,0.0,0,0.0,27.03772224,38.51755579
745.016,0,5000554938,0,0.0,KUCUK_TICARETHANE,35-04-K01051,KARSIYAKA,35,0,0,BAHRIYE UCOK,0,0,1,0,0.0,8.5,0,0,0.0,0,0.0,1,745.016,0,0.0,27.10996164,38.46345127
20004.775999999998,0,5000556205,0,0.0,ORTA_TICARETHANE,35-04-K04756,KARSIYAKA,35,0,0,LATIFE HANIM,0,0,2,0,0.0,7.416,0,0,0.0,0,0.0,2,20004.775999999998,0,0.0,27.12112902,38.50021576
5489.812,0,5000559784,0,0.0,KUCUK_TICARETHANE,35-09-M01932,CIGLI,35,0,0,BALATCIK,0,0,1,0,0.0,5.4,0,0,0.0,0,0.0,1,5489.812,0,0.0,27.04134716,38.50899722
1089.708,0,5000563095,0,0.0,KUCUK_TICARETHANE,35-04-K02875,KARSIYAKA,35,0,0,BAHCELIEVLER,0,0,1,0,0.0,8.5,0,0,0.0,0,0.0,1,1089.708,0,0.0,27.12517062,38.4676941
35456.486,0,5000564418,0,0.0,ORTA_TICARETHANE,35-04-K00133,KARSIYAKA,35,0,0,TUNA,0,0,3,0,0.0,8.976666666666667,0,0,0.0,0,0.0,3,35456.486,0,0.0,27.1220787,38.45557227
113976.696,0,5000566581,0,0.0,ORTA_TICARETHANE,35-09-M02390,CIGLI,35,0,0,BALATCIK,0,0,12,0,0.0,13.448333333333332,0,0,0.0,0,0.0,12,113976.696,0,0.0,27.04308069,38.50613507
197051.9,0,5000567134,0,0.0,ORTA_TICARETHANE,35-04-M00947,KARSIYAKA,35,0,0,MUSTAFA KEMAL,0,0,1,0,0.0,103.89,0,0,0.0,0,0.0,1,197051.9,0,0.0,27.09185692,38.49141767
30550.71,0,5000576756,0,0.0,ORTA_TICARETHANE,35-04-M01373,KARSIYAKA,35,0,0,YALI,0,0,1,0,0.0,30.0,0,0,0.0,0,0.0,1,30550.71,0,0.0,27.08630497,38.47199521
582.147,0,5000577307,0,0.0,KUCUK_TICARETHANE,35-09-K01869,CIGLI,35,0,0,BALATCIK,0,0,1,0,0.0,8.5,0,0,0.0,0,0.0,1,582.147,0,0.0,27.04684303,38.50546284
60201.18,0,5000577736,1,60201.18,AYDINLATMA,35-09-M00251,CIGLI,35,0,0,KAKLIC,0,0,0,0,0.0,17.6,0,0,0.0,0,0.0,0,0.0,0,0.0,27.0024572,38.494381
67270.73,0,5000577742,1,67270.73,AYDINLATMA,35-09-M00263,CIGLI,35,0,0,KAKLIC,0,0,0,0,0.0,15.76,0,0,0.0,0,0.0,0,0.0,0,0.0,26.96995476,38.49356503
184.009,0,5000579172,0,0.0,KUCUK_TICARETHANE,35-09-K03320,CIGLI,35,0,0,AYDINLIKEVLER,0,0,1,0,0.0,5.0,0,0,0.0,0,0.0,1,184.009,0,0.0,27.07943655,38.49212086
7772.939,0,5000581790,0,0.0,KUCUK_TICARETHANE,35-09-K02771,CIGLI,35,0,0,BALATCIK,0,0,1,0,0.0,5.0,0,0,0.0,0,0.0,1,7772.939,0,0.0,27.04824165,38.51097775
0.059,0,5000586387,0,0.0,KUCUK_TICARETHANE,35-09-K03320,CIGLI,35,0,0,AYDINLIKEVLER,0,0,1,0,0.0,7.9,0,0,0.0,0,0.0,1,0.059,0,0.0,27.0796845,38.49234246
41675.52,0,5000588626,0,0.0,ORTA_TICARETHANE,35-04-M02560,KARSIYAKA,35,0,0,IMBATLI,0,0,1,0,0.0,125.0,0,0,0.0,0,0.0,1,41675.52,0,0.0,27.10959409,38.47159452
39963.65,0,5000597457,0,0.0,ORTA_TICARETHANE,35-04-M01186,KARSIYAKA,35,0,0,YALI,0,0,1,0,0.0,171.45,0,0,0.0,0,0.0,1,39963.65,0,0.0,27.09504161,38.46550006
788.87,0,5000597831,0,0.0,KUCUK_TICARETHANE,35-04-M01178,KARSIYAKA,35,0,0,YALI,0,0,1,0,0.0,8.35,0,0,0.0,0,0.0,1,788.87,0,0.0,27.08810289,38.47231829
1081.923,0,5000599727,0,0.0,KUCUK_TICARETHANE,35-09-M00210,CIGLI,35,0,0,HARMANDALI GAZI MUSTAFA KEMAL ATATURK,0,0,1,0,0.0,5.0,0,0,0.0,0,0.0,1,1081.923,0,0.0,27.05257198,38.53243556
1308.678,0,5000599731,0,0.0,KUCUK_TICARETHANE,35-09-M00214,CIGLI,35,0,0,HARMANDALI GAZI MUSTAFA KEMAL ATATURK,0,0,1,0,0.0,5.0,0,0,0.0,0,0.0,1,1308.678,0,0.0,27.05218726,38.53112728
52004.159,0,5000600387,0,0.0,ORTA_TICARETHANE,35-09-M00626,CIGLI,35,0,0,UGUR MUMCU,0,0,11,0,0.0,10.792727272727273,0,0,0.0,0,0.0,11,52004.159,0,0.0,27.04463978,38.52274259
22432.0,0,5000602958,0,0.0,ORTA_TICARETHANE,35-04-M02663,KARSIYAKA,35,0,0,ORNEKKOY,0,0,1,0,0.0,80.5,0,0,0.0,0,0.0,1,22432.0,0,0.0,27.10696448,38.48099635
20.803,0,5000603399,0,0.0,KUCUK_TICARETHANE,35-04-M02922,KARSIYAKA,35,0,0,ORNEKKOY,0,0,1,0,0.0,8.5,0,0,0.0,0,0.0,1,20.803,0,0.0,27.10969459,38.47777686
25598.58,0,5000603734,0,0.0,ORTA_TICARETHANE,35-09-K03330,CIGLI,35,0,0,ATASEHIR,0,0,1,0,0.0,5.0,0,0,0.0,0,0.0,1,25598.58,0,0.0,27.07118468,38.4832534
12219.69,0,5000605308,0,0.0,ORTA_TICARETHANE,35-09-M00999,CIGLI,35,0,0,BALATCIK,0,0,1,0,0.0,5.0,0,0,0.0,0,0.0,1,12219.69,0,0.0,27.04080443,38.5124475
98395.26599999999,0,5000605712,0,0.0,ORTA_TICARETHANE,35-09-M02949Ã–,CIGLI,35,0,0,SASALLI MERKEZ,0,0,3,0,0.0,80.0,0,0,0.0,0,0.0,3,98395.26599999999,0,0.0,26.96896149,38.49318641
122941.018,0,5000606804,0,0.0,ORTA_TICARETHANE,35-09-K01862,CIGLI,35,0,0,ATASEHIR,0,0,64,37,66376.111,14.869375,0,0,0.0,0,0.0,27,56564.907,0,0.0,27.05001396,38.49037196
161379.082,0,5000607831,0,0.0,ORTA_TICARETHANE,35-09-M02689,CIGLI,35,0,0,ATASEHIR,0,0,94,59,104402.849,14.592393617021276,0,0,0.0,0,0.0,35,56976.233,0,0.0,27.04850299,38.49301122
516.717,0,5000609281,0,0.0,KUCUK_TICARETHANE,35-04-K00215,KARSIYAKA,35,0,0,SEMIKLER,0,0,1,0,0.0,8.5,0,0,0.0,0,0.0,1,516.717,0,0.0,27.0928409,38.47795956
4497.586,0,5000609673,0,0.0,KUCUK_TICARETHANE,35-04-K01285,KARSIYAKA,35,0,0,BAHCELIEVLER,0,0,1,0,0.0,5.0,0,0,0.0,0,0.0,1,4497.586,0,0.0,27.11988228,38.46607354
162579.177,0,5000610647,0,0.0,ORTA_TICARETHANE,35-09-M02688,CIGLI,35,0,0,ATASEHIR,0,0,80,48,105315.329,14.6458125,0,0,0.0,0,0.0,32,57263.848,0,0.0,27.05003513,38.49127977
1208.344,0,5000612923,0,0.0,KUCUK_TICARETHANE,35-04-K03082,KARSIYAKA,35,0,0,LATIFE HANIM,0,0,1,0,0.0,5.32,0,0,0.0,0,0.0,1,1208.344,0,0.0,27.11645646,38.48991113
6371.953,0,5000615104,0,0.0,KUCUK_TICARETHANE,35-04-K04628,KARSIYAKA,35,0,0,SEMIKLER,0,0,1,0,0.0,8.5,0,0,0.0,0,0.0,1,6371.953,0,0.0,27.09480208,38.47098454
2035.98,0,5000615107,0,0.0,KUCUK_TICARETHANE,35-09-M02023,CIGLI,35,0,0,ESENTEPE,0,0,1,0,0.0,8.5,0,0,0.0,0,0.0,1,2035.98,0,0.0,27.06090457,38.51097262
16769.293999999998,0,5000620492,0,0.0,ORTA_TICARETHANE,35-09-M00627,CIGLI,35,0,0,UGUR MUMCU,0,0,2,1,39.264,11.325,0,0,0.0,0,0.0,1,16730.03,0,0.0,27.04391647,38.52304228
5581.078,0,5000621616,0,0.0,KUCUK_TICARETHANE,35-09-K02817,CIGLI,35,0,0,ATASEHIR,0,0,1,0,0.0,7.22,0,0,0.0,0,0.0,1,5581.078,0,0.0,27.05284883,38.48539909
733.984,0,5000622548,0,0.0,KUCUK_TICARETHANE,35-09-M03052,CIGLI,35,0,0,ESENTEPE,0,0,1,0,0.0,8.5,0,0,0.0,0,0.0,1,733.984,0,0.0,27.05725418,38.51210324
540.484,0,5000623308,0,0.0,KUCUK_TICARETHANE,35-04-K04757,KARSIYAKA,35,0,0,LATIFE HANIM,0,0,1,0,0.0,8.5,0,0,0.0,0,0.0,1,540.484,0,0.0,27.12379493,38.49987253
114405.85,0,5000624690,0,0.0,ORTA_TICARETHANE,35-09-M02650,CIGLI,35,0,0,YAKAKENT,0,0,2,1,82428.7,34.064,0,0,0.0,0,0.0,1,31977.15,0,0.0,27.07011466,38.50852824
16073.35,0,5000624967,0,0.0,ORTA_TICARETHANE,35-09-M00396,CIGLI,35,0,0,BALATCIK,0,0,1,0,0.0,8.5,0,0,0.0,0,0.0,1,16073.35,0,0.0,27.03979674,38.50905821
60980.7,0,5000625417,0,0.0,ORTA_TICARETHANE,35-04-K01589,KARSIYAKA,35,0,0,BAHRIYE UCOK,0,0,2,1,16478.94,19.5,0,0,0.0,0,0.0,1,44501.76,0,0.0,27.1110135,38.45865837
22000000.0,0,5000628393,0,0.0,BUYUK_SANAYI,35-09-M02862Ã–,CIGLI,35,0,0,ATASEHIR,0,0,1,0,0.0,10500.0,0,1,22000000.0,0,0.0,0,0.0,0,0.0,27.05657066,38.47352702
34.642,0,5000628744,0,0.0,KUCUK_TICARETHANE,35-09-K03705,CIGLI,35,0,0,MALTEPE,0,0,1,0,0.0,5.3,0,0,0.0,0,0.0,1,34.642,0,0.0,27.07568361,38.49012102
4130.155,0,5000628928,0,0.0,KUCUK_TICARETHANE,35-04-K04756,KARSIYAKA,35,0,0,LATIFE HANIM,0,0,1,0,0.0,5.08,0,0,0.0,0,0.0,1,4130.155,0,0.0,27.12312948,38.49807518
9813.26,0,5000629132,0,0.0,KUCUK_TICARETHANE,35-04-K02436,KARSIYAKA,35,0,0,MUSTAFA KEMAL,0,0,2,0,0.0,5.0,0,0,0.0,0,0.0,2,9813.26,0,0.0,27.09611333,38.49410921
8854.245,0,5000631125,0,0.0,ORTA_TICARETHANE,35-09-M03053,CIGLI,35,0,0,EGEKENT,0,0,1,0,0.0,39.25,0,0,0.0,0,0.0,1,8854.245,0,0.0,27.06359542,38.50621318
12666.88,0,5000634641,0,0.0,ORTA_TICARETHANE,35-09-M02549,CIGLI,35,0,0,KUCUK CIGLI,0,0,1,0,0.0,8.5,0,0,0.0,0,0.0,1,12666.88,0,0.0,27.04383751,38.5031753
6739.31,0,5000635519,0,0.0,KUCUK_TICARETHANE,35-04-M02872,KARSIYAKA,35,0,0,ZUBEYDE HANIM,0,0,1,0,0.0,5.0,0,0,0.0,0,0.0,1,6739.31,0,0.0,27.10979859,38.49159142
19013.573,0,5000636400,2,19013.573,AYDINLATMA,35-04-M02870,KARSIYAKA,35,0,0,ORNEKKOY,0,0,0,0,0.0,4.5685,0,0,0.0,0,0.0,0,0.0,0,0.0,27.10788216,38.48704132
14635.2,0,5000637298,1,14635.2,AYDINLATMA,35-04-M02872,KARSIYAKA,35,0,0,ZUBEYDE HANIM,0,0,0,0,0.0,4.367,0,0,0.0,0,0.0,0,0.0,0,0.0,27.11033236,38.49185827
6651.664,0,5000637499,0,0.0,KUCUK_TICARETHANE,35-09-M01978,CIGLI,35,0,0,KOYICI,0,0,1,0,0.0,6.16,0,0,0.0,0,0.0,1,6651.664,0,0.0,27.06503506,38.49997254
8940.407,0,5000638307,1,8940.407,AYDINLATMA,35-04-M02873,KARSIYAKA,35,0,0,ZUBEYDE HANIM,0,0,0,0,0.0,3.464,0,0,0.0,0,0.0,0,0.0,0,0.0,27.10706011,38.49305955
7601.563,0,5000638572,1,6250.078,KUCUK_TICARETHANE,35-04-K00885,KARSIYAKA,35,0,0,ATAKENT,0,0,1,0,0.0,3.7,0,0,0.0,0,0.0,1,1351.485,0,0.0,27.08857473,38.46691615
1747.789,0,5000639796,0,0.0,KUCUK_TICARETHANE,35-04-K00907,KARSIYAKA,35,0,0,BAHCELIEVLER,0,0,1,0,0.0,5.0,0,0,0.0,0,0.0,1,1747.789,0,0.0,27.11645304,38.46640666
2119.395,0,5000642481,0,0.0,KUCUK_TICARETHANE,35-04-M01442,KARSIYAKA,35,0,0,DEDEBASI,0,0,1,0,0.0,8.5,0,0,0.0,0,0.0,1,2119.395,0,0.0,27.10540594,38.47161469
2596.956,0,5000643029,1,2596.956,AYDINLATMA,35-04-K01990,KARSIYAKA,35,0,0,TUNA,0,0,0,0,0.0,5.0,0,0,0.0,0,0.0,0,0.0,0,0.0,27.11932038,38.45574219
1185.781,0,5000643056,1,1185.781,AYDINLATMA,35-04-K00928,KARSIYAKA,35,0,0,TUNA,0,0,0,0,0.0,5.0,0,0,0.0,0,0.0,0,0.0,0,0.0,27.12048243,38.45813534
6387.546,0,5000645062,0,0.0,KUCUK_TICARETHANE,35-09-M03036,CIGLI,35,0,0,EGEKENT,0,0,1,0,0.0,5.4,0,0,0.0,0,0.0,1,6387.546,0,0.0,27.06437564,38.5058871
57771.739,0,5000645415,0,0.0,ORTA_TICARETHANE,35-04-M00944,KARSIYAKA,35,0,0,MUSTAFA KEMAL,0,0,2,0,0.0,152.2825,0,0,0.0,0,0.0,2,57771.739,0,0.0,27.08980274,38.49247019
4699.986,0,5000645773,0,0.0,KUCUK_TICARETHANE,35-09-K04579,CIGLI,35,0,0,ATATURK,0,0,1,0,0.0,5.06,0,0,0.0,0,0.0,1,4699.986,0,0.0,27.06515737,38.51790221
3525.98,0,5000647066,1,3525.98,AYDINLATMA,35-09-M02533,CIGLI,35,0,0,BALATCIK,0,0,0,0,0.0,1.241,0,0,0.0,0,0.0,0,0.0,0,0.0,27.04303977,38.50814818
22204.697,0,5000647896,0,0.0,ORTA_TICARETHANE,35-09-M01260,CIGLI,35,0,0,KAKLIC,0,0,3,0,0.0,23.7,0,0,0.0,0,0.0,3,22204.697,0,0.0,26.99347939,38.50533902
7461.463,0,5000647953,0,0.0,KUCUK_TICARETHANE,35-09-K04681,CIGLI,35,0,0,MALTEPE,0,0,1,0,0.0,7.86,0,0,0.0,0,0.0,1,7461.463,0,0.0,27.07301124,38.49020124
818.7549,0,5000648283,0,0.0,KUCUK_TICARETHANE,35-09-K01954,CIGLI,35,0,0,AHMET TANER KISLALI,0,0,1,0,0.0,8.5,0,0,0.0,0,0.0,1,818.7549,0,0.0,27.08504424,38.49543058
18068.16,0,5000649974,0,0.0,ORTA_TICARETHANE,35-09-M02776,CIGLI,35,0,0,YAKAKENT,0,0,1,0,0.0,7.5,0,0,0.0,0,0.0,1,18068.16,0,0.0,27.07819195,38.50615676
5220.498,0,5000653066,0,0.0,ORTA_TICARETHANE,35-09-K04282,CIGLI,35,0,0,KUCUK CIGLI,0,0,1,0,0.0,49.662,0,0,0.0,0,0.0,1,5220.498,0,0.0,27.05648643,38.49861504
148.273,0,5000653492,0,0.0,KUCUK_TICARETHANE,35-04-K03343,KARSIYAKA,35,0,0,BAHCELIEVLER,0,0,1,0,0.0,8.0,0,0,0.0,0,0.0,1,148.273,0,0.0,27.12912244,38.46511002
215527.1,0,5000654660,0,0.0,ORTA_TICARETHANE,35-09-M01896,CIGLI,35,0,0,YENI MAHALLE,0,0,1,0,0.0,134.92,0,0,0.0,0,0.0,1,215527.1,0,0.0,27.04739044,38.4962809
15555.36,0,5000656198,0,0.0,ORTA_TICARETHANE,35-09-M01975,CIGLI,35,0,0,YAKAKENT,0,0,1,0,0.0,34.4,0,0,0.0,0,0.0,1,15555.36,0,0.0,27.0796875,38.50414186
19745.41,0,5000657968,0,0.0,ORTA_TICARETHANE,35-04-K04133,KARSIYAKA,35,0,0,SEMIKLER,0,0,1,0,0.0,5.3,0,0,0.0,0,0.0,1,19745.41,0,0.0,27.09698852,38.47225275
7278.209,0,5000661281,0,0.0,ORTA_TICARETHANE,35-09-M00447,CIGLI,35,0,0,SASALLI MERKEZ,0,0,1,0,0.0,20.0,0,0,0.0,0,0.0,1,7278.209,0,0.0,26.95324897,38.50004557
1534.653,0,5000662639,0,0.0,KUCUK_TICARETHANE,35-04-K02435,KARSIYAKA,35,0,0,MUSTAFA KEMAL,0,0,1,0,0.0,5.0,0,0,0.0,0,0.0,1,1534.653,0,0.0,27.09398864,38.49337343
2785.785,0,5000662651,0,0.0,KUCUK_TICARETHANE,35-09-K01958,CIGLI,35,0,0,AYDINLIKEVLER,0,0,1,0,0.0,5.0,0,0,0.0,0,0.0,1,2785.785,0,0.0,27.08319692,38.49259179
2739.035,0,5000662689,0,0.0,KUCUK_TICARETHANE,35-09-K01320,CIGLI,35,0,0,AYDINLIKEVLER,0,0,1,0,0.0,5.0,0,0,0.0,0,0.0,1,2739.035,0,0.0,27.08347882,38.48865127
1511.885,0,5000662803,0,0.0,KUCUK_TICARETHANE,35-09-K01320,CIGLI,35,0,0,AYDINLIKEVLER,0,0,1,0,0.0,5.0,0,0,0.0,0,0.0,1,1511.885,0,0.0,27.08396682,38.4896935
19095.86,0,5000663941,1,19095.86,AYDINLATMA,35-09-M02098,CIGLI,35,0,0,KAKLIC,0,0,0,0,0.0,5.307,0,0,0.0,0,0.0,0,0.0,0,0.0,26.99485856,38.50329452
18201.7,0,5000663959,1,18201.7,AYDINLATMA,35-09-M02348,CIGLI,35,0,0,KAKLIC,0,0,0,0,0.0,5.63,0,0,0.0,0,0.0,0,0.0,0,0.0,26.99019675,38.50021863
30662.06,0,5000663963,1,30662.06,AYDINLATMA,35-04-M02326,KARSIYAKA,35,0,0,ORNEKKOY,0,0,0,0,0.0,7.591,0,0,0.0,0,0.0,0,0.0,0,0.0,27.11017212,38.47659358
23178.44,0,5000663966,1,23178.44,AYDINLATMA,35-09-M02088,CIGLI,35,0,0,BALATCIK,0,0,0,0,0.0,5.975,0,0,0.0,0,0.0,0,0.0,0,0.0,27.03924274,38.50677932
2644.235,0,5000664068,0,0.0,KUCUK_TICARETHANE,35-09-K01321,CIGLI,35,0,0,AYDINLIKEVLER,0,0,1,0,0.0,5.0,0,0,0.0,0,0.0,1,2644.235,0,0.0,27.08643585,38.49333857
1500.824,0,5000664071,0,0.0,KUCUK_TICARETHANE,35-09-K04124,CIGLI,35,0,0,AYDINLIKEVLER,0,0,1,0,0.0,5.0,0,0,0.0,0,0.0,1,1500.824,0,0.0,27.08240507,38.49142157
1289.501,0,5000664156,0,0.0,KUCUK_TICARETHANE,35-09-K01320,CIGLI,35,0,0,AYDINLIKEVLER,0,0,1,0,0.0,5.0,0,0,0.0,0,0.0,1,1289.501,0,0.0,27.08491479,38.49060444
3661.111,0,5000664189,0,0.0,ORTA_TICARETHANE,35-09-M02549,CIGLI,35,0,0,KUCUK CIGLI,0,0,1,0,0.0,50.22,0,0,0.0,0,0.0,1,3661.111,0,0.0,27.04323169,38.50240717
1573.656,0,5000664219,0,0.0,KUCUK_TICARETHANE,35-09-K01006,CIGLI,35,0,0,AYDINLIKEVLER,0,0,1,0,0.0,5.0,0,0,0.0,0,0.0,1,1573.656,0,0.0,27.0821358,38.4874064
2887.271,0,5000664228,0,0.0,KUCUK_TICARETHANE,35-04-K00215,KARSIYAKA,35,0,0,SEMIKLER,0,0,1,0,0.0,8.5,0,0,0.0,0,0.0,1,2887.271,0,0.0,27.09139244,38.4785045
14642.43,0,5000665362,0,0.0,ORTA_TICARETHANE,35-04-K00115,KARSIYAKA,35,0,0,GONCALAR,0,0,1,0,0.0,5.0,0,0,0.0,0,0.0,1,14642.43,0,0.0,27.10572426,38.46482152
51025.56,0,5000665721,0,0.0,ORTA_TICARETHANE,,KARSIYAKA,35,0,0,DEMIRKOPRU,0,0,1,0,0.0,8.35,0,0,0.0,0,0.0,1,51025.56,0,0.0,27.10022148,38.4670228
12913.93,0,5000665783,0,0.0,ORTA_TICARETHANE,,KARSIYAKA,35,0,0,DEMIRKOPRU,0,0,1,0,0.0,8.35,0,0,0.0,0,0.0,1,12913.93,0,0.0,27.10022287,38.46702217
2356.262,0,5001168037,0,0.0,KUCUK_TICARETHANE,35-09-K03322,CIGLI,35,0,0,YENI MAHALLE,0,0,1,0,0.0,8.5,0,0,0.0,0,0.0,1,2356.262,0,0.0,27.05126333,38.4968868
27283.86,0,5001170370,0,0.0,ORTA_TICARETHANE,35-09-M01992,CIGLI,35,0,0,ESENTEPE,0,0,1,0,0.0,50.0,0,0,0.0,0,0.0,1,27283.86,0,0.0,27.04889958,38.50883977
422.363,0,5001170410,0,0.0,KUCUK_TICARETHANE,35-04-K03849,KARSIYAKA,35,0,0,NERGIZ,0,0,1,0,0.0,8.5,0,0,0.0,0,0.0,1,422.363,0,0.0,27.10713405,38.46199302
54173.28,0,5001170641,0,0.0,ORTA_TICARETHANE,35-09-M03003Ã–,CIGLI,35,0,0,KAKLIC,0,0,1,0,0.0,1000.0,0,0,0.0,0,0.0,1,54173.28,0,0.0,26.98854567,38.50232652
6078.825000000001,0,5001173524,0,0.0,KUCUK_TICARETHANE,35-09-M00627,CIGLI,35,0,0,UGUR MUMCU,0,0,3,2,5836.291,11.593333333333334,0,0,0.0,0,0.0,1,242.534,0,0.0,27.04384213,38.52286998
82082.9119999,0,5001173557,0,0.0,ORTA_TICARETHANE,35-09-M01994,CIGLI,35,0,0,ESENTEPE,0,0,28,0,0.0,12.48907142857143,0,0,0.0,0,0.0,28,82082.9119999,0,0.0,27.05519279,38.51294777
18799.387000000002,0,5001173587,0,0.0,ORTA_TICARETHANE,35-09-K03705,CIGLI,35,0,0,MALTEPE,0,0,2,1,15669.95,33.480000000000004,0,0,0.0,0,0.0,1,3129.437,0,0.0,27.07646891,38.48888095
638.66,0,5001174836,0,0.0,KUCUK_TICARETHANE,35-09-M01387,CIGLI,35,0,0,SASALLI MERKEZ,0,0,1,0,0.0,8.3,0,0,0.0,0,0.0,1,638.66,0,0.0,26.96260333,38.50629995
7830.174,0,5001175058,0,0.0,KUCUK_TICARETHANE,35-04-K01091,KARSIYAKA,35,0,0,BOSTANLI,0,0,1,0,0.0,5.0,0,0,0.0,0,0.0,1,7830.174,0,0.0,27.10403935,38.45170543
4464.651,0,5001175060,0,0.0,KUCUK_TICARETHANE,35-04-K00681,KARSIYAKA,35,0,0,DONANMACI,0,0,1,0,0.0,5.0,0,0,0.0,0,0.0,1,4464.651,0,0.0,27.11595881,38.45237387
14111.71,0,5001175062,0,0.0,ORTA_TICARETHANE,35-04-M01029,KARSIYAKA,35,0,0,ORNEKKOY,0,0,1,0,0.0,5.0,0,0,0.0,0,0.0,1,14111.71,0,0.0,27.11511009,38.47850791
2508.125,0,5001175511,1,2508.125,AYDINLATMA,35-04-M01487,KARSIYAKA,35,0,0,BAHCELIEVLER,0,0,0,0,0.0,1.178,0,0,0.0,0,0.0,0,0.0,0,0.0,27.11011291,38.46498583
8225.95,0,5001178345,0,0.0,KUCUK_TICARETHANE,35-09-M00256,CIGLI,35,0,0,KAKLIC,0,0,2,1,4435.482,6.73,0,0,0.0,0,0.0,1,3790.468,0,0.0,26.98684932,38.50935664
2060.35,0,5001178393,0,0.0,KUCUK_TICARETHANE,35-09-K01936,CIGLI,35,0,0,CAGDAS,0,0,1,0,0.0,5.0,0,0,0.0,0,0.0,1,2060.35,0,0.0,27.05710372,38.50323107
17703.44,0,5001180206,0,0.0,ORTA_TICARETHANE,35-09-M01869,CIGLI,35,0,0,INONU,0,0,1,0,0.0,5.0,0,0,0.0,0,0.0,1,17703.44,0,0.0,27.05545236,38.52773953
202200.4,0,5001181934,0,0.0,ORTA_TICARETHANE,35-04-M01173,KARSIYAKA,35,0,0,ORNEKKOY,0,0,1,0,0.0,100.0,0,0,0.0,0,0.0,1,202200.4,0,0.0,27.110794,38.48242486
29553.44,0,5001184035,1,29553.44,AYDINLATMA,35-04-K04503,KARSIYAKA,35,0,0,,0,0,0,0,0.0,7.531,0,0,0.0,0,0.0,0,0.0,0,0.0,27.11343081,38.49201234
4944.682,0,5001184457,0,0.0,KUCUK_TICARETHANE,35-09-M02551,CIGLI,35,0,0,KOYICI,0,0,1,0,0.0,5.5,0,0,0.0,0,0.0,1,4944.682,0,0.0,27.06259476,38.49417457
59186.661,0,5001186484,0,0.0,ORTA_TICARETHANE,35-09-K04221,CIGLI,35,0,0,KOYICI,0,0,2,0,0.0,21.3165,0,0,0.0,0,0.0,2,59186.661,0,0.0,27.06441963,38.4927174
155462.08299999998,0,5001186621,0,0.0,ORTA_TICARETHANE,35-09-K02341,CIGLI,35,0,0,ATASEHIR,0,0,8,1,9996.596,37.41775,0,0,0.0,0,0.0,7,145465.487,0,0.0,27.05327585,38.48962194
1333.108,0,5001187131,0,0.0,KUCUK_TICARETHANE,35-04-K02436,KARSIYAKA,35,0,0,MUSTAFA KEMAL,0,0,1,0,0.0,5.0,0,0,0.0,0,0.0,1,1333.108,0,0.0,27.09745666,38.49491351
2322.717,0,5001187274,0,0.0,KUCUK_TICARETHANE,35-09-K02499,CIGLI,35,0,0,AYDINLIKEVLER,0,0,1,0,0.0,5.0,0,0,0.0,0,0.0,1,2322.717,0,0.0,27.08006382,38.48879585
1933.535,0,5001187276,0,0.0,KUCUK_TICARETHANE,35-09-K02499,CIGLI,35,0,0,AYDINLIKEVLER,0,0,1,0,0.0,5.0,0,0,0.0,0,0.0,1,1933.535,0,0.0,27.0804599,38.48802457
690.586,0,5001187278,0,0.0,KUCUK_TICARETHANE,35-04-M00946,KARSIYAKA,35,0,0,MUSTAFA KEMAL,0,0,1,0,0.0,5.0,0,0,0.0,0,0.0,1,690.586,0,0.0,27.09273309,38.49365474
7754.543,0,5001187321,0,0.0,KUCUK_TICARETHANE,35-09-M00625,CIGLI,35,0,0,AHMET EFENDI,0,0,2,1,6522.331,10.408,0,0,0.0,0,0.0,1,1232.212,0,0.0,27.03931223,38.51995662
370096.8,0,5001188548,1,370096.8,AYDINLATMA,35-09-M01279,CIGLI,35,0,0,KAKLIC,0,0,0,0,0.0,8.35,0,0,0.0,0,0.0,0,0.0,0,0.0,27.02485005,38.49374543
7866.449,0,5001191419,0,0.0,KUCUK_TICARETHANE,35-04-K00832,KARSIYAKA,35,0,0,BOSTANLI,0,0,1,0,0.0,8.5,0,0,0.0,0,0.0,1,7866.449,0,0.0,27.10222273,38.45704079
7787.443,0,5001191530,0,0.0,KUCUK_TICARETHANE,35-04-M01038,KARSIYAKA,35,0,0,BOSTANLI,0,0,1,0,0.0,8.5,0,0,0.0,0,0.0,1,7787.443,0,0.0,27.10095233,38.46074508
7478.444,0,5001191835,0,0.0,KUCUK_TICARETHANE,35-09-K01880,CIGLI,35,0,0,ATASEHIR,0,0,1,0,0.0,7.9,0,0,0.0,0,0.0,1,7478.444,0,0.0,27.05540307,38.49174161
2502.69,0,5001193654,0,0.0,KUCUK_TICARETHANE,35-09-M00845,CIGLI,35,0,0,UGUR MUMCU,0,0,1,0,0.0,8.5,0,0,0.0,0,0.0,1,2502.69,0,0.0,27.0462619,38.52350101
11700000.0,0,5001194542,0,0.0,BUYUK_SANAYI,35-09-M00817Ã–,CIGLI,35,0,0,KAKLIC,0,0,1,0,0.0,4300.0,0,1,11700000.0,0,0.0,0,0.0,0,0.0,27.0158153,38.5139983
1017.031,0,5001195026,0,0.0,KUCUK_TICARETHANE,,KARSIYAKA,35,0,0,MAVISEHIR,0,0,1,0,0.0,8.0,0,0,0.0,0,0.0,1,1017.031,0,0.0,27.07970941,38.46928003
101967.5,0,5001197542,0,0.0,ORTA_TICARETHANE,35-09-M01308,CIGLI,35,0,0,AHMET EFENDI,0,0,1,0,0.0,126.85,0,0,0.0,0,0.0,1,101967.5,0,0.0,27.03723485,38.5220756
22173.18,0,5001197580,0,0.0,ORTA_TICARETHANE,35-09-M01999,CIGLI,35,0,0,ATATURK,0,0,1,0,0.0,8.0,0,0,0.0,0,0.0,1,22173.18,0,0.0,27.06143372,38.51484789
1221.241,0,5001200879,0,0.0,KUCUK_TICARETHANE,35-04-K03969,KARSIYAKA,35,0,0,ORNEKKOY,0,0,1,0,0.0,8.5,0,0,0.0,0,0.0,1,1221.241,0,0.0,27.11478791,38.47791831
1057.585,0,5001201708,0,0.0,KUCUK_TICARETHANE,35-04-K03975,KARSIYAKA,35,0,0,YALI,0,0,1,0,0.0,5.0,0,0,0.0,0,0.0,1,1057.585,0,0.0,27.09428542,38.46961576
4505.135,0,5001202547,0,0.0,KUCUK_TICARETHANE,35-09-M02549,CIGLI,35,0,0,KUCUK CIGLI,0,0,2,1,3717.091,11.79,0,0,0.0,0,0.0,1,788.044,0,0.0,27.04467111,38.50306434
31143.93,0,5001203423,0,0.0,ORTA_TICARETHANE,35-04-K03022,KARSIYAKA,35,0,0,YALI,0,0,1,0,0.0,11.81,0,0,0.0,0,0.0,1,31143.93,0,0.0,27.09067233,38.47388204
1073.364,0,5001203778,0,0.0,KUCUK_TICARETHANE,35-09-K02793,CIGLI,35,0,0,EVKA - 6,0,0,1,0,0.0,5.0,0,0,0.0,0,0.0,1,1073.364,0,0.0,27.08965687,38.50188423
863.497,0,5001203784,0,0.0,KUCUK_TICARETHANE,35-09-M00233,CIGLI,35,0,0,EVKA - 2,0,0,1,0,0.0,5.0,0,0,0.0,0,0.0,1,863.497,0,0.0,27.09019144,38.49797464
17171.62,0,5001204581,0,0.0,ORTA_TICARETHANE,35-09-K02730,CIGLI,35,0,0,ATASEHIR,0,0,1,0,0.0,7.08,0,0,0.0,0,0.0,1,17171.62,0,0.0,27.06183269,38.49209444
15758.253,0,5001206005,0,0.0,ORTA_TICARETHANE,35-09-M00626,CIGLI,35,0,0,UGUR MUMCU,0,0,4,2,3936.468,14.515,0,0,0.0,0,0.0,2,11821.785,0,0.0,27.04377667,38.52234222
2405.431,0,5001207351,0,0.0,KUCUK_TICARETHANE,35-04-K04756,KARSIYAKA,35,0,0,LATIFE HANIM,0,0,1,0,0.0,5.08,0,0,0.0,0,0.0,1,2405.431,0,0.0,27.12302843,38.49808617
2490.052,0,5001208231,0,0.0,KUCUK_TICARETHANE,35-04-K04757,KARSIYAKA,35,0,0,LATIFE HANIM,0,0,1,0,0.0,8.5,0,0,0.0,0,0.0,1,2490.052,0,0.0,27.12388859,38.49985588
1534.522,0,5001210510,0,0.0,KUCUK_TICARETHANE,35-09-K01953,CIGLI,35,0,0,EVKA - 2,0,0,1,0,0.0,5.0,0,0,0.0,0,0.0,1,1534.522,0,0.0,27.08551658,38.50079698
2470.45,0,5001210512,0,0.0,KUCUK_TICARETHANE,35-09-M01974,CIGLI,35,0,0,EVKA - 2,0,0,1,0,0.0,5.0,0,0,0.0,0,0.0,1,2470.45,0,0.0,27.08311872,38.49785838
2882.432,0,5001210517,0,0.0,KUCUK_TICARETHANE,35-09-K01953,CIGLI,35,0,0,EVKA - 2,0,0,1,0,0.0,5.0,0,0,0.0,0,0.0,1,2882.432,0,0.0,27.08511109,38.50121718
1327.938,0,5001210520,0,0.0,KUCUK_TICARETHANE,35-09-M01984,CIGLI,35,0,0,AHMET TANER KISLALI,0,0,1,0,0.0,5.0,0,0,0.0,0,0.0,1,1327.938,0,0.0,27.08409058,38.49699929
2425.266,0,5001210533,0,0.0,KUCUK_TICARETHANE,35-09-M01984,CIGLI,35,0,0,AHMET TANER KISLALI,0,0,1,0,0.0,5.0,0,0,0.0,0,0.0,1,2425.266,0,0.0,27.08372321,38.49605631
1230.95,0,5001210543,0,0.0,KUCUK_TICARETHANE,35-09-M01984,CIGLI,35,0,0,AHMET TANER KISLALI,0,0,1,0,0.0,5.0,0,0,0.0,0,0.0,1,1230.95,0,0.0,27.08341376,38.49569314
2607.078,0,5001210553,0,0.0,KUCUK_TICARETHANE,35-09-M01983,CIGLI,35,0,0,AHMET TANER KISLALI,0,0,1,0,0.0,5.0,0,0,0.0,0,0.0,1,2607.078,0,0.0,27.08123798,38.49538169
1328.678,0,5001210558,0,0.0,KUCUK_TICARETHANE,35-09-M01983,CIGLI,35,0,0,AHMET TANER KISLALI,0,0,1,0,0.0,5.0,0,0,0.0,0,0.0,1,1328.678,0,0.0,27.08047619,38.49457609
1412.478,0,5001210560,0,0.0,KUCUK_TICARETHANE,35-09-M01985,CIGLI,35,0,0,EVKA - 2,0,0,1,0,0.0,5.0,0,0,0.0,0,0.0,1,1412.478,0,0.0,27.08752856,38.49952207
2696.151,0,5001210762,0,0.0,KUCUK_TICARETHANE,35-09-M01986,CIGLI,35,0,0,AHMET TANER KISLALI,0,0,1,0,0.0,5.0,0,0,0.0,0,0.0,1,2696.151,0,0.0,27.08762568,38.4944255
1016.484,0,5001211466,0,0.0,KUCUK_TICARETHANE,35-09-M01985,CIGLI,35,0,0,AHMET TANER KISLALI,0,0,1,0,0.0,5.0,0,0,0.0,0,0.0,1,1016.484,0,0.0,27.08854531,38.49643224
1098.353,0,5001211592,0,0.0,KUCUK_TICARETHANE,35-09-M01985,CIGLI,35,0,0,AHMET TANER KISLALI,0,0,1,0,0.0,5.0,0,0,0.0,0,0.0,1,1098.353,0,0.0,27.08865236,38.49562116
853.826,0,5001211594,0,0.0,KUCUK_TICARETHANE,35-04-M00838,KARSIYAKA,35,0,0,MUSTAFA KEMAL,0,0,1,0,0.0,5.0,0,0,0.0,0,0.0,1,853.826,0,0.0,27.09230371,38.50002187
8438.436,0,5001213508,0,0.0,KUCUK_TICARETHANE,,KARSIYAKA,35,0,0,YALI,0,0,1,0,0.0,13.0,0,0,0.0,0,0.0,1,8438.436,0,0.0,27.09873077,38.46518269
5805.47,0,5001220879,0,0.0,KUCUK_TICARETHANE,35-09-K01006,CIGLI,35,0,0,AYDINLIKEVLER,0,0,1,0,0.0,13.58,0,0,0.0,0,0.0,1,5805.47,0,0.0,27.08300083,38.48766764
2344.57,0,5001222004,0,0.0,KUCUK_TICARETHANE,35-04-K03376,KARSIYAKA,35,0,0,YALI,0,0,1,0,0.0,8.5,0,0,0.0,0,0.0,1,2344.57,0,0.0,27.088062,38.47578476
33824.34,0,5001223297,0,0.0,ORTA_TICARETHANE,35-09-M00910,CIGLI,35,0,0,SASALLI MERKEZ,0,0,1,0,0.0,8.5,0,0,0.0,0,0.0,1,33824.34,0,0.0,26.95944363,38.49903277
76812.986,0,5001223969,0,0.0,ORTA_TICARETHANE,35-04-K03390,KARSIYAKA,35,0,0,YALI,0,0,10,1,2886.318,20.246,0,0,0.0,0,0.0,9,73926.668,0,0.0,27.08466997,38.47332038
9757.154,0,5001226338,1,9757.154,AYDINLATMA,35-04-M01832,KARSIYAKA,35,0,0,IMBATLI,0,0,0,0,0.0,2.399,0,0,0.0,0,0.0,0,0.0,0,0.0,27.10834048,38.47609346
12600000.0,0,5001226675,0,0.0,BUYUK_TICARETHANE,35-09-M01883Ã–,CIGLI,35,0,0,YENI MAHALLE,0,0,1,0,0.0,10000.0,0,0,0.0,0,0.0,1,12600000.0,0,0.0,27.05069106,38.50041368
7774.316,0,5001226713,1,7774.316,AYDINLATMA,35-04-M01174,KARSIYAKA,35,0,0,YALI,0,0,0,0,0.0,2.575,0,0,0.0,0,0.0,0,0.0,0,0.0,27.0974714,38.46661161
17047.88,0,5001226812,1,17047.88,AYDINLATMA,35-04-K00017,KARSIYAKA,35,0,0,ALAYBEY,0,0,0,0,0.0,4.45,0,0,0.0,0,0.0,0,0.0,0,0.0,27.11970538,38.45870677
8601.96,0,5001226853,1,8601.96,AYDINLATMA,35-09-M02781,CIGLI,35,0,0,UGUR MUMCU,0,0,0,0,0.0,2.207,0,0,0.0,0,0.0,0,0.0,0,0.0,27.04463335,38.52581136
35676.3,0,5001227111,1,35676.3,AYDINLATMA,35-04-K01670,KARSIYAKA,35,0,0,ALAYBEY,0,0,0,0,0.0,10.92,0,0,0.0,0,0.0,0,0.0,0,0.0,27.12617774,38.45983068
36151.51,0,5001227112,2,36151.51,AYDINLATMA,35-04-K00288,KARSIYAKA,35,0,0,ALAYBEY,0,0,0,0,0.0,5.234999999999999,0,0,0.0,0,0.0,0,0.0,0,0.0,27.12469611,38.45968928
1115951.0,0,5001227518,0,0.0,BUYUK_TICARETHANE,35-04-K04676Ã–,KARSIYAKA,35,0,0,SEMIKLER,0,0,1,0,0.0,1000.0,0,0,0.0,0,0.0,1,1115951.0,0,0.0,27.08499943,38.4832708
6959.607,0,5001227784,1,6959.607,AYDINLATMA,35-04-K01990,KARSIYAKA,35,0,0,TUNA,0,0,0,0,0.0,1.974,0,0,0.0,0,0.0,0,0.0,0,0.0,27.11936688,38.45568666
18798.6,0,5001227785,1,18798.6,AYDINLATMA,35-04-K00928,KARSIYAKA,35,0,0,TUNA,0,0,0,0,0.0,4.729,0,0,0.0,0,0.0,0,0.0,0,0.0,27.1203943,38.45804227
19713.46,0,5001228356,1,19713.46,AYDINLATMA,35-04-K02676,KARSIYAKA,35,0,0,FIKRI ALTAY,0,0,0,0,0.0,5.615,0,0,0.0,0,0.0,0,0.0,0,0.0,27.10270006,38.47203488
17191132.0,0,5001228615,0,0.0,BUYUK_SANAYI,35-04-M00794Ã–,KARSIYAKA,35,0,0,BAHCELIEVLER,0,0,2,0,0.0,5275.0,0,2,17191132.0,0,0.0,0,0.0,0,0.0,27.12726149,38.46600295
7990.359,0,5001228737,1,7990.359,AYDINLATMA,35-04-M01889,KARSIYAKA,35,0,0,BAHCELIEVLER,0,0,0,0,0.0,2.366,0,0,0.0,0,0.0,0,0.0,0,0.0,27.11286932,38.46786248
9911.059,0,5001228917,1,9911.059,AYDINLATMA,35-04-K03058,KARSIYAKA,35,0,0,DEDEBASI,0,0,0,0,0.0,2.529,0,0,0.0,0,0.0,0,0.0,0,0.0,27.1053918,38.46973134
16761.41,0,5001228948,1,16761.41,AYDINLATMA,35-04-K02376,KARSIYAKA,35,0,0,ORNEKKOY,0,0,0,0,0.0,4.594,0,0,0.0,0,0.0,0,0.0,0,0.0,27.10580075,38.48643864
10592.77,0,5001229017,1,10592.77,AYDINLATMA,35-04-K00489,KARSIYAKA,35,0,0,BAHRIYE UCOK,0,0,0,0,0.0,2.653,0,0,0.0,0,0.0,0,0.0,0,0.0,27.11208465,38.45769523
15272.86,0,5001229161,1,15272.86,AYDINLATMA,35-04-K04641,KARSIYAKA,35,0,0,BOSTANLI,0,0,0,0,0.0,4.039,0,0,0.0,0,0.0,0,0.0,0,0.0,27.10129733,38.45775822
216987.7,0,5001229184,0,0.0,ORTA_SANAYI,35-09-M00350Ã–,CIGLI,35,0,0,KAKLIC,0,0,1,0,0.0,400.0,0,1,216987.7,0,0.0,0,0.0,0,0.0,26.98835186,38.50489759
1103179.0,0,5001229438,0,0.0,BUYUK_SANAYI,35-09-K02544Ã–,CIGLI,35,0,0,AYDINLIKEVLER,0,0,1,0,0.0,1250.0,0,1,1103179.0,0,0.0,0,0.0,0,0.0,27.07984122,38.48742809
244826.9,0,5001229522,0,0.0,BUYUK_TICARETHANE,35-09-K03728Ã–,CIGLI,35,0,0,EVKA - 2,0,0,1,0,0.0,400.0,0,0,0.0,0,0.0,1,244826.9,0,0.0,27.08666712,38.49862359
159361.0,0,5001229663,0,0.0,ORTA_TICARETHANE,35-04-M01738Ã–,KARSIYAKA,35,0,0,CUMHURIYET,0,0,1,0,0.0,630.0,0,0,0.0,0,0.0,1,159361.0,0,0.0,27.0911876,38.48189459
12177.08,0,5001229789,1,12177.08,AYDINLATMA,35-04-K00525,KARSIYAKA,35,0,0,BOSTANLI,0,0,0,0,0.0,3.098,0,0,0.0,0,0.0,0,0.0,0,0.0,27.09550279,38.45591902
21362.85,0,5001229790,1,21362.85,AYDINLATMA,35-04-K00115,KARSIYAKA,35,0,0,GONCALAR,0,0,0,0,0.0,5.781,0,0,0.0,0,0.0,0,0.0,0,0.0,27.10551793,38.46437278
58521.700000000004,0,5001230034,2,58521.700000000004,AYDINLATMA,35-04-K00488,KARSIYAKA,35,0,0,BOSTANLI,0,0,0,0,0.0,10.29,0,0,0.0,0,0.0,0,0.0,0,0.0,27.10234142,38.45297101
3700.306,0,5001230089,1,3700.306,AYDINLATMA,35-04-M01176,KARSIYAKA,35,0,0,YALI,0,0,0,0,0.0,0.7,0,0,0.0,0,0.0,0,0.0,0,0.0,27.08680418,38.47091406
9392.56,0,5001230289,1,9392.56,AYDINLATMA,35-04-M01643,KARSIYAKA,35,0,0,DEMIRKOPRU,0,0,0,0,0.0,2.077,0,0,0.0,0,0.0,0,0.0,0,0.0,27.09995656,38.46654798
5638.258,0,5001230363,1,5638.258,AYDINLATMA,35-04-K01540,KARSIYAKA,35,0,0,ATAKENT,0,0,0,0,0.0,2.09,0,0,0.0,0,0.0,0,0.0,0,0.0,27.08644073,38.46513582
23550.82,0,5001230723,1,23550.82,AYDINLATMA,35-04-K04610,KARSIYAKA,35,0,0,ZUBEYDE HANIM,0,0,0,0,0.0,6.423,0,0,0.0,0,0.0,0,0.0,0,0.0,27.10381101,38.49000544
28276.67,0,5001230737,1,28276.67,AYDINLATMA,35-04-K00807,KARSIYAKA,35,0,0,BAHRIYE UCOK,0,0,0,0,0.0,6.84,0,0,0.0,0,0.0,0,0.0,0,0.0,27.10823086,38.46055811
17097.11,0,5001230743,1,17097.11,AYDINLATMA,35-04-K00930,KARSIYAKA,35,0,0,NERGIZ,0,0,0,0,0.0,4.376,0,0,0.0,0,0.0,0,0.0,0,0.0,27.10640205,38.45896712
10540.01,0,5001230828,1,10540.01,AYDINLATMA,35-04-K03908,KARSIYAKA,35,0,0,ZUBEYDE HANIM,0,0,0,0,0.0,3.9,0,0,0.0,0,0.0,0,0.0,0,0.0,27.11107832,38.48832367
3014.408,0,5001230861,1,3014.408,AYDINLATMA,35-04-K01555,KARSIYAKA,35,0,0,DONANMACI,0,0,0,0,0.0,1.249,0,0,0.0,0,0.0,0,0.0,0,0.0,27.11881012,38.45526987
11237.96,0,5001231035,1,11237.96,AYDINLATMA,35-04-K03808,KARSIYAKA,35,0,0,MAVISEHIR,0,0,0,0,0.0,5.2,0,0,0.0,0,0.0,0,0.0,0,0.0,27.06422306,38.47505616
16224.41,0,5001231047,1,16224.41,AYDINLATMA,35-04-K00766,KARSIYAKA,35,0,0,BAHARIYE,0,0,0,0,0.0,3.979,0,0,0.0,0,0.0,0,0.0,0,0.0,27.12368231,38.46275009
17083.95,0,5001231061,1,17083.95,AYDINLATMA,35-04-M02441,KARSIYAKA,35,0,0,SEMIKLER,0,0,0,0,0.0,5.209,0,0,0.0,0,0.0,0,0.0,0,0.0,27.09467771,38.47632489
38544.57,0,5001231146,1,38544.57,AYDINLATMA,35-04-K00244,KARSIYAKA,35,0,0,CUMHURIYET,0,0,0,0,0.0,11.557,0,0,0.0,0,0.0,0,0.0,0,0.0,27.1031605,38.48039129
26888.921000000002,0,5001231318,2,26888.921000000002,AYDINLATMA,35-04-K00197,KARSIYAKA,35,0,0,SEMIKLER,0,0,0,0,0.0,5.987,0,0,0.0,0,0.0,0,0.0,0,0.0,27.09395307,38.47100513
11426.98,0,5001231329,1,11426.98,AYDINLATMA,35-04-K00872,KARSIYAKA,35,0,0,AKSOY,0,0,0,0,0.0,3.322,0,0,0.0,0,0.0,0,0.0,0,0.0,27.11062496,38.45659141
12443.17,0,5001231541,1,12443.17,AYDINLATMA,35-04-K00363,KARSIYAKA,35,0,0,TUNA,0,0,0,0,0.0,4.58,0,0,0.0,0,0.0,0,0.0,0,0.0,27.1238248,38.4565919
5838.36,0,5001232000,1,5838.36,AYDINLATMA,35-09-M02090,CIGLI,35,0,0,BALATCIK,0,0,0,0,0.0,1.705,0,0,0.0,0,0.0,0,0.0,0,0.0,27.04263732,38.51184399
2135946.0,0,5001232033,0,0.0,BUYUK_TICARETHANE,35-04-M02717Ã–,KARSIYAKA,35,0,0,YALI,0,0,1,0,0.0,800.0,0,0,0.0,0,0.0,1,2135946.0,0,0.0,27.0727036,38.47827155
10210.49,0,5001232042,1,10210.49,AYDINLATMA,35-04-M02423,KARSIYAKA,35,0,0,ORNEKKOY,0,0,0,0,0.0,2.583,0,0,0.0,0,0.0,0,0.0,0,0.0,27.10633176,38.47765013
2391.96,0,5001232055,1,2391.96,AYDINLATMA,35-09-M02405,CIGLI,35,0,0,INONU,0,0,0,0,0.0,1.694,0,0,0.0,0,0.0,0,0.0,0,0.0,27.05141881,38.52676163
4852.309,0,5001232238,1,4852.309,AYDINLATMA,35-09-M02687,CIGLI,35,0,0,ATASEHIR,0,0,0,0,0.0,5.2,0,0,0.0,0,0.0,0,0.0,0,0.0,27.05090866,38.49081051
1070.482,0,5001232239,1,1070.482,AYDINLATMA,35-09-M02688,CIGLI,35,0,0,ATASEHIR,0,0,0,0,0.0,0.885,0,0,0.0,0,0.0,0,0.0,0,0.0,27.05087957,38.49091927
1501.986,0,5001232240,1,1501.986,AYDINLATMA,35-09-M02689,CIGLI,35,0,0,ATASEHIR,0,0,0,0,0.0,0.75,0,0,0.0,0,0.0,0,0.0,0,0.0,27.04916237,38.49216888
4219.353,0,5001232302,1,4219.353,AYDINLATMA,35-04-K03871,KARSIYAKA,35,0,0,YALI,0,0,0,0,0.0,0.943,0,0,0.0,0,0.0,0,0.0,0,0.0,27.09228884,38.47026743
27143.66,0,5001232595,1,27143.66,AYDINLATMA,35-04-K00111,KARSIYAKA,35,0,0,BOSTANLI,0,0,0,0,0.0,7.735,0,0,0.0,0,0.0,0,0.0,0,0.0,27.0990378,38.45679136
8436.199,0,5001232597,1,8436.199,AYDINLATMA,35-04-K02900,KARSIYAKA,35,0,0,BAHARIYE,0,0,0,0,0.0,1.795,0,0,0.0,0,0.0,0,0.0,0,0.0,27.12062448,38.46077587
11429.69,0,5001232665,1,11429.69,AYDINLATMA,35-09-M02464,CIGLI,35,0,0,YENI MAHALLE,0,0,0,0,0.0,3.953,0,0,0.0,0,0.0,0,0.0,0,0.0,27.04964835,38.49814014
13887.15,0,5001232669,1,13887.15,AYDINLATMA,35-09-K04282,CIGLI,35,0,0,KUCUK CIGLI,0,0,0,0,0.0,3.393,0,0,0.0,0,0.0,0,0.0,0,0.0,27.05687136,38.49740594
1457.447,0,5001232672,1,1457.447,AYDINLATMA,35-09-M00362,CIGLI,35,0,0,SASALLI MERKEZ,0,0,0,0,0.0,0.55,0,0,0.0,0,0.0,0,0.0,0,0.0,26.9528886,38.49969061
3696809.0,0,5001233190,0,0.0,,,KARSIYAKA,35,0,0,MAVISEHIR,0,0,0,0,0.0,4800.0,0,0,0.0,0,0.0,0,0.0,1,3696809.0,27.07517844,38.47146725
28635.07,0,5001233213,1,28635.07,AYDINLATMA,35-09-K02733,CIGLI,35,0,0,ATASEHIR,0,0,0,0,0.0,9.855,0,0,0.0,0,0.0,0,0.0,0,0.0,27.065142,38.48701273
18511.92,0,5001233484,1,18511.92,AYDINLATMA,35-04-M02956,KARSIYAKA,35,0,0,BAHRIYE UCOK,0,0,0,0,0.0,4.655,0,0,0.0,0,0.0,0,0.0,0,0.0,27.11304087,38.46341786
21665.85,0,5001233485,1,21665.85,AYDINLATMA,35-04-M02957,KARSIYAKA,35,0,0,BAHCELIEVLER,0,0,0,0,0.0,7.215,0,0,0.0,0,0.0,0,0.0,0,0.0,27.11071264,38.4665455
22987.07,0,5001233486,1,22987.07,AYDINLATMA,35-04-M02958,KARSIYAKA,35,0,0,BAHCELIEVLER,0,0,0,0,0.0,5.419,0,0,0.0,0,0.0,0,0.0,0,0.0,27.11383114,38.46581896
8322.896,0,5001233487,1,8322.896,AYDINLATMA,35-04-M02959,KARSIYAKA,35,0,0,BAHCELIEVLER,0,0,0,0,0.0,3.15,0,0,0.0,0,0.0,0,0.0,0,0.0,27.11080062,38.46522215
49263.270000000004,0,5001233541,2,49263.270000000004,AYDINLATMA,35-04-M02874,KARSIYAKA,35,0,0,ZUBEYDE HANIM,0,0,0,0,0.0,8.955,0,0,0.0,0,0.0,0,0.0,0,0.0,27.10787118,38.49570289
17627.48,0,5001233602,1,17627.48,AYDINLATMA,35-04-M02922,KARSIYAKA,35,0,0,ORNEKKOY,0,0,0,0,0.0,6.0,0,0,0.0,0,0.0,0,0.0,0,0.0,27.10862515,38.47844437
25247.201,0,5001233955,0,0.0,ORTA_TICARETHANE,35-04-K03376,KARSIYAKA,35,0,0,YALI,0,0,21,7,11773.904,11.174952380952382,0,0,0.0,0,0.0,14,13473.296999999999,0,0.0,27.08777458,38.47491831
1346.277,0,5001233970,0,0.0,KUCUK_TICARETHANE,35-04-K03376,KARSIYAKA,35,0,0,YALI,0,0,1,0,0.0,8.5,0,0,0.0,0,0.0,1,1346.277,0,0.0,27.08767464,38.47605382
1726.805,0,5001235625,0,0.0,KUCUK_TICARETHANE,35-09-K01321,CIGLI,35,0,0,AYDINLIKEVLER,0,0,1,0,0.0,8.5,0,0,0.0,0,0.0,1,1726.805,0,0.0,27.08515782,38.49353805
115.817,0,5001238066,0,0.0,KUCUK_TICARETHANE,35-09-M03052,CIGLI,35,0,0,ESENTEPE,0,0,1,0,0.0,8.5,0,0,0.0,0,0.0,1,115.817,0,0.0,27.06122947,38.51194759
9628.957,0,5001238550,0,0.0,ORTA_TICARETHANE,35-04-K01293,KARSIYAKA,35,0,0,DONANMACI,0,0,1,0,0.0,26.5,0,0,0.0,0,0.0,1,9628.957,0,0.0,27.11305653,38.45356678
606.479,0,5001239333,0,0.0,KUCUK_TICARETHANE,35-09-M00447,CIGLI,35,0,0,SASALLI MERKEZ,0,0,1,0,0.0,8.78,0,0,0.0,0,0.0,1,606.479,0,0.0,26.95161777,38.49880876
3726.5939999999996,0,5001240581,0,0.0,KUCUK_TICARETHANE,35-04-K01144,KARSIYAKA,35,0,0,INONU,0,0,3,2,3722.6040000000003,7.666666666666667,0,0,0.0,0,0.0,1,3.99,0,0.0,27.10009549,38.48633299
960.488,0,5001245833,1,960.488,AYDINLATMA,35-09-K04046,CIGLI,35,0,0,EGEKENT,0,0,0,0,0.0,0.339,0,0,0.0,0,0.0,0,0.0,0,0.0,27.06022373,38.50558089
745.584,0,5001245836,1,745.584,AYDINLATMA,35-09-M01982,CIGLI,35,0,0,SIRINTEPE,0,0,0,0,0.0,0.21,0,0,0.0,0,0.0,0,0.0,0,0.0,27.0738285,38.4951537
3225.592,0,5001246106,0,0.0,KUCUK_TICARETHANE,35-04-K04628,KARSIYAKA,35,0,0,SEMIKLER,0,0,1,0,0.0,8.5,0,0,0.0,0,0.0,1,3225.592,0,0.0,27.09489032,38.47133175
5990.73,0,5001246482,0,0.0,KUCUK_TICARETHANE,35-09-M00347,CIGLI,35,0,0,SASALLI MERKEZ,0,0,1,0,0.0,5.4,0,0,0.0,0,0.0,1,5990.73,0,0.0,26.94642214,38.4915678
17156.128,0,5001247540,0,0.0,ORTA_TICARETHANE,35-04-K04756,KARSIYAKA,35,0,0,LATIFE HANIM,0,0,2,0,0.0,26.240000000000002,0,0,0.0,0,0.0,2,17156.128,0,0.0,27.12370578,38.49958454
11995.37,0,5001249824,1,11995.37,AYDINLATMA,35-04-K04918,KARSIYAKA,35,0,0,CUMHURIYET,0,0,0,0,0.0,3.137,0,0,0.0,0,0.0,0,0.0,0,0.0,27.08825798,38.48390845
6354.492,0,5001249835,1,6354.492,AYDINLATMA,35-04-M02647,KARSIYAKA,35,0,0,IMBATLI,0,0,0,0,0.0,1.817,0,0,0.0,0,0.0,0,0.0,0,0.0,27.10472518,38.47638569
26909.86,0,5001249887,1,26909.86,AYDINLATMA,35-09-M03032,CIGLI,35,0,0,IZKENT,0,0,0,0,0.0,5.6,0,0,0.0,0,0.0,0,0.0,0,0.0,27.06684729,38.51627222
39272.95,0,5001250015,1,39272.95,AYDINLATMA,35-09-M03036,CIGLI,35,0,0,EGEKENT,0,0,0,0,0.0,7.0,0,0,0.0,0,0.0,0,0.0,0,0.0,27.0646205,38.50533702
93532.73,0,5001250016,1,93532.73,AYDINLATMA,35-09-M03037,CIGLI,35,0,0,CAGDAS,0,0,0,0,0.0,5.5,0,0,0.0,0,0.0,0,0.0,0,0.0,27.06466175,38.50177332
31126.03,0,5001250019,1,31126.03,AYDINLATMA,35-09-M03039,CIGLI,35,0,0,EGEKENT,0,0,0,0,0.0,6.4,0,0,0.0,0,0.0,0,0.0,0,0.0,27.06724337,38.50789697
36231.47,0,5001250022,1,36231.47,AYDINLATMA,35-09-M03040,CIGLI,35,0,0,IZKENT,0,0,0,0,0.0,8.046,0,0,0.0,0,0.0,0,0.0,0,0.0,27.06716827,38.51034504
6451.354,0,5001250619,0,0.0,KUCUK_TICARETHANE,35-04-K02732,KARSIYAKA,35,0,0,NERGIZ,0,0,1,0,0.0,7.9,0,0,0.0,0,0.0,1,6451.354,0,0.0,27.10190959,38.46318379
239.625,0,5001250770,0,0.0,KUCUK_TICARETHANE,35-04-K01433,KARSIYAKA,35,0,0,DEDEBASI,0,0,1,0,0.0,5.0,0,0,0.0,0,0.0,1,239.625,0,0.0,27.10547569,38.46698359
16114.37,0,5001252427,0,0.0,ORTA_TICARETHANE,35-04-M00840,KARSIYAKA,35,0,0,MUSTAFA KEMAL,0,0,1,0,0.0,5.0,0,0,0.0,0,0.0,1,16114.37,0,0.0,27.09665215,38.50075396
193.836,0,5001252944,0,0.0,KUCUK_TICARETHANE,35-04-K01249,KARSIYAKA,35,0,0,BOSTANLI,0,0,1,0,0.0,8.5,0,0,0.0,0,0.0,1,193.836,0,0.0,27.1023973,38.45597505
8218.621,0,5001253660,1,8218.621,AYDINLATMA,35-09-K04053,CIGLI,35,0,0,EGEKENT,0,0,0,0,0.0,2.152,0,0,0.0,0,0.0,0,0.0,0,0.0,27.0572233,38.5033942
21134.17,0,5001254811,1,21134.17,AYDINLATMA,35-09-M03051,CIGLI,35,0,0,ATATURK,0,0,0,0,0.0,11.5,0,0,0.0,0,0.0,0,0.0,0,0.0,27.0609714,38.51425459
3901.597,0,5001256418,0,0.0,KUCUK_TICARETHANE,35-09-K01867,CIGLI,35,0,0,KUCUK CIGLI,0,0,1,0,0.0,8.5,0,0,0.0,0,0.0,1,3901.597,0,0.0,27.05359578,38.50345018
0.0,0,5001256827,0,0.0,KUCUK_TICARETHANE,35-09-M01346,CIGLI,35,0,0,SASALLI MERKEZ,0,0,1,0,0.0,8.5,0,0,0.0,0,0.0,1,0.0,0,0.0,26.95837189,38.50228466
160.209,0,5001258586,0,0.0,KUCUK_TICARETHANE,35-04-K03766,KARSIYAKA,35,0,0,ORNEKKOY,0,0,1,0,0.0,8.5,0,0,0.0,0,0.0,1,160.209,0,0.0,27.1118421,38.47612717
903.263,0,5001260565,0,0.0,KUCUK_TICARETHANE,35-04-K03872,KARSIYAKA,35,0,0,SEMIKLER,0,0,1,0,0.0,8.4,0,0,0.0,0,0.0,1,903.263,0,0.0,27.0873586,38.48016908
43507.0,0,5001261513,0,0.0,ORTA_TICARETHANE,35-09-M01950,CIGLI,35,0,0,MALTEPE,0,0,1,0,0.0,50.91,0,0,0.0,0,0.0,1,43507.0,0,0.0,27.07505667,38.48855318
9708.221,0,5001262317,0,0.0,ORTA_TICARETHANE,35-09-K04124,CIGLI,35,0,0,AYDINLIKEVLER,0,0,1,0,0.0,27.9,0,0,0.0,0,0.0,1,9708.221,0,0.0,27.08071631,38.49096013
71.444,0,5001262364,0,0.0,KUCUK_TICARETHANE,35-09-K03320,CIGLI,35,0,0,AYDINLIKEVLER,0,0,1,0,0.0,8.5,0,0,0.0,0,0.0,1,71.444,0,0.0,27.07992642,38.49163686
303.501,0,5001262906,0,0.0,KUCUK_TICARETHANE,35-04-K01695,KARSIYAKA,35,0,0,BOSTANLI,0,0,1,0,0.0,8.5,0,0,0.0,0,0.0,1,303.501,0,0.0,27.09633798,38.46079515
578.329,0,5001267230,0,0.0,KUCUK_TICARETHANE,35-09-K01869,CIGLI,35,0,0,KUCUK CIGLI,0,0,1,0,0.0,5.3,0,0,0.0,0,0.0,1,578.329,0,0.0,27.04904257,38.50612758
196769.15000000002,0,5001267278,0,0.0,ORTA_TICARETHANE,35-04-K02593,KARSIYAKA,35,0,0,MAVISEHIR,0,0,2,0,0.0,133.6775,0,0,0.0,0,0.0,2,196769.15000000002,0,0.0,27.07186678,38.4726403
249.152,0,5001268516,0,0.0,KUCUK_TICARETHANE,35-09-K04597,CIGLI,35,0,0,KUCUK CIGLI,0,0,1,0,0.0,8.0,0,0,0.0,0,0.0,1,249.152,0,0.0,27.05109968,38.50245212
1720.59,0,5001269390,0,0.0,KUCUK_TICARETHANE,35-09-K01879,CIGLI,35,0,0,YENI MAHALLE,0,0,1,0,0.0,8.35,0,0,0.0,0,0.0,1,1720.59,0,0.0,27.05410832,38.49616919
62824.08,0,5001270768,0,0.0,ORTA_TICARETHANE,35-09-K01862,CIGLI,35,0,0,ATASEHIR,0,0,1,0,0.0,199.183,0,0,0.0,0,0.0,1,62824.08,0,0.0,27.05064239,38.48845905
27.835,0,5001271657,0,0.0,KUCUK_TICARETHANE,35-09-K04597,CIGLI,35,0,0,KUCUK CIGLI,0,0,1,0,0.0,5.0,0,0,0.0,0,0.0,1,27.835,0,0.0,27.0511855,38.50246237
0.0,0,5001271964,0,0.0,KUCUK_TICARETHANE,35-04-K00288,KARSIYAKA,35,0,0,ALAYBEY,0,0,1,0,0.0,7.9,0,0,0.0,0,0.0,1,0.0,0,0.0,27.12515441,38.4588908
417.0,0,5001272640,0,0.0,KUCUK_TICARETHANE,35-09-K03322,CIGLI,35,0,0,YENI MAHALLE,0,0,1,0,0.0,7.9,0,0,0.0,0,0.0,1,417.0,0,0.0,27.05236814,38.49611314
22469.95,0,5001274969,1,22469.95,AYDINLATMA,35-09-M03062,CIGLI,35,0,0,EVKA-5,0,0,0,0,0.0,11.808,0,0,0.0,0,0.0,0,0.0,0,0.0,27.0497057,38.51648292
30605.54,0,5001274974,1,30605.54,AYDINLATMA,35-09-M03063,CIGLI,35,0,0,EVKA-5,0,0,0,0,0.0,18.844,0,0,0.0,0,0.0,0,0.0,0,0.0,27.05174056,38.51546451
66804.46,0,5001274977,1,66804.46,AYDINLATMA,35-09-M03064,CIGLI,35,0,0,EVKA-5,0,0,0,0,0.0,23.999,0,0,0.0,0,0.0,0,0.0,0,0.0,27.05423372,38.51947717
7584.933,0,5001275626,1,7584.933,AYDINLATMA,35-09-M01860,CIGLI,35,0,0,ATASEHIR,0,0,0,0,0.0,2.1,0,0,0.0,0,0.0,0,0.0,0,0.0,27.05674274,38.48860551
0.0,0,5001277220,0,0.0,KUCUK_TICARETHANE,35-09-K01869,CIGLI,35,0,0,BALATCIK,0,0,1,0,0.0,5.1,0,0,0.0,0,0.0,1,0.0,0,0.0,27.0468169,38.50537579
49759.36,0,5001277814,0,0.0,ORTA_TICARETHANE,35-04-K02436,KARSIYAKA,35,0,0,MUSTAFA KEMAL,0,0,1,0,0.0,8.5,0,0,0.0,0,0.0,1,49759.36,0,0.0,27.09678731,38.49579743
4211.697,0,5001278864,0,0.0,KUCUK_TICARETHANE,35-09-K01464,CIGLI,35,0,0,KUCUK CIGLI,0,0,1,0,0.0,8.5,0,0,0.0,0,0.0,1,4211.697,0,0.0,27.05823895,38.5005902
0.0,0,5001280280,0,0.0,KUCUK_TICARETHANE,35-04-K00817,KARSIYAKA,35,0,0,YALI,0,0,1,0,0.0,8.5,0,0,0.0,0,0.0,1,0.0,0,0.0,27.09143367,38.46571656
14881.54,0,5001281098,0,0.0,ORTA_TICARETHANE,35-09-K01873,CIGLI,35,0,0,SIRINTEPE,0,0,1,0,0.0,8.5,0,0,0.0,0,0.0,1,14881.54,0,0.0,27.07011216,38.49653904
2250573.0,0,5001286717,0,0.0,BUYUK_TICARETHANE,35-09-M01067Ã–,CIGLI,35,0,0,ATASEHIR,0,0,1,0,0.0,2250.0,0,0,0.0,0,0.0,1,2250573.0,0,0.0,27.06649417,38.47799368
583.817,0,5001288816,0,0.0,KUCUK_TICARETHANE,35-09-M02088,CIGLI,35,0,0,BALATCIK,0,0,1,0,0.0,8.5,0,0,0.0,0,0.0,1,583.817,0,0.0,27.04035709,38.5065985
31032.61,0,5001290959,1,31032.61,AYDINLATMA,35-09-M03090,CIGLI,35,0,0,YENI MAHALLE,0,0,0,0,0.0,9.352,0,0,0.0,0,0.0,0,0.0,0,0.0,27.05140331,38.49928786
1551.105,0,5001292436,0,0.0,KUCUK_TICARETHANE,35-04-K01115,KARSIYAKA,35,0,0,ZUBEYDE HANIM,0,0,1,0,0.0,5.0,0,0,0.0,0,0.0,1,1551.105,0,0.0,27.11448959,38.49583899
3302.942,0,5001292447,0,0.0,KUCUK_TICARETHANE,35-09-M02023,CIGLI,35,0,0,ESENTEPE,0,0,1,0,0.0,5.0,0,0,0.0,0,0.0,1,3302.942,0,0.0,27.06256132,38.51220388
21833.347,0,5001293189,2,21833.347,AYDINLATMA,35-04-M02777,KARSIYAKA,35,0,0,BOSTANLI,0,0,0,0,0.0,2.9395,0,0,0.0,0,0.0,0,0.0,0,0.0,27.09794379,38.45908234
65004.627,0,5001303171,0,0.0,ORTA_TICARETHANE,35-04-M01040,KARSIYAKA,35,0,0,GONCALAR,0,0,4,1,1570.501,16.073999999999998,0,0,0.0,0,0.0,3,63434.126,0,0.0,27.10825717,38.46271953
5539.805,0,5001303435,0,0.0,ORTA_TICARETHANE,35-04-K00872,KARSIYAKA,35,0,0,AKSOY,0,0,1,0,0.0,42.0,0,0,0.0,0,0.0,1,5539.805,0,0.0,27.11029271,38.45739945
11117.65,0,5001305990,1,11117.65,AYDINLATMA,35-09-M01985,CIGLI,35,0,0,EVKA - 2,0,0,0,0,0.0,2.8,0,0,0.0,0,0.0,0,0.0,0,0.0,27.087211,38.497765
24294.63,0,5001306029,0,0.0,ORTA_TICARETHANE,35-04-K04477,KARSIYAKA,35,0,0,LATIFE HANIM,0,0,1,0,0.0,8.5,0,0,0.0,0,0.0,1,24294.63,0,0.0,27.11795544,38.49293193
5034.818,0,5001306034,0,0.0,KUCUK_TICARETHANE,35-04-M01185,KARSIYAKA,35,0,0,FIKRI ALTAY,0,0,1,0,0.0,8.5,0,0,0.0,0,0.0,1,5034.818,0,0.0,27.10191626,38.47075117
9870.025,0,5001306931,0,0.0,KUCUK_TICARETHANE,35-09-M01979,CIGLI,35,0,0,EGEKENT,0,0,1,0,0.0,8.0,0,0,0.0,0,0.0,1,9870.025,0,0.0,27.06271697,38.50249295
125424.476,0,5001307990,0,0.0,ORTA_TICARETHANE,35-04-M01373,KARSIYAKA,35,0,0,YALI,0,0,29,12,22306.959,15.617241379310347,0,0,0.0,0,0.0,17,103117.51699999999,0,0.0,27.08683651,38.47161091
3571.935,0,5001308085,0,0.0,KUCUK_TICARETHANE,35-04-M01028,KARSIYAKA,35,0,0,IMBATLI,0,0,1,0,0.0,8.5,0,0,0.0,0,0.0,1,3571.935,0,0.0,27.10792244,38.47734181
3342.928,0,5001310803,0,0.0,KUCUK_TICARETHANE,35-09-M02549,CIGLI,35,0,0,KUCUK CIGLI,0,0,3,2,2445.431,7.0760000000000005,0,0,0.0,0,0.0,1,897.497,0,0.0,27.04454064,38.50328131
15844.3,0,5001314078,0,0.0,ORTA_TICARETHANE,35-09-M01357,CIGLI,35,0,0,BALATCIK,0,0,1,0,0.0,8.5,0,0,0.0,0,0.0,1,15844.3,0,0.0,27.03708816,38.5151681
24549.33,0,5001314443,0,0.0,ORTA_TICARETHANE,35-04-M02100,KARSIYAKA,35,0,0,IMBATLI,0,0,1,0,0.0,7.9,0,0,0.0,0,0.0,1,24549.33,0,0.0,27.1082805,38.47452276
37968.23,0,5001314770,0,0.0,ORTA_TICARETHANE,35-09-M01981,CIGLI,35,0,0,MALTEPE,0,0,1,0,0.0,50.0,0,0,0.0,0,0.0,1,37968.23,0,0.0,27.07696566,38.4938534
2964.0,0,5001314809,0,0.0,KUCUK_TICARETHANE,35-04-M01144,KARSIYAKA,35,0,0,MAVISEHIR,0,0,1,0,0.0,8.0,0,0,0.0,0,0.0,1,2964.0,0,0.0,27.06595547,38.47388983
5208.623,0,5001315080,0,0.0,KUCUK_TICARETHANE,35-04-M01268,KARSIYAKA,35,0,0,YALI,0,0,1,0,0.0,8.5,0,0,0.0,0,0.0,1,5208.623,0,0.0,27.08719538,38.47056201
6097.381,0,5001315921,0,0.0,KUCUK_TICARETHANE,35-04-K04628,KARSIYAKA,35,0,0,SEMIKLER,0,0,1,0,0.0,5.0,0,0,0.0,0,0.0,1,6097.381,0,0.0,27.09569199,38.47071122
3367.753,0,5001316169,0,0.0,KUCUK_TICARETHANE,35-04-K00294,KARSIYAKA,35,0,0,BAHCELIEVLER,0,0,1,0,0.0,8.5,0,0,0.0,0,0.0,1,3367.753,0,0.0,27.12149359,38.46506761
907.65,0,5001316601,0,0.0,KUCUK_TICARETHANE,35-09-M00396,CIGLI,35,0,0,BALATCIK,0,0,1,0,0.0,8.0,0,0,0.0,0,0.0,1,907.65,0,0.0,27.03751569,38.50896963
7863.361,0,5001317855,0,0.0,KUCUK_TICARETHANE,35-04-K00197,KARSIYAKA,35,0,0,SEMIKLER,0,0,1,0,0.0,7.9,0,0,0.0,0,0.0,1,7863.361,0,0.0,27.09504786,38.47186917
3182.294,0,5001319856,0,0.0,KUCUK_TICARETHANE,35-04-M02425,KARSIYAKA,35,0,0,SEMIKLER,0,0,1,0,0.0,8.5,0,0,0.0,0,0.0,1,3182.294,0,0.0,27.10030097,38.4755773
9249.138,0,5001320901,0,0.0,KUCUK_TICARETHANE,35-04-K04131,KARSIYAKA,35,0,0,SEMIKLER,0,0,1,0,0.0,7.66,0,0,0.0,0,0.0,1,9249.138,0,0.0,27.09484671,38.47764672
3295.815,0,5001323171,0,0.0,KUCUK_TICARETHANE,35-04-K03184,KARSIYAKA,35,0,0,BOSTANLI,0,0,2,0,0.0,6.6665,0,0,0.0,0,0.0,2,3295.815,0,0.0,27.09461738,38.4602383
391.169,0,5001323327,0,0.0,KUCUK_TICARETHANE,35-09-K01869,CIGLI,35,0,0,BALATCIK,0,0,1,0,0.0,8.0,0,0,0.0,0,0.0,1,391.169,0,0.0,27.044011,38.50532958
30536.86,0,5001323436,3,30536.86,AYDINLATMA,35-04-K00846,KARSIYAKA,35,0,0,TERSANE,0,0,0,0,0.0,2.3813333333333335,0,0,0.0,0,0.0,0,0.0,0,0.0,27.12826469,38.4638483
2868.973,0,5001324423,0,0.0,KUCUK_TICARETHANE,35-04-M02100,KARSIYAKA,35,0,0,IMBATLI,0,0,1,0,0.0,5.0,0,0,0.0,0,0.0,1,2868.973,0,0.0,27.10720347,38.47301685
1745.424,0,5001324443,0,0.0,KUCUK_TICARETHANE,35-04-M02100,KARSIYAKA,35,0,0,IMBATLI,0,0,1,0,0.0,5.0,0,0,0.0,0,0.0,1,1745.424,0,0.0,27.10897128,38.47262964
5633.183,0,5001326249,0,0.0,KUCUK_TICARETHANE,35-09-K04314,CIGLI,35,0,0,KUCUK CIGLI,0,0,1,0,0.0,5.0,0,0,0.0,0,0.0,1,5633.183,0,0.0,27.05426993,38.49872765
9027.262,0,5001326766,0,0.0,KUCUK_TICARETHANE,35-09-M01869,CIGLI,35,0,0,INONU,0,0,1,0,0.0,8.0,0,0,0.0,0,0.0,1,9027.262,0,0.0,27.05371937,38.52687295
317314.9,0,5001327119,0,0.0,ORTA_TICARETHANE,35-04-M01699,KARSIYAKA,35,0,0,SANCAKLI,0,0,1,0,0.0,79.46,0,0,0.0,0,0.0,1,317314.9,0,0.0,27.18680793,38.53126227
20.137,0,5001327367,0,0.0,KUCUK_TICARETHANE,35-04-M01035,KARSIYAKA,35,0,0,ATAKENT,0,0,1,0,0.0,8.5,0,0,0.0,0,0.0,1,20.137,0,0.0,27.09139418,38.46439643
128029.6,0,5001328313,0,0.0,ORTA_TICARETHANE,35-04-M01038,KARSIYAKA,35,0,0,BOSTANLI,0,0,1,0,0.0,150.0,0,0,0.0,0,0.0,1,128029.6,0,0.0,27.10265554,38.46000952
7505.226,0,5001330229,0,0.0,KUCUK_TICARETHANE,35-04-M03250,KARSIYAKA,35,0,0,BOSTANLI,0,0,1,0,0.0,8.5,0,0,0.0,0,0.0,1,7505.226,0,0.0,27.10268492,38.45687354
1330.338,0,5001333262,0,0.0,KUCUK_TICARETHANE,35-09-M01983,CIGLI,35,0,0,AHMET TANER KISLALI,0,0,1,0,0.0,5.0,0,0,0.0,0,0.0,1,1330.338,0,0.0,27.08108441,38.4954277
1509.0,0,5001335385,0,0.0,KUCUK_TICARETHANE,35-09-M01976,CIGLI,35,0,0,YAKAKENT,0,0,1,0,0.0,5.0,0,0,0.0,0,0.0,1,1509.0,0,0.0,27.07755474,38.50401817
2593.266,0,5001337270,0,0.0,KUCUK_TICARETHANE,35-09-K01936,CIGLI,35,0,0,CAGDAS,0,0,1,0,0.0,5.932,0,0,0.0,0,0.0,1,2593.266,0,0.0,27.05827831,38.5044714
15195.118,0,5001338190,0,0.0,KUCUK_TICARETHANE,35-09-M00396,CIGLI,35,0,0,BALATCIK,0,0,9,6,8824.929,10.01911111111111,0,0,0.0,0,0.0,3,6370.189,0,0.0,27.04067384,38.51051625
13284.55,0,5001338438,0,0.0,ORTA_TICARETHANE,35-04-K01034,KARSIYAKA,35,0,0,DEMIRKOPRU,0,0,1,0,0.0,5.0,0,0,0.0,0,0.0,1,13284.55,0,0.0,27.09870592,38.46960665
0.884,0,5001341294,0,0.0,KUCUK_TICARETHANE,35-09-K03313,CIGLI,35,0,0,YENI MAHALLE,0,0,1,0,0.0,5.4,0,0,0.0,0,0.0,1,0.884,0,0.0,27.05529071,38.49370105
5244.685,0,5001341424,0,0.0,KUCUK_TICARETHANE,35-09-K03705,CIGLI,35,0,0,MALTEPE,0,0,2,1,3316.11,10.42,0,0,0.0,0,0.0,1,1928.575,0,0.0,27.07647816,38.48875823
181.054,0,5001341428,0,0.0,KUCUK_TICARETHANE,35-09-K03320,CIGLI,35,0,0,AYDINLIKEVLER,0,0,1,0,0.0,7.9,0,0,0.0,0,0.0,1,181.054,0,0.0,27.08009658,38.49183761
1642.151,0,5001341557,0,0.0,KUCUK_TICARETHANE,35-04-K00053,KARSIYAKA,35,0,0,BOSTANLI,0,0,1,0,0.0,8.5,0,0,0.0,0,0.0,1,1642.151,0,0.0,27.10585701,38.45400052
1292.524,0,5001342742,0,0.0,KUCUK_TICARETHANE,35-04-K00288,KARSIYAKA,35,0,0,TERSANE,0,0,1,0,0.0,5.0,0,0,0.0,0,0.0,1,1292.524,0,0.0,27.12472567,38.4608405
1216.296,0,5001343026,0,0.0,ORTA_TICARETHANE,35-09-K02817,CIGLI,35,0,0,ATASEHIR,0,0,1,0,0.0,19.9,0,0,0.0,0,0.0,1,1216.296,0,0.0,27.05197309,38.4854192
122.433,0,5001343066,0,0.0,ORTA_TICARETHANE,35-09-K03314,CIGLI,35,0,0,ATASEHIR,0,0,1,0,0.0,19.9,0,0,0.0,0,0.0,1,122.433,0,0.0,27.05258406,38.49324783
7698.322,0,5001343071,0,0.0,ORTA_TICARETHANE,35-09-K02669,CIGLI,35,0,0,ATASEHIR,0,0,1,0,0.0,19.9,0,0,0.0,0,0.0,1,7698.322,0,0.0,27.06108454,38.48645278
7076.182,0,5001345247,0,0.0,KUCUK_TICARETHANE,35-09-M02549,CIGLI,35,0,0,KUCUK CIGLI,0,0,1,0,0.0,7.45,0,0,0.0,0,0.0,1,7076.182,0,0.0,27.04451395,38.50337573
1791.806,0,5001345286,0,0.0,KUCUK_TICARETHANE,35-04-K02447,KARSIYAKA,35,0,0,ZUBEYDE HANIM,0,0,1,0,0.0,8.0,0,0,0.0,0,0.0,1,1791.806,0,0.0,27.11282249,38.49110899
13502.23,0,5001346163,0,0.0,ORTA_TICARETHANE,35-09-M00910,CIGLI,35,0,0,SASALLI MERKEZ,0,0,1,0,0.0,23.0,0,0,0.0,0,0.0,1,13502.23,0,0.0,26.95628087,38.50012303
5551.137,0,5001346903,0,0.0,KUCUK_TICARETHANE,35-09-M02024,CIGLI,35,0,0,ESENTEPE,0,0,1,0,0.0,5.3,0,0,0.0,0,0.0,1,5551.137,0,0.0,27.05826977,38.5100966
1230.925,0,5001347111,0,0.0,KUCUK_TICARETHANE,35-09-M00202,CIGLI,35,0,0,CUMHURIYET,0,0,1,0,0.0,5.0,0,0,0.0,0,0.0,1,1230.925,0,0.0,27.05612173,38.53765841
2157.662,0,5001347138,0,0.0,KUCUK_TICARETHANE,35-09-M00207,CIGLI,35,0,0,CUMHURIYET,0,0,1,0,0.0,5.0,0,0,0.0,0,0.0,1,2157.662,0,0.0,27.05258762,38.5374626
1186.11,0,5001347179,0,0.0,KUCUK_TICARETHANE,35-09-M00201,CIGLI,35,0,0,CUMHURIYET,0,0,1,0,0.0,5.0,0,0,0.0,0,0.0,1,1186.11,0,0.0,27.05338285,38.53941839
969.642,0,5001347181,0,0.0,KUCUK_TICARETHANE,35-09-M00204,CIGLI,35,0,0,CUMHURIYET,0,0,1,0,0.0,5.0,0,0,0.0,0,0.0,1,969.642,0,0.0,27.05783488,38.54062037
1231.402,0,5001347183,0,0.0,KUCUK_TICARETHANE,35-09-M00203,CIGLI,35,0,0,CUMHURIYET,0,0,1,0,0.0,5.0,0,0,0.0,0,0.0,1,1231.402,0,0.0,27.05625189,38.53973597
344.961,0,5001348155,0,0.0,KUCUK_TICARETHANE,35-04-K01411,KARSIYAKA,35,0,0,GONCALAR,0,0,1,0,0.0,7.9,0,0,0.0,0,0.0,1,344.961,0,0.0,27.10048565,38.4651652
138.94,0,5001348289,0,0.0,KUCUK_TICARETHANE,35-04-K04375,KARSIYAKA,35,0,0,SEMIKLER,0,0,1,0,0.0,8.5,0,0,0.0,0,0.0,1,138.94,0,0.0,27.09895816,38.47326086
1148.794,0,5001348326,0,0.0,KUCUK_TICARETHANE,35-09-M00218,CIGLI,35,0,0,CUMHURIYET,0,0,1,0,0.0,5.0,0,0,0.0,0,0.0,1,1148.794,0,0.0,27.05529316,38.54178625
30744.73,0,5001348330,0,0.0,ORTA_TICARETHANE,35-04-K04756,KARSIYAKA,35,0,0,LATIFE HANIM,0,0,1,0,0.0,10.712,0,0,0.0,0,0.0,1,30744.73,0,0.0,27.12175764,38.50073416
794.529,0,5001348331,0,0.0,KUCUK_TICARETHANE,35-04-K04756,KARSIYAKA,35,0,0,LATIFE HANIM,0,0,1,0,0.0,10.712,0,0,0.0,0,0.0,1,794.529,0,0.0,27.12176406,38.50068064
2321.084,0,5001348332,0,0.0,KUCUK_TICARETHANE,35-04-K04756,KARSIYAKA,35,0,0,LATIFE HANIM,0,0,1,0,0.0,10.712,0,0,0.0,0,0.0,1,2321.084,0,0.0,27.12177296,38.50062705
13118.7,0,5001348333,0,0.0,ORTA_TICARETHANE,35-04-K04756,KARSIYAKA,35,0,0,LATIFE HANIM,0,0,1,0,0.0,10.712,0,0,0.0,0,0.0,1,13118.7,0,0.0,27.12177904,38.50057327
3261.841,0,5001348334,0,0.0,KUCUK_TICARETHANE,35-04-K04756,KARSIYAKA,35,0,0,LATIFE HANIM,0,0,1,0,0.0,10.712,0,0,0.0,0,0.0,1,3261.841,0,0.0,27.12178591,38.5005192
780.225,0,5001348335,0,0.0,KUCUK_TICARETHANE,35-04-K04756,KARSIYAKA,35,0,0,LATIFE HANIM,0,0,1,0,0.0,10.712,0,0,0.0,0,0.0,1,780.225,0,0.0,27.12179286,38.50046602
1117.874,0,5001349422,0,0.0,KUCUK_TICARETHANE,35-04-K03083,KARSIYAKA,35,0,0,FIKRI ALTAY,0,0,1,0,0.0,5.0,0,0,0.0,0,0.0,1,1117.874,0,0.0,27.10029506,38.47207947
18604.62,0,5001349650,0,0.0,ORTA_TICARETHANE,35-04-M01676,KARSIYAKA,35,0,0,SEMIKLER,0,0,1,0,0.0,5.0,0,0,0.0,0,0.0,1,18604.62,0,0.0,27.08851289,38.4800868
44.187,0,5001349764,0,0.0,KUCUK_TICARETHANE,35-04-K03074,KARSIYAKA,35,0,0,AKSOY,0,0,1,0,0.0,8.5,0,0,0.0,0,0.0,1,44.187,0,0.0,27.10874234,38.45525614
6197.183,0,5001349785,0,0.0,KUCUK_TICARETHANE,35-09-K01480,CIGLI,35,0,0,YAKAKENT,0,0,1,0,0.0,8.5,0,0,0.0,0,0.0,1,6197.183,0,0.0,27.07235229,38.50132052
5386.875,0,5001354898,0,0.0,KUCUK_TICARETHANE,35-04-K00660,KARSIYAKA,35,0,0,ATAKENT,0,0,1,0,0.0,8.5,0,0,0.0,0,0.0,1,5386.875,0,0.0,27.08985325,38.46237785
2982.921,0,5001356601,0,0.0,KUCUK_TICARETHANE,35-04-K00489,KARSIYAKA,35,0,0,BAHRIYE UCOK,0,0,1,0,0.0,8.5,0,0,0.0,0,0.0,1,2982.921,0,0.0,27.11269134,38.45835922
61.0,0,5001357485,0,0.0,KUCUK_TICARETHANE,35-04-M01174,KARSIYAKA,35,0,0,YALI,0,0,1,0,0.0,8.5,0,0,0.0,0,0.0,1,61.0,0,0.0,27.0969408,38.46600375
17.073,0,5001360615,0,0.0,KUCUK_TICARETHANE,35-04-K00037,KARSIYAKA,35,0,0,TERSANE,0,0,1,0,0.0,8.5,0,0,0.0,0,0.0,1,17.073,0,0.0,27.12631949,38.46292957
2123.595,0,5001362058,0,0.0,KUCUK_TICARETHANE,35-09-M02781,CIGLI,35,0,0,UGUR MUMCU,0,0,1,0,0.0,8.0,0,0,0.0,0,0.0,1,2123.595,0,0.0,27.04385164,38.52557049
75383.94,0,5001366697,0,0.0,ORTA_TICARETHANE,35-09-K02778,CIGLI,35,0,0,ATASEHIR,0,0,1,0,0.0,136.0,0,0,0.0,0,0.0,1,75383.94,0,0.0,27.07250503,38.48613315
3724.395,0,5001367056,0,0.0,KUCUK_TICARETHANE,35-04-K01483,KARSIYAKA,35,0,0,BOSTANLI,0,0,1,0,0.0,8.9,0,0,0.0,0,0.0,1,3724.395,0,0.0,27.09524926,38.46385061
3855.293,0,5001367077,0,0.0,ORTA_TICARETHANE,35-04-K01781,KARSIYAKA,35,0,0,BAHRIYE UCOK,0,0,1,0,0.0,24.0,0,0,0.0,0,0.0,1,3855.293,0,0.0,27.11153229,38.45955
2927.39,0,5001367539,0,0.0,KUCUK_TICARETHANE,35-09-M01357,CIGLI,35,0,0,BALATCIK,0,0,1,0,0.0,5.1,0,0,0.0,0,0.0,1,2927.39,0,0.0,27.03717485,38.51573948
969.048,0,5001367866,0,0.0,ORTA_TICARETHANE,35-09-M02390,CIGLI,35,0,0,BALATCIK,0,0,1,0,0.0,19.9,0,0,0.0,0,0.0,1,969.048,0,0.0,27.04252217,38.50597014
25.312,0,5001368440,0,0.0,KUCUK_TICARETHANE,35-04-M01743,KARSIYAKA,35,0,0,YALI,0,0,1,0,0.0,8.5,0,0,0.0,0,0.0,1,25.312,0,0.0,27.09003822,38.47288606
7385.83,0,5001371679,1,7385.83,AYDINLATMA,35-09-K01874,CIGLI,35,0,0,YAKAKENT,0,0,0,0,0.0,1.873,0,0,0.0,0,0.0,0,0.0,0,0.0,27.077441,38.502618
1824.282,0,5001372042,0,0.0,KUCUK_TICARETHANE,35-04-K00215,KARSIYAKA,35,0,0,SEMIKLER,0,0,1,0,0.0,8.5,0,0,0.0,0,0.0,1,1824.282,0,0.0,27.09282826,38.47851774
2024.256,0,5001372053,0,0.0,KUCUK_TICARETHANE,35-04-K01692,KARSIYAKA,35,0,0,NERGIZ,0,0,1,0,0.0,8.5,0,0,0.0,0,0.0,1,2024.256,0,0.0,27.10521441,38.46292563
0.0,0,5001375626,0,0.0,KUCUK_TICARETHANE,35-09-K02730,CIGLI,35,0,0,ATASEHIR,0,0,1,0,0.0,7.9,0,0,0.0,0,0.0,1,0.0,0,0.0,27.05993279,38.49182622
944.31,0,5001375950,0,0.0,KUCUK_TICARETHANE,35-04-K03169,KARSIYAKA,35,0,0,AKSOY,0,0,1,0,0.0,8.5,0,0,0.0,0,0.0,1,944.31,0,0.0,27.10678409,38.45191744
8818.646,0,5001379083,0,0.0,ORTA_TICARETHANE,35-04-K01293,KARSIYAKA,35,0,0,DONANMACI,0,0,1,0,0.0,17.0,0,0,0.0,0,0.0,1,8818.646,0,0.0,27.11260932,38.45492406
16087.66,0,5001379217,0,0.0,ORTA_TICARETHANE,35-04-M01566,KARSIYAKA,35,0,0,ORNEKKOY,0,0,1,0,0.0,8.35,0,0,0.0,0,0.0,1,16087.66,0,0.0,27.11323941,38.48119797
4357.431,0,5001380247,0,0.0,KUCUK_TICARETHANE,35-04-M02326,KARSIYAKA,35,0,0,IMBATLI,0,0,1,0,0.0,8.5,0,0,0.0,0,0.0,1,4357.431,0,0.0,27.10886308,38.47722707
1445.765,0,5001381306,0,0.0,KUCUK_TICARETHANE,35-09-K01873,CIGLI,35,0,0,SIRINTEPE,0,0,1,0,0.0,5.5,0,0,0.0,0,0.0,1,1445.765,0,0.0,27.07315728,38.49631257
27716.68,0,5001381910,0,0.0,ORTA_TICARETHANE,35-09-M01387,CIGLI,35,0,0,SASALLI MERKEZ,0,0,1,0,0.0,23.0,0,0,0.0,0,0.0,1,27716.68,0,0.0,26.96451846,38.50430137
1580.019,0,5001387273,0,0.0,KUCUK_TICARETHANE,35-09-K04579,CIGLI,35,0,0,ATATURK,0,0,1,0,0.0,5.0,0,0,0.0,0,0.0,1,1580.019,0,0.0,27.06416173,38.51815105
35984.48,0,5001387676,0,0.0,ORTA_TICARETHANE,35-09-M01304,CIGLI,35,0,0,BALATCIK,0,0,1,0,0.0,5.4,0,0,0.0,0,0.0,1,35984.48,0,0.0,27.04213493,38.51828362
2921.289,0,5001389090,0,0.0,KUCUK_TICARETHANE,35-04-M02326,KARSIYAKA,35,0,0,ORNEKKOY,0,0,1,0,0.0,8.5,0,0,0.0,0,0.0,1,2921.289,0,0.0,27.11212223,38.47775492
485.144,0,5001390501,0,0.0,KUCUK_TICARETHANE,35-04-K03776,KARSIYAKA,35,0,0,DEMIRKOPRU,0,0,1,0,0.0,5.3,0,0,0.0,0,0.0,1,485.144,0,0.0,27.09922622,38.46829458
313.875,0,5001391250,0,0.0,KUCUK_TICARETHANE,35-04-K00197,KARSIYAKA,35,0,0,SEMIKLER,0,0,1,0,0.0,8.5,0,0,0.0,0,0.0,1,313.875,0,0.0,27.0946696,38.47108977
2786.47,0,5001391427,0,0.0,KUCUK_TICARETHANE,35-04-K02940,KARSIYAKA,35,0,0,SEMIKLER,0,0,1,0,0.0,8.5,0,0,0.0,0,0.0,1,2786.47,0,0.0,27.09563316,38.47612695
106050.0,0,5001393304,0,0.0,ORTA_SANAYI,35-09-M02465,CIGLI,35,0,0,KUCUK CIGLI,0,0,1,0,0.0,121.8,0,1,106050.0,0,0.0,0,0.0,0,0.0,27.0454265,38.50295319
5295.167,0,5001395930,0,0.0,KUCUK_TICARETHANE,35-04-M03251,KARSIYAKA,35,0,0,BOSTANLI,0,0,1,0,0.0,8.5,0,0,0.0,0,0.0,1,5295.167,0,0.0,27.10702374,38.45762752
551.554,0,5001401656,0,0.0,KUCUK_TICARETHANE,35-04-K00885,KARSIYAKA,35,0,0,YALI,0,0,1,0,0.0,5.5,0,0,0.0,0,0.0,1,551.554,0,0.0,27.09110382,38.46583601
3800.979,0,5001402411,0,0.0,KUCUK_TICARETHANE,35-04-K01088,KARSIYAKA,35,0,0,DONANMACI,0,0,1,0,0.0,5.5,0,0,0.0,0,0.0,1,3800.979,0,0.0,27.11178519,38.4524912
560.516,0,5001402418,0,0.0,KUCUK_TICARETHANE,35-04-K03776,KARSIYAKA,35,0,0,DEMIRKOPRU,0,0,1,0,0.0,5.0,0,0,0.0,0,0.0,1,560.516,0,0.0,27.10037876,38.4677668
9632.651,0,5001403172,0,0.0,KUCUK_TICARETHANE,35-09-M00483,CIGLI,35,0,0,SASALLI MERKEZ,0,0,1,0,0.0,8.5,0,0,0.0,0,0.0,1,9632.651,0,0.0,26.95496375,38.49735996
5906.308,0,5001405271,1,5906.308,AYDINLATMA,35-09-K02867,CIGLI,35,0,0,ATASEHIR,0,0,0,0,0.0,1.719,0,0,0.0,0,0.0,0,0.0,0,0.0,27.05538583,38.48440504
1213.649,0,5001405293,1,1213.649,AYDINLATMA,35-09-K01874,CIGLI,35,0,0,YAKAKENT,0,0,0,0,0.0,0.37,0,0,0.0,0,0.0,0,0.0,0,0.0,27.134432,38.4686453
13570.2,0,5001406966,1,13570.2,AYDINLATMA,35-04-M03250,KARSIYAKA,35,0,0,BOSTANLI,0,0,0,0,0.0,3.229,0,0,0.0,0,0.0,0,0.0,0,0.0,27.10382629,38.45809285
47960.88,0,5001407062,2,47960.88,AYDINLATMA,35-04-M03252,KARSIYAKA,35,0,0,BOSTANLI,0,0,0,0,0.0,8.0045,0,0,0.0,0,0.0,0,0.0,0,0.0,27.09864965,38.46399066
14852.6,0,5001407065,1,14852.6,AYDINLATMA,35-04-M03253,KARSIYAKA,35,0,0,BOSTANLI,0,0,0,0,0.0,3.624,0,0,0.0,0,0.0,0,0.0,0,0.0,27.09921776,38.46279667
26258.24,0,5001407563,0,0.0,ORTA_TICARETHANE,35-09-M01148,CIGLI,35,0,0,SASALLI MERKEZ,0,0,1,0,0.0,100.0,0,0,0.0,0,0.0,1,26258.24,0,0.0,26.94810678,38.49696137
4443.761,0,5001407607,0,0.0,KUCUK_TICARETHANE,35-04-M01188,KARSIYAKA,35,0,0,DEDEBASI,0,0,1,0,0.0,5.4,0,0,0.0,0,0.0,1,4443.761,0,0.0,27.10376793,38.46794571
1985.272,0,5001407630,0,0.0,KUCUK_TICARETHANE,35-09-K04389,CIGLI,35,0,0,ATASEHIR,0,0,1,0,0.0,7.9,0,0,0.0,0,0.0,1,1985.272,0,0.0,27.06370226,38.48792227
53387.88,0,5001411230,0,0.0,ORTA_TICARETHANE,35-09-M01798,CIGLI,35,0,0,BALATCIK,0,0,1,0,0.0,43.46,0,0,0.0,0,0.0,1,53387.88,0,0.0,27.03772643,38.51600778
11041.87,0,5001412348,0,0.0,ORTA_TICARETHANE,35-04-K01091,KARSIYAKA,35,0,0,BOSTANLI,0,0,1,0,0.0,23.0,0,0,0.0,0,0.0,1,11041.87,0,0.0,27.10484951,38.45270768
15766.77,0,5001412356,0,0.0,ORTA_TICARETHANE,35-09-M00647,CIGLI,35,0,0,UGUR MUMCU,0,0,1,0,0.0,8.5,0,0,0.0,0,0.0,1,15766.77,0,0.0,27.04325503,38.52511102
1359.737,0,5001412735,0,0.0,KUCUK_TICARETHANE,35-04-K04641,KARSIYAKA,35,0,0,BOSTANLI,0,0,1,0,0.0,5.0,0,0,0.0,0,0.0,1,1359.737,0,0.0,27.1015636,38.45687267
6771.948,0,5001414470,0,0.0,KUCUK_TICARETHANE,35-04-K00488,KARSIYAKA,35,0,0,BOSTANLI,0,0,1,0,0.0,8.5,0,0,0.0,0,0.0,1,6771.948,0,0.0,27.10232169,38.45372255
4736.451,0,5001414828,0,0.0,KUCUK_TICARETHANE,35-04-M02647,KARSIYAKA,35,0,0,IMBATLI,0,0,1,0,0.0,8.5,0,0,0.0,0,0.0,1,4736.451,0,0.0,27.10494207,38.47730489
2522.784,0,5001416437,0,0.0,KUCUK_TICARETHANE,35-09-K03315,CIGLI,35,0,0,KUCUK CIGLI,0,0,1,0,0.0,7.9,0,0,0.0,0,0.0,1,2522.784,0,0.0,27.04721069,38.50688226
56213.34,0,5001416723,0,0.0,ORTA_TICARETHANE,35-04-K00893,KARSIYAKA,35,0,0,TUNA,0,0,1,0,0.0,180.52,0,0,0.0,0,0.0,1,56213.34,0,0.0,27.12131824,38.45676138
1911.124,0,5001416831,0,0.0,KUCUK_TICARETHANE,35-04-K00017,KARSIYAKA,35,0,0,ALAYBEY,0,0,1,0,0.0,5.4,0,0,0.0,0,0.0,1,1911.124,0,0.0,27.11979319,38.45920471
8489.478,0,5001417075,0,0.0,KUCUK_TICARETHANE,35-04-K01065,KARSIYAKA,35,0,0,BAHRIYE UCOK,0,0,3,1,0.0,9.253333333333332,0,0,0.0,0,0.0,2,8489.478,0,0.0,27.11068351,38.46234154
8470.231,0,5001417083,0,0.0,KUCUK_TICARETHANE,35-04-K03148,KARSIYAKA,35,0,0,DEMIRKOPRU,0,0,1,0,0.0,8.5,0,0,0.0,0,0.0,1,8470.231,0,0.0,27.10079622,38.46935882
4406.218,0,5001418703,0,0.0,KUCUK_TICARETHANE,35-09-M00540,CIGLI,35,0,0,SASALLI MERKEZ,0,0,1,0,0.0,5.0,0,0,0.0,0,0.0,1,4406.218,0,0.0,26.94287489,38.49695624
14936.07,0,5001418835,0,0.0,ORTA_TICARETHANE,35-04-M02922,KARSIYAKA,35,0,0,IMBATLI,0,0,1,0,0.0,8.5,0,0,0.0,0,0.0,1,14936.07,0,0.0,27.11005698,38.47740464
1692.714,0,5001419863,0,0.0,KUCUK_TICARETHANE,35-04-K02395,KARSIYAKA,35,0,0,BAHCELIEVLER,0,0,1,0,0.0,8.2,0,0,0.0,0,0.0,1,1692.714,0,0.0,27.11798013,38.46375479
56757.7,0,5001421655,2,56757.7,AYDINLATMA,35-04-M03260,KARSIYAKA,35,0,0,ORNEKKOY,0,0,0,0,0.0,11.4815,0,0,0.0,0,0.0,0,0.0,0,0.0,27.11269002,38.48462375
11753.92,0,5001422407,0,0.0,ORTA_TICARETHANE,35-04-K01758,KARSIYAKA,35,0,0,BAHCELIEVLER,0,0,1,0,0.0,8.3,0,0,0.0,0,0.0,1,11753.92,0,0.0,27.12034425,38.46518374
3334.152,0,5001422566,0,0.0,KUCUK_TICARETHANE,35-09-M00211,CIGLI,35,0,0,INONU,0,0,1,0,0.0,7.64,0,0,0.0,0,0.0,1,3334.152,0,0.0,27.04722392,38.5266548
302753.8,0,5001422770,0,0.0,ORTA_TICARETHANE,35-04-M01173,KARSIYAKA,35,0,0,ORNEKKOY,0,0,1,0,0.0,140.0,0,0,0.0,0,0.0,1,302753.8,0,0.0,27.11101526,38.48182091
68.209,0,5001423659,0,0.0,KUCUK_TICARETHANE,35-04-M01442,KARSIYAKA,35,0,0,DEDEBASI,0,0,1,0,0.0,8.5,0,0,0.0,0,0.0,1,68.209,0,0.0,27.10385953,38.47203684
186321.8,0,5001425360,0,0.0,ORTA_TICARETHANE,35-09-M02689,CIGLI,35,0,0,ATASEHIR,0,0,1,0,0.0,416.667,0,0,0.0,0,0.0,1,186321.8,0,0.0,27.04902568,38.49314231
1833.238,0,5001427165,0,0.0,KUCUK_TICARETHANE,35-09-K01006,CIGLI,35,0,0,AYDINLIKEVLER,0,0,1,0,0.0,8.0,0,0,0.0,0,0.0,1,1833.238,0,0.0,27.08272605,38.4879658
7824.929,0,5001427392,1,7824.929,AYDINLATMA,35-04-M02875,KARSIYAKA,35,0,0,ORNEKKOY,0,0,0,0,0.0,2.615,0,0,0.0,0,0.0,0,0.0,0,0.0,27.10873332,38.48415676
348.823,0,5001428354,0,0.0,KUCUK_TICARETHANE,35-04-K02900,KARSIYAKA,35,0,0,BAHARIYE,0,0,1,0,0.0,5.0,0,0,0.0,0,0.0,1,348.823,0,0.0,27.1205968,38.46226301
4768.831,0,5001428556,0,0.0,KUCUK_TICARETHANE,35-09-M00932,CIGLI,35,0,0,SASALLI MERKEZ,0,0,1,0,0.0,8.5,0,0,0.0,0,0.0,1,4768.831,0,0.0,26.95424876,38.50329959
7942.544,0,5001430124,0,0.0,KUCUK_TICARETHANE,35-04-K01034,KARSIYAKA,35,0,0,DEMIRKOPRU,0,0,1,0,0.0,8.5,0,0,0.0,0,0.0,1,7942.544,0,0.0,27.09880804,38.46867493
1.596,0,5001431550,0,0.0,KUCUK_TICARETHANE,35-09-M02088,CIGLI,35,0,0,BALATCIK,0,0,1,0,0.0,5.5,0,0,0.0,0,0.0,1,1.596,0,0.0,27.04036763,38.50731
26963.32,0,5001432518,0,0.0,ORTA_TICARETHANE,35-04-M01699,KARSIYAKA,35,0,0,SANCAKLI,0,0,1,0,0.0,8.7,0,0,0.0,0,0.0,1,26963.32,0,0.0,27.18692523,38.53136372
2288.471,0,5001434926,0,0.0,KUCUK_TICARETHANE,35-04-K03037,KARSIYAKA,35,0,0,YALI,0,0,2,0,0.0,8.175,0,0,0.0,0,0.0,2,2288.471,0,0.0,27.09193248,38.46896256
840.2,0,5001436025,0,0.0,KUCUK_TICARETHANE,35-09-M01531,CIGLI,35,0,0,CUMHURIYET,0,0,1,0,0.0,5.66,0,0,0.0,0,0.0,1,840.2,0,0.0,27.06492426,38.54515745
7365.262,0,5001436205,0,0.0,KUCUK_TICARETHANE,35-04-K00525,KARSIYAKA,35,0,0,BOSTANLI,0,0,1,0,0.0,8.5,0,0,0.0,0,0.0,1,7365.262,0,0.0,27.09602515,38.45692133
5495.483,0,5001438065,0,0.0,KUCUK_TICARETHANE,35-09-K01879,CIGLI,35,0,0,YENI MAHALLE,0,0,1,0,0.0,7.9,0,0,0.0,0,0.0,1,5495.483,0,0.0,27.05337655,38.49584424
5397.361,0,5001438936,0,0.0,KUCUK_TICARETHANE,35-04-K00277,KARSIYAKA,35,0,0,AKSOY,0,0,1,0,0.0,8.5,0,0,0.0,0,0.0,1,5397.361,0,0.0,27.10600593,38.45363478
31668.28,0,5001439711,0,0.0,ORTA_TICARETHANE,35-09-M00483,CIGLI,35,0,0,SASALLI MERKEZ,0,0,1,0,0.0,25.0,0,0,0.0,0,0.0,1,31668.28,0,0.0,26.95986752,38.49788436
6786.813,0,5001439910,0,0.0,KUCUK_TICARETHANE,35-04-K04618,KARSIYAKA,35,0,0,SEMIKLER,0,0,1,0,0.0,5.0,0,0,0.0,0,0.0,1,6786.813,0,0.0,27.09854676,38.47372425
7474.207,0,5001442102,0,0.0,KUCUK_TICARETHANE,35-04-K03074,KARSIYAKA,35,0,0,AKSOY,0,0,1,0,0.0,5.5,0,0,0.0,0,0.0,1,7474.207,0,0.0,27.10817371,38.45560642
3853.234,0,5001442133,0,0.0,KUCUK_TICARETHANE,35-04-K01144,KARSIYAKA,35,0,0,INONU,0,0,1,0,0.0,5.0,0,0,0.0,0,0.0,1,3853.234,0,0.0,27.0986121,38.4888037
1233.016,0,5001444235,1,1233.016,AYDINLATMA,35-15-A00005,KARSIYAKA,35,0,0,ORNEKKOY,0,0,0,0,0.0,0.417,0,0,0.0,0,0.0,0,0.0,0,0.0,27.10611394,38.47777379
6644.123,0,5001444316,0,0.0,KUCUK_TICARETHANE,35-04-K03385,KARSIYAKA,35,0,0,AKSOY,0,0,1,0,0.0,8.5,0,0,0.0,0,0.0,1,6644.123,0,0.0,27.10895381,38.45062855
4114.06,0,5002347531,0,0.0,KUCUK_TICARETHANE,35-09-K01867,CIGLI,35,0,0,KUCUK CIGLI,0,0,1,0,0.0,7.9,0,0,0.0,0,0.0,1,4114.06,0,0.0,27.05283034,38.50480028
35410.83,0,5002348135,0,0.0,ORTA_TICARETHANE,35-09-K03363,CIGLI,35,0,0,YAKAKENT,0,0,1,0,0.0,8.5,0,0,0.0,0,0.0,1,35410.83,0,0.0,27.0733961,38.51259408
2059.665,0,5002348145,0,0.0,KUCUK_TICARETHANE,35-04-K00289,KARSIYAKA,35,0,0,DONANMACI,0,0,1,0,0.0,5.0,0,0,0.0,0,0.0,1,2059.665,0,0.0,27.1162652,38.457425
2285.244,0,5002349129,0,0.0,KUCUK_TICARETHANE,35-09-K03322,CIGLI,35,0,0,YENI MAHALLE,0,0,1,0,0.0,8.68,0,0,0.0,0,0.0,1,2285.244,0,0.0,27.05169162,38.49693081
114.0,0,5002349241,0,0.0,KUCUK_TICARETHANE,35-04-M01029,KARSIYAKA,35,0,0,ORNEKKOY,0,0,1,0,0.0,5.0,0,0,0.0,0,0.0,1,114.0,0,0.0,27.11321179,38.47958241
42215.84,0,5002350181,0,0.0,ORTA_TICARETHANE,35-04-K01183,KARSIYAKA,35,0,0,SANCAKLI,0,0,1,0,0.0,8.7,0,0,0.0,0,0.0,1,42215.84,0,0.0,27.186997,38.531394
230.838,0,5002350650,0,0.0,KUCUK_TICARETHANE,35-04-K00037,KARSIYAKA,35,0,0,TERSANE,0,0,1,0,0.0,8.5,0,0,0.0,0,0.0,1,230.838,0,0.0,27.1258802,38.4603666
9465.881,0,5002350684,0,0.0,KUCUK_TICARETHANE,35-09-M02091,CIGLI,35,0,0,BALATCIK,0,0,1,0,0.0,7.9,0,0,0.0,0,0.0,1,9465.881,0,0.0,27.04065825,38.51305531
17213.99,0,5002350837,1,17213.99,AYDINLATMA,35-09-M03035,CIGLI,35,0,0,IZKENT,0,0,0,0,0.0,5.137,0,0,0.0,0,0.0,0,0.0,0,0.0,27.06383794,38.51181885
2991.483,0,5002350841,1,2991.483,AYDINLATMA,35-09-K01936,CIGLI,35,0,0,ESENTEPE,0,0,0,0,0.0,1.98,0,0,0.0,0,0.0,0,0.0,0,0.0,27.060823,38.509813
7527.306,0,5002350843,1,7527.306,AYDINLATMA,35-09-K04053,CIGLI,35,0,0,EGEKENT,0,0,0,0,0.0,1.944,0,0,0.0,0,0.0,0,0.0,0,0.0,27.06390406,38.50353843
13597.96,0,5002350845,1,13597.96,AYDINLATMA,35-09-K01862,CIGLI,35,0,0,ATASEHIR,0,0,0,0,0.0,5.65,0,0,0.0,0,0.0,0,0.0,0,0.0,27.05147444,38.48781259
25382.91,0,5002351879,0,0.0,ORTA_TICARETHANE,35-04-K00525,KARSIYAKA,35,0,0,BOSTANLI,0,0,1,0,0.0,8.5,0,0,0.0,0,0.0,1,25382.91,0,0.0,27.09531301,38.45678994
10551.44,0,5002352107,0,0.0,ORTA_TICARETHANE,35-04-K01091,KARSIYAKA,35,0,0,BOSTANLI,0,0,1,0,0.0,8.5,0,0,0.0,0,0.0,1,10551.44,0,0.0,27.10379834,38.45199442
2505.214,0,5002352219,0,0.0,KUCUK_TICARETHANE,35-09-M02551,CIGLI,35,0,0,KOYICI,0,0,1,0,0.0,5.4,0,0,0.0,0,0.0,1,2505.214,0,0.0,27.0652309,38.4933408
9003.877,0,5002355288,0,0.0,KUCUK_TICARETHANE,35-04-M01038,KARSIYAKA,35,0,0,BOSTANLI,0,0,1,0,0.0,8.5,0,0,0.0,0,0.0,1,9003.877,0,0.0,27.10209909,38.46036787
62973.04,0,5002357038,0,0.0,ORTA_TICARETHANE,35-09-M02390,CIGLI,35,0,0,BALATCIK,0,0,1,0,0.0,90.0,0,0,0.0,0,0.0,1,62973.04,0,0.0,27.04490722,38.50678457
7545.245,0,5002357176,0,0.0,KUCUK_TICARETHANE,35-09-M03051,CIGLI,35,0,0,ATATURK,0,0,1,0,0.0,8.0,0,0,0.0,0,0.0,1,7545.245,0,0.0,27.05873369,38.51530913
6918.308,0,5002357337,0,0.0,KUCUK_TICARETHANE,35-09-K04579,CIGLI,35,0,0,ATATURK,0,0,1,0,0.0,8.0,0,0,0.0,0,0.0,1,6918.308,0,0.0,27.06270455,38.51697074
109123.2,0,5002357374,0,0.0,ORTA_TICARETHANE,35-04-M02555,KARSIYAKA,35,0,0,ORNEKKOY,0,0,1,0,0.0,85.0,0,0,0.0,0,0.0,1,109123.2,0,0.0,27.10656336,38.47969133
363.117,0,5002357454,0,0.0,KUCUK_TICARETHANE,35-09-M00396,CIGLI,35,0,0,BALATCIK,0,0,1,0,0.0,8.5,0,0,0.0,0,0.0,1,363.117,0,0.0,27.04126794,38.50819522
3873.646,0,5002362518,0,0.0,KUCUK_TICARETHANE,35-09-K01867,CIGLI,35,0,0,KUCUK CIGLI,0,0,1,0,0.0,7.9,0,0,0.0,0,0.0,1,3873.646,0,0.0,27.05229975,38.50498195
23577.55,0,5002362752,0,0.0,ORTA_TICARETHANE,35-09-M01302,CIGLI,35,0,0,SASALLI MERKEZ,0,0,1,0,0.0,35.2,0,0,0.0,0,0.0,1,23577.55,0,0.0,26.9606793,38.50178687
0.0,0,5002362764,0,0.0,KUCUK_TICARETHANE,35-04-K00308,KARSIYAKA,35,0,0,SEMIKLER,0,0,1,0,0.0,5.0,0,0,0.0,0,0.0,1,0.0,0,0.0,27.08857931,38.48073942
2540.721,0,5002363766,0,0.0,ORTA_TICARETHANE,35-09-M00205,CIGLI,35,0,0,CUMHURIYET,0,0,1,0,0.0,17.426,0,0,0.0,0,0.0,1,2540.721,0,0.0,27.053594,38.53584527
13696.04,0,5002364586,0,0.0,ORTA_TICARETHANE,35-09-M01148,CIGLI,35,0,0,SASALLI MERKEZ,0,0,1,0,0.0,80.06,0,0,0.0,0,0.0,1,13696.04,0,0.0,26.94855825,38.49881768
846.4691,0,5002364783,0,0.0,KUCUK_TICARETHANE,35-04-K03082,KARSIYAKA,35,0,0,LATIFE HANIM,0,0,1,0,0.0,8.0,0,0,0.0,0,0.0,1,846.4691,0,0.0,27.11650407,38.48903239
793.841,0,5002365057,1,793.841,AYDINLATMA,35-04-M01185,KARSIYAKA,35,0,0,FIKRI ALTAY,0,0,0,0,0.0,0.639,0,0,0.0,0,0.0,0,0.0,0,0.0,27.10220127,38.47096301
10788.65,0,5002365515,0,0.0,ORTA_TICARETHANE,35-09-M02023,CIGLI,35,0,0,ESENTEPE,0,0,1,0,0.0,8.5,0,0,0.0,0,0.0,1,10788.65,0,0.0,27.06046189,38.51158764
2469.087,0,5002365722,1,2469.087,AYDINLATMA,35-04-K02875,KARSIYAKA,35,0,0,BAHCELIEVLER,0,0,0,0,0.0,0.653,0,0,0.0,0,0.0,0,0.0,0,0.0,27.12300676,38.46705232
4482.065,0,5002365729,1,4482.065,AYDINLATMA,35-04-K00037,KARSIYAKA,35,0,0,TERSANE,0,0,0,0,0.0,1.204,0,0,0.0,0,0.0,0,0.0,0,0.0,27.12770073,38.46234371
1146.604,0,5002365730,1,1146.604,AYDINLATMA,35-04-K01285,KARSIYAKA,35,0,0,BAHCELIEVLER,0,0,0,0,0.0,0.155,0,0,0.0,0,0.0,0,0.0,0,0.0,27.12112002,38.4659342
2044.941,0,5002366057,1,2044.941,AYDINLATMA,35-04-K01191,KARSIYAKA,35,0,0,DONANMACI,0,0,0,0,0.0,3.233,0,0,0.0,0,0.0,0,0.0,0,0.0,27.11162533,38.45000545
2163.97,0,5002366126,1,2163.97,AYDINLATMA,35-04-K03169,KARSIYAKA,35,0,0,AKSOY,0,0,0,0,0.0,0.955,0,0,0.0,0,0.0,0,0.0,0,0.0,27.10764414,38.45291888
4025.117,0,5002366195,1,4025.117,AYDINLATMA,35-04-M01025,KARSIYAKA,35,0,0,CUMHURIYET,0,0,0,0,0.0,1.047,0,0,0.0,0,0.0,0,0.0,0,0.0,27.09201062,38.48218284
1074.24,0,5002366201,1,1074.24,AYDINLATMA,35-04-K00525,KARSIYAKA,35,0,0,BOSTANLI,0,0,0,0,0.0,0.225,0,0,0.0,0,0.0,0,0.0,0,0.0,27.09449559,38.45651367
2554.051,0,5002366211,1,2554.051,AYDINLATMA,35-04-M01025,KARSIYAKA,35,0,0,CUMHURIYET,0,0,0,0,0.0,0.576,0,0,0.0,0,0.0,0,0.0,0,0.0,27.09254281,38.48112738
3419.534,0,5002366232,1,3419.534,AYDINLATMA,35-04-M02425,KARSIYAKA,35,0,0,SEMIKLER,0,0,0,0,0.0,0.351,0,0,0.0,0,0.0,0,0.0,0,0.0,27.10137746,38.47574489
1844.688,0,5002366234,1,1844.688,AYDINLATMA,35-04-K00191,KARSIYAKA,35,0,0,BOSTANLI,0,0,0,0,0.0,0.205,0,0,0.0,0,0.0,0,0.0,0,0.0,27.09250553,38.46221843
1776.789,0,5002366237,1,1776.789,AYDINLATMA,35-04-M01036,KARSIYAKA,35,0,0,ATAKENT,0,0,0,0,0.0,0.504,0,0,0.0,0,0.0,0,0.0,0,0.0,27.09256978,38.4635445
6288.479,0,5002366242,1,6288.479,AYDINLATMA,35-04-K00476,KARSIYAKA,35,0,0,BOSTANLI,0,0,0,0,0.0,1.533,0,0,0.0,0,0.0,0,0.0,0,0.0,27.09198979,38.45845402
1441.742,0,5002366243,1,1441.742,AYDINLATMA,35-04-K02316,KARSIYAKA,35,0,0,GONCALAR,0,0,0,0,0.0,0.173,0,0,0.0,0,0.0,0,0.0,0,0.0,27.1089354,38.46553487
2797.569,0,5002366442,0,0.0,KUCUK_TICARETHANE,35-04-K00930,KARSIYAKA,35,0,0,NERGIZ,0,0,1,0,0.0,5.0,0,0,0.0,0,0.0,1,2797.569,0,0.0,27.10551743,38.4597644
5913.624,0,5002366621,0,0.0,ORTA_TICARETHANE,35-09-M00430Ã–,CIGLI,35,0,0,KAKLIC,0,0,1,0,0.0,22.16,0,0,0.0,0,0.0,1,5913.624,0,0.0,26.99188723,38.49984682
483.413,0,5002366674,0,0.0,KUCUK_TICARETHANE,35-09-M01950,CIGLI,35,0,0,MALTEPE,0,0,1,0,0.0,8.5,0,0,0.0,0,0.0,1,483.413,0,0.0,27.07492319,38.48891854
2587.2,0,5002366770,0,0.0,KUCUK_TICARETHANE,35-04-K00215,KARSIYAKA,35,0,0,SEMIKLER,0,0,1,0,0.0,8.5,0,0,0.0,0,0.0,1,2587.2,0,0.0,27.0881369,38.47829133
7568.088,0,5002366893,0,0.0,KUCUK_TICARETHANE,35-04-M00951,KARSIYAKA,35,0,0,YALI,0,0,1,0,0.0,8.85,0,0,0.0,0,0.0,1,7568.088,0,0.0,27.08216729,38.48242982
2622.586,0,5002367291,1,2622.586,AYDINLATMA,35-04-M01038,KARSIYAKA,35,0,0,BOSTANLI,0,0,0,0,0.0,0.892,0,0,0.0,0,0.0,0,0.0,0,0.0,27.10132876,38.460378
3280.425,0,5002367312,1,3280.425,AYDINLATMA,35-04-K03169,KARSIYAKA,35,0,0,AKSOY,0,0,0,0,0.0,1.177,0,0,0.0,0,0.0,0,0.0,0,0.0,27.10709593,38.45269907
2692.026,0,5002367324,1,2692.026,AYDINLATMA,35-09-K03327,CIGLI,35,0,0,ATASEHIR,0,0,0,0,0.0,0.976,0,0,0.0,0,0.0,0,0.0,0,0.0,27.05416211,38.48721131
9032.491,0,5002368125,0,0.0,KUCUK_TICARETHANE,35-09-M01950,CIGLI,35,0,0,MALTEPE,0,0,1,0,0.0,5.4,0,0,0.0,0,0.0,1,9032.491,0,0.0,27.07272882,38.48952377
1827.026,0,5002368202,1,1827.026,AYDINLATMA,35-04-M01033,KARSIYAKA,35,0,0,BAHCELIEVLER,0,0,0,0,0.0,0.821,0,0,0.0,0,0.0,0,0.0,0,0.0,27.11417925,38.4679839
3285.167,0,5002368204,1,3285.167,AYDINLATMA,35-04-K00681,KARSIYAKA,35,0,0,DONANMACI,0,0,0,0,0.0,0.479,0,0,0.0,0,0.0,0,0.0,0,0.0,27.11598362,38.45247316
692.741,0,5002368490,1,692.741,AYDINLATMA,35-04-K03848,KARSIYAKA,35,0,0,YALI,0,0,0,0,0.0,0.243,0,0,0.0,0,0.0,0,0.0,0,0.0,27.09508962,38.467038
353.649,0,5002369013,1,353.649,AYDINLATMA,35-04-K01670,KARSIYAKA,35,0,0,TERSANE,0,0,0,0,0.0,0.994,0,0,0.0,0,0.0,0,0.0,0,0.0,27.12792946,38.46120313
1949.084,0,5002369120,1,1949.084,AYDINLATMA,35-04-K00037,KARSIYAKA,35,0,0,TERSANE,0,0,0,0,0.0,1.271,0,0,0.0,0,0.0,0,0.0,0,0.0,27.12716038,38.46127144
1738.864,0,5002369172,1,1738.864,AYDINLATMA,35-04-K00363,KARSIYAKA,35,0,0,ALAYBEY,0,0,0,0,0.0,0.253,0,0,0.0,0,0.0,0,0.0,0,0.0,27.12507008,38.45768356
2301.793,0,5002369173,1,2301.793,AYDINLATMA,35-04-K04013,KARSIYAKA,35,0,0,CUMHURIYET,0,0,0,0,0.0,0.147,0,0,0.0,0,0.0,0,0.0,0,0.0,27.09198568,38.48022211
1137.773,0,5002369191,1,1137.773,AYDINLATMA,35-04-K02316,KARSIYAKA,35,0,0,GONCALAR,0,0,0,0,0.0,0.169,0,0,0.0,0,0.0,0,0.0,0,0.0,27.10677207,38.46620766
922.565,0,5002369266,1,922.565,AYDINLATMA,35-04-M01181,KARSIYAKA,35,0,0,DEDEBASI,0,0,0,0,0.0,0.215,0,0,0.0,0,0.0,0,0.0,0,0.0,27.10469066,38.46883295
12181.8,0,5002369834,0,0.0,ORTA_TICARETHANE,35-09-M01387,CIGLI,35,0,0,SASALLI MERKEZ,0,0,1,0,0.0,8.5,0,0,0.0,0,0.0,1,12181.8,0,0.0,26.96467444,38.50310698
16.325,0,5002370006,0,0.0,KUCUK_TICARETHANE,35-09-M01950,CIGLI,35,0,0,MALTEPE,0,0,1,0,0.0,8.0,0,0,0.0,0,0.0,1,16.325,0,0.0,27.07407376,38.48984411
2457.462,0,5002371145,1,2457.462,AYDINLATMA,35-04-K03723,KARSIYAKA,35,0,0,BAHCELIEVLER,0,0,0,0,0.0,0.304,0,0,0.0,0,0.0,0,0.0,0,0.0,27.12552935,38.46549117
1353.769,0,5002371261,1,1353.769,AYDINLATMA,35-04-M01033,KARSIYAKA,35,0,0,BAHCELIEVLER,0,0,0,0,0.0,0.147,0,0,0.0,0,0.0,0,0.0,0,0.0,27.11712845,38.46642619
4235.001,0,5002371439,1,4235.001,AYDINLATMA,35-04-K03022,KARSIYAKA,35,0,0,YALI,0,0,0,0,0.0,1.036,0,0,0.0,0,0.0,0,0.0,0,0.0,27.08856428,38.47474177
1342.646,0,5002374145,0,0.0,KUCUK_TICARETHANE,35-04-M02425,KARSIYAKA,35,0,0,SEMIKLER,0,0,1,0,0.0,8.5,0,0,0.0,0,0.0,1,1342.646,0,0.0,27.10007656,38.47611442
997.242,0,5002375095,0,0.0,KUCUK_TICARETHANE,35-04-K01144,KARSIYAKA,35,0,0,INONU,0,0,1,0,0.0,5.0,0,0,0.0,0,0.0,1,997.242,0,0.0,27.10016564,38.48752427
1010.294,0,5002375626,0,0.0,KUCUK_TICARETHANE,35-04-K00244,KARSIYAKA,35,0,0,CUMHURIYET,0,0,1,0,0.0,5.0,0,0,0.0,0,0.0,1,1010.294,0,0.0,27.10234239,38.48019255
956.875,0,5002376365,0,0.0,KUCUK_TICARETHANE,35-04-K04171,KARSIYAKA,35,0,0,ZUBEYDE HANIM,0,0,1,0,0.0,5.0,0,0,0.0,0,0.0,1,956.875,0,0.0,27.11418184,38.49775663
1010.335,0,5002377037,0,0.0,KUCUK_TICARETHANE,35-04-K02323,KARSIYAKA,35,0,0,CUMHURIYET,0,0,1,0,0.0,5.0,0,0,0.0,0,0.0,1,1010.335,0,0.0,27.09897915,38.48066652
1014.576,0,5002377889,0,0.0,KUCUK_TICARETHANE,35-04-K01144,KARSIYAKA,35,0,0,INONU,0,0,1,0,0.0,5.0,0,0,0.0,0,0.0,1,1014.576,0,0.0,27.0997642,38.48781162
231.513,0,5002380575,0,0.0,KUCUK_TICARETHANE,35-04-M02326,KARSIYAKA,35,0,0,ORNEKKOY,0,0,1,0,0.0,8.5,0,0,0.0,0,0.0,1,231.513,0,0.0,27.11054615,38.47699866
41806.73,0,5002382096,0,0.0,ORTA_TICARETHANE,35-09-M00910,CIGLI,35,0,0,SASALLI MERKEZ,0,0,1,0,0.0,8.5,0,0,0.0,0,0.0,1,41806.73,0,0.0,26.96320138,38.50002736
884.131,0,5002382210,0,0.0,KUCUK_TICARETHANE,35-09-K01869,CIGLI,35,0,0,BALATCIK,0,0,1,0,0.0,7.9,0,0,0.0,0,0.0,1,884.131,0,0.0,27.04476988,38.50587538
3174.284,0,5002382710,1,3174.284,AYDINLATMA,35-09-M03035,CIGLI,35,0,0,IZKENT,0,0,0,0,0.0,1.0,0,0,0.0,0,0.0,0,0.0,0,0.0,27.0656828,38.5148367
38257.53,0,5002382733,1,38257.53,AYDINLATMA,35-09-K02341,CIGLI,35,0,0,ATASEHIR,0,0,0,0,0.0,9.576,0,0,0.0,0,0.0,0,0.0,0,0.0,27.05236142,38.49060428
4961.416,0,5002382734,1,4961.416,AYDINLATMA,35-09-M03033,CIGLI,35,0,0,IZKENT,0,0,0,0,0.0,1.243,0,0,0.0,0,0.0,0,0.0,0,0.0,27.06278074,38.51119268
7168.275,0,5002382743,1,7168.275,AYDINLATMA,35-09-K03330,CIGLI,35,0,0,ATASEHIR,0,0,0,0,0.0,1.873,0,0,0.0,0,0.0,0,0.0,0,0.0,27.06813726,38.48405572
7165.111,0,5002383149,0,0.0,KUCUK_TICARETHANE,35-09-K04579,CIGLI,35,0,0,ATATURK,0,0,1,0,0.0,5.0,0,0,0.0,0,0.0,1,7165.111,0,0.0,27.06405781,38.51833677
1262.324,0,5002383376,0,0.0,KUCUK_TICARETHANE,35-04-M01184,KARSIYAKA,35,0,0,FIKRI ALTAY,0,0,1,0,0.0,7.77,0,0,0.0,0,0.0,1,1262.324,0,0.0,27.10131984,38.47279158
5848.107,0,5002384624,0,0.0,KUCUK_TICARETHANE,35-04-K04619,KARSIYAKA,35,0,0,SEMIKLER,0,0,1,0,0.0,8.5,0,0,0.0,0,0.0,1,5848.107,0,0.0,27.09254796,38.47570075
2545.028,0,5002385056,0,0.0,KUCUK_TICARETHANE,35-04-M01038,KARSIYAKA,35,0,0,BOSTANLI,0,0,1,0,0.0,5.4,0,0,0.0,0,0.0,1,2545.028,0,0.0,27.10035568,38.46026839
3558.776,0,5002385149,0,0.0,KUCUK_TICARETHANE,35-04-M03260,KARSIYAKA,35,0,0,ORNEKKOY,0,0,2,1,2619.96,10.850000000000001,0,0,0.0,0,0.0,1,938.816,0,0.0,27.11225328,38.48351239
5575.866,0,5002385872,0,0.0,KUCUK_TICARETHANE,35-09-K03315,CIGLI,35,0,0,KUCUK CIGLI,0,0,1,0,0.0,8.5,0,0,0.0,0,0.0,1,5575.866,0,0.0,27.04842117,38.50619696
6777.232,0,5002389305,0,0.0,KUCUK_TICARETHANE,35-04-K03169,KARSIYAKA,35,0,0,AKSOY,0,0,1,0,0.0,8.5,0,0,0.0,0,0.0,1,6777.232,0,0.0,27.10739565,38.45326243
6260.102,0,5002391239,0,0.0,KUCUK_TICARETHANE,35-04-K00525,KARSIYAKA,35,0,0,BOSTANLI,0,0,1,0,0.0,7.9,0,0,0.0,0,0.0,1,6260.102,0,0.0,27.0944949,38.45726322
15365.22,0,5002391782,0,0.0,ORTA_TICARETHANE,35-04-M02663,KARSIYAKA,35,0,0,ORNEKKOY,0,0,1,0,0.0,8.16,0,0,0.0,0,0.0,1,15365.22,0,0.0,27.10603553,38.48113727
94339.44,0,5002393761,0,0.0,ORTA_TICARETHANE,35-09-M03325Ã–,CIGLI,35,0,0,HARMANDALI GAZI MUSTAFA KEMAL ATATURK,0,0,1,0,0.0,250.0,0,0,0.0,0,0.0,1,94339.44,0,0.0,27.0439066,38.53551105
8730.936,0,5002393786,0,0.0,KUCUK_TICARETHANE,35-04-K04689,KARSIYAKA,35,0,0,BOSTANLI,0,0,1,0,0.0,8.9,0,0,0.0,0,0.0,1,8730.936,0,0.0,27.09550207,38.45758871
4023.578,0,5002393949,0,0.0,KUCUK_TICARETHANE,35-09-M00255,CIGLI,35,0,0,KAKLIC,0,0,1,0,0.0,6.58,0,0,0.0,0,0.0,1,4023.578,0,0.0,26.98838044,38.5079997
25008.2,0,5002394001,0,0.0,ORTA_TICARETHANE,35-09-M00538,CIGLI,35,0,0,SASALLI MERKEZ,0,0,1,0,0.0,7.9,0,0,0.0,0,0.0,1,25008.2,0,0.0,26.94342285,38.50852814
15.002,0,5002394022,0,0.0,KUCUK_TICARETHANE,35-09-K01873,CIGLI,35,0,0,SIRINTEPE,0,0,1,0,0.0,8.0,0,0,0.0,0,0.0,1,15.002,0,0.0,27.07171751,38.49663924
4307.834,0,5002396953,0,0.0,KUCUK_TICARETHANE,35-04-K02875,KARSIYAKA,35,0,0,BAHCELIEVLER,0,0,1,0,0.0,8.5,0,0,0.0,0,0.0,1,4307.834,0,0.0,27.12219326,38.46753312
5166.39,0,5002396957,0,0.0,KUCUK_TICARETHANE,35-04-K01589,KARSIYAKA,35,0,0,BAHRIYE UCOK,0,0,1,0,0.0,7.9,0,0,0.0,0,0.0,1,5166.39,0,0.0,27.1104455,38.45820814
3779.535,0,5002397099,0,0.0,KUCUK_TICARETHANE,35-04-K00849,KARSIYAKA,35,0,0,BOSTANLI,0,0,1,0,0.0,8.5,0,0,0.0,0,0.0,1,3779.535,0,0.0,27.09565632,38.45925381
7258.511,0,5002397193,0,0.0,KUCUK_TICARETHANE,35-04-M01743,KARSIYAKA,35,0,0,YALI,0,0,1,0,0.0,5.0,0,0,0.0,0,0.0,1,7258.511,0,0.0,27.0905215,38.47315429
11685.01,0,5002397235,0,0.0,ORTA_TICARETHANE,35-04-K03776,KARSIYAKA,35,0,0,DEMIRKOPRU,0,0,1,0,0.0,8.5,0,0,0.0,0,0.0,1,11685.01,0,0.0,27.09922135,38.46847114
17938.87,0,5002397248,0,0.0,ORTA_TICARETHANE,35-09-M01460,CIGLI,35,0,0,HARMANDALI GAZI MUSTAFA KEMAL ATATURK,0,0,1,0,0.0,8.0,0,0,0.0,0,0.0,1,17938.87,0,0.0,27.04418967,38.53569934
2657.625,0,5002397275,0,0.0,KUCUK_TICARETHANE,35-04-K03724,KARSIYAKA,35,0,0,BAHRIYE UCOK,0,0,1,0,0.0,5.0,0,0,0.0,0,0.0,1,2657.625,0,0.0,27.1101248,38.46273657
3545.15,0,5002397298,0,0.0,KUCUK_TICARETHANE,35-04-K04246,KARSIYAKA,35,0,0,GONCALAR,0,0,1,0,0.0,5.0,0,0,0.0,0,0.0,1,3545.15,0,0.0,27.10417819,38.46394391
12631.614,0,5002397378,0,0.0,ORTA_TICARETHANE,35-04-K02760,KARSIYAKA,35,0,0,YALI,0,0,2,0,0.0,6.675,0,0,0.0,0,0.0,2,12631.614,0,0.0,27.08889824,38.47063054
12258.12,0,5002397991,0,0.0,ORTA_TICARETHANE,35-09-M01148,CIGLI,35,0,0,SASALLI MERKEZ,0,0,1,0,0.0,80.0,0,0,0.0,0,0.0,1,12258.12,0,0.0,26.94753002,38.49674439
1445.059,0,5002400458,0,0.0,KUCUK_TICARETHANE,35-04-K01141,KARSIYAKA,35,0,0,CUMHURIYET,0,0,1,0,0.0,6.2,0,0,0.0,0,0.0,1,1445.059,0,0.0,27.08761287,38.48344462
1600.945,0,5002401029,0,0.0,KUCUK_TICARETHANE,35-04-K04171,KARSIYAKA,35,0,0,ZUBEYDE HANIM,0,0,1,0,0.0,8.5,0,0,0.0,0,0.0,1,1600.945,0,0.0,27.11469895,38.49751162
7230.258,0,5002401429,0,0.0,KUCUK_TICARETHANE,35-04-K02316,KARSIYAKA,35,0,0,GONCALAR,0,0,1,0,0.0,7.9,0,0,0.0,0,0.0,1,7230.258,0,0.0,27.10832587,38.46523222
1018.375,0,5002402796,0,0.0,KUCUK_TICARETHANE,35-04-M01188,KARSIYAKA,35,0,0,DEDEBASI,0,0,1,0,0.0,5.0,0,0,0.0,0,0.0,1,1018.375,0,0.0,27.10268098,38.46847286
3896.512,0,5002402841,0,0.0,KUCUK_TICARETHANE,35-09-K01878,CIGLI,35,0,0,YENI MAHALLE,0,0,1,0,0.0,7.9,0,0,0.0,0,0.0,1,3896.512,0,0.0,27.05841628,38.49307865
15535.88,0,5002403417,0,0.0,ORTA_TICARETHANE,35-09-M00447,CIGLI,35,0,0,SASALLI MERKEZ,0,0,1,0,0.0,7.9,0,0,0.0,0,0.0,1,15535.88,0,0.0,26.95334268,38.5011001
4274.137,0,5002405298,0,0.0,KUCUK_TICARETHANE,35-04-K03850,KARSIYAKA,35,0,0,GONCALAR,0,0,1,0,0.0,8.5,0,0,0.0,0,0.0,1,4274.137,0,0.0,27.1086757,38.46637731
1886.587,0,5002405963,1,1886.587,AYDINLATMA,35-04-K00166,KARSIYAKA,35,0,0,BAHARIYE,0,0,0,0,0.0,0.63,0,0,0.0,0,0.0,0,0.0,0,0.0,27.12148978,38.46193278
2206.155,0,5002406613,0,0.0,KUCUK_TICARETHANE,35-04-K01450,KARSIYAKA,35,0,0,YALI,0,0,2,0,0.0,8.425,0,0,0.0,0,0.0,2,2206.155,0,0.0,27.08855291,38.46872628
849.109,0,5002406671,0,0.0,KUCUK_TICARETHANE,35-09-M00646,CIGLI,35,0,0,UGUR MUMCU,0,0,1,0,0.0,8.5,0,0,0.0,0,0.0,1,849.109,0,0.0,27.04942151,38.52415683
497.921,0,5002406683,0,0.0,KUCUK_TICARETHANE,35-09-K04282,CIGLI,35,0,0,KUCUK CIGLI,0,0,1,0,0.0,8.5,0,0,0.0,0,0.0,1,497.921,0,0.0,27.05653047,38.49793237
1919.027,0,5002406702,0,0.0,KUCUK_TICARETHANE,35-09-K01879,CIGLI,35,0,0,YENI MAHALLE,0,0,1,0,0.0,8.5,0,0,0.0,0,0.0,1,1919.027,0,0.0,27.05448374,38.49610559
305.793,0,5002406933,0,0.0,KUCUK_TICARETHANE,35-04-K01670,KARSIYAKA,35,0,0,ALAYBEY,0,0,1,0,0.0,8.5,0,0,0.0,0,0.0,1,305.793,0,0.0,27.12550162,38.45948577
1896.884,0,5002407625,0,0.0,KUCUK_TICARETHANE,35-09-K01878,CIGLI,35,0,0,YENI MAHALLE,0,0,1,0,0.0,5.4,0,0,0.0,0,0.0,1,1896.884,0,0.0,27.05399663,38.4933873
52.82,0,5002407648,0,0.0,KUCUK_TICARETHANE,35-04-K03385,KARSIYAKA,35,0,0,AKSOY,0,0,1,0,0.0,8.5,0,0,0.0,0,0.0,1,52.82,0,0.0,27.10854601,38.45183684
9536.424,0,5002407733,0,0.0,KUCUK_TICARETHANE,35-09-M02023,CIGLI,35,0,0,ESENTEPE,0,0,1,0,0.0,5.3,0,0,0.0,0,0.0,1,9536.424,0,0.0,27.05951368,38.51336822
11694.56,0,5002408052,0,0.0,ORTA_TICARETHANE,35-04-K03872,KARSIYAKA,35,0,0,SEMIKLER,0,0,1,0,0.0,200.0,0,0,0.0,0,0.0,1,11694.56,0,0.0,27.08773995,38.48257378
7752.83,0,5002408385,0,0.0,KUCUK_TICARETHANE,35-04-M02958,KARSIYAKA,35,0,0,BAHCELIEVLER,0,0,1,0,0.0,8.5,0,0,0.0,0,0.0,1,7752.83,0,0.0,27.11436162,38.46540232
12181.75,0,5002408725,0,0.0,ORTA_TICARETHANE,35-04-K00681,KARSIYAKA,35,0,0,DONANMACI,0,0,2,1,0.0,6.95,0,0,0.0,0,0.0,1,12181.75,0,0.0,27.11509819,38.4517997
305.807,0,5002408986,0,0.0,KUCUK_TICARETHANE,35-09-M01950,CIGLI,35,0,0,MALTEPE,0,0,1,0,0.0,8.0,0,0,0.0,0,0.0,1,305.807,0,0.0,27.07489561,38.48968861
606.692,0,5002409033,0,0.0,KUCUK_TICARETHANE,35-09-M00396,CIGLI,35,0,0,BALATCIK,0,0,1,0,0.0,5.4,0,0,0.0,0,0.0,1,606.692,0,0.0,27.04062255,38.5097579
3544.354,0,5002409114,0,0.0,KUCUK_TICARETHANE,35-04-M01039,KARSIYAKA,35,0,0,BOSTANLI,0,0,1,0,0.0,8.5,0,0,0.0,0,0.0,1,3544.354,0,0.0,27.10459228,38.4594692
2078.847,0,5002410776,0,0.0,KUCUK_TICARETHANE,35-04-M01305,KARSIYAKA,35,0,0,ORNEKKOY,0,0,1,0,0.0,8.5,0,0,0.0,0,0.0,1,2078.847,0,0.0,27.11384138,38.47737779
4885.538,0,5002410958,0,0.0,KUCUK_TICARETHANE,35-09-K04438,CIGLI,35,0,0,ATASEHIR,0,0,1,0,0.0,6.53,0,0,0.0,0,0.0,1,4885.538,0,0.0,27.06138262,38.49275542
24472.22,0,5002411827,0,0.0,ORTA_TICARETHANE,35-04-K00681,KARSIYAKA,35,0,0,DONANMACI,0,0,1,0,0.0,8.9,0,0,0.0,0,0.0,1,24472.22,0,0.0,27.11686562,38.45333444
15270.79,0,5002414133,0,0.0,ORTA_TICARETHANE,35-09-M01302,CIGLI,35,0,0,SASALLI MERKEZ,0,0,1,0,0.0,23.0,0,0,0.0,0,0.0,1,15270.79,0,0.0,26.96198898,38.50051192
3850.94,0,5002414328,0,0.0,KUCUK_TICARETHANE,35-04-M01040,KARSIYAKA,35,0,0,GONCALAR,0,0,1,0,0.0,5.0,0,0,0.0,0,0.0,1,3850.94,0,0.0,27.10782276,38.46291589
2243.785,0,5002419671,0,0.0,KUCUK_TICARETHANE,35-09-K04390,CIGLI,35,0,0,ATATURK,0,0,1,0,0.0,5.4,0,0,0.0,0,0.0,1,2243.785,0,0.0,27.06229719,38.51727298
3022.557,0,5002422869,0,0.0,KUCUK_TICARETHANE,35-04-M03252,KARSIYAKA,35,0,0,BOSTANLI,0,0,1,0,0.0,8.5,0,0,0.0,0,0.0,1,3022.557,0,0.0,27.09969985,38.46427543
3174.577,0,5002422992,0,0.0,KUCUK_TICARETHANE,35-04-K01091,KARSIYAKA,35,0,0,BOSTANLI,0,0,1,0,0.0,5.4,0,0,0.0,0,0.0,1,3174.577,0,0.0,27.10445512,38.4522056
2928.338,0,5002424051,0,0.0,KUCUK_TICARETHANE,35-04-K03082,KARSIYAKA,35,0,0,LATIFE HANIM,0,0,1,0,0.0,8.5,0,0,0.0,0,0.0,1,2928.338,0,0.0,27.11585937,38.48877027
1513.749,0,5002424053,0,0.0,KUCUK_TICARETHANE,35-04-K04689,KARSIYAKA,35,0,0,BOSTANLI,0,0,1,0,0.0,8.5,0,0,0.0,0,0.0,1,1513.749,0,0.0,27.09571884,38.45740419
2671.755,0,5002425876,0,0.0,KUCUK_TICARETHANE,35-09-K01873,CIGLI,35,0,0,SIRINTEPE,0,0,1,0,0.0,8.92,0,0,0.0,0,0.0,1,2671.755,0,0.0,27.07317958,38.49620828
12876.97,0,5002425883,0,0.0,ORTA_TICARETHANE,35-09-K01867,CIGLI,35,0,0,KUCUK CIGLI,0,0,1,0,0.0,47.0,0,0,0.0,0,0.0,1,12876.97,0,0.0,27.05244961,38.50379031
6725.005,0,5002425954,0,0.0,ORTA_TICARETHANE,35-09-M01387,CIGLI,35,0,0,SASALLI MERKEZ,0,0,1,0,0.0,35.0,0,0,0.0,0,0.0,1,6725.005,0,0.0,26.96401513,38.50573701
1508.0,0,5002427188,0,0.0,KUCUK_TICARETHANE,35-04-K00766,KARSIYAKA,35,0,0,BAHCELIEVLER,0,0,1,0,0.0,5.0,0,0,0.0,0,0.0,1,1508.0,0,0.0,27.12407774,38.46319452
4015.891,0,5002427339,0,0.0,KUCUK_TICARETHANE,35-04-M01184,KARSIYAKA,35,0,0,FIKRI ALTAY,0,0,1,0,0.0,5.5,0,0,0.0,0,0.0,1,4015.891,0,0.0,27.10220883,38.47447606
2208.877,0,5002428459,0,0.0,KUCUK_TICARETHANE,35-04-K03102,KARSIYAKA,35,0,0,TERSANE,0,0,1,0,0.0,5.0,0,0,0.0,0,0.0,1,2208.877,0,0.0,27.12452559,38.46215258
2968.585,0,5002430432,0,0.0,KUCUK_TICARETHANE,35-04-K01746,KARSIYAKA,35,0,0,DONANMACI,0,0,1,0,0.0,5.4,0,0,0.0,0,0.0,1,2968.585,0,0.0,27.11642559,38.45729784
162.756,0,5002431102,0,0.0,KUCUK_TICARETHANE,35-09-K03322,CIGLI,35,0,0,YENI MAHALLE,0,0,1,0,0.0,5.4,0,0,0.0,0,0.0,1,162.756,0,0.0,27.05241364,38.49731064
6732.611,0,5002436219,0,0.0,KUCUK_TICARETHANE,35-09-K03492,CIGLI,35,0,0,ATASEHIR,0,0,1,0,0.0,5.0,0,0,0.0,0,0.0,1,6732.611,0,0.0,27.0619077,38.48577947
1919.56,0,5002436356,0,0.0,KUCUK_TICARETHANE,35-04-K03214,KARSIYAKA,35,0,0,DEDEBASI,0,0,1,0,0.0,8.5,0,0,0.0,0,0.0,1,1919.56,0,0.0,27.10422434,38.47289541
320.485,0,5002436366,0,0.0,KUCUK_TICARETHANE,35-04-K03102,KARSIYAKA,35,0,0,TERSANE,0,0,1,0,0.0,5.0,0,0,0.0,0,0.0,1,320.485,0,0.0,27.12339409,38.46120074
2494.597,0,5002436408,0,0.0,KUCUK_TICARETHANE,35-09-M01308,CIGLI,35,0,0,AHMET EFENDI,0,0,1,0,0.0,7.9,0,0,0.0,0,0.0,1,2494.597,0,0.0,27.03884969,38.52045877
1994.085,0,5002436495,0,0.0,KUCUK_TICARETHANE,35-04-K00166,KARSIYAKA,35,0,0,ALAYBEY,0,0,1,0,0.0,5.5,0,0,0.0,0,0.0,1,1994.085,0,0.0,27.12133576,38.45984048
3824.89,0,5002436667,0,0.0,ORTA_TICARETHANE,35-04-M02444,KARSIYAKA,35,0,0,MAVISEHIR,0,0,1,0,0.0,16.03,0,0,0.0,0,0.0,1,3824.89,0,0.0,27.0662222,38.46997878
1696.503,0,5002439126,0,0.0,KUCUK_TICARETHANE,35-09-M00347,CIGLI,35,0,0,SASALLI MERKEZ,0,0,1,0,0.0,5.1,0,0,0.0,0,0.0,1,1696.503,0,0.0,26.94758063,38.49085205
175.186,0,5002439150,0,0.0,KUCUK_TICARETHANE,35-09-K01464,CIGLI,35,0,0,KUCUK CIGLI,0,0,1,0,0.0,5.4,0,0,0.0,0,0.0,1,175.186,0,0.0,27.05753385,38.50094328
8418.999,0,5002439589,0,0.0,KUCUK_TICARETHANE,35-09-M01460,CIGLI,35,0,0,HARMANDALI GAZI MUSTAFA KEMAL ATATURK,0,0,1,0,0.0,5.3,0,0,0.0,0,0.0,1,8418.999,0,0.0,27.04437938,38.53469359
1630.224,0,5002439924,0,0.0,KUCUK_TICARETHANE,35-04-K02940,KARSIYAKA,35,0,0,SEMIKLER,0,0,1,0,0.0,5.0,0,0,0.0,0,0.0,1,1630.224,0,0.0,27.09915272,38.4758318
3098.85,0,5002439977,0,0.0,KUCUK_TICARETHANE,35-04-M01442,KARSIYAKA,35,0,0,DEDEBASI,0,0,1,0,0.0,8.5,0,0,0.0,0,0.0,1,3098.85,0,0.0,27.10487236,38.47076789
8363.969,0,5002440529,0,0.0,KUCUK_TICARETHANE,35-04-K03074,KARSIYAKA,35,0,0,AKSOY,0,0,1,0,0.0,5.4,0,0,0.0,0,0.0,1,8363.969,0,0.0,27.10778624,38.45577323
12177.12,0,5002440875,0,0.0,ORTA_TICARETHANE,35-04-K01482,KARSIYAKA,35,0,0,SEMIKLER,0,0,1,0,0.0,8.3,0,0,0.0,0,0.0,1,12177.12,0,0.0,27.09641727,38.47393678
2948.16,0,5002441175,0,0.0,ORTA_TICARETHANE,35-09-M03422Ã–,CIGLI,35,0,0,KAKLIC,0,0,1,0,0.0,250.0,0,0,0.0,0,0.0,1,2948.16,0,0.0,26.99216538,38.51858326
3679.418,0,5002441723,0,0.0,KUCUK_TICARETHANE,35-04-K00191,KARSIYAKA,35,0,0,BOSTANLI,0,0,1,0,0.0,8.5,0,0,0.0,0,0.0,1,3679.418,0,0.0,27.09344328,38.4621855
7099.0,0,5002441752,0,0.0,KUCUK_TICARETHANE,35-04-M02326,KARSIYAKA,35,0,0,ORNEKKOY,0,0,1,0,0.0,5.0,0,0,0.0,0,0.0,1,7099.0,0,0.0,27.11012813,38.47768098
12949.519999999999,0,5002443405,0,0.0,ORTA_TICARETHANE,35-04-K04757,KARSIYAKA,35,0,0,LATIFE HANIM,0,0,2,0,0.0,8.84,0,0,0.0,0,0.0,2,12949.519999999999,0,0.0,27.12351451,38.49977081
3983.666,0,5002443481,0,0.0,KUCUK_TICARETHANE,35-04-K04757,KARSIYAKA,35,0,0,LATIFE HANIM,0,0,2,0,0.0,8.84,0,0,0.0,0,0.0,2,3983.666,0,0.0,27.12363102,38.49975366
3455.532,0,5002443486,0,0.0,KUCUK_TICARETHANE,35-04-K00930,KARSIYAKA,35,0,0,NERGIZ,0,0,1,0,0.0,5.3,0,0,0.0,0,0.0,1,3455.532,0,0.0,27.10725595,38.45875214
41457.997,0,5002443555,0,0.0,ORTA_TICARETHANE,35-09-K03312,CIGLI,35,0,0,YENI MAHALLE,0,0,21,12,24799.63,14.316666666666666,0,0,0.0,0,0.0,9,16658.367,0,0.0,27.05109569,38.49534065
2876.402,0,5002443706,0,0.0,KUCUK_TICARETHANE,35-09-M00625,CIGLI,35,0,0,AHMET EFENDI,0,0,1,0,0.0,7.9,0,0,0.0,0,0.0,1,2876.402,0,0.0,27.04070021,38.5205916
1111.125,0,5002443750,0,0.0,KUCUK_TICARETHANE,35-04-K00037,KARSIYAKA,35,0,0,TERSANE,0,0,1,0,0.0,5.0,0,0,0.0,0,0.0,1,1111.125,0,0.0,27.1277781,38.46242211
3706.21,0,5002444382,0,0.0,KUCUK_TICARETHANE,35-04-M01676,KARSIYAKA,35,0,0,SEMIKLER,0,0,1,0,0.0,5.0,0,0,0.0,0,0.0,1,3706.21,0,0.0,27.08773656,38.47874505
5565.106,0,5002444765,0,0.0,KUCUK_TICARETHANE,35-04-M01892,KARSIYAKA,35,0,0,YALI,0,0,1,0,0.0,5.0,0,0,0.0,0,0.0,1,5565.106,0,0.0,27.08530913,38.47304542
42994.47,0,5002445707,0,0.0,ORTA_TICARETHANE,35-04-K04756,KARSIYAKA,35,0,0,LATIFE HANIM,0,0,1,0,0.0,80.08,0,0,0.0,0,0.0,1,42994.47,0,0.0,27.12336626,38.49963286
43794.36,0,5002446851,0,0.0,ORTA_TICARETHANE,35-09-M00932,CIGLI,35,0,0,SASALLI MERKEZ,0,0,1,0,0.0,8.5,0,0,0.0,0,0.0,1,43794.36,0,0.0,26.95653801,38.50269446
2258.939,0,5002446859,0,0.0,KUCUK_TICARETHANE,35-04-K04709,KARSIYAKA,35,0,0,SEMIKLER,0,0,1,0,0.0,8.5,0,0,0.0,0,0.0,1,2258.939,0,0.0,27.09859884,38.4712743
3737.841,0,5002447529,0,0.0,KUCUK_TICARETHANE,35-04-K00489,KARSIYAKA,35,0,0,BAHRIYE UCOK,0,0,1,0,0.0,5.0,0,0,0.0,0,0.0,1,3737.841,0,0.0,27.11134574,38.45794626
385.047,0,5002447634,0,0.0,KUCUK_TICARETHANE,35-09-K03313,CIGLI,35,0,0,YENI MAHALLE,0,0,1,0,0.0,5.0,0,0,0.0,0,0.0,1,385.047,0,0.0,27.05073331,38.49411457
5548.159,0,5002448545,0,0.0,KUCUK_TICARETHANE,35-04-K01450,KARSIYAKA,35,0,0,YALI,0,0,1,0,0.0,8.5,0,0,0.0,0,0.0,1,5548.159,0,0.0,27.08874108,38.46807633
3152.276,0,5002448597,0,0.0,KUCUK_TICARETHANE,35-04-M01037,KARSIYAKA,35,0,0,BOSTANLI,0,0,1,0,0.0,8.5,0,0,0.0,0,0.0,1,3152.276,0,0.0,27.09888551,38.46013185
1074.067,0,5002448814,0,0.0,KUCUK_TICARETHANE,35-09-M00347,CIGLI,35,0,0,SASALLI MERKEZ,0,0,1,0,0.0,8.0,0,0,0.0,0,0.0,1,1074.067,0,0.0,26.9474451,38.49083329
8188.333,0,5002449616,0,0.0,ORTA_TICARETHANE,35-09-K01867,CIGLI,35,0,0,KUCUK CIGLI,0,0,1,0,0.0,20.0,0,0,0.0,0,0.0,1,8188.333,0,0.0,27.05390246,38.50472822
666.332,0,5002451265,0,0.0,KUCUK_TICARETHANE,35-09-K01863,CIGLI,35,0,0,YENI MAHALLE,0,0,1,0,0.0,7.9,0,0,0.0,0,0.0,1,666.332,0,0.0,27.05394093,38.49669143
2877.788,0,5002451289,0,0.0,KUCUK_TICARETHANE,35-09-M00626,CIGLI,35,0,0,UGUR MUMCU,0,0,1,0,0.0,5.4,0,0,0.0,0,0.0,1,2877.788,0,0.0,27.04453412,38.52291582
10668.68,0,5002451299,0,0.0,ORTA_TICARETHANE,35-09-M01932,CIGLI,35,0,0,BALATCIK,0,0,1,0,0.0,8.5,0,0,0.0,0,0.0,1,10668.68,0,0.0,27.04126938,38.50956875
681.983,0,5002451881,1,681.983,AYDINLATMA,,KARSIYAKA,35,0,0,DEMIRKOPRU,0,0,0,0,0.0,0.3,0,0,0.0,0,0.0,0,0.0,0,0.0,27.10123941,38.46745303
2330.039,0,5002452259,1,2330.039,AYDINLATMA,35-09-K01480,CIGLI,35,0,0,YAKAKENT,0,0,0,0,0.0,2.4,0,0,0.0,0,0.0,0,0.0,0,0.0,27.07153431,38.50214876
1374.068,0,5002452260,1,1374.068,AYDINLATMA,35-09-M01979,CIGLI,35,0,0,EGEKENT,0,0,0,0,0.0,0.8,0,0,0.0,0,0.0,0,0.0,0,0.0,27.06146945,38.50302882
13653.81,0,5002452262,1,13653.81,AYDINLATMA,35-09-K02792,CIGLI,35,0,0,EVKA - 6,0,0,0,0,0.0,4.6,0,0,0.0,0,0.0,0,0.0,0,0.0,27.08933575,38.50322112
6840.712,0,5002452263,1,6840.712,AYDINLATMA,35-09-K01464,CIGLI,35,0,0,KUCUK CIGLI,0,0,0,0,0.0,1.668,0,0,0.0,0,0.0,0,0.0,0,0.0,27.05808939,38.50043676
6788.543,0,5002452264,1,6788.543,AYDINLATMA,35-09-M01985,CIGLI,35,0,0,AHMET TANER KISLALI,0,0,0,0,0.0,4.0,0,0,0.0,0,0.0,0,0.0,0,0.0,27.0876354,38.49610373
3362.118,0,5002452265,1,3362.118,AYDINLATMA,35-09-M02464,CIGLI,35,0,0,YENI MAHALLE,0,0,0,0,0.0,0.874,0,0,0.0,0,0.0,0,0.0,0,0.0,27.051599,38.457088
1709.287,0,5002452270,1,1709.287,AYDINLATMA,35-09-K01006,CIGLI,35,0,0,AYDINLIKEVLER,0,0,0,0,0.0,0.56,0,0,0.0,0,0.0,0,0.0,0,0.0,27.08328721,38.48749453
12535.92,0,5002452271,1,12535.92,AYDINLATMA,35-09-M01974,CIGLI,35,0,0,AHMET TANER KISLALI,0,0,0,0,0.0,2.5,0,0,0.0,0,0.0,0,0.0,0,0.0,27.08304702,38.49652498
54579.27,0,5002453971,0,0.0,ORTA_TICARETHANE,35-04-K04985Ã–,KARSIYAKA,35,0,0,ZUBEYDE HANIM,0,0,1,0,0.0,115.0,0,0,0.0,0,0.0,1,54579.27,0,0.0,27.11355666,38.50423051
3353.74,0,5002454183,0,0.0,KUCUK_TICARETHANE,35-04-K03109,KARSIYAKA,35,0,0,ALAYBEY,0,0,1,0,0.0,5.0,0,0,0.0,0,0.0,1,3353.74,0,0.0,27.12462663,38.45778373
1750.883,0,5002454390,0,0.0,KUCUK_TICARETHANE,35-09-K01464,CIGLI,35,0,0,KUCUK CIGLI,0,0,1,0,0.0,8.5,0,0,0.0,0,0.0,1,1750.883,0,0.0,27.05814988,38.49906738
9618.204,0,5002457051,0,0.0,KUCUK_TICARETHANE,35-04-K01735,KARSIYAKA,35,0,0,DEDEBASI,0,0,1,0,0.0,5.28,0,0,0.0,0,0.0,1,9618.204,0,0.0,27.10820339,38.47177666
21.149,0,5002457462,0,0.0,KUCUK_TICARETHANE,35-09-M02088,CIGLI,35,0,0,BALATCIK,0,0,1,0,0.0,7.9,0,0,0.0,0,0.0,1,21.149,0,0.0,27.04065283,38.50713486
168.697,0,5002457464,0,0.0,KUCUK_TICARETHANE,35-09-K01865,CIGLI,35,0,0,KUCUK CIGLI,0,0,1,0,0.0,5.0,0,0,0.0,0,0.0,1,168.697,0,0.0,27.05987876,38.49838343
4094.764,0,5002460144,0,0.0,KUCUK_TICARETHANE,35-04-M03251,KARSIYAKA,35,0,0,AKSOY,0,0,1,0,0.0,8.5,0,0,0.0,0,0.0,1,4094.764,0,0.0,27.10713113,38.45682592
4383.387,0,5002461888,0,0.0,KUCUK_TICARETHANE,35-09-K01869,CIGLI,35,0,0,BALATCIK,0,0,1,0,0.0,5.3,0,0,0.0,0,0.0,1,4383.387,0,0.0,27.04420103,38.50487507
10010.29,0,5002463118,0,0.0,ORTA_TICARETHANE,35-09-M00212,CIGLI,35,0,0,INONU,0,0,1,0,0.0,8.5,0,0,0.0,0,0.0,1,10010.29,0,0.0,27.04643416,38.52970526
340.123,0,5002463126,0,0.0,KUCUK_TICARETHANE,35-09-M00396,CIGLI,35,0,0,BALATCIK,0,0,1,0,0.0,8.5,0,0,0.0,0,0.0,1,340.123,0,0.0,27.04122879,38.50815786
25986.63,0,5002464728,0,0.0,ORTA_TICARETHANE,35-04-K01051,KARSIYAKA,35,0,0,BAHRIYE UCOK,0,0,1,0,0.0,68.882,0,0,0.0,0,0.0,1,25986.63,0,0.0,27.11223137,38.46396885
5941.915,0,5002464861,0,0.0,KUCUK_TICARETHANE,35-09-K01865,CIGLI,35,0,0,KUCUK CIGLI,0,0,1,0,0.0,5.0,0,0,0.0,0,0.0,1,5941.915,0,0.0,27.05969757,38.4976942
3215.804,0,5002465040,0,0.0,KUCUK_TICARETHANE,35-04-K03184,KARSIYAKA,35,0,0,BOSTANLI,0,0,1,0,0.0,8.5,0,0,0.0,0,0.0,1,3215.804,0,0.0,27.09281819,38.46037955
7801.981,0,5002467226,0,0.0,KUCUK_TICARETHANE,35-04-M01040,KARSIYAKA,35,0,0,GONCALAR,0,0,1,0,0.0,5.3,0,0,0.0,0,0.0,1,7801.981,0,0.0,27.10793128,38.46237311
3317.626,0,5002467590,0,0.0,KUCUK_TICARETHANE,35-04-K04641,KARSIYAKA,35,0,0,BOSTANLI,0,0,1,0,0.0,5.3,0,0,0.0,0,0.0,1,3317.626,0,0.0,27.10105297,38.45724559
12660.67,0,5002467917,1,12660.67,AYDINLATMA,35-04-M01873,KARSIYAKA,35,0,0,CUMHURIYET,0,0,0,0,0.0,3.056,0,0,0.0,0,0.0,0,0.0,0,0.0,27.09165373,38.48289627
4114.978,0,5002468640,0,0.0,KUCUK_TICARETHANE,35-04-M02425,KARSIYAKA,35,0,0,SEMIKLER,0,0,1,0,0.0,8.5,0,0,0.0,0,0.0,1,4114.978,0,0.0,27.10011193,38.47608933
2198.301,0,5002469057,0,0.0,KUCUK_TICARETHANE,35-04-K03185,KARSIYAKA,35,0,0,DONANMACI,0,0,1,0,0.0,7.5,0,0,0.0,0,0.0,1,2198.301,0,0.0,27.11418804,38.45414147
705.263,0,5002471072,0,0.0,KUCUK_TICARETHANE,35-09-K01879,CIGLI,35,0,0,YENI MAHALLE,0,0,1,0,0.0,8.5,0,0,0.0,0,0.0,1,705.263,0,0.0,27.05520727,38.49600499
5930.26,0,5002471181,0,0.0,KUCUK_TICARETHANE,35-09-K04020,CIGLI,35,0,0,YENI MAHALLE,0,0,1,0,0.0,8.2,0,0,0.0,0,0.0,1,5930.26,0,0.0,27.05718157,38.49385622
2722.658,0,5002473799,0,0.0,KUCUK_TICARETHANE,35-04-K00166,KARSIYAKA,35,0,0,BAHARIYE,0,0,1,0,0.0,7.9,0,0,0.0,0,0.0,1,2722.658,0,0.0,27.1215443,38.46167966
318.1,0,5002473875,0,0.0,ORTA_TICARETHANE,35-09-M01683,CIGLI,35,0,0,INONU,0,0,1,0,0.0,120.0,0,0,0.0,0,0.0,1,318.1,0,0.0,27.04086489,38.53171968
2492.596,0,5002474151,0,0.0,KUCUK_TICARETHANE,35-04-K00053,KARSIYAKA,35,0,0,BOSTANLI,0,0,1,0,0.0,8.5,0,0,0.0,0,0.0,1,2492.596,0,0.0,27.10391196,38.45348281
3523.543,0,5002474153,0,0.0,KUCUK_TICARETHANE,35-04-K00525,KARSIYAKA,35,0,0,BOSTANLI,0,0,1,0,0.0,8.5,0,0,0.0,0,0.0,1,3523.543,0,0.0,27.09459652,38.45750674
3118.342,0,5002474737,0,0.0,KUCUK_TICARETHANE,35-04-K04171,KARSIYAKA,35,0,0,ZUBEYDE HANIM,0,0,1,0,0.0,5.0,0,0,0.0,0,0.0,1,3118.342,0,0.0,27.1126309,38.4969371
7776.1,0,5002474767,0,0.0,KUCUK_TICARETHANE,35-04-K00807,KARSIYAKA,35,0,0,BAHRIYE UCOK,0,0,1,0,0.0,8.5,0,0,0.0,0,0.0,1,7776.1,0,0.0,27.10771516,38.45970248
194.807,0,5002476535,0,0.0,KUCUK_TICARETHANE,35-09-M01145,CIGLI,35,0,0,KAKLIC,0,0,1,0,0.0,5.54,0,0,0.0,0,0.0,1,194.807,0,0.0,26.99308489,38.50379952
1223.291,0,5002476555,0,0.0,KUCUK_TICARETHANE,35-09-M02465,CIGLI,35,0,0,KUCUK CIGLI,0,0,1,0,0.0,5.4,0,0,0.0,0,0.0,1,1223.291,0,0.0,27.04644374,38.50325113
524.686,0,5002476559,0,0.0,KUCUK_TICARETHANE,35-04-K00294,KARSIYAKA,35,0,0,BAHCELIEVLER,0,0,1,0,0.0,8.5,0,0,0.0,0,0.0,1,524.686,0,0.0,27.12250634,38.46484943
3455.483,0,5002476561,0,0.0,KUCUK_TICARETHANE,35-04-K00706,KARSIYAKA,35,0,0,NERGIZ,0,0,1,0,0.0,8.5,0,0,0.0,0,0.0,1,3455.483,0,0.0,27.1067563,38.46030394
3701.748,0,5002476588,0,0.0,KUCUK_TICARETHANE,35-04-K02940,KARSIYAKA,35,0,0,SEMIKLER,0,0,1,0,0.0,7.9,0,0,0.0,0,0.0,1,3701.748,0,0.0,27.09706899,38.47632523
5289.757,0,5002476773,0,0.0,KUCUK_TICARETHANE,35-09-K01887,CIGLI,35,0,0,ATASEHIR,0,0,1,0,0.0,8.5,0,0,0.0,0,0.0,1,5289.757,0,0.0,27.07216432,38.48801117
2217.783,0,5002478707,0,0.0,KUCUK_TICARETHANE,35-09-M00220,CIGLI,35,0,0,INONU,0,0,1,0,0.0,8.5,0,0,0.0,0,0.0,1,2217.783,0,0.0,27.04492722,38.52953858
2886.004,0,5002478713,0,0.0,KUCUK_TICARETHANE,35-09-M02549,CIGLI,35,0,0,KUCUK CIGLI,0,0,1,0,0.0,8.0,0,0,0.0,0,0.0,1,2886.004,0,0.0,27.04323044,38.50267696
798.447,0,5002479777,0,0.0,KUCUK_TICARETHANE,35-09-M02098,CIGLI,35,0,0,KAKLIC,0,0,1,0,0.0,5.3,0,0,0.0,0,0.0,1,798.447,0,0.0,26.99514489,38.50346917
3095.371,0,5002479780,0,0.0,KUCUK_TICARETHANE,35-09-K03320,CIGLI,35,0,0,AYDINLIKEVLER,0,0,1,0,0.0,8.5,0,0,0.0,0,0.0,1,3095.371,0,0.0,27.07894334,38.49046943
2121.455,0,5002479782,0,0.0,KUCUK_TICARETHANE,35-04-K00817,KARSIYAKA,35,0,0,YALI,0,0,1,0,0.0,8.5,0,0,0.0,0,0.0,1,2121.455,0,0.0,27.09146417,38.46577068
1401.856,0,5002479814,0,0.0,KUCUK_TICARETHANE,35-04-K03849,KARSIYAKA,35,0,0,GONCALAR,0,0,1,0,0.0,8.5,0,0,0.0,0,0.0,1,1401.856,0,0.0,27.10676805,38.4627712
11658.75,0,5002479949,0,0.0,ORTA_TICARETHANE,35-09-M01148,CIGLI,35,0,0,SASALLI MERKEZ,0,0,1,0,0.0,90.0,0,0,0.0,0,0.0,1,11658.75,0,0.0,26.94763332,38.4990579
9813.018,0,5002483151,0,0.0,KUCUK_TICARETHANE,35-04-M01178,KARSIYAKA,35,0,0,YALI,0,0,1,0,0.0,7.9,0,0,0.0,0,0.0,1,9813.018,0,0.0,27.08873633,38.47013574
5351.911,0,5002483450,0,0.0,KUCUK_TICARETHANE,35-09-M02088,CIGLI,35,0,0,BALATCIK,0,0,1,0,0.0,5.4,0,0,0.0,0,0.0,1,5351.911,0,0.0,27.04032293,38.50708036
2447.716,0,5002483787,0,0.0,KUCUK_TICARETHANE,35-09-K04020,CIGLI,35,0,0,YENI MAHALLE,0,0,1,0,0.0,8.5,0,0,0.0,0,0.0,1,2447.716,0,0.0,27.0574163,38.49352189
3753.14,0,5002486856,0,0.0,KUCUK_TICARETHANE,35-04-K02376,KARSIYAKA,35,0,0,ORNEKKOY,0,0,1,0,0.0,8.5,0,0,0.0,0,0.0,1,3753.14,0,0.0,27.10475626,38.48539674
1474.753,0,5002487082,0,0.0,KUCUK_TICARETHANE,35-04-K01422,KARSIYAKA,35,0,0,DEMIRKOPRU,0,0,1,0,0.0,5.3,0,0,0.0,0,0.0,1,1474.753,0,0.0,27.09748494,38.46775007
1880.606,0,5002487820,0,0.0,KUCUK_TICARETHANE,35-09-K01879,CIGLI,35,0,0,YENI MAHALLE,0,0,1,0,0.0,8.0,0,0,0.0,0,0.0,1,1880.606,0,0.0,27.05370328,38.49601991
983.241,0,5002487864,0,0.0,KUCUK_TICARETHANE,35-04-K03723,KARSIYAKA,35,0,0,BAHCELIEVLER,0,0,1,0,0.0,8.5,0,0,0.0,0,0.0,1,983.241,0,0.0,27.12349333,38.46431151
7837.928,0,5002491031,0,0.0,KUCUK_TICARETHANE,35-09-K04124,CIGLI,35,0,0,AYDINLIKEVLER,0,0,1,0,0.0,8.2,0,0,0.0,0,0.0,1,7837.928,0,0.0,27.08165827,38.49098035
3549.921,0,5002491171,0,0.0,KUCUK_TICARETHANE,35-04-M02777,KARSIYAKA,35,0,0,BOSTANLI,0,0,1,0,0.0,5.0,0,0,0.0,0,0.0,1,3549.921,0,0.0,27.09880695,38.45991225
3239.117,0,5002491219,0,0.0,KUCUK_TICARETHANE,35-04-K02447,KARSIYAKA,35,0,0,ZUBEYDE HANIM,0,0,1,0,0.0,8.3,0,0,0.0,0,0.0,1,3239.117,0,0.0,27.1114643,38.49056953
1798.842,0,5002491246,0,0.0,KUCUK_TICARETHANE,35-09-K01875,CIGLI,35,0,0,SIRINTEPE,0,0,1,0,0.0,8.5,0,0,0.0,0,0.0,1,1798.842,0,0.0,27.0658903,38.49325153
7394.638,0,5002491832,0,0.0,KUCUK_TICARETHANE,35-04-K00277,KARSIYAKA,35,0,0,AKSOY,0,0,1,0,0.0,5.4,0,0,0.0,0,0.0,1,7394.638,0,0.0,27.10626572,38.45387965
3212.338,0,5002491906,0,0.0,KUCUK_TICARETHANE,35-04-M01184,KARSIYAKA,35,0,0,FIKRI ALTAY,0,0,1,0,0.0,5.3,0,0,0.0,0,0.0,1,3212.338,0,0.0,27.10144458,38.47392889
1604.184,0,5002492334,0,0.0,KUCUK_TICARETHANE,35-04-K03776,KARSIYAKA,35,0,0,DEMIRKOPRU,0,0,1,0,0.0,8.5,0,0,0.0,0,0.0,1,1604.184,0,0.0,27.09942792,38.46740628
31291.92,0,5002492765,0,0.0,ORTA_TICARETHANE,35-09-M01979,CIGLI,35,0,0,EGEKENT,0,0,1,0,0.0,102.449,0,0,0.0,0,0.0,1,31291.92,0,0.0,27.06275079,38.50170222
4931.31,0,5002493438,0,0.0,KUCUK_TICARETHANE,35-09-K03320,CIGLI,35,0,0,AYDINLIKEVLER,0,0,1,0,0.0,7.9,0,0,0.0,0,0.0,1,4931.31,0,0.0,27.08073359,38.49188107
2393.373,0,5002493737,0,0.0,KUCUK_TICARETHANE,35-04-K03074,KARSIYAKA,35,0,0,AKSOY,0,0,1,0,0.0,8.5,0,0,0.0,0,0.0,1,2393.373,0,0.0,27.10860149,38.45478286
7484.035,0,5002494073,1,7484.035,AYDINLATMA,35-09-K04390,CIGLI,35,0,0,ATATURK,0,0,0,0,0.0,13.054,0,0,0.0,0,0.0,0,0.0,0,0.0,27.06116693,38.51791101
3763.214,0,5002496917,0,0.0,KUCUK_TICARETHANE,35-09-M02023,CIGLI,35,0,0,ESENTEPE,0,0,1,0,0.0,7.9,0,0,0.0,0,0.0,1,3763.214,0,0.0,27.06160206,38.51185291
136.011,0,5002496923,0,0.0,KUCUK_TICARETHANE,35-04-K04503,KARSIYAKA,35,0,0,ZUBEYDE HANIM,0,0,1,0,0.0,5.0,0,0,0.0,0,0.0,1,136.011,0,0.0,27.11363699,38.49222067
1185.146,0,5002496952,0,0.0,KUCUK_TICARETHANE,35-04-K03082,KARSIYAKA,35,0,0,LATIFE HANIM,0,0,1,0,0.0,5.0,0,0,0.0,0,0.0,1,1185.146,0,0.0,27.11648119,38.49003178
1370.635,0,5002497041,0,0.0,KUCUK_TICARETHANE,35-04-K03082,KARSIYAKA,35,0,0,LATIFE HANIM,0,0,1,0,0.0,5.0,0,0,0.0,0,0.0,1,1370.635,0,0.0,27.11666166,38.48931942
1555.613,0,5002497088,0,0.0,KUCUK_TICARETHANE,35-04-K03082,KARSIYAKA,35,0,0,LATIFE HANIM,0,0,1,0,0.0,5.0,0,0,0.0,0,0.0,1,1555.613,0,0.0,27.11677786,38.48992119
426.235,0,5002497101,0,0.0,KUCUK_TICARETHANE,35-04-K04503,KARSIYAKA,35,0,0,ZUBEYDE HANIM,0,0,1,0,0.0,5.0,0,0,0.0,0,0.0,1,426.235,0,0.0,27.11459827,38.49130078
1117.655,0,5002497127,0,0.0,KUCUK_TICARETHANE,35-04-K04477,KARSIYAKA,35,0,0,LATIFE HANIM,0,0,1,0,0.0,5.0,0,0,0.0,0,0.0,1,1117.655,0,0.0,27.11778904,38.49259725
3581.26,0,5002499329,0,0.0,KUCUK_TICARETHANE,35-04-K01664,KARSIYAKA,35,0,0,SEMIKLER,0,0,1,0,0.0,5.0,0,0,0.0,0,0.0,1,3581.26,0,0.0,27.08732891,38.48081546
31662.38,0,5002499793,0,0.0,ORTA_TICARETHANE,35-09-M01346,CIGLI,35,0,0,SASALLI MERKEZ,0,0,1,0,0.0,8.5,0,0,0.0,0,0.0,1,31662.38,0,0.0,26.95603616,38.50175432
5911.816,0,5002500671,0,0.0,KUCUK_TICARETHANE,35-04-K03185,KARSIYAKA,35,0,0,DONANMACI,0,0,1,0,0.0,8.5,0,0,0.0,0,0.0,1,5911.816,0,0.0,27.11427559,38.45282548
8395.372,0,5002515088,0,0.0,KUCUK_TICARETHANE,35-09-M02091,CIGLI,35,0,0,BALATCIK,0,0,1,0,0.0,5.4,0,0,0.0,0,0.0,1,8395.372,0,0.0,27.03857659,38.51526629
911.841,0,5002515824,0,0.0,KUCUK_TICARETHANE,35-09-M00219,CIGLI,35,0,0,INONU,0,0,1,0,0.0,8.0,0,0,0.0,0,0.0,1,911.841,0,0.0,27.05057624,38.53022308
535.46,0,5002515849,0,0.0,KUCUK_TICARETHANE,35-09-M02549,CIGLI,35,0,0,KUCUK CIGLI,0,0,1,0,0.0,8.0,0,0,0.0,0,0.0,1,535.46,0,0.0,27.0439595,38.50257137
2810.918,0,5002515861,0,0.0,KUCUK_TICARETHANE,35-04-M01150,KARSIYAKA,35,0,0,ORNEKKOY,0,0,1,0,0.0,8.4,0,0,0.0,0,0.0,1,2810.918,0,0.0,27.11244123,38.48088106
270.706,0,5002517545,0,0.0,KUCUK_TICARETHANE,35-09-M01145,CIGLI,35,0,0,KAKLIC,0,0,1,0,0.0,6.76,0,0,0.0,0,0.0,1,270.706,0,0.0,26.99282787,38.50439635
989.098,0,5002517626,0,0.0,KUCUK_TICARETHANE,35-04-K03849,KARSIYAKA,35,0,0,NERGIZ,0,0,1,0,0.0,5.0,0,0,0.0,0,0.0,1,989.098,0,0.0,27.10695552,38.4624156
3826.768,0,5002517709,1,3826.768,AYDINLATMA,35-09-M02390,CIGLI,35,0,0,BALATCIK,0,0,0,0,0.0,0.8,0,0,0.0,0,0.0,0,0.0,0,0.0,27.044,38.50726
3620.861,0,5002517715,1,3620.861,AYDINLATMA,35-09-K02793,CIGLI,35,0,0,EVKA - 2,0,0,0,0,0.0,0.8,0,0,0.0,0,0.0,0,0.0,0,0.0,27.08841,38.50252
1433.126,0,5002519225,1,1433.126,AYDINLATMA,35-04-M01442,KARSIYAKA,35,0,0,DEDEBASI,0,0,0,0,0.0,5.0,0,0,0.0,0,0.0,0,0.0,0,0.0,27.10399222,38.47009362
742.208,0,5002519625,0,0.0,KUCUK_TICARETHANE,35-04-K03148,KARSIYAKA,35,0,0,DEMIRKOPRU,0,0,1,0,0.0,5.4,0,0,0.0,0,0.0,1,742.208,0,0.0,27.10106942,38.46919818
4651.905,0,5002520040,0,0.0,KUCUK_TICARETHANE,35-04-M01755,KARSIYAKA,35,0,0,IMBATLI,0,0,1,0,0.0,8.5,0,0,0.0,0,0.0,1,4651.905,0,0.0,27.10890066,38.47546724
2692.689,0,5002524941,0,0.0,KUCUK_TICARETHANE,35-04-K00282,KARSIYAKA,35,0,0,AKSOY,0,0,1,0,0.0,8.5,0,0,0.0,0,0.0,1,2692.689,0,0.0,27.11106288,38.45505656
2281.596,0,5002524945,0,0.0,KUCUK_TICARETHANE,35-04-K03184,KARSIYAKA,35,0,0,BOSTANLI,0,0,1,0,0.0,8.3,0,0,0.0,0,0.0,1,2281.596,0,0.0,27.0924676,38.45988624
3184.521,0,5002524968,0,0.0,KUCUK_TICARETHANE,35-04-K03074,KARSIYAKA,35,0,0,AKSOY,0,0,1,0,0.0,8.5,0,0,0.0,0,0.0,1,3184.521,0,0.0,27.10907368,38.45671196
3302.544,0,5002525328,0,0.0,KUCUK_TICARETHANE,35-09-M00256,CIGLI,35,0,0,KAKLIC,0,0,1,0,0.0,8.35,0,0,0.0,0,0.0,1,3302.544,0,0.0,26.99000434,38.51013467
2560.092,0,5002528401,0,0.0,ORTA_TICARETHANE,35-09-M01346,CIGLI,35,0,0,SASALLI MERKEZ,0,0,1,0,0.0,25.0,0,0,0.0,0,0.0,1,2560.092,0,0.0,26.95952395,38.5022424
1506.882,0,5002528405,0,0.0,KUCUK_TICARETHANE,35-09-K03322,CIGLI,35,0,0,YENI MAHALLE,0,0,1,0,0.0,8.0,0,0,0.0,0,0.0,1,1506.882,0,0.0,27.05168691,38.49720356
578.239,0,5002528696,0,0.0,KUCUK_TICARETHANE,35-09-K01874,CIGLI,35,0,0,YAKAKENT,0,0,1,0,0.0,5.0,0,0,0.0,0,0.0,1,578.239,0,0.0,27.07597127,38.50251015
3175.112,0,5002529638,0,0.0,KUCUK_TICARETHANE,35-09-M00347,CIGLI,35,0,0,SASALLI MERKEZ,0,0,1,0,0.0,5.0,0,0,0.0,0,0.0,1,3175.112,0,0.0,26.94754274,38.49191978
6197.7,0,5002529645,0,0.0,KUCUK_TICARETHANE,35-09-K02341,CIGLI,35,0,0,ATASEHIR,0,0,1,0,0.0,5.0,0,0,0.0,0,0.0,1,6197.7,0,0.0,27.05371785,38.48895541
1343.661,0,5002529709,0,0.0,KUCUK_TICARETHANE,35-09-K01464,CIGLI,35,0,0,KUCUK CIGLI,0,0,1,0,0.0,8.5,0,0,0.0,0,0.0,1,1343.661,0,0.0,27.05958297,38.4992508
11495.52,0,5002530085,1,11495.52,AYDINLATMA,35-04-M02025,KARSIYAKA,35,0,0,ORNEKKOY,0,0,0,0,0.0,3.223,0,0,0.0,0,0.0,0,0.0,0,0.0,27.11015531,38.48583983
2545.195,0,5002533727,0,0.0,KUCUK_TICARETHANE,35-09-M02023,CIGLI,35,0,0,ESENTEPE,0,0,1,0,0.0,8.5,0,0,0.0,0,0.0,1,2545.195,0,0.0,27.06111558,38.51102583
4556.369,0,5002533729,0,0.0,KUCUK_TICARETHANE,35-04-K00753,KARSIYAKA,35,0,0,AKSOY,0,0,1,0,0.0,8.3,0,0,0.0,0,0.0,1,4556.369,0,0.0,27.10832691,38.45316728
2364.022,0,5002533743,0,0.0,KUCUK_TICARETHANE,35-04-K03184,KARSIYAKA,35,0,0,BOSTANLI,0,0,1,0,0.0,8.5,0,0,0.0,0,0.0,1,2364.022,0,0.0,27.09307845,38.45951106
126.332,0,5002533745,0,0.0,KUCUK_TICARETHANE,35-09-M00257,CIGLI,35,0,0,SASALLI MERKEZ,0,0,1,0,0.0,5.0,0,0,0.0,0,0.0,1,126.332,0,0.0,26.95084291,38.49458217
1392.053,0,5002535199,1,1392.053,AYDINLATMA,35-09-M03520,CIGLI,35,0,0,ATASEHIR,0,0,0,0,0.0,1.364,0,0,0.0,0,0.0,0,0.0,0,0.0,27.06198179,38.4928922
3644.422,0,5002535420,0,0.0,KUCUK_TICARETHANE,35-04-K00215,KARSIYAKA,35,0,0,SEMIKLER,0,0,1,0,0.0,8.5,0,0,0.0,0,0.0,1,3644.422,0,0.0,27.08776724,38.47832759
4111.872,0,5002536343,0,0.0,KUCUK_TICARETHANE,35-04-K00846,KARSIYAKA,35,0,0,TERSANE,0,0,1,0,0.0,8.5,0,0,0.0,0,0.0,1,4111.872,0,0.0,27.12635784,38.4633063
2373.271,0,5002536410,0,0.0,KUCUK_TICARETHANE,35-04-K03169,KARSIYAKA,35,0,0,AKSOY,0,0,1,0,0.0,8.5,0,0,0.0,0,0.0,1,2373.271,0,0.0,27.10756955,38.45191893
1660.219,0,5002537579,0,0.0,KUCUK_TICARETHANE,35-04-K01670,KARSIYAKA,35,0,0,ALAYBEY,0,0,1,0,0.0,8.5,0,0,0.0,0,0.0,1,1660.219,0,0.0,27.12598742,38.45908117
4403.505,0,5002539473,0,0.0,KUCUK_TICARETHANE,35-04-K04756,KARSIYAKA,35,0,0,LATIFE HANIM,0,0,2,0,0.0,10.2,0,0,0.0,0,0.0,2,4403.505,0,0.0,27.12381775,38.49956742
445.985,0,5002539480,0,0.0,KUCUK_TICARETHANE,35-04-K04756,KARSIYAKA,35,0,0,LATIFE HANIM,0,0,2,0,0.0,8.5,0,0,0.0,0,0.0,2,445.985,0,0.0,27.1235898,38.49959999
164.068,0,5002541253,0,0.0,KUCUK_TICARETHANE,35-09-M00625,CIGLI,35,0,0,AHMET EFENDI,0,0,1,0,0.0,8.5,0,0,0.0,0,0.0,1,164.068,0,0.0,27.04066807,38.5204434
5208.419,0,5002541331,0,0.0,KUCUK_TICARETHANE,35-09-M02088,CIGLI,35,0,0,BALATCIK,0,0,4,2,3690.272,9.8535,0,0,0.0,0,0.0,2,1518.147,0,0.0,27.04036942,38.50725487
3469.892,0,5002542669,0,0.0,KUCUK_TICARETHANE,35-09-M02088,CIGLI,35,0,0,BALATCIK,0,0,3,2,2627.147,7.494666666666666,0,0,0.0,0,0.0,1,842.745,0,0.0,27.0403539,38.50716153
1901.232,0,5002542674,0,0.0,KUCUK_TICARETHANE,35-04-K03676,KARSIYAKA,35,0,0,BAHRIYE UCOK,0,0,1,0,0.0,5.4,0,0,0.0,0,0.0,1,1901.232,0,0.0,27.11230313,38.45947246
4360.973,0,5002542682,0,0.0,KUCUK_TICARETHANE,35-04-K00166,KARSIYAKA,35,0,0,BAHARIYE,0,0,2,1,3109.47,5.0,0,0,0.0,0,0.0,1,1251.503,0,0.0,27.1215644,38.46090009
5269.792,0,5002542714,0,0.0,KUCUK_TICARETHANE,35-09-K02778,CIGLI,35,0,0,ATASEHIR,0,0,1,0,0.0,5.0,0,0,0.0,0,0.0,1,5269.792,0,0.0,27.07084849,38.48631051
4286.336,0,5002542727,0,0.0,KUCUK_TICARETHANE,35-09-M00396,CIGLI,35,0,0,BALATCIK,0,0,1,0,0.0,5.0,0,0,0.0,0,0.0,1,4286.336,0,0.0,27.039075,38.50991006
4114.703,0,5002543283,0,0.0,KUCUK_TICARETHANE,35-09-M02165,CIGLI,35,0,0,BALATCIK,0,0,1,0,0.0,7.9,0,0,0.0,0,0.0,1,4114.703,0,0.0,27.04504834,38.51588179
1900.001,0,5002545002,0,0.0,KUCUK_TICARETHANE,35-04-K00358,KARSIYAKA,35,0,0,ORNEKKOY,0,0,1,0,0.0,5.3,0,0,0.0,0,0.0,1,1900.001,0,0.0,27.11268534,38.47801672
5982.283,0,5002545004,0,0.0,KUCUK_TICARETHANE,35-09-M01898,CIGLI,35,0,0,ATASEHIR,0,0,1,0,0.0,5.0,0,0,0.0,0,0.0,1,5982.283,0,0.0,27.06206688,38.48998851
3315.965,0,5002545591,0,0.0,KUCUK_TICARETHANE,35-09-K01875,CIGLI,35,0,0,SIRINTEPE,0,0,1,0,0.0,5.0,0,0,0.0,0,0.0,1,3315.965,0,0.0,27.06574565,38.49213334
1257.516,0,5002547329,0,0.0,KUCUK_TICARETHANE,35-04-M01442,KARSIYAKA,35,0,0,FIKRI ALTAY,0,0,1,0,0.0,8.35,0,0,0.0,0,0.0,1,1257.516,0,0.0,27.1025228,38.47314415
264190.5,0,5002548059,0,0.0,ORTA_TICARETHANE,35-04-K02593,KARSIYAKA,35,0,0,MAVISEHIR,0,0,1,0,0.0,116.626,0,0,0.0,0,0.0,1,264190.5,0,0.0,27.07435722,38.4719028
4230.066,0,5002548405,0,0.0,KUCUK_TICARETHANE,35-04-M01741,KARSIYAKA,35,0,0,ORNEKKOY,0,0,1,0,0.0,5.4,0,0,0.0,0,0.0,1,4230.066,0,0.0,27.11095312,38.47951832
489.276,0,5002549334,0,0.0,KUCUK_TICARETHANE,35-04-M01184,KARSIYAKA,35,0,0,FIKRI ALTAY,0,0,1,0,0.0,5.0,0,0,0.0,0,0.0,1,489.276,0,0.0,27.10147966,38.47302064
2968.815,0,5002551214,0,0.0,KUCUK_TICARETHANE,35-09-M00626,CIGLI,35,0,0,UGUR MUMCU,0,0,3,2,2653.79,8.433333333333334,0,0,0.0,0,0.0,1,315.025,0,0.0,27.04459387,38.52269797
3898.659,0,5002551984,0,0.0,KUCUK_TICARETHANE,35-04-K00692,KARSIYAKA,35,0,0,BAHARIYE,0,0,1,0,0.0,5.0,0,0,0.0,0,0.0,1,3898.659,0,0.0,27.11574291,38.45889875
151062.33,0,5002552718,0,0.0,ORTA_TICARETHANE,35-09-K04306,CIGLI,35,0,0,CAGDAS,0,0,3,0,0.0,57.699333333333335,0,0,0.0,0,0.0,3,151062.33,0,0.0,27.06121489,38.49964883
9317.887,0,5002554006,0,0.0,KUCUK_TICARETHANE,35-09-M00103,CIGLI,35,0,0,BALATCIK,0,0,1,0,0.0,5.05,0,0,0.0,0,0.0,1,9317.887,0,0.0,27.04213615,38.51749404
2464.153,0,5002555212,0,0.0,KUCUK_TICARETHANE,35-04-M01187,KARSIYAKA,35,0,0,YALI,0,0,1,0,0.0,7.9,0,0,0.0,0,0.0,1,2464.153,0,0.0,27.09554603,38.46666192
528.089,0,5002555314,0,0.0,KUCUK_TICARETHANE,35-09-K03321,CIGLI,35,0,0,KUCUK CIGLI,0,0,1,0,0.0,8.5,0,0,0.0,0,0.0,1,528.089,0,0.0,27.05554181,38.50198412
1074.295,0,5002555357,0,0.0,KUCUK_TICARETHANE,35-04-K00753,KARSIYAKA,35,0,0,AKSOY,0,0,1,0,0.0,8.5,0,0,0.0,0,0.0,1,1074.295,0,0.0,27.10850923,38.45369362
4968.172,0,5002556496,0,0.0,KUCUK_TICARETHANE,35-04-K03385,KARSIYAKA,35,0,0,AKSOY,0,0,1,0,0.0,8.5,0,0,0.0,0,0.0,1,4968.172,0,0.0,27.10916832,38.45185021
25721.47,0,5002556631,0,0.0,ORTA_TICARETHANE,35-09-M01088,CIGLI,35,0,0,ATASEHIR,0,0,1,0,0.0,22.5,0,0,0.0,0,0.0,1,25721.47,0,0.0,27.06669661,38.47709614
23214.27,0,5002556849,0,0.0,ORTA_TICARETHANE,35-04-K01555,KARSIYAKA,35,0,0,DONANMACI,0,0,1,0,0.0,22.5,0,0,0.0,0,0.0,1,23214.27,0,0.0,27.11938546,38.45513574
1242.423,0,5002558758,0,0.0,KUCUK_TICARETHANE,35-09-K04389,CIGLI,35,0,0,ATASEHIR,0,0,1,0,0.0,8.5,0,0,0.0,0,0.0,1,1242.423,0,0.0,27.06395387,38.48822884
1985.163,0,5002558824,0,0.0,KUCUK_TICARETHANE,35-04-K04628,KARSIYAKA,35,0,0,SEMIKLER,0,0,1,0,0.0,5.5,0,0,0.0,0,0.0,1,1985.163,0,0.0,27.09626049,38.47115427
4522.504,0,5002568029,0,0.0,KUCUK_TICARETHANE,35-04-M02560,KARSIYAKA,35,0,0,IMBATLI,0,0,1,0,0.0,7.9,0,0,0.0,0,0.0,1,4522.504,0,0.0,27.11017964,38.47329519
5958.65,0,5002568031,0,0.0,KUCUK_TICARETHANE,35-04-K03185,KARSIYAKA,35,0,0,DONANMACI,0,0,1,0,0.0,5.5,0,0,0.0,0,0.0,1,5958.65,0,0.0,27.1155138,38.45389908
82371.36,0,5002570041,0,0.0,ORTA_TICARETHANE,35-09-M03532Ã–,CIGLI,35,0,0,IZKENT,0,0,1,0,0.0,400.0,0,0,0.0,0,0.0,1,82371.36,0,0.0,27.06764313,38.5105434
51788.55,0,5002570823,0,0.0,ORTA_TICARETHANE,35-09-K02817,CIGLI,35,0,0,ATASEHIR,0,0,1,0,0.0,120.0,0,0,0.0,0,0.0,1,51788.55,0,0.0,27.05332564,38.48639514
294.432,0,5002571987,0,0.0,KUCUK_TICARETHANE,35-09-M02390,CIGLI,35,0,0,BALATCIK,0,0,1,0,0.0,5.0,0,0,0.0,0,0.0,1,294.432,0,0.0,27.04515517,38.50734097
32309.23,0,5002573638,0,0.0,ORTA_TICARETHANE,35-04-M00843,KARSIYAKA,35,0,0,MUSTAFA KEMAL,0,0,1,0,0.0,8.5,0,0,0.0,0,0.0,1,32309.23,0,0.0,27.09551231,38.49735717
4906.969,0,5002574374,0,0.0,KUCUK_TICARETHANE,35-09-M01992,CIGLI,35,0,0,ESENTEPE,0,0,1,0,0.0,8.5,0,0,0.0,0,0.0,1,4906.969,0,0.0,27.04818212,38.50875865
3006.365,0,5002574639,0,0.0,KUCUK_TICARETHANE,35-09-K01954,CIGLI,35,0,0,AYDINLIKEVLER,0,0,1,0,0.0,8.4,0,0,0.0,0,0.0,1,3006.365,0,0.0,27.08502873,38.4940801
14487.91,0,5002575211,1,14487.91,AYDINLATMA,35-09-M01880,CIGLI,35,0,0,BALATCIK,0,0,0,0,0.0,3.2,0,0,0.0,0,0.0,0,0.0,0,0.0,27.04149,38.51498
2575.706,0,5002575213,1,2575.706,AYDINLATMA,35-09-M02088,CIGLI,35,0,0,BALATCIK,0,0,0,0,0.0,1.2,0,0,0.0,0,0.0,0,0.0,0,0.0,27.04003,38.50707
7686.255,0,5002580112,0,0.0,KUCUK_TICARETHANE,35-09-M00999,CIGLI,35,0,0,BALATCIK,0,0,1,0,0.0,8.5,0,0,0.0,0,0.0,1,7686.255,0,0.0,27.04029401,38.50937262
2229.967,0,5002581687,0,0.0,KUCUK_TICARETHANE,35-04-K00254,KARSIYAKA,35,0,0,BAHRIYE UCOK,0,0,1,0,0.0,8.5,0,0,0.0,0,0.0,1,2229.967,0,0.0,27.11331349,38.46125779
2693.633,0,5002582312,0,0.0,KUCUK_TICARETHANE,35-04-K01051,KARSIYAKA,35,0,0,BAHRIYE UCOK,0,0,1,0,0.0,5.4,0,0,0.0,0,0.0,1,2693.633,0,0.0,27.1099671,38.46354393
2941.31,0,5002585391,0,0.0,KUCUK_TICARETHANE,35-09-K01879,CIGLI,35,0,0,YENI MAHALLE,0,0,1,0,0.0,8.5,0,0,0.0,0,0.0,1,2941.31,0,0.0,27.05580657,38.49497007
467.81,0,5002586649,0,0.0,KUCUK_TICARETHANE,35-04-K00363,KARSIYAKA,35,0,0,TUNA,0,0,1,0,0.0,5.4,0,0,0.0,0,0.0,1,467.81,0,0.0,27.12323739,38.45708881
7110.088,0,5002586652,0,0.0,KUCUK_TICARETHANE,35-04-K01051,KARSIYAKA,35,0,0,BAHRIYE UCOK,0,0,1,0,0.0,8.5,0,0,0.0,0,0.0,1,7110.088,0,0.0,27.1118779,38.463079
6128.46,0,5002586697,0,0.0,ORTA_TICARETHANE,35-09-M01148,CIGLI,35,0,0,SASALLI MERKEZ,0,0,1,0,0.0,160.0,0,0,0.0,0,0.0,1,6128.46,0,0.0,26.94843244,38.49812743
388.152,0,5002589924,0,0.0,ORTA_TICARETHANE,35-09-M02549,CIGLI,35,0,0,KUCUK CIGLI,0,0,1,0,0.0,30.84,0,0,0.0,0,0.0,1,388.152,0,0.0,27.04436079,38.50281616
2882.001,0,5002590162,0,0.0,KUCUK_TICARETHANE,35-04-K00706,KARSIYAKA,35,0,0,NERGIZ,0,0,1,0,0.0,5.0,0,0,0.0,0,0.0,1,2882.001,0,0.0,27.10640932,38.46038104
1366.51,0,5002591575,0,0.0,KUCUK_TICARETHANE,35-04-K04757,KARSIYAKA,35,0,0,LATIFE HANIM,0,0,1,0,0.0,8.84,0,0,0.0,0,0.0,1,1366.51,0,0.0,27.12385528,38.49972077
1400.634,0,5002591582,0,0.0,KUCUK_TICARETHANE,35-09-K04597,CIGLI,35,0,0,KUCUK CIGLI,0,0,1,0,0.0,8.5,0,0,0.0,0,0.0,1,1400.634,0,0.0,27.0508526,38.50377675
6336.63,0,5002594557,1,6336.63,AYDINLATMA,35-09-M02784,CIGLI,35,0,0,BALATCIK,0,0,0,0,0.0,1.808,0,0,0.0,0,0.0,0,0.0,0,0.0,27.03995958,38.51570622
233.226,0,5002595608,0,0.0,KUCUK_TICARETHANE,35-04-K01360,KARSIYAKA,35,0,0,BAHARIYE,0,0,1,0,0.0,8.5,0,0,0.0,0,0.0,1,233.226,0,0.0,27.11518115,38.46052928
702.89,0,5002595611,0,0.0,KUCUK_TICARETHANE,35-04-K04641,KARSIYAKA,35,0,0,BOSTANLI,0,0,1,0,0.0,8.5,0,0,0.0,0,0.0,1,702.89,0,0.0,27.10083615,38.45608109
862.471,0,5002595689,0,0.0,KUCUK_TICARETHANE,35-09-K03322,CIGLI,35,0,0,YENI MAHALLE,0,0,1,0,0.0,8.5,0,0,0.0,0,0.0,1,862.471,0,0.0,27.05081362,38.49776382
6350.552,0,5002595796,0,0.0,KUCUK_TICARETHANE,,KARSIYAKA,35,0,0,YALI,0,0,1,0,0.0,8.5,0,0,0.0,0,0.0,1,6350.552,0,0.0,27.08717314,38.4740618
2112.023,0,5002596221,0,0.0,KUCUK_TICARETHANE,35-04-K04521,KARSIYAKA,35,0,0,YALI,0,0,1,0,0.0,8.5,0,0,0.0,0,0.0,1,2112.023,0,0.0,27.09370354,38.4701492
116.362,0,5002598476,0,0.0,KUCUK_TICARETHANE,35-04-K03799,KARSIYAKA,35,0,0,ZUBEYDE HANIM,0,0,1,0,0.0,8.5,0,0,0.0,0,0.0,1,116.362,0,0.0,27.11321439,38.49285859
515.65,0,5002598486,0,0.0,KUCUK_TICARETHANE,35-09-K02499,CIGLI,35,0,0,AYDINLIKEVLER,0,0,1,0,0.0,8.5,0,0,0.0,0,0.0,1,515.65,0,0.0,27.0784418,38.48980352
1558350.0,0,5002599269,0,0.0,BUYUK_TICARETHANE,35-09-M03547Ã–,CIGLI,35,0,0,ATASEHIR,0,0,1,0,0.0,1250.0,0,0,0.0,0,0.0,1,1558350.0,0,0.0,27.05936959,38.48566477
6189.821,0,5002599713,0,0.0,KUCUK_TICARETHANE,35-04-M01035,KARSIYAKA,35,0,0,ATAKENT,0,0,1,0,0.0,5.0,0,0,0.0,0,0.0,1,6189.821,0,0.0,27.09262189,38.46463912
3282.855,0,5002600469,0,0.0,KUCUK_TICARETHANE,35-09-K04314,CIGLI,35,0,0,KUCUK CIGLI,0,0,1,0,0.0,8.0,0,0,0.0,0,0.0,1,3282.855,0,0.0,27.05431742,38.49820514
990.183,0,5002601262,0,0.0,KUCUK_TICARETHANE,35-04-K00358,KARSIYAKA,35,0,0,ORNEKKOY,0,0,1,0,0.0,8.5,0,0,0.0,0,0.0,1,990.183,0,0.0,27.11081058,38.47750226
907.903,0,5002601876,0,0.0,KUCUK_TICARETHANE,35-04-K00254,KARSIYAKA,35,0,0,BAHRIYE UCOK,0,0,1,0,0.0,5.0,0,0,0.0,0,0.0,1,907.903,0,0.0,27.11398716,38.46118426
1922.809,0,5002603364,0,0.0,KUCUK_TICARETHANE,35-09-K03313,CIGLI,35,0,0,YENI MAHALLE,0,0,1,0,0.0,7.9,0,0,0.0,0,0.0,1,1922.809,0,0.0,27.05598351,38.494487
3453.386,0,5002603450,0,0.0,KUCUK_TICARETHANE,35-09-M01992,CIGLI,35,0,0,ESENTEPE,0,0,1,0,0.0,8.5,0,0,0.0,0,0.0,1,3453.386,0,0.0,27.04877443,38.50703493
1224.465,0,5002603823,0,0.0,KUCUK_TICARETHANE,35-04-K02676,KARSIYAKA,35,0,0,FIKRI ALTAY,0,0,1,0,0.0,8.5,0,0,0.0,0,0.0,1,1224.465,0,0.0,27.10164471,38.47249328
1885.533,0,5002603939,0,0.0,KUCUK_TICARETHANE,35-04-K03385,KARSIYAKA,35,0,0,AKSOY,0,0,1,0,0.0,8.5,0,0,0.0,0,0.0,1,1885.533,0,0.0,27.10898906,38.4504585
224.213,0,5002604141,0,0.0,KUCUK_TICARETHANE,35-09-K01871,CIGLI,35,0,0,SIRINTEPE,0,0,1,0,0.0,8.35,0,0,0.0,0,0.0,1,224.213,0,0.0,27.06725522,38.49628843
3055.592,0,5002605011,0,0.0,KUCUK_TICARETHANE,35-04-K02313,KARSIYAKA,35,0,0,BOSTANLI,0,0,1,0,0.0,7.9,0,0,0.0,0,0.0,1,3055.592,0,0.0,27.09986031,38.45513065
2975.291,0,5002605015,0,0.0,KUCUK_TICARETHANE,35-09-K03315,CIGLI,35,0,0,ESENTEPE,0,0,1,0,0.0,8.5,0,0,0.0,0,0.0,1,2975.291,0,0.0,27.04953889,38.50680455
288.427,0,5002606015,0,0.0,KUCUK_TICARETHANE,35-04-K00930,KARSIYAKA,35,0,0,NERGIZ,0,0,1,0,0.0,5.3,0,0,0.0,0,0.0,1,288.427,0,0.0,27.10520929,38.46038519
3856.19,0,5002606036,0,0.0,KUCUK_TICARETHANE,35-09-M02390,CIGLI,35,0,0,BALATCIK,0,0,1,0,0.0,5.4,0,0,0.0,0,0.0,1,3856.19,0,0.0,27.04388469,38.5071636
968.028,0,5002606045,0,0.0,KUCUK_TICARETHANE,35-04-K01411,KARSIYAKA,35,0,0,GONCALAR,0,0,1,0,0.0,5.4,0,0,0.0,0,0.0,1,968.028,0,0.0,27.10158385,38.46410737
508.609,0,5002606639,0,0.0,KUCUK_TICARETHANE,35-04-K01183,KARSIYAKA,35,0,0,SANCAKLI,0,0,1,0,0.0,5.5,0,0,0.0,0,0.0,1,508.609,0,0.0,27.15497785,38.51696619
15823.9,0,5002606864,0,0.0,ORTA_TICARETHANE,35-09-M00538,CIGLI,35,0,0,SASALLI MERKEZ,0,0,1,0,0.0,90.0,0,0,0.0,0,0.0,1,15823.9,0,0.0,26.94286724,38.50757352
0.0,0,5002607479,0,0.0,ORTA_TICARETHANE,35-09-K01321,CIGLI,35,0,0,AYDINLIKEVLER,0,0,1,0,0.0,52.797,0,0,0.0,0,0.0,1,0.0,0,0.0,27.08492059,38.49125315
4378.125,0,5002608310,0,0.0,KUCUK_TICARETHANE,35-04-K00785,KARSIYAKA,35,0,0,YALI,0,0,1,0,0.0,8.5,0,0,0.0,0,0.0,1,4378.125,0,0.0,27.0916146,38.47060312
5693.971,0,5002608316,0,0.0,KUCUK_TICARETHANE,35-04-K03385,KARSIYAKA,35,0,0,AKSOY,0,0,1,0,0.0,5.4,0,0,0.0,0,0.0,1,5693.971,0,0.0,27.10871949,38.45045617
536.78,0,5002609866,0,0.0,KUCUK_TICARETHANE,35-04-K01064,KARSIYAKA,35,0,0,BAHARIYE,0,0,1,0,0.0,5.3,0,0,0.0,0,0.0,1,536.78,0,0.0,27.11856707,38.46038084
8741.553,0,5002611462,0,0.0,KUCUK_TICARETHANE,35-04-K03082,KARSIYAKA,35,0,0,LATIFE HANIM,0,0,5,2,2539.328,7.248,0,0,0.0,0,0.0,3,6202.225,0,0.0,27.11604632,38.4929815
1779.372,0,5002612779,0,0.0,KUCUK_TICARETHANE,35-09-M01950,CIGLI,35,0,0,MALTEPE,0,0,1,0,0.0,8.5,0,0,0.0,0,0.0,1,1779.372,0,0.0,27.07201522,38.49014966
833.246,0,5002613063,0,0.0,KUCUK_TICARETHANE,35-09-K04597,CIGLI,35,0,0,KUCUK CIGLI,0,0,1,0,0.0,8.0,0,0,0.0,0,0.0,1,833.246,0,0.0,27.04990844,38.50356828
0.002,0,5002613169,0,0.0,KUCUK_TICARETHANE,35-04-K03388,KARSIYAKA,35,0,0,MAVISEHIR,0,0,1,0,0.0,5.0,0,0,0.0,0,0.0,1,0.002,0,0.0,27.068436,38.46664979
30349.14,0,5002614865,0,0.0,ORTA_TICARETHANE,35-04-K02423,KARSIYAKA,35,0,0,MAVISEHIR,0,0,1,0,0.0,8.5,0,0,0.0,0,0.0,1,30349.14,0,0.0,27.07565951,38.46796872
880.257,0,5002618764,0,0.0,KUCUK_TICARETHANE,35-09-K01321,CIGLI,35,0,0,AYDINLIKEVLER,0,0,1,0,0.0,5.3,0,0,0.0,0,0.0,1,880.257,0,0.0,27.08726462,38.49155002
3143.345,0,5002624367,0,0.0,KUCUK_TICARETHANE,35-04-K01088,KARSIYAKA,35,0,0,DONANMACI,0,0,1,0,0.0,5.0,0,0,0.0,0,0.0,1,3143.345,0,0.0,27.11225419,38.45126419
1818.661,0,5002624922,0,0.0,KUCUK_TICARETHANE,35-09-M00254,CIGLI,35,0,0,KAKLIC,0,0,2,0,0.0,6.74,0,0,0.0,0,0.0,2,1818.661,0,0.0,26.98851252,38.50500993
1554.915,0,5002624959,0,0.0,KUCUK_TICARETHANE,35-04-K02316,KARSIYAKA,35,0,0,GONCALAR,0,0,1,0,0.0,8.5,0,0,0.0,0,0.0,1,1554.915,0,0.0,27.10881411,38.46516699
1134.234,0,5002626628,0,0.0,KUCUK_TICARETHANE,35-09-M03090,CIGLI,35,0,0,YENI MAHALLE,0,0,3,2,1045.652,8.446666666666667,0,0,0.0,0,0.0,1,88.582,0,0.0,27.05152406,38.4989101
775.125,0,5002628968,0,0.0,KUCUK_TICARETHANE,35-04-M01676,KARSIYAKA,35,0,0,SEMIKLER,0,0,1,0,0.0,5.0,0,0,0.0,0,0.0,1,775.125,0,0.0,27.08853218,38.47976205
2491.962,0,5002629462,0,0.0,KUCUK_TICARETHANE,35-04-M02441,KARSIYAKA,35,0,0,SEMIKLER,0,0,1,0,0.0,8.0,0,0,0.0,0,0.0,1,2491.962,0,0.0,27.094539,38.4765005
1463.17601,0,5002630635,0,0.0,KUCUK_TICARETHANE,,KARSIYAKA,35,0,0,GONCALAR,0,0,13,9,1186.27101,7.8780769230769225,0,0,0.0,0,0.0,4,276.905,0,0.0,27.10869685,38.46627753
20241.65,0,5002631563,0,0.0,ORTA_TICARETHANE,35-09-M01898,CIGLI,35,0,0,ATASEHIR,0,0,1,0,0.0,5.0,0,0,0.0,0,0.0,1,20241.65,0,0.0,27.06144697,38.49013274
2030.834,0,5002634652,0,0.0,KUCUK_TICARETHANE,35-04-K01781,KARSIYAKA,35,0,0,BAHRIYE UCOK,0,0,1,0,0.0,8.5,0,0,0.0,0,0.0,1,2030.834,0,0.0,27.11075074,38.45980805
3043.109,0,5002634920,0,0.0,KUCUK_TICARETHANE,35-09-M00538,CIGLI,35,0,0,SASALLI MERKEZ,0,0,1,0,0.0,9.0,0,0,0.0,0,0.0,1,3043.109,0,0.0,26.94116148,38.50728574
49551.84,0,5002636614,0,0.0,ORTA_TICARETHANE,35-09-M03596Ã–,CIGLI,35,0,0,BALATCIK,0,0,1,0,0.0,250.0,0,0,0.0,0,0.0,1,49551.84,0,0.0,27.03189701,38.52044799
1893.745,0,5002636878,0,0.0,KUCUK_TICARETHANE,35-04-M01184,KARSIYAKA,35,0,0,FIKRI ALTAY,0,0,1,0,0.0,5.4,0,0,0.0,0,0.0,1,1893.745,0,0.0,27.10161145,38.47448869
424.342,0,5002637005,0,0.0,KUCUK_TICARETHANE,35-09-M02390,CIGLI,35,0,0,BALATCIK,0,0,1,0,0.0,5.0,0,0,0.0,0,0.0,1,424.342,0,0.0,27.04573535,38.50712358
260.838,0,5002637054,0,0.0,KUCUK_TICARETHANE,35-04-M02922,KARSIYAKA,35,0,0,ORNEKKOY,0,0,1,0,0.0,5.4,0,0,0.0,0,0.0,1,260.838,0,0.0,27.10870292,38.47762891
5285.293,0,5002637569,0,0.0,KUCUK_TICARETHANE,35-04-K00681,KARSIYAKA,35,0,0,DONANMACI,0,0,1,0,0.0,8.5,0,0,0.0,0,0.0,1,5285.293,0,0.0,27.11490303,38.45173175
1157.323,0,5002638306,0,0.0,ORTA_TICARETHANE,35-09-M01985,CIGLI,35,0,0,AHMET TANER KISLALI,0,0,1,0,0.0,16.202,0,0,0.0,0,0.0,1,1157.323,0,0.0,27.08780977,38.49599101
56.386,0,5002639988,0,0.0,KUCUK_TICARETHANE,35-09-K03322,CIGLI,35,0,0,YENI MAHALLE,0,0,1,0,0.0,7.9,0,0,0.0,0,0.0,1,56.386,0,0.0,27.04994262,38.49685235
2244.035,0,5002640006,0,0.0,KUCUK_TICARETHANE,35-04-K00215,KARSIYAKA,35,0,0,SEMIKLER,0,0,1,0,0.0,5.5,0,0,0.0,0,0.0,1,2244.035,0,0.0,27.0877578,38.47806664
3977.485,0,5002640313,0,0.0,KUCUK_TICARETHANE,35-04-K02760,KARSIYAKA,35,0,0,YALI,0,0,1,0,0.0,5.0,0,0,0.0,0,0.0,1,3977.485,0,0.0,27.08864093,38.47145004
2307.971,0,5002640318,0,0.0,KUCUK_TICARETHANE,35-04-M01607,KARSIYAKA,35,0,0,DEDEBASI,0,0,1,0,0.0,5.4,0,0,0.0,0,0.0,1,2307.971,0,0.0,27.10161539,38.4665076
525.49,0,5002641730,0,0.0,KUCUK_TICARETHANE,35-04-K01449,KARSIYAKA,35,0,0,YALI,0,0,1,0,0.0,7.9,0,0,0.0,0,0.0,1,525.49,0,0.0,27.09135534,38.46901252
12358.2,0,5002641938,0,0.0,ORTA_TICARETHANE,35-09-M00257,CIGLI,35,0,0,SASALLI MERKEZ,0,0,1,0,0.0,8.06,0,0,0.0,0,0.0,1,12358.2,0,0.0,26.95179676,38.49402783
48679.8,0,5002643154,0,0.0,ORTA_TICARETHANE,35-04-K02425,KARSIYAKA,35,0,0,MAVISEHIR,0,0,1,0,0.0,40.0,0,0,0.0,0,0.0,1,48679.8,0,0.0,27.07949952,38.47198824
20663.95,0,5002646525,0,0.0,ORTA_TICARETHANE,35-09-K02817,CIGLI,35,0,0,ATASEHIR,0,0,1,0,0.0,5.4,0,0,0.0,0,0.0,1,20663.95,0,0.0,27.05301204,38.48494947
7495.527,0,5002646966,0,0.0,ORTA_TICARETHANE,35-04-K03036,KARSIYAKA,35,0,0,DEDEBASI,0,0,1,0,0.0,49.1,0,0,0.0,0,0.0,1,7495.527,0,0.0,27.10951942,38.46793214
3752.534,0,5002647458,1,3752.534,AYDINLATMA,35-09-K04389,CIGLI,35,0,0,ATASEHIR,0,0,0,0,0.0,1.0,0,0,0.0,0,0.0,0,0.0,0,0.0,27.06217,38.48779
4423.077,0,5002647459,1,4423.077,AYDINLATMA,35-09-K03320,CIGLI,35,0,0,AYDINLIKEVLER,0,0,0,0,0.0,1.2,0,0,0.0,0,0.0,0,0.0,0,0.0,27.07911,38.49066
7538.199,0,5002647461,1,7538.199,AYDINLATMA,35-09-K01956,CIGLI,35,0,0,AHMET TANER KISLALI,0,0,0,0,0.0,4.4,0,0,0.0,0,0.0,0,0.0,0,0.0,27.08873,38.49475
12803.71,0,5002647462,1,12803.71,AYDINLATMA,35-09-M01985,CIGLI,35,0,0,AHMET TANER KISLALI,0,0,0,0,0.0,3.5,0,0,0.0,0,0.0,0,0.0,0,0.0,27.08842,38.49603
2304.766,0,5002647541,0,0.0,KUCUK_TICARETHANE,35-04-K03082,KARSIYAKA,35,0,0,LATIFE HANIM,0,0,1,0,0.0,8.5,0,0,0.0,0,0.0,1,2304.766,0,0.0,27.1157569,38.48948941
1005.813,0,5002648205,0,0.0,KUCUK_TICARETHANE,35-04-K01088,KARSIYAKA,35,0,0,DONANMACI,0,0,1,0,0.0,5.0,0,0,0.0,0,0.0,1,1005.813,0,0.0,27.11253472,38.45173507
2108.313,0,5002648229,0,0.0,KUCUK_TICARETHANE,35-04-K01608,KARSIYAKA,35,0,0,CUMHURIYET,0,0,1,0,0.0,8.5,0,0,0.0,0,0.0,1,2108.313,0,0.0,27.09488438,38.479159
6702.689,0,5002648740,0,0.0,KUCUK_TICARETHANE,35-04-M00945,KARSIYAKA,35,0,0,MUSTAFA KEMAL,0,0,1,0,0.0,5.0,0,0,0.0,0,0.0,1,6702.689,0,0.0,27.08967892,38.49323417
603.696,0,5002648770,0,0.0,KUCUK_TICARETHANE,35-09-K01880,CIGLI,35,0,0,ATASEHIR,0,0,1,0,0.0,5.4,0,0,0.0,0,0.0,1,603.696,0,0.0,27.05926463,38.49121548
1875.321,0,5002649666,0,0.0,KUCUK_TICARETHANE,35-04-K00115,KARSIYAKA,35,0,0,GONCALAR,0,0,1,0,0.0,5.3,0,0,0.0,0,0.0,1,1875.321,0,0.0,27.10560972,38.46444723
2590.921,0,5002650621,0,0.0,KUCUK_TICARETHANE,35-04-K00885,KARSIYAKA,35,0,0,YALI,0,0,1,0,0.0,8.5,0,0,0.0,0,0.0,1,2590.921,0,0.0,27.09023491,38.46587335
435.394,0,5002650630,0,0.0,KUCUK_TICARETHANE,35-04-M01037,KARSIYAKA,35,0,0,BOSTANLI,0,0,1,0,0.0,8.2,0,0,0.0,0,0.0,1,435.394,0,0.0,27.09898452,38.46010364
146.298,0,5002651208,0,0.0,KUCUK_TICARETHANE,35-09-M02165,CIGLI,35,0,0,BALATCIK,0,0,1,0,0.0,8.5,0,0,0.0,0,0.0,1,146.298,0,0.0,27.04379653,38.51613558
16665.57,0,5002651230,0,0.0,ORTA_TICARETHANE,35-04-M01743,KARSIYAKA,35,0,0,YALI,0,0,1,0,0.0,40.0,0,0,0.0,0,0.0,1,16665.57,0,0.0,27.0908393,38.47310065
1770.294,0,5002651451,0,0.0,KUCUK_TICARETHANE,35-09-K04681,CIGLI,35,0,0,MALTEPE,0,0,1,0,0.0,5.0,0,0,0.0,0,0.0,1,1770.294,0,0.0,27.07289209,38.49017955
4068.923,0,5002652850,0,0.0,KUCUK_TICARETHANE,35-04-K04619,KARSIYAKA,35,0,0,SEMIKLER,0,0,1,0,0.0,5.0,0,0,0.0,0,0.0,1,4068.923,0,0.0,27.09026873,38.47506682
2895.448,0,5002653239,0,0.0,KUCUK_TICARETHANE,35-09-K03322,CIGLI,35,0,0,YENI MAHALLE,0,0,1,0,0.0,8.0,0,0,0.0,0,0.0,1,2895.448,0,0.0,27.05088678,38.49807532
583.453,0,5002653417,0,0.0,KUCUK_TICARETHANE,,KARSIYAKA,35,0,0,YALI,0,0,1,0,0.0,5.0,0,0,0.0,0,0.0,1,583.453,0,0.0,27.08630183,38.47149171
870.297,0,5002654012,0,0.0,KUCUK_TICARETHANE,35-09-M00999,CIGLI,35,0,0,BALATCIK,0,0,1,0,0.0,5.0,0,0,0.0,0,0.0,1,870.297,0,0.0,27.03974222,38.51049781
608.833,0,5002655455,0,0.0,KUCUK_TICARETHANE,35-04-K01034,KARSIYAKA,35,0,0,DEMIRKOPRU,0,0,1,0,0.0,8.5,0,0,0.0,0,0.0,1,608.833,0,0.0,27.09883509,38.46888896
1356.989,0,5002656268,0,0.0,KUCUK_TICARETHANE,35-04-M01038,KARSIYAKA,35,0,0,BOSTANLI,0,0,1,0,0.0,8.35,0,0,0.0,0,0.0,1,1356.989,0,0.0,27.10086182,38.46069501
7706.12,0,5002657910,0,0.0,ORTA_TICARETHANE,35-04-K01091,KARSIYAKA,35,0,0,BOSTANLI,0,0,1,0,0.0,100.0,0,0,0.0,0,0.0,1,7706.12,0,0.0,27.10310978,38.45230798
273.699,0,5002658709,0,0.0,KUCUK_TICARETHANE,35-04-K00277,KARSIYAKA,35,0,0,AKSOY,0,0,1,0,0.0,5.4,0,0,0.0,0,0.0,1,273.699,0,0.0,27.10585924,38.4535029
51.926,0,5002658748,0,0.0,KUCUK_TICARETHANE,35-04-K00288,KARSIYAKA,35,0,0,ALAYBEY,0,0,1,0,0.0,5.0,0,0,0.0,0,0.0,1,51.926,0,0.0,27.12425514,38.45965276
707.272,0,5002659073,0,0.0,KUCUK_TICARETHANE,35-04-K04757,KARSIYAKA,35,0,0,LATIFE HANIM,0,0,1,0,0.0,7.174,0,0,0.0,0,0.0,1,707.272,0,0.0,27.12374476,38.49973716
1075.411,0,5002659997,0,0.0,KUCUK_TICARETHANE,35-09-M02465,CIGLI,35,0,0,KUCUK CIGLI,0,0,3,2,383.168,10.893333333333333,0,0,0.0,0,0.0,1,692.243,0,0.0,27.04710285,38.50356802
211.018,0,5002660721,0,0.0,KUCUK_TICARETHANE,35-09-M02549,CIGLI,35,0,0,KUCUK CIGLI,0,0,1,0,0.0,7.9,0,0,0.0,0,0.0,1,211.018,0,0.0,27.04479129,38.50348097
26033.6,0,5002661661,0,0.0,ORTA_TICARETHANE,35-04-M01928,KARSIYAKA,35,0,0,MUSTAFA KEMAL,0,0,1,0,0.0,701.565,0,0,0.0,0,0.0,1,26033.6,0,0.0,27.09649104,38.49598323
0.002,0,5002661688,0,0.0,KUCUK_TICARETHANE,35-04-K01141,KARSIYAKA,35,0,0,CUMHURIYET,0,0,1,0,0.0,8.5,0,0,0.0,0,0.0,1,0.002,0,0.0,27.08719647,38.48458609
1972.911,0,5002663570,0,0.0,KUCUK_TICARETHANE,35-04-M01036,KARSIYAKA,35,0,0,BOSTANLI,0,0,1,0,0.0,8.5,0,0,0.0,0,0.0,1,1972.911,0,0.0,27.09427757,38.46416208
2398.011,0,5002664546,0,0.0,KUCUK_TICARETHANE,35-09-K04293,CIGLI,35,0,0,ESENTEPE,0,0,1,0,0.0,5.0,0,0,0.0,0,0.0,1,2398.011,0,0.0,27.05645847,38.50949676
104.494,0,5002664548,0,0.0,KUCUK_TICARETHANE,35-04-K01555,KARSIYAKA,35,0,0,TUNA,0,0,1,0,0.0,5.0,0,0,0.0,0,0.0,1,104.494,0,0.0,27.11966089,38.45545299
22025.26,0,5002668547,0,0.0,ORTA_TICARETHANE,35-04-K00288,KARSIYAKA,35,0,0,ALAYBEY,0,0,1,0,0.0,20.0,0,0,0.0,0,0.0,1,22025.26,0,0.0,27.12487596,38.46021373
111.595,0,5002669478,0,0.0,KUCUK_TICARETHANE,35-09-M00627,CIGLI,35,0,0,UGUR MUMCU,0,0,1,0,0.0,7.9,0,0,0.0,0,0.0,1,111.595,0,0.0,27.04258343,38.52310352
6186.336,0,5002670323,0,0.0,KUCUK_TICARETHANE,35-04-M01037,KARSIYAKA,35,0,0,BOSTANLI,0,0,1,0,0.0,8.5,0,0,0.0,0,0.0,1,6186.336,0,0.0,27.10142414,38.46228673
42451.81,0,5002670467,2,42451.81,AYDINLATMA,35-04-M03251,KARSIYAKA,35,0,0,BOSTANLI,0,0,0,0,0.0,5.5615000000000006,0,0,0.0,0,0.0,0,0.0,0,0.0,27.10551282,38.45737642
498.04,0,5002670664,0,0.0,KUCUK_TICARETHANE,35-09-K01873,CIGLI,35,0,0,GUZELTEPE,0,0,1,0,0.0,5.0,0,0,0.0,0,0.0,1,498.04,0,0.0,27.07147349,38.49792813
44745.89,0,5002671185,1,44745.89,AYDINLATMA,35-09-M03033,CIGLI,35,0,0,IZKENT,0,0,0,0,0.0,10.8,0,0,0.0,0,0.0,0,0.0,0,0.0,27.06248076,38.51019498
78678.93,0,5002671240,2,78678.93,AYDINLATMA,35-09-M03034,CIGLI,35,0,0,IZKENT,0,0,0,0,0.0,7.15,0,0,0.0,0,0.0,0,0.0,0,0.0,27.06502291,38.50888171
25523.63,0,5002671390,1,25523.63,AYDINLATMA,35-09-M03035,CIGLI,35,0,0,IZKENT,0,0,0,0,0.0,3.7,0,0,0.0,0,0.0,0,0.0,0,0.0,27.06485785,38.51327916
17448.78,0,5002671488,0,0.0,ORTA_TICARETHANE,35-09-M02533,CIGLI,35,0,0,BALATCIK,0,0,1,0,0.0,68.5,0,0,0.0,0,0.0,1,17448.78,0,0.0,27.04227393,38.50809181
3889.403,0,5002671803,0,0.0,KUCUK_TICARETHANE,35-09-K01936,CIGLI,35,0,0,KUCUK CIGLI,0,0,1,0,0.0,6.0,0,0,0.0,0,0.0,1,3889.403,0,0.0,27.05500181,38.50571553
336.573,0,5002672066,0,0.0,KUCUK_TICARETHANE,35-09-M00256,CIGLI,35,0,0,KAKLIC,0,0,1,0,0.0,5.3,0,0,0.0,0,0.0,1,336.573,0,0.0,26.98837594,38.50965139
65194.78,0,5002672236,1,65194.78,AYDINLATMA,35-09-M03038,CIGLI,35,0,0,EGEKENT,0,0,0,0,0.0,11.8,0,0,0.0,0,0.0,0,0.0,0,0.0,27.06667328,38.50477285
491.624,0,5002672576,1,491.624,AYDINLATMA,,KARSIYAKA,35,0,0,MUSTAFA KEMAL,0,0,0,0,0.0,0.3,0,0,0.0,0,0.0,0,0.0,0,0.0,27.09252,38.49658
13.838,0,5002672609,0,0.0,KUCUK_TICARETHANE,35-09-K03313,CIGLI,35,0,0,YENI MAHALLE,0,0,1,0,0.0,5.4,0,0,0.0,0,0.0,1,13.838,0,0.0,27.05603386,38.49443695
2673.994,0,5002672775,0,0.0,KUCUK_TICARETHANE,35-09-M02091,CIGLI,35,0,0,BALATCIK,0,0,1,0,0.0,7.5,0,0,0.0,0,0.0,1,2673.994,0,0.0,27.03836927,38.51545131
21532.51,0,5002672865,0,0.0,ORTA_TICARETHANE,35-04-K00294,KARSIYAKA,35,0,0,BAHARIYE,0,0,1,0,0.0,8.9,0,0,0.0,0,0.0,1,21532.51,0,0.0,27.1204881,38.46322104
1897.758,0,5002673881,0,0.0,KUCUK_TICARETHANE,35-04-K00907,KARSIYAKA,35,0,0,BAHCELIEVLER,0,0,1,0,0.0,8.5,0,0,0.0,0,0.0,1,1897.758,0,0.0,27.11670197,38.46538457
1638.012,0,5002674619,0,0.0,KUCUK_TICARETHANE,35-04-M01188,KARSIYAKA,35,0,0,DEDEBASI,0,0,1,0,0.0,7.9,0,0,0.0,0,0.0,1,1638.012,0,0.0,27.10229108,38.46839688
1116.748,0,5002674652,0,0.0,KUCUK_TICARETHANE,35-04-K01249,KARSIYAKA,35,0,0,BOSTANLI,0,0,1,0,0.0,8.5,0,0,0.0,0,0.0,1,1116.748,0,0.0,27.10210949,38.45531317
1113.288,0,5002677701,0,0.0,KUCUK_TICARETHANE,35-09-M00646,CIGLI,35,0,0,UGUR MUMCU,0,0,1,0,0.0,8.0,0,0,0.0,0,0.0,1,1113.288,0,0.0,27.04968301,38.52588469
1903.614,0,5002677724,0,0.0,KUCUK_TICARETHANE,35-04-M01150,KARSIYAKA,35,0,0,ORNEKKOY,0,0,1,0,0.0,8.5,0,0,0.0,0,0.0,1,1903.614,0,0.0,27.11245699,38.47936357
1017.683,0,5002678599,0,0.0,KUCUK_TICARETHANE,35-04-M01029,KARSIYAKA,35,0,0,ORNEKKOY,0,0,1,0,0.0,7.9,0,0,0.0,0,0.0,1,1017.683,0,0.0,27.1141253,38.4793821
839.852,0,5002679927,0,0.0,KUCUK_TICARETHANE,35-04-K00849,KARSIYAKA,35,0,0,BOSTANLI,0,0,1,0,0.0,8.3,0,0,0.0,0,0.0,1,839.852,0,0.0,27.0957693,38.45872802
3815.607,0,5002680881,0,0.0,ORTA_TICARETHANE,35-09-M01608,CIGLI,35,0,0,AYDINLIKEVLER,0,0,1,0,0.0,46.0,0,0,0.0,0,0.0,1,3815.607,0,0.0,27.07660492,38.48806921
1251.592,0,5002682089,0,0.0,KUCUK_TICARETHANE,35-09-M01995,CIGLI,35,0,0,ESENTEPE,0,0,1,0,0.0,7.9,0,0,0.0,0,0.0,1,1251.592,0,0.0,27.05710659,38.51103485
664.971,0,5002685250,0,0.0,KUCUK_TICARETHANE,35-09-M01145,CIGLI,35,0,0,KAKLIC,0,0,1,0,0.0,5.78,0,0,0.0,0,0.0,1,664.971,0,0.0,26.99258352,38.50330856
17279.32,0,5002685258,0,0.0,ORTA_TICARETHANE,35-09-M01383,CIGLI,35,0,0,BALATCIK,0,0,1,0,0.0,75.0,0,0,0.0,0,0.0,1,17279.32,0,0.0,27.03588135,38.51845438
26567.6,0,5002685289,0,0.0,ORTA_TICARETHANE,35-04-K02593,KARSIYAKA,35,0,0,MAVISEHIR,0,0,1,0,0.0,224.0,0,0,0.0,0,0.0,1,26567.6,0,0.0,27.072946,38.472778
258.104,0,5002685549,0,0.0,KUCUK_TICARETHANE,35-09-K03322,CIGLI,35,0,0,YENI MAHALLE,0,0,1,0,0.0,8.5,0,0,0.0,0,0.0,1,258.104,0,0.0,27.05270201,38.49649728
409.489,0,5002686066,0,0.0,KUCUK_TICARETHANE,35-04-K00037,KARSIYAKA,35,0,0,TERSANE,0,0,1,0,0.0,5.4,0,0,0.0,0,0.0,1,409.489,0,0.0,27.12733903,38.46272673
464.787,0,5002687095,0,0.0,KUCUK_TICARETHANE,35-04-K01285,KARSIYAKA,35,0,0,BAHCELIEVLER,0,0,1,0,0.0,8.5,0,0,0.0,0,0.0,1,464.787,0,0.0,27.12019791,38.46588146
1722.864,0,5002687149,0,0.0,KUCUK_TICARETHANE,35-09-M00647,CIGLI,35,0,0,UGUR MUMCU,0,0,1,0,0.0,7.9,0,0,0.0,0,0.0,1,1722.864,0,0.0,27.04270861,38.52462551
918.76,0,5002687368,0,0.0,KUCUK_TICARETHANE,35-04-K01141,KARSIYAKA,35,0,0,CUMHURIYET,0,0,1,0,0.0,5.0,0,0,0.0,0,0.0,1,918.76,0,0.0,27.08737975,38.48477566
702.438,0,5002687372,0,0.0,KUCUK_TICARETHANE,35-04-K01433,KARSIYAKA,35,0,0,GONCALAR,0,0,1,0,0.0,8.3,0,0,0.0,0,0.0,1,702.438,0,0.0,27.10714085,38.46687213
1065.834,0,5002689863,0,0.0,KUCUK_TICARETHANE,35-09-M00103,CIGLI,35,0,0,BALATCIK,0,0,1,0,0.0,8.5,0,0,0.0,0,0.0,1,1065.834,0,0.0,27.0403165,38.51733141
1310.208,0,5002689903,0,0.0,ORTA_TICARETHANE,35-09-M03689Ã–,CIGLI,35,0,0,SASALLI MERKEZ,0,0,1,0,0.0,100.0,0,0,0.0,0,0.0,1,1310.208,0,0.0,26.94631333,38.49893167
13417.691,0,5002690580,0,0.0,ORTA_TICARETHANE,35-04-K04402,KARSIYAKA,35,0,0,ZUBEYDE HANIM,0,0,2,0,0.0,164.672,0,0,0.0,0,0.0,2,13417.691,0,0.0,27.11227861,38.49102917
17243.922,0,5002690654,0,0.0,ORTA_TICARETHANE,35-09-M01979,CIGLI,35,0,0,EGEKENT,0,0,2,0,0.0,134.166,0,0,0.0,0,0.0,2,17243.922,0,0.0,27.06273528,38.50228562
3477.961,0,5002691586,1,3477.961,AYDINLATMA,,KARSIYAKA,35,0,0,MUSTAFA KEMAL,0,0,0,0,0.0,3.429,0,0,0.0,0,0.0,0,0.0,0,0.0,27.094082,38.498747
1335.789,0,5002691985,0,0.0,KUCUK_TICARETHANE,35-04-M01607,KARSIYAKA,35,0,0,DEDEBASI,0,0,1,0,0.0,5.4,0,0,0.0,0,0.0,1,1335.789,0,0.0,27.10209472,38.46568883
599.532,0,5002692030,0,0.0,KUCUK_TICARETHANE,35-09-K04314,CIGLI,35,0,0,KUCUK CIGLI,0,0,1,0,0.0,5.0,0,0,0.0,0,0.0,1,599.532,0,0.0,27.05498761,38.49791393
6900.374,0,5002692416,1,6900.374,AYDINLATMA,35-09-K01869,CIGLI,35,0,0,BALATCIK,0,0,0,0,0.0,5.9,0,0,0.0,0,0.0,0,0.0,0,0.0,27.061356,38.518032
2960.682,0,5002692424,1,2960.682,AYDINLATMA,35-09-M00258,CIGLI,35,0,0,SASALLI MERKEZ,0,0,0,0,0.0,1.05,0,0,0.0,0,0.0,0,0.0,0,0.0,26.94956686,38.49216215
3786.499,0,5002692427,1,3786.499,AYDINLATMA,35-09-K02522,CIGLI,35,0,0,ATASEHIR,0,0,0,0,0.0,1.2,0,0,0.0,0,0.0,0,0.0,0,0.0,27.05939843,38.48333923
783.66,0,5002692637,1,783.66,AYDINLATMA,,KARSIYAKA,35,0,0,MUSTAFA KEMAL,0,0,0,0,0.0,0.4,0,0,0.0,0,0.0,0,0.0,0,0.0,27.09247101,38.49340969
4169.04,0,5002693085,0,0.0,KUCUK_TICARETHANE,35-09-K04307,CIGLI,35,0,0,KOYICI,0,0,1,0,0.0,8.5,0,0,0.0,0,0.0,1,4169.04,0,0.0,27.06520291,38.49837919
695.058,0,5002693921,0,0.0,KUCUK_TICARETHANE,35-04-M02922,KARSIYAKA,35,0,0,IMBATLI,0,0,1,0,0.0,8.2,0,0,0.0,0,0.0,1,695.058,0,0.0,27.10957423,38.47745427
248.437,0,5002695608,0,0.0,KUCUK_TICARETHANE,35-09-M00396,CIGLI,35,0,0,BALATCIK,0,0,1,0,0.0,8.0,0,0,0.0,0,0.0,1,248.437,0,0.0,27.04007902,38.50876538
684.049,0,5002695610,0,0.0,KUCUK_TICARETHANE,35-09-M03090,CIGLI,35,0,0,YENI MAHALLE,0,0,1,0,0.0,5.0,0,0,0.0,0,0.0,1,684.049,0,0.0,27.05139553,38.4985872
434.89,0,5002696794,0,0.0,KUCUK_TICARETHANE,35-09-M00999,CIGLI,35,0,0,BALATCIK,0,0,1,0,0.0,6.26,0,0,0.0,0,0.0,1,434.89,0,0.0,27.04047045,38.51132152
4695.991,0,5002696868,0,0.0,KUCUK_TICARETHANE,35-09-K01869,CIGLI,35,0,0,BALATCIK,0,0,4,0,0.0,10.02,0,0,0.0,0,0.0,4,4695.991,0,0.0,27.04409174,38.50483101
1966.214,0,5002697361,0,0.0,KUCUK_TICARETHANE,35-04-K00681,KARSIYAKA,35,0,0,DONANMACI,0,0,1,0,0.0,5.4,0,0,0.0,0,0.0,1,1966.214,0,0.0,27.11477762,38.45158504
0.0,0,5002697552,0,0.0,KUCUK_TICARETHANE,35-04-K01183,KARSIYAKA,35,0,0,SANCAKLI,0,0,1,0,0.0,5.0,0,0,0.0,0,0.0,1,0.0,0,0.0,27.15455953,38.51701444
2180.329,0,5002701191,0,0.0,KUCUK_TICARETHANE,35-09-M00396,CIGLI,35,0,0,BALATCIK,0,0,1,0,0.0,8.0,0,0,0.0,0,0.0,1,2180.329,0,0.0,27.04130431,38.50846249
2077.513,0,5002704522,0,0.0,ORTA_TICARETHANE,35-04-K02875,KARSIYAKA,35,0,0,BAHCELIEVLER,0,0,1,0,0.0,22.0,0,0,0.0,0,0.0,1,2077.513,0,0.0,27.12233244,38.46764616
61.028,0,5002704888,0,0.0,ORTA_TICARETHANE,35-04-M01616,KARSIYAKA,35,0,0,BAHRIYE UCOK,0,0,1,0,0.0,22.0,0,0,0.0,0,0.0,1,61.028,0,0.0,27.10942189,38.46128133
7801.984,0,5002705514,0,0.0,ORTA_TICARETHANE,35-09-M02165,CIGLI,35,0,0,BALATCIK,0,0,1,0,0.0,75.0,0,0,0.0,0,0.0,1,7801.984,0,0.0,27.0432297,38.51579361
358.282,0,5002705517,0,0.0,KUCUK_TICARETHANE,35-09-K01875,CIGLI,35,0,0,SIRINTEPE,0,0,1,0,0.0,5.0,0,0,0.0,0,0.0,1,358.282,0,0.0,27.06634003,38.49311606
1273.394,0,5002706114,0,0.0,KUCUK_TICARETHANE,35-09-K03313,CIGLI,35,0,0,YENI MAHALLE,0,0,1,0,0.0,5.0,0,0,0.0,0,0.0,1,1273.394,0,0.0,27.05122576,38.49504152
9559482.0,0,5002706545,0,0.0,BUYUK_TICARETHANE,35-04-M01381Ã–,KARSIYAKA,35,0,0,IMBATLI,0,0,1,0,0.0,8000.0,0,0,0.0,0,0.0,1,9559482.0,0,0.0,27.11203322,38.47386117
3671.256,0,5002707159,1,3671.256,AYDINLATMA,,KARSIYAKA,35,0,0,YALI,0,0,0,0,0.0,7.1,0,0,0.0,0,0.0,0,0.0,0,0.0,27.07579723,38.47641738
1891.496,0,5002707160,1,1891.496,AYDINLATMA,,KARSIYAKA,35,0,0,ORNEKKOY,0,0,0,0,0.0,1.2,0,0,0.0,0,0.0,0,0.0,0,0.0,27.1126,38.4843633
2275.931,0,5002707163,1,2275.931,AYDINLATMA,35-09-K01936,CIGLI,35,0,0,CAGDAS,0,0,0,0,0.0,1.65,0,0,0.0,0,0.0,0,0.0,0,0.0,27.0553367,38.506665
2322.747,0,5002707191,1,2322.747,AYDINLATMA,35-09-M02091,CIGLI,35,0,0,BALATCIK,0,0,0,0,0.0,1.4,0,0,0.0,0,0.0,0,0.0,0,0.0,27.0394783,38.51298
3466.312,0,5002707192,1,3466.312,AYDINLATMA,35-09-M00210,CIGLI,35,0,0,HARMANDALI GAZI MUSTAFA KEMAL ATATURK,0,0,0,0,0.0,2.1,0,0,0.0,0,0.0,0,0.0,0,0.0,27.055495,38.5320033
2454.195,0,5002707195,1,2454.195,AYDINLATMA,35-09-K01938,CIGLI,35,0,0,EGEKENT,0,0,0,0,0.0,1.5,0,0,0.0,0,0.0,0,0.0,0,0.0,27.0625743,38.5046337
4026.061,0,5002707205,1,4026.061,AYDINLATMA,,KARSIYAKA,35,0,0,BAHCELIEVLER,0,0,0,0,0.0,2.5,0,0,0.0,0,0.0,0,0.0,0,0.0,27.1162817,38.4670083
2574.883,0,5002707207,1,2574.883,AYDINLATMA,,KARSIYAKA,35,0,0,YALI,0,0,0,0,0.0,3.92,0,0,0.0,0,0.0,0,0.0,0,0.0,27.078416,38.48090738
21164.18,0,5002707211,1,21164.18,AYDINLATMA,,KARSIYAKA,35,0,0,ATAKENT,0,0,0,0,0.0,12.15,0,0,0.0,0,0.0,0,0.0,0,0.0,27.08672,38.46231
7256.336,0,5002707214,1,7256.336,AYDINLATMA,35-09-K01320,CIGLI,35,0,0,AYDINLIKEVLER,0,0,0,0,0.0,5.8,0,0,0.0,0,0.0,0,0.0,0,0.0,27.0851275,38.4898793
16701.21,0,5002707216,1,16701.21,AYDINLATMA,35-09-K01006,CIGLI,35,0,0,AYDINLIKEVLER,0,0,0,0,0.0,9.1,0,0,0.0,0,0.0,0,0.0,0,0.0,27.081867,38.48861349
3726.002,0,5002707217,1,3726.002,AYDINLATMA,35-09-M00233,CIGLI,35,0,0,EVKA - 2,0,0,0,0,0.0,3.5,0,0,0.0,0,0.0,0,0.0,0,0.0,27.08864,38.49985
9104.84,0,5002707218,1,9104.84,AYDINLATMA,35-09-M01678,CIGLI,35,0,0,EVKA-5,0,0,0,0,0.0,12.5,0,0,0.0,0,0.0,0,0.0,0,0.0,27.0523855,38.5162302
2228.908,0,5002707220,1,2228.908,AYDINLATMA,35-09-K04169,CIGLI,35,0,0,ATASEHIR,0,0,0,0,0.0,2.7,0,0,0.0,0,0.0,0,0.0,0,0.0,27.047398,38.511128
4817.706,0,5002707224,1,4817.706,AYDINLATMA,35-09-K04169,CIGLI,35,0,0,ATASEHIR,0,0,0,0,0.0,3.4,0,0,0.0,0,0.0,0,0.0,0,0.0,27.05903,38.48678
763.739,0,5002711612,0,0.0,KUCUK_TICARETHANE,35-09-K03705,CIGLI,35,0,0,MALTEPE,0,0,1,0,0.0,5.4,0,0,0.0,0,0.0,1,763.739,0,0.0,27.07522374,38.49048811
1222.48,0,5002714650,0,0.0,ORTA_TICARETHANE,35-04-K03661,KARSIYAKA,35,0,0,MAVISEHIR,0,0,1,0,0.0,22.0,0,0,0.0,0,0.0,1,1222.48,0,0.0,27.07585758,38.47375663
286.086,0,5002715206,0,0.0,KUCUK_TICARETHANE,35-09-K04020,CIGLI,35,0,0,YENI MAHALLE,0,0,1,0,0.0,8.5,0,0,0.0,0,0.0,1,286.086,0,0.0,27.05793687,38.49501884
2461.381,0,5002715786,0,0.0,KUCUK_TICARETHANE,35-09-M01346,CIGLI,35,0,0,SASALLI MERKEZ,0,0,1,0,0.0,5.0,0,0,0.0,0,0.0,1,2461.381,0,0.0,26.95882022,38.50306862
819.399,0,5002715859,0,0.0,KUCUK_TICARETHANE,35-04-K03038,KARSIYAKA,35,0,0,DEDEBASI,0,0,1,0,0.0,5.4,0,0,0.0,0,0.0,1,819.399,0,0.0,27.10294534,38.46595358
4302.78,0,5002716653,0,0.0,ORTA_TICARETHANE,35-09-M01383,CIGLI,35,0,0,BALATCIK,0,0,1,0,0.0,55.0,0,0,0.0,0,0.0,1,4302.78,0,0.0,27.0346675,38.5202333
19534.41,0,5002716742,0,0.0,ORTA_TICARETHANE,35-09-K01869,CIGLI,35,0,0,BALATCIK,0,0,1,0,0.0,8.5,0,0,0.0,0,0.0,1,19534.41,0,0.0,27.04593097,38.5060457
170.193,0,5002717088,0,0.0,KUCUK_TICARETHANE,35-04-K04171,KARSIYAKA,35,0,0,ZUBEYDE HANIM,0,0,1,0,0.0,8.5,0,0,0.0,0,0.0,1,170.193,0,0.0,27.11445703,38.49717062
3221.439,0,5002717139,0,0.0,KUCUK_TICARETHANE,35-09-M03034,CIGLI,35,0,0,IZKENT,0,0,1,0,0.0,5.4,0,0,0.0,0,0.0,1,3221.439,0,0.0,27.06655716,38.50885008
1425.836,0,5002719141,0,0.0,KUCUK_TICARETHANE,35-04-K01695,KARSIYAKA,35,0,0,BOSTANLI,0,0,1,0,0.0,8.5,0,0,0.0,0,0.0,1,1425.836,0,0.0,27.09805893,38.46163503
13125.84,0,5002720984,0,0.0,ORTA_TICARETHANE,35-04-K05000Ã–,KARSIYAKA,35,0,0,SANCAKLI,0,0,1,0,0.0,400.0,0,0,0.0,0,0.0,1,13125.84,0,0.0,27.14522875,38.5018077
79.0,0,5002722724,0,0.0,KUCUK_TICARETHANE,35-04-K00427,KARSIYAKA,35,0,0,IMBATLI,0,0,1,0,0.0,5.4,0,0,0.0,0,0.0,1,79.0,0,0.0,27.10547533,38.47419432
761.523,0,5002723297,0,0.0,KUCUK_TICARETHANE,35-09-K03705,CIGLI,35,0,0,MALTEPE,0,0,1,0,0.0,8.5,0,0,0.0,0,0.0,1,761.523,0,0.0,27.0762016,38.4899425
205.887,0,5002723489,0,0.0,KUCUK_TICARETHANE,35-09-M02089,CIGLI,35,0,0,BALATCIK,0,0,1,0,0.0,8.632,0,0,0.0,0,0.0,1,205.887,0,0.0,27.04245461,38.50900294
847.095,0,5002724532,0,0.0,KUCUK_TICARETHANE,35-04-K04328,KARSIYAKA,35,0,0,SEMIKLER,0,0,1,0,0.0,8.5,0,0,0.0,0,0.0,1,847.095,0,0.0,27.09428861,38.47354813
90.924,0,5002724534,0,0.0,KUCUK_TICARETHANE,35-09-M02390,CIGLI,35,0,0,BALATCIK,0,0,1,0,0.0,7.9,0,0,0.0,0,0.0,1,90.924,0,0.0,27.04332722,38.50686807
387.111,0,5002724542,0,0.0,KUCUK_TICARETHANE,35-04-K02732,KARSIYAKA,35,0,0,NERGIZ,0,0,1,0,0.0,8.5,0,0,0.0,0,0.0,1,387.111,0,0.0,27.10415541,38.46280091
692.588,0,5002724549,0,0.0,KUCUK_TICARETHANE,35-09-M00347,CIGLI,35,0,0,SASALLI MERKEZ,0,0,1,0,0.0,5.4,0,0,0.0,0,0.0,1,692.588,0,0.0,26.94774303,38.49110827
1052.27,0,5002725244,0,0.0,KUCUK_TICARETHANE,35-04-K04756,KARSIYAKA,35,0,0,LATIFE HANIM,0,0,1,0,0.0,8.5,0,0,0.0,0,0.0,1,1052.27,0,0.0,27.12386862,38.49944675
600.621,0,5002725246,0,0.0,KUCUK_TICARETHANE,35-09-M02024,CIGLI,35,0,0,ESENTEPE,0,0,1,0,0.0,8.5,0,0,0.0,0,0.0,1,600.621,0,0.0,27.05926911,38.50921067
259.503,0,5002725269,0,0.0,KUCUK_TICARETHANE,35-04-M03260,KARSIYAKA,35,0,0,ORNEKKOY,0,0,1,0,0.0,8.5,0,0,0.0,0,0.0,1,259.503,0,0.0,27.11170806,38.48418209
22998.98,0,5002725275,0,0.0,ORTA_TICARETHANE,35-09-M01147,CIGLI,35,0,0,SASALLI MERKEZ,0,0,1,0,0.0,30.0,0,0,0.0,0,0.0,1,22998.98,0,0.0,26.95763707,38.49969656
1618.849,0,5002727971,0,0.0,KUCUK_TICARETHANE,35-04-K01316,KARSIYAKA,35,0,0,DONANMACI,0,0,1,0,0.0,5.0,0,0,0.0,0,0.0,1,1618.849,0,0.0,27.1177875,38.45419914
5799.683,0,5002728109,0,0.0,ORTA_TICARETHANE,35-04-K01664,KARSIYAKA,35,0,0,SEMIKLER,0,0,1,0,0.0,40.0,0,0,0.0,0,0.0,1,5799.683,0,0.0,27.08683081,38.48089859
617.938,0,5002728940,0,0.0,ORTA_TICARETHANE,35-09-M01302,CIGLI,35,0,0,SASALLI MERKEZ,0,0,1,0,0.0,48.0,0,0,0.0,0,0.0,1,617.938,0,0.0,26.96167372,38.50255193
690.722,0,5002728948,0,0.0,KUCUK_TICARETHANE,35-04-M02441,KARSIYAKA,35,0,0,SEMIKLER,0,0,1,0,0.0,8.5,0,0,0.0,0,0.0,1,690.722,0,0.0,27.09465014,38.47692941
4513.263,0,5002733589,0,0.0,KUCUK_TICARETHANE,35-09-M00347,CIGLI,35,0,0,SASALLI MERKEZ,0,0,1,0,0.0,5.3,0,0,0.0,0,0.0,1,4513.263,0,0.0,26.94364498,38.49413365
147.999,0,5002733650,0,0.0,KUCUK_TICARETHANE,35-04-K01483,KARSIYAKA,35,0,0,BOSTANLI,0,0,1,0,0.0,8.5,0,0,0.0,0,0.0,1,147.999,0,0.0,27.09508451,38.4622954
893.158,0,5002734899,0,0.0,KUCUK_TICARETHANE,35-04-K00885,KARSIYAKA,35,0,0,YALI,0,0,1,0,0.0,7.9,0,0,0.0,0,0.0,1,893.158,0,0.0,27.0910821,38.46650663
112384.4,0,5002735226,0,0.0,ORTA_TICARETHANE,35-09-K05001Ã–,CIGLI,35,0,0,ATASEHIR,0,0,1,0,0.0,1000.0,0,0,0.0,0,0.0,1,112384.4,0,0.0,27.07286432,38.48649665
1364.558,0,5002737818,0,0.0,KUCUK_TICARETHANE,35-09-M02390,CIGLI,35,0,0,BALATCIK,0,0,1,0,0.0,8.0,0,0,0.0,0,0.0,1,1364.558,0,0.0,27.04391606,38.50863161
1531.112,0,5002738877,0,0.0,KUCUK_TICARETHANE,35-04-M03251,KARSIYAKA,35,0,0,BOSTANLI,0,0,1,0,0.0,8.9,0,0,0.0,0,0.0,1,1531.112,0,0.0,27.10694871,38.45715852
563.032,0,5002738896,0,0.0,KUCUK_TICARETHANE,35-04-K00706,KARSIYAKA,35,0,0,NERGIZ,0,0,1,0,0.0,5.3,0,0,0.0,0,0.0,1,563.032,0,0.0,27.1066242,38.45981627
838.959,0,5002741958,0,0.0,KUCUK_TICARETHANE,35-09-K01867,CIGLI,35,0,0,KUCUK CIGLI,0,0,1,0,0.0,5.0,0,0,0.0,0,0.0,1,838.959,0,0.0,27.05332855,38.50333294
3413.085,0,5002741990,0,0.0,KUCUK_TICARETHANE,35-09-K03312,CIGLI,35,0,0,YENI MAHALLE,0,0,1,0,0.0,8.3,0,0,0.0,0,0.0,1,3413.085,0,0.0,27.05213173,38.49626689
12706.4,0,5002742033,0,0.0,ORTA_TICARETHANE,35-09-M01147,CIGLI,35,0,0,SASALLI MERKEZ,0,0,1,0,0.0,90.0,0,0,0.0,0,0.0,1,12706.4,0,0.0,26.95960459,38.49608958
592.811,0,5002742363,0,0.0,KUCUK_TICARETHANE,35-04-K04918,KARSIYAKA,35,0,0,CUMHURIYET,0,0,1,0,0.0,5.0,0,0,0.0,0,0.0,1,592.811,0,0.0,27.08736655,38.48421582
42.443,0,5002743508,0,0.0,KUCUK_TICARETHANE,35-09-M02464,CIGLI,35,0,0,YENI MAHALLE,0,0,1,0,0.0,7.9,0,0,0.0,0,0.0,1,42.443,0,0.0,27.04975402,38.49794584
1863.922,0,5002744434,1,1863.922,AYDINLATMA,35-04-K00661,KARSIYAKA,35,0,0,ATAKENT,0,0,0,0,0.0,0.9,0,0,0.0,0,0.0,0,0.0,0,0.0,27.0906536,38.4625631
3315.189,0,5002744437,1,3315.189,AYDINLATMA,,KARSIYAKA,35,0,0,BOSTANLI,0,0,0,0,0.0,1.3,0,0,0.0,0,0.0,0,0.0,0,0.0,27.09822781,38.46242103
1548.512,0,5002744446,1,1548.512,AYDINLATMA,,KARSIYAKA,35,0,0,YALI,0,0,0,0,0.0,0.6,0,0,0.0,0,0.0,0,0.0,0,0.0,27.0922913,38.4654872
5079.687,0,5002744451,1,5079.687,AYDINLATMA,,KARSIYAKA,35,0,0,BOSTANLI,0,0,0,0,0.0,1.4,0,0,0.0,0,0.0,0,0.0,0,0.0,27.10512504,38.45377007
3048.397,0,5002744452,1,3048.397,AYDINLATMA,,KARSIYAKA,35,0,0,ZUBEYDE HANIM,0,0,0,0,0.0,1.0,0,0,0.0,0,0.0,0,0.0,0,0.0,27.1090487,38.4896243
11531.77,0,5002744453,1,11531.77,AYDINLATMA,,KARSIYAKA,35,0,0,YALI,0,0,0,0,0.0,1.0,0,0,0.0,0,0.0,0,0.0,0,0.0,27.09551973,38.46768111
3249.094,0,5002744454,1,3249.094,AYDINLATMA,,KARSIYAKA,35,0,0,CUMHURIYET,0,0,0,0,0.0,1.5,0,0,0.0,0,0.0,0,0.0,0,0.0,27.0967548,38.4808441
1150.259,0,5002744469,1,1150.259,AYDINLATMA,,KARSIYAKA,35,0,0,BAHARIYE,0,0,0,0,0.0,0.4,0,0,0.0,0,0.0,0,0.0,0,0.0,27.1182701,38.461999
916.893,0,5002744470,1,916.893,AYDINLATMA,,KARSIYAKA,35,0,0,BAHCELIEVLER,0,0,0,0,0.0,0.3,0,0,0.0,0,0.0,0,0.0,0,0.0,27.1246456,38.4673525
819.603,0,5002744471,1,819.603,AYDINLATMA,,KARSIYAKA,35,0,0,YALI,0,0,0,0,0.0,0.2,0,0,0.0,0,0.0,0,0.0,0,0.0,27.0891724,38.4689592
1748.58,0,5002744473,1,1748.58,AYDINLATMA,,KARSIYAKA,35,0,0,CUMHURIYET,0,0,0,0,0.0,0.8,0,0,0.0,0,0.0,0,0.0,0,0.0,27.094551,38.4831334
4623.13,0,5002744474,1,4623.13,AYDINLATMA,,KARSIYAKA,35,0,0,YALI,0,0,0,0,0.0,1.4,0,0,0.0,0,0.0,0,0.0,0,0.0,27.0881941,38.471009
5519.729,0,5002744477,1,5519.729,AYDINLATMA,,KARSIYAKA,35,0,0,YALI,0,0,0,0,0.0,1.9,0,0,0.0,0,0.0,0,0.0,0,0.0,27.0914504,38.4716097
644.988,0,5002744479,1,644.988,AYDINLATMA,,KARSIYAKA,35,0,0,YALI,0,0,0,0,0.0,0.3,0,0,0.0,0,0.0,0,0.0,0,0.0,27.0931786,38.4704995
996.467,0,5002744480,1,996.467,AYDINLATMA,,KARSIYAKA,35,0,0,YALI,0,0,0,0,0.0,0.4,0,0,0.0,0,0.0,0,0.0,0,0.0,27.08815654,38.46970222
1951.941,0,5002744481,1,1951.941,AYDINLATMA,,KARSIYAKA,35,0,0,BAHRIYE UCOK,0,0,0,0,0.0,0.6,0,0,0.0,0,0.0,0,0.0,0,0.0,27.1113054,38.4618157
2668.973,0,5002744484,1,2668.973,AYDINLATMA,,KARSIYAKA,35,0,0,DEDEBASI,0,0,0,0,0.0,0.6,0,0,0.0,0,0.0,0,0.0,0,0.0,27.10997748,38.46884948
1518.55,0,5002744485,1,1518.55,AYDINLATMA,,KARSIYAKA,35,0,0,BAHRIYE UCOK,0,0,0,0,0.0,1.0,0,0,0.0,0,0.0,0,0.0,0,0.0,27.1133913,38.4635753
4706.219,0,5002744486,1,4706.219,AYDINLATMA,,KARSIYAKA,35,0,0,IMBATLI,0,0,0,0,0.0,1.0,0,0,0.0,0,0.0,0,0.0,0,0.0,27.1119962,38.4727563
1689.508,0,5002744487,1,1689.508,AYDINLATMA,,KARSIYAKA,35,0,0,IMBATLI,0,0,0,0,0.0,0.6,0,0,0.0,0,0.0,0,0.0,0,0.0,27.10456637,38.47633583
1542.313,0,5002744514,1,1542.313,AYDINLATMA,,KARSIYAKA,35,0,0,NERGIZ,0,0,0,0,0.0,0.6,0,0,0.0,0,0.0,0,0.0,0,0.0,27.10159543,38.46319787
1877.182,0,5002744515,1,1877.182,AYDINLATMA,,KARSIYAKA,35,0,0,YALI,0,0,0,0,0.0,0.9,0,0,0.0,0,0.0,0,0.0,0,0.0,27.08983014,38.47096819
1812.074,0,5002744516,1,1812.074,AYDINLATMA,,KARSIYAKA,35,0,0,GONCALAR,0,0,0,0,0.0,0.6,0,0,0.0,0,0.0,0,0.0,0,0.0,27.10801007,38.46658818
6368.745,0,5002744517,1,6368.745,AYDINLATMA,,KARSIYAKA,35,0,0,ORNEKKOY,0,0,0,0,0.0,2.5,0,0,0.0,0,0.0,0,0.0,0,0.0,27.11318341,38.48307568
2948.217,0,5002744518,1,2948.217,AYDINLATMA,,KARSIYAKA,35,0,0,IMBATLI,0,0,0,0,0.0,1.4,0,0,0.0,0,0.0,0,0.0,0,0.0,27.11259938,38.47477274
2284.508,0,5002744524,1,2284.508,AYDINLATMA,,KARSIYAKA,35,0,0,CUMHURIYET,0,0,0,0,0.0,0.6,0,0,0.0,0,0.0,0,0.0,0,0.0,27.09859096,38.48190641
3118.213,0,5002744526,1,3118.213,AYDINLATMA,,KARSIYAKA,35,0,0,BAHCELIEVLER,0,0,0,0,0.0,1.0,0,0,0.0,0,0.0,0,0.0,0,0.0,27.1162494,38.46634994
4019.588,0,5002744527,1,4019.588,AYDINLATMA,,KARSIYAKA,35,0,0,ALAYBEY,0,0,0,0,0.0,1.8,0,0,0.0,0,0.0,0,0.0,0,0.0,27.12368985,38.45834229
7517.76,0,5002744788,0,0.0,ORTA_TICARETHANE,35-04-K01664,KARSIYAKA,35,0,0,SEMIKLER,0,0,1,0,0.0,100.0,0,0,0.0,0,0.0,1,7517.76,0,0.0,27.08394033,38.48286376
100.906,0,5002746724,0,0.0,KUCUK_TICARETHANE,35-09-M00627,CIGLI,35,0,0,UGUR MUMCU,0,0,1,0,0.0,5.0,0,0,0.0,0,0.0,1,100.906,0,0.0,27.04357032,38.52339893
6714.01,0,5002751067,0,0.0,KUCUK_TICARETHANE,35-04-K04721,KARSIYAKA,35,0,0,MAVISEHIR,0,0,1,0,0.0,8.5,0,0,0.0,0,0.0,1,6714.01,0,0.0,27.08305594,38.47083826
565.2479999999999,0,5002751599,0,0.0,KUCUK_TICARETHANE,35-09-M00625,CIGLI,35,0,0,AHMET EFENDI,0,0,3,2,545.539,9.713333333333333,0,0,0.0,0,0.0,1,19.709,0,0.0,27.04074543,38.5205323
575.139,0,5002751894,0,0.0,KUCUK_TICARETHANE,35-09-M01531,CIGLI,35,0,0,CUMHURIYET,0,0,1,0,0.0,6.8,0,0,0.0,0,0.0,1,575.139,0,0.0,27.06429141,38.54387498
310.253,0,5002752072,0,0.0,KUCUK_TICARETHANE,35-04-K00018,KARSIYAKA,35,0,0,DONANMACI,0,0,1,0,0.0,5.4,0,0,0.0,0,0.0,1,310.253,0,0.0,27.11628575,38.45526063
4609.527,0,5002755425,0,0.0,KUCUK_TICARETHANE,35-04-K00215,KARSIYAKA,35,0,0,SEMIKLER,0,0,1,0,0.0,5.0,0,0,0.0,0,0.0,1,4609.527,0,0.0,27.08761959,38.47798006
77.936,0,5002757950,0,0.0,KUCUK_TICARETHANE,35-04-K03082,KARSIYAKA,35,0,0,LATIFE HANIM,0,0,1,0,0.0,5.0,0,0,0.0,0,0.0,1,77.936,0,0.0,27.11659925,38.49066519
28.776,0,5002758172,0,0.0,KUCUK_TICARETHANE,35-09-K02730,CIGLI,35,0,0,ATASEHIR,0,0,1,0,0.0,5.0,0,0,0.0,0,0.0,1,28.776,0,0.0,27.0602482,38.49120414
210.442,0,5002759197,0,0.0,KUCUK_TICARETHANE,35-04-K00017,KARSIYAKA,35,0,0,TUNA,0,0,1,0,0.0,8.5,0,0,0.0,0,0.0,1,210.442,0,0.0,27.12100541,38.45834339
4172.56,0,5002759301,0,0.0,KUCUK_TICARETHANE,35-04-K00681,KARSIYAKA,35,0,0,DONANMACI,0,0,1,0,0.0,5.4,0,0,0.0,0,0.0,1,4172.56,0,0.0,27.11668128,38.4531768
497.121,0,5002761182,0,0.0,KUCUK_TICARETHANE,35-04-K00885,KARSIYAKA,35,0,0,YALI,0,0,1,0,0.0,5.4,0,0,0.0,0,0.0,1,497.121,0,0.0,27.09115881,38.46655498
404.869,0,5002764064,0,0.0,KUCUK_TICARETHANE,35-04-M02326,KARSIYAKA,35,0,0,ORNEKKOY,0,0,1,0,0.0,5.0,0,0,0.0,0,0.0,1,404.869,0,0.0,27.11122209,38.47702166
19084.16,0,5002766293,1,19084.16,AYDINLATMA,35-09-M01383,CIGLI,35,0,0,BALATCIK,0,0,0,0,0.0,7.445,0,0,0.0,0,0.0,0,0.0,0,0.0,27.0356237,38.5185355
40.882,0,5002766526,0,0.0,KUCUK_TICARETHANE,35-09-K01875,CIGLI,35,0,0,SIRINTEPE,0,0,1,0,0.0,5.0,0,0,0.0,0,0.0,1,40.882,0,0.0,27.06733011,38.49314154
1000.822,0,5002766572,0,0.0,KUCUK_TICARETHANE,35-04-K04708,KARSIYAKA,35,0,0,SEMIKLER,0,0,1,0,0.0,5.0,0,0,0.0,0,0.0,1,1000.822,0,0.0,27.09410158,38.47474549
14656.32,0,5002767464,0,0.0,ORTA_TICARETHANE,35-04-K04709,KARSIYAKA,35,0,0,DEMIRKOPRU,0,0,1,0,0.0,91.06,0,0,0.0,0,0.0,1,14656.32,0,0.0,27.09899171,38.47076025
242.159,0,5002767993,0,0.0,KUCUK_TICARETHANE,35-04-K03038,KARSIYAKA,35,0,0,DEDEBASI,0,0,1,0,0.0,8.5,0,0,0.0,0,0.0,1,242.159,0,0.0,27.10288734,38.46560831
499.195,0,5002768284,0,0.0,KUCUK_TICARETHANE,35-09-M01950,CIGLI,35,0,0,MALTEPE,0,0,1,0,0.0,5.3,0,0,0.0,0,0.0,1,499.195,0,0.0,27.07159438,38.490834
1488.994,0,5002769413,0,0.0,KUCUK_TICARETHANE,35-04-K00282,KARSIYAKA,35,0,0,AKSOY,0,0,1,0,0.0,5.4,0,0,0.0,0,0.0,1,1488.994,0,0.0,27.11179931,38.45516756
778.724,0,5002769462,0,0.0,KUCUK_TICARETHANE,35-04-K00476,KARSIYAKA,35,0,0,BOSTANLI,0,0,1,0,0.0,8.5,0,0,0.0,0,0.0,1,778.724,0,0.0,27.09350403,38.45900231
502.485,0,5002769845,0,0.0,KUCUK_TICARETHANE,35-04-M01676,KARSIYAKA,35,0,0,SEMIKLER,0,0,1,0,0.0,5.5,0,0,0.0,0,0.0,1,502.485,0,0.0,27.08807328,38.48013709
663.067,0,5002770603,0,0.0,KUCUK_TICARETHANE,35-04-K02940,KARSIYAKA,35,0,0,SEMIKLER,0,0,1,0,0.0,8.5,0,0,0.0,0,0.0,1,663.067,0,0.0,27.09684908,38.47598105
160.763,0,5002770872,0,0.0,KUCUK_TICARETHANE,35-09-M02465,CIGLI,35,0,0,KUCUK CIGLI,0,0,1,0,0.0,6.0,0,0,0.0,0,0.0,1,160.763,0,0.0,27.04739353,38.5041583
576.277,0,5002770879,0,0.0,KUCUK_TICARETHANE,35-09-K02499,CIGLI,35,0,0,AYDINLIKEVLER,0,0,1,0,0.0,8.5,0,0,0.0,0,0.0,1,576.277,0,0.0,27.07895771,38.48892861
373.357,0,5002770932,0,0.0,KUCUK_TICARETHANE,35-04-K01449,KARSIYAKA,35,0,0,YALI,0,0,1,0,0.0,8.5,0,0,0.0,0,0.0,1,373.357,0,0.0,27.09164912,38.46855201
443.983,0,5002770969,0,0.0,KUCUK_TICARETHANE,35-04-K01051,KARSIYAKA,35,0,0,BAHRIYE UCOK,0,0,1,0,0.0,8.5,0,0,0.0,0,0.0,1,443.983,0,0.0,27.10953892,38.46391236
52.77,0,5002773459,0,0.0,KUCUK_TICARETHANE,35-04-K03385,KARSIYAKA,35,0,0,AKSOY,0,0,1,0,0.0,7.9,0,0,0.0,0,0.0,1,52.77,0,0.0,27.10888548,38.45053742
104.427,0,5002773836,0,0.0,KUCUK_TICARETHANE,35-09-M02464,CIGLI,35,0,0,YENI MAHALLE,0,0,1,0,0.0,5.0,0,0,0.0,0,0.0,1,104.427,0,0.0,27.04983971,38.49748759
9533.435,0,5002774405,1,9533.435,AYDINLATMA,35-09-M00257,CIGLI,35,0,0,SASALLI MERKEZ,0,0,0,0,0.0,15.0,0,0,0.0,0,0.0,0,0.0,0,0.0,26.9477215,38.4937587
5679.723,0,5002774406,1,5679.723,AYDINLATMA,35-09-M01308,CIGLI,35,0,0,AHMET EFENDI,0,0,0,0,0.0,5.4,0,0,0.0,0,0.0,0,0.0,0,0.0,27.03960485,38.52126545
4842.99,0,5002774428,1,4842.99,AYDINLATMA,,KARSIYAKA,35,0,0,BAHARIYE,0,0,0,0,0.0,1.1,0,0,0.0,0,0.0,0,0.0,0,0.0,27.11608627,38.4582155
17867.57,0,5002774429,1,17867.57,AYDINLATMA,,KARSIYAKA,35,0,0,BOSTANLI,0,0,0,0,0.0,17.0,0,0,0.0,0,0.0,0,0.0,0,0.0,27.1035355,38.45122154
820.618,0,5002774432,1,820.618,AYDINLATMA,,KARSIYAKA,35,0,0,TUNA,0,0,0,0,0.0,6.0,0,0,0.0,0,0.0,0,0.0,0,0.0,27.1242267,38.45597
817.694,0,5002774433,1,817.694,AYDINLATMA,,KARSIYAKA,35,0,0,TERSANE,0,0,0,0,0.0,0.8,0,0,0.0,0,0.0,0,0.0,0,0.0,27.12814,38.46373
1247.68,0,5002774434,1,1247.68,AYDINLATMA,,KARSIYAKA,35,0,0,BAHARIYE,0,0,0,0,0.0,1.7,0,0,0.0,0,0.0,0,0.0,0,0.0,27.11499943,38.45830507
7536.275,0,5002774436,1,7536.275,AYDINLATMA,,KARSIYAKA,35,0,0,BOSTANLI,0,0,0,0,0.0,15200.0,0,0,0.0,0,0.0,0,0.0,0,0.0,27.09720607,38.45545846
23211.95,0,5002774437,1,23211.95,AYDINLATMA,,KARSIYAKA,35,0,0,MAVISEHIR,0,0,0,0,0.0,20500.0,0,0,0.0,0,0.0,0,0.0,0,0.0,27.08147393,38.46573277
1654.604,0,5002774441,1,1654.604,AYDINLATMA,35-09-K01876,CIGLI,35,0,0,YENI MAHALLE,0,0,0,0,0.0,4.6,0,0,0.0,0,0.0,0,0.0,0,0.0,27.06096414,38.49417538
1165.764,0,5002774442,1,1165.764,AYDINLATMA,,KARSIYAKA,35,0,0,DEMIRKOPRU,0,0,0,0,0.0,2.9,0,0,0.0,0,0.0,0,0.0,0,0.0,27.10126393,38.47028662
365.039,0,5002774731,0,0.0,KUCUK_TICARETHANE,35-04-K00294,KARSIYAKA,35,0,0,BAHCELIEVLER,0,0,1,0,0.0,7.9,0,0,0.0,0,0.0,1,365.039,0,0.0,27.12257837,38.46318454
2803.409,0,5002774790,0,0.0,KUCUK_TICARETHANE,35-09-M00347,CIGLI,35,0,0,SASALLI MERKEZ,0,0,3,2,700.893,6.233333333333333,0,0,0.0,0,0.0,1,2102.516,0,0.0,26.94827503,38.49160232
2325.698,0,5002775883,0,0.0,KUCUK_TICARETHANE,35-09-M00258,CIGLI,35,0,0,SASALLI MERKEZ,0,0,1,0,0.0,8.56,0,0,0.0,0,0.0,1,2325.698,0,0.0,26.95126587,38.4923625
298.503,0,5002776483,0,0.0,KUCUK_TICARETHANE,35-04-K01756,KARSIYAKA,35,0,0,BAHCELIEVLER,0,0,1,0,0.0,5.3,0,0,0.0,0,0.0,1,298.503,0,0.0,27.12706092,38.46624182
15743.433,0,5002776894,0,0.0,ORTA_TICARETHANE,35-09-M00254,CIGLI,35,0,0,KAKLIC,0,0,3,0,0.0,7.086666666666666,0,0,0.0,0,0.0,3,15743.433,0,0.0,26.98811084,38.50519691
13160.005000000001,0,5002780447,2,13160.005000000001,AYDINLATMA,35-04-K00692,KARSIYAKA,35,0,0,BAHARIYE,0,0,0,0,0.0,1.654,0,0,0.0,0,0.0,0,0.0,0,0.0,27.11683575,38.45863472
434.581,0,5002780762,0,0.0,KUCUK_TICARETHANE,35-04-K03109,KARSIYAKA,35,0,0,ALAYBEY,0,0,1,0,0.0,5.0,0,0,0.0,0,0.0,1,434.581,0,0.0,27.12184709,38.45864127
119.591,0,5002781351,0,0.0,KUCUK_TICARETHANE,35-09-M00447,CIGLI,35,0,0,SASALLI MERKEZ,0,0,1,0,0.0,5.14,0,0,0.0,0,0.0,1,119.591,0,0.0,26.95173141,38.49858539
125.106,0,5002782512,0,0.0,KUCUK_TICARETHANE,35-04-K00427,KARSIYAKA,35,0,0,IMBATLI,0,0,1,0,0.0,5.36,0,0,0.0,0,0.0,1,125.106,0,0.0,27.10675811,38.4742083
468.526,0,5002783512,0,0.0,KUCUK_TICARETHANE,35-04-M01040,KARSIYAKA,35,0,0,GONCALAR,0,0,1,0,0.0,5.3,0,0,0.0,0,0.0,1,468.526,0,0.0,27.10809309,38.46253283
133.491,0,5002783590,0,0.0,KUCUK_TICARETHANE,35-04-M01184,KARSIYAKA,35,0,0,FIKRI ALTAY,0,0,1,0,0.0,8.5,0,0,0.0,0,0.0,1,133.491,0,0.0,27.10142217,38.47467044
20332.14,0,5002784249,0,0.0,ORTA_TICARETHANE,35-09-M01147,CIGLI,35,0,0,SASALLI MERKEZ,0,0,1,0,0.0,75.0,0,0,0.0,0,0.0,1,20332.14,0,0.0,26.96036538,38.49563519
233.51,0,5002788623,0,0.0,KUCUK_TICARETHANE,35-04-K03872,KARSIYAKA,35,0,0,SEMIKLER,0,0,1,0,0.0,5.5,0,0,0.0,0,0.0,1,233.51,0,0.0,27.08860259,38.48165001
473.744,0,5002788625,0,0.0,KUCUK_TICARETHANE,35-04-M01035,KARSIYAKA,35,0,0,ATAKENT,0,0,1,0,0.0,8.5,0,0,0.0,0,0.0,1,473.744,0,0.0,27.09175515,38.4646065
407.187,0,5002788766,0,0.0,KUCUK_TICARETHANE,35-04-M01442,KARSIYAKA,35,0,0,DEDEBASI,0,0,1,0,0.0,8.5,0,0,0.0,0,0.0,1,407.187,0,0.0,27.10454037,38.47132892
37727.8,0,5002789070,1,37727.8,AYDINLATMA,35-09-M01088,CIGLI,35,0,0,ATASEHIR,0,0,0,0,0.0,13.183,0,0,0.0,0,0.0,0,0.0,0,0.0,27.06662848,38.47740529
874.025,0,5002789164,0,0.0,ORTA_TICARETHANE,35-04-K00488,KARSIYAKA,35,0,0,BOSTANLI,0,0,1,0,0.0,60.0,0,0,0.0,0,0.0,1,874.025,0,0.0,27.10124458,38.45315879
1170.98,0,5002789283,0,0.0,KUCUK_TICARETHANE,35-04-K02732,KARSIYAKA,35,0,0,NERGIZ,0,0,1,0,0.0,5.0,0,0,0.0,0,0.0,1,1170.98,0,0.0,27.10222315,38.46354878
6102.95,0,5002789310,0,0.0,ORTA_TICARETHANE,35-04-K00707,KARSIYAKA,35,0,0,ATAKENT,0,0,1,0,0.0,60.0,0,0,0.0,0,0.0,1,6102.95,0,0.0,27.08822862,38.46423817
127026.084,0,5002790404,0,0.0,ORTA_TICARETHANE,35-04-K01555,KARSIYAKA,35,0,0,DONANMACI,0,0,6,4,11044.665,27.433333333333334,0,0,0.0,0,0.0,2,115981.419,0,0.0,27.1186777,38.45527297
114513.5,0,5002790853,0,0.0,ORTA_TICARETHANE,35-09-M03755Ã–,CIGLI,35,0,0,ATASEHIR,0,0,1,0,0.0,630.0,0,0,0.0,0,0.0,1,114513.5,0,0.0,27.0656091,38.4777607
77.486,0,5002792761,0,0.0,KUCUK_TICARETHANE,35-04-K00055,KARSIYAKA,35,0,0,BAHARIYE,0,0,1,0,0.0,5.3,0,0,0.0,0,0.0,1,77.486,0,0.0,27.11643197,38.46021101
8350.875,0,5002792767,0,0.0,ORTA_TICARETHANE,35-04-K00243,KARSIYAKA,35,0,0,CUMHURIYET,0,0,1,0,0.0,36.5,0,0,0.0,0,0.0,1,8350.875,0,0.0,27.09737097,38.48190482
12.033,0,5002793341,0,0.0,KUCUK_TICARETHANE,35-04-K01990,KARSIYAKA,35,0,0,TUNA,0,0,1,0,0.0,7.9,0,0,0.0,0,0.0,1,12.033,0,0.0,27.11994111,38.45551307
259.714,0,5002793550,0,0.0,KUCUK_TICARETHANE,35-09-M00347,CIGLI,35,0,0,SASALLI MERKEZ,0,0,1,0,0.0,5.0,0,0,0.0,0,0.0,1,259.714,0,0.0,26.9471599,38.4915559
508.118,0,5002794546,1,508.118,AYDINLATMA,,KARSIYAKA,35,0,0,FIKRI ALTAY,0,0,0,0,0.0,0.4,0,0,0.0,0,0.0,0,0.0,0,0.0,27.10287,38.47445
161.754,0,5002795207,0,0.0,KUCUK_TICARETHANE,35-04-M01041,KARSIYAKA,35,0,0,BAHCELIEVLER,0,0,1,0,0.0,5.0,0,0,0.0,0,0.0,1,161.754,0,0.0,27.11101991,38.46779469
17.253,0,5002795956,0,0.0,KUCUK_TICARETHANE,35-04-K03676,KARSIYAKA,35,0,0,BAHRIYE UCOK,0,0,1,0,0.0,6.6,0,0,0.0,0,0.0,1,17.253,0,0.0,27.11456574,38.46134103
37.467,0,5002797321,0,0.0,KUCUK_TICARETHANE,35-09-M01950,CIGLI,35,0,0,MALTEPE,0,0,1,0,0.0,8.5,0,0,0.0,0,0.0,1,37.467,0,0.0,27.07254458,38.48973199
123.602,0,5002800960,0,0.0,KUCUK_TICARETHANE,35-09-M00103,CIGLI,35,0,0,BALATCIK,0,0,1,0,0.0,8.5,0,0,0.0,0,0.0,1,123.602,0,0.0,27.03941185,38.51787392
483.025,0,5002801833,0,0.0,KUCUK_TICARETHANE,35-09-M01387,CIGLI,35,0,0,SASALLI MERKEZ,0,0,1,0,0.0,7.9,0,0,0.0,0,0.0,1,483.025,0,0.0,26.96240728,38.5068968
3483.327,0,5002801874,1,3483.327,AYDINLATMA,35-04-K00932,KARSIYAKA,35,0,0,BOSTANLI,0,0,0,0,0.0,6.12,0,0,0.0,0,0.0,0,0.0,0,0.0,27.10650569,38.45716905
135.313,0,5002803425,0,0.0,KUCUK_TICARETHANE,35-09-M02465,CIGLI,35,0,0,KUCUK CIGLI,0,0,1,0,0.0,8.5,0,0,0.0,0,0.0,1,135.313,0,0.0,27.04710081,38.50318888
434.0,0,5002805254,0,0.0,KUCUK_TICARETHANE,35-04-K01116,KARSIYAKA,35,0,0,ATAKENT,0,0,1,0,0.0,7.9,0,0,0.0,0,0.0,1,434.0,0,0.0,27.08982527,38.464478
104.432,0,5002807570,0,0.0,KUCUK_TICARETHANE,35-04-K01293,KARSIYAKA,35,0,0,DONANMACI,0,0,1,0,0.0,8.5,0,0,0.0,0,0.0,1,104.432,0,0.0,27.11223519,38.45442912
53.119,0,5002807592,0,0.0,KUCUK_TICARETHANE,35-04-K02676,KARSIYAKA,35,0,0,FIKRI ALTAY,0,0,1,0,0.0,8.5,0,0,0.0,0,0.0,1,53.119,0,0.0,27.10301547,38.47164448
200.016,0,5002809302,0,0.0,KUCUK_TICARETHANE,35-04-K03148,KARSIYAKA,35,0,0,DEMIRKOPRU,0,0,1,0,0.0,7.9,0,0,0.0,0,0.0,1,200.016,0,0.0,27.10129159,38.4677604
1064.454,0,5002813836,1,1064.454,AYDINLATMA,35-09-K04095,CIGLI,35,0,0,ATASEHIR,0,0,0,0,0.0,2.4,0,0,0.0,0,0.0,0,0.0,0,0.0,27.05929881,38.48245829
113.3,0,5002816679,0,0.0,KUCUK_TICARETHANE,35-04-K03224,KARSIYAKA,35,0,0,DONANMACI,0,0,1,0,0.0,7.9,0,0,0.0,0,0.0,1,113.3,0,0.0,27.11823113,38.45446279
13581.29,0,5002817741,1,13581.29,AYDINLATMA,35-09-K01953,CIGLI,35,0,0,EVKA - 2,0,0,0,0,0.0,1.2,0,0,0.0,0,0.0,0,0.0,0,0.0,27.08995017,38.50148151
121812.5,0,5002819718,0,0.0,ORTA_TICARETHANE,35-09-K02730,CIGLI,35,0,0,ATASEHIR,0,0,1,0,0.0,49.0,0,0,0.0,0,0.0,1,121812.5,0,0.0,27.06201741,38.49176436
2.243,0,5002825266,0,0.0,KUCUK_TICARETHANE,35-09-M00216,CIGLI,35,0,0,INONU,0,0,1,0,0.0,8.0,0,0,0.0,0,0.0,1,2.243,0,0.0,27.04820726,38.52640434
5436.968,0,5002827338,1,5436.968,AYDINLATMA,35-09-K04124,CIGLI,35,0,0,AYDINLIKEVLER,0,0,0,0,0.0,4.0,0,0,0.0,0,0.0,0,0.0,0,0.0,27.08229825,38.49056314
41552.4,0,5002827363,1,41552.4,AYDINLATMA,35-09-M01982,CIGLI,35,0,0,SIRINTEPE,0,0,0,0,0.0,14.19,0,0,0.0,0,0.0,0,0.0,0,0.0,27.07798847,38.49535347
4386.91,0,5002832523,0,0.0,KUCUK_TICARETHANE,35-09-M01387,CIGLI,35,0,0,KAKLIC,0,0,1,0,0.0,10.0,0,0,0.0,0,0.0,1,4386.91,0,0.0,26.96231611,38.50375377
54935.83,0,5002840409,0,0.0,ORTA_TICARETHANE,35-09-K01863,CIGLI,35,0,0,YENI MAHALLE,0,0,1,0,0.0,37.9,0,0,0.0,0,0.0,1,54935.83,0,0.0,27.05471557,38.49687212
319.499,0,5002843402,1,319.499,AYDINLATMA,35-04-M03507,KARSIYAKA,35,0,0,SEMIKLER,0,0,0,0,0.0,0.2,0,0,0.0,0,0.0,0,0.0,0,0.0,27.09711731,38.47248289
5090.73,0,5002852961,1,5090.73,AYDINLATMA,35-09-M04885,CIGLI,35,0,0,SASALLI MERKEZ,0,0,0,0,0.0,1.332,0,0,0.0,0,0.0,0,0.0,0,0.0,26.95538718,38.49734111
